method,pair_id,csd_similarity
ccstytr,00000,0.19913078844547272
ccstytr,00001,0.19180062413215637
ccstytr,00002,0.5015798807144165
ccstytr,00003,0.30155837535858154
ccstytr,00004,0.22523975372314453
ccstytr,00005,0.3252497911453247
ccstytr,00006,0.3315562605857849
ccstytr,00007,0.2587238550186157
ccstytr,00008,0.5333954095840454
ccstytr,00009,0.10358119010925293
ccstytr,00010,0.34952783584594727
ccstytr,00011,0.11458146572113037
ccstytr,00012,0.4558364450931549
ccstytr,00013,0.36463406682014465
ccstytr,00014,0.25753337144851685
ccstytr,00015,0.20114737749099731
ccstytr,00016,0.4628777503967285
ccstytr,00017,0.16947638988494873
ccstytr,00018,0.03531082719564438
ccstytr,00019,0.28059473633766174
ccstytr,00020,0.22459785640239716
ccstytr,00021,0.3231932818889618
ccstytr,00022,0.08078230917453766
ccstytr,00023,0.14632906019687653
ccstytr,00024,0.28241226077079773
ccstytr,00025,0.3018479347229004
ccstytr,00026,0.4932709336280823
ccstytr,00027,0.3728730082511902
ccstytr,00028,0.3776995539665222
ccstytr,00029,0.32877981662750244
ccstytr,00030,0.4251747131347656
ccstytr,00031,0.40055108070373535
ccstytr,00032,0.17788849771022797
ccstytr,00033,0.33826929330825806
ccstytr,00034,-0.037436991930007935
ccstytr,00035,0.21434639394283295
ccstytr,00036,0.17208969593048096
ccstytr,00037,0.2868775725364685
ccstytr,00038,0.3054446578025818
ccstytr,00039,0.1611184924840927
ccstytr,00040,0.2889910340309143
ccstytr,00041,0.14593949913978577
ccstytr,00042,0.1873520165681839
ccstytr,00043,0.23787179589271545
ccstytr,00044,0.25118589401245117
ccstytr,00045,0.05685460940003395
ccstytr,00046,0.2104944884777069
ccstytr,00047,0.31474030017852783
ccstytr,00048,0.4757900536060333
ccstytr,00049,0.0742437019944191
ccstytr,00050,0.45588794350624084
ccstytr,00051,0.4178958833217621
ccstytr,00052,0.4472859501838684
ccstytr,00053,0.3359806537628174
ccstytr,00054,0.6189429759979248
ccstytr,00055,0.07052289694547653
ccstytr,00056,0.3179630637168884
ccstytr,00057,0.7002369165420532
ccstytr,00058,0.28422999382019043
ccstytr,00059,0.33736109733581543
ccstytr,00060,0.18017500638961792
ccstytr,00061,0.4107514023780823
ccstytr,00062,0.47653305530548096
ccstytr,00063,0.11898228526115417
ccstytr,00064,0.11756200343370438
ccstytr,00065,0.15986083447933197
ccstytr,00066,0.1378440260887146
ccstytr,00067,0.5178502798080444
ccstytr,00068,0.5541410446166992
ccstytr,00069,0.4425429105758667
ccstytr,00070,0.29816678166389465
ccstytr,00071,0.23270288109779358
ccstytr,00072,0.1882145255804062
ccstytr,00073,0.2156687080860138
ccstytr,00074,0.06444062292575836
ccstytr,00075,0.1657063066959381
ccstytr,00076,0.31620538234710693
ccstytr,00077,0.5769213438034058
ccstytr,00078,0.10824491083621979
ccstytr,00079,0.1706051528453827
ccstytr,00080,0.43029534816741943
ccstytr,00081,0.3965330719947815
ccstytr,00082,0.17693495750427246
ccstytr,00083,0.17251551151275635
ccstytr,00084,0.5918896198272705
ccstytr,00085,0.4092714190483093
ccstytr,00086,0.24133940041065216
ccstytr,00087,0.3099328577518463
ccstytr,00088,0.2529238164424896
ccstytr,00089,0.2493276298046112
ccstytr,00090,0.7114181518554688
ccstytr,00091,0.23498621582984924
ccstytr,00092,0.2731751799583435
ccstytr,00093,0.37699663639068604
ccstytr,00094,0.13653607666492462
ccstytr,00095,0.2640538215637207
ccstytr,00096,0.40272730588912964
ccstytr,00097,0.21068301796913147
ccstytr,00098,0.18999838829040527
ccstytr,00099,0.3184354305267334
ccstytr,00100,0.3831072449684143
ccstytr,00101,0.30290842056274414
ccstytr,00102,0.25926607847213745
ccstytr,00103,0.3401985168457031
ccstytr,00104,0.3178454339504242
ccstytr,00105,0.26087483763694763
ccstytr,00106,0.22204932570457458
ccstytr,00107,0.07277767360210419
ccstytr,00108,-0.004802300129085779
ccstytr,00109,0.14047187566757202
ccstytr,00110,0.4450172185897827
ccstytr,00111,0.06773325800895691
ccstytr,00112,0.1537371724843979
ccstytr,00113,0.13960713148117065
ccstytr,00114,0.3666597008705139
ccstytr,00115,0.1767926663160324
ccstytr,00116,0.2860174775123596
ccstytr,00117,0.2545531988143921
ccstytr,00118,0.2724880576133728
ccstytr,00119,0.310251921415329
ccstytr,00120,0.45545443892478943
ccstytr,00121,0.3194032907485962
ccstytr,00122,0.5964820384979248
ccstytr,00123,0.2062649428844452
ccstytr,00124,0.3516730070114136
ccstytr,00125,0.036032482981681824
ccstytr,00126,0.30207502841949463
ccstytr,00127,0.36089658737182617
ccstytr,00128,0.22633744776248932
ccstytr,00129,0.33477601408958435
ccstytr,00130,0.26254451274871826
ccstytr,00131,0.40173059701919556
ccstytr,00132,0.18060216307640076
ccstytr,00133,0.17476782202720642
ccstytr,00134,0.2360459417104721
ccstytr,00135,0.3940590023994446
ccstytr,00136,0.21764162182807922
ccstytr,00137,0.1740197241306305
ccstytr,00138,0.3735544681549072
ccstytr,00139,0.38538026809692383
ccstytr,00140,0.2652395963668823
ccstytr,00141,0.3501496911048889
ccstytr,00142,0.13271068036556244
ccstytr,00143,0.17607776820659637
ccstytr,00144,0.09897218644618988
ccstytr,00145,0.4064590632915497
ccstytr,00146,0.2541881501674652
ccstytr,00147,0.497567355632782
ccstytr,00148,0.25643330812454224
ccstytr,00149,0.23052054643630981
ccstytr,00150,0.27490222454071045
ccstytr,00151,0.2309337705373764
ccstytr,00152,0.29365307092666626
ccstytr,00153,0.128086656332016
ccstytr,00154,0.3978080153465271
ccstytr,00155,0.18050435185432434
ccstytr,00156,0.3316161036491394
ccstytr,00157,0.42336541414260864
ccstytr,00158,0.17860481142997742
ccstytr,00159,0.20761965215206146
ccstytr,00160,0.24633127450942993
ccstytr,00161,0.24365365505218506
ccstytr,00162,0.40951669216156006
ccstytr,00163,0.38755255937576294
ccstytr,00164,0.139029860496521
ccstytr,00165,0.2624995708465576
ccstytr,00166,0.2787628471851349
ccstytr,00167,0.19057929515838623
ccstytr,00168,0.3766751289367676
ccstytr,00169,0.25227493047714233
ccstytr,00170,0.3657175898551941
ccstytr,00171,0.5034308433532715
ccstytr,00172,0.12499473989009857
ccstytr,00173,0.28192657232284546
ccstytr,00174,0.4335567355155945
ccstytr,00175,0.24437148869037628
ccstytr,00176,0.39881712198257446
ccstytr,00177,0.3986477851867676
ccstytr,00178,0.31546708941459656
ccstytr,00179,0.29594293236732483
ccstytr,00180,0.5476563572883606
ccstytr,00181,0.2709600627422333
ccstytr,00182,0.3124455213546753
ccstytr,00183,0.44252967834472656
ccstytr,00184,0.3844788372516632
ccstytr,00185,0.3267611265182495
ccstytr,00186,0.3132215142250061
ccstytr,00187,0.5409191846847534
ccstytr,00188,0.12396290898323059
ccstytr,00189,0.35636240243911743
ccstytr,00190,0.46970850229263306
ccstytr,00191,0.44709765911102295
ccstytr,00192,0.3891105651855469
ccstytr,00193,0.09810087084770203
ccstytr,00194,0.49942153692245483
ccstytr,00195,0.20678943395614624
ccstytr,00196,0.26616591215133667
ccstytr,00197,0.41844916343688965
ccstytr,00198,0.27886390686035156
ccstytr,00199,0.3757160007953644
ccstytr,00200,0.2039867341518402
ccstytr,00201,0.3916780650615692
ccstytr,00202,0.5269061326980591
ccstytr,00203,0.34038394689559937
ccstytr,00204,0.42257410287857056
ccstytr,00205,0.16014999151229858
ccstytr,00206,0.26674574613571167
ccstytr,00207,0.4003348648548126
ccstytr,00208,0.31234580278396606
ccstytr,00209,0.21495544910430908
ccstytr,00210,0.22458335757255554
ccstytr,00211,0.4237176477909088
ccstytr,00212,0.3764774799346924
ccstytr,00213,0.32622677087783813
ccstytr,00214,0.2795518636703491
ccstytr,00215,0.36633598804473877
ccstytr,00216,0.29177719354629517
ccstytr,00217,0.25289738178253174
ccstytr,00218,0.2610170245170593
ccstytr,00219,0.37522369623184204
ccstytr,00220,0.5749037265777588
ccstytr,00221,0.22695200145244598
ccstytr,00222,0.11271832883358002
ccstytr,00223,0.4486430883407593
ccstytr,00224,0.23093734681606293
ccstytr,00225,0.3242432475090027
ccstytr,00226,0.09345009922981262
ccstytr,00227,0.3691157102584839
ccstytr,00228,0.1364448368549347
ccstytr,00229,0.31004762649536133
ccstytr,00230,0.4356560707092285
ccstytr,00231,0.1904715746641159
ccstytr,00232,0.3569498360157013
ccstytr,00233,0.3208281099796295
ccstytr,00234,0.2380802184343338
ccstytr,00235,0.12740692496299744
ccstytr,00236,0.5455052852630615
ccstytr,00237,0.1536419689655304
ccstytr,00238,0.17018957436084747
ccstytr,00239,0.20051616430282593
ccstytr,00240,0.3053933382034302
ccstytr,00241,0.17291495203971863
ccstytr,00242,0.3028179407119751
ccstytr,00243,0.31038764119148254
ccstytr,00244,0.2516733407974243
ccstytr,00245,0.32578736543655396
ccstytr,00246,0.3171718418598175
ccstytr,00247,0.3011571764945984
ccstytr,00248,0.1624956727027893
ccstytr,00249,0.22275491058826447
ccstytr,00250,0.1480884850025177
ccstytr,00251,0.19506961107254028
ccstytr,00252,0.09664423018693924
ccstytr,00253,0.23098275065422058
ccstytr,00254,0.36873966455459595
ccstytr,00255,0.312395840883255
ccstytr,00256,0.23521897196769714
ccstytr,00257,0.34864288568496704
ccstytr,00258,0.5467624664306641
ccstytr,00259,0.2677863836288452
ccstytr,00260,0.5440115928649902
ccstytr,00261,0.36532062292099
ccstytr,00262,0.1952010840177536
ccstytr,00263,0.4338807463645935
ccstytr,00264,0.5518648624420166
ccstytr,00265,0.4051246643066406
ccstytr,00266,0.18936648964881897
ccstytr,00267,0.47118479013442993
ccstytr,00268,0.11251264810562134
ccstytr,00269,0.25806760787963867
ccstytr,00270,0.135568305850029
ccstytr,00271,0.24816961586475372
ccstytr,00272,0.28241074085235596
ccstytr,00273,0.21889108419418335
ccstytr,00274,0.3534342646598816
ccstytr,00275,0.3897358477115631
ccstytr,00276,0.21978020668029785
ccstytr,00277,0.35509413480758667
ccstytr,00278,0.37200093269348145
ccstytr,00279,0.4324629604816437
ccstytr,00280,0.32106056809425354
ccstytr,00281,0.11559856683015823
ccstytr,00282,0.23166951537132263
ccstytr,00283,0.2107587307691574
ccstytr,00284,0.2510523498058319
ccstytr,00285,0.18550604581832886
ccstytr,00286,0.1591646820306778
ccstytr,00287,0.28642183542251587
ccstytr,00288,0.2273370921611786
ccstytr,00289,0.3225637674331665
ccstytr,00290,0.4303755760192871
ccstytr,00291,0.22508028149604797
ccstytr,00292,0.5958420038223267
ccstytr,00293,0.4218902587890625
ccstytr,00294,0.3610750734806061
ccstytr,00295,0.17181694507598877
ccstytr,00296,0.3235016465187073
ccstytr,00297,0.32180237770080566
ccstytr,00298,0.24673879146575928
ccstytr,00299,0.17338493466377258
ccstytr,00300,0.24487148225307465
ccstytr,00301,0.5427035093307495
ccstytr,00302,0.22558358311653137
ccstytr,00303,0.18657901883125305
ccstytr,00304,0.12562595307826996
ccstytr,00305,0.19176506996154785
ccstytr,00306,0.47463545203208923
ccstytr,00307,0.361552894115448
ccstytr,00308,0.13353043794631958
ccstytr,00309,0.534878671169281
ccstytr,00310,0.18902376294136047
ccstytr,00311,0.17102578282356262
ccstytr,00312,0.27138733863830566
ccstytr,00313,0.28803524374961853
ccstytr,00314,0.2133234739303589
ccstytr,00315,0.32654333114624023
ccstytr,00316,0.13254693150520325
ccstytr,00317,0.08597604185342789
ccstytr,00318,0.16172434389591217
ccstytr,00319,0.33189570903778076
ccstytr,00320,0.2736673355102539
ccstytr,00321,0.432204008102417
ccstytr,00322,0.32319626212120056
ccstytr,00323,0.2827482521533966
ccstytr,00324,0.08379961550235748
ccstytr,00325,0.10291904956102371
ccstytr,00326,0.27026283740997314
ccstytr,00327,0.38143670558929443
ccstytr,00328,0.3337222933769226
ccstytr,00329,0.42399030923843384
ccstytr,00330,0.2890626788139343
ccstytr,00331,0.285127729177475
ccstytr,00332,0.03366260975599289
ccstytr,00333,0.2135528028011322
ccstytr,00334,0.19999441504478455
ccstytr,00335,0.30266326665878296
ccstytr,00336,0.34940457344055176
ccstytr,00337,0.49304789304733276
ccstytr,00338,0.09518898278474808
ccstytr,00339,0.1540001928806305
ccstytr,00340,0.21550002694129944
ccstytr,00341,0.37696361541748047
ccstytr,00342,0.408683717250824
ccstytr,00343,0.270969420671463
ccstytr,00344,0.42711442708969116
ccstytr,00345,0.37318506836891174
ccstytr,00346,0.0705450177192688
ccstytr,00347,0.25087228417396545
ccstytr,00348,0.26576143503189087
ccstytr,00349,0.2248443365097046
ccstytr,00350,0.1976730227470398
ccstytr,00351,0.3994379937648773
ccstytr,00352,0.25255122780799866
ccstytr,00353,0.4561477303504944
ccstytr,00354,0.2803869843482971
ccstytr,00355,0.42756131291389465
ccstytr,00356,0.5222662091255188
ccstytr,00357,0.15463197231292725
ccstytr,00358,0.1986766755580902
ccstytr,00359,0.25901728868484497
ccstytr,00360,0.35500481724739075
ccstytr,00361,0.42659375071525574
ccstytr,00362,0.26317042112350464
ccstytr,00363,0.3294968008995056
ccstytr,00364,0.5483150482177734
ccstytr,00365,0.4349028468132019
ccstytr,00366,0.36157459020614624
ccstytr,00367,0.23036950826644897
ccstytr,00368,0.08270081877708435
ccstytr,00369,0.2821640372276306
ccstytr,00370,0.2067251205444336
ccstytr,00371,0.17901523411273956
ccstytr,00372,0.34365078806877136
ccstytr,00373,0.05142403393983841
ccstytr,00374,0.441893607378006
ccstytr,00375,0.3156871199607849
ccstytr,00376,0.40398353338241577
ccstytr,00377,0.2201906144618988
ccstytr,00378,0.3420031666755676
ccstytr,00379,0.2782575488090515
ccstytr,00380,0.1850995123386383
ccstytr,00381,0.1069653332233429
ccstytr,00382,0.33840981125831604
ccstytr,00383,0.48650604486465454
ccstytr,00384,0.11431615054607391
ccstytr,00385,0.36072176694869995
ccstytr,00386,0.44886553287506104
ccstytr,00387,0.3079809546470642
ccstytr,00388,0.46307826042175293
ccstytr,00389,0.3048321604728699
ccstytr,00390,0.30090051889419556
ccstytr,00391,0.2460387647151947
ccstytr,00392,0.28798621892929077
ccstytr,00393,0.2815714478492737
ccstytr,00394,0.5139838457107544
ccstytr,00395,0.3757070302963257
ccstytr,00396,0.24158644676208496
ccstytr,00397,0.3920111656188965
ccstytr,00398,0.2665349841117859
ccstytr,00399,0.2713572382926941
ccstytr,00400,0.2715379595756531
ccstytr,00401,0.22770249843597412
ccstytr,00402,0.23970218002796173
ccstytr,00403,0.42065486311912537
ccstytr,00404,0.5064380168914795
ccstytr,00405,0.33637720346450806
ccstytr,00406,0.32195281982421875
ccstytr,00407,0.16230586171150208
ccstytr,00408,0.5721406936645508
ccstytr,00409,0.6525357961654663
ccstytr,00410,0.19324460625648499
ccstytr,00411,-0.06286992132663727
ccstytr,00412,0.37632837891578674
ccstytr,00413,0.38294684886932373
ccstytr,00414,0.23993989825248718
ccstytr,00415,0.2743328809738159
ccstytr,00416,0.4718625843524933
ccstytr,00417,0.4599519670009613
ccstytr,00418,0.23264530301094055
ccstytr,00419,0.313333123922348
ccstytr,00420,0.23877060413360596
ccstytr,00421,0.21045109629631042
ccstytr,00422,0.3012681007385254
ccstytr,00423,0.35844916105270386
ccstytr,00424,0.5066525936126709
ccstytr,00425,0.18540005385875702
ccstytr,00426,0.2270309031009674
ccstytr,00427,0.3249310851097107
ccstytr,00428,0.4338383674621582
ccstytr,00429,0.3754061460494995
ccstytr,00430,0.27609729766845703
ccstytr,00431,0.4214024245738983
ccstytr,00432,0.37728577852249146
ccstytr,00433,0.3169195055961609
ccstytr,00434,0.17614728212356567
ccstytr,00435,0.30045175552368164
ccstytr,00436,0.2033805549144745
ccstytr,00437,0.2762448787689209
ccstytr,00438,0.14354968070983887
ccstytr,00439,0.16361062228679657
ccstytr,00440,0.15066471695899963
ccstytr,00441,0.29908639192581177
ccstytr,00442,0.4300345182418823
ccstytr,00443,0.5812193155288696
ccstytr,00444,0.32122302055358887
ccstytr,00445,0.6066807508468628
ccstytr,00446,0.33710530400276184
ccstytr,00447,0.3376215994358063
ccstytr,00448,0.27401626110076904
ccstytr,00449,0.42574435472488403
ccstytr,00450,0.04551176726818085
ccstytr,00451,0.25198912620544434
ccstytr,00452,0.27450084686279297
ccstytr,00453,0.21652421355247498
ccstytr,00454,0.49652695655822754
ccstytr,00455,0.16862232983112335
ccstytr,00456,0.23142853379249573
ccstytr,00457,0.30089071393013
ccstytr,00458,0.2696016728878021
ccstytr,00459,0.2676461338996887
ccstytr,00460,0.1897171288728714
ccstytr,00461,0.24978022277355194
ccstytr,00462,0.3725786805152893
ccstytr,00463,0.3535589575767517
ccstytr,00464,0.37763893604278564
ccstytr,00465,0.27635127305984497
ccstytr,00466,0.15902018547058105
ccstytr,00467,0.4980586767196655
ccstytr,00468,-0.015481946989893913
ccstytr,00469,0.3331126570701599
ccstytr,00470,0.2512813210487366
ccstytr,00471,0.2509240508079529
ccstytr,00472,0.053179264068603516
ccstytr,00473,0.04152219742536545
ccstytr,00474,0.19145937263965607
ccstytr,00475,0.09046085923910141
ccstytr,00476,0.42274418473243713
ccstytr,00477,0.15605835616588593
ccstytr,00478,0.39518898725509644
ccstytr,00479,0.24246159195899963
ccstytr,00480,0.1888364553451538
ccstytr,00481,0.15220651030540466
ccstytr,00482,0.29311251640319824
ccstytr,00483,0.4077271819114685
ccstytr,00484,0.5837497711181641
ccstytr,00485,0.3640078008174896
ccstytr,00486,0.26296040415763855
ccstytr,00487,0.04210095852613449
ccstytr,00488,0.09279429167509079
ccstytr,00489,0.537155032157898
ccstytr,00490,0.12188227474689484
ccstytr,00491,0.1783224195241928
ccstytr,00492,0.5685667991638184
ccstytr,00493,0.5038245916366577
ccstytr,00494,0.3510361909866333
ccstytr,00495,0.3614010214805603
ccstytr,00496,0.46680063009262085
ccstytr,00497,0.12573477625846863
ccstytr,00498,0.1382598727941513
ccstytr,00499,0.36070799827575684
ccstytr,00500,0.20489402115345
ccstytr,00501,0.3419344127178192
ccstytr,00502,0.19760258495807648
ccstytr,00503,0.41948115825653076
ccstytr,00504,0.5104934573173523
ccstytr,00505,0.1764768660068512
ccstytr,00506,0.36017459630966187
ccstytr,00507,0.18370331823825836
ccstytr,00508,0.3129717707633972
ccstytr,00509,0.27204564213752747
ccstytr,00510,0.38585418462753296
ccstytr,00511,0.17182165384292603
ccstytr,00512,0.25352978706359863
ccstytr,00513,0.2889578938484192
ccstytr,00514,0.14971649646759033
ccstytr,00515,0.22315365076065063
ccstytr,00516,0.17226479947566986
ccstytr,00517,0.17040392756462097
ccstytr,00518,0.3891046643257141
ccstytr,00519,0.19247663021087646
ccstytr,00520,0.2148561179637909
ccstytr,00521,0.14673849940299988
ccstytr,00522,0.3387766182422638
ccstytr,00523,0.07002249360084534
ccstytr,00524,0.26680788397789
ccstytr,00525,0.5152488946914673
ccstytr,00526,0.18544772267341614
ccstytr,00527,0.46554914116859436
ccstytr,00528,0.44053369760513306
ccstytr,00529,0.3330967426300049
ccstytr,00530,0.21992260217666626
ccstytr,00531,0.21097958087921143
ccstytr,00532,0.10146666318178177
ccstytr,00533,0.3605877757072449
ccstytr,00534,0.1631527543067932
ccstytr,00535,0.14470899105072021
ccstytr,00536,0.1978643536567688
ccstytr,00537,0.3455014228820801
ccstytr,00538,0.13825111091136932
ccstytr,00539,0.09699344635009766
ccstytr,00540,0.3703906536102295
ccstytr,00541,0.5075956583023071
ccstytr,00542,0.3036051094532013
ccstytr,00543,0.5569814443588257
ccstytr,00544,0.2513519823551178
ccstytr,00545,0.16945436596870422
ccstytr,00546,0.3905593752861023
ccstytr,00547,0.27942460775375366
ccstytr,00548,0.36163756251335144
ccstytr,00549,0.3720281720161438
ccstytr,00550,0.4259961247444153
ccstytr,00551,0.12890625
ccstytr,00552,0.31528544425964355
ccstytr,00553,0.6482484340667725
ccstytr,00554,0.28684329986572266
ccstytr,00555,0.5524282455444336
ccstytr,00556,0.30472224950790405
ccstytr,00557,0.19312752783298492
ccstytr,00558,0.23660698533058167
ccstytr,00559,0.2575165629386902
ccstytr,00560,0.2419058382511139
ccstytr,00561,0.4901563823223114
ccstytr,00562,0.12247656285762787
ccstytr,00563,0.13382409512996674
ccstytr,00564,0.10446004569530487
ccstytr,00565,0.35266149044036865
ccstytr,00566,0.4679250121116638
ccstytr,00567,0.14902999997138977
ccstytr,00568,0.3108631372451782
ccstytr,00569,0.2197524607181549
ccstytr,00570,0.37552982568740845
ccstytr,00571,0.2634398341178894
ccstytr,00572,0.3565864861011505
ccstytr,00573,0.2348029762506485
ccstytr,00574,0.37361741065979004
ccstytr,00575,0.445239394903183
ccstytr,00576,0.3658803701400757
ccstytr,00577,0.5525803565979004
ccstytr,00578,0.18553078174591064
ccstytr,00579,0.5834242105484009
ccstytr,00580,0.2963734269142151
ccstytr,00581,0.3444213569164276
ccstytr,00582,0.2926377058029175
ccstytr,00583,0.5241113901138306
ccstytr,00584,0.07239723205566406
ccstytr,00585,0.16392475366592407
ccstytr,00586,0.5082088112831116
ccstytr,00587,0.1732310801744461
ccstytr,00588,0.41866201162338257
ccstytr,00589,0.35914963483810425
ccstytr,00590,0.25734373927116394
ccstytr,00591,0.09727615863084793
ccstytr,00592,0.38477957248687744
ccstytr,00593,0.4884747266769409
ccstytr,00594,0.20797476172447205
ccstytr,00595,0.3916417956352234
ccstytr,00596,0.13114070892333984
ccstytr,00597,0.27257633209228516
ccstytr,00598,0.3238788843154907
ccstytr,00599,0.2417459785938263
ccstytr,00600,0.29611384868621826
ccstytr,00601,0.14981168508529663
ccstytr,00602,0.3327811360359192
ccstytr,00603,0.1730360984802246
ccstytr,00604,0.4384509325027466
ccstytr,00605,0.5933928489685059
ccstytr,00606,0.3721056580543518
ccstytr,00607,0.244430810213089
ccstytr,00608,0.14761969447135925
ccstytr,00609,0.18094447255134583
ccstytr,00610,0.2960783839225769
ccstytr,00611,0.15851129591464996
ccstytr,00612,0.3462003171443939
ccstytr,00613,0.4939381182193756
ccstytr,00614,0.3757767081260681
ccstytr,00615,0.2906939387321472
ccstytr,00616,0.41835570335388184
ccstytr,00617,0.5625625848770142
ccstytr,00618,0.35687774419784546
ccstytr,00619,0.22385863959789276
ccstytr,00620,0.38207024335861206
ccstytr,00621,0.31295347213745117
ccstytr,00622,0.10122700035572052
ccstytr,00623,0.2874971032142639
ccstytr,00624,0.26155340671539307
ccstytr,00625,0.36794519424438477
ccstytr,00626,0.2156931757926941
ccstytr,00627,0.4199308454990387
ccstytr,00628,0.43745335936546326
ccstytr,00629,0.27724558115005493
ccstytr,00630,0.49610280990600586
ccstytr,00631,0.33822426199913025
ccstytr,00632,0.10557447373867035
ccstytr,00633,0.05065307393670082
ccstytr,00634,0.1507447063922882
ccstytr,00635,0.4590144455432892
ccstytr,00636,0.09348007291555405
ccstytr,00637,0.16302305459976196
ccstytr,00638,0.15305693447589874
ccstytr,00639,0.16162586212158203
ccstytr,00640,0.20996081829071045
ccstytr,00641,0.4172309637069702
ccstytr,00642,0.21067646145820618
ccstytr,00643,0.42823120951652527
ccstytr,00644,0.26880577206611633
ccstytr,00645,0.38101375102996826
ccstytr,00646,0.21063171327114105
ccstytr,00647,0.5669825077056885
ccstytr,00648,0.4806901812553406
ccstytr,00649,0.45227688550949097
ccstytr,00650,0.22892455756664276
ccstytr,00651,0.1684374213218689
ccstytr,00652,0.26207292079925537
ccstytr,00653,0.2921220064163208
ccstytr,00654,0.13699355721473694
ccstytr,00655,0.16210082173347473
ccstytr,00656,0.36722129583358765
ccstytr,00657,0.4880531430244446
ccstytr,00658,0.3485308885574341
ccstytr,00659,0.35147443413734436
ccstytr,00660,0.2790432870388031
ccstytr,00661,0.2731572985649109
ccstytr,00662,0.18731865286827087
ccstytr,00663,0.3323294520378113
ccstytr,00664,0.2025340050458908
ccstytr,00665,0.37710142135620117
ccstytr,00666,0.1710626780986786
ccstytr,00667,0.24738311767578125
ccstytr,00668,0.43755805492401123
ccstytr,00669,0.20922262966632843
ccstytr,00670,0.43571949005126953
ccstytr,00671,0.15702471137046814
ccstytr,00672,0.4018973112106323
ccstytr,00673,0.17165511846542358
ccstytr,00674,0.3320310115814209
ccstytr,00675,0.3441283106803894
ccstytr,00676,0.3009393811225891
ccstytr,00677,0.35858893394470215
ccstytr,00678,0.39214783906936646
ccstytr,00679,0.3168785572052002
ccstytr,00680,0.34618180990219116
ccstytr,00681,0.29002702236175537
ccstytr,00682,0.3012981712818146
ccstytr,00683,0.169215127825737
ccstytr,00684,0.19797679781913757
ccstytr,00685,0.27972161769866943
ccstytr,00686,0.303617000579834
ccstytr,00687,0.45819106698036194
ccstytr,00688,0.34861302375793457
ccstytr,00689,0.47665441036224365
ccstytr,00690,0.012814456596970558
ccstytr,00691,0.21876123547554016
ccstytr,00692,0.34276098012924194
ccstytr,00693,0.2083713561296463
ccstytr,00694,0.4289666414260864
ccstytr,00695,0.07435974478721619
ccstytr,00696,0.4627760648727417
ccstytr,00697,0.30337199568748474
ccstytr,00698,0.21812796592712402
ccstytr,00699,0.3807116150856018
ccstytr,00700,0.29904454946517944
ccstytr,00701,0.19433750212192535
ccstytr,00702,0.31474360823631287
ccstytr,00703,0.47642627358436584
ccstytr,00704,0.4505757689476013
ccstytr,00705,0.26704370975494385
ccstytr,00706,0.4244994521141052
ccstytr,00707,0.33654025197029114
ccstytr,00708,0.21466752886772156
ccstytr,00709,0.27221620082855225
ccstytr,00710,0.37976664304733276
ccstytr,00711,0.3501192331314087
ccstytr,00712,0.32069626450538635
ccstytr,00713,0.6712712645530701
ccstytr,00714,0.06078721210360527
ccstytr,00715,0.1901969611644745
ccstytr,00716,0.27835020422935486
ccstytr,00717,0.15409696102142334
ccstytr,00718,0.3096809387207031
ccstytr,00719,0.4252573847770691
ccstytr,00720,0.2323201447725296
ccstytr,00721,0.264427125453949
ccstytr,00722,0.530177652835846
ccstytr,00723,0.4543229043483734
ccstytr,00724,0.34979647397994995
ccstytr,00725,0.33494842052459717
ccstytr,00726,0.23133762180805206
ccstytr,00727,0.18005821108818054
ccstytr,00728,0.370367169380188
ccstytr,00729,0.11938540637493134
ccstytr,00730,0.2350318878889084
ccstytr,00731,0.37737441062927246
ccstytr,00732,0.20737208425998688
ccstytr,00733,0.10409049689769745
ccstytr,00734,0.11508868634700775
ccstytr,00735,0.45591986179351807
ccstytr,00736,0.37449342012405396
ccstytr,00737,0.18097196519374847
ccstytr,00738,0.46968623995780945
ccstytr,00739,0.4528743624687195
ccstytr,00740,0.3055078983306885
ccstytr,00741,0.36470913887023926
ccstytr,00742,0.4232972264289856
ccstytr,00743,0.5613282918930054
ccstytr,00744,0.1559179723262787
ccstytr,00745,0.24685044586658478
ccstytr,00746,0.4239923357963562
ccstytr,00747,0.3657335937023163
ccstytr,00748,0.1921079158782959
ccstytr,00749,0.24432900547981262
ccstytr,00750,0.3080018162727356
ccstytr,00751,0.24749188125133514
ccstytr,00752,0.3559723198413849
ccstytr,00753,0.42194557189941406
ccstytr,00754,0.4475405216217041
ccstytr,00755,0.3943365812301636
ccstytr,00756,0.3251965641975403
ccstytr,00757,0.3512713611125946
ccstytr,00758,0.34576350450515747
ccstytr,00759,0.11637905240058899
ccstytr,00760,0.49951767921447754
ccstytr,00761,0.284756600856781
ccstytr,00762,0.07508650422096252
ccstytr,00763,0.07398170232772827
ccstytr,00764,0.5696874856948853
ccstytr,00765,0.09764386713504791
ccstytr,00766,0.27590036392211914
ccstytr,00767,0.36630740761756897
ccstytr,00768,0.39861899614334106
ccstytr,00769,0.41583797335624695
ccstytr,00770,0.20264890789985657
ccstytr,00771,0.058489274233579636
ccstytr,00772,0.45170843601226807
ccstytr,00773,0.2313547134399414
ccstytr,00774,0.2539193630218506
ccstytr,00775,0.17054137587547302
ccstytr,00776,0.5723472833633423
ccstytr,00777,0.30542826652526855
ccstytr,00778,0.3012293577194214
ccstytr,00779,0.26537850499153137
ccstytr,00780,0.41664770245552063
ccstytr,00781,0.26854246854782104
ccstytr,00782,0.38478049635887146
ccstytr,00783,0.5201749801635742
ccstytr,00784,0.3257337510585785
ccstytr,00785,0.43442776799201965
ccstytr,00786,-0.027936864644289017
ccstytr,00787,0.28606364130973816
ccstytr,00788,0.43971505761146545
ccstytr,00789,0.34941565990448
ccstytr,00790,0.2800367474555969
ccstytr,00791,0.6535542607307434
ccstytr,00792,0.16304972767829895
ccstytr,00793,0.28267771005630493
ccstytr,00794,0.18740853667259216
ccstytr,00795,0.3126488924026489
ccstytr,00796,0.4033735990524292
ccstytr,00797,0.4568415880203247
ccstytr,00798,0.09991391003131866
ccstytr,00799,0.4521746039390564
ccstytr,00800,0.19955551624298096
ccstytr,00801,0.09625928848981857
ccstytr,00802,0.1699773520231247
ccstytr,00803,0.4268883764743805
ccstytr,00804,0.16814526915550232
ccstytr,00805,0.15900835394859314
ccstytr,00806,0.10657332837581635
ccstytr,00807,0.23317497968673706
ccstytr,00808,0.6045928597450256
ccstytr,00809,0.4231451749801636
ccstytr,00810,0.18464480340480804
ccstytr,00811,0.21178126335144043
ccstytr,00812,0.2432524561882019
ccstytr,00813,0.14151981472969055
ccstytr,00814,0.33096998929977417
ccstytr,00815,0.32957637310028076
ccstytr,00816,0.18804728984832764
ccstytr,00817,0.18526878952980042
ccstytr,00818,0.28987938165664673
ccstytr,00819,0.22324872016906738
ccstytr,00820,0.41153669357299805
ccstytr,00821,0.3118603825569153
ccstytr,00822,0.2618085741996765
ccstytr,00823,0.47019147872924805
ccstytr,00824,0.4351065754890442
ccstytr,00825,0.3704249858856201
ccstytr,00826,0.21771985292434692
ccstytr,00827,0.214885413646698
ccstytr,00828,0.1917991191148758
ccstytr,00829,0.35481637716293335
ccstytr,00830,0.4994080662727356
ccstytr,00831,0.11527759581804276
ccstytr,00832,0.3084666132926941
ccstytr,00833,0.26331382989883423
ccstytr,00834,0.211233451962471
ccstytr,00835,0.3949614465236664
ccstytr,00836,0.2721857726573944
ccstytr,00837,0.3845776915550232
ccstytr,00838,0.12063972651958466
ccstytr,00839,0.37648940086364746
ccstytr,00840,0.36347469687461853
ccstytr,00841,0.24232962727546692
ccstytr,00842,0.34275299310684204
ccstytr,00843,0.46626976132392883
ccstytr,00844,0.29083749651908875
ccstytr,00845,0.49630439281463623
ccstytr,00846,0.5572898983955383
ccstytr,00847,0.2718358635902405
ccstytr,00848,0.14666825532913208
ccstytr,00849,0.1810612827539444
ccstytr,00850,0.19004598259925842
ccstytr,00851,0.19401533901691437
ccstytr,00852,0.2291460633277893
ccstytr,00853,0.03836081176996231
ccstytr,00854,0.08801025152206421
ccstytr,00855,0.27021336555480957
ccstytr,00856,0.5710123777389526
ccstytr,00857,0.23873257637023926
ccstytr,00858,0.16235503554344177
ccstytr,00859,0.09545556455850601
ccstytr,00860,0.39377400279045105
ccstytr,00861,0.14595413208007812
ccstytr,00862,0.20194028317928314
ccstytr,00863,0.23552608489990234
ccstytr,00864,0.2682949900627136
ccstytr,00865,0.43387091159820557
ccstytr,00866,0.36835214495658875
ccstytr,00867,0.232820063829422
ccstytr,00868,0.3102993667125702
ccstytr,00869,0.2856959402561188
ccstytr,00870,0.48069414496421814
ccstytr,00871,0.27603426575660706
ccstytr,00872,0.37543511390686035
ccstytr,00873,0.42243492603302
ccstytr,00874,0.3571154475212097
ccstytr,00875,0.3008529543876648
ccstytr,00876,0.18683114647865295
ccstytr,00877,0.5483407974243164
ccstytr,00878,0.1945009082555771
ccstytr,00879,0.44245898723602295
ccstytr,00880,0.3012537360191345
ccstytr,00881,0.35606417059898376
ccstytr,00882,0.3213292360305786
ccstytr,00883,0.2550145387649536
ccstytr,00884,0.1907968521118164
ccstytr,00885,0.4133938252925873
ccstytr,00886,0.575782299041748
ccstytr,00887,0.24747774004936218
ccstytr,00888,0.6447193622589111
ccstytr,00889,0.23111218214035034
ccstytr,00890,0.2285531759262085
ccstytr,00891,0.20573267340660095
ccstytr,00892,0.45674243569374084
ccstytr,00893,0.2636680006980896
ccstytr,00894,0.19195835292339325
ccstytr,00895,0.3315235674381256
ccstytr,00896,0.4028668999671936
ccstytr,00897,0.2979118824005127
ccstytr,00898,0.18135526776313782
ccstytr,00899,0.3469305634498596
ccstytr,00900,0.27867794036865234
ccstytr,00901,0.4412938356399536
ccstytr,00902,0.25525999069213867
ccstytr,00903,0.14930802583694458
ccstytr,00904,0.2701258063316345
ccstytr,00905,0.16988512873649597
ccstytr,00906,0.43211907148361206
ccstytr,00907,0.3439920246601105
ccstytr,00908,0.4320920407772064
ccstytr,00909,0.24492758512496948
ccstytr,00910,0.1780746579170227
ccstytr,00911,0.13960228860378265
ccstytr,00912,0.21096524596214294
ccstytr,00913,0.10663877427577972
ccstytr,00914,0.3569856286048889
ccstytr,00915,0.22960488498210907
ccstytr,00916,0.21590714156627655
ccstytr,00917,0.1780313104391098
ccstytr,00918,0.4156612157821655
ccstytr,00919,0.48506322503089905
ccstytr,00920,0.31576964259147644
ccstytr,00921,0.4907756447792053
ccstytr,00922,0.40983331203460693
ccstytr,00923,0.13892340660095215
ccstytr,00924,0.3081968426704407
ccstytr,00925,0.20496125519275665
ccstytr,00926,0.18299511075019836
ccstytr,00927,0.14887882769107819
ccstytr,00928,0.2490810751914978
ccstytr,00929,0.2958719730377197
ccstytr,00930,0.5475383400917053
ccstytr,00931,0.4347913861274719
ccstytr,00932,0.18070408701896667
ccstytr,00933,0.26424604654312134
ccstytr,00934,0.36820730566978455
ccstytr,00935,0.26589691638946533
ccstytr,00936,0.5663018226623535
ccstytr,00937,0.5469302535057068
ccstytr,00938,0.3581424355506897
ccstytr,00939,0.30502742528915405
ccstytr,00940,0.354617714881897
ccstytr,00941,0.29188215732574463
ccstytr,00942,0.409220814704895
ccstytr,00943,0.24930712580680847
ccstytr,00944,0.23841887712478638
ccstytr,00945,0.5324087142944336
ccstytr,00946,0.18349066376686096
ccstytr,00947,0.3213651776313782
ccstytr,00948,0.2984984517097473
ccstytr,00949,0.31938621401786804
ccstytr,00950,0.3689348101615906
ccstytr,00951,0.12012061476707458
ccstytr,00952,0.4998490810394287
ccstytr,00953,0.2636004686355591
ccstytr,00954,0.3280947208404541
ccstytr,00955,0.0658760666847229
ccstytr,00956,0.17843489348888397
ccstytr,00957,0.38854801654815674
ccstytr,00958,0.3722922205924988
ccstytr,00959,0.4996807873249054
ccstytr,00960,0.22941143810749054
ccstytr,00961,0.3462332487106323
ccstytr,00962,0.33243197202682495
ccstytr,00963,0.28205159306526184
ccstytr,00964,0.2657778263092041
ccstytr,00965,0.4250553548336029
ccstytr,00966,0.20640499889850616
ccstytr,00967,0.30209383368492126
ccstytr,00968,0.3626423478126526
ccstytr,00969,0.3315516412258148
ccstytr,00970,0.29289573431015015
ccstytr,00971,0.43752992153167725
ccstytr,00972,0.211147278547287
ccstytr,00973,0.39793962240219116
ccstytr,00974,0.06803228706121445
ccstytr,00975,0.3183452785015106
ccstytr,00976,0.38589155673980713
ccstytr,00977,0.4700143337249756
ccstytr,00978,0.1140708476305008
ccstytr,00979,0.28155940771102905
ccstytr,00980,0.16423705220222473
ccstytr,00981,0.39068251848220825
ccstytr,00982,0.3120797276496887
ccstytr,00983,0.5103069543838501
ccstytr,00984,0.14384865760803223
ccstytr,00985,0.2056107372045517
ccstytr,00986,0.2958533763885498
ccstytr,00987,0.11405835300683975
ccstytr,00988,0.21729542315006256
ccstytr,00989,0.20812591910362244
ccstytr,00990,0.376369833946228
ccstytr,00991,0.4497148394584656
ccstytr,00992,0.22767230868339539
ccstytr,00993,0.249927818775177
ccstytr,00994,0.14866933226585388
ccstytr,00995,0.39924463629722595
ccstytr,00996,0.1734386682510376
ccstytr,00997,0.3156483471393585
ccstytr,00998,0.2811293601989746
ccstytr,00999,0.16535113751888275
ccstytr,01000,0.18880271911621094
ccstytr,01001,0.1887005716562271
ccstytr,01002,0.3332318365573883
ccstytr,01003,0.49973905086517334
ccstytr,01004,0.2541479170322418
ccstytr,01005,0.3653288185596466
ccstytr,01006,0.1279478371143341
ccstytr,01007,0.2097603678703308
ccstytr,01008,0.39755699038505554
ccstytr,01009,0.10696616768836975
ccstytr,01010,0.3914749026298523
ccstytr,01011,0.33289024233818054
ccstytr,01012,0.5950556993484497
ccstytr,01013,0.3196401000022888
ccstytr,01014,0.04133281111717224
ccstytr,01015,0.3016035854816437
ccstytr,01016,0.4071328043937683
ccstytr,01017,0.11856166273355484
ccstytr,01018,0.42704248428344727
ccstytr,01019,0.3311261832714081
ccstytr,01020,0.23878994584083557
ccstytr,01021,0.24296090006828308
ccstytr,01022,0.3159855604171753
ccstytr,01023,0.08072208613157272
ccstytr,01024,0.28525176644325256
ccstytr,01025,0.18568915128707886
ccstytr,01026,0.350654661655426
ccstytr,01027,0.2708752751350403
ccstytr,01028,0.26472222805023193
ccstytr,01029,0.08531434834003448
ccstytr,01030,0.1834627091884613
ccstytr,01031,0.463045597076416
ccstytr,01032,0.36132436990737915
ccstytr,01033,0.6407835483551025
ccstytr,01034,0.2692839801311493
ccstytr,01035,0.24930977821350098
ccstytr,01036,0.4551292359828949
ccstytr,01037,0.16535621881484985
ccstytr,01038,0.31906455755233765
ccstytr,01039,0.3745805025100708
ccstytr,01040,0.2676483690738678
ccstytr,01041,0.28768157958984375
ccstytr,01042,0.4568881392478943
ccstytr,01043,0.2997138500213623
ccstytr,01044,0.3690290153026581
ccstytr,01045,0.20945575833320618
ccstytr,01046,0.25461241602897644
ccstytr,01047,0.5491907596588135
ccstytr,01048,0.20116251707077026
ccstytr,01049,0.507863461971283
ccstytr,01050,0.4219158887863159
ccstytr,01051,0.13174213469028473
ccstytr,01052,0.3422766923904419
ccstytr,01053,0.404565691947937
ccstytr,01054,0.41411924362182617
ccstytr,01055,0.18496009707450867
ccstytr,01056,0.274532675743103
ccstytr,01057,0.17932969331741333
ccstytr,01058,0.2129145860671997
ccstytr,01059,0.2166300117969513
ccstytr,01060,0.24316272139549255
ccstytr,01061,0.3505522608757019
ccstytr,01062,0.3992342948913574
ccstytr,01063,0.4370917081832886
ccstytr,01064,0.5923300385475159
ccstytr,01065,0.4330016076564789
ccstytr,01066,0.23007962107658386
ccstytr,01067,0.24318337440490723
ccstytr,01068,0.04994252696633339
ccstytr,01069,0.38616979122161865
ccstytr,01070,0.3236956000328064
ccstytr,01071,0.4293592572212219
ccstytr,01072,0.1865132749080658
ccstytr,01073,0.1902266889810562
ccstytr,01074,0.4706788659095764
ccstytr,01075,0.21242010593414307
ccstytr,01076,0.2517710030078888
ccstytr,01077,0.3208496570587158
ccstytr,01078,0.19279377162456512
ccstytr,01079,0.18325313925743103
ccstytr,01080,0.32024022936820984
ccstytr,01081,0.5799521803855896
ccstytr,01082,0.25012463331222534
ccstytr,01083,0.4156018793582916
ccstytr,01084,0.1673014611005783
ccstytr,01085,0.5216742753982544
ccstytr,01086,0.6379679441452026
ccstytr,01087,0.35784268379211426
ccstytr,01088,0.2609126567840576
ccstytr,01089,0.42281848192214966
ccstytr,01090,0.31804171204566956
ccstytr,01091,0.278816282749176
ccstytr,01092,0.2216620147228241
ccstytr,01093,0.2965378165245056
ccstytr,01094,0.1850762963294983
ccstytr,01095,0.5126845836639404
ccstytr,01096,0.24333620071411133
ccstytr,01097,0.6088270545005798
ccstytr,01098,0.22759784758090973
ccstytr,01099,0.23784813284873962
ccstytr,01100,0.5264887809753418
ccstytr,01101,0.2436840832233429
ccstytr,01102,0.2805621325969696
ccstytr,01103,0.47380417585372925
ccstytr,01104,0.19790279865264893
ccstytr,01105,0.31316834688186646
ccstytr,01106,0.38966235518455505
ccstytr,01107,0.1815451979637146
ccstytr,01108,0.11463093757629395
ccstytr,01109,0.21042948961257935
ccstytr,01110,0.23736700415611267
ccstytr,01111,0.2993885278701782
ccstytr,01112,0.35471266508102417
ccstytr,01113,0.16850167512893677
ccstytr,01114,0.28853368759155273
ccstytr,01115,0.23249691724777222
ccstytr,01116,0.24961534142494202
ccstytr,01117,0.5215837359428406
ccstytr,01118,0.2993745803833008
ccstytr,01119,0.4954718053340912
ccstytr,01120,0.3944099247455597
ccstytr,01121,0.16625496745109558
ccstytr,01122,0.20623917877674103
ccstytr,01123,0.21565230190753937
ccstytr,01124,0.31085243821144104
ccstytr,01125,0.4109942317008972
ccstytr,01126,0.24626576900482178
ccstytr,01127,0.5301105976104736
ccstytr,01128,0.10936247557401657
ccstytr,01129,0.3050028681755066
ccstytr,01130,0.3223258852958679
ccstytr,01131,0.3744499385356903
ccstytr,01132,0.2103973627090454
ccstytr,01133,0.25580665469169617
ccstytr,01134,0.24073702096939087
ccstytr,01135,0.42783230543136597
ccstytr,01136,0.11687994003295898
ccstytr,01137,0.3100869357585907
ccstytr,01138,0.16666071116924286
ccstytr,01139,0.34881335496902466
ccstytr,01140,0.3350587785243988
ccstytr,01141,0.3730122447013855
ccstytr,01142,0.4638708531856537
ccstytr,01143,0.2942427396774292
ccstytr,01144,0.48976895213127136
ccstytr,01145,0.032331082969903946
ccstytr,01146,0.6279661655426025
ccstytr,01147,0.3393341600894928
ccstytr,01148,0.10742637515068054
ccstytr,01149,0.3371413052082062
ccstytr,01150,0.10487280786037445
ccstytr,01151,0.3195723295211792
ccstytr,01152,0.27860385179519653
ccstytr,01153,0.3925839364528656
ccstytr,01154,0.2846633195877075
ccstytr,01155,0.29325568675994873
ccstytr,01156,0.5966082215309143
ccstytr,01157,0.13079595565795898
ccstytr,01158,0.32145261764526367
ccstytr,01159,0.24039334058761597
ccstytr,01160,0.4207990765571594
ccstytr,01161,0.406231164932251
ccstytr,01162,0.07352348417043686
ccstytr,01163,0.2500751316547394
ccstytr,01164,0.4448378384113312
ccstytr,01165,0.23667185008525848
ccstytr,01166,0.4714736342430115
ccstytr,01167,0.13368168473243713
ccstytr,01168,0.3448198139667511
ccstytr,01169,0.2141275405883789
ccstytr,01170,0.24912340939044952
ccstytr,01171,0.10514616221189499
ccstytr,01172,0.2778695821762085
ccstytr,01173,0.14338286221027374
ccstytr,01174,0.45704036951065063
ccstytr,01175,0.31098854541778564
ccstytr,01176,0.253740131855011
ccstytr,01177,0.37015461921691895
ccstytr,01178,0.5146398544311523
ccstytr,01179,0.46364250779151917
ccstytr,01180,0.4682983160018921
ccstytr,01181,0.20030537247657776
ccstytr,01182,0.30521875619888306
ccstytr,01183,0.12564541399478912
ccstytr,01184,0.04006762057542801
ccstytr,01185,0.18628644943237305
ccstytr,01186,0.29084208607673645
ccstytr,01187,0.10402437299489975
ccstytr,01188,0.20034259557724
ccstytr,01189,0.09666744619607925
ccstytr,01190,0.27409201860427856
ccstytr,01191,0.3401380777359009
ccstytr,01192,0.2656802535057068
ccstytr,01193,0.31048446893692017
ccstytr,01194,0.41882753372192383
ccstytr,01195,0.2530416250228882
ccstytr,01196,0.2842123806476593
ccstytr,01197,0.19741453230381012
ccstytr,01198,0.19133400917053223
ccstytr,01199,0.30025312304496765
ccstytr,01200,0.29302114248275757
ccstytr,01201,0.07486703991889954
ccstytr,01202,0.4227120876312256
ccstytr,01203,0.4262443780899048
ccstytr,01204,0.19442327320575714
ccstytr,01205,0.1502608209848404
ccstytr,01206,0.3714081943035126
ccstytr,01207,0.5019012689590454
ccstytr,01208,0.39158135652542114
ccstytr,01209,0.3657376170158386
ccstytr,01210,0.4859219193458557
ccstytr,01211,0.22616739571094513
ccstytr,01212,0.22310660779476166
ccstytr,01213,0.15810436010360718
ccstytr,01214,0.23261380195617676
ccstytr,01215,0.12628118693828583
ccstytr,01216,0.47118672728538513
ccstytr,01217,0.34987127780914307
ccstytr,01218,0.4041970670223236
ccstytr,01219,0.48186472058296204
ccstytr,01220,0.35474228858947754
ccstytr,01221,0.30079442262649536
ccstytr,01222,0.1782410442829132
ccstytr,01223,0.3249402344226837
ccstytr,01224,0.44451677799224854
ccstytr,01225,0.44559720158576965
ccstytr,01226,0.06676946580410004
ccstytr,01227,0.23766915500164032
ccstytr,01228,0.27722108364105225
ccstytr,01229,0.5019165277481079
ccstytr,01230,0.20586329698562622
ccstytr,01231,0.2127731889486313
ccstytr,01232,0.3815000355243683
ccstytr,01233,0.20143231749534607
ccstytr,01234,0.30126553773880005
ccstytr,01235,0.21246138215065002
ccstytr,01236,0.3618401288986206
ccstytr,01237,0.27364015579223633
ccstytr,01238,0.12766633927822113
ccstytr,01239,0.21635040640830994
ccstytr,01240,0.20548313856124878
ccstytr,01241,0.4546597898006439
ccstytr,01242,0.20910096168518066
ccstytr,01243,0.2405720055103302
ccstytr,01244,0.311119019985199
ccstytr,01245,0.4958580732345581
ccstytr,01246,0.2656133472919464
ccstytr,01247,0.43906348943710327
ccstytr,01248,0.24459046125411987
ccstytr,01249,0.09314396977424622
ccstytr,01250,0.1682610809803009
ccstytr,01251,0.21120402216911316
ccstytr,01252,0.2719554901123047
ccstytr,01253,0.1918279379606247
ccstytr,01254,0.4241517186164856
ccstytr,01255,0.2601090669631958
ccstytr,01256,0.30261537432670593
ccstytr,01257,0.13829900324344635
ccstytr,01258,0.01636642962694168
ccstytr,01259,0.184125155210495
ccstytr,01260,0.23878523707389832
ccstytr,01261,0.457010954618454
ccstytr,01262,0.13014891743659973
ccstytr,01263,0.3945029377937317
ccstytr,01264,0.4459376931190491
ccstytr,01265,0.4000621438026428
ccstytr,01266,0.33359330892562866
ccstytr,01267,0.2572809159755707
ccstytr,01268,0.6368792057037354
ccstytr,01269,0.40208470821380615
ccstytr,01270,0.4214867949485779
ccstytr,01271,0.24351520836353302
ccstytr,01272,0.37858015298843384
ccstytr,01273,0.18217650055885315
ccstytr,01274,0.28868547081947327
ccstytr,01275,0.424160361289978
ccstytr,01276,0.49009713530540466
ccstytr,01277,0.5237868428230286
ccstytr,01278,0.14652419090270996
ccstytr,01279,0.38015586137771606
ccstytr,01280,0.13971692323684692
ccstytr,01281,0.38076865673065186
ccstytr,01282,0.3536805510520935
ccstytr,01283,0.28043681383132935
ccstytr,01284,0.302835613489151
ccstytr,01285,0.029683316126465797
ccstytr,01286,0.5189343094825745
ccstytr,01287,0.4706038534641266
ccstytr,01288,0.4106592833995819
ccstytr,01289,0.37511390447616577
ccstytr,01290,0.2246866226196289
ccstytr,01291,0.3432126045227051
ccstytr,01292,0.35829365253448486
ccstytr,01293,0.42395517230033875
ccstytr,01294,0.3604549765586853
ccstytr,01295,0.21010476350784302
ccstytr,01296,0.18981894850730896
ccstytr,01297,0.6031012535095215
ccstytr,01298,0.253770649433136
ccstytr,01299,0.28803473711013794
ccstytr,01300,0.4073253273963928
ccstytr,01301,0.5684045553207397
ccstytr,01302,0.32341980934143066
ccstytr,01303,0.32860827445983887
ccstytr,01304,0.389573335647583
ccstytr,01305,0.23968759179115295
ccstytr,01306,0.25484591722488403
ccstytr,01307,0.3258415460586548
ccstytr,01308,0.24204270541667938
ccstytr,01309,0.43527573347091675
ccstytr,01310,0.2644069492816925
ccstytr,01311,0.3044212758541107
ccstytr,01312,0.2050928920507431
ccstytr,01313,0.14797493815422058
ccstytr,01314,0.23827584087848663
ccstytr,01315,0.3738129734992981
ccstytr,01316,0.36092525720596313
ccstytr,01317,0.15542924404144287
ccstytr,01318,0.3488287031650543
ccstytr,01319,0.3092578053474426
ccstytr,01320,0.20224446058273315
ccstytr,01321,0.5240604281425476
ccstytr,01322,0.22018872201442719
ccstytr,01323,0.16594389081001282
ccstytr,01324,0.1978188455104828
ccstytr,01325,0.3052072525024414
ccstytr,01326,0.3285394310951233
ccstytr,01327,0.1078382134437561
ccstytr,01328,0.28581997752189636
ccstytr,01329,0.4597890079021454
ccstytr,01330,0.23015309870243073
ccstytr,01331,0.37479308247566223
ccstytr,01332,0.1505236178636551
ccstytr,01333,0.31911975145339966
ccstytr,01334,0.3935932517051697
ccstytr,01335,0.6030944585800171
ccstytr,01336,0.4434416592121124
ccstytr,01337,0.4325529932975769
ccstytr,01338,0.23839637637138367
ccstytr,01339,0.14135468006134033
ccstytr,01340,0.5099524259567261
ccstytr,01341,0.3104962706565857
ccstytr,01342,0.45813480019569397
ccstytr,01343,0.07478169351816177
ccstytr,01344,0.24516718089580536
ccstytr,01345,0.40043920278549194
ccstytr,01346,0.4206051826477051
ccstytr,01347,0.3589649200439453
ccstytr,01348,0.3729233741760254
ccstytr,01349,0.30468952655792236
ccstytr,01350,0.3194074332714081
ccstytr,01351,0.4018469750881195
ccstytr,01352,0.3036338686943054
ccstytr,01353,0.2767693102359772
ccstytr,01354,0.36460208892822266
ccstytr,01355,0.23273241519927979
ccstytr,01356,0.31164127588272095
ccstytr,01357,0.3239205479621887
ccstytr,01358,0.17777182161808014
ccstytr,01359,0.2509288787841797
ccstytr,01360,0.16126973927021027
ccstytr,01361,0.27030032873153687
ccstytr,01362,0.27029532194137573
ccstytr,01363,0.11156047880649567
ccstytr,01364,0.17781871557235718
ccstytr,01365,0.2321077138185501
ccstytr,01366,0.26824745535850525
ccstytr,01367,0.4017390012741089
ccstytr,01368,0.4899212121963501
ccstytr,01369,0.3226596415042877
ccstytr,01370,0.5639985799789429
ccstytr,01371,0.1131734549999237
ccstytr,01372,0.12296891957521439
ccstytr,01373,0.3769339621067047
ccstytr,01374,0.3591761589050293
ccstytr,01375,0.36600297689437866
ccstytr,01376,0.6143459677696228
ccstytr,01377,0.2773500084877014
ccstytr,01378,0.2629146873950958
ccstytr,01379,0.21963325142860413
ccstytr,01380,0.36501801013946533
ccstytr,01381,0.3783084452152252
ccstytr,01382,0.42662620544433594
ccstytr,01383,0.32204943895339966
ccstytr,01384,0.25019484758377075
ccstytr,01385,0.22569677233695984
ccstytr,01386,0.26456430554389954
ccstytr,01387,0.3113589286804199
ccstytr,01388,0.44629594683647156
ccstytr,01389,0.46075719594955444
ccstytr,01390,0.2898206412792206
ccstytr,01391,0.31500181555747986
ccstytr,01392,0.20432721078395844
ccstytr,01393,0.30024388432502747
ccstytr,01394,0.6165412664413452
ccstytr,01395,0.48671114444732666
ccstytr,01396,0.22441788017749786
ccstytr,01397,0.352853924036026
ccstytr,01398,0.3023218512535095
ccstytr,01399,0.11089235544204712
ccstytr,01400,0.2698926627635956
ccstytr,01401,0.1612730324268341
ccstytr,01402,0.4688042402267456
ccstytr,01403,0.3318520486354828
ccstytr,01404,0.14766377210617065
ccstytr,01405,0.2765680253505707
ccstytr,01406,0.2489164173603058
ccstytr,01407,0.14372670650482178
ccstytr,01408,0.24981701374053955
ccstytr,01409,0.36543041467666626
ccstytr,01410,0.274202823638916
ccstytr,01411,0.3950234651565552
ccstytr,01412,0.24838924407958984
ccstytr,01413,0.4541338384151459
ccstytr,01414,0.4357243776321411
ccstytr,01415,0.3214643597602844
ccstytr,01416,0.1791934370994568
ccstytr,01417,0.265827476978302
ccstytr,01418,0.4038514792919159
ccstytr,01419,0.45893365144729614
ccstytr,01420,0.14060048758983612
ccstytr,01421,0.19912703335285187
ccstytr,01422,0.34580081701278687
ccstytr,01423,0.4197317361831665
ccstytr,01424,0.15191370248794556
ccstytr,01425,0.11512747406959534
ccstytr,01426,0.35628366470336914
ccstytr,01427,0.3831934332847595
ccstytr,01428,0.4160446524620056
ccstytr,01429,0.37230348587036133
ccstytr,01430,0.20915696024894714
ccstytr,01431,0.4114567041397095
ccstytr,01432,0.2690453827381134
ccstytr,01433,0.35262030363082886
ccstytr,01434,0.3557860553264618
ccstytr,01435,0.5701037645339966
ccstytr,01436,0.24378308653831482
ccstytr,01437,0.2822495996952057
ccstytr,01438,0.39545562863349915
ccstytr,01439,0.3191065490245819
ccstytr,01440,0.39027971029281616
ccstytr,01441,0.33855628967285156
ccstytr,01442,0.15647673606872559
ccstytr,01443,0.2867933213710785
ccstytr,01444,0.3727005124092102
ccstytr,01445,0.34314924478530884
ccstytr,01446,0.28651636838912964
ccstytr,01447,0.3871944546699524
ccstytr,01448,0.37223532795906067
ccstytr,01449,0.49300438165664673
ccstytr,01450,0.19969415664672852
ccstytr,01451,0.3768894374370575
ccstytr,01452,0.13644979894161224
ccstytr,01453,0.09731047600507736
ccstytr,01454,0.2789905071258545
ccstytr,01455,0.13522443175315857
ccstytr,01456,0.17179018259048462
ccstytr,01457,0.528541088104248
ccstytr,01458,0.3520413339138031
ccstytr,01459,0.3613147735595703
ccstytr,01460,0.01856756955385208
ccstytr,01461,0.6555947065353394
ccstytr,01462,0.44402962923049927
ccstytr,01463,0.40863877534866333
ccstytr,01464,0.20606085658073425
ccstytr,01465,0.39527201652526855
ccstytr,01466,0.2889736294746399
ccstytr,01467,0.36254554986953735
ccstytr,01468,0.14247697591781616
ccstytr,01469,0.1259467899799347
ccstytr,01470,0.24960049986839294
ccstytr,01471,0.3865766227245331
ccstytr,01472,0.3121614456176758
ccstytr,01473,0.4221542477607727
ccstytr,01474,0.42734187841415405
ccstytr,01475,0.3140491247177124
ccstytr,01476,0.28484588861465454
ccstytr,01477,0.4120900332927704
ccstytr,01478,0.6021806001663208
ccstytr,01479,0.391853928565979
ccstytr,01480,0.48302629590034485
ccstytr,01481,0.43484145402908325
ccstytr,01482,0.37475883960723877
ccstytr,01483,0.18510934710502625
ccstytr,01484,0.37814995646476746
ccstytr,01485,0.28927114605903625
ccstytr,01486,0.28459614515304565
ccstytr,01487,0.4786249101161957
ccstytr,01488,0.3552001118659973
ccstytr,01489,0.3815275728702545
ccstytr,01490,0.12992644309997559
ccstytr,01491,0.4704841375350952
ccstytr,01492,0.09755811095237732
ccstytr,01493,0.3368277847766876
ccstytr,01494,0.2899264097213745
ccstytr,01495,0.20328135788440704
ccstytr,01496,0.3347625434398651
ccstytr,01497,0.4945877492427826
ccstytr,01498,0.0910433977842331
ccstytr,01499,0.0800173282623291
ccstytr,01500,0.46469777822494507
ccstytr,01501,0.2101685106754303
ccstytr,01502,0.23427428305149078
ccstytr,01503,0.31591135263442993
ccstytr,01504,0.3877663016319275
ccstytr,01505,0.15599018335342407
ccstytr,01506,0.4610094428062439
ccstytr,01507,0.2867735028266907
ccstytr,01508,0.3103756010532379
ccstytr,01509,0.2422633320093155
ccstytr,01510,0.31321191787719727
ccstytr,01511,0.38723108172416687
ccstytr,01512,0.22975099086761475
ccstytr,01513,0.4435451626777649
ccstytr,01514,0.11198756098747253
ccstytr,01515,0.1416569948196411
ccstytr,01516,0.25490936636924744
ccstytr,01517,0.2929423153400421
ccstytr,01518,0.46016401052474976
ccstytr,01519,0.03881426900625229
ccstytr,01520,0.2901343107223511
ccstytr,01521,0.2926311194896698
ccstytr,01522,0.2767835557460785
ccstytr,01523,0.4347192943096161
ccstytr,01524,0.25195854902267456
ccstytr,01525,0.49913352727890015
ccstytr,01526,0.4169343113899231
ccstytr,01527,0.360336571931839
ccstytr,01528,0.01640029065310955
ccstytr,01529,0.11653099954128265
ccstytr,01530,0.303292453289032
ccstytr,01531,0.266527384519577
ccstytr,01532,0.6307405233383179
ccstytr,01533,0.18647581338882446
ccstytr,01534,0.1840173900127411
ccstytr,01535,0.448660671710968
ccstytr,01536,0.43423160910606384
ccstytr,01537,0.024060413241386414
ccstytr,01538,0.20183944702148438
ccstytr,01539,0.1836012303829193
ccstytr,01540,0.43837887048721313
ccstytr,01541,0.4157481789588928
ccstytr,01542,0.2258566915988922
ccstytr,01543,0.26204556226730347
ccstytr,01544,0.021482428535819054
ccstytr,01545,0.30128294229507446
ccstytr,01546,0.4714674949645996
ccstytr,01547,0.20083077251911163
ccstytr,01548,0.37180691957473755
ccstytr,01549,0.39016270637512207
ccstytr,01550,0.23712462186813354
ccstytr,01551,0.1383475661277771
ccstytr,01552,0.41536247730255127
ccstytr,01553,0.3593142032623291
ccstytr,01554,0.1310165822505951
ccstytr,01555,0.4027879238128662
ccstytr,01556,0.4406416118144989
ccstytr,01557,0.31178098917007446
ccstytr,01558,0.16576629877090454
ccstytr,01559,0.3966723680496216
ccstytr,01560,0.35564497113227844
ccstytr,01561,0.3210258483886719
ccstytr,01562,0.3567647337913513
ccstytr,01563,0.19825121760368347
ccstytr,01564,0.2812315821647644
ccstytr,01565,0.22222274541854858
ccstytr,01566,0.28868091106414795
ccstytr,01567,0.29186317324638367
ccstytr,01568,0.18284377455711365
ccstytr,01569,0.31525424122810364
ccstytr,01570,0.48181837797164917
ccstytr,01571,0.24149121344089508
ccstytr,01572,0.18909704685211182
ccstytr,01573,0.2936619520187378
ccstytr,01574,0.5439190864562988
ccstytr,01575,0.2000555694103241
ccstytr,01576,0.2664687931537628
ccstytr,01577,0.3470076322555542
ccstytr,01578,0.2405979037284851
ccstytr,01579,0.16398437321186066
ccstytr,01580,0.22673068940639496
ccstytr,01581,0.13736885786056519
ccstytr,01582,0.3967673182487488
ccstytr,01583,0.1551099568605423
ccstytr,01584,0.20513613522052765
ccstytr,01585,0.2821224331855774
ccstytr,01586,0.4801434278488159
ccstytr,01587,0.13032379746437073
ccstytr,01588,0.09008821099996567
ccstytr,01589,0.16657158732414246
ccstytr,01590,0.13555631041526794
ccstytr,01591,0.3515682518482208
ccstytr,01592,0.7230506539344788
ccstytr,01593,0.3986285328865051
ccstytr,01594,0.22041480243206024
ccstytr,01595,0.3098331391811371
ccstytr,01596,0.21589457988739014
ccstytr,01597,0.3267979025840759
ccstytr,01598,0.3691772222518921
ccstytr,01599,0.2530837059020996
ccstytr,01600,0.4099362790584564
ccstytr,01601,0.5034748315811157
ccstytr,01602,0.23505528271198273
ccstytr,01603,0.4662359356880188
ccstytr,01604,0.09522920846939087
ccstytr,01605,0.3484630584716797
ccstytr,01606,0.27412497997283936
ccstytr,01607,0.27040261030197144
ccstytr,01608,0.10286355018615723
ccstytr,01609,0.19126202166080475
ccstytr,01610,0.575834333896637
ccstytr,01611,0.320906400680542
ccstytr,01612,0.5869410634040833
ccstytr,01613,0.33996638655662537
ccstytr,01614,0.2720242440700531
ccstytr,01615,0.3147338926792145
ccstytr,01616,0.30056101083755493
ccstytr,01617,0.3515433073043823
ccstytr,01618,0.4129840135574341
ccstytr,01619,0.23430053889751434
ccstytr,01620,0.31298571825027466
ccstytr,01621,0.22979497909545898
ccstytr,01622,0.14956015348434448
ccstytr,01623,0.5458651781082153
ccstytr,01624,0.5213114023208618
ccstytr,01625,0.3199378252029419
ccstytr,01626,0.42129820585250854
ccstytr,01627,0.22134292125701904
ccstytr,01628,0.33568501472473145
ccstytr,01629,0.14880412817001343
ccstytr,01630,0.24923716485500336
ccstytr,01631,0.17166376113891602
ccstytr,01632,0.4085104167461395
ccstytr,01633,0.33139705657958984
ccstytr,01634,0.4714689552783966
ccstytr,01635,0.49828118085861206
ccstytr,01636,0.3384593427181244
ccstytr,01637,0.47509682178497314
ccstytr,01638,0.405935138463974
ccstytr,01639,0.07135186344385147
ccstytr,01640,0.4019169211387634
ccstytr,01641,0.3281744122505188
ccstytr,01642,0.335563600063324
ccstytr,01643,0.4544915556907654
ccstytr,01644,0.41410595178604126
ccstytr,01645,0.2607390880584717
ccstytr,01646,0.2762928009033203
ccstytr,01647,0.4299507737159729
ccstytr,01648,0.3746820092201233
ccstytr,01649,0.4032477140426636
ccstytr,01650,0.3132109045982361
ccstytr,01651,0.3554536700248718
ccstytr,01652,0.3480301797389984
ccstytr,01653,0.29919347167015076
ccstytr,01654,0.4099251627922058
ccstytr,01655,0.6050426363945007
ccstytr,01656,0.2563749849796295
ccstytr,01657,0.4028468728065491
ccstytr,01658,0.2110944539308548
ccstytr,01659,0.3235545754432678
ccstytr,01660,0.28883254528045654
ccstytr,01661,0.2502841353416443
ccstytr,01662,0.5011079907417297
ccstytr,01663,0.3339206874370575
ccstytr,01664,0.34920841455459595
ccstytr,01665,0.48824542760849
ccstytr,01666,0.3459581732749939
ccstytr,01667,0.4191609025001526
ccstytr,01668,0.12517249584197998
ccstytr,01669,0.299299955368042
ccstytr,01670,0.6016019582748413
ccstytr,01671,0.15233634412288666
ccstytr,01672,0.10211972892284393
ccstytr,01673,0.3065740466117859
ccstytr,01674,0.4290022850036621
ccstytr,01675,0.49774184823036194
ccstytr,01676,0.424793541431427
ccstytr,01677,0.30428075790405273
ccstytr,01678,0.34838536381721497
ccstytr,01679,0.46187716722488403
ccstytr,01680,0.3213159739971161
ccstytr,01681,0.4882888197898865
ccstytr,01682,0.14342808723449707
ccstytr,01683,0.30627480149269104
ccstytr,01684,0.18437260389328003
ccstytr,01685,0.113648921251297
ccstytr,01686,0.24281662702560425
ccstytr,01687,0.3472737967967987
ccstytr,01688,0.36952561140060425
ccstytr,01689,0.6365125179290771
ccstytr,01690,0.3105902075767517
ccstytr,01691,0.2992873191833496
ccstytr,01692,0.22263851761817932
ccstytr,01693,0.3642633855342865
ccstytr,01694,0.43514207005500793
ccstytr,01695,0.25271445512771606
ccstytr,01696,0.21733485162258148
ccstytr,01697,0.42571932077407837
ccstytr,01698,0.28114286065101624
ccstytr,01699,0.32737237215042114
ccstytr,01700,0.05420926958322525
ccstytr,01701,0.10095366090536118
ccstytr,01702,0.22541002929210663
ccstytr,01703,0.29443657398223877
ccstytr,01704,0.24824631214141846
ccstytr,01705,0.29108914732933044
ccstytr,01706,0.25198468565940857
ccstytr,01707,0.3742162585258484
ccstytr,01708,0.169609934091568
ccstytr,01709,0.3711997866630554
ccstytr,01710,0.41066741943359375
ccstytr,01711,0.27934420108795166
ccstytr,01712,0.6934560537338257
ccstytr,01713,0.1626247614622116
ccstytr,01714,0.13368649780750275
ccstytr,01715,0.48986855149269104
ccstytr,01716,0.38058698177337646
ccstytr,01717,0.3704933524131775
ccstytr,01718,0.18040867149829865
ccstytr,01719,0.26400133967399597
ccstytr,01720,0.5109331011772156
ccstytr,01721,0.3932279348373413
ccstytr,01722,0.09019321203231812
ccstytr,01723,0.45508405566215515
ccstytr,01724,0.27582448720932007
ccstytr,01725,0.26016318798065186
ccstytr,01726,0.35400283336639404
ccstytr,01727,0.19389265775680542
ccstytr,01728,0.46040862798690796
ccstytr,01729,0.4781895875930786
ccstytr,01730,0.36632028222084045
ccstytr,01731,0.3222910165786743
ccstytr,01732,0.1191398873925209
ccstytr,01733,0.12408511340618134
ccstytr,01734,0.1823255717754364
ccstytr,01735,0.28079158067703247
ccstytr,01736,0.17906560003757477
ccstytr,01737,0.41130438446998596
ccstytr,01738,0.15036246180534363
ccstytr,01739,0.29163074493408203
ccstytr,01740,0.34883368015289307
ccstytr,01741,0.24137286841869354
ccstytr,01742,0.39030489325523376
ccstytr,01743,0.3035022020339966
ccstytr,01744,0.20277860760688782
ccstytr,01745,0.33734166622161865
ccstytr,01746,0.2145683765411377
ccstytr,01747,0.3723924160003662
ccstytr,01748,0.2596609592437744
ccstytr,01749,0.29232877492904663
ccstytr,01750,0.5351574420928955
ccstytr,01751,0.37410861253738403
ccstytr,01752,0.5144784450531006
ccstytr,01753,0.41933923959732056
ccstytr,01754,0.33750367164611816
ccstytr,01755,0.4611636996269226
ccstytr,01756,0.31101906299591064
ccstytr,01757,0.45605096220970154
ccstytr,01758,0.11992879211902618
ccstytr,01759,0.3110734820365906
ccstytr,01760,0.44601190090179443
ccstytr,01761,0.4398449659347534
ccstytr,01762,0.41870564222335815
ccstytr,01763,0.19398435950279236
ccstytr,01764,0.3323729634284973
ccstytr,01765,0.21817921102046967
ccstytr,01766,0.3251079320907593
ccstytr,01767,0.375037282705307
ccstytr,01768,0.37905222177505493
ccstytr,01769,0.4007298946380615
ccstytr,01770,0.1791732907295227
ccstytr,01771,0.3550160527229309
ccstytr,01772,0.1728079617023468
ccstytr,01773,0.4013943076133728
ccstytr,01774,0.21835097670555115
ccstytr,01775,0.4161180853843689
ccstytr,01776,0.1267879605293274
ccstytr,01777,0.36249881982803345
ccstytr,01778,0.24888762831687927
ccstytr,01779,0.4669818878173828
ccstytr,01780,0.6112017631530762
ccstytr,01781,0.26843398809432983
ccstytr,01782,0.21026849746704102
ccstytr,01783,0.4841095209121704
ccstytr,01784,0.1119588315486908
ccstytr,01785,0.31303906440734863
ccstytr,01786,0.2916676998138428
ccstytr,01787,0.5970807075500488
ccstytr,01788,0.22464437782764435
ccstytr,01789,0.5149609446525574
ccstytr,01790,0.3614797294139862
ccstytr,01791,0.25761809945106506
ccstytr,01792,0.25345519185066223
ccstytr,01793,0.1758703589439392
ccstytr,01794,0.42816686630249023
ccstytr,01795,0.5022163987159729
ccstytr,01796,0.269961953163147
ccstytr,01797,0.3036210238933563
ccstytr,01798,0.36380910873413086
ccstytr,01799,0.3602199852466583
ccstytr,01800,0.40221238136291504
ccstytr,01801,0.30726075172424316
ccstytr,01802,0.19525475800037384
ccstytr,01803,0.2635333240032196
ccstytr,01804,0.11130338907241821
ccstytr,01805,0.21219079196453094
ccstytr,01806,0.12346059828996658
ccstytr,01807,0.3154224753379822
ccstytr,01808,0.19252778589725494
ccstytr,01809,0.32975199818611145
ccstytr,01810,0.21136698126792908
ccstytr,01811,0.3614291548728943
ccstytr,01812,0.3659456968307495
ccstytr,01813,0.18757018446922302
ccstytr,01814,0.3159329891204834
ccstytr,01815,0.18841767311096191
ccstytr,01816,0.37849536538124084
ccstytr,01817,0.286388099193573
ccstytr,01818,0.30707764625549316
ccstytr,01819,0.09958874434232712
ccstytr,01820,0.18317486345767975
ccstytr,01821,0.5672939419746399
ccstytr,01822,0.2985469400882721
ccstytr,01823,0.262554407119751
ccstytr,01824,0.460839182138443
ccstytr,01825,0.3442731499671936
ccstytr,01826,0.19449196755886078
ccstytr,01827,0.199647456407547
ccstytr,01828,0.41195523738861084
ccstytr,01829,0.3613395392894745
ccstytr,01830,0.36407214403152466
ccstytr,01831,0.5278441905975342
ccstytr,01832,0.4447328746318817
ccstytr,01833,0.3302571773529053
ccstytr,01834,0.13982030749320984
ccstytr,01835,0.38397088646888733
ccstytr,01836,0.44680607318878174
ccstytr,01837,0.2735055983066559
ccstytr,01838,0.13120600581169128
ccstytr,01839,0.4188649654388428
ccstytr,01840,0.34425175189971924
ccstytr,01841,0.3976302444934845
ccstytr,01842,0.3243480324745178
ccstytr,01843,0.27053582668304443
ccstytr,01844,0.18716047704219818
ccstytr,01845,0.26054492592811584
ccstytr,01846,0.32388579845428467
ccstytr,01847,0.20320089161396027
ccstytr,01848,0.0239348653703928
ccstytr,01849,0.29258260130882263
ccstytr,01850,0.3909694254398346
ccstytr,01851,0.15750005841255188
ccstytr,01852,0.4262204170227051
ccstytr,01853,0.31283918023109436
ccstytr,01854,0.1774909496307373
ccstytr,01855,0.2177043855190277
ccstytr,01856,0.14716744422912598
ccstytr,01857,0.5415431261062622
ccstytr,01858,0.25712886452674866
ccstytr,01859,0.3054608106613159
ccstytr,01860,0.07220673561096191
ccstytr,01861,0.36321213841438293
ccstytr,01862,0.47318387031555176
ccstytr,01863,0.31495314836502075
ccstytr,01864,0.5279358625411987
ccstytr,01865,0.30092206597328186
ccstytr,01866,0.16806451976299286
ccstytr,01867,0.17170307040214539
ccstytr,01868,0.28069183230400085
ccstytr,01869,0.23328721523284912
ccstytr,01870,0.4158906638622284
ccstytr,01871,0.25618311762809753
ccstytr,01872,0.27326086163520813
ccstytr,01873,0.5421140193939209
ccstytr,01874,0.43645620346069336
ccstytr,01875,0.27920883893966675
ccstytr,01876,0.4295935034751892
ccstytr,01877,0.25303879380226135
ccstytr,01878,0.34687429666519165
ccstytr,01879,0.29889366030693054
ccstytr,01880,0.3290397524833679
ccstytr,01881,0.1361737847328186
ccstytr,01882,0.32494473457336426
ccstytr,01883,0.4371464252471924
ccstytr,01884,0.2560059428215027
ccstytr,01885,0.28953129053115845
ccstytr,01886,0.27167975902557373
ccstytr,01887,0.32555532455444336
ccstytr,01888,0.3551804721355438
ccstytr,01889,0.2041589319705963
ccstytr,01890,0.5125836133956909
ccstytr,01891,0.4564865827560425
ccstytr,01892,0.06353212147951126
ccstytr,01893,0.2609476149082184
ccstytr,01894,0.33423811197280884
ccstytr,01895,0.2973458766937256
ccstytr,01896,0.294866144657135
ccstytr,01897,0.2714865803718567
ccstytr,01898,0.6190057992935181
ccstytr,01899,0.46448707580566406
ccstytr,01900,0.15692976117134094
ccstytr,01901,0.21301481127738953
ccstytr,01902,0.2997247576713562
ccstytr,01903,0.4580874741077423
ccstytr,01904,0.21429923176765442
ccstytr,01905,0.6222044825553894
ccstytr,01906,0.0854504406452179
ccstytr,01907,0.22662478685379028
ccstytr,01908,0.00837506353855133
ccstytr,01909,0.14244793355464935
ccstytr,01910,0.38954970240592957
ccstytr,01911,0.21989575028419495
ccstytr,01912,0.4653061032295227
ccstytr,01913,0.5419069528579712
ccstytr,01914,0.24122223258018494
ccstytr,01915,0.5492393970489502
ccstytr,01916,0.556961178779602
ccstytr,01917,0.19955280423164368
ccstytr,01918,0.15746855735778809
ccstytr,01919,0.438856840133667
ccstytr,01920,0.3181441128253937
ccstytr,01921,0.35799556970596313
ccstytr,01922,0.5275713205337524
ccstytr,01923,0.3664788603782654
ccstytr,01924,0.23656193912029266
ccstytr,01925,0.2514413297176361
ccstytr,01926,0.3467745780944824
ccstytr,01927,0.2867262363433838
ccstytr,01928,0.10881952941417694
ccstytr,01929,0.4728310704231262
ccstytr,01930,0.4967743754386902
ccstytr,01931,0.588496208190918
ccstytr,01932,0.42245155572891235
ccstytr,01933,0.2805369198322296
ccstytr,01934,0.4025086760520935
ccstytr,01935,0.31386321783065796
ccstytr,01936,0.3861878514289856
ccstytr,01937,0.4870102107524872
ccstytr,01938,0.3088424801826477
ccstytr,01939,0.3325274884700775
ccstytr,01940,0.5438974499702454
ccstytr,01941,0.30757927894592285
ccstytr,01942,0.256827175617218
ccstytr,01943,0.09023354947566986
ccstytr,01944,0.30386191606521606
ccstytr,01945,0.7878502607345581
ccstytr,01946,0.39830076694488525
ccstytr,01947,0.3137225806713104
ccstytr,01948,0.28272244334220886
ccstytr,01949,0.13441841304302216
ccstytr,01950,0.128952756524086
ccstytr,01951,0.24497124552726746
ccstytr,01952,0.2113177627325058
ccstytr,01953,0.2538769543170929
ccstytr,01954,0.463887095451355
ccstytr,01955,0.28943294286727905
ccstytr,01956,0.3383929133415222
ccstytr,01957,0.4552467465400696
ccstytr,01958,0.24559707939624786
ccstytr,01959,0.5277575254440308
ccstytr,01960,0.1545255184173584
ccstytr,01961,0.3063817322254181
ccstytr,01962,0.5772868394851685
ccstytr,01963,0.19715848565101624
ccstytr,01964,0.3702155649662018
ccstytr,01965,0.11090022325515747
ccstytr,01966,0.11893440783023834
ccstytr,01967,0.23399010300636292
ccstytr,01968,0.06856171786785126
ccstytr,01969,0.23791441321372986
ccstytr,01970,0.3138236999511719
ccstytr,01971,0.17784994840621948
ccstytr,01972,0.04435350373387337
ccstytr,01973,0.15874409675598145
ccstytr,01974,0.5279267430305481
ccstytr,01975,0.22441226243972778
ccstytr,01976,0.01203412190079689
ccstytr,01977,0.32362687587738037
ccstytr,01978,0.4574890732765198
ccstytr,01979,0.2190789431333542
ccstytr,01980,0.4330824911594391
ccstytr,01981,0.24990740418434143
ccstytr,01982,0.4965689182281494
ccstytr,01983,0.3065620958805084
ccstytr,01984,0.19584977626800537
ccstytr,01985,0.1265334188938141
ccstytr,01986,0.31302309036254883
ccstytr,01987,0.462025910615921
ccstytr,01988,0.2980678379535675
ccstytr,01989,0.1503809690475464
ccstytr,01990,0.28533750772476196
ccstytr,01991,0.5132285356521606
ccstytr,01992,0.2832830548286438
ccstytr,01993,0.3714292049407959
ccstytr,01994,0.2416602522134781
ccstytr,01995,0.17524825036525726
ccstytr,01996,0.31968915462493896
ccstytr,01997,0.4293064475059509
ccstytr,01998,0.12718838453292847
ccstytr,01999,0.5054030418395996
ccstytr,02000,0.13135340809822083
ccstytr,02001,0.32918423414230347
ccstytr,02002,0.25168031454086304
ccstytr,02003,0.07182879000902176
ccstytr,02004,0.21623152494430542
ccstytr,02005,0.2970987558364868
ccstytr,02006,0.13279233872890472
ccstytr,02007,0.30999529361724854
ccstytr,02008,0.3014552593231201
ccstytr,02009,0.3090669810771942
ccstytr,02010,0.2438354790210724
ccstytr,02011,0.28085729479789734
ccstytr,02012,0.5364568829536438
ccstytr,02013,0.32377922534942627
ccstytr,02014,0.17323440313339233
ccstytr,02015,0.2539573013782501
ccstytr,02016,0.3374069929122925
ccstytr,02017,0.15818017721176147
ccstytr,02018,0.3540509343147278
ccstytr,02019,0.48783576488494873
ccstytr,02020,0.19847892224788666
ccstytr,02021,0.4732026755809784
ccstytr,02022,0.1959063708782196
ccstytr,02023,0.113123819231987
ccstytr,02024,0.30154454708099365
ccstytr,02025,0.5625780820846558
ccstytr,02026,0.4775810241699219
ccstytr,02027,0.14675094187259674
ccstytr,02028,0.337990403175354
ccstytr,02029,0.28652310371398926
ccstytr,02030,0.3206463158130646
ccstytr,02031,0.1995219588279724
ccstytr,02032,0.2762804329395294
ccstytr,02033,0.39069458842277527
ccstytr,02034,0.4543081521987915
ccstytr,02035,0.20474636554718018
ccstytr,02036,0.3391261696815491
ccstytr,02037,0.36618757247924805
ccstytr,02038,0.1400163620710373
ccstytr,02039,0.5849142670631409
ccstytr,02040,0.41325730085372925
ccstytr,02041,0.05777185782790184
ccstytr,02042,0.4322877824306488
ccstytr,02043,0.4111206531524658
ccstytr,02044,0.29184573888778687
ccstytr,02045,0.3622932434082031
ccstytr,02046,0.20057332515716553
ccstytr,02047,0.2638528347015381
ccstytr,02048,0.6458824872970581
ccstytr,02049,0.3291678726673126
ccstytr,02050,0.17937585711479187
ccstytr,02051,0.35425758361816406
ccstytr,02052,0.09884045273065567
ccstytr,02053,0.2677003741264343
ccstytr,02054,0.5788124799728394
ccstytr,02055,0.4590608477592468
ccstytr,02056,0.22983241081237793
ccstytr,02057,0.06711869686841965
ccstytr,02058,0.1254059076309204
ccstytr,02059,0.28165099024772644
ccstytr,02060,0.27107125520706177
ccstytr,02061,0.30722254514694214
ccstytr,02062,0.5369529128074646
ccstytr,02063,0.18598803877830505
ccstytr,02064,0.4268265664577484
ccstytr,02065,0.11209261417388916
ccstytr,02066,0.22620031237602234
ccstytr,02067,0.19513151049613953
ccstytr,02068,0.44743630290031433
ccstytr,02069,0.2838013172149658
ccstytr,02070,0.20339807868003845
ccstytr,02071,0.3551449775695801
ccstytr,02072,0.49483248591423035
ccstytr,02073,0.2693066895008087
ccstytr,02074,0.2250937670469284
ccstytr,02075,0.34941333532333374
ccstytr,02076,0.062066350132226944
ccstytr,02077,0.357401967048645
ccstytr,02078,0.17082703113555908
ccstytr,02079,0.2395603209733963
ccstytr,02080,0.5551026463508606
ccstytr,02081,0.2011190801858902
ccstytr,02082,0.2782241702079773
ccstytr,02083,0.23759151995182037
ccstytr,02084,0.18900536000728607
ccstytr,02085,0.29495739936828613
ccstytr,02086,0.10867125540971756
ccstytr,02087,0.1313985288143158
ccstytr,02088,0.4881150424480438
ccstytr,02089,0.23997282981872559
ccstytr,02090,0.30913227796554565
ccstytr,02091,0.2785399258136749
ccstytr,02092,0.3637068569660187
ccstytr,02093,0.05660058185458183
ccstytr,02094,0.6290528774261475
ccstytr,02095,0.10204514861106873
ccstytr,02096,0.3956209123134613
ccstytr,02097,0.4144192934036255
ccstytr,02098,0.40721750259399414
ccstytr,02099,0.46506237983703613
ccstytr,02100,0.41482776403427124
ccstytr,02101,0.1926167905330658
ccstytr,02102,0.14876136183738708
ccstytr,02103,0.29887863993644714
ccstytr,02104,0.527153491973877
ccstytr,02105,0.4132590889930725
ccstytr,02106,0.2171666920185089
ccstytr,02107,0.2221372127532959
ccstytr,02108,0.5004122257232666
ccstytr,02109,0.4452078938484192
ccstytr,02110,0.1435798704624176
ccstytr,02111,0.31374138593673706
ccstytr,02112,0.4939591884613037
ccstytr,02113,0.32622140645980835
ccstytr,02114,0.4390574097633362
ccstytr,02115,0.27059710025787354
ccstytr,02116,0.19294683635234833
ccstytr,02117,0.505892813205719
ccstytr,02118,0.36120229959487915
ccstytr,02119,0.11912598460912704
ccstytr,02120,0.21912269294261932
ccstytr,02121,0.29237115383148193
ccstytr,02122,0.1658925563097
ccstytr,02123,0.37663573026657104
ccstytr,02124,0.14785416424274445
ccstytr,02125,0.2594769597053528
ccstytr,02126,0.35493695735931396
ccstytr,02127,0.3312629759311676
ccstytr,02128,0.3059074282646179
ccstytr,02129,0.17918133735656738
ccstytr,02130,0.2655547261238098
ccstytr,02131,0.38838404417037964
ccstytr,02132,0.2843620777130127
ccstytr,02133,0.171318918466568
ccstytr,02134,0.39314043521881104
ccstytr,02135,0.06670218706130981
ccstytr,02136,0.1966242641210556
ccstytr,02137,0.21188773214817047
ccstytr,02138,0.4479551613330841
ccstytr,02139,0.565305233001709
ccstytr,02140,0.1268858015537262
ccstytr,02141,0.2256392240524292
ccstytr,02142,0.1109214499592781
ccstytr,02143,0.2830679416656494
ccstytr,02144,0.36065182089805603
ccstytr,02145,0.14764811098575592
ccstytr,02146,0.5017819404602051
ccstytr,02147,0.4092540740966797
ccstytr,02148,0.41364768147468567
ccstytr,02149,0.2797810733318329
ccstytr,02150,0.3946724534034729
ccstytr,02151,0.3423911929130554
ccstytr,02152,0.17914235591888428
ccstytr,02153,0.34091562032699585
ccstytr,02154,0.2668398320674896
ccstytr,02155,0.2736857831478119
ccstytr,02156,0.284720778465271
ccstytr,02157,0.3955422043800354
ccstytr,02158,0.08350912481546402
ccstytr,02159,0.24898824095726013
ccstytr,02160,0.3485483229160309
ccstytr,02161,0.1835019886493683
ccstytr,02162,0.10411374270915985
ccstytr,02163,0.3161616921424866
ccstytr,02164,0.33772894740104675
ccstytr,02165,0.29881006479263306
ccstytr,02166,0.33954909443855286
ccstytr,02167,0.49459853768348694
ccstytr,02168,0.3165573477745056
ccstytr,02169,0.4205198287963867
ccstytr,02170,0.22657056152820587
ccstytr,02171,0.43809258937835693
ccstytr,02172,0.2524319291114807
ccstytr,02173,0.29973527789115906
ccstytr,02174,0.2676094174385071
ccstytr,02175,0.40578314661979675
ccstytr,02176,0.1601562201976776
ccstytr,02177,0.32820022106170654
ccstytr,02178,0.3047183156013489
ccstytr,02179,0.4858223497867584
ccstytr,02180,0.40458500385284424
ccstytr,02181,0.4402354955673218
ccstytr,02182,0.09482160955667496
ccstytr,02183,0.23413608968257904
ccstytr,02184,0.09020189195871353
ccstytr,02185,0.14127203822135925
ccstytr,02186,0.3580949306488037
ccstytr,02187,0.29119598865509033
ccstytr,02188,-0.0022446848452091217
ccstytr,02189,0.21624433994293213
ccstytr,02190,0.10151968896389008
ccstytr,02191,0.283957839012146
ccstytr,02192,0.36544281244277954
ccstytr,02193,0.2526422441005707
ccstytr,02194,0.2644766867160797
ccstytr,02195,0.4289967119693756
ccstytr,02196,0.31922176480293274
ccstytr,02197,0.04899713769555092
ccstytr,02198,0.24861501157283783
ccstytr,02199,0.30021393299102783
ccstytr,02200,0.3595407009124756
ccstytr,02201,0.42128366231918335
ccstytr,02202,0.287384569644928
ccstytr,02203,0.3469327390193939
ccstytr,02204,0.24438852071762085
ccstytr,02205,0.12989957630634308
ccstytr,02206,0.36073756217956543
ccstytr,02207,0.281869500875473
ccstytr,02208,0.3524708151817322
ccstytr,02209,0.5432482957839966
ccstytr,02210,0.4255656599998474
ccstytr,02211,0.2782651484012604
ccstytr,02212,0.3463165760040283
ccstytr,02213,0.12354664504528046
ccstytr,02214,0.3681563436985016
ccstytr,02215,0.29174256324768066
ccstytr,02216,0.23832714557647705
ccstytr,02217,0.2738410234451294
ccstytr,02218,0.37807291746139526
ccstytr,02219,0.3847743272781372
ccstytr,02220,0.456109881401062
ccstytr,02221,0.5160276889801025
ccstytr,02222,0.34387755393981934
ccstytr,02223,0.261590838432312
ccstytr,02224,0.4756692051887512
ccstytr,02225,0.4841107726097107
ccstytr,02226,0.12252350896596909
ccstytr,02227,0.2458786964416504
ccstytr,02228,0.21716469526290894
ccstytr,02229,0.4549843370914459
ccstytr,02230,0.3180023729801178
ccstytr,02231,0.04348515719175339
ccstytr,02232,0.20037463307380676
ccstytr,02233,0.49714386463165283
ccstytr,02234,0.4536011219024658
ccstytr,02235,0.2765459716320038
ccstytr,02236,0.17096659541130066
ccstytr,02237,0.19275979697704315
ccstytr,02238,0.473853200674057
ccstytr,02239,0.28652799129486084
ccstytr,02240,0.32353633642196655
ccstytr,02241,0.31161272525787354
ccstytr,02242,0.26789477467536926
ccstytr,02243,0.26756829023361206
ccstytr,02244,0.3131679594516754
ccstytr,02245,0.1548706591129303
ccstytr,02246,0.2786749601364136
ccstytr,02247,0.22394263744354248
ccstytr,02248,0.6061358451843262
ccstytr,02249,0.09859823435544968
ccstytr,02250,0.15727636218070984
ccstytr,02251,0.3657854497432709
ccstytr,02252,0.2524776756763458
ccstytr,02253,0.5163271427154541
ccstytr,02254,0.1780831515789032
ccstytr,02255,0.20386596024036407
ccstytr,02256,0.25286102294921875
ccstytr,02257,0.16003409028053284
ccstytr,02258,0.300131231546402
ccstytr,02259,0.2327985167503357
ccstytr,02260,0.13894304633140564
ccstytr,02261,0.404537558555603
ccstytr,02262,0.3432352542877197
ccstytr,02263,0.1256156712770462
ccstytr,02264,0.4791290760040283
ccstytr,02265,0.05255774408578873
ccstytr,02266,0.471256822347641
ccstytr,02267,0.35406455397605896
ccstytr,02268,0.15624144673347473
ccstytr,02269,0.011059347540140152
ccstytr,02270,0.35311153531074524
ccstytr,02271,0.239569291472435
ccstytr,02272,0.27951645851135254
ccstytr,02273,0.22102391719818115
ccstytr,02274,0.21544650197029114
ccstytr,02275,0.24962346255779266
ccstytr,02276,0.26724979281425476
ccstytr,02277,0.37886011600494385
ccstytr,02278,0.3132209777832031
ccstytr,02279,0.2411133497953415
ccstytr,02280,0.18490156531333923
ccstytr,02281,0.3160378932952881
ccstytr,02282,0.34046855568885803
ccstytr,02283,0.007768545299768448
ccstytr,02284,0.30410152673721313
ccstytr,02285,0.32681554555892944
ccstytr,02286,0.22510629892349243
ccstytr,02287,0.30179303884506226
ccstytr,02288,0.24773281812667847
ccstytr,02289,0.2171076536178589
ccstytr,02290,0.37748435139656067
ccstytr,02291,0.3215177059173584
ccstytr,02292,0.37949055433273315
ccstytr,02293,0.28980299830436707
ccstytr,02294,0.5187559127807617
ccstytr,02295,0.23583292961120605
ccstytr,02296,0.29683247208595276
ccstytr,02297,0.2877891957759857
ccstytr,02298,0.4469433128833771
ccstytr,02299,0.09102172404527664
ccstytr,02300,0.2726334035396576
ccstytr,02301,0.30122074484825134
ccstytr,02302,0.40231990814208984
ccstytr,02303,0.4864569902420044
ccstytr,02304,0.2842274010181427
ccstytr,02305,0.3689573407173157
ccstytr,02306,0.36414021253585815
ccstytr,02307,0.16148898005485535
ccstytr,02308,0.14888995885849
ccstytr,02309,0.14665518701076508
ccstytr,02310,0.4884346127510071
ccstytr,02311,0.313409686088562
ccstytr,02312,0.4435904026031494
ccstytr,02313,0.44431591033935547
ccstytr,02314,0.19210436940193176
ccstytr,02315,0.2541351318359375
ccstytr,02316,0.3578253984451294
ccstytr,02317,0.20547902584075928
ccstytr,02318,0.40513646602630615
ccstytr,02319,0.29167434573173523
ccstytr,02320,0.3485223948955536
ccstytr,02321,0.3184332251548767
ccstytr,02322,0.4296215772628784
ccstytr,02323,0.30288636684417725
ccstytr,02324,0.32795363664627075
ccstytr,02325,0.41725122928619385
ccstytr,02326,0.18352994322776794
ccstytr,02327,0.2808820605278015
ccstytr,02328,0.4899589419364929
ccstytr,02329,0.26802653074264526
ccstytr,02330,0.13637474179267883
ccstytr,02331,0.3299645185470581
ccstytr,02332,0.13770994544029236
ccstytr,02333,0.36223676800727844
ccstytr,02334,0.12453635782003403
ccstytr,02335,0.4175533652305603
ccstytr,02336,0.03781112655997276
ccstytr,02337,0.4072788953781128
ccstytr,02338,0.28721529245376587
ccstytr,02339,0.2570640742778778
ccstytr,02340,0.2431267946958542
ccstytr,02341,0.10577458888292313
ccstytr,02342,0.11274292320013046
ccstytr,02343,0.22059892117977142
ccstytr,02344,0.34330660104751587
ccstytr,02345,0.13657887279987335
ccstytr,02346,0.09768761694431305
ccstytr,02347,0.262218177318573
ccstytr,02348,0.282844215631485
ccstytr,02349,0.21913260221481323
ccstytr,02350,0.16177652776241302
ccstytr,02351,0.3656289577484131
ccstytr,02352,0.48291775584220886
ccstytr,02353,0.23076215386390686
ccstytr,02354,0.22546356916427612
ccstytr,02355,0.5617271661758423
ccstytr,02356,0.46817097067832947
ccstytr,02357,0.04752544313669205
ccstytr,02358,0.12004224956035614
ccstytr,02359,0.6116600036621094
ccstytr,02360,0.39158785343170166
ccstytr,02361,0.17918069660663605
ccstytr,02362,0.21674689650535583
ccstytr,02363,0.2610172927379608
ccstytr,02364,0.6785932779312134
ccstytr,02365,0.4321249723434448
ccstytr,02366,0.3476809859275818
ccstytr,02367,0.49310481548309326
ccstytr,02368,0.29681551456451416
ccstytr,02369,0.215707927942276
ccstytr,02370,0.3343236446380615
ccstytr,02371,0.36551815271377563
ccstytr,02372,0.13011589646339417
ccstytr,02373,0.3129556477069855
ccstytr,02374,0.07266112416982651
ccstytr,02375,0.06982386857271194
ccstytr,02376,0.2225794941186905
ccstytr,02377,0.3555666208267212
ccstytr,02378,0.31159085035324097
ccstytr,02379,0.4211236238479614
ccstytr,02380,0.6429707407951355
ccstytr,02381,0.07669348269701004
ccstytr,02382,0.14903685450553894
ccstytr,02383,0.4404754042625427
ccstytr,02384,0.2931775450706482
ccstytr,02385,0.3260083794593811
ccstytr,02386,0.30496782064437866
ccstytr,02387,0.21093496680259705
ccstytr,02388,0.2725869119167328
ccstytr,02389,0.5295232534408569
ccstytr,02390,0.27162617444992065
ccstytr,02391,0.07584801316261292
ccstytr,02392,0.11116665601730347
ccstytr,02393,0.42231959104537964
ccstytr,02394,0.2529730200767517
ccstytr,02395,0.24444615840911865
ccstytr,02396,0.10414193570613861
ccstytr,02397,0.23925654590129852
ccstytr,02398,0.10270877927541733
ccstytr,02399,0.3931463062763214
ccstytr,02400,0.20034505426883698
ccstytr,02401,0.325748085975647
ccstytr,02402,0.3564072847366333
ccstytr,02403,0.371356725692749
ccstytr,02404,0.13281486928462982
ccstytr,02405,0.2707601487636566
ccstytr,02406,0.31969285011291504
ccstytr,02407,0.22720935940742493
ccstytr,02408,0.14666256308555603
ccstytr,02409,0.26755931973457336
ccstytr,02410,0.5478397011756897
ccstytr,02411,0.25443822145462036
ccstytr,02412,0.4117133319377899
ccstytr,02413,0.46472492814064026
ccstytr,02414,0.36041542887687683
ccstytr,02415,0.3140987157821655
ccstytr,02416,0.36340272426605225
ccstytr,02417,0.2439151108264923
ccstytr,02418,0.46424856781959534
ccstytr,02419,0.3974727988243103
ccstytr,02420,0.183116614818573
ccstytr,02421,0.39072853326797485
ccstytr,02422,0.7475612163543701
ccstytr,02423,0.3926261365413666
ccstytr,02424,0.6284122467041016
ccstytr,02425,0.23746047914028168
ccstytr,02426,0.45630136132240295
ccstytr,02427,0.5036615133285522
ccstytr,02428,0.19496531784534454
ccstytr,02429,0.2736144959926605
ccstytr,02430,0.00569529365748167
ccstytr,02431,0.1711696982383728
ccstytr,02432,0.13700467348098755
ccstytr,02433,0.30908918380737305
ccstytr,02434,0.1731896549463272
ccstytr,02435,0.17384859919548035
ccstytr,02436,0.3194594383239746
ccstytr,02437,0.37283986806869507
ccstytr,02438,0.2674282193183899
ccstytr,02439,0.47333866357803345
ccstytr,02440,0.4318208694458008
ccstytr,02441,0.18971097469329834
ccstytr,02442,0.13212960958480835
ccstytr,02443,0.3265914022922516
ccstytr,02444,0.2644244432449341
ccstytr,02445,0.15184390544891357
ccstytr,02446,0.4745909571647644
ccstytr,02447,0.16459736227989197
ccstytr,02448,0.1747448593378067
ccstytr,02449,0.4804956316947937
ccstytr,02450,0.20932281017303467
ccstytr,02451,0.11605706810951233
ccstytr,02452,0.19954755902290344
ccstytr,02453,0.24380938708782196
ccstytr,02454,0.42969703674316406
ccstytr,02455,0.545283854007721
ccstytr,02456,0.47851258516311646
ccstytr,02457,0.42924559116363525
ccstytr,02458,0.31176912784576416
ccstytr,02459,0.22304333746433258
ccstytr,02460,0.2777310609817505
ccstytr,02461,0.35630670189857483
ccstytr,02462,0.3677564561367035
ccstytr,02463,0.2599664032459259
ccstytr,02464,0.12762336432933807
ccstytr,02465,0.3444213271141052
ccstytr,02466,0.2673412561416626
ccstytr,02467,0.40492090582847595
ccstytr,02468,0.4633144736289978
ccstytr,02469,0.22045403718948364
ccstytr,02470,0.23524805903434753
ccstytr,02471,0.14017006754875183
ccstytr,02472,0.33181628584861755
ccstytr,02473,0.3935811519622803
ccstytr,02474,0.5337440967559814
ccstytr,02475,0.41640031337738037
ccstytr,02476,0.2713352143764496
ccstytr,02477,0.06690111011266708
ccstytr,02478,0.2621566653251648
ccstytr,02479,0.2336505651473999
ccstytr,02480,0.19835664331912994
ccstytr,02481,0.5126653909683228
ccstytr,02482,0.26969361305236816
ccstytr,02483,0.6511733531951904
ccstytr,02484,0.3037101924419403
ccstytr,02485,0.25767412781715393
ccstytr,02486,0.1706029772758484
ccstytr,02487,0.3664886951446533
ccstytr,02488,0.11885664612054825
ccstytr,02489,0.33270370960235596
ccstytr,02490,0.24705824255943298
ccstytr,02491,0.33253341913223267
ccstytr,02492,0.3323040008544922
ccstytr,02493,0.03800959140062332
ccstytr,02494,0.2896804213523865
ccstytr,02495,0.18389400839805603
ccstytr,02496,0.4372979402542114
ccstytr,02497,0.19823728501796722
ccstytr,02498,0.2544788718223572
ccstytr,02499,0.152767613530159
ccstytr,02500,0.09700039029121399
ccstytr,02501,0.18658840656280518
ccstytr,02502,0.639784574508667
ccstytr,02503,0.3239099383354187
ccstytr,02504,0.2946010231971741
ccstytr,02505,0.29904529452323914
ccstytr,02506,0.36002182960510254
ccstytr,02507,0.22857186198234558
ccstytr,02508,0.16362977027893066
ccstytr,02509,0.34275850653648376
ccstytr,02510,0.3771103620529175
ccstytr,02511,0.2635926902294159
ccstytr,02512,0.4275480806827545
ccstytr,02513,0.2792247235774994
ccstytr,02514,0.3880244493484497
ccstytr,02515,0.23494437336921692
ccstytr,02516,0.3970106840133667
ccstytr,02517,0.3845708668231964
ccstytr,02518,0.38395529985427856
ccstytr,02519,0.24714994430541992
ccstytr,02520,0.7142634391784668
ccstytr,02521,0.3581218123435974
ccstytr,02522,0.3322233557701111
ccstytr,02523,0.2068253755569458
ccstytr,02524,0.16277717053890228
ccstytr,02525,0.4412842392921448
ccstytr,02526,0.41130900382995605
ccstytr,02527,0.39357781410217285
ccstytr,02528,0.06703099608421326
ccstytr,02529,0.036209139972925186
ccstytr,02530,0.3665134608745575
ccstytr,02531,0.5235268473625183
ccstytr,02532,0.4734693765640259
ccstytr,02533,0.5698103904724121
ccstytr,02534,0.40831634402275085
ccstytr,02535,0.11479949206113815
ccstytr,02536,0.5204890966415405
ccstytr,02537,0.2023242712020874
ccstytr,02538,0.08793173730373383
ccstytr,02539,0.16555441915988922
ccstytr,02540,0.3861030340194702
ccstytr,02541,0.4399186372756958
ccstytr,02542,0.3826367259025574
ccstytr,02543,0.17702853679656982
ccstytr,02544,0.2650715410709381
ccstytr,02545,0.18662846088409424
ccstytr,02546,0.1502474546432495
ccstytr,02547,0.3252606689929962
ccstytr,02548,0.3220568299293518
ccstytr,02549,0.24889180064201355
ccstytr,02550,0.18189996480941772
ccstytr,02551,0.38343194127082825
ccstytr,02552,0.5213333368301392
ccstytr,02553,0.4469628930091858
ccstytr,02554,0.502189576625824
ccstytr,02555,0.27241405844688416
ccstytr,02556,0.15672847628593445
ccstytr,02557,0.22226455807685852
ccstytr,02558,0.40155601501464844
ccstytr,02559,0.1702142208814621
ccstytr,02560,0.19327646493911743
ccstytr,02561,0.24320518970489502
ccstytr,02562,0.3744358420372009
ccstytr,02563,0.20877858996391296
ccstytr,02564,0.33671531081199646
ccstytr,02565,0.16514459252357483
ccstytr,02566,0.5610921382904053
ccstytr,02567,0.33105775713920593
ccstytr,02568,0.3906016945838928
ccstytr,02569,0.2210160195827484
ccstytr,02570,0.24635234475135803
ccstytr,02571,0.3213310241699219
ccstytr,02572,0.2723163068294525
ccstytr,02573,0.552818775177002
ccstytr,02574,0.38063013553619385
ccstytr,02575,0.4227530360221863
ccstytr,02576,0.3396463096141815
ccstytr,02577,0.37204355001449585
ccstytr,02578,0.40240466594696045
ccstytr,02579,0.2642965614795685
ccstytr,02580,0.44634976983070374
ccstytr,02581,0.3839133679866791
ccstytr,02582,0.38280707597732544
ccstytr,02583,0.4892282485961914
ccstytr,02584,0.2768682837486267
ccstytr,02585,0.3241841495037079
ccstytr,02586,0.22040192782878876
ccstytr,02587,0.25336915254592896
ccstytr,02588,0.2740856409072876
ccstytr,02589,0.29788076877593994
ccstytr,02590,0.2729542553424835
ccstytr,02591,0.1256629228591919
ccstytr,02592,0.2430727779865265
ccstytr,02593,0.45403963327407837
ccstytr,02594,0.2712096571922302
ccstytr,02595,0.2894785702228546
ccstytr,02596,0.36504364013671875
ccstytr,02597,0.2083890736103058
ccstytr,02598,0.12848831713199615
ccstytr,02599,0.32472625374794006
ccstytr,02600,0.18390752375125885
ccstytr,02601,0.37149807810783386
ccstytr,02602,0.2799975872039795
ccstytr,02603,0.45325231552124023
ccstytr,02604,0.29134806990623474
ccstytr,02605,0.41924020648002625
ccstytr,02606,0.35238516330718994
ccstytr,02607,0.23295456171035767
ccstytr,02608,0.2259761542081833
ccstytr,02609,0.10167566686868668
ccstytr,02610,0.29864200949668884
ccstytr,02611,0.14359250664710999
ccstytr,02612,0.20269735157489777
ccstytr,02613,0.28772538900375366
ccstytr,02614,0.2665219306945801
ccstytr,02615,0.21447956562042236
ccstytr,02616,0.2909693717956543
ccstytr,02617,0.24619849026203156
ccstytr,02618,0.2689785659313202
ccstytr,02619,0.36816585063934326
ccstytr,02620,0.43806636333465576
ccstytr,02621,0.1686978042125702
ccstytr,02622,0.39317309856414795
ccstytr,02623,0.4026280641555786
ccstytr,02624,0.1790616512298584
ccstytr,02625,0.2789570093154907
ccstytr,02626,0.13158510625362396
ccstytr,02627,0.41707149147987366
ccstytr,02628,0.33619335293769836
ccstytr,02629,0.20059853792190552
ccstytr,02630,0.12209636718034744
ccstytr,02631,0.036960478872060776
ccstytr,02632,0.45749399065971375
ccstytr,02633,0.20557624101638794
ccstytr,02634,0.349666565656662
ccstytr,02635,0.06544016301631927
ccstytr,02636,0.2129010707139969
ccstytr,02637,0.1777278184890747
ccstytr,02638,0.3689996004104614
ccstytr,02639,0.09117691218852997
ccstytr,02640,0.35912030935287476
ccstytr,02641,0.3150273561477661
ccstytr,02642,0.3053516447544098
ccstytr,02643,0.307122141122818
ccstytr,02644,0.20475353300571442
ccstytr,02645,0.2952533960342407
ccstytr,02646,0.1477431058883667
ccstytr,02647,0.44064953923225403
ccstytr,02648,0.28825271129608154
ccstytr,02649,0.37532609701156616
ccstytr,02650,0.22643212974071503
ccstytr,02651,0.5176419019699097
ccstytr,02652,0.13110344111919403
ccstytr,02653,0.3042486906051636
ccstytr,02654,0.2134236991405487
ccstytr,02655,0.11590297520160675
ccstytr,02656,0.27338892221450806
ccstytr,02657,0.44128137826919556
ccstytr,02658,0.21197077631950378
ccstytr,02659,0.12676814198493958
ccstytr,02660,0.3107221722602844
ccstytr,02661,0.10197319090366364
ccstytr,02662,0.22803765535354614
ccstytr,02663,0.46925342082977295
ccstytr,02664,0.24364593625068665
ccstytr,02665,0.12680044770240784
ccstytr,02666,0.2843089699745178
ccstytr,02667,0.46408119797706604
ccstytr,02668,0.16609476506710052
ccstytr,02669,0.3376668691635132
ccstytr,02670,0.11824825406074524
ccstytr,02671,0.23533493280410767
ccstytr,02672,0.23693004250526428
ccstytr,02673,0.3734109401702881
ccstytr,02674,0.5046185255050659
ccstytr,02675,0.41754019260406494
ccstytr,02676,0.5004719495773315
ccstytr,02677,0.3690994679927826
ccstytr,02678,0.2871928811073303
ccstytr,02679,0.177514910697937
ccstytr,02680,0.4586417078971863
ccstytr,02681,0.09499907493591309
ccstytr,02682,0.17208020389080048
ccstytr,02683,0.30625200271606445
ccstytr,02684,0.33708298206329346
ccstytr,02685,0.4684058725833893
ccstytr,02686,0.1808914691209793
ccstytr,02687,0.29367494583129883
ccstytr,02688,0.12507745623588562
ccstytr,02689,0.3019772171974182
ccstytr,02690,0.3405676484107971
ccstytr,02691,0.4887506365776062
ccstytr,02692,0.3280991315841675
ccstytr,02693,0.33121681213378906
ccstytr,02694,0.14767004549503326
ccstytr,02695,0.2302267849445343
ccstytr,02696,0.36318111419677734
ccstytr,02697,0.19460579752922058
ccstytr,02698,0.011992907151579857
ccstytr,02699,0.11961426585912704
ccstytr,02700,0.2769320607185364
ccstytr,02701,0.27878719568252563
ccstytr,02702,0.32095709443092346
ccstytr,02703,0.6078540086746216
ccstytr,02704,0.11747075617313385
ccstytr,02705,0.16814522445201874
ccstytr,02706,0.32654914259910583
ccstytr,02707,0.5545260310173035
ccstytr,02708,0.20873764157295227
ccstytr,02709,0.590495228767395
ccstytr,02710,0.23741312325000763
ccstytr,02711,0.40368837118148804
ccstytr,02712,0.34908485412597656
ccstytr,02713,0.17908525466918945
ccstytr,02714,0.1730799376964569
ccstytr,02715,0.23891034722328186
ccstytr,02716,0.2672087550163269
ccstytr,02717,0.044764596968889236
ccstytr,02718,0.10025076568126678
ccstytr,02719,0.24642181396484375
ccstytr,02720,0.223804771900177
ccstytr,02721,0.3839944005012512
ccstytr,02722,0.14552342891693115
ccstytr,02723,0.3416173458099365
ccstytr,02724,0.32441699504852295
ccstytr,02725,0.18726640939712524
ccstytr,02726,0.3395431935787201
ccstytr,02727,0.4203304052352905
ccstytr,02728,0.010751418769359589
ccstytr,02729,0.23253312706947327
ccstytr,02730,0.2945139408111572
ccstytr,02731,0.2118486911058426
ccstytr,02732,0.18570423126220703
ccstytr,02733,0.29714083671569824
ccstytr,02734,0.16491609811782837
ccstytr,02735,0.22657510638237
ccstytr,02736,0.29048579931259155
ccstytr,02737,0.26749682426452637
ccstytr,02738,0.26403093338012695
ccstytr,02739,0.13383588194847107
ccstytr,02740,0.3300812244415283
ccstytr,02741,0.6331238150596619
ccstytr,02742,0.510162353515625
ccstytr,02743,0.43295109272003174
ccstytr,02744,0.3984048664569855
ccstytr,02745,0.1330420970916748
ccstytr,02746,0.4769054651260376
ccstytr,02747,0.2767286002635956
ccstytr,02748,0.3992922902107239
ccstytr,02749,0.6335027813911438
ccstytr,02750,0.5085274577140808
ccstytr,02751,0.265949010848999
ccstytr,02752,0.40113598108291626
ccstytr,02753,0.2240869551897049
ccstytr,02754,0.2559781074523926
ccstytr,02755,0.3587515354156494
ccstytr,02756,0.4286765158176422
ccstytr,02757,0.4259197413921356
ccstytr,02758,0.5429968237876892
ccstytr,02759,0.18535125255584717
ccstytr,02760,0.3023017346858978
ccstytr,02761,0.26746514439582825
ccstytr,02762,0.46559661626815796
ccstytr,02763,0.19687087833881378
ccstytr,02764,0.12322471290826797
ccstytr,02765,0.2836684584617615
ccstytr,02766,0.31814414262771606
ccstytr,02767,0.17985284328460693
ccstytr,02768,0.3672771453857422
ccstytr,02769,0.23007194697856903
ccstytr,02770,0.4541972875595093
ccstytr,02771,0.243223637342453
ccstytr,02772,0.2803071141242981
ccstytr,02773,0.20798979699611664
ccstytr,02774,0.17440079152584076
ccstytr,02775,0.4719206690788269
ccstytr,02776,0.11721579730510712
ccstytr,02777,0.3528539836406708
ccstytr,02778,0.3433467149734497
ccstytr,02779,0.5121526718139648
ccstytr,02780,0.3913436233997345
ccstytr,02781,0.3360477089881897
ccstytr,02782,0.34749123454093933
ccstytr,02783,0.31632426381111145
ccstytr,02784,0.2518808841705322
ccstytr,02785,0.31239232420921326
ccstytr,02786,0.3926333487033844
ccstytr,02787,0.28313401341438293
ccstytr,02788,0.2659721374511719
ccstytr,02789,0.23346206545829773
ccstytr,02790,0.42722344398498535
ccstytr,02791,0.34442153573036194
ccstytr,02792,0.23615731298923492
ccstytr,02793,0.13509422540664673
ccstytr,02794,0.1838964819908142
ccstytr,02795,0.19375984370708466
ccstytr,02796,-0.0004337430000305176
ccstytr,02797,0.15166012942790985
ccstytr,02798,0.17228811979293823
ccstytr,02799,0.48486316204071045
ccstytr,02800,0.21284884214401245
ccstytr,02801,0.466819167137146
ccstytr,02802,0.1738215982913971
ccstytr,02803,0.21029454469680786
ccstytr,02804,0.46256518363952637
ccstytr,02805,0.28686070442199707
ccstytr,02806,0.3824476897716522
ccstytr,02807,0.6673702001571655
ccstytr,02808,0.5205343961715698
ccstytr,02809,0.30743637681007385
ccstytr,02810,0.3886936604976654
ccstytr,02811,0.20024853944778442
ccstytr,02812,0.06627882272005081
ccstytr,02813,0.23316220939159393
ccstytr,02814,0.3649003207683563
ccstytr,02815,0.3885623514652252
ccstytr,02816,0.16207033395767212
ccstytr,02817,0.2796209454536438
ccstytr,02818,0.2467677891254425
ccstytr,02819,0.25854188203811646
ccstytr,02820,0.3630409836769104
ccstytr,02821,0.11142916232347488
ccstytr,02822,0.18793010711669922
ccstytr,02823,0.30368077754974365
ccstytr,02824,0.15202397108078003
ccstytr,02825,0.2712111175060272
ccstytr,02826,0.2896854877471924
ccstytr,02827,0.13350793719291687
ccstytr,02828,0.21753224730491638
ccstytr,02829,0.3749321699142456
ccstytr,02830,0.3552992343902588
ccstytr,02831,0.2995169162750244
ccstytr,02832,0.2696276307106018
ccstytr,02833,0.4746154546737671
ccstytr,02834,0.4779398739337921
ccstytr,02835,0.16015231609344482
ccstytr,02836,0.49649161100387573
ccstytr,02837,0.39772844314575195
ccstytr,02838,0.3236616551876068
ccstytr,02839,0.5523996949195862
ccstytr,02840,0.12958954274654388
ccstytr,02841,0.2585582137107849
ccstytr,02842,0.23964571952819824
ccstytr,02843,0.21389062702655792
ccstytr,02844,0.13449491560459137
ccstytr,02845,0.05049804225564003
ccstytr,02846,0.3081458806991577
ccstytr,02847,0.26825982332229614
ccstytr,02848,0.1580561250448227
ccstytr,02849,0.2466602772474289
ccstytr,02850,0.3609948754310608
ccstytr,02851,0.2437455654144287
ccstytr,02852,0.4188133776187897
ccstytr,02853,0.34299612045288086
ccstytr,02854,0.2413044273853302
ccstytr,02855,0.1350952684879303
ccstytr,02856,0.2369031012058258
ccstytr,02857,0.19258016347885132
ccstytr,02858,0.346878319978714
ccstytr,02859,0.24388933181762695
ccstytr,02860,0.4390924274921417
ccstytr,02861,0.20001010596752167
ccstytr,02862,0.21653634309768677
ccstytr,02863,0.3725135028362274
ccstytr,02864,0.2597097158432007
ccstytr,02865,0.44601646065711975
ccstytr,02866,0.35391271114349365
ccstytr,02867,0.38109925389289856
ccstytr,02868,0.42592334747314453
ccstytr,02869,0.21305209398269653
ccstytr,02870,0.07081028819084167
ccstytr,02871,0.17325344681739807
ccstytr,02872,0.23912695050239563
ccstytr,02873,0.3467037081718445
ccstytr,02874,0.32209116220474243
ccstytr,02875,0.5080562829971313
ccstytr,02876,0.5314939022064209
ccstytr,02877,0.5058588981628418
ccstytr,02878,0.2743546962738037
ccstytr,02879,0.20127476751804352
ccstytr,02880,0.12663234770298004
ccstytr,02881,0.4563939869403839
ccstytr,02882,0.22564291954040527
ccstytr,02883,0.20934386551380157
ccstytr,02884,0.3063737750053406
ccstytr,02885,0.33576351404190063
ccstytr,02886,0.017099548131227493
ccstytr,02887,0.35424381494522095
ccstytr,02888,0.2679465711116791
ccstytr,02889,0.23111426830291748
ccstytr,02890,0.2983301281929016
ccstytr,02891,0.29707998037338257
ccstytr,02892,0.48752516508102417
ccstytr,02893,0.278941810131073
ccstytr,02894,0.6255581378936768
ccstytr,02895,0.4368065893650055
ccstytr,02896,0.2786455452442169
ccstytr,02897,0.4768735468387604
ccstytr,02898,0.2612653076648712
ccstytr,02899,0.14230507612228394
ccstytr,02900,0.35409003496170044
ccstytr,02901,0.20690926909446716
ccstytr,02902,0.37817978858947754
ccstytr,02903,0.3165956139564514
ccstytr,02904,0.2771545648574829
ccstytr,02905,0.31246939301490784
ccstytr,02906,0.4654472768306732
ccstytr,02907,0.08111743628978729
ccstytr,02908,0.03974396735429764
ccstytr,02909,0.43705102801322937
ccstytr,02910,0.3157721757888794
ccstytr,02911,0.3151034116744995
ccstytr,02912,0.1740829050540924
ccstytr,02913,0.4721009135246277
ccstytr,02914,0.2198561728000641
ccstytr,02915,0.3314165472984314
ccstytr,02916,0.31986021995544434
ccstytr,02917,0.43368077278137207
ccstytr,02918,0.38790076971054077
ccstytr,02919,0.19238749146461487
ccstytr,02920,0.46260350942611694
ccstytr,02921,0.187333345413208
ccstytr,02922,0.17671215534210205
ccstytr,02923,0.3153059184551239
ccstytr,02924,0.29766595363616943
ccstytr,02925,0.4684098958969116
ccstytr,02926,0.2655344605445862
ccstytr,02927,0.5111324787139893
ccstytr,02928,0.21745091676712036
ccstytr,02929,0.24528580904006958
ccstytr,02930,0.3626593351364136
ccstytr,02931,0.3544992208480835
ccstytr,02932,0.41760337352752686
ccstytr,02933,0.4860355257987976
ccstytr,02934,0.08205828815698624
ccstytr,02935,0.26175907254219055
ccstytr,02936,0.2977398633956909
ccstytr,02937,0.11876314878463745
ccstytr,02938,0.3619479238986969
ccstytr,02939,0.4775158762931824
ccstytr,02940,0.29928427934646606
ccstytr,02941,0.3911762833595276
ccstytr,02942,0.3216104507446289
ccstytr,02943,0.11407212913036346
ccstytr,02944,0.2282704859972
ccstytr,02945,0.18356993794441223
ccstytr,02946,0.3125408887863159
ccstytr,02947,0.17521050572395325
ccstytr,02948,0.2222202867269516
ccstytr,02949,0.22358325123786926
ccstytr,02950,0.5128258466720581
ccstytr,02951,0.5191619992256165
ccstytr,02952,0.16276034712791443
ccstytr,02953,0.20111435651779175
ccstytr,02954,0.4585670828819275
ccstytr,02955,0.20906394720077515
ccstytr,02956,0.38714873790740967
ccstytr,02957,0.341762900352478
ccstytr,02958,0.28698357939720154
ccstytr,02959,0.07481502741575241
ccstytr,02960,0.3186057209968567
ccstytr,02961,0.32618868350982666
ccstytr,02962,0.16218391060829163
ccstytr,02963,0.27814608812332153
ccstytr,02964,0.5396511554718018
ccstytr,02965,0.4416816532611847
ccstytr,02966,0.49356961250305176
ccstytr,02967,0.16224470734596252
ccstytr,02968,0.2311890423297882
ccstytr,02969,0.33099091053009033
ccstytr,02970,0.3426769971847534
ccstytr,02971,0.375903457403183
ccstytr,02972,0.351792573928833
ccstytr,02973,0.41528385877609253
ccstytr,02974,0.2627604007720947
ccstytr,02975,0.07813075184822083
ccstytr,02976,0.2856850028038025
ccstytr,02977,0.3367313742637634
ccstytr,02978,0.2649889886379242
ccstytr,02979,0.4042853116989136
ccstytr,02980,0.08198663592338562
ccstytr,02981,0.611062228679657
ccstytr,02982,0.39774030447006226
ccstytr,02983,0.2987061142921448
ccstytr,02984,0.2471558153629303
ccstytr,02985,0.26561298966407776
ccstytr,02986,0.5205860137939453
ccstytr,02987,0.18120348453521729
ccstytr,02988,0.3276482820510864
ccstytr,02989,0.30579984188079834
ccstytr,02990,0.3634791672229767
ccstytr,02991,0.3442559540271759
ccstytr,02992,0.37546202540397644
ccstytr,02993,0.2768107056617737
ccstytr,02994,0.2034643292427063
ccstytr,02995,0.3937782943248749
ccstytr,02996,0.24485081434249878
ccstytr,02997,0.3543998897075653
ccstytr,02998,0.2362682968378067
ccstytr,02999,0.27396753430366516
ccstytr,03000,0.4380691647529602
ccstytr,03001,0.06250196695327759
ccstytr,03002,0.3113076090812683
ccstytr,03003,0.26511019468307495
ccstytr,03004,0.3135451674461365
ccstytr,03005,0.24834300577640533
ccstytr,03006,0.4434792995452881
ccstytr,03007,0.4763452410697937
ccstytr,03008,0.2760758399963379
ccstytr,03009,0.5216165781021118
ccstytr,03010,0.49418318271636963
ccstytr,03011,0.3071858286857605
ccstytr,03012,0.19861623644828796
ccstytr,03013,0.24532276391983032
ccstytr,03014,0.08569177240133286
ccstytr,03015,0.24048736691474915
ccstytr,03016,0.4746171236038208
ccstytr,03017,0.2733343839645386
ccstytr,03018,0.07164634019136429
ccstytr,03019,0.27567264437675476
ccstytr,03020,0.36245816946029663
ccstytr,03021,0.2553921043872833
ccstytr,03022,0.39912837743759155
ccstytr,03023,0.2872382402420044
ccstytr,03024,0.39804479479789734
ccstytr,03025,0.1764926016330719
ccstytr,03026,0.20649167895317078
ccstytr,03027,0.366912305355072
ccstytr,03028,0.46468526124954224
ccstytr,03029,0.044164106249809265
ccstytr,03030,0.27500981092453003
ccstytr,03031,0.08746602386236191
ccstytr,03032,0.3656710088253021
ccstytr,03033,0.18456107378005981
ccstytr,03034,0.3923300504684448
ccstytr,03035,0.22822305560112
ccstytr,03036,0.39533600211143494
ccstytr,03037,0.14130738377571106
ccstytr,03038,0.29702121019363403
ccstytr,03039,0.14264646172523499
ccstytr,03040,0.2887808382511139
ccstytr,03041,0.35648199915885925
ccstytr,03042,0.13583773374557495
ccstytr,03043,0.36004048585891724
ccstytr,03044,0.24558398127555847
ccstytr,03045,0.3683701753616333
ccstytr,03046,0.2206130176782608
ccstytr,03047,0.17091789841651917
ccstytr,03048,0.21702700853347778
ccstytr,03049,0.36362147331237793
ccstytr,03050,0.4655460715293884
ccstytr,03051,0.1457233428955078
ccstytr,03052,0.36797982454299927
ccstytr,03053,0.22125262022018433
ccstytr,03054,0.0801955908536911
ccstytr,03055,0.3475470244884491
ccstytr,03056,0.22682686150074005
ccstytr,03057,0.3575723171234131
ccstytr,03058,0.2800213694572449
ccstytr,03059,0.5432661771774292
ccstytr,03060,0.3508806824684143
ccstytr,03061,0.437595397233963
ccstytr,03062,0.5821449756622314
ccstytr,03063,0.37699654698371887
ccstytr,03064,0.4635711908340454
ccstytr,03065,0.2801235020160675
ccstytr,03066,0.2957921624183655
ccstytr,03067,0.31565871834754944
ccstytr,03068,0.04319405555725098
ccstytr,03069,0.24374547600746155
ccstytr,03070,0.18453317880630493
ccstytr,03071,0.3044009804725647
ccstytr,03072,0.09423455595970154
ccstytr,03073,0.32166844606399536
ccstytr,03074,0.353115051984787
ccstytr,03075,0.3212473392486572
ccstytr,03076,0.1739490032196045
ccstytr,03077,0.3288581371307373
ccstytr,03078,0.2921229600906372
ccstytr,03079,0.36165207624435425
ccstytr,03080,0.32154104113578796
ccstytr,03081,0.4026244878768921
ccstytr,03082,0.23121768236160278
ccstytr,03083,0.2847018241882324
ccstytr,03084,0.11870694160461426
ccstytr,03085,0.2720908522605896
ccstytr,03086,0.11543358862400055
ccstytr,03087,0.238957941532135
ccstytr,03088,0.35620999336242676
ccstytr,03089,0.1163470447063446
ccstytr,03090,0.19765736162662506
ccstytr,03091,0.4120978116989136
ccstytr,03092,0.3594334125518799
ccstytr,03093,0.2366398274898529
ccstytr,03094,0.10524807870388031
ccstytr,03095,0.4277854859828949
ccstytr,03096,0.29227298498153687
ccstytr,03097,0.268801212310791
ccstytr,03098,0.19784760475158691
ccstytr,03099,0.5771287083625793
ccstytr,03100,0.49022653698921204
ccstytr,03101,0.2765117585659027
ccstytr,03102,0.2929643988609314
ccstytr,03103,0.18642714619636536
ccstytr,03104,0.29809942841529846
ccstytr,03105,0.328804612159729
ccstytr,03106,0.3624882102012634
ccstytr,03107,0.5133618116378784
ccstytr,03108,0.23363831639289856
ccstytr,03109,0.28249654173851013
ccstytr,03110,0.40080076456069946
ccstytr,03111,0.32146692276000977
ccstytr,03112,0.4096457362174988
ccstytr,03113,0.14135655760765076
ccstytr,03114,0.28320324420928955
ccstytr,03115,0.3004295825958252
ccstytr,03116,0.17865578830242157
ccstytr,03117,0.30645591020584106
ccstytr,03118,0.29605650901794434
ccstytr,03119,0.19860312342643738
ccstytr,03120,0.1835031807422638
ccstytr,03121,0.39558717608451843
ccstytr,03122,0.11237385869026184
ccstytr,03123,0.2317158579826355
ccstytr,03124,0.5833485126495361
ccstytr,03125,0.06435858458280563
ccstytr,03126,0.21248361468315125
ccstytr,03127,0.14691630005836487
ccstytr,03128,0.04003572836518288
ccstytr,03129,0.29857492446899414
ccstytr,03130,0.1330006718635559
ccstytr,03131,0.430525004863739
ccstytr,03132,0.4499731659889221
ccstytr,03133,0.023319197818636894
ccstytr,03134,0.2741818130016327
ccstytr,03135,0.19882811605930328
ccstytr,03136,0.47798991203308105
ccstytr,03137,0.28992486000061035
ccstytr,03138,0.27528780698776245
ccstytr,03139,0.23215091228485107
ccstytr,03140,0.34908196330070496
ccstytr,03141,0.2766616642475128
ccstytr,03142,0.23222877085208893
ccstytr,03143,0.39590543508529663
ccstytr,03144,0.4225930869579315
ccstytr,03145,0.4647144377231598
ccstytr,03146,0.49075785279273987
ccstytr,03147,0.5852890014648438
ccstytr,03148,0.5462371110916138
ccstytr,03149,0.29939883947372437
ccstytr,03150,0.1550280749797821
ccstytr,03151,0.3317045569419861
ccstytr,03152,0.10844969004392624
ccstytr,03153,0.17603984475135803
ccstytr,03154,0.19080188870429993
ccstytr,03155,0.20864248275756836
ccstytr,03156,0.08469550311565399
ccstytr,03157,0.2552073299884796
ccstytr,03158,0.226974755525589
ccstytr,03159,0.2582134008407593
ccstytr,03160,0.43306607007980347
ccstytr,03161,0.40567004680633545
ccstytr,03162,0.022553546354174614
ccstytr,03163,0.35773003101348877
ccstytr,03164,0.3656412959098816
ccstytr,03165,0.4478050470352173
ccstytr,03166,0.132100448012352
ccstytr,03167,0.31296244263648987
ccstytr,03168,0.3071805238723755
ccstytr,03169,0.3085554242134094
ccstytr,03170,0.2630676031112671
ccstytr,03171,0.3778592348098755
ccstytr,03172,0.4282337725162506
ccstytr,03173,0.4900206923484802
ccstytr,03174,0.4806300103664398
ccstytr,03175,0.31068676710128784
ccstytr,03176,0.17699211835861206
ccstytr,03177,0.4953097105026245
ccstytr,03178,0.09230399876832962
ccstytr,03179,0.478365957736969
ccstytr,03180,0.18848347663879395
ccstytr,03181,0.4039953947067261
ccstytr,03182,0.39202702045440674
ccstytr,03183,0.6608929634094238
ccstytr,03184,0.16290727257728577
ccstytr,03185,0.15381529927253723
ccstytr,03186,0.46184322237968445
ccstytr,03187,0.33692634105682373
ccstytr,03188,0.2824636995792389
ccstytr,03189,0.16180360317230225
ccstytr,03190,0.14624404907226562
ccstytr,03191,0.25247710943222046
ccstytr,03192,0.2811393141746521
ccstytr,03193,0.44571399688720703
ccstytr,03194,0.3266228437423706
ccstytr,03195,0.5340303182601929
ccstytr,03196,0.4815562963485718
ccstytr,03197,0.3694360852241516
ccstytr,03198,0.35258573293685913
ccstytr,03199,0.21717974543571472
ccstytr,03200,0.3976767063140869
ccstytr,03201,0.35573258996009827
ccstytr,03202,0.4176715016365051
ccstytr,03203,0.4364759922027588
ccstytr,03204,0.4196254014968872
ccstytr,03205,0.2762550711631775
ccstytr,03206,0.4906410574913025
ccstytr,03207,0.26155585050582886
ccstytr,03208,0.053702086210250854
ccstytr,03209,0.4364008903503418
ccstytr,03210,0.23663048446178436
ccstytr,03211,0.19340693950653076
ccstytr,03212,0.46800321340560913
ccstytr,03213,0.22347953915596008
ccstytr,03214,0.42006075382232666
ccstytr,03215,0.18301115930080414
ccstytr,03216,0.26359301805496216
ccstytr,03217,0.48082590103149414
ccstytr,03218,0.12410835921764374
ccstytr,03219,0.43801844120025635
ccstytr,03220,0.3495345413684845
ccstytr,03221,0.42469823360443115
ccstytr,03222,0.5673221945762634
ccstytr,03223,0.357100248336792
ccstytr,03224,0.21236196160316467
ccstytr,03225,0.33694854378700256
ccstytr,03226,0.2504747211933136
ccstytr,03227,0.49446776509284973
ccstytr,03228,0.212854266166687
ccstytr,03229,0.3759479522705078
ccstytr,03230,0.4287334680557251
ccstytr,03231,0.3865797221660614
ccstytr,03232,0.07896997034549713
ccstytr,03233,0.4796610474586487
ccstytr,03234,0.17899079620838165
ccstytr,03235,0.368002712726593
ccstytr,03236,0.3684959411621094
ccstytr,03237,0.17678260803222656
ccstytr,03238,0.3101951777935028
ccstytr,03239,0.26056909561157227
ccstytr,03240,0.4541264772415161
ccstytr,03241,0.24119159579277039
ccstytr,03242,0.3065100312232971
ccstytr,03243,0.3777892589569092
ccstytr,03244,0.35513412952423096
ccstytr,03245,0.3806069791316986
ccstytr,03246,0.2956581711769104
ccstytr,03247,0.2873297929763794
ccstytr,03248,0.253628134727478
ccstytr,03249,0.45797258615493774
ccstytr,03250,0.4319239854812622
ccstytr,03251,0.025693537667393684
ccstytr,03252,0.1471802294254303
ccstytr,03253,0.2723498046398163
ccstytr,03254,0.1174723207950592
ccstytr,03255,0.3321283459663391
ccstytr,03256,0.48232418298721313
ccstytr,03257,0.5063316822052002
ccstytr,03258,0.4085540473461151
ccstytr,03259,0.38454338908195496
ccstytr,03260,0.1357976198196411
ccstytr,03261,0.4721352458000183
ccstytr,03262,0.21982154250144958
ccstytr,03263,0.34035205841064453
ccstytr,03264,0.3592240810394287
ccstytr,03265,0.15735740959644318
ccstytr,03266,0.3592110276222229
ccstytr,03267,0.17569585144519806
ccstytr,03268,0.39428168535232544
ccstytr,03269,0.3251156806945801
ccstytr,03270,0.3491039276123047
ccstytr,03271,0.2745719850063324
ccstytr,03272,0.6115847826004028
ccstytr,03273,0.21838675439357758
ccstytr,03274,0.36989545822143555
ccstytr,03275,0.526729941368103
ccstytr,03276,0.4004335403442383
ccstytr,03277,0.4157997965812683
ccstytr,03278,0.37315696477890015
ccstytr,03279,0.46973779797554016
ccstytr,03280,-0.007391167804598808
ccstytr,03281,0.11784383654594421
ccstytr,03282,0.23808343708515167
ccstytr,03283,0.2759934663772583
ccstytr,03284,0.35899627208709717
ccstytr,03285,0.540582537651062
ccstytr,03286,0.20685553550720215
ccstytr,03287,0.6854503154754639
ccstytr,03288,0.2973097562789917
ccstytr,03289,0.2662777602672577
ccstytr,03290,0.331354022026062
ccstytr,03291,0.26639026403427124
ccstytr,03292,0.2728399634361267
ccstytr,03293,0.4755297899246216
ccstytr,03294,0.1489497721195221
ccstytr,03295,0.23241907358169556
ccstytr,03296,0.28042519092559814
ccstytr,03297,0.35625311732292175
ccstytr,03298,0.2715270519256592
ccstytr,03299,0.6303417086601257
ccstytr,03300,0.3125625252723694
ccstytr,03301,0.18206195533275604
ccstytr,03302,0.4292576313018799
ccstytr,03303,0.3462178111076355
ccstytr,03304,0.16998939216136932
ccstytr,03305,0.3311223089694977
ccstytr,03306,0.4395313858985901
ccstytr,03307,0.32719218730926514
ccstytr,03308,0.4677610397338867
ccstytr,03309,0.2236044853925705
ccstytr,03310,0.46040892601013184
ccstytr,03311,0.21088877320289612
ccstytr,03312,0.5035828948020935
ccstytr,03313,0.28741204738616943
ccstytr,03314,0.400493860244751
ccstytr,03315,0.09439720958471298
ccstytr,03316,0.5455415844917297
ccstytr,03317,0.32687583565711975
ccstytr,03318,0.2602790594100952
ccstytr,03319,0.43125587701797485
ccstytr,03320,0.32771599292755127
ccstytr,03321,0.3615034818649292
ccstytr,03322,0.3338870108127594
ccstytr,03323,0.17148488759994507
ccstytr,03324,0.2806483507156372
ccstytr,03325,0.3115721344947815
ccstytr,03326,0.2618565857410431
ccstytr,03327,0.2855994701385498
ccstytr,03328,0.31694602966308594
ccstytr,03329,0.4800988733768463
ccstytr,03330,0.1865142285823822
ccstytr,03331,0.33536314964294434
ccstytr,03332,0.5028253793716431
ccstytr,03333,0.40886902809143066
ccstytr,03334,0.5918014049530029
ccstytr,03335,0.2972332239151001
ccstytr,03336,0.1539270281791687
ccstytr,03337,0.23468780517578125
ccstytr,03338,0.12164762616157532
ccstytr,03339,0.29709064960479736
ccstytr,03340,0.09407832473516464
ccstytr,03341,0.09989341348409653
ccstytr,03342,0.22026053071022034
ccstytr,03343,0.5077913403511047
ccstytr,03344,0.3009689152240753
ccstytr,03345,0.4712940454483032
ccstytr,03346,0.17564283311367035
ccstytr,03347,0.46636712551116943
ccstytr,03348,0.5074886679649353
ccstytr,03349,0.30328142642974854
ccstytr,03350,0.24596774578094482
ccstytr,03351,0.12271087616682053
ccstytr,03352,0.2925736904144287
ccstytr,03353,0.31032639741897583
ccstytr,03354,0.39149385690689087
ccstytr,03355,0.23338860273361206
ccstytr,03356,0.3440949320793152
ccstytr,03357,0.3001256585121155
ccstytr,03358,0.24814704060554504
ccstytr,03359,0.2629473805427551
ccstytr,03360,0.30103087425231934
ccstytr,03361,0.23294922709465027
ccstytr,03362,0.246402770280838
ccstytr,03363,0.4944652318954468
ccstytr,03364,0.19390423595905304
ccstytr,03365,0.34770286083221436
ccstytr,03366,0.3883012533187866
ccstytr,03367,0.3650854229927063
ccstytr,03368,0.36557793617248535
ccstytr,03369,0.11495281755924225
ccstytr,03370,0.11462980508804321
ccstytr,03371,0.3277586102485657
ccstytr,03372,0.05158253759145737
ccstytr,03373,0.16799341142177582
ccstytr,03374,0.38276106119155884
ccstytr,03375,0.052226342260837555
ccstytr,03376,0.47441428899765015
ccstytr,03377,0.2786087393760681
ccstytr,03378,0.07236181944608688
ccstytr,03379,-0.015127649530768394
ccstytr,03380,0.6514193415641785
ccstytr,03381,0.2096082866191864
ccstytr,03382,0.3483770787715912
ccstytr,03383,0.27688270807266235
ccstytr,03384,0.6322392821311951
ccstytr,03385,0.39474838972091675
ccstytr,03386,0.534964382648468
ccstytr,03387,0.23503519594669342
ccstytr,03388,0.5209441184997559
ccstytr,03389,0.4563664197921753
ccstytr,03390,0.33379900455474854
ccstytr,03391,0.3129625916481018
ccstytr,03392,-0.012682836502790451
ccstytr,03393,0.2616901397705078
ccstytr,03394,0.33756232261657715
ccstytr,03395,0.0947968065738678
ccstytr,03396,0.22943060100078583
ccstytr,03397,0.3841276168823242
ccstytr,03398,0.34432050585746765
ccstytr,03399,0.5411311388015747
ccstytr,03400,0.1197744756937027
ccstytr,03401,0.21816395223140717
ccstytr,03402,0.205774188041687
ccstytr,03403,0.09180742502212524
ccstytr,03404,0.4623902440071106
ccstytr,03405,0.38028639554977417
ccstytr,03406,0.3069083094596863
ccstytr,03407,0.3118313252925873
ccstytr,03408,0.14714303612709045
ccstytr,03409,0.34395378828048706
ccstytr,03410,0.22345158457756042
ccstytr,03411,0.5342857837677002
ccstytr,03412,0.40157634019851685
ccstytr,03413,0.28923332691192627
ccstytr,03414,0.23195615410804749
ccstytr,03415,0.25660958886146545
ccstytr,03416,0.291683554649353
ccstytr,03417,0.6203640699386597
ccstytr,03418,0.26465749740600586
ccstytr,03419,0.05175672471523285
ccstytr,03420,0.2910265326499939
ccstytr,03421,0.42389988899230957
ccstytr,03422,0.1441011279821396
ccstytr,03423,0.2633465826511383
ccstytr,03424,0.29725563526153564
ccstytr,03425,0.49405407905578613
ccstytr,03426,0.478022962808609
ccstytr,03427,0.3955475986003876
ccstytr,03428,0.22863240540027618
ccstytr,03429,0.19450509548187256
ccstytr,03430,0.42179304361343384
ccstytr,03431,0.23002254962921143
ccstytr,03432,0.4036603569984436
ccstytr,03433,0.25076955556869507
ccstytr,03434,0.2634243965148926
ccstytr,03435,0.20608073472976685
ccstytr,03436,0.38911962509155273
ccstytr,03437,0.20556579530239105
ccstytr,03438,0.44901585578918457
ccstytr,03439,0.3401789665222168
ccstytr,03440,0.027248047292232513
ccstytr,03441,0.5340944528579712
ccstytr,03442,0.11051294207572937
ccstytr,03443,0.4819967448711395
ccstytr,03444,0.07010539621114731
ccstytr,03445,0.19808535277843475
ccstytr,03446,0.141707181930542
ccstytr,03447,0.296506404876709
ccstytr,03448,0.3351461887359619
ccstytr,03449,0.38968709111213684
ccstytr,03450,0.36069315671920776
ccstytr,03451,0.4200213551521301
ccstytr,03452,0.3159981966018677
ccstytr,03453,0.08342324197292328
ccstytr,03454,0.45436328649520874
ccstytr,03455,0.5490458011627197
ccstytr,03456,0.4527254104614258
ccstytr,03457,0.39085742831230164
ccstytr,03458,0.10930561274290085
ccstytr,03459,0.2665340304374695
ccstytr,03460,0.3976448178291321
ccstytr,03461,0.15110638737678528
ccstytr,03462,0.460537850856781
ccstytr,03463,0.39805272221565247
ccstytr,03464,0.21202343702316284
ccstytr,03465,0.3809090256690979
ccstytr,03466,0.20053675770759583
ccstytr,03467,0.2716107964515686
ccstytr,03468,0.36070138216018677
ccstytr,03469,0.24649006128311157
ccstytr,03470,0.2585296630859375
ccstytr,03471,0.3021576702594757
ccstytr,03472,0.20168817043304443
ccstytr,03473,0.23454655706882477
ccstytr,03474,0.25466957688331604
ccstytr,03475,0.24980837106704712
ccstytr,03476,0.2492893487215042
ccstytr,03477,0.27990594506263733
ccstytr,03478,0.2586061358451843
ccstytr,03479,0.10566437244415283
ccstytr,03480,0.21567746996879578
ccstytr,03481,0.23460036516189575
ccstytr,03482,0.1974867731332779
ccstytr,03483,0.3182970881462097
ccstytr,03484,0.4285861849784851
ccstytr,03485,0.1878969520330429
ccstytr,03486,0.1483367681503296
ccstytr,03487,0.32906264066696167
ccstytr,03488,0.33944034576416016
ccstytr,03489,-0.0035556908696889877
ccstytr,03490,0.6358461380004883
ccstytr,03491,0.3354310393333435
ccstytr,03492,0.21070043742656708
ccstytr,03493,0.4609885811805725
ccstytr,03494,0.27115511894226074
ccstytr,03495,0.7484394311904907
ccstytr,03496,0.35102859139442444
ccstytr,03497,0.15485908091068268
ccstytr,03498,0.25014710426330566
ccstytr,03499,0.24608029425144196
ccstytr,03500,0.4307525157928467
ccstytr,03501,0.34754282236099243
ccstytr,03502,0.17453044652938843
ccstytr,03503,0.1991223692893982
ccstytr,03504,0.1880003809928894
ccstytr,03505,0.3074941635131836
ccstytr,03506,0.07630001753568649
ccstytr,03507,0.2051934003829956
ccstytr,03508,0.27907806634902954
ccstytr,03509,0.33645689487457275
ccstytr,03510,0.19946187734603882
ccstytr,03511,0.34938520193099976
ccstytr,03512,0.15450063347816467
ccstytr,03513,0.20758892595767975
ccstytr,03514,0.330803781747818
ccstytr,03515,0.23659992218017578
ccstytr,03516,0.19515877962112427
ccstytr,03517,0.2555607259273529
ccstytr,03518,0.29242396354675293
ccstytr,03519,0.33863550424575806
ccstytr,03520,0.37050771713256836
ccstytr,03521,0.4271494746208191
ccstytr,03522,0.314144104719162
ccstytr,03523,0.3707267642021179
ccstytr,03524,0.3571982979774475
ccstytr,03525,0.18448089063167572
ccstytr,03526,0.32235103845596313
ccstytr,03527,0.36401286721229553
ccstytr,03528,0.21741917729377747
ccstytr,03529,0.4073789119720459
ccstytr,03530,0.2066713273525238
ccstytr,03531,0.3940920829772949
ccstytr,03532,0.27423399686813354
ccstytr,03533,0.39104676246643066
ccstytr,03534,0.15048640966415405
ccstytr,03535,0.13221696019172668
ccstytr,03536,0.26922574639320374
ccstytr,03537,0.25965607166290283
ccstytr,03538,0.34414663910865784
ccstytr,03539,0.48354554176330566
ccstytr,03540,0.3520803451538086
ccstytr,03541,0.10088476538658142
ccstytr,03542,0.228724405169487
ccstytr,03543,0.36294490098953247
ccstytr,03544,0.26953452825546265
ccstytr,03545,0.2861388921737671
ccstytr,03546,0.30937671661376953
ccstytr,03547,0.13603553175926208
ccstytr,03548,0.23715589940547943
ccstytr,03549,0.2625793218612671
ccstytr,03550,0.36838749051094055
ccstytr,03551,0.3518814146518707
ccstytr,03552,0.15330085158348083
ccstytr,03553,0.3885035514831543
ccstytr,03554,0.17632699012756348
ccstytr,03555,0.1256895363330841
ccstytr,03556,0.15350306034088135
ccstytr,03557,0.346931517124176
ccstytr,03558,0.03975948318839073
ccstytr,03559,0.06607974320650101
ccstytr,03560,0.48205578327178955
ccstytr,03561,0.31622645258903503
ccstytr,03562,0.13330715894699097
ccstytr,03563,0.19284436106681824
ccstytr,03564,0.2148280143737793
ccstytr,03565,0.1402178704738617
ccstytr,03566,0.4806877076625824
ccstytr,03567,0.5712260007858276
ccstytr,03568,0.40977421402931213
ccstytr,03569,0.4447231590747833
ccstytr,03570,0.2896242141723633
ccstytr,03571,0.2755706310272217
ccstytr,03572,0.3052457571029663
ccstytr,03573,0.11638465523719788
ccstytr,03574,0.12191794812679291
ccstytr,03575,0.40614330768585205
ccstytr,03576,0.3155365586280823
ccstytr,03577,0.23605592548847198
ccstytr,03578,0.3235430121421814
ccstytr,03579,0.6131008863449097
ccstytr,03580,0.2675212323665619
ccstytr,03581,0.18751515448093414
ccstytr,03582,0.16170842945575714
ccstytr,03583,0.17275875806808472
ccstytr,03584,0.3385334610939026
ccstytr,03585,0.35427311062812805
ccstytr,03586,0.1690760850906372
ccstytr,03587,0.19370576739311218
ccstytr,03588,0.3432236909866333
ccstytr,03589,0.38296252489089966
ccstytr,03590,0.054142244160175323
ccstytr,03591,0.16386184096336365
ccstytr,03592,0.08325514942407608
ccstytr,03593,0.2738094925880432
ccstytr,03594,0.2075381577014923
ccstytr,03595,0.24306203424930573
ccstytr,03596,0.15601634979248047
ccstytr,03597,0.3720175623893738
ccstytr,03598,0.07975823432207108
ccstytr,03599,0.3497626781463623
ccstytr,03600,0.3014211654663086
ccstytr,03601,0.30981484055519104
ccstytr,03602,0.2913917899131775
ccstytr,03603,0.1370404064655304
ccstytr,03604,0.3431401550769806
ccstytr,03605,0.36218172311782837
ccstytr,03606,0.3467191755771637
ccstytr,03607,0.3543916940689087
ccstytr,03608,0.3421666622161865
ccstytr,03609,0.11930925399065018
ccstytr,03610,0.3040626645088196
ccstytr,03611,0.18337266147136688
ccstytr,03612,0.3873407542705536
ccstytr,03613,0.1422397941350937
ccstytr,03614,0.45489704608917236
ccstytr,03615,0.033988453447818756
ccstytr,03616,0.30433180928230286
ccstytr,03617,0.04471509903669357
ccstytr,03618,0.08739349246025085
ccstytr,03619,0.4185580015182495
ccstytr,03620,0.48329368233680725
ccstytr,03621,0.20644192397594452
ccstytr,03622,0.4697624742984772
ccstytr,03623,0.418853759765625
ccstytr,03624,0.2017650157213211
ccstytr,03625,0.4043464660644531
ccstytr,03626,0.19626709818840027
ccstytr,03627,0.30919480323791504
ccstytr,03628,0.15862563252449036
ccstytr,03629,0.2890781760215759
ccstytr,03630,0.36742568016052246
ccstytr,03631,0.47387945652008057
ccstytr,03632,0.2620546817779541
ccstytr,03633,0.29957035183906555
ccstytr,03634,0.26189759373664856
ccstytr,03635,0.27623069286346436
ccstytr,03636,0.2823331356048584
ccstytr,03637,0.29953598976135254
ccstytr,03638,0.57623291015625
ccstytr,03639,0.3410150408744812
ccstytr,03640,0.2483425736427307
ccstytr,03641,0.2701115608215332
ccstytr,03642,0.48181796073913574
ccstytr,03643,0.21222679316997528
ccstytr,03644,0.2919004559516907
ccstytr,03645,0.3414597511291504
ccstytr,03646,0.4198969900608063
ccstytr,03647,0.42959922552108765
ccstytr,03648,0.48931658267974854
ccstytr,03649,0.5363792181015015
ccstytr,03650,0.2570350170135498
ccstytr,03651,0.4047544002532959
ccstytr,03652,0.19395604729652405
ccstytr,03653,0.25182661414146423
ccstytr,03654,0.28478071093559265
ccstytr,03655,0.3723439574241638
ccstytr,03656,0.36699119210243225
ccstytr,03657,0.2530440092086792
ccstytr,03658,0.3735235631465912
ccstytr,03659,0.15046484768390656
ccstytr,03660,0.3888055980205536
ccstytr,03661,0.49901801347732544
ccstytr,03662,0.22562800347805023
ccstytr,03663,0.2145524024963379
ccstytr,03664,0.13125112652778625
ccstytr,03665,0.40166932344436646
ccstytr,03666,0.3642676770687103
ccstytr,03667,0.30957287549972534
ccstytr,03668,0.30980604887008667
ccstytr,03669,0.19514818489551544
ccstytr,03670,0.31042394042015076
ccstytr,03671,0.5176260471343994
ccstytr,03672,0.3880223333835602
ccstytr,03673,0.2771588861942291
ccstytr,03674,0.14253129065036774
ccstytr,03675,0.3322734534740448
ccstytr,03676,0.32517921924591064
ccstytr,03677,-0.05283581465482712
ccstytr,03678,0.29692310094833374
ccstytr,03679,0.3696994185447693
ccstytr,03680,0.28454840183258057
ccstytr,03681,0.4006001949310303
ccstytr,03682,0.23092138767242432
ccstytr,03683,0.27468740940093994
ccstytr,03684,0.3003135919570923
ccstytr,03685,0.47712278366088867
ccstytr,03686,0.5236601829528809
ccstytr,03687,0.3086353838443756
ccstytr,03688,0.32650190591812134
ccstytr,03689,0.33833980560302734
ccstytr,03690,0.1287391483783722
ccstytr,03691,0.36277100443840027
ccstytr,03692,0.3384530544281006
ccstytr,03693,0.4154454469680786
ccstytr,03694,0.3091646432876587
ccstytr,03695,0.15660889446735382
ccstytr,03696,0.38607946038246155
ccstytr,03697,0.2472020834684372
ccstytr,03698,0.43170157074928284
ccstytr,03699,0.016576619818806648
ccstytr,03700,0.20496439933776855
ccstytr,03701,0.31919950246810913
ccstytr,03702,0.2502508759498596
ccstytr,03703,0.3785512149333954
ccstytr,03704,0.3593481183052063
ccstytr,03705,0.5198410153388977
ccstytr,03706,0.31697696447372437
ccstytr,03707,0.3465367257595062
ccstytr,03708,0.36982426047325134
ccstytr,03709,0.4707503914833069
ccstytr,03710,0.207468181848526
ccstytr,03711,0.21905860304832458
ccstytr,03712,0.22092390060424805
ccstytr,03713,0.47831034660339355
ccstytr,03714,0.22905030846595764
ccstytr,03715,0.08449296653270721
ccstytr,03716,0.3464459776878357
ccstytr,03717,0.34272754192352295
ccstytr,03718,0.09414657950401306
ccstytr,03719,0.4339243769645691
ccstytr,03720,0.17107006907463074
ccstytr,03721,0.1621539294719696
ccstytr,03722,0.39187368750572205
ccstytr,03723,0.18688635528087616
ccstytr,03724,0.2893119156360626
ccstytr,03725,0.3654140830039978
ccstytr,03726,0.4042161703109741
ccstytr,03727,0.38509276509284973
ccstytr,03728,0.17365601658821106
ccstytr,03729,0.18427634239196777
ccstytr,03730,0.28236621618270874
ccstytr,03731,0.18686741590499878
ccstytr,03732,0.4408424496650696
ccstytr,03733,0.5036321878433228
ccstytr,03734,0.5237793922424316
ccstytr,03735,0.4156232178211212
ccstytr,03736,0.15441186726093292
ccstytr,03737,0.323045939207077
ccstytr,03738,0.3891076147556305
ccstytr,03739,0.30683955550193787
ccstytr,03740,0.23331736028194427
ccstytr,03741,0.5608525276184082
ccstytr,03742,0.282365083694458
ccstytr,03743,0.3769933581352234
ccstytr,03744,0.15235832333564758
ccstytr,03745,0.4015229344367981
ccstytr,03746,0.11977623403072357
ccstytr,03747,0.32231348752975464
ccstytr,03748,0.3673993945121765
ccstytr,03749,0.2592679262161255
ccstytr,03750,0.2574639320373535
ccstytr,03751,0.04683251306414604
ccstytr,03752,0.2564396560192108
ccstytr,03753,0.09892953932285309
ccstytr,03754,0.28098759055137634
ccstytr,03755,0.24408680200576782
ccstytr,03756,0.3470454514026642
ccstytr,03757,0.204803928732872
ccstytr,03758,0.505786657333374
ccstytr,03759,0.20449092984199524
ccstytr,03760,0.361299991607666
ccstytr,03761,0.3036968410015106
ccstytr,03762,0.27801117300987244
ccstytr,03763,0.3328295648097992
ccstytr,03764,0.22398382425308228
ccstytr,03765,0.4660205841064453
ccstytr,03766,0.05449042096734047
ccstytr,03767,0.28005313873291016
ccstytr,03768,0.23356282711029053
ccstytr,03769,0.22145017981529236
ccstytr,03770,0.1584475338459015
ccstytr,03771,0.43823468685150146
ccstytr,03772,0.23574402928352356
ccstytr,03773,0.41515153646469116
ccstytr,03774,0.5665221214294434
ccstytr,03775,0.2916524112224579
ccstytr,03776,0.41397520899772644
ccstytr,03777,0.42474523186683655
ccstytr,03778,0.29482269287109375
ccstytr,03779,0.5337907671928406
ccstytr,03780,0.20275145769119263
ccstytr,03781,0.283316433429718
ccstytr,03782,0.37592095136642456
ccstytr,03783,0.17919203639030457
ccstytr,03784,0.4269442856311798
ccstytr,03785,0.19381943345069885
ccstytr,03786,0.3479931354522705
ccstytr,03787,0.20198792219161987
ccstytr,03788,0.29555875062942505
ccstytr,03789,0.09401412308216095
ccstytr,03790,0.27838417887687683
ccstytr,03791,0.4424428939819336
ccstytr,03792,0.057296376675367355
ccstytr,03793,0.5325821042060852
ccstytr,03794,0.23672500252723694
ccstytr,03795,0.2878373861312866
ccstytr,03796,0.4076692461967468
ccstytr,03797,0.3763270974159241
ccstytr,03798,0.5085601806640625
ccstytr,03799,0.21486885845661163
ccstytr,03800,0.20125684142112732
ccstytr,03801,0.15174591541290283
ccstytr,03802,0.39508354663848877
ccstytr,03803,0.21102620661258698
ccstytr,03804,0.1555374264717102
ccstytr,03805,0.22681854665279388
ccstytr,03806,0.25551632046699524
ccstytr,03807,0.1250234842300415
ccstytr,03808,0.2945326566696167
ccstytr,03809,0.21181154251098633
ccstytr,03810,0.2634984850883484
ccstytr,03811,0.3091009259223938
ccstytr,03812,0.26874929666519165
ccstytr,03813,0.30080074071884155
ccstytr,03814,0.16777721047401428
ccstytr,03815,0.11849795281887054
ccstytr,03816,0.251304030418396
ccstytr,03817,0.3885706067085266
ccstytr,03818,0.012335151433944702
ccstytr,03819,0.1766371726989746
ccstytr,03820,0.10367531329393387
ccstytr,03821,0.31511372327804565
ccstytr,03822,0.13837572932243347
ccstytr,03823,0.5046600103378296
ccstytr,03824,0.2165173590183258
ccstytr,03825,0.2416304349899292
ccstytr,03826,0.053115829825401306
ccstytr,03827,0.43459606170654297
ccstytr,03828,0.18097005784511566
ccstytr,03829,0.2563413977622986
ccstytr,03830,0.5088149309158325
ccstytr,03831,0.18858134746551514
ccstytr,03832,0.15752579271793365
ccstytr,03833,0.545342206954956
ccstytr,03834,0.5048243999481201
ccstytr,03835,0.16254079341888428
ccstytr,03836,0.2530457377433777
ccstytr,03837,0.42668503522872925
ccstytr,03838,0.5308862924575806
ccstytr,03839,0.11909221112728119
ccstytr,03840,0.5859075784683228
ccstytr,03841,0.34166067838668823
ccstytr,03842,0.054720714688301086
ccstytr,03843,0.4916301965713501
ccstytr,03844,0.12153473496437073
ccstytr,03845,0.30775532126426697
ccstytr,03846,0.16415998339653015
ccstytr,03847,0.2559182345867157
ccstytr,03848,0.11411187797784805
ccstytr,03849,0.21615920960903168
ccstytr,03850,0.23024578392505646
ccstytr,03851,0.32594233751296997
ccstytr,03852,0.15897709131240845
ccstytr,03853,0.3283616900444031
ccstytr,03854,0.30205386877059937
ccstytr,03855,0.2423875480890274
ccstytr,03856,0.15916550159454346
ccstytr,03857,0.42465218901634216
ccstytr,03858,0.5328515768051147
ccstytr,03859,0.1974082887172699
ccstytr,03860,0.45092442631721497
ccstytr,03861,0.3101896047592163
ccstytr,03862,0.1956930160522461
ccstytr,03863,0.4395645260810852
ccstytr,03864,0.3808664381504059
ccstytr,03865,0.21870096027851105
ccstytr,03866,0.3398972749710083
ccstytr,03867,0.23320618271827698
ccstytr,03868,0.4177940785884857
ccstytr,03869,0.4292001724243164
ccstytr,03870,0.2687202990055084
ccstytr,03871,0.4589758515357971
ccstytr,03872,0.23324330151081085
ccstytr,03873,0.31636688113212585
ccstytr,03874,0.3717810809612274
ccstytr,03875,0.14264234900474548
ccstytr,03876,0.3586024343967438
ccstytr,03877,0.11003217101097107
ccstytr,03878,0.6095701456069946
ccstytr,03879,0.41125720739364624
ccstytr,03880,0.49004632234573364
ccstytr,03881,0.20173756778240204
ccstytr,03882,0.5137125849723816
ccstytr,03883,0.3712366819381714
ccstytr,03884,0.2854998707771301
ccstytr,03885,0.32976233959198
ccstytr,03886,0.3715135455131531
ccstytr,03887,0.3414156436920166
ccstytr,03888,0.04754222184419632
ccstytr,03889,0.3284592032432556
ccstytr,03890,0.43668222427368164
ccstytr,03891,0.32841986417770386
ccstytr,03892,0.31153589487075806
ccstytr,03893,0.33564749360084534
ccstytr,03894,0.260792076587677
ccstytr,03895,0.6581976413726807
ccstytr,03896,0.20645613968372345
ccstytr,03897,0.575189471244812
ccstytr,03898,0.40358245372772217
ccstytr,03899,0.1947421431541443
ccstytr,03900,0.40992259979248047
ccstytr,03901,0.3207029104232788
ccstytr,03902,-0.008808230981230736
ccstytr,03903,0.14227212965488434
ccstytr,03904,0.256511390209198
ccstytr,03905,0.14501264691352844
ccstytr,03906,0.29686862230300903
ccstytr,03907,0.1518305093050003
ccstytr,03908,0.20372548699378967
ccstytr,03909,0.10722501575946808
ccstytr,03910,0.5481196641921997
ccstytr,03911,0.5714273452758789
ccstytr,03912,0.32200124859809875
ccstytr,03913,0.19076842069625854
ccstytr,03914,0.18272434175014496
ccstytr,03915,0.03314951807260513
ccstytr,03916,0.20209930837154388
ccstytr,03917,0.1717391312122345
ccstytr,03918,0.06067831814289093
ccstytr,03919,0.4216160476207733
ccstytr,03920,0.4732380211353302
ccstytr,03921,0.40303054451942444
ccstytr,03922,0.27725303173065186
ccstytr,03923,0.27395063638687134
ccstytr,03924,0.21045464277267456
ccstytr,03925,0.22611071169376373
ccstytr,03926,0.12379460781812668
ccstytr,03927,0.48599448800086975
ccstytr,03928,0.3467555642127991
ccstytr,03929,0.18787911534309387
ccstytr,03930,0.08788128197193146
ccstytr,03931,0.3046594560146332
ccstytr,03932,0.19225339591503143
ccstytr,03933,0.3913078010082245
ccstytr,03934,0.3785340189933777
ccstytr,03935,0.3889317214488983
ccstytr,03936,0.11647871881723404
ccstytr,03937,0.4343230128288269
ccstytr,03938,0.16751448810100555
ccstytr,03939,0.28392520546913147
ccstytr,03940,0.524537205696106
ccstytr,03941,0.48669764399528503
ccstytr,03942,0.35350310802459717
ccstytr,03943,0.3487347960472107
ccstytr,03944,0.25020986795425415
ccstytr,03945,0.17728102207183838
ccstytr,03946,0.4090440273284912
ccstytr,03947,0.2488775998353958
ccstytr,03948,0.411942720413208
ccstytr,03949,0.40900906920433044
ccstytr,03950,0.3017728328704834
ccstytr,03951,0.2557227611541748
ccstytr,03952,0.18468955159187317
ccstytr,03953,0.1790037453174591
ccstytr,03954,0.2498151957988739
ccstytr,03955,0.2252275049686432
ccstytr,03956,0.26283717155456543
ccstytr,03957,0.34664082527160645
ccstytr,03958,0.4425433874130249
ccstytr,03959,0.3659573197364807
ccstytr,03960,0.19106996059417725
ccstytr,03961,0.32465386390686035
ccstytr,03962,0.14759983122348785
ccstytr,03963,0.31975680589675903
ccstytr,03964,0.288418710231781
ccstytr,03965,0.2464713454246521
ccstytr,03966,0.3328549265861511
ccstytr,03967,0.4908888638019562
ccstytr,03968,0.29077476263046265
ccstytr,03969,0.3635936379432678
ccstytr,03970,0.554726779460907
ccstytr,03971,0.37312841415405273
ccstytr,03972,0.28755640983581543
ccstytr,03973,0.31375205516815186
ccstytr,03974,0.24099859595298767
ccstytr,03975,0.15439777076244354
ccstytr,03976,0.19639407098293304
ccstytr,03977,0.3128696084022522
ccstytr,03978,0.25562143325805664
ccstytr,03979,0.3028358519077301
ccstytr,03980,0.3684772849082947
ccstytr,03981,0.3520376682281494
ccstytr,03982,0.370534747838974
ccstytr,03983,0.41453197598457336
ccstytr,03984,0.18863120675086975
ccstytr,03985,0.3802705705165863
ccstytr,03986,0.1402093470096588
ccstytr,03987,0.4030606150627136
ccstytr,03988,0.20318299531936646
ccstytr,03989,0.2832435071468353
ccstytr,03990,0.24500316381454468
ccstytr,03991,0.006789437495172024
ccstytr,03992,0.2896013557910919
ccstytr,03993,0.32202762365341187
ccstytr,03994,0.14963829517364502
ccstytr,03995,0.30749082565307617
ccstytr,03996,0.3731185495853424
ccstytr,03997,0.1374327689409256
ccstytr,03998,0.5243242979049683
ccstytr,03999,0.17176587879657745
ccstytr,04000,0.46339845657348633
ccstytr,04001,0.483695924282074
ccstytr,04002,0.513904333114624
ccstytr,04003,0.22174105048179626
ccstytr,04004,0.23250634968280792
ccstytr,04005,0.442749559879303
ccstytr,04006,0.38794752955436707
ccstytr,04007,0.4179462790489197
ccstytr,04008,0.2832871675491333
ccstytr,04009,0.3622599244117737
ccstytr,04010,0.20391735434532166
ccstytr,04011,0.42806631326675415
ccstytr,04012,0.3672674298286438
ccstytr,04013,0.11038866639137268
ccstytr,04014,0.5113112926483154
ccstytr,04015,0.30841466784477234
ccstytr,04016,0.3545175790786743
ccstytr,04017,0.5836434364318848
ccstytr,04018,0.29348987340927124
ccstytr,04019,0.18451863527297974
ccstytr,04020,0.2262440025806427
ccstytr,04021,0.39779266715049744
ccstytr,04022,0.18128956854343414
ccstytr,04023,0.3164101243019104
ccstytr,04024,0.29360467195510864
ccstytr,04025,0.28142744302749634
ccstytr,04026,0.3150070309638977
ccstytr,04027,0.45077162981033325
ccstytr,04028,0.3219725489616394
ccstytr,04029,0.3057858347892761
ccstytr,04030,0.2911826968193054
ccstytr,04031,0.12589499354362488
ccstytr,04032,0.1771637350320816
ccstytr,04033,0.3286881744861603
ccstytr,04034,0.07495638728141785
ccstytr,04035,0.37859758734703064
ccstytr,04036,0.23314233124256134
ccstytr,04037,0.5716269016265869
ccstytr,04038,0.47844022512435913
ccstytr,04039,0.26145967841148376
ccstytr,04040,0.3501269817352295
ccstytr,04041,0.5595560073852539
ccstytr,04042,0.18566909432411194
ccstytr,04043,0.36510491371154785
ccstytr,04044,0.5034211277961731
ccstytr,04045,0.2855416536331177
ccstytr,04046,0.2068476378917694
ccstytr,04047,0.5245663523674011
ccstytr,04048,0.4855257272720337
ccstytr,04049,0.3826574981212616
ccstytr,04050,0.33197128772735596
ccstytr,04051,0.20611417293548584
ccstytr,04052,0.14163227379322052
ccstytr,04053,0.2993728220462799
ccstytr,04054,0.3862590789794922
ccstytr,04055,0.2529110312461853
ccstytr,04056,0.3426998257637024
ccstytr,04057,0.47828784584999084
ccstytr,04058,0.15351366996765137
ccstytr,04059,0.107969269156456
ccstytr,04060,0.30779433250427246
ccstytr,04061,0.2624972462654114
ccstytr,04062,0.024939756840467453
ccstytr,04063,0.3810715675354004
ccstytr,04064,0.3112209439277649
ccstytr,04065,0.29810386896133423
ccstytr,04066,0.25100255012512207
ccstytr,04067,0.2234160602092743
ccstytr,04068,0.3420921862125397
ccstytr,04069,0.2950711250305176
ccstytr,04070,0.29297786951065063
ccstytr,04071,0.27675551176071167
ccstytr,04072,0.27127617597579956
ccstytr,04073,0.44333773851394653
ccstytr,04074,0.3156387209892273
ccstytr,04075,0.18034522235393524
ccstytr,04076,0.2057686448097229
ccstytr,04077,0.06479451060295105
ccstytr,04078,0.23505567014217377
ccstytr,04079,0.10536393523216248
ccstytr,04080,0.359774649143219
ccstytr,04081,0.31289732456207275
ccstytr,04082,0.4230901598930359
ccstytr,04083,0.13517910242080688
ccstytr,04084,0.2085420787334442
ccstytr,04085,0.3612171411514282
ccstytr,04086,0.4651171863079071
ccstytr,04087,0.3043603301048279
ccstytr,04088,0.4480287432670593
ccstytr,04089,0.21862155199050903
ccstytr,04090,0.22740459442138672
ccstytr,04091,0.4657639265060425
ccstytr,04092,0.5662088990211487
ccstytr,04093,0.5706366300582886
ccstytr,04094,0.5907760858535767
ccstytr,04095,0.19546684622764587
ccstytr,04096,0.1567186713218689
ccstytr,04097,0.4236643314361572
ccstytr,04098,0.3448965549468994
ccstytr,04099,0.4305380582809448
ccstytr,04100,0.2910180389881134
ccstytr,04101,0.4757012724876404
ccstytr,04102,0.2986436188220978
ccstytr,04103,0.3472522497177124
ccstytr,04104,0.1665486842393875
ccstytr,04105,0.45922428369522095
ccstytr,04106,0.4800742268562317
ccstytr,04107,0.3689844608306885
ccstytr,04108,0.2884352207183838
ccstytr,04109,0.34682148694992065
ccstytr,04110,0.3845183253288269
ccstytr,04111,0.12154536694288254
ccstytr,04112,0.14306367933750153
ccstytr,04113,0.37403666973114014
ccstytr,04114,0.35312619805336
ccstytr,04115,0.38134151697158813
ccstytr,04116,0.1752619594335556
ccstytr,04117,0.24623791873455048
ccstytr,04118,0.21027328073978424
ccstytr,04119,0.44944509863853455
ccstytr,04120,0.4958893358707428
ccstytr,04121,0.31119102239608765
ccstytr,04122,0.19319917261600494
ccstytr,04123,0.43660399317741394
ccstytr,04124,0.27992308139801025
ccstytr,04125,0.40934354066848755
ccstytr,04126,0.1948624849319458
ccstytr,04127,0.39562535285949707
ccstytr,04128,0.14106416702270508
ccstytr,04129,0.5084692239761353
ccstytr,04130,0.21377064287662506
ccstytr,04131,0.3917001187801361
ccstytr,04132,0.17446056008338928
ccstytr,04133,0.010606478899717331
ccstytr,04134,0.18507453799247742
ccstytr,04135,0.36856526136398315
ccstytr,04136,0.2596559524536133
ccstytr,04137,0.6123151779174805
ccstytr,04138,0.2911596894264221
ccstytr,04139,0.3292888402938843
ccstytr,04140,0.18840602040290833
ccstytr,04141,0.17935332655906677
ccstytr,04142,0.19921085238456726
ccstytr,04143,0.5300654172897339
ccstytr,04144,0.49235743284225464
ccstytr,04145,0.274816632270813
ccstytr,04146,0.19945484399795532
ccstytr,04147,0.3692142367362976
ccstytr,04148,0.17362941801548004
ccstytr,04149,0.24244438111782074
ccstytr,04150,0.3969433903694153
ccstytr,04151,0.2721613645553589
ccstytr,04152,0.4287247657775879
ccstytr,04153,0.4471931457519531
ccstytr,04154,0.15018384158611298
ccstytr,04155,0.48722371459007263
ccstytr,04156,0.12750953435897827
ccstytr,04157,0.2614097595214844
ccstytr,04158,0.22132322192192078
ccstytr,04159,0.23392018675804138
ccstytr,04160,0.3122410774230957
ccstytr,04161,0.2238805890083313
ccstytr,04162,0.23649317026138306
ccstytr,04163,0.3906610608100891
ccstytr,04164,0.3968518376350403
ccstytr,04165,0.253298282623291
ccstytr,04166,0.10052676498889923
ccstytr,04167,0.2406385838985443
ccstytr,04168,0.5236285328865051
ccstytr,04169,0.3829922080039978
ccstytr,04170,0.2849273979663849
ccstytr,04171,0.31047627329826355
ccstytr,04172,0.3853566646575928
ccstytr,04173,0.22358962893486023
ccstytr,04174,0.34528133273124695
ccstytr,04175,0.2331312596797943
ccstytr,04176,0.3338545560836792
ccstytr,04177,0.17917072772979736
ccstytr,04178,0.17664429545402527
ccstytr,04179,0.0717817097902298
ccstytr,04180,0.1446734368801117
ccstytr,04181,0.38130372762680054
ccstytr,04182,0.25173044204711914
ccstytr,04183,0.24440310895442963
ccstytr,04184,0.2197895646095276
ccstytr,04185,0.3560011088848114
ccstytr,04186,0.16662296652793884
ccstytr,04187,0.3862389922142029
ccstytr,04188,0.11966118961572647
ccstytr,04189,0.2989373505115509
ccstytr,04190,0.13416406512260437
ccstytr,04191,0.35608112812042236
ccstytr,04192,0.44279801845550537
ccstytr,04193,0.5130881071090698
ccstytr,04194,0.3444708585739136
ccstytr,04195,0.34667256474494934
ccstytr,04196,0.37215492129325867
ccstytr,04197,0.17050042748451233
ccstytr,04198,0.18722456693649292
ccstytr,04199,0.2677726745605469
ccstytr,04200,0.2850508391857147
ccstytr,04201,0.23594072461128235
ccstytr,04202,0.3084571957588196
ccstytr,04203,0.21708232164382935
ccstytr,04204,0.34337443113327026
ccstytr,04205,0.027712460607290268
ccstytr,04206,0.4541252851486206
ccstytr,04207,0.297766774892807
ccstytr,04208,0.2433483600616455
ccstytr,04209,0.13056455552577972
ccstytr,04210,0.4027172327041626
ccstytr,04211,0.19003841280937195
ccstytr,04212,0.4674423336982727
ccstytr,04213,0.4139072299003601
ccstytr,04214,0.12025332450866699
ccstytr,04215,0.1423206329345703
ccstytr,04216,0.14987069368362427
ccstytr,04217,0.21307770907878876
ccstytr,04218,0.20157355070114136
ccstytr,04219,0.4389651417732239
ccstytr,04220,0.44240665435791016
ccstytr,04221,0.3215388357639313
ccstytr,04222,0.288887083530426
ccstytr,04223,0.2827123999595642
ccstytr,04224,0.25993114709854126
ccstytr,04225,0.08594943583011627
ccstytr,04226,0.41768190264701843
ccstytr,04227,0.36078906059265137
ccstytr,04228,0.40894097089767456
ccstytr,04229,0.33199137449264526
ccstytr,04230,0.2548578381538391
ccstytr,04231,0.2596389651298523
ccstytr,04232,0.2212306708097458
ccstytr,04233,0.2939678430557251
ccstytr,04234,0.3846219778060913
ccstytr,04235,0.4414170980453491
ccstytr,04236,0.1700097918510437
ccstytr,04237,0.2981463074684143
ccstytr,04238,0.1139182299375534
ccstytr,04239,0.16630986332893372
ccstytr,04240,0.24941420555114746
ccstytr,04241,0.23763695359230042
ccstytr,04242,0.2691943049430847
ccstytr,04243,0.3836461305618286
ccstytr,04244,0.37596067786216736
ccstytr,04245,0.41241198778152466
ccstytr,04246,0.3858290910720825
ccstytr,04247,0.26998043060302734
ccstytr,04248,0.23633915185928345
ccstytr,04249,0.32151177525520325
ccstytr,04250,0.22445932030677795
ccstytr,04251,0.13749507069587708
ccstytr,04252,0.3318434953689575
ccstytr,04253,0.3837934732437134
ccstytr,04254,0.2525566518306732
ccstytr,04255,0.25542712211608887
ccstytr,04256,0.257484495639801
ccstytr,04257,0.3041694760322571
ccstytr,04258,0.29294300079345703
ccstytr,04259,0.40614962577819824
ccstytr,04260,0.1539473533630371
ccstytr,04261,0.04964589327573776
ccstytr,04262,0.23201055824756622
ccstytr,04263,0.2177484929561615
ccstytr,04264,0.29116010665893555
ccstytr,04265,0.1411675214767456
ccstytr,04266,0.35577476024627686
ccstytr,04267,0.17328548431396484
ccstytr,04268,0.5591107606887817
ccstytr,04269,0.19945040345191956
ccstytr,04270,0.3882916569709778
ccstytr,04271,0.2867913246154785
ccstytr,04272,0.4092579782009125
ccstytr,04273,0.41710352897644043
ccstytr,04274,0.2807721495628357
ccstytr,04275,0.34536001086235046
ccstytr,04276,0.5707950592041016
ccstytr,04277,0.4249061942100525
ccstytr,04278,0.2355862259864807
ccstytr,04279,0.22715380787849426
ccstytr,04280,0.1523503065109253
ccstytr,04281,0.36137330532073975
ccstytr,04282,0.09901005029678345
ccstytr,04283,0.1385764628648758
ccstytr,04284,0.1982264518737793
ccstytr,04285,0.4507957398891449
ccstytr,04286,0.12018267810344696
ccstytr,04287,0.09183207154273987
ccstytr,04288,0.23238012194633484
ccstytr,04289,0.473358154296875
ccstytr,04290,0.3699033260345459
ccstytr,04291,0.5346661806106567
ccstytr,04292,0.28692883253097534
ccstytr,04293,0.030281558632850647
ccstytr,04294,0.07510809600353241
ccstytr,04295,0.4206213355064392
ccstytr,04296,0.37641116976737976
ccstytr,04297,0.4619343876838684
ccstytr,04298,0.3419135510921478
ccstytr,04299,0.47928714752197266
ccstytr,04300,0.48920077085494995
ccstytr,04301,0.22284585237503052
ccstytr,04302,0.4772833287715912
ccstytr,04303,0.530221700668335
ccstytr,04304,0.2485828399658203
ccstytr,04305,0.3451600670814514
ccstytr,04306,0.19684885442256927
ccstytr,04307,0.2694565951824188
ccstytr,04308,0.364530473947525
ccstytr,04309,0.27383390069007874
ccstytr,04310,0.0856376439332962
ccstytr,04311,0.43839478492736816
ccstytr,04312,0.2633901834487915
ccstytr,04313,0.3447995185852051
ccstytr,04314,0.17882904410362244
ccstytr,04315,0.28230178356170654
ccstytr,04316,0.4315861463546753
ccstytr,04317,0.2883480191230774
ccstytr,04318,0.534518301486969
ccstytr,04319,0.156841441988945
ccstytr,04320,0.37584298849105835
ccstytr,04321,0.10809074342250824
ccstytr,04322,0.5004665851593018
ccstytr,04323,0.3195841312408447
ccstytr,04324,0.3927130699157715
ccstytr,04325,0.4040828347206116
ccstytr,04326,0.2506572902202606
ccstytr,04327,0.4903300404548645
ccstytr,04328,0.3866291046142578
ccstytr,04329,0.4001580774784088
ccstytr,04330,0.17989665269851685
ccstytr,04331,0.1361750066280365
ccstytr,04332,0.24804797768592834
ccstytr,04333,0.18442866206169128
ccstytr,04334,0.19369079172611237
ccstytr,04335,0.39524438977241516
ccstytr,04336,0.19423627853393555
ccstytr,04337,0.21371138095855713
ccstytr,04338,0.3448232412338257
ccstytr,04339,0.38999831676483154
ccstytr,04340,0.41520825028419495
ccstytr,04341,0.31157034635543823
ccstytr,04342,0.2032732367515564
ccstytr,04343,0.3348524570465088
ccstytr,04344,0.49046987295150757
ccstytr,04345,0.32670697569847107
ccstytr,04346,0.4261610507965088
ccstytr,04347,0.3077881932258606
ccstytr,04348,0.3000512421131134
ccstytr,04349,0.46410831809043884
ccstytr,04350,0.2995203137397766
ccstytr,04351,0.46991032361984253
ccstytr,04352,0.07035164535045624
ccstytr,04353,0.3923291563987732
ccstytr,04354,0.17817358672618866
ccstytr,04355,0.22722113132476807
ccstytr,04356,0.25205695629119873
ccstytr,04357,0.4363883137702942
ccstytr,04358,0.2553085386753082
ccstytr,04359,0.3979545533657074
ccstytr,04360,0.553805410861969
ccstytr,04361,0.02408953197300434
ccstytr,04362,0.3474966287612915
ccstytr,04363,0.22816592454910278
ccstytr,04364,0.03872619569301605
ccstytr,04365,0.16703814268112183
ccstytr,04366,0.033044006675481796
ccstytr,04367,0.4120559096336365
ccstytr,04368,0.2673755884170532
ccstytr,04369,0.4031553566455841
ccstytr,04370,0.12087875604629517
ccstytr,04371,0.2507825493812561
ccstytr,04372,0.3873744010925293
ccstytr,04373,0.37034595012664795
ccstytr,04374,0.2353660762310028
ccstytr,04375,0.2758983075618744
ccstytr,04376,0.2911871373653412
ccstytr,04377,0.2697187066078186
ccstytr,04378,0.14328503608703613
ccstytr,04379,0.29488664865493774
ccstytr,04380,0.23829978704452515
ccstytr,04381,0.3667646646499634
ccstytr,04382,0.20336246490478516
ccstytr,04383,0.12559720873832703
ccstytr,04384,0.32109108567237854
ccstytr,04385,0.2536657452583313
ccstytr,04386,0.6805896759033203
ccstytr,04387,0.5639916658401489
ccstytr,04388,0.4982764720916748
ccstytr,04389,0.41857394576072693
ccstytr,04390,0.6212472319602966
ccstytr,04391,0.33738064765930176
ccstytr,04392,0.43338584899902344
ccstytr,04393,0.22520901262760162
ccstytr,04394,0.5482107400894165
ccstytr,04395,0.2175263911485672
ccstytr,04396,0.3058624565601349
ccstytr,04397,0.09790869057178497
ccstytr,04398,0.3504636883735657
ccstytr,04399,0.35388022661209106
ccstytr,04400,0.41371047496795654
ccstytr,04401,0.4049097001552582
ccstytr,04402,0.1248229444026947
ccstytr,04403,0.22682249546051025
ccstytr,04404,0.10642051696777344
ccstytr,04405,0.44086119532585144
ccstytr,04406,0.27887216210365295
ccstytr,04407,0.5220503807067871
ccstytr,04408,0.4142756462097168
ccstytr,04409,0.10074569284915924
ccstytr,04410,0.2573872208595276
ccstytr,04411,0.12896493077278137
ccstytr,04412,0.6225289106369019
ccstytr,04413,0.11067159473896027
ccstytr,04414,0.1567164808511734
ccstytr,04415,0.5796921849250793
ccstytr,04416,0.3262949287891388
ccstytr,04417,0.2509475350379944
ccstytr,04418,0.32539480924606323
ccstytr,04419,0.5153291821479797
ccstytr,04420,0.2707865834236145
ccstytr,04421,0.3385559320449829
ccstytr,04422,0.20297861099243164
ccstytr,04423,0.3322243392467499
ccstytr,04424,0.4753906726837158
ccstytr,04425,0.19192959368228912
ccstytr,04426,0.4424564838409424
ccstytr,04427,0.42300307750701904
ccstytr,04428,0.4154919385910034
ccstytr,04429,0.3387654423713684
ccstytr,04430,0.19185809791088104
ccstytr,04431,0.2096448838710785
ccstytr,04432,0.11729506403207779
ccstytr,04433,0.24078013002872467
ccstytr,04434,0.2513789236545563
ccstytr,04435,0.4646736979484558
ccstytr,04436,0.6009306907653809
ccstytr,04437,0.45629245042800903
ccstytr,04438,0.6228898763656616
ccstytr,04439,0.32740288972854614
ccstytr,04440,0.2060372680425644
ccstytr,04441,0.09439097344875336
ccstytr,04442,0.06622645258903503
ccstytr,04443,0.17212393879890442
ccstytr,04444,0.3190726637840271
ccstytr,04445,0.35556137561798096
ccstytr,04446,0.2419387698173523
ccstytr,04447,0.17514172196388245
ccstytr,04448,0.5277904868125916
ccstytr,04449,0.20036570727825165
ccstytr,04450,0.2970049977302551
ccstytr,04451,0.1923309564590454
ccstytr,04452,0.3089538812637329
ccstytr,04453,0.2744014859199524
ccstytr,04454,0.23570388555526733
ccstytr,04455,0.3654208779335022
ccstytr,04456,0.090189628303051
ccstytr,04457,0.202123761177063
ccstytr,04458,0.24367478489875793
ccstytr,04459,0.17175015807151794
ccstytr,04460,0.27673959732055664
ccstytr,04461,0.3325878977775574
ccstytr,04462,0.11600436270236969
ccstytr,04463,0.2748679518699646
ccstytr,04464,0.36046168208122253
ccstytr,04465,0.37597745656967163
ccstytr,04466,0.46596115827560425
ccstytr,04467,0.3485022783279419
ccstytr,04468,0.3516535758972168
ccstytr,04469,0.4536603093147278
ccstytr,04470,0.052491191774606705
ccstytr,04471,0.2635684907436371
ccstytr,04472,0.2465989887714386
ccstytr,04473,0.32403048872947693
ccstytr,04474,0.28497621417045593
ccstytr,04475,0.16560150682926178
ccstytr,04476,0.30702322721481323
ccstytr,04477,0.3560248911380768
ccstytr,04478,0.1990969181060791
ccstytr,04479,0.3248976469039917
ccstytr,04480,0.3178862929344177
ccstytr,04481,0.24189431965351105
ccstytr,04482,0.10808845609426498
ccstytr,04483,0.2479846179485321
ccstytr,04484,0.3195675015449524
ccstytr,04485,0.4084031879901886
ccstytr,04486,0.14660927653312683
ccstytr,04487,0.41545569896698
ccstytr,04488,0.30173900723457336
ccstytr,04489,0.42633727192878723
ccstytr,04490,0.21556809544563293
ccstytr,04491,0.298356294631958
ccstytr,04492,0.38988274335861206
ccstytr,04493,0.4018503725528717
ccstytr,04494,0.41773831844329834
ccstytr,04495,0.5012978911399841
ccstytr,04496,0.6399059295654297
ccstytr,04497,0.27938681840896606
ccstytr,04498,0.23092275857925415
ccstytr,04499,0.2616859972476959
ccstytr,04500,0.4347728490829468
ccstytr,04501,0.15844446420669556
ccstytr,04502,0.633063554763794
ccstytr,04503,0.33015844225883484
ccstytr,04504,0.40204283595085144
ccstytr,04505,0.24905197322368622
ccstytr,04506,0.4302649199962616
ccstytr,04507,0.4000006318092346
ccstytr,04508,0.26377052068710327
ccstytr,04509,0.18446549773216248
ccstytr,04510,0.3846554160118103
ccstytr,04511,0.27594053745269775
ccstytr,04512,0.38122326135635376
ccstytr,04513,0.40684255957603455
ccstytr,04514,0.42692142724990845
ccstytr,04515,0.35533565282821655
ccstytr,04516,0.09571588784456253
ccstytr,04517,0.10329228639602661
ccstytr,04518,0.2423768937587738
ccstytr,04519,0.16157589852809906
ccstytr,04520,0.40687164664268494
ccstytr,04521,0.06378290057182312
ccstytr,04522,0.21745622158050537
ccstytr,04523,0.13519245386123657
ccstytr,04524,0.36859339475631714
ccstytr,04525,0.055027641355991364
ccstytr,04526,0.43078315258026123
ccstytr,04527,0.26905471086502075
ccstytr,04528,0.2482656091451645
ccstytr,04529,0.4413144886493683
ccstytr,04530,0.2171301543712616
ccstytr,04531,0.35343310236930847
ccstytr,04532,0.2850647270679474
ccstytr,04533,0.2724946439266205
ccstytr,04534,0.37721943855285645
ccstytr,04535,0.1850036084651947
ccstytr,04536,0.3401969075202942
ccstytr,04537,0.31748032569885254
ccstytr,04538,0.44142064452171326
ccstytr,04539,0.39929088950157166
ccstytr,04540,0.19184160232543945
ccstytr,04541,0.381766676902771
ccstytr,04542,0.3874014616012573
ccstytr,04543,0.40390798449516296
ccstytr,04544,0.47374945878982544
ccstytr,04545,0.11588394641876221
ccstytr,04546,0.30757254362106323
ccstytr,04547,0.4146713614463806
ccstytr,04548,0.3332553505897522
ccstytr,04549,0.23375658690929413
ccstytr,04550,0.1574503779411316
ccstytr,04551,0.3337475657463074
ccstytr,04552,0.15288609266281128
ccstytr,04553,0.30105239152908325
ccstytr,04554,0.23240497708320618
ccstytr,04555,0.3310016691684723
ccstytr,04556,0.33288267254829407
ccstytr,04557,0.1901705265045166
ccstytr,04558,0.2746240496635437
ccstytr,04559,0.3307739794254303
ccstytr,04560,0.11725077778100967
ccstytr,04561,0.28088217973709106
ccstytr,04562,0.48272088170051575
ccstytr,04563,0.37242624163627625
ccstytr,04564,0.21622994542121887
ccstytr,04565,0.39137810468673706
ccstytr,04566,0.18343138694763184
ccstytr,04567,0.49067422747612
ccstytr,04568,0.2127184271812439
ccstytr,04569,0.3302992582321167
ccstytr,04570,0.1505761742591858
ccstytr,04571,0.22343945503234863
ccstytr,04572,0.3192758560180664
ccstytr,04573,0.17635522782802582
ccstytr,04574,0.48468339443206787
ccstytr,04575,0.11774949729442596
ccstytr,04576,0.16515913605690002
ccstytr,04577,0.5265849828720093
ccstytr,04578,0.21268010139465332
ccstytr,04579,0.41625723242759705
ccstytr,04580,0.1492907553911209
ccstytr,04581,0.24339914321899414
ccstytr,04582,0.4485451579093933
ccstytr,04583,0.19456925988197327
ccstytr,04584,0.035140883177518845
ccstytr,04585,0.10702390968799591
ccstytr,04586,0.25112438201904297
ccstytr,04587,0.2968723773956299
ccstytr,04588,0.45460060238838196
ccstytr,04589,0.19261491298675537
ccstytr,04590,0.2677968740463257
ccstytr,04591,0.3344317674636841
ccstytr,04592,0.36434227228164673
ccstytr,04593,0.27600201964378357
ccstytr,04594,0.2931033670902252
ccstytr,04595,0.2485126554965973
ccstytr,04596,0.5019298791885376
ccstytr,04597,0.25153517723083496
ccstytr,04598,0.3214406669139862
ccstytr,04599,0.3294774293899536
ccstytr,04600,0.2639086842536926
ccstytr,04601,0.09273220598697662
ccstytr,04602,0.44675660133361816
ccstytr,04603,0.10543785989284515
ccstytr,04604,0.4773792028427124
ccstytr,04605,0.2816147208213806
ccstytr,04606,0.22521480917930603
ccstytr,04607,0.19286540150642395
ccstytr,04608,0.3360843062400818
ccstytr,04609,0.28799301385879517
ccstytr,04610,0.07207134366035461
ccstytr,04611,0.1575535088777542
ccstytr,04612,0.23157532513141632
ccstytr,04613,0.3133494555950165
ccstytr,04614,0.20204341411590576
ccstytr,04615,0.2456575185060501
ccstytr,04616,0.5037136077880859
ccstytr,04617,0.3578014373779297
ccstytr,04618,0.30356577038764954
ccstytr,04619,0.34909337759017944
ccstytr,04620,0.4734308421611786
ccstytr,04621,0.33015018701553345
ccstytr,04622,0.15626123547554016
ccstytr,04623,0.3108852505683899
ccstytr,04624,0.1700470745563507
ccstytr,04625,0.2609122693538666
ccstytr,04626,0.35465824604034424
ccstytr,04627,0.22267790138721466
ccstytr,04628,0.33907678723335266
ccstytr,04629,0.24003161489963531
ccstytr,04630,0.3803521394729614
ccstytr,04631,0.2660050392150879
ccstytr,04632,0.2226470708847046
ccstytr,04633,0.2006787210702896
ccstytr,04634,0.2920094132423401
ccstytr,04635,0.331717312335968
ccstytr,04636,0.47369787096977234
ccstytr,04637,0.34742045402526855
ccstytr,04638,0.44194281101226807
ccstytr,04639,0.4593898057937622
ccstytr,04640,0.3806057572364807
ccstytr,04641,0.42973530292510986
ccstytr,04642,0.44393783807754517
ccstytr,04643,0.19725394248962402
ccstytr,04644,0.26502281427383423
ccstytr,04645,0.3294524848461151
ccstytr,04646,0.4540141820907593
ccstytr,04647,0.4530014991760254
ccstytr,04648,0.5791419148445129
ccstytr,04649,0.28214776515960693
ccstytr,04650,0.15169307589530945
ccstytr,04651,0.3878772556781769
ccstytr,04652,0.42422688007354736
ccstytr,04653,0.19490252435207367
ccstytr,04654,0.41902846097946167
ccstytr,04655,0.1153569445014
ccstytr,04656,0.26205870509147644
ccstytr,04657,0.44474494457244873
ccstytr,04658,0.4918927848339081
ccstytr,04659,0.23180808126926422
ccstytr,04660,0.4295002222061157
ccstytr,04661,0.39327162504196167
ccstytr,04662,0.16186141967773438
ccstytr,04663,0.21737566590309143
ccstytr,04664,0.2860797643661499
ccstytr,04665,0.2595507502555847
ccstytr,04666,0.2740135192871094
ccstytr,04667,0.30384567379951477
ccstytr,04668,0.20177382230758667
ccstytr,04669,0.2478271871805191
ccstytr,04670,0.3225117325782776
ccstytr,04671,0.44162145256996155
ccstytr,04672,0.052840255200862885
ccstytr,04673,0.15799900889396667
ccstytr,04674,0.47758036851882935
ccstytr,04675,0.23830273747444153
ccstytr,04676,0.40159323811531067
ccstytr,04677,0.6035036444664001
ccstytr,04678,0.405087947845459
ccstytr,04679,0.3142430782318115
ccstytr,04680,0.14236438274383545
ccstytr,04681,0.4434168338775635
ccstytr,04682,0.32512176036834717
ccstytr,04683,0.14147552847862244
ccstytr,04684,0.20966583490371704
ccstytr,04685,0.4144759774208069
ccstytr,04686,0.3252390921115875
ccstytr,04687,0.5134623646736145
ccstytr,04688,0.3183590769767761
ccstytr,04689,0.2980586290359497
ccstytr,04690,0.1338748335838318
ccstytr,04691,0.24314260482788086
ccstytr,04692,0.27279219031333923
ccstytr,04693,0.3035352826118469
ccstytr,04694,0.22122949361801147
ccstytr,04695,0.09172315150499344
ccstytr,04696,0.4043771028518677
ccstytr,04697,0.36217641830444336
ccstytr,04698,0.16906562447547913
ccstytr,04699,0.34683117270469666
ccstytr,04700,0.2776520550251007
ccstytr,04701,0.20358893275260925
ccstytr,04702,0.47786787152290344
ccstytr,04703,0.47097668051719666
ccstytr,04704,0.3378434479236603
ccstytr,04705,0.26912009716033936
ccstytr,04706,0.12184454500675201
ccstytr,04707,0.10671597719192505
ccstytr,04708,0.3865726590156555
ccstytr,04709,0.22928230464458466
ccstytr,04710,0.3645175099372864
ccstytr,04711,0.5082721710205078
ccstytr,04712,0.2540053725242615
ccstytr,04713,0.03882378339767456
ccstytr,04714,0.24013161659240723
ccstytr,04715,0.3367648720741272
ccstytr,04716,0.30937692523002625
ccstytr,04717,0.29618436098098755
ccstytr,04718,0.2500113844871521
ccstytr,04719,0.4518897533416748
ccstytr,04720,0.35598939657211304
ccstytr,04721,0.20963403582572937
ccstytr,04722,0.5433180928230286
ccstytr,04723,0.4128462076187134
ccstytr,04724,0.28794264793395996
ccstytr,04725,0.4232656955718994
ccstytr,04726,0.14146091043949127
ccstytr,04727,0.3760126829147339
ccstytr,04728,0.37531787157058716
ccstytr,04729,0.48751235008239746
ccstytr,04730,0.1437077522277832
ccstytr,04731,0.29126596450805664
ccstytr,04732,0.39319735765457153
ccstytr,04733,0.2876995801925659
ccstytr,04734,0.2851249575614929
ccstytr,04735,0.3452063202857971
ccstytr,04736,0.41205424070358276
ccstytr,04737,0.2642380893230438
ccstytr,04738,0.2943102717399597
ccstytr,04739,0.32464146614074707
ccstytr,04740,0.18602332472801208
ccstytr,04741,0.25360560417175293
ccstytr,04742,0.1985899657011032
ccstytr,04743,0.41981399059295654
ccstytr,04744,0.22378094494342804
ccstytr,04745,0.27052563428878784
ccstytr,04746,0.39698392152786255
ccstytr,04747,0.2608135938644409
ccstytr,04748,0.2005942463874817
ccstytr,04749,0.24841177463531494
ccstytr,04750,0.30926620960235596
ccstytr,04751,0.035499703139066696
ccstytr,04752,0.3852885663509369
ccstytr,04753,0.29451054334640503
ccstytr,04754,0.2195708453655243
ccstytr,04755,0.3097327947616577
ccstytr,04756,0.4389716684818268
ccstytr,04757,0.3985065221786499
ccstytr,04758,0.2432163506746292
ccstytr,04759,-0.007756388280540705
ccstytr,04760,0.12357470393180847
ccstytr,04761,0.34003835916519165
ccstytr,04762,0.1541222631931305
ccstytr,04763,0.15645208954811096
ccstytr,04764,0.0874343067407608
ccstytr,04765,0.3509809374809265
ccstytr,04766,0.45781010389328003
ccstytr,04767,0.16290806233882904
ccstytr,04768,0.10638412833213806
ccstytr,04769,0.23333686590194702
ccstytr,04770,0.29594308137893677
ccstytr,04771,0.14798307418823242
ccstytr,04772,0.15348969399929047
ccstytr,04773,0.21252313256263733
ccstytr,04774,0.4259069561958313
ccstytr,04775,0.37317726016044617
ccstytr,04776,0.5154834985733032
ccstytr,04777,0.3797208070755005
ccstytr,04778,0.2625943720340729
ccstytr,04779,0.20283403992652893
ccstytr,04780,0.09122145175933838
ccstytr,04781,0.30178385972976685
ccstytr,04782,0.16959166526794434
ccstytr,04783,0.4170001149177551
ccstytr,04784,0.10056456923484802
ccstytr,04785,0.1488010138273239
ccstytr,04786,0.26782578229904175
ccstytr,04787,0.36756420135498047
ccstytr,04788,0.23606950044631958
ccstytr,04789,0.37336674332618713
ccstytr,04790,0.34020155668258667
ccstytr,04791,0.2452356517314911
ccstytr,04792,0.34525465965270996
ccstytr,04793,0.287494957447052
ccstytr,04794,0.22167745232582092
ccstytr,04795,0.21394556760787964
ccstytr,04796,0.3140273988246918
ccstytr,04797,0.4421027898788452
ccstytr,04798,0.4460497498512268
ccstytr,04799,0.4264441728591919
ccstytr,04800,0.4285585284233093
ccstytr,04801,0.3864893615245819
ccstytr,04802,0.2527139484882355
ccstytr,04803,0.4233548045158386
ccstytr,04804,0.29220908880233765
ccstytr,04805,0.16226370632648468
ccstytr,04806,0.4305843114852905
ccstytr,04807,0.33670851588249207
ccstytr,04808,0.4468024671077728
ccstytr,04809,0.24155518412590027
ccstytr,04810,0.3636547923088074
ccstytr,04811,0.30555275082588196
ccstytr,04812,0.3499738574028015
ccstytr,04813,0.32388609647750854
ccstytr,04814,0.13290248811244965
ccstytr,04815,0.21041668951511383
ccstytr,04816,0.3823298215866089
ccstytr,04817,0.4293598532676697
ccstytr,04818,0.05039428174495697
ccstytr,04819,0.36813247203826904
ccstytr,04820,0.3014918863773346
ccstytr,04821,0.2824861407279968
ccstytr,04822,0.3295894265174866
ccstytr,04823,0.30405813455581665
ccstytr,04824,0.09248316287994385
ccstytr,04825,0.26045042276382446
ccstytr,04826,0.2560325264930725
ccstytr,04827,0.15019789338111877
ccstytr,04828,0.08248685300350189
ccstytr,04829,0.28706198930740356
ccstytr,04830,0.153960719704628
ccstytr,04831,0.11519777774810791
ccstytr,04832,0.44349393248558044
ccstytr,04833,0.3702355623245239
ccstytr,04834,0.16874252259731293
ccstytr,04835,0.280689001083374
ccstytr,04836,0.19986864924430847
ccstytr,04837,0.305062472820282
ccstytr,04838,0.1790127456188202
ccstytr,04839,0.26335570216178894
ccstytr,04840,0.09933149814605713
ccstytr,04841,0.24656319618225098
ccstytr,04842,0.3052005171775818
ccstytr,04843,0.40892377495765686
ccstytr,04844,0.6170716881752014
ccstytr,04845,0.4378667175769806
ccstytr,04846,0.4487495720386505
ccstytr,04847,0.15756964683532715
ccstytr,04848,0.143229141831398
ccstytr,04849,0.1840638816356659
ccstytr,04850,0.19693557918071747
ccstytr,04851,0.20184597373008728
ccstytr,04852,0.3156994879245758
ccstytr,04853,0.2090161293745041
ccstytr,04854,0.23407942056655884
ccstytr,04855,0.2939014434814453
ccstytr,04856,0.6983716487884521
ccstytr,04857,0.3085821270942688
ccstytr,04858,0.3399202227592468
ccstytr,04859,0.2798416018486023
ccstytr,04860,0.18279223144054413
ccstytr,04861,0.08816896378993988
ccstytr,04862,0.49315330386161804
ccstytr,04863,0.6098394393920898
ccstytr,04864,0.17810866236686707
ccstytr,04865,0.31176090240478516
ccstytr,04866,0.2601129710674286
ccstytr,04867,0.41816139221191406
ccstytr,04868,0.10490615665912628
ccstytr,04869,0.3992035388946533
ccstytr,04870,0.25222864747047424
ccstytr,04871,0.24845807254314423
ccstytr,04872,0.52125084400177
ccstytr,04873,0.4194678068161011
ccstytr,04874,0.3865320682525635
ccstytr,04875,0.5561087727546692
ccstytr,04876,0.15357562899589539
ccstytr,04877,0.319695383310318
ccstytr,04878,0.10064306855201721
ccstytr,04879,0.09041734039783478
ccstytr,04880,0.1922440528869629
ccstytr,04881,0.24496865272521973
ccstytr,04882,0.13893678784370422
ccstytr,04883,0.44097790122032166
ccstytr,04884,0.019345594570040703
ccstytr,04885,0.19003431499004364
ccstytr,04886,0.41434869170188904
ccstytr,04887,0.3547402024269104
ccstytr,04888,0.18390271067619324
ccstytr,04889,0.21075135469436646
ccstytr,04890,0.4592750668525696
ccstytr,04891,0.36263149976730347
ccstytr,04892,0.20536810159683228
ccstytr,04893,0.3902103304862976
ccstytr,04894,0.545740008354187
ccstytr,04895,0.19337759912014008
ccstytr,04896,0.33291372656822205
ccstytr,04897,0.20633795857429504
ccstytr,04898,0.34865620732307434
ccstytr,04899,0.12543073296546936
ccstytr,04900,0.2093513160943985
ccstytr,04901,0.26230403780937195
ccstytr,04902,0.16773885488510132
ccstytr,04903,0.3172761797904968
ccstytr,04904,0.36703765392303467
ccstytr,04905,0.32988807559013367
ccstytr,04906,0.4736483097076416
ccstytr,04907,0.5242387056350708
ccstytr,04908,0.43415558338165283
ccstytr,04909,0.22925056517124176
ccstytr,04910,0.20192672312259674
ccstytr,04911,0.14570876955986023
ccstytr,04912,0.25530651211738586
ccstytr,04913,0.17462143301963806
ccstytr,04914,0.4083309471607208
ccstytr,04915,0.11479857563972473
ccstytr,04916,0.3449171781539917
ccstytr,04917,0.1830843985080719
ccstytr,04918,0.45483213663101196
ccstytr,04919,0.2402305006980896
ccstytr,04920,0.21437007188796997
ccstytr,04921,0.4747151732444763
ccstytr,04922,0.4771321415901184
ccstytr,04923,0.4971802234649658
ccstytr,04924,0.31191015243530273
ccstytr,04925,0.08291643857955933
ccstytr,04926,0.42663735151290894
ccstytr,04927,0.5369600653648376
ccstytr,04928,0.5436252355575562
ccstytr,04929,0.41647183895111084
ccstytr,04930,0.14639759063720703
ccstytr,04931,0.37382644414901733
ccstytr,04932,0.3512279987335205
ccstytr,04933,0.10695549100637436
ccstytr,04934,0.5513054132461548
ccstytr,04935,0.42258742451667786
ccstytr,04936,0.2882111370563507
ccstytr,04937,0.37103134393692017
ccstytr,04938,0.2408858835697174
ccstytr,04939,0.46772557497024536
ccstytr,04940,0.40593433380126953
ccstytr,04941,0.33057379722595215
ccstytr,04942,0.3005698025226593
ccstytr,04943,0.5878772735595703
ccstytr,04944,0.4074214696884155
ccstytr,04945,0.42981600761413574
ccstytr,04946,0.26230600476264954
ccstytr,04947,0.37491583824157715
ccstytr,04948,0.3559187054634094
ccstytr,04949,0.3888465166091919
ccstytr,04950,0.4416283369064331
ccstytr,04951,0.416278213262558
ccstytr,04952,0.3391299247741699
ccstytr,04953,0.41554170846939087
ccstytr,04954,0.2985525131225586
ccstytr,04955,0.38742825388908386
ccstytr,04956,0.4058411121368408
ccstytr,04957,0.3834281265735626
ccstytr,04958,0.3220379948616028
ccstytr,04959,0.08460679650306702
ccstytr,04960,0.19101595878601074
ccstytr,04961,0.1917731761932373
ccstytr,04962,0.3232857584953308
ccstytr,04963,0.2671249210834503
ccstytr,04964,0.16454681754112244
ccstytr,04965,0.3107837438583374
ccstytr,04966,0.31298089027404785
ccstytr,04967,0.19856390357017517
ccstytr,04968,0.3559757471084595
ccstytr,04969,0.13247241079807281
ccstytr,04970,0.3154689073562622
ccstytr,04971,0.341539591550827
ccstytr,04972,0.3434929847717285
ccstytr,04973,0.1338798850774765
ccstytr,04974,0.557991623878479
ccstytr,04975,0.3650130033493042
ccstytr,04976,0.5507007241249084
ccstytr,04977,0.48284947872161865
ccstytr,04978,0.3377510905265808
ccstytr,04979,0.3996332585811615
ccstytr,04980,0.11764521151781082
ccstytr,04981,0.24650534987449646
ccstytr,04982,0.4125511050224304
ccstytr,04983,0.2362472116947174
ccstytr,04984,0.4375072717666626
ccstytr,04985,0.2717641294002533
ccstytr,04986,0.3062219023704529
ccstytr,04987,0.11780889332294464
ccstytr,04988,0.3504210114479065
ccstytr,04989,0.4317285418510437
ccstytr,04990,0.5318152904510498
ccstytr,04991,0.10626637190580368
ccstytr,04992,0.3924126625061035
ccstytr,04993,0.14296218752861023
ccstytr,04994,0.40158677101135254
ccstytr,04995,0.3913044035434723
ccstytr,04996,0.20037102699279785
ccstytr,04997,0.1748228669166565
ccstytr,04998,0.3147369623184204
ccstytr,04999,0.2766859233379364
aesfa,00000,0.276541143655777
aesfa,00001,0.18091565370559692
aesfa,00002,0.31974759697914124
aesfa,00003,0.3277972340583801
aesfa,00004,0.28604868054389954
aesfa,00005,0.3835656940937042
aesfa,00006,0.32243722677230835
aesfa,00007,0.3081834316253662
aesfa,00008,0.43974292278289795
aesfa,00009,0.23186172544956207
aesfa,00010,0.5973231792449951
aesfa,00011,0.15773877501487732
aesfa,00012,0.45295286178588867
aesfa,00013,0.26039737462997437
aesfa,00014,0.41149353981018066
aesfa,00015,0.19936785101890564
aesfa,00016,0.47032320499420166
aesfa,00017,0.207921102643013
aesfa,00018,0.3596634268760681
aesfa,00019,0.27377545833587646
aesfa,00020,0.29186874628067017
aesfa,00021,0.261904776096344
aesfa,00022,0.07127036154270172
aesfa,00023,0.25610679388046265
aesfa,00024,0.30551737546920776
aesfa,00025,0.3353733718395233
aesfa,00026,0.4257994294166565
aesfa,00027,0.3700006604194641
aesfa,00028,0.4801894724369049
aesfa,00029,0.2634945511817932
aesfa,00030,0.4505329132080078
aesfa,00031,0.3029741942882538
aesfa,00032,0.1552305817604065
aesfa,00033,0.22240978479385376
aesfa,00034,0.016602296382188797
aesfa,00035,0.13419169187545776
aesfa,00036,0.12797264754772186
aesfa,00037,0.3493026793003082
aesfa,00038,0.28790655732154846
aesfa,00039,0.2581532597541809
aesfa,00040,0.19611668586730957
aesfa,00041,0.15707427263259888
aesfa,00042,0.24970638751983643
aesfa,00043,0.25888288021087646
aesfa,00044,0.2797582149505615
aesfa,00045,0.2528233230113983
aesfa,00046,0.26926612854003906
aesfa,00047,0.2594851851463318
aesfa,00048,0.36780697107315063
aesfa,00049,0.18459653854370117
aesfa,00050,0.37604403495788574
aesfa,00051,0.4167141616344452
aesfa,00052,0.4510856866836548
aesfa,00053,0.12087547034025192
aesfa,00054,0.42999982833862305
aesfa,00055,0.21240654587745667
aesfa,00056,0.31934571266174316
aesfa,00057,0.391568124294281
aesfa,00058,0.18351604044437408
aesfa,00059,0.2164091169834137
aesfa,00060,0.2749027609825134
aesfa,00061,0.293424129486084
aesfa,00062,0.44737863540649414
aesfa,00063,0.22771278023719788
aesfa,00064,0.23775514960289001
aesfa,00065,0.21736401319503784
aesfa,00066,0.15331503748893738
aesfa,00067,0.3802456557750702
aesfa,00068,0.5845657587051392
aesfa,00069,0.3491758108139038
aesfa,00070,0.2995902895927429
aesfa,00071,0.33895546197891235
aesfa,00072,0.16678979992866516
aesfa,00073,0.2813083529472351
aesfa,00074,0.29443854093551636
aesfa,00075,0.22671426832675934
aesfa,00076,0.2290501594543457
aesfa,00077,0.4377102553844452
aesfa,00078,0.17399823665618896
aesfa,00079,0.20873473584651947
aesfa,00080,0.4020010232925415
aesfa,00081,0.5692135095596313
aesfa,00082,0.2916147708892822
aesfa,00083,0.3067564368247986
aesfa,00084,0.39101362228393555
aesfa,00085,0.4313657879829407
aesfa,00086,0.26754623651504517
aesfa,00087,0.2861114740371704
aesfa,00088,0.37931716442108154
aesfa,00089,0.23851905763149261
aesfa,00090,0.4520764946937561
aesfa,00091,0.281319797039032
aesfa,00092,0.21184873580932617
aesfa,00093,0.31182971596717834
aesfa,00094,0.2413177341222763
aesfa,00095,0.15466061234474182
aesfa,00096,0.46016138792037964
aesfa,00097,0.3849526345729828
aesfa,00098,0.39346516132354736
aesfa,00099,0.3733820915222168
aesfa,00100,0.4422844648361206
aesfa,00101,0.39703845977783203
aesfa,00102,0.4494403600692749
aesfa,00103,0.24298635125160217
aesfa,00104,0.2798594832420349
aesfa,00105,0.16533595323562622
aesfa,00106,0.1680227816104889
aesfa,00107,0.22714203596115112
aesfa,00108,-0.04735695570707321
aesfa,00109,0.15545964241027832
aesfa,00110,0.44658565521240234
aesfa,00111,0.22240638732910156
aesfa,00112,0.2327272742986679
aesfa,00113,0.3028815984725952
aesfa,00114,0.35772204399108887
aesfa,00115,0.19804930686950684
aesfa,00116,0.4620260000228882
aesfa,00117,0.377532422542572
aesfa,00118,0.4368898272514343
aesfa,00119,0.5613855123519897
aesfa,00120,0.47317516803741455
aesfa,00121,0.3776906430721283
aesfa,00122,0.3234781324863434
aesfa,00123,0.1582961529493332
aesfa,00124,0.29003724455833435
aesfa,00125,0.27056339383125305
aesfa,00126,0.1271996647119522
aesfa,00127,0.4685221314430237
aesfa,00128,0.36091017723083496
aesfa,00129,0.3323816955089569
aesfa,00130,0.2524924874305725
aesfa,00131,0.5476137399673462
aesfa,00132,0.06598308682441711
aesfa,00133,0.3467462360858917
aesfa,00134,0.2193315327167511
aesfa,00135,0.5583475828170776
aesfa,00136,0.29845842719078064
aesfa,00137,0.27491527795791626
aesfa,00138,0.1812780499458313
aesfa,00139,0.35080236196517944
aesfa,00140,0.3747803270816803
aesfa,00141,0.33497312664985657
aesfa,00142,0.1546197235584259
aesfa,00143,0.22172215580940247
aesfa,00144,0.2106151282787323
aesfa,00145,0.2951936721801758
aesfa,00146,0.2085634469985962
aesfa,00147,0.524794340133667
aesfa,00148,0.32494017481803894
aesfa,00149,0.204244464635849
aesfa,00150,0.270974338054657
aesfa,00151,0.26602408289909363
aesfa,00152,0.18189053237438202
aesfa,00153,0.3118758797645569
aesfa,00154,0.22192880511283875
aesfa,00155,0.2192080020904541
aesfa,00156,0.23176182806491852
aesfa,00157,0.3909435272216797
aesfa,00158,0.1547127664089203
aesfa,00159,0.3524438738822937
aesfa,00160,0.30008411407470703
aesfa,00161,0.2584821581840515
aesfa,00162,0.4691571295261383
aesfa,00163,0.3959037661552429
aesfa,00164,0.10695784538984299
aesfa,00165,0.25610554218292236
aesfa,00166,0.24680586159229279
aesfa,00167,0.151667058467865
aesfa,00168,0.5546512007713318
aesfa,00169,0.23976419866085052
aesfa,00170,0.4550749659538269
aesfa,00171,0.4226312041282654
aesfa,00172,0.03257794678211212
aesfa,00173,0.2834433317184448
aesfa,00174,0.5393272042274475
aesfa,00175,0.2936747670173645
aesfa,00176,0.27655231952667236
aesfa,00177,0.3143851161003113
aesfa,00178,0.3370931148529053
aesfa,00179,0.40418410301208496
aesfa,00180,0.3874634802341461
aesfa,00181,0.4530259668827057
aesfa,00182,0.5149860382080078
aesfa,00183,0.262938916683197
aesfa,00184,0.1801719069480896
aesfa,00185,0.24860043823719025
aesfa,00186,0.34665584564208984
aesfa,00187,0.5241882801055908
aesfa,00188,0.2464979887008667
aesfa,00189,0.3522607982158661
aesfa,00190,0.3095847964286804
aesfa,00191,0.4145704507827759
aesfa,00192,0.4464017152786255
aesfa,00193,0.19867289066314697
aesfa,00194,0.5091089606285095
aesfa,00195,0.2985003888607025
aesfa,00196,0.4024931490421295
aesfa,00197,0.6445832848548889
aesfa,00198,0.2916260063648224
aesfa,00199,0.40959006547927856
aesfa,00200,0.1550183892250061
aesfa,00201,0.404060423374176
aesfa,00202,0.47875887155532837
aesfa,00203,0.3653673529624939
aesfa,00204,0.2665679454803467
aesfa,00205,0.3394654095172882
aesfa,00206,0.2761262059211731
aesfa,00207,0.4681786894798279
aesfa,00208,0.24061626195907593
aesfa,00209,0.22989431023597717
aesfa,00210,0.30020514130592346
aesfa,00211,0.4344075322151184
aesfa,00212,0.33186161518096924
aesfa,00213,0.25913262367248535
aesfa,00214,0.2126392126083374
aesfa,00215,0.39712661504745483
aesfa,00216,0.47728055715560913
aesfa,00217,0.270699143409729
aesfa,00218,0.31645476818084717
aesfa,00219,0.4402250051498413
aesfa,00220,0.5645573139190674
aesfa,00221,0.2592620253562927
aesfa,00222,0.29839956760406494
aesfa,00223,0.43999460339546204
aesfa,00224,0.10434366762638092
aesfa,00225,0.28135037422180176
aesfa,00226,0.05370364338159561
aesfa,00227,0.42812782526016235
aesfa,00228,0.21694034337997437
aesfa,00229,0.3568761944770813
aesfa,00230,0.3768911361694336
aesfa,00231,0.2793359160423279
aesfa,00232,0.37882936000823975
aesfa,00233,0.30648037791252136
aesfa,00234,0.20212610065937042
aesfa,00235,0.14568988978862762
aesfa,00236,0.44154760241508484
aesfa,00237,0.6850811839103699
aesfa,00238,0.190219908952713
aesfa,00239,0.3911929726600647
aesfa,00240,0.353567898273468
aesfa,00241,0.16363781690597534
aesfa,00242,0.188401460647583
aesfa,00243,0.2827708423137665
aesfa,00244,0.2823384404182434
aesfa,00245,0.2497834414243698
aesfa,00246,0.5377985239028931
aesfa,00247,0.32076478004455566
aesfa,00248,0.14991700649261475
aesfa,00249,0.29574739933013916
aesfa,00250,0.12440535426139832
aesfa,00251,0.30698835849761963
aesfa,00252,0.17769651114940643
aesfa,00253,0.3759215176105499
aesfa,00254,0.3117848038673401
aesfa,00255,0.3290613889694214
aesfa,00256,0.31471413373947144
aesfa,00257,0.3503100275993347
aesfa,00258,0.47267431020736694
aesfa,00259,0.3081880807876587
aesfa,00260,0.4699639081954956
aesfa,00261,0.35917696356773376
aesfa,00262,0.28001171350479126
aesfa,00263,0.33103618025779724
aesfa,00264,0.5771574378013611
aesfa,00265,0.38299626111984253
aesfa,00266,0.25052616000175476
aesfa,00267,0.34646177291870117
aesfa,00268,0.3016510009765625
aesfa,00269,0.30272626876831055
aesfa,00270,0.1692807972431183
aesfa,00271,0.1840328425168991
aesfa,00272,0.3877018392086029
aesfa,00273,0.2500765323638916
aesfa,00274,0.17868220806121826
aesfa,00275,0.39954671263694763
aesfa,00276,0.1892225742340088
aesfa,00277,0.1425902545452118
aesfa,00278,0.2708203196525574
aesfa,00279,0.23896799981594086
aesfa,00280,0.16688939929008484
aesfa,00281,0.08349791169166565
aesfa,00282,0.23215343058109283
aesfa,00283,0.2497219443321228
aesfa,00284,0.2712973356246948
aesfa,00285,0.2770882844924927
aesfa,00286,0.17626291513442993
aesfa,00287,0.2094225138425827
aesfa,00288,0.11399860680103302
aesfa,00289,0.17726901173591614
aesfa,00290,0.29439353942871094
aesfa,00291,0.31836554408073425
aesfa,00292,0.43106186389923096
aesfa,00293,0.3469517230987549
aesfa,00294,0.5213685631752014
aesfa,00295,0.3312382698059082
aesfa,00296,0.5045846700668335
aesfa,00297,0.38811784982681274
aesfa,00298,0.4049936532974243
aesfa,00299,0.2599981427192688
aesfa,00300,0.24937061965465546
aesfa,00301,0.3539432883262634
aesfa,00302,0.2937943637371063
aesfa,00303,0.19799040257930756
aesfa,00304,0.26685217022895813
aesfa,00305,0.23097096383571625
aesfa,00306,0.3937147855758667
aesfa,00307,0.5103802680969238
aesfa,00308,0.13021892309188843
aesfa,00309,0.5115616321563721
aesfa,00310,0.28575289249420166
aesfa,00311,0.19651542603969574
aesfa,00312,0.16841506958007812
aesfa,00313,0.42200034856796265
aesfa,00314,0.2583855390548706
aesfa,00315,0.3984885811805725
aesfa,00316,0.2165268063545227
aesfa,00317,0.15013417601585388
aesfa,00318,0.16815516352653503
aesfa,00319,0.32103121280670166
aesfa,00320,0.24759186804294586
aesfa,00321,0.37210601568222046
aesfa,00322,0.30286645889282227
aesfa,00323,0.3467927575111389
aesfa,00324,0.07425198704004288
aesfa,00325,0.15774905681610107
aesfa,00326,0.5300832390785217
aesfa,00327,0.4070005416870117
aesfa,00328,0.22627000510692596
aesfa,00329,0.32004159688949585
aesfa,00330,0.1982189118862152
aesfa,00331,0.12381946295499802
aesfa,00332,0.06566528975963593
aesfa,00333,0.24642834067344666
aesfa,00334,0.15786632895469666
aesfa,00335,0.198011115193367
aesfa,00336,0.37717533111572266
aesfa,00337,0.41374701261520386
aesfa,00338,0.06223176047205925
aesfa,00339,0.12603551149368286
aesfa,00340,0.26412081718444824
aesfa,00341,0.33397406339645386
aesfa,00342,0.3650691509246826
aesfa,00343,0.3579539954662323
aesfa,00344,0.3718692660331726
aesfa,00345,0.46941155195236206
aesfa,00346,0.20489881932735443
aesfa,00347,0.3220483660697937
aesfa,00348,0.3852217197418213
aesfa,00349,0.17857706546783447
aesfa,00350,0.1553032100200653
aesfa,00351,0.26530277729034424
aesfa,00352,0.3380128741264343
aesfa,00353,0.2921372652053833
aesfa,00354,0.31530314683914185
aesfa,00355,0.2944788336753845
aesfa,00356,0.4085018038749695
aesfa,00357,0.07576728612184525
aesfa,00358,0.15491411089897156
aesfa,00359,0.22110503911972046
aesfa,00360,0.3597307801246643
aesfa,00361,0.3001865744590759
aesfa,00362,0.23312437534332275
aesfa,00363,0.4312777519226074
aesfa,00364,0.37758708000183105
aesfa,00365,0.3472134470939636
aesfa,00366,0.2617897093296051
aesfa,00367,0.3565331697463989
aesfa,00368,0.2802749276161194
aesfa,00369,0.1447426676750183
aesfa,00370,0.15154218673706055
aesfa,00371,0.18227697908878326
aesfa,00372,0.3422815501689911
aesfa,00373,0.09477894008159637
aesfa,00374,0.318195641040802
aesfa,00375,0.42215901613235474
aesfa,00376,0.4216785430908203
aesfa,00377,0.46066856384277344
aesfa,00378,0.486212819814682
aesfa,00379,0.1539609134197235
aesfa,00380,0.25213783979415894
aesfa,00381,0.3218867778778076
aesfa,00382,0.11695503443479538
aesfa,00383,0.5955244302749634
aesfa,00384,0.1785445362329483
aesfa,00385,0.3488450050354004
aesfa,00386,0.314236581325531
aesfa,00387,0.30349838733673096
aesfa,00388,0.7045917510986328
aesfa,00389,0.33360496163368225
aesfa,00390,0.21478725969791412
aesfa,00391,0.297065407037735
aesfa,00392,0.33179742097854614
aesfa,00393,0.24606983363628387
aesfa,00394,0.31578749418258667
aesfa,00395,0.3662194013595581
aesfa,00396,0.2853004038333893
aesfa,00397,0.302512526512146
aesfa,00398,0.4448971450328827
aesfa,00399,0.2337706983089447
aesfa,00400,0.4002269506454468
aesfa,00401,0.36916467547416687
aesfa,00402,0.2030673325061798
aesfa,00403,0.4454987943172455
aesfa,00404,0.3427349925041199
aesfa,00405,0.3576122224330902
aesfa,00406,0.3678184151649475
aesfa,00407,0.2505733370780945
aesfa,00408,0.4516848921775818
aesfa,00409,0.6085457801818848
aesfa,00410,0.18405766785144806
aesfa,00411,0.2165505588054657
aesfa,00412,0.3049491047859192
aesfa,00413,0.3763538599014282
aesfa,00414,0.3938959836959839
aesfa,00415,0.2746937572956085
aesfa,00416,0.3248548209667206
aesfa,00417,0.19180259108543396
aesfa,00418,0.13625535368919373
aesfa,00419,0.2617868185043335
aesfa,00420,0.23751655220985413
aesfa,00421,0.18250736594200134
aesfa,00422,0.2602534294128418
aesfa,00423,0.23864614963531494
aesfa,00424,0.4575914144515991
aesfa,00425,0.26779240369796753
aesfa,00426,0.4071974456310272
aesfa,00427,0.17279882729053497
aesfa,00428,0.5480829477310181
aesfa,00429,0.40727877616882324
aesfa,00430,0.27593231201171875
aesfa,00431,0.5025182366371155
aesfa,00432,0.24432799220085144
aesfa,00433,0.25220125913619995
aesfa,00434,0.39469432830810547
aesfa,00435,0.276794970035553
aesfa,00436,0.266666054725647
aesfa,00437,0.23970282077789307
aesfa,00438,0.22873379290103912
aesfa,00439,0.10451215505599976
aesfa,00440,0.29083144664764404
aesfa,00441,0.23704546689987183
aesfa,00442,0.4216500520706177
aesfa,00443,0.445026159286499
aesfa,00444,0.33904963731765747
aesfa,00445,0.5056034326553345
aesfa,00446,0.5561161041259766
aesfa,00447,0.3365672826766968
aesfa,00448,0.39948469400405884
aesfa,00449,0.38977283239364624
aesfa,00450,0.15781542658805847
aesfa,00451,0.3049660921096802
aesfa,00452,0.05288517475128174
aesfa,00453,0.12187796831130981
aesfa,00454,0.46291616559028625
aesfa,00455,0.2912216782569885
aesfa,00456,0.23253875970840454
aesfa,00457,0.49929100275039673
aesfa,00458,0.36468440294265747
aesfa,00459,0.3283645212650299
aesfa,00460,0.419883668422699
aesfa,00461,0.401512086391449
aesfa,00462,0.42631107568740845
aesfa,00463,0.25327634811401367
aesfa,00464,0.3963328003883362
aesfa,00465,0.22575557231903076
aesfa,00466,0.1401902586221695
aesfa,00467,0.3246999680995941
aesfa,00468,0.12125334143638611
aesfa,00469,0.2961347699165344
aesfa,00470,0.2864461839199066
aesfa,00471,0.2763140797615051
aesfa,00472,0.07131007313728333
aesfa,00473,0.048608049750328064
aesfa,00474,0.21989870071411133
aesfa,00475,0.02163492515683174
aesfa,00476,0.40919241309165955
aesfa,00477,0.189058318734169
aesfa,00478,0.32290592789649963
aesfa,00479,0.17113374173641205
aesfa,00480,0.11399926990270615
aesfa,00481,0.2227720022201538
aesfa,00482,0.5092816352844238
aesfa,00483,0.32686641812324524
aesfa,00484,0.5548688769340515
aesfa,00485,0.39556825160980225
aesfa,00486,0.29978644847869873
aesfa,00487,0.019319947808980942
aesfa,00488,-0.018278826028108597
aesfa,00489,0.5052129030227661
aesfa,00490,0.05697561055421829
aesfa,00491,0.23371566832065582
aesfa,00492,0.5619269609451294
aesfa,00493,0.6027694344520569
aesfa,00494,0.4914436340332031
aesfa,00495,0.24784906208515167
aesfa,00496,0.38270020484924316
aesfa,00497,0.24898414313793182
aesfa,00498,0.1358271837234497
aesfa,00499,0.3529723882675171
aesfa,00500,0.31200122833251953
aesfa,00501,0.4527435898780823
aesfa,00502,0.29715603590011597
aesfa,00503,0.4019158184528351
aesfa,00504,0.5318957567214966
aesfa,00505,0.2899770736694336
aesfa,00506,0.46060699224472046
aesfa,00507,0.3061223328113556
aesfa,00508,0.32042020559310913
aesfa,00509,0.27463623881340027
aesfa,00510,0.42002302408218384
aesfa,00511,0.24508768320083618
aesfa,00512,0.24601805210113525
aesfa,00513,0.251531183719635
aesfa,00514,0.2526147961616516
aesfa,00515,0.3702095150947571
aesfa,00516,0.3577443063259125
aesfa,00517,0.20634245872497559
aesfa,00518,0.3412546217441559
aesfa,00519,0.24372300505638123
aesfa,00520,0.34273436665534973
aesfa,00521,0.361499160528183
aesfa,00522,0.39358991384506226
aesfa,00523,0.10775871574878693
aesfa,00524,0.41487693786621094
aesfa,00525,0.4663788080215454
aesfa,00526,0.22664451599121094
aesfa,00527,0.3746394217014313
aesfa,00528,0.4434913396835327
aesfa,00529,0.2959359288215637
aesfa,00530,0.27657514810562134
aesfa,00531,0.33450114727020264
aesfa,00532,0.10875482857227325
aesfa,00533,0.34633421897888184
aesfa,00534,0.2655125856399536
aesfa,00535,0.3256528973579407
aesfa,00536,0.17481350898742676
aesfa,00537,0.44121143221855164
aesfa,00538,0.18889006972312927
aesfa,00539,0.03386222571134567
aesfa,00540,0.22248975932598114
aesfa,00541,0.39117270708084106
aesfa,00542,0.31365299224853516
aesfa,00543,0.3712485432624817
aesfa,00544,0.1924721896648407
aesfa,00545,0.11627893894910812
aesfa,00546,0.2768249809741974
aesfa,00547,0.24109092354774475
aesfa,00548,0.1795436441898346
aesfa,00549,0.4519960582256317
aesfa,00550,0.27739179134368896
aesfa,00551,0.19456130266189575
aesfa,00552,0.27575600147247314
aesfa,00553,0.47117212414741516
aesfa,00554,0.22303667664527893
aesfa,00555,0.36985641717910767
aesfa,00556,0.3552393913269043
aesfa,00557,0.24843311309814453
aesfa,00558,0.26670020818710327
aesfa,00559,0.30262139439582825
aesfa,00560,0.17987382411956787
aesfa,00561,0.6192158460617065
aesfa,00562,0.10130825638771057
aesfa,00563,0.20690736174583435
aesfa,00564,0.1527426838874817
aesfa,00565,0.27010828256607056
aesfa,00566,0.39041227102279663
aesfa,00567,0.3514057993888855
aesfa,00568,0.296830415725708
aesfa,00569,0.2146160900592804
aesfa,00570,0.24598990380764008
aesfa,00571,0.2160322517156601
aesfa,00572,0.19641439616680145
aesfa,00573,0.32418787479400635
aesfa,00574,0.42560049891471863
aesfa,00575,0.43819659948349
aesfa,00576,0.2676900327205658
aesfa,00577,0.4187098443508148
aesfa,00578,0.2848575711250305
aesfa,00579,0.45838117599487305
aesfa,00580,0.44574689865112305
aesfa,00581,0.3755270838737488
aesfa,00582,0.18885236978530884
aesfa,00583,0.4653688669204712
aesfa,00584,0.1809103786945343
aesfa,00585,0.28219884634017944
aesfa,00586,0.5971067547798157
aesfa,00587,0.30135804414749146
aesfa,00588,0.36839473247528076
aesfa,00589,0.31503671407699585
aesfa,00590,0.318059504032135
aesfa,00591,0.10983772575855255
aesfa,00592,0.32455164194107056
aesfa,00593,0.4910730719566345
aesfa,00594,0.3693329691886902
aesfa,00595,0.3512091040611267
aesfa,00596,0.10255950689315796
aesfa,00597,0.11401768773794174
aesfa,00598,0.47053056955337524
aesfa,00599,0.09879232197999954
aesfa,00600,0.35629624128341675
aesfa,00601,0.11901213228702545
aesfa,00602,0.4889155328273773
aesfa,00603,0.29822906851768494
aesfa,00604,0.27149486541748047
aesfa,00605,0.49469688534736633
aesfa,00606,0.3544626832008362
aesfa,00607,0.2551588714122772
aesfa,00608,0.17559871077537537
aesfa,00609,0.30564084649086
aesfa,00610,0.33027026057243347
aesfa,00611,0.17600677907466888
aesfa,00612,0.3413117527961731
aesfa,00613,0.32534924149513245
aesfa,00614,0.39528316259384155
aesfa,00615,0.16037476062774658
aesfa,00616,0.3182704448699951
aesfa,00617,0.36825066804885864
aesfa,00618,0.3859965205192566
aesfa,00619,0.10123933851718903
aesfa,00620,0.5361570715904236
aesfa,00621,0.3204546570777893
aesfa,00622,0.1524893194437027
aesfa,00623,0.32585883140563965
aesfa,00624,0.2964584231376648
aesfa,00625,0.31274688243865967
aesfa,00626,0.19612562656402588
aesfa,00627,0.26631656289100647
aesfa,00628,0.514494776725769
aesfa,00629,0.3773932158946991
aesfa,00630,0.5088508725166321
aesfa,00631,0.21970021724700928
aesfa,00632,0.20739799737930298
aesfa,00633,0.14326442778110504
aesfa,00634,0.2760425806045532
aesfa,00635,0.5160051584243774
aesfa,00636,0.21649692952632904
aesfa,00637,0.23921164870262146
aesfa,00638,0.26448845863342285
aesfa,00639,0.08705511689186096
aesfa,00640,0.3312186598777771
aesfa,00641,0.5490908026695251
aesfa,00642,0.20466890931129456
aesfa,00643,0.3898063898086548
aesfa,00644,0.27279362082481384
aesfa,00645,0.25662660598754883
aesfa,00646,0.2920801043510437
aesfa,00647,0.5476182699203491
aesfa,00648,0.3651156425476074
aesfa,00649,0.27244359254837036
aesfa,00650,0.2528747320175171
aesfa,00651,0.16678372025489807
aesfa,00652,0.2617420554161072
aesfa,00653,0.2669707238674164
aesfa,00654,0.17453426122665405
aesfa,00655,0.21308095753192902
aesfa,00656,0.37396979331970215
aesfa,00657,0.4586459994316101
aesfa,00658,0.2852543890476227
aesfa,00659,0.5459306240081787
aesfa,00660,0.4574214220046997
aesfa,00661,0.4360901713371277
aesfa,00662,0.08480621874332428
aesfa,00663,0.282955139875412
aesfa,00664,0.37088876962661743
aesfa,00665,0.3960215449333191
aesfa,00666,0.3162820339202881
aesfa,00667,0.2617248594760895
aesfa,00668,0.24047306180000305
aesfa,00669,0.22096960246562958
aesfa,00670,0.45718884468078613
aesfa,00671,0.2612919211387634
aesfa,00672,0.3729264736175537
aesfa,00673,0.23401665687561035
aesfa,00674,0.32887715101242065
aesfa,00675,0.09532622992992401
aesfa,00676,0.11698361486196518
aesfa,00677,0.29563942551612854
aesfa,00678,0.44537293910980225
aesfa,00679,0.2914982736110687
aesfa,00680,0.3796555995941162
aesfa,00681,0.32544147968292236
aesfa,00682,0.4745534360408783
aesfa,00683,0.11508244276046753
aesfa,00684,0.3306097984313965
aesfa,00685,0.46008163690567017
aesfa,00686,0.3407176434993744
aesfa,00687,0.36474496126174927
aesfa,00688,0.27247652411460876
aesfa,00689,0.41756075620651245
aesfa,00690,0.20640015602111816
aesfa,00691,0.22006484866142273
aesfa,00692,0.3897562026977539
aesfa,00693,0.22557568550109863
aesfa,00694,0.37668853998184204
aesfa,00695,0.07798092067241669
aesfa,00696,0.33218228816986084
aesfa,00697,0.29318690299987793
aesfa,00698,0.3007640838623047
aesfa,00699,0.3915194571018219
aesfa,00700,0.2715725302696228
aesfa,00701,0.16869965195655823
aesfa,00702,0.2919086217880249
aesfa,00703,0.5141426920890808
aesfa,00704,0.44248247146606445
aesfa,00705,0.1673479676246643
aesfa,00706,0.47493183612823486
aesfa,00707,0.11395096778869629
aesfa,00708,0.23778238892555237
aesfa,00709,0.38934582471847534
aesfa,00710,0.35325902700424194
aesfa,00711,0.30891090631484985
aesfa,00712,0.25073620676994324
aesfa,00713,0.47309502959251404
aesfa,00714,-0.06548100709915161
aesfa,00715,0.18855051696300507
aesfa,00716,0.4042951166629791
aesfa,00717,0.3079679310321808
aesfa,00718,0.5056352615356445
aesfa,00719,0.3374825119972229
aesfa,00720,0.30429691076278687
aesfa,00721,0.5013318061828613
aesfa,00722,0.3843837082386017
aesfa,00723,0.2913030683994293
aesfa,00724,0.3231733441352844
aesfa,00725,0.3476671576499939
aesfa,00726,0.26339179277420044
aesfa,00727,0.2772584557533264
aesfa,00728,0.32873299717903137
aesfa,00729,0.281538724899292
aesfa,00730,0.2522931694984436
aesfa,00731,0.40581756830215454
aesfa,00732,0.2601178288459778
aesfa,00733,0.10329554229974747
aesfa,00734,0.11430645734071732
aesfa,00735,0.3393273651599884
aesfa,00736,0.47828468680381775
aesfa,00737,0.2840903103351593
aesfa,00738,0.3996294140815735
aesfa,00739,0.379445880651474
aesfa,00740,0.3650636374950409
aesfa,00741,0.3307444453239441
aesfa,00742,0.3897091746330261
aesfa,00743,0.3261016011238098
aesfa,00744,0.24079599976539612
aesfa,00745,0.18411915004253387
aesfa,00746,0.3112622797489166
aesfa,00747,0.49936944246292114
aesfa,00748,0.4011160135269165
aesfa,00749,0.296475887298584
aesfa,00750,0.30503731966018677
aesfa,00751,0.12386500835418701
aesfa,00752,0.36780422925949097
aesfa,00753,0.39518165588378906
aesfa,00754,0.25585687160491943
aesfa,00755,0.28966668248176575
aesfa,00756,0.41692212224006653
aesfa,00757,0.38153985142707825
aesfa,00758,0.30831339955329895
aesfa,00759,0.1230475977063179
aesfa,00760,0.3566020727157593
aesfa,00761,0.3509245216846466
aesfa,00762,0.06677518784999847
aesfa,00763,0.01344100572168827
aesfa,00764,0.4588649272918701
aesfa,00765,0.28042495250701904
aesfa,00766,0.3579912781715393
aesfa,00767,0.26240238547325134
aesfa,00768,0.4320341944694519
aesfa,00769,0.27159368991851807
aesfa,00770,0.30570390820503235
aesfa,00771,0.21125048398971558
aesfa,00772,0.3236570358276367
aesfa,00773,0.3986154794692993
aesfa,00774,0.2760434150695801
aesfa,00775,0.5141002535820007
aesfa,00776,0.42532795667648315
aesfa,00777,0.20535433292388916
aesfa,00778,0.31453418731689453
aesfa,00779,0.3488302528858185
aesfa,00780,0.21326205134391785
aesfa,00781,0.23848803341388702
aesfa,00782,0.3538847267627716
aesfa,00783,0.4817699193954468
aesfa,00784,0.43761128187179565
aesfa,00785,0.4500012993812561
aesfa,00786,0.07353093475103378
aesfa,00787,0.2494911253452301
aesfa,00788,0.48467132449150085
aesfa,00789,0.2784540057182312
aesfa,00790,0.3129578232765198
aesfa,00791,0.6067405939102173
aesfa,00792,0.09896980226039886
aesfa,00793,0.5475430488586426
aesfa,00794,0.4459545612335205
aesfa,00795,0.23079714179039001
aesfa,00796,0.4265410006046295
aesfa,00797,0.3905283510684967
aesfa,00798,0.4564441442489624
aesfa,00799,0.3935720920562744
aesfa,00800,0.22418230772018433
aesfa,00801,0.20225098729133606
aesfa,00802,0.10393163561820984
aesfa,00803,0.4556812644004822
aesfa,00804,0.256891131401062
aesfa,00805,0.20003312826156616
aesfa,00806,0.17825493216514587
aesfa,00807,0.21730008721351624
aesfa,00808,0.535180926322937
aesfa,00809,0.39968106150627136
aesfa,00810,0.40806710720062256
aesfa,00811,0.2996547222137451
aesfa,00812,0.21432556211948395
aesfa,00813,0.1515844315290451
aesfa,00814,0.417714387178421
aesfa,00815,0.3996029496192932
aesfa,00816,0.16591700911521912
aesfa,00817,0.18264378607273102
aesfa,00818,0.24557362496852875
aesfa,00819,0.39372965693473816
aesfa,00820,0.33547213673591614
aesfa,00821,0.3022063374519348
aesfa,00822,0.22239497303962708
aesfa,00823,0.4689677953720093
aesfa,00824,0.45356497168540955
aesfa,00825,0.37798425555229187
aesfa,00826,0.46113425493240356
aesfa,00827,0.27716973423957825
aesfa,00828,0.1563769429922104
aesfa,00829,0.32902684807777405
aesfa,00830,0.522825300693512
aesfa,00831,0.31583887338638306
aesfa,00832,0.47329187393188477
aesfa,00833,0.31501537561416626
aesfa,00834,0.24761489033699036
aesfa,00835,0.3233998417854309
aesfa,00836,0.39403191208839417
aesfa,00837,0.4112294912338257
aesfa,00838,0.3123120069503784
aesfa,00839,0.3264983892440796
aesfa,00840,0.648033618927002
aesfa,00841,0.3666938543319702
aesfa,00842,0.3387027382850647
aesfa,00843,0.5029181241989136
aesfa,00844,0.3568638563156128
aesfa,00845,0.6137288808822632
aesfa,00846,0.6350157260894775
aesfa,00847,0.1607089340686798
aesfa,00848,0.3234859108924866
aesfa,00849,0.4235982596874237
aesfa,00850,0.069093719124794
aesfa,00851,0.3692554235458374
aesfa,00852,0.3256917893886566
aesfa,00853,-0.04979114606976509
aesfa,00854,0.08611753582954407
aesfa,00855,0.3621208667755127
aesfa,00856,0.5826641321182251
aesfa,00857,0.0935676172375679
aesfa,00858,0.18271328508853912
aesfa,00859,0.39839115738868713
aesfa,00860,0.32163017988204956
aesfa,00861,0.2018381953239441
aesfa,00862,0.2745499014854431
aesfa,00863,0.1749289631843567
aesfa,00864,0.3541848063468933
aesfa,00865,0.3903053402900696
aesfa,00866,0.36186516284942627
aesfa,00867,0.3858601450920105
aesfa,00868,0.3707616329193115
aesfa,00869,0.16312602162361145
aesfa,00870,0.28551262617111206
aesfa,00871,0.2174583524465561
aesfa,00872,0.3587307929992676
aesfa,00873,0.3825477063655853
aesfa,00874,0.33259662985801697
aesfa,00875,0.35688433051109314
aesfa,00876,0.18584376573562622
aesfa,00877,0.5258321762084961
aesfa,00878,0.11370379477739334
aesfa,00879,0.6267147064208984
aesfa,00880,0.37123721837997437
aesfa,00881,0.5742912292480469
aesfa,00882,0.3590620160102844
aesfa,00883,0.23066581785678864
aesfa,00884,0.19126105308532715
aesfa,00885,0.2612774074077606
aesfa,00886,0.3702601194381714
aesfa,00887,0.24099040031433105
aesfa,00888,0.7108292579650879
aesfa,00889,0.3580552041530609
aesfa,00890,0.30656498670578003
aesfa,00891,0.40950989723205566
aesfa,00892,0.4609743356704712
aesfa,00893,0.31477946043014526
aesfa,00894,0.19301962852478027
aesfa,00895,0.25549203157424927
aesfa,00896,0.3181220293045044
aesfa,00897,0.2311447411775589
aesfa,00898,0.18395262956619263
aesfa,00899,0.19380049407482147
aesfa,00900,0.33323153853416443
aesfa,00901,0.3297569751739502
aesfa,00902,0.2811124920845032
aesfa,00903,0.15333758294582367
aesfa,00904,0.2970139980316162
aesfa,00905,0.23031321167945862
aesfa,00906,0.3240737318992615
aesfa,00907,0.37169283628463745
aesfa,00908,0.4754880666732788
aesfa,00909,0.21813911199569702
aesfa,00910,0.07513903081417084
aesfa,00911,0.17062509059906006
aesfa,00912,0.17945736646652222
aesfa,00913,0.22633123397827148
aesfa,00914,0.48495298624038696
aesfa,00915,0.1694495975971222
aesfa,00916,0.2613197863101959
aesfa,00917,0.24853096902370453
aesfa,00918,0.53204345703125
aesfa,00919,0.33735084533691406
aesfa,00920,0.17537586390972137
aesfa,00921,0.3603694438934326
aesfa,00922,0.308549702167511
aesfa,00923,0.4470899701118469
aesfa,00924,0.1858532875776291
aesfa,00925,0.13154911994934082
aesfa,00926,0.18744400143623352
aesfa,00927,0.19841347634792328
aesfa,00928,0.2036280781030655
aesfa,00929,0.4030066728591919
aesfa,00930,0.27149564027786255
aesfa,00931,0.11212268471717834
aesfa,00932,0.38192087411880493
aesfa,00933,0.32561472058296204
aesfa,00934,0.32071805000305176
aesfa,00935,0.38777756690979004
aesfa,00936,0.426594614982605
aesfa,00937,0.5883830189704895
aesfa,00938,0.3443458676338196
aesfa,00939,0.19027647376060486
aesfa,00940,0.22106486558914185
aesfa,00941,0.39399778842926025
aesfa,00942,0.3202838599681854
aesfa,00943,0.2108435332775116
aesfa,00944,0.4509231150150299
aesfa,00945,0.3817242383956909
aesfa,00946,0.154025137424469
aesfa,00947,0.28014999628067017
aesfa,00948,0.26056772470474243
aesfa,00949,0.3828449845314026
aesfa,00950,0.3487212657928467
aesfa,00951,0.24137650430202484
aesfa,00952,0.3580937385559082
aesfa,00953,0.49854350090026855
aesfa,00954,0.4299388527870178
aesfa,00955,-0.013067257590591908
aesfa,00956,0.27028030157089233
aesfa,00957,0.28691068291664124
aesfa,00958,0.3635329604148865
aesfa,00959,0.505437970161438
aesfa,00960,0.18102072179317474
aesfa,00961,0.3666137456893921
aesfa,00962,0.5140520930290222
aesfa,00963,0.42075783014297485
aesfa,00964,0.23691844940185547
aesfa,00965,0.3010363280773163
aesfa,00966,0.16865773499011993
aesfa,00967,0.32818764448165894
aesfa,00968,0.21119312942028046
aesfa,00969,0.31255555152893066
aesfa,00970,0.2349614053964615
aesfa,00971,0.5620561242103577
aesfa,00972,0.4454214572906494
aesfa,00973,0.33563727140426636
aesfa,00974,0.12687888741493225
aesfa,00975,0.27166569232940674
aesfa,00976,0.24615278840065002
aesfa,00977,0.5477261543273926
aesfa,00978,0.29993996024131775
aesfa,00979,0.3130878806114197
aesfa,00980,0.39667001366615295
aesfa,00981,0.4691332280635834
aesfa,00982,0.19066965579986572
aesfa,00983,0.28889724612236023
aesfa,00984,0.17181774973869324
aesfa,00985,0.23217886686325073
aesfa,00986,0.3693806529045105
aesfa,00987,0.14629389345645905
aesfa,00988,0.2626692056655884
aesfa,00989,0.2689722776412964
aesfa,00990,0.3284534811973572
aesfa,00991,0.29218941926956177
aesfa,00992,0.285858154296875
aesfa,00993,0.44694066047668457
aesfa,00994,0.26520106196403503
aesfa,00995,0.2575526237487793
aesfa,00996,0.21317468583583832
aesfa,00997,0.23387151956558228
aesfa,00998,0.07042556256055832
aesfa,00999,0.09064450114965439
aesfa,01000,0.2059774249792099
aesfa,01001,0.3580103814601898
aesfa,01002,0.34566885232925415
aesfa,01003,0.46829769015312195
aesfa,01004,0.4179704189300537
aesfa,01005,0.38575100898742676
aesfa,01006,0.22597205638885498
aesfa,01007,0.1663060337305069
aesfa,01008,0.5804475545883179
aesfa,01009,0.18001288175582886
aesfa,01010,0.33628714084625244
aesfa,01011,0.13494595885276794
aesfa,01012,0.623970627784729
aesfa,01013,0.4776723086833954
aesfa,01014,-0.02061694860458374
aesfa,01015,0.20798324048519135
aesfa,01016,0.44981613755226135
aesfa,01017,0.16674287617206573
aesfa,01018,0.2926064133644104
aesfa,01019,0.22880610823631287
aesfa,01020,0.38269636034965515
aesfa,01021,0.5061659812927246
aesfa,01022,0.4954584836959839
aesfa,01023,0.24329179525375366
aesfa,01024,0.2141282856464386
aesfa,01025,0.2940540909767151
aesfa,01026,0.3090338706970215
aesfa,01027,0.31620997190475464
aesfa,01028,0.2955484390258789
aesfa,01029,0.05023682862520218
aesfa,01030,0.2971861660480499
aesfa,01031,0.4315585494041443
aesfa,01032,0.42655429244041443
aesfa,01033,0.46056294441223145
aesfa,01034,0.22793471813201904
aesfa,01035,0.44256100058555603
aesfa,01036,0.45951998233795166
aesfa,01037,0.19843700528144836
aesfa,01038,0.2771347463130951
aesfa,01039,0.40781474113464355
aesfa,01040,0.6596032381057739
aesfa,01041,0.2604188919067383
aesfa,01042,0.3134899139404297
aesfa,01043,0.34502941370010376
aesfa,01044,0.2558010220527649
aesfa,01045,0.3876854479312897
aesfa,01046,0.4283040761947632
aesfa,01047,0.4235691428184509
aesfa,01048,0.1765127182006836
aesfa,01049,0.40631914138793945
aesfa,01050,0.3956383466720581
aesfa,01051,0.07020619511604309
aesfa,01052,0.2894761264324188
aesfa,01053,0.31938397884368896
aesfa,01054,0.35880082845687866
aesfa,01055,0.3192675709724426
aesfa,01056,0.39472123980522156
aesfa,01057,0.3896128535270691
aesfa,01058,0.17195361852645874
aesfa,01059,0.12623471021652222
aesfa,01060,0.1319684535264969
aesfa,01061,0.3451804518699646
aesfa,01062,0.306267648935318
aesfa,01063,0.3334927558898926
aesfa,01064,0.5183063745498657
aesfa,01065,0.47850149869918823
aesfa,01066,0.25704526901245117
aesfa,01067,0.2711170017719269
aesfa,01068,0.07862230390310287
aesfa,01069,0.45337823033332825
aesfa,01070,0.2822553515434265
aesfa,01071,0.4440253674983978
aesfa,01072,0.07358648627996445
aesfa,01073,0.15880103409290314
aesfa,01074,0.580236554145813
aesfa,01075,0.3754531741142273
aesfa,01076,0.19555088877677917
aesfa,01077,0.32888588309288025
aesfa,01078,0.16376520693302155
aesfa,01079,0.22203275561332703
aesfa,01080,0.3168752193450928
aesfa,01081,0.3239133954048157
aesfa,01082,0.3017026484012604
aesfa,01083,0.39057785272598267
aesfa,01084,0.09091818332672119
aesfa,01085,0.4098129868507385
aesfa,01086,0.343047171831131
aesfa,01087,0.29139605164527893
aesfa,01088,0.3185490369796753
aesfa,01089,0.43444177508354187
aesfa,01090,0.31251856684684753
aesfa,01091,0.19438952207565308
aesfa,01092,0.4060921370983124
aesfa,01093,0.3976815640926361
aesfa,01094,0.0691746175289154
aesfa,01095,0.5223674178123474
aesfa,01096,0.06620671600103378
aesfa,01097,0.6368967294692993
aesfa,01098,0.27808383107185364
aesfa,01099,0.1897333860397339
aesfa,01100,0.3000440299510956
aesfa,01101,0.2101230025291443
aesfa,01102,0.2182280719280243
aesfa,01103,0.35358792543411255
aesfa,01104,0.253021776676178
aesfa,01105,0.2858268618583679
aesfa,01106,0.34103140234947205
aesfa,01107,0.19130617380142212
aesfa,01108,0.27398037910461426
aesfa,01109,0.21093323826789856
aesfa,01110,0.21257440745830536
aesfa,01111,0.13377469778060913
aesfa,01112,0.2878153324127197
aesfa,01113,0.09944939613342285
aesfa,01114,0.24856767058372498
aesfa,01115,0.16356095671653748
aesfa,01116,0.1985100656747818
aesfa,01117,0.7156423926353455
aesfa,01118,0.322515606880188
aesfa,01119,0.44509372115135193
aesfa,01120,0.5165170431137085
aesfa,01121,0.3096460700035095
aesfa,01122,0.43479347229003906
aesfa,01123,0.4023662805557251
aesfa,01124,0.3865646719932556
aesfa,01125,0.4450213313102722
aesfa,01126,0.16357919573783875
aesfa,01127,0.36995387077331543
aesfa,01128,0.2828851044178009
aesfa,01129,0.3562123477458954
aesfa,01130,0.14146965742111206
aesfa,01131,0.28607088327407837
aesfa,01132,0.2594601809978485
aesfa,01133,0.31362271308898926
aesfa,01134,0.2068251371383667
aesfa,01135,0.42996567487716675
aesfa,01136,0.20865434408187866
aesfa,01137,0.1562248170375824
aesfa,01138,0.3385493755340576
aesfa,01139,0.26421186327934265
aesfa,01140,0.3874831199645996
aesfa,01141,0.42152494192123413
aesfa,01142,0.4319112002849579
aesfa,01143,0.3842850923538208
aesfa,01144,0.3425781726837158
aesfa,01145,0.12401002645492554
aesfa,01146,0.522287130355835
aesfa,01147,0.2979277968406677
aesfa,01148,0.17933425307273865
aesfa,01149,0.22223174571990967
aesfa,01150,0.17740055918693542
aesfa,01151,0.21444293856620789
aesfa,01152,0.4773325026035309
aesfa,01153,0.23398247361183167
aesfa,01154,0.21566826105117798
aesfa,01155,0.3511246144771576
aesfa,01156,0.5422787666320801
aesfa,01157,0.16130176186561584
aesfa,01158,0.4096819758415222
aesfa,01159,0.2245759814977646
aesfa,01160,0.4957126975059509
aesfa,01161,0.3276973068714142
aesfa,01162,0.04726725071668625
aesfa,01163,0.1996021866798401
aesfa,01164,0.5721474885940552
aesfa,01165,0.16514937579631805
aesfa,01166,0.5011339783668518
aesfa,01167,0.22353124618530273
aesfa,01168,0.39154762029647827
aesfa,01169,0.3179446756839752
aesfa,01170,0.20817813277244568
aesfa,01171,0.14008229970932007
aesfa,01172,0.3127186596393585
aesfa,01173,0.23185646533966064
aesfa,01174,0.3295559287071228
aesfa,01175,0.07178349792957306
aesfa,01176,0.35235700011253357
aesfa,01177,0.274255633354187
aesfa,01178,0.3657161593437195
aesfa,01179,0.3794673681259155
aesfa,01180,0.235425665974617
aesfa,01181,0.20351874828338623
aesfa,01182,0.3152499198913574
aesfa,01183,0.12460889667272568
aesfa,01184,0.1787179410457611
aesfa,01185,0.20054194331169128
aesfa,01186,0.44310513138771057
aesfa,01187,0.19230899214744568
aesfa,01188,0.25724542140960693
aesfa,01189,0.07268889993429184
aesfa,01190,0.30863314867019653
aesfa,01191,0.3641968369483948
aesfa,01192,0.269984632730484
aesfa,01193,0.43840789794921875
aesfa,01194,0.6084278225898743
aesfa,01195,0.41102585196495056
aesfa,01196,0.2915894389152527
aesfa,01197,0.29832684993743896
aesfa,01198,0.24397015571594238
aesfa,01199,0.3806472420692444
aesfa,01200,0.2748475670814514
aesfa,01201,0.37384191155433655
aesfa,01202,0.487995445728302
aesfa,01203,0.3795173764228821
aesfa,01204,0.2576195001602173
aesfa,01205,0.07148963958024979
aesfa,01206,0.3814283609390259
aesfa,01207,0.6033667325973511
aesfa,01208,0.4943917691707611
aesfa,01209,0.29490113258361816
aesfa,01210,0.3520125448703766
aesfa,01211,0.33547401428222656
aesfa,01212,0.277657151222229
aesfa,01213,0.4158925414085388
aesfa,01214,0.09501465409994125
aesfa,01215,0.08010219037532806
aesfa,01216,0.29211145639419556
aesfa,01217,0.23731806874275208
aesfa,01218,0.30148786306381226
aesfa,01219,0.40868067741394043
aesfa,01220,0.4246911406517029
aesfa,01221,0.3912186026573181
aesfa,01222,0.16288906335830688
aesfa,01223,0.424251526594162
aesfa,01224,0.3288344740867615
aesfa,01225,0.1521153748035431
aesfa,01226,0.20328783988952637
aesfa,01227,0.18917982280254364
aesfa,01228,0.22466635704040527
aesfa,01229,0.46700525283813477
aesfa,01230,0.4055979251861572
aesfa,01231,0.28936702013015747
aesfa,01232,0.22168830037117004
aesfa,01233,0.15412908792495728
aesfa,01234,0.3722739815711975
aesfa,01235,0.37828636169433594
aesfa,01236,0.33162811398506165
aesfa,01237,0.11137758195400238
aesfa,01238,0.21272483468055725
aesfa,01239,0.28945618867874146
aesfa,01240,0.24097228050231934
aesfa,01241,0.3911615014076233
aesfa,01242,0.1330549716949463
aesfa,01243,0.27660229802131653
aesfa,01244,0.29551994800567627
aesfa,01245,0.4012666344642639
aesfa,01246,0.16732320189476013
aesfa,01247,0.4087887406349182
aesfa,01248,0.17713311314582825
aesfa,01249,0.1331748068332672
aesfa,01250,0.2757331132888794
aesfa,01251,0.3871316909790039
aesfa,01252,0.5123635530471802
aesfa,01253,0.0963522344827652
aesfa,01254,0.36801546812057495
aesfa,01255,0.4205355644226074
aesfa,01256,0.2778722941875458
aesfa,01257,0.12710535526275635
aesfa,01258,0.07000910490751266
aesfa,01259,0.35343366861343384
aesfa,01260,0.21980714797973633
aesfa,01261,0.3622642755508423
aesfa,01262,0.3161078989505768
aesfa,01263,0.4921039044857025
aesfa,01264,0.4613798260688782
aesfa,01265,0.5011277794837952
aesfa,01266,0.4112159013748169
aesfa,01267,0.3215979337692261
aesfa,01268,0.5097209215164185
aesfa,01269,0.4479403495788574
aesfa,01270,0.26823365688323975
aesfa,01271,0.3161255419254303
aesfa,01272,0.38044506311416626
aesfa,01273,0.3085238039493561
aesfa,01274,0.4806799292564392
aesfa,01275,0.33342623710632324
aesfa,01276,0.3757293224334717
aesfa,01277,0.4266613721847534
aesfa,01278,0.19076107442378998
aesfa,01279,0.40669238567352295
aesfa,01280,0.2773948311805725
aesfa,01281,0.45670536160469055
aesfa,01282,0.36651623249053955
aesfa,01283,0.43969613313674927
aesfa,01284,0.1254795640707016
aesfa,01285,0.1573745310306549
aesfa,01286,0.4155547618865967
aesfa,01287,0.4958229959011078
aesfa,01288,0.34861117601394653
aesfa,01289,0.25035640597343445
aesfa,01290,0.283827543258667
aesfa,01291,0.4075748324394226
aesfa,01292,0.341913640499115
aesfa,01293,0.45044568181037903
aesfa,01294,0.29832303524017334
aesfa,01295,0.44760000705718994
aesfa,01296,0.17258846759796143
aesfa,01297,0.558208703994751
aesfa,01298,0.30977365374565125
aesfa,01299,0.35365623235702515
aesfa,01300,0.32553642988204956
aesfa,01301,0.4028806686401367
aesfa,01302,0.1485447883605957
aesfa,01303,0.12340855598449707
aesfa,01304,0.36367738246917725
aesfa,01305,0.33417823910713196
aesfa,01306,0.43737494945526123
aesfa,01307,0.30035072565078735
aesfa,01308,0.4811355471611023
aesfa,01309,0.27944669127464294
aesfa,01310,0.49403104186058044
aesfa,01311,0.30411022901535034
aesfa,01312,0.16906344890594482
aesfa,01313,0.2031117081642151
aesfa,01314,0.4315800070762634
aesfa,01315,0.3792070150375366
aesfa,01316,0.2233632206916809
aesfa,01317,0.2905000150203705
aesfa,01318,0.3312796354293823
aesfa,01319,0.18255257606506348
aesfa,01320,0.19622200727462769
aesfa,01321,0.2517377734184265
aesfa,01322,0.10069853067398071
aesfa,01323,0.18811997771263123
aesfa,01324,0.12538281083106995
aesfa,01325,0.1523902416229248
aesfa,01326,0.3231053352355957
aesfa,01327,0.14282682538032532
aesfa,01328,0.2503069341182709
aesfa,01329,0.4215829372406006
aesfa,01330,0.09627461433410645
aesfa,01331,0.44110769033432007
aesfa,01332,0.1643434315919876
aesfa,01333,0.3950962424278259
aesfa,01334,0.38832226395606995
aesfa,01335,0.444169282913208
aesfa,01336,0.32818543910980225
aesfa,01337,0.34831416606903076
aesfa,01338,0.22022393345832825
aesfa,01339,0.09227125346660614
aesfa,01340,0.3135268986225128
aesfa,01341,0.33068594336509705
aesfa,01342,0.4180145561695099
aesfa,01343,0.09792686998844147
aesfa,01344,0.4049869477748871
aesfa,01345,0.2641229033470154
aesfa,01346,0.154874786734581
aesfa,01347,0.15305551886558533
aesfa,01348,0.29375314712524414
aesfa,01349,0.3391580879688263
aesfa,01350,0.22839614748954773
aesfa,01351,0.2942295968532562
aesfa,01352,0.24013133347034454
aesfa,01353,0.1637769639492035
aesfa,01354,0.3330325484275818
aesfa,01355,0.22214920818805695
aesfa,01356,0.2784650921821594
aesfa,01357,0.26972004771232605
aesfa,01358,0.3532405197620392
aesfa,01359,0.3029966652393341
aesfa,01360,0.10933354496955872
aesfa,01361,0.23857291042804718
aesfa,01362,0.21751639246940613
aesfa,01363,0.17752619087696075
aesfa,01364,0.23555564880371094
aesfa,01365,0.14717340469360352
aesfa,01366,0.3591306209564209
aesfa,01367,0.23023976385593414
aesfa,01368,0.4457472264766693
aesfa,01369,0.18011470139026642
aesfa,01370,0.293364942073822
aesfa,01371,0.4512457251548767
aesfa,01372,0.14510801434516907
aesfa,01373,0.40508002042770386
aesfa,01374,0.5220552682876587
aesfa,01375,0.5394724607467651
aesfa,01376,0.4277687072753906
aesfa,01377,0.2972278594970703
aesfa,01378,0.21644601225852966
aesfa,01379,0.43301594257354736
aesfa,01380,0.5025643110275269
aesfa,01381,0.37219879031181335
aesfa,01382,0.44196462631225586
aesfa,01383,0.21017183363437653
aesfa,01384,0.2811489403247833
aesfa,01385,0.16353727877140045
aesfa,01386,0.2592584788799286
aesfa,01387,0.35945799946784973
aesfa,01388,0.4158967137336731
aesfa,01389,0.4977601170539856
aesfa,01390,0.3195924162864685
aesfa,01391,0.41434189677238464
aesfa,01392,0.3250826597213745
aesfa,01393,0.2702975571155548
aesfa,01394,0.37646231055259705
aesfa,01395,0.5507449507713318
aesfa,01396,0.178432434797287
aesfa,01397,0.3805914521217346
aesfa,01398,0.22776229679584503
aesfa,01399,0.12335014343261719
aesfa,01400,0.38456496596336365
aesfa,01401,0.13556545972824097
aesfa,01402,0.4398341178894043
aesfa,01403,0.1682167947292328
aesfa,01404,0.44485265016555786
aesfa,01405,0.22591206431388855
aesfa,01406,0.2879828214645386
aesfa,01407,0.2344837635755539
aesfa,01408,0.21708159148693085
aesfa,01409,0.322723925113678
aesfa,01410,0.38584184646606445
aesfa,01411,0.421335905790329
aesfa,01412,0.2137441635131836
aesfa,01413,0.379785418510437
aesfa,01414,0.4249159097671509
aesfa,01415,0.3025679588317871
aesfa,01416,0.27855294942855835
aesfa,01417,0.12438768893480301
aesfa,01418,0.265741229057312
aesfa,01419,0.49375009536743164
aesfa,01420,0.2695740759372711
aesfa,01421,0.10560686141252518
aesfa,01422,0.30502617359161377
aesfa,01423,0.28066885471343994
aesfa,01424,0.1782473623752594
aesfa,01425,0.3553680181503296
aesfa,01426,0.1556338667869568
aesfa,01427,0.2888612151145935
aesfa,01428,0.3301750421524048
aesfa,01429,0.26633667945861816
aesfa,01430,0.16344602406024933
aesfa,01431,0.4233832359313965
aesfa,01432,0.13118873536586761
aesfa,01433,0.25829434394836426
aesfa,01434,0.2412579357624054
aesfa,01435,0.49343621730804443
aesfa,01436,0.1789226531982422
aesfa,01437,0.3594021797180176
aesfa,01438,0.30533844232559204
aesfa,01439,0.45199745893478394
aesfa,01440,0.35274237394332886
aesfa,01441,0.217623770236969
aesfa,01442,0.1633705198764801
aesfa,01443,0.14979496598243713
aesfa,01444,0.4465116262435913
aesfa,01445,0.41520237922668457
aesfa,01446,0.26295778155326843
aesfa,01447,0.49154460430145264
aesfa,01448,0.4831961989402771
aesfa,01449,0.1657252460718155
aesfa,01450,0.2564272880554199
aesfa,01451,0.16627097129821777
aesfa,01452,0.17141908407211304
aesfa,01453,0.4118639826774597
aesfa,01454,0.3693777024745941
aesfa,01455,0.3391541838645935
aesfa,01456,0.21452562510967255
aesfa,01457,0.34464162588119507
aesfa,01458,0.3996499180793762
aesfa,01459,0.2948823869228363
aesfa,01460,-0.06603781133890152
aesfa,01461,0.4320153594017029
aesfa,01462,0.32119613885879517
aesfa,01463,0.521205723285675
aesfa,01464,0.18343040347099304
aesfa,01465,0.3534051775932312
aesfa,01466,0.46955883502960205
aesfa,01467,0.49915069341659546
aesfa,01468,0.17163756489753723
aesfa,01469,0.1858484148979187
aesfa,01470,0.2829284071922302
aesfa,01471,0.31013497710227966
aesfa,01472,0.380311518907547
aesfa,01473,0.4170311987400055
aesfa,01474,0.329629123210907
aesfa,01475,0.5166289806365967
aesfa,01476,0.35258346796035767
aesfa,01477,0.33195579051971436
aesfa,01478,0.2628965973854065
aesfa,01479,0.3378259539604187
aesfa,01480,0.3294278383255005
aesfa,01481,0.384186327457428
aesfa,01482,0.5865706205368042
aesfa,01483,0.12074338644742966
aesfa,01484,0.5592842102050781
aesfa,01485,0.27698326110839844
aesfa,01486,0.3911055326461792
aesfa,01487,0.31426161527633667
aesfa,01488,0.290785551071167
aesfa,01489,0.34568795561790466
aesfa,01490,0.03683950752019882
aesfa,01491,0.3796064257621765
aesfa,01492,0.20158085227012634
aesfa,01493,0.18631625175476074
aesfa,01494,0.32243502140045166
aesfa,01495,0.1970841884613037
aesfa,01496,0.3620476722717285
aesfa,01497,0.34426814317703247
aesfa,01498,0.21304991841316223
aesfa,01499,0.25624752044677734
aesfa,01500,0.47411078214645386
aesfa,01501,0.22568483650684357
aesfa,01502,0.22756142914295197
aesfa,01503,0.29793116450309753
aesfa,01504,0.3616156280040741
aesfa,01505,0.22837933897972107
aesfa,01506,0.44966959953308105
aesfa,01507,0.34310925006866455
aesfa,01508,0.21312205493450165
aesfa,01509,0.2832277715206146
aesfa,01510,0.3200812041759491
aesfa,01511,0.324451744556427
aesfa,01512,0.31878429651260376
aesfa,01513,0.36986374855041504
aesfa,01514,0.13708534836769104
aesfa,01515,0.19735653698444366
aesfa,01516,0.270818829536438
aesfa,01517,0.2644420862197876
aesfa,01518,0.44110891222953796
aesfa,01519,-0.009499911218881607
aesfa,01520,0.3420373499393463
aesfa,01521,0.3752945363521576
aesfa,01522,0.2845405340194702
aesfa,01523,0.4207303524017334
aesfa,01524,0.32976800203323364
aesfa,01525,0.5190351605415344
aesfa,01526,0.46376922726631165
aesfa,01527,0.40043890476226807
aesfa,01528,0.1608816385269165
aesfa,01529,0.16387327015399933
aesfa,01530,0.311889111995697
aesfa,01531,0.26691678166389465
aesfa,01532,0.47462373971939087
aesfa,01533,0.30943989753723145
aesfa,01534,0.3773201107978821
aesfa,01535,0.39658957719802856
aesfa,01536,0.28308171033859253
aesfa,01537,0.023292670026421547
aesfa,01538,0.3720431327819824
aesfa,01539,0.28408539295196533
aesfa,01540,0.5025946497917175
aesfa,01541,0.4795144200325012
aesfa,01542,0.26832765340805054
aesfa,01543,0.4078814387321472
aesfa,01544,0.06519503146409988
aesfa,01545,0.3605554699897766
aesfa,01546,0.4824463725090027
aesfa,01547,0.27428868412971497
aesfa,01548,0.2430001050233841
aesfa,01549,0.4942203462123871
aesfa,01550,0.3045063018798828
aesfa,01551,0.28483226895332336
aesfa,01552,0.35842007398605347
aesfa,01553,0.4110352396965027
aesfa,01554,0.1815466433763504
aesfa,01555,0.27282267808914185
aesfa,01556,0.4819416105747223
aesfa,01557,0.4452526271343231
aesfa,01558,0.29394853115081787
aesfa,01559,0.45074111223220825
aesfa,01560,0.28990408778190613
aesfa,01561,0.49234679341316223
aesfa,01562,0.3645656406879425
aesfa,01563,0.279865026473999
aesfa,01564,0.3942994773387909
aesfa,01565,0.1318579614162445
aesfa,01566,0.1808474361896515
aesfa,01567,0.3587932884693146
aesfa,01568,0.33515772223472595
aesfa,01569,0.42444121837615967
aesfa,01570,0.4715791344642639
aesfa,01571,0.21301805973052979
aesfa,01572,0.3114350140094757
aesfa,01573,0.4548964500427246
aesfa,01574,0.6353575587272644
aesfa,01575,0.2899170517921448
aesfa,01576,0.38099023699760437
aesfa,01577,0.5268592834472656
aesfa,01578,0.3448217511177063
aesfa,01579,0.2995368242263794
aesfa,01580,0.3484337627887726
aesfa,01581,0.2616705894470215
aesfa,01582,0.4153834283351898
aesfa,01583,0.18986961245536804
aesfa,01584,0.22743631899356842
aesfa,01585,0.3471919298171997
aesfa,01586,0.37111949920654297
aesfa,01587,0.24979250133037567
aesfa,01588,0.16570335626602173
aesfa,01589,0.26270419359207153
aesfa,01590,0.021001221612095833
aesfa,01591,0.4241793751716614
aesfa,01592,0.4496158957481384
aesfa,01593,0.3530035614967346
aesfa,01594,0.24645955860614777
aesfa,01595,0.5020442008972168
aesfa,01596,0.30221056938171387
aesfa,01597,0.38369470834732056
aesfa,01598,0.366942822933197
aesfa,01599,0.27838730812072754
aesfa,01600,0.36589115858078003
aesfa,01601,0.4783792495727539
aesfa,01602,0.17668738961219788
aesfa,01603,0.370738685131073
aesfa,01604,0.17750558257102966
aesfa,01605,0.2956799268722534
aesfa,01606,0.16648487746715546
aesfa,01607,0.5012975335121155
aesfa,01608,0.0875454694032669
aesfa,01609,0.1876743882894516
aesfa,01610,0.5364435911178589
aesfa,01611,0.43976855278015137
aesfa,01612,0.41021275520324707
aesfa,01613,0.26849403977394104
aesfa,01614,0.33853018283843994
aesfa,01615,0.38785889744758606
aesfa,01616,0.27399685978889465
aesfa,01617,0.3383850157260895
aesfa,01618,0.4211854338645935
aesfa,01619,0.36075559258461
aesfa,01620,0.3334479331970215
aesfa,01621,0.3871007561683655
aesfa,01622,0.23537129163742065
aesfa,01623,0.4674926698207855
aesfa,01624,0.4322768449783325
aesfa,01625,0.3060479164123535
aesfa,01626,0.4313185214996338
aesfa,01627,0.16786274313926697
aesfa,01628,0.288798987865448
aesfa,01629,0.1311207413673401
aesfa,01630,0.3277956247329712
aesfa,01631,0.27658718824386597
aesfa,01632,0.4404778480529785
aesfa,01633,0.3367055654525757
aesfa,01634,0.47999000549316406
aesfa,01635,0.5170327425003052
aesfa,01636,0.3844970464706421
aesfa,01637,0.3259522020816803
aesfa,01638,0.41151055693626404
aesfa,01639,0.06751184165477753
aesfa,01640,0.4369856119155884
aesfa,01641,0.34437012672424316
aesfa,01642,0.4266292452812195
aesfa,01643,0.27826905250549316
aesfa,01644,0.12388430535793304
aesfa,01645,0.4513288736343384
aesfa,01646,0.38671714067459106
aesfa,01647,0.4349776804447174
aesfa,01648,0.18029744923114777
aesfa,01649,0.26786428689956665
aesfa,01650,0.3499038815498352
aesfa,01651,0.31719422340393066
aesfa,01652,0.2783385217189789
aesfa,01653,0.44629767537117004
aesfa,01654,0.4043949246406555
aesfa,01655,0.466389536857605
aesfa,01656,0.3379395604133606
aesfa,01657,0.3246714472770691
aesfa,01658,0.16804854571819305
aesfa,01659,0.23677510023117065
aesfa,01660,0.30709344148635864
aesfa,01661,0.13329626619815826
aesfa,01662,0.43190643191337585
aesfa,01663,0.26311972737312317
aesfa,01664,0.36736053228378296
aesfa,01665,0.38103818893432617
aesfa,01666,0.29745277762413025
aesfa,01667,0.2943818271160126
aesfa,01668,0.3262072205543518
aesfa,01669,0.29657799005508423
aesfa,01670,0.2496892809867859
aesfa,01671,0.09786000102758408
aesfa,01672,0.23168376088142395
aesfa,01673,0.4717090427875519
aesfa,01674,0.3846692144870758
aesfa,01675,0.29277724027633667
aesfa,01676,0.7441442012786865
aesfa,01677,0.44378089904785156
aesfa,01678,0.39523786306381226
aesfa,01679,0.37696215510368347
aesfa,01680,0.3920326828956604
aesfa,01681,0.4188508987426758
aesfa,01682,0.17301923036575317
aesfa,01683,0.46577852964401245
aesfa,01684,0.3050108253955841
aesfa,01685,0.24742095172405243
aesfa,01686,0.13079778850078583
aesfa,01687,0.21289169788360596
aesfa,01688,0.3704674541950226
aesfa,01689,0.4236888289451599
aesfa,01690,0.34340327978134155
aesfa,01691,0.25531718134880066
aesfa,01692,0.3121126890182495
aesfa,01693,0.2596889138221741
aesfa,01694,0.4044223427772522
aesfa,01695,0.2887127995491028
aesfa,01696,0.23007017374038696
aesfa,01697,0.39262062311172485
aesfa,01698,0.23005422949790955
aesfa,01699,0.3626372516155243
aesfa,01700,0.20774072408676147
aesfa,01701,0.2725474238395691
aesfa,01702,0.3063516318798065
aesfa,01703,0.21742552518844604
aesfa,01704,0.27997344732284546
aesfa,01705,0.31642186641693115
aesfa,01706,0.3072788119316101
aesfa,01707,0.4096567630767822
aesfa,01708,0.09822466969490051
aesfa,01709,0.2518545985221863
aesfa,01710,0.4328159689903259
aesfa,01711,0.23955421149730682
aesfa,01712,0.703119158744812
aesfa,01713,0.17936712503433228
aesfa,01714,0.2300053983926773
aesfa,01715,0.40238744020462036
aesfa,01716,0.3746648132801056
aesfa,01717,0.223433256149292
aesfa,01718,0.19752293825149536
aesfa,01719,0.20226876437664032
aesfa,01720,0.574763298034668
aesfa,01721,0.41016823053359985
aesfa,01722,0.05528772622346878
aesfa,01723,0.2544979453086853
aesfa,01724,0.17588460445404053
aesfa,01725,0.39604222774505615
aesfa,01726,0.25270190834999084
aesfa,01727,0.13245603442192078
aesfa,01728,0.2775711119174957
aesfa,01729,0.5395908355712891
aesfa,01730,0.3647347092628479
aesfa,01731,0.2511650621891022
aesfa,01732,0.3849450945854187
aesfa,01733,0.17775887250900269
aesfa,01734,0.45795324444770813
aesfa,01735,0.31094124913215637
aesfa,01736,0.31819722056388855
aesfa,01737,0.2697155177593231
aesfa,01738,0.30598267912864685
aesfa,01739,0.30589866638183594
aesfa,01740,0.4176982045173645
aesfa,01741,0.3375157117843628
aesfa,01742,0.5207715034484863
aesfa,01743,0.32959628105163574
aesfa,01744,0.10587544739246368
aesfa,01745,0.4039613902568817
aesfa,01746,0.18770559132099152
aesfa,01747,0.45194852352142334
aesfa,01748,0.470639705657959
aesfa,01749,0.30984675884246826
aesfa,01750,0.23277533054351807
aesfa,01751,0.3120838403701782
aesfa,01752,0.3548610806465149
aesfa,01753,0.28007906675338745
aesfa,01754,0.24176545441150665
aesfa,01755,0.31604158878326416
aesfa,01756,0.3915289044380188
aesfa,01757,0.35244020819664
aesfa,01758,0.3582095503807068
aesfa,01759,0.45751017332077026
aesfa,01760,0.4862079918384552
aesfa,01761,0.41752487421035767
aesfa,01762,0.4311489164829254
aesfa,01763,0.2524392008781433
aesfa,01764,0.4608328938484192
aesfa,01765,0.23928987979888916
aesfa,01766,0.580818772315979
aesfa,01767,0.429659903049469
aesfa,01768,0.26764214038848877
aesfa,01769,0.47262322902679443
aesfa,01770,0.23191961646080017
aesfa,01771,0.31739485263824463
aesfa,01772,0.3004448413848877
aesfa,01773,0.2995292842388153
aesfa,01774,0.3821386992931366
aesfa,01775,0.4431331753730774
aesfa,01776,0.20157557725906372
aesfa,01777,0.3269502520561218
aesfa,01778,0.3599894642829895
aesfa,01779,0.4521312713623047
aesfa,01780,0.5167973637580872
aesfa,01781,0.30793607234954834
aesfa,01782,0.29291146993637085
aesfa,01783,0.4872514307498932
aesfa,01784,0.23136509954929352
aesfa,01785,0.31160417199134827
aesfa,01786,0.43678468465805054
aesfa,01787,0.4182310700416565
aesfa,01788,0.2989804148674011
aesfa,01789,0.37375444173812866
aesfa,01790,0.5620108842849731
aesfa,01791,0.2436625063419342
aesfa,01792,0.2795313596725464
aesfa,01793,0.2709472179412842
aesfa,01794,0.3802390396595001
aesfa,01795,0.3974454402923584
aesfa,01796,0.43377313017845154
aesfa,01797,0.35700058937072754
aesfa,01798,0.3053908050060272
aesfa,01799,0.2962334156036377
aesfa,01800,0.308086633682251
aesfa,01801,0.3785593509674072
aesfa,01802,0.28582218289375305
aesfa,01803,0.35766494274139404
aesfa,01804,0.14011791348457336
aesfa,01805,0.3779473304748535
aesfa,01806,0.1769561469554901
aesfa,01807,0.41163352131843567
aesfa,01808,0.12049418687820435
aesfa,01809,0.32013052701950073
aesfa,01810,0.28999239206314087
aesfa,01811,0.27146968245506287
aesfa,01812,0.28633996844291687
aesfa,01813,0.20161595940589905
aesfa,01814,0.26497143507003784
aesfa,01815,0.2216261625289917
aesfa,01816,0.20134952664375305
aesfa,01817,0.46189260482788086
aesfa,01818,0.17192676663398743
aesfa,01819,0.023776620626449585
aesfa,01820,0.18861480057239532
aesfa,01821,0.5050270557403564
aesfa,01822,0.18192672729492188
aesfa,01823,0.28991907835006714
aesfa,01824,0.1594029664993286
aesfa,01825,0.3307432532310486
aesfa,01826,0.48185068368911743
aesfa,01827,0.13521051406860352
aesfa,01828,0.41615137457847595
aesfa,01829,0.21338576078414917
aesfa,01830,0.3263554573059082
aesfa,01831,0.5006405115127563
aesfa,01832,0.4400775730609894
aesfa,01833,0.4855274260044098
aesfa,01834,0.43842124938964844
aesfa,01835,0.38708043098449707
aesfa,01836,0.3461589217185974
aesfa,01837,0.27988970279693604
aesfa,01838,0.14890360832214355
aesfa,01839,0.3257647752761841
aesfa,01840,0.3186494708061218
aesfa,01841,0.2917397618293762
aesfa,01842,0.33152782917022705
aesfa,01843,0.27916303277015686
aesfa,01844,0.1579417884349823
aesfa,01845,0.34330445528030396
aesfa,01846,0.2877348065376282
aesfa,01847,0.38846921920776367
aesfa,01848,0.20348456501960754
aesfa,01849,0.4125315845012665
aesfa,01850,0.3971789479255676
aesfa,01851,0.10090015083551407
aesfa,01852,0.30575889348983765
aesfa,01853,0.2230234146118164
aesfa,01854,0.14024671912193298
aesfa,01855,0.40368300676345825
aesfa,01856,0.145408034324646
aesfa,01857,0.38374432921409607
aesfa,01858,0.16308175027370453
aesfa,01859,0.3163333237171173
aesfa,01860,0.1526111662387848
aesfa,01861,0.3132757544517517
aesfa,01862,0.3005681037902832
aesfa,01863,0.4854734539985657
aesfa,01864,0.3587813973426819
aesfa,01865,0.31341731548309326
aesfa,01866,0.009975133463740349
aesfa,01867,0.1386210173368454
aesfa,01868,0.1754845827817917
aesfa,01869,0.19289082288742065
aesfa,01870,0.4210777282714844
aesfa,01871,0.36879074573516846
aesfa,01872,0.40068140625953674
aesfa,01873,0.39552509784698486
aesfa,01874,0.43930870294570923
aesfa,01875,0.30409055948257446
aesfa,01876,0.3576045334339142
aesfa,01877,0.1800091415643692
aesfa,01878,0.4324583411216736
aesfa,01879,0.5263203382492065
aesfa,01880,0.33194488286972046
aesfa,01881,0.1627243012189865
aesfa,01882,0.4956514537334442
aesfa,01883,0.4718457758426666
aesfa,01884,0.15655410289764404
aesfa,01885,0.24902217090129852
aesfa,01886,0.29631736874580383
aesfa,01887,0.4502396881580353
aesfa,01888,0.35462135076522827
aesfa,01889,0.2149706482887268
aesfa,01890,0.30789482593536377
aesfa,01891,0.4924783706665039
aesfa,01892,0.10089509189128876
aesfa,01893,0.31491535902023315
aesfa,01894,0.3854380249977112
aesfa,01895,0.37379059195518494
aesfa,01896,0.24728986620903015
aesfa,01897,0.23333749175071716
aesfa,01898,0.3647684156894684
aesfa,01899,0.4788867235183716
aesfa,01900,0.3444627523422241
aesfa,01901,0.2714366912841797
aesfa,01902,0.09346234053373337
aesfa,01903,0.5203864574432373
aesfa,01904,0.3704195022583008
aesfa,01905,0.4430325925350189
aesfa,01906,0.08479331433773041
aesfa,01907,0.10663209855556488
aesfa,01908,0.15505528450012207
aesfa,01909,0.2792312502861023
aesfa,01910,0.3995278477668762
aesfa,01911,0.26654747128486633
aesfa,01912,0.335946261882782
aesfa,01913,0.6556905508041382
aesfa,01914,0.22777655720710754
aesfa,01915,0.474558562040329
aesfa,01916,0.5616100430488586
aesfa,01917,0.3108549416065216
aesfa,01918,0.31693482398986816
aesfa,01919,0.5047784447669983
aesfa,01920,0.37801679968833923
aesfa,01921,0.40770065784454346
aesfa,01922,0.5821978449821472
aesfa,01923,0.17740431427955627
aesfa,01924,0.206504225730896
aesfa,01925,0.2969164252281189
aesfa,01926,0.31422537565231323
aesfa,01927,0.2554090917110443
aesfa,01928,0.03586236387491226
aesfa,01929,0.3452855348587036
aesfa,01930,0.6214451789855957
aesfa,01931,0.4726698398590088
aesfa,01932,0.2843581736087799
aesfa,01933,0.26383528113365173
aesfa,01934,0.3352620303630829
aesfa,01935,0.30904799699783325
aesfa,01936,0.23140853643417358
aesfa,01937,0.2531866431236267
aesfa,01938,0.3332846760749817
aesfa,01939,0.4290791153907776
aesfa,01940,0.40690869092941284
aesfa,01941,0.287108451128006
aesfa,01942,0.41423434019088745
aesfa,01943,0.23052571713924408
aesfa,01944,0.4955410659313202
aesfa,01945,0.4519308805465698
aesfa,01946,0.37923169136047363
aesfa,01947,0.296542227268219
aesfa,01948,0.41657304763793945
aesfa,01949,0.08131164312362671
aesfa,01950,0.14511971175670624
aesfa,01951,0.2164718210697174
aesfa,01952,0.19970963895320892
aesfa,01953,0.3361890912055969
aesfa,01954,0.37056779861450195
aesfa,01955,0.31288743019104004
aesfa,01956,0.3804267644882202
aesfa,01957,0.3957067131996155
aesfa,01958,0.42669448256492615
aesfa,01959,0.3717413544654846
aesfa,01960,0.19828292727470398
aesfa,01961,0.48991912603378296
aesfa,01962,0.4307190179824829
aesfa,01963,0.26465481519699097
aesfa,01964,0.21587878465652466
aesfa,01965,0.1698225736618042
aesfa,01966,0.3451296389102936
aesfa,01967,0.18285511434078217
aesfa,01968,0.028413206338882446
aesfa,01969,0.19804415106773376
aesfa,01970,0.24954082071781158
aesfa,01971,0.32960429787635803
aesfa,01972,0.05734856426715851
aesfa,01973,0.22905902564525604
aesfa,01974,0.4035670757293701
aesfa,01975,0.37935107946395874
aesfa,01976,-0.13587170839309692
aesfa,01977,0.3392028212547302
aesfa,01978,0.30164334177970886
aesfa,01979,0.16865217685699463
aesfa,01980,0.3042759895324707
aesfa,01981,0.26189351081848145
aesfa,01982,0.516624391078949
aesfa,01983,0.22019320726394653
aesfa,01984,0.16067928075790405
aesfa,01985,0.1705179065465927
aesfa,01986,0.2740027904510498
aesfa,01987,0.4628741443157196
aesfa,01988,0.3637130856513977
aesfa,01989,0.3608880639076233
aesfa,01990,0.2435377538204193
aesfa,01991,0.542690098285675
aesfa,01992,0.22882771492004395
aesfa,01993,0.35131049156188965
aesfa,01994,0.3532102108001709
aesfa,01995,0.10044753551483154
aesfa,01996,0.4347439408302307
aesfa,01997,0.47524067759513855
aesfa,01998,0.06584799289703369
aesfa,01999,0.5976971387863159
aesfa,02000,0.07369790226221085
aesfa,02001,0.4071096181869507
aesfa,02002,0.3970325291156769
aesfa,02003,0.1698862612247467
aesfa,02004,0.2800132632255554
aesfa,02005,0.38496094942092896
aesfa,02006,0.17892053723335266
aesfa,02007,0.4018811881542206
aesfa,02008,0.28952544927597046
aesfa,02009,0.06371383368968964
aesfa,02010,0.4281652569770813
aesfa,02011,0.27505210041999817
aesfa,02012,0.4177178740501404
aesfa,02013,0.29991650581359863
aesfa,02014,0.2738025486469269
aesfa,02015,0.2839921712875366
aesfa,02016,0.5351672172546387
aesfa,02017,0.3684004545211792
aesfa,02018,0.38721728324890137
aesfa,02019,0.4499833285808563
aesfa,02020,0.12171317636966705
aesfa,02021,0.48692312836647034
aesfa,02022,0.19782128930091858
aesfa,02023,0.18773722648620605
aesfa,02024,0.29538586735725403
aesfa,02025,0.6320619583129883
aesfa,02026,0.38083094358444214
aesfa,02027,0.2504836916923523
aesfa,02028,0.21482646465301514
aesfa,02029,0.21881935000419617
aesfa,02030,0.3512704074382782
aesfa,02031,0.32102876901626587
aesfa,02032,0.3215889036655426
aesfa,02033,0.38096633553504944
aesfa,02034,0.4166422188282013
aesfa,02035,0.29196637868881226
aesfa,02036,0.34404072165489197
aesfa,02037,0.2266344428062439
aesfa,02038,0.05582091957330704
aesfa,02039,0.47356724739074707
aesfa,02040,0.46598929166793823
aesfa,02041,0.16802316904067993
aesfa,02042,0.45742690563201904
aesfa,02043,0.4378810226917267
aesfa,02044,0.35790449380874634
aesfa,02045,0.3565775156021118
aesfa,02046,0.24670444428920746
aesfa,02047,0.2595190703868866
aesfa,02048,0.4324113428592682
aesfa,02049,0.21959978342056274
aesfa,02050,0.20984742045402527
aesfa,02051,0.22184044122695923
aesfa,02052,0.1811305582523346
aesfa,02053,0.29651308059692383
aesfa,02054,0.5609244108200073
aesfa,02055,0.43348950147628784
aesfa,02056,0.3255249857902527
aesfa,02057,0.09453824162483215
aesfa,02058,0.13172337412834167
aesfa,02059,0.05347545072436333
aesfa,02060,0.192654088139534
aesfa,02061,0.20990414917469025
aesfa,02062,0.4885384738445282
aesfa,02063,0.1481323540210724
aesfa,02064,0.12886939942836761
aesfa,02065,0.2053545117378235
aesfa,02066,0.18613696098327637
aesfa,02067,0.19683514535427094
aesfa,02068,0.3404010534286499
aesfa,02069,0.20917701721191406
aesfa,02070,0.14798536896705627
aesfa,02071,0.226606547832489
aesfa,02072,0.5138347148895264
aesfa,02073,0.21307805180549622
aesfa,02074,0.32377320528030396
aesfa,02075,0.31089523434638977
aesfa,02076,0.11057738214731216
aesfa,02077,0.2560073137283325
aesfa,02078,0.2284219115972519
aesfa,02079,0.3172744810581207
aesfa,02080,0.449718713760376
aesfa,02081,0.21531125903129578
aesfa,02082,0.42054253816604614
aesfa,02083,0.22118481993675232
aesfa,02084,0.3171968460083008
aesfa,02085,0.15092799067497253
aesfa,02086,0.25744059681892395
aesfa,02087,0.20447656512260437
aesfa,02088,0.5314263105392456
aesfa,02089,0.18567241728305817
aesfa,02090,0.26772481203079224
aesfa,02091,0.4948604106903076
aesfa,02092,0.39794859290122986
aesfa,02093,0.2837296724319458
aesfa,02094,0.40021395683288574
aesfa,02095,0.2975543141365051
aesfa,02096,0.35875070095062256
aesfa,02097,0.32941797375679016
aesfa,02098,0.2242508828639984
aesfa,02099,0.36241835355758667
aesfa,02100,0.3837278485298157
aesfa,02101,0.16427800059318542
aesfa,02102,0.22439754009246826
aesfa,02103,0.24096928536891937
aesfa,02104,0.436876505613327
aesfa,02105,0.40461790561676025
aesfa,02106,0.3271756172180176
aesfa,02107,0.319433331489563
aesfa,02108,0.2179379165172577
aesfa,02109,0.4574609100818634
aesfa,02110,0.07793848216533661
aesfa,02111,0.2731616795063019
aesfa,02112,0.44463273882865906
aesfa,02113,0.2928990125656128
aesfa,02114,0.455366313457489
aesfa,02115,0.2383841872215271
aesfa,02116,0.13225987553596497
aesfa,02117,0.7193589210510254
aesfa,02118,0.31053057312965393
aesfa,02119,0.3940303921699524
aesfa,02120,0.36608028411865234
aesfa,02121,0.19077864289283752
aesfa,02122,0.26593247056007385
aesfa,02123,0.2998374104499817
aesfa,02124,0.22656497359275818
aesfa,02125,0.3730613887310028
aesfa,02126,0.40264368057250977
aesfa,02127,0.289420485496521
aesfa,02128,0.3527694344520569
aesfa,02129,0.19080080091953278
aesfa,02130,0.18839319050312042
aesfa,02131,0.4816735088825226
aesfa,02132,0.1579844057559967
aesfa,02133,0.09354451298713684
aesfa,02134,0.48215755820274353
aesfa,02135,0.04039812088012695
aesfa,02136,0.3362237811088562
aesfa,02137,0.1274491250514984
aesfa,02138,0.4339284896850586
aesfa,02139,0.4643479585647583
aesfa,02140,0.2516421377658844
aesfa,02141,0.46618419885635376
aesfa,02142,0.21483582258224487
aesfa,02143,0.21294474601745605
aesfa,02144,0.49909424781799316
aesfa,02145,0.32076430320739746
aesfa,02146,0.431965172290802
aesfa,02147,0.4264199733734131
aesfa,02148,0.4183961749076843
aesfa,02149,0.12664729356765747
aesfa,02150,0.31115132570266724
aesfa,02151,0.23837482929229736
aesfa,02152,0.22657644748687744
aesfa,02153,0.1720035970211029
aesfa,02154,0.19992420077323914
aesfa,02155,0.39856505393981934
aesfa,02156,0.21764516830444336
aesfa,02157,0.43412262201309204
aesfa,02158,0.15568256378173828
aesfa,02159,0.25461769104003906
aesfa,02160,0.219496950507164
aesfa,02161,0.28262507915496826
aesfa,02162,0.2867054343223572
aesfa,02163,0.4067031741142273
aesfa,02164,0.3431094288825989
aesfa,02165,0.3337249755859375
aesfa,02166,0.2036103755235672
aesfa,02167,0.3866514563560486
aesfa,02168,0.4639818072319031
aesfa,02169,0.35342907905578613
aesfa,02170,0.36897945404052734
aesfa,02171,0.40053409337997437
aesfa,02172,0.24699898064136505
aesfa,02173,0.21847864985466003
aesfa,02174,0.27076107263565063
aesfa,02175,0.49696338176727295
aesfa,02176,0.11935064196586609
aesfa,02177,0.31097835302352905
aesfa,02178,0.2865006923675537
aesfa,02179,0.3905089497566223
aesfa,02180,0.3025417923927307
aesfa,02181,0.31864941120147705
aesfa,02182,0.12234024703502655
aesfa,02183,0.27492669224739075
aesfa,02184,0.4386735260486603
aesfa,02185,0.31045857071876526
aesfa,02186,0.44846898317337036
aesfa,02187,0.2787332832813263
aesfa,02188,0.1405365765094757
aesfa,02189,0.1938447654247284
aesfa,02190,0.3800698518753052
aesfa,02191,0.3020310401916504
aesfa,02192,0.4893062710762024
aesfa,02193,0.22924858331680298
aesfa,02194,0.2449173927307129
aesfa,02195,0.5061671733856201
aesfa,02196,0.3790057897567749
aesfa,02197,0.13415351510047913
aesfa,02198,0.06605394184589386
aesfa,02199,0.3020651340484619
aesfa,02200,0.2862681448459625
aesfa,02201,0.3078792691230774
aesfa,02202,0.3093118369579315
aesfa,02203,0.4348578453063965
aesfa,02204,0.09748265147209167
aesfa,02205,0.03588753193616867
aesfa,02206,0.3424583077430725
aesfa,02207,0.33257609605789185
aesfa,02208,0.2896561324596405
aesfa,02209,0.486813485622406
aesfa,02210,0.5005220770835876
aesfa,02211,0.3605844974517822
aesfa,02212,0.26275724172592163
aesfa,02213,0.1508205533027649
aesfa,02214,0.32976123690605164
aesfa,02215,0.4298015236854553
aesfa,02216,0.1867532879114151
aesfa,02217,0.24978239834308624
aesfa,02218,0.35936254262924194
aesfa,02219,0.27021074295043945
aesfa,02220,0.4646856188774109
aesfa,02221,0.30412042140960693
aesfa,02222,0.3481099605560303
aesfa,02223,0.31512853503227234
aesfa,02224,0.47092610597610474
aesfa,02225,0.4713295102119446
aesfa,02226,0.12544608116149902
aesfa,02227,0.3137044310569763
aesfa,02228,0.21201807260513306
aesfa,02229,0.18295283615589142
aesfa,02230,0.252233624458313
aesfa,02231,0.11398442089557648
aesfa,02232,0.2154962718486786
aesfa,02233,0.36257287859916687
aesfa,02234,0.5037314891815186
aesfa,02235,0.21231698989868164
aesfa,02236,0.14965760707855225
aesfa,02237,0.2461259961128235
aesfa,02238,0.3212145268917084
aesfa,02239,0.3096449375152588
aesfa,02240,0.20538106560707092
aesfa,02241,0.45672327280044556
aesfa,02242,0.28632664680480957
aesfa,02243,0.4550601840019226
aesfa,02244,0.5547785758972168
aesfa,02245,0.22820231318473816
aesfa,02246,0.28674668073654175
aesfa,02247,0.38124340772628784
aesfa,02248,0.5299117565155029
aesfa,02249,0.21336312592029572
aesfa,02250,0.17827317118644714
aesfa,02251,0.3137221336364746
aesfa,02252,0.28121861815452576
aesfa,02253,0.47197094559669495
aesfa,02254,0.1581413894891739
aesfa,02255,0.3032662868499756
aesfa,02256,0.39691734313964844
aesfa,02257,0.36194348335266113
aesfa,02258,0.4982180595397949
aesfa,02259,0.20730844140052795
aesfa,02260,0.09596417844295502
aesfa,02261,0.5838186740875244
aesfa,02262,0.4093215763568878
aesfa,02263,0.22767426073551178
aesfa,02264,0.3017689883708954
aesfa,02265,0.033141691237688065
aesfa,02266,0.3711740970611572
aesfa,02267,0.2625318467617035
aesfa,02268,0.35699132084846497
aesfa,02269,0.08037024736404419
aesfa,02270,0.3161761462688446
aesfa,02271,0.07878827303647995
aesfa,02272,0.26841166615486145
aesfa,02273,0.2471458613872528
aesfa,02274,0.2427041381597519
aesfa,02275,0.2298014760017395
aesfa,02276,0.3458881378173828
aesfa,02277,0.2903207838535309
aesfa,02278,0.24753665924072266
aesfa,02279,0.2923130989074707
aesfa,02280,0.253524512052536
aesfa,02281,0.2999977171421051
aesfa,02282,0.3229924440383911
aesfa,02283,0.03956899791955948
aesfa,02284,0.3530750274658203
aesfa,02285,0.3908282220363617
aesfa,02286,0.41928696632385254
aesfa,02287,0.40875035524368286
aesfa,02288,0.4184892177581787
aesfa,02289,0.36366409063339233
aesfa,02290,0.33546510338783264
aesfa,02291,0.3643863797187805
aesfa,02292,0.45758071541786194
aesfa,02293,0.19659224152565002
aesfa,02294,0.33829981088638306
aesfa,02295,0.3262944221496582
aesfa,02296,0.5230224132537842
aesfa,02297,0.20171406865119934
aesfa,02298,0.3585590720176697
aesfa,02299,0.12889987230300903
aesfa,02300,0.22841227054595947
aesfa,02301,0.2457309514284134
aesfa,02302,0.17793327569961548
aesfa,02303,0.2777783274650574
aesfa,02304,0.16628792881965637
aesfa,02305,0.24625691771507263
aesfa,02306,0.28413358330726624
aesfa,02307,0.07224030047655106
aesfa,02308,0.40109676122665405
aesfa,02309,0.14699432253837585
aesfa,02310,0.4572775661945343
aesfa,02311,0.4540216624736786
aesfa,02312,0.26005101203918457
aesfa,02313,0.34432452917099
aesfa,02314,0.0883672833442688
aesfa,02315,0.32587456703186035
aesfa,02316,0.45343637466430664
aesfa,02317,0.2748311161994934
aesfa,02318,0.5142495036125183
aesfa,02319,0.17058944702148438
aesfa,02320,0.3137468099594116
aesfa,02321,0.40557801723480225
aesfa,02322,0.3862069547176361
aesfa,02323,0.28371095657348633
aesfa,02324,0.33175310492515564
aesfa,02325,0.5130346417427063
aesfa,02326,0.10547040402889252
aesfa,02327,0.3232010304927826
aesfa,02328,0.3805384635925293
aesfa,02329,0.34121644496917725
aesfa,02330,0.2578281760215759
aesfa,02331,0.2505050003528595
aesfa,02332,0.07179772108793259
aesfa,02333,0.3451473116874695
aesfa,02334,0.28914737701416016
aesfa,02335,0.3113712966442108
aesfa,02336,0.1006191149353981
aesfa,02337,0.4930386245250702
aesfa,02338,0.24220865964889526
aesfa,02339,0.21856112778186798
aesfa,02340,0.3578168749809265
aesfa,02341,0.22378897666931152
aesfa,02342,0.2132434844970703
aesfa,02343,0.34899720549583435
aesfa,02344,0.4876224994659424
aesfa,02345,0.15267200767993927
aesfa,02346,0.05231918394565582
aesfa,02347,0.3264174163341522
aesfa,02348,0.3198922276496887
aesfa,02349,0.1943061649799347
aesfa,02350,0.15188446640968323
aesfa,02351,0.3902280926704407
aesfa,02352,0.44405612349510193
aesfa,02353,0.41754233837127686
aesfa,02354,0.33843669295310974
aesfa,02355,0.598196268081665
aesfa,02356,0.3144397735595703
aesfa,02357,0.11125129461288452
aesfa,02358,0.20700427889823914
aesfa,02359,0.38044846057891846
aesfa,02360,0.4857916831970215
aesfa,02361,0.17933833599090576
aesfa,02362,0.17888134717941284
aesfa,02363,0.3040543794631958
aesfa,02364,0.7600265741348267
aesfa,02365,0.3268258273601532
aesfa,02366,0.3436627984046936
aesfa,02367,0.37905678153038025
aesfa,02368,0.2565270960330963
aesfa,02369,0.2839095890522003
aesfa,02370,0.2631165385246277
aesfa,02371,0.1362692266702652
aesfa,02372,0.3657369315624237
aesfa,02373,0.3984977602958679
aesfa,02374,0.16134074330329895
aesfa,02375,0.3903372287750244
aesfa,02376,0.2010655701160431
aesfa,02377,0.3392367959022522
aesfa,02378,0.29929912090301514
aesfa,02379,0.23338907957077026
aesfa,02380,0.5818786025047302
aesfa,02381,0.042829178273677826
aesfa,02382,0.3084075450897217
aesfa,02383,0.33557581901550293
aesfa,02384,0.29064568877220154
aesfa,02385,0.24328841269016266
aesfa,02386,0.37999653816223145
aesfa,02387,0.09145856648683548
aesfa,02388,0.4277842044830322
aesfa,02389,0.46853378415107727
aesfa,02390,0.3368099629878998
aesfa,02391,0.3908516764640808
aesfa,02392,0.26112955808639526
aesfa,02393,0.41761425137519836
aesfa,02394,0.42883768677711487
aesfa,02395,0.3549405336380005
aesfa,02396,0.1802966147661209
aesfa,02397,0.2534293532371521
aesfa,02398,0.04238399863243103
aesfa,02399,0.4156170189380646
aesfa,02400,0.174258291721344
aesfa,02401,0.363677978515625
aesfa,02402,0.3848118185997009
aesfa,02403,0.3009944558143616
aesfa,02404,0.33475714921951294
aesfa,02405,0.5867364406585693
aesfa,02406,0.336337149143219
aesfa,02407,0.20085352659225464
aesfa,02408,0.25308430194854736
aesfa,02409,0.23083919286727905
aesfa,02410,0.5172417759895325
aesfa,02411,0.1832178831100464
aesfa,02412,0.4816133379936218
aesfa,02413,0.18831048905849457
aesfa,02414,0.272085040807724
aesfa,02415,0.23002657294273376
aesfa,02416,0.2847382426261902
aesfa,02417,0.14318490028381348
aesfa,02418,0.4352566599845886
aesfa,02419,0.16939321160316467
aesfa,02420,0.2919633388519287
aesfa,02421,0.4284091591835022
aesfa,02422,0.4417988061904907
aesfa,02423,0.31718015670776367
aesfa,02424,0.46757134795188904
aesfa,02425,0.5268572568893433
aesfa,02426,0.3907474875450134
aesfa,02427,0.29148608446121216
aesfa,02428,0.3550868630409241
aesfa,02429,0.33137398958206177
aesfa,02430,0.14027701318264008
aesfa,02431,0.08486326038837433
aesfa,02432,0.1676061749458313
aesfa,02433,0.3171696066856384
aesfa,02434,0.09979653358459473
aesfa,02435,0.439176082611084
aesfa,02436,0.31590497493743896
aesfa,02437,0.19285733997821808
aesfa,02438,0.26343822479248047
aesfa,02439,0.39557895064353943
aesfa,02440,0.41764119267463684
aesfa,02441,0.23207072913646698
aesfa,02442,0.2694258689880371
aesfa,02443,0.3243618905544281
aesfa,02444,0.27074146270751953
aesfa,02445,0.21319890022277832
aesfa,02446,0.3361995220184326
aesfa,02447,0.275256484746933
aesfa,02448,0.2121003121137619
aesfa,02449,0.4094458222389221
aesfa,02450,0.3334309160709381
aesfa,02451,0.25032132863998413
aesfa,02452,0.1437416821718216
aesfa,02453,0.18422842025756836
aesfa,02454,0.35272857546806335
aesfa,02455,0.560526430606842
aesfa,02456,0.22515790164470673
aesfa,02457,0.438284695148468
aesfa,02458,0.3039211928844452
aesfa,02459,0.25409793853759766
aesfa,02460,0.19163033366203308
aesfa,02461,0.32241857051849365
aesfa,02462,0.32897645235061646
aesfa,02463,0.2623800039291382
aesfa,02464,0.017237313091754913
aesfa,02465,0.3556009829044342
aesfa,02466,0.2689599394798279
aesfa,02467,0.18768355250358582
aesfa,02468,0.40343910455703735
aesfa,02469,0.4357311725616455
aesfa,02470,0.21331867575645447
aesfa,02471,0.1519496589899063
aesfa,02472,0.33026963472366333
aesfa,02473,0.4375838339328766
aesfa,02474,0.4283001124858856
aesfa,02475,0.3559368848800659
aesfa,02476,0.28430822491645813
aesfa,02477,0.10321967303752899
aesfa,02478,0.2573166787624359
aesfa,02479,0.17821753025054932
aesfa,02480,0.3184967637062073
aesfa,02481,0.4420117437839508
aesfa,02482,0.3152569532394409
aesfa,02483,0.5633693933486938
aesfa,02484,0.2259102463722229
aesfa,02485,0.2190915048122406
aesfa,02486,0.47289204597473145
aesfa,02487,0.4766189754009247
aesfa,02488,0.21452946960926056
aesfa,02489,0.34495773911476135
aesfa,02490,0.4308670163154602
aesfa,02491,0.3999970555305481
aesfa,02492,0.2566404640674591
aesfa,02493,0.10917556285858154
aesfa,02494,0.2499593049287796
aesfa,02495,0.32039064168930054
aesfa,02496,0.43347105383872986
aesfa,02497,0.10840554535388947
aesfa,02498,0.24878667294979095
aesfa,02499,0.23202936351299286
aesfa,02500,0.20110666751861572
aesfa,02501,0.20659096539020538
aesfa,02502,0.706023097038269
aesfa,02503,0.3520803451538086
aesfa,02504,0.3405982255935669
aesfa,02505,0.3041621446609497
aesfa,02506,0.33028948307037354
aesfa,02507,0.12284117192029953
aesfa,02508,0.33927851915359497
aesfa,02509,0.3062174618244171
aesfa,02510,0.4166388213634491
aesfa,02511,0.3348047733306885
aesfa,02512,0.38751858472824097
aesfa,02513,0.40026164054870605
aesfa,02514,0.33532339334487915
aesfa,02515,0.24831175804138184
aesfa,02516,0.33894097805023193
aesfa,02517,0.3829866945743561
aesfa,02518,0.4585670232772827
aesfa,02519,0.22670957446098328
aesfa,02520,0.6648976802825928
aesfa,02521,0.20749881863594055
aesfa,02522,0.4313552677631378
aesfa,02523,0.13691700994968414
aesfa,02524,0.14980193972587585
aesfa,02525,0.22536560893058777
aesfa,02526,0.28587886691093445
aesfa,02527,0.31103289127349854
aesfa,02528,-0.02961616963148117
aesfa,02529,0.09764517098665237
aesfa,02530,0.29225772619247437
aesfa,02531,0.48187825083732605
aesfa,02532,0.6361976861953735
aesfa,02533,0.48588883876800537
aesfa,02534,0.48694223165512085
aesfa,02535,0.19374299049377441
aesfa,02536,0.551773190498352
aesfa,02537,0.3977896571159363
aesfa,02538,0.24039120972156525
aesfa,02539,0.2715063691139221
aesfa,02540,0.3789210021495819
aesfa,02541,0.41701263189315796
aesfa,02542,0.33972644805908203
aesfa,02543,0.35442909598350525
aesfa,02544,0.14653904736042023
aesfa,02545,0.1305602490901947
aesfa,02546,0.34162867069244385
aesfa,02547,0.23266007006168365
aesfa,02548,0.41875171661376953
aesfa,02549,0.30145329236984253
aesfa,02550,0.18682843446731567
aesfa,02551,0.5119757652282715
aesfa,02552,0.48141610622406006
aesfa,02553,0.46255335211753845
aesfa,02554,0.5818111300468445
aesfa,02555,0.16246864199638367
aesfa,02556,0.23884519934654236
aesfa,02557,0.24461284279823303
aesfa,02558,0.3028973937034607
aesfa,02559,0.16297036409378052
aesfa,02560,0.2711551785469055
aesfa,02561,0.3096757233142853
aesfa,02562,0.21656979620456696
aesfa,02563,0.18259233236312866
aesfa,02564,0.2724837362766266
aesfa,02565,0.13557827472686768
aesfa,02566,0.6132552623748779
aesfa,02567,0.44835734367370605
aesfa,02568,0.423067569732666
aesfa,02569,0.2524181008338928
aesfa,02570,0.19300216436386108
aesfa,02571,0.23803222179412842
aesfa,02572,0.3201928734779358
aesfa,02573,0.4044559597969055
aesfa,02574,0.2304619401693344
aesfa,02575,0.3163665533065796
aesfa,02576,0.2651787996292114
aesfa,02577,0.4198458790779114
aesfa,02578,0.37688952684402466
aesfa,02579,0.26518645882606506
aesfa,02580,0.5078970193862915
aesfa,02581,0.32663586735725403
aesfa,02582,0.38505229353904724
aesfa,02583,0.23968343436717987
aesfa,02584,0.3199569582939148
aesfa,02585,0.2525778114795685
aesfa,02586,0.2994791269302368
aesfa,02587,0.2910398542881012
aesfa,02588,0.36917319893836975
aesfa,02589,0.49322453141212463
aesfa,02590,0.18075761198997498
aesfa,02591,0.12765714526176453
aesfa,02592,0.27749890089035034
aesfa,02593,0.4322819411754608
aesfa,02594,0.18624964356422424
aesfa,02595,0.3648681044578552
aesfa,02596,0.3504136800765991
aesfa,02597,0.3467094302177429
aesfa,02598,0.17650240659713745
aesfa,02599,0.23271533846855164
aesfa,02600,0.44959646463394165
aesfa,02601,0.27395954728126526
aesfa,02602,0.26105380058288574
aesfa,02603,0.36746788024902344
aesfa,02604,0.20581674575805664
aesfa,02605,0.3189379572868347
aesfa,02606,0.2582867443561554
aesfa,02607,0.31554773449897766
aesfa,02608,0.3302750289440155
aesfa,02609,0.20030450820922852
aesfa,02610,0.41248440742492676
aesfa,02611,0.3388913571834564
aesfa,02612,0.17548413574695587
aesfa,02613,0.0930233895778656
aesfa,02614,0.4057479500770569
aesfa,02615,0.2959887385368347
aesfa,02616,0.1910407543182373
aesfa,02617,0.34432145953178406
aesfa,02618,0.1930619776248932
aesfa,02619,0.32326745986938477
aesfa,02620,0.3783085346221924
aesfa,02621,0.29507195949554443
aesfa,02622,0.3368903398513794
aesfa,02623,0.45452171564102173
aesfa,02624,0.1803186535835266
aesfa,02625,0.4162149429321289
aesfa,02626,0.10973811149597168
aesfa,02627,0.2520628571510315
aesfa,02628,0.2226475179195404
aesfa,02629,0.2807067334651947
aesfa,02630,0.23806998133659363
aesfa,02631,0.19351164996623993
aesfa,02632,0.559673547744751
aesfa,02633,0.22910936176776886
aesfa,02634,0.41562944650650024
aesfa,02635,0.134761780500412
aesfa,02636,0.3203008472919464
aesfa,02637,0.3570635914802551
aesfa,02638,0.4471689462661743
aesfa,02639,0.3697602152824402
aesfa,02640,0.5567160844802856
aesfa,02641,0.25454288721084595
aesfa,02642,0.28803497552871704
aesfa,02643,0.44090551137924194
aesfa,02644,0.20647360384464264
aesfa,02645,0.2969835102558136
aesfa,02646,0.2702420949935913
aesfa,02647,0.32005026936531067
aesfa,02648,0.1702960580587387
aesfa,02649,0.3910064101219177
aesfa,02650,0.2319525182247162
aesfa,02651,0.5299510955810547
aesfa,02652,0.28885626792907715
aesfa,02653,0.32552510499954224
aesfa,02654,0.30923154950141907
aesfa,02655,0.16231781244277954
aesfa,02656,0.2997465133666992
aesfa,02657,0.24323387444019318
aesfa,02658,0.270351767539978
aesfa,02659,0.35044777393341064
aesfa,02660,0.43548962473869324
aesfa,02661,0.2237422913312912
aesfa,02662,0.31317269802093506
aesfa,02663,0.44486403465270996
aesfa,02664,0.31370916962623596
aesfa,02665,0.24315662682056427
aesfa,02666,0.21534380316734314
aesfa,02667,0.44060176610946655
aesfa,02668,0.3231905698776245
aesfa,02669,0.534505307674408
aesfa,02670,0.23516757786273956
aesfa,02671,0.11860733479261398
aesfa,02672,0.22533664107322693
aesfa,02673,0.3894687592983246
aesfa,02674,0.37759116291999817
aesfa,02675,0.4073445200920105
aesfa,02676,0.18011417984962463
aesfa,02677,0.24644187092781067
aesfa,02678,0.3656271696090698
aesfa,02679,0.1545272320508957
aesfa,02680,0.2668904662132263
aesfa,02681,0.3944184482097626
aesfa,02682,0.2846336364746094
aesfa,02683,0.42920437455177307
aesfa,02684,0.23105765879154205
aesfa,02685,0.4172170162200928
aesfa,02686,0.25152134895324707
aesfa,02687,0.35116100311279297
aesfa,02688,0.2340298593044281
aesfa,02689,0.293388307094574
aesfa,02690,0.48523351550102234
aesfa,02691,0.5323244333267212
aesfa,02692,0.32499364018440247
aesfa,02693,0.23381012678146362
aesfa,02694,0.25981003046035767
aesfa,02695,0.325506329536438
aesfa,02696,0.2985934913158417
aesfa,02697,0.3700982928276062
aesfa,02698,0.27749598026275635
aesfa,02699,0.1606655716896057
aesfa,02700,0.43029069900512695
aesfa,02701,0.3088335394859314
aesfa,02702,0.33118659257888794
aesfa,02703,0.5067349076271057
aesfa,02704,0.25849151611328125
aesfa,02705,0.16853998601436615
aesfa,02706,0.1891491860151291
aesfa,02707,0.27277636528015137
aesfa,02708,0.20334547758102417
aesfa,02709,0.5175906419754028
aesfa,02710,0.35712873935699463
aesfa,02711,0.2587442100048065
aesfa,02712,0.4251686930656433
aesfa,02713,0.32548215985298157
aesfa,02714,0.20305374264717102
aesfa,02715,0.23766136169433594
aesfa,02716,0.12417233735322952
aesfa,02717,0.23948797583580017
aesfa,02718,0.060208264738321304
aesfa,02719,0.3946220278739929
aesfa,02720,0.4986971616744995
aesfa,02721,0.4146716296672821
aesfa,02722,0.2781301736831665
aesfa,02723,0.26788562536239624
aesfa,02724,0.23943638801574707
aesfa,02725,0.040480777621269226
aesfa,02726,0.28548282384872437
aesfa,02727,0.4149155020713806
aesfa,02728,0.21513810753822327
aesfa,02729,0.2530900835990906
aesfa,02730,0.2506815791130066
aesfa,02731,0.2332577109336853
aesfa,02732,0.058187805116176605
aesfa,02733,0.34730345010757446
aesfa,02734,0.21600006520748138
aesfa,02735,0.10807996988296509
aesfa,02736,0.26619571447372437
aesfa,02737,0.4710369110107422
aesfa,02738,0.1531534343957901
aesfa,02739,0.3174542784690857
aesfa,02740,0.36562639474868774
aesfa,02741,0.6415581107139587
aesfa,02742,0.3021557033061981
aesfa,02743,0.3496687412261963
aesfa,02744,0.22696329653263092
aesfa,02745,0.07424724102020264
aesfa,02746,0.46318763494491577
aesfa,02747,0.32607555389404297
aesfa,02748,0.36271363496780396
aesfa,02749,0.6367151141166687
aesfa,02750,0.3225446939468384
aesfa,02751,0.28723597526550293
aesfa,02752,0.34806761145591736
aesfa,02753,0.2749929130077362
aesfa,02754,0.3425845503807068
aesfa,02755,0.3524904251098633
aesfa,02756,0.43858879804611206
aesfa,02757,0.37903720140457153
aesfa,02758,0.35285019874572754
aesfa,02759,0.2886173129081726
aesfa,02760,0.2864598333835602
aesfa,02761,0.17164790630340576
aesfa,02762,0.4490016996860504
aesfa,02763,0.0848185122013092
aesfa,02764,0.1691734343767166
aesfa,02765,0.1486073136329651
aesfa,02766,0.34129780530929565
aesfa,02767,0.07356792688369751
aesfa,02768,0.39082029461860657
aesfa,02769,0.07950840890407562
aesfa,02770,0.4143022894859314
aesfa,02771,0.4718993306159973
aesfa,02772,0.2516830563545227
aesfa,02773,0.1688937246799469
aesfa,02774,0.35944563150405884
aesfa,02775,0.4820175766944885
aesfa,02776,0.19185636937618256
aesfa,02777,0.47286611795425415
aesfa,02778,0.14450901746749878
aesfa,02779,0.336198091506958
aesfa,02780,0.3877580761909485
aesfa,02781,0.34323227405548096
aesfa,02782,0.23970815539360046
aesfa,02783,0.25574761629104614
aesfa,02784,0.4574536979198456
aesfa,02785,0.24961894750595093
aesfa,02786,0.3697577118873596
aesfa,02787,0.38027477264404297
aesfa,02788,0.324309766292572
aesfa,02789,0.26856064796447754
aesfa,02790,0.36823123693466187
aesfa,02791,0.22471649944782257
aesfa,02792,0.30412715673446655
aesfa,02793,0.3347308933734894
aesfa,02794,0.3265884220600128
aesfa,02795,0.2563074231147766
aesfa,02796,0.12976489961147308
aesfa,02797,0.28521209955215454
aesfa,02798,0.04946702718734741
aesfa,02799,0.48184314370155334
aesfa,02800,0.4098368287086487
aesfa,02801,0.43414825201034546
aesfa,02802,0.1472446471452713
aesfa,02803,0.44388386607170105
aesfa,02804,0.30506631731987
aesfa,02805,0.4227119982242584
aesfa,02806,0.46219921112060547
aesfa,02807,0.38316285610198975
aesfa,02808,0.38326773047447205
aesfa,02809,0.22780953347682953
aesfa,02810,0.4501408338546753
aesfa,02811,0.3301866054534912
aesfa,02812,0.12357990443706512
aesfa,02813,0.29498815536499023
aesfa,02814,0.3837665915489197
aesfa,02815,0.4915083348751068
aesfa,02816,0.3301807940006256
aesfa,02817,0.16390390694141388
aesfa,02818,0.17154356837272644
aesfa,02819,0.2063024342060089
aesfa,02820,0.26428931951522827
aesfa,02821,0.20297682285308838
aesfa,02822,0.1534425914287567
aesfa,02823,0.3858262896537781
aesfa,02824,0.09913800656795502
aesfa,02825,0.4820113182067871
aesfa,02826,0.15393736958503723
aesfa,02827,0.2111266702413559
aesfa,02828,0.39546269178390503
aesfa,02829,0.38504862785339355
aesfa,02830,0.1514521837234497
aesfa,02831,0.4876560568809509
aesfa,02832,0.22111129760742188
aesfa,02833,0.552992045879364
aesfa,02834,0.3577205240726471
aesfa,02835,0.1918335109949112
aesfa,02836,0.403264582157135
aesfa,02837,0.4513702392578125
aesfa,02838,0.32148924469947815
aesfa,02839,0.2973092794418335
aesfa,02840,0.31133460998535156
aesfa,02841,0.22474625706672668
aesfa,02842,0.4303760528564453
aesfa,02843,0.18267309665679932
aesfa,02844,0.18287017941474915
aesfa,02845,-0.031097495928406715
aesfa,02846,0.2502743899822235
aesfa,02847,0.2705974578857422
aesfa,02848,0.2061842978000641
aesfa,02849,0.31886062026023865
aesfa,02850,0.1772916465997696
aesfa,02851,0.13624043762683868
aesfa,02852,0.2365252673625946
aesfa,02853,0.2512757182121277
aesfa,02854,0.18472322821617126
aesfa,02855,0.17737869918346405
aesfa,02856,0.3823675215244293
aesfa,02857,0.3818746507167816
aesfa,02858,0.47291767597198486
aesfa,02859,0.3932954668998718
aesfa,02860,0.3724600374698639
aesfa,02861,0.23233814537525177
aesfa,02862,0.34470516443252563
aesfa,02863,0.34808075428009033
aesfa,02864,0.2667216956615448
aesfa,02865,0.3948221504688263
aesfa,02866,0.33502835035324097
aesfa,02867,0.37211090326309204
aesfa,02868,0.4597838819026947
aesfa,02869,0.295936644077301
aesfa,02870,0.08325318992137909
aesfa,02871,0.49358654022216797
aesfa,02872,0.2428150624036789
aesfa,02873,0.4014052450656891
aesfa,02874,0.3027782440185547
aesfa,02875,0.5641634464263916
aesfa,02876,0.41578876972198486
aesfa,02877,0.3807670474052429
aesfa,02878,0.27771520614624023
aesfa,02879,0.13015326857566833
aesfa,02880,0.2721734046936035
aesfa,02881,0.5222725868225098
aesfa,02882,0.18390777707099915
aesfa,02883,0.15418659150600433
aesfa,02884,0.24282655119895935
aesfa,02885,0.3969880938529968
aesfa,02886,0.031319357454776764
aesfa,02887,0.3012082576751709
aesfa,02888,0.21489205956459045
aesfa,02889,0.2700732946395874
aesfa,02890,0.2882867753505707
aesfa,02891,0.23511242866516113
aesfa,02892,0.4773508906364441
aesfa,02893,0.19930320978164673
aesfa,02894,0.6748142838478088
aesfa,02895,0.6055586338043213
aesfa,02896,0.3160407543182373
aesfa,02897,0.47994256019592285
aesfa,02898,0.3624177575111389
aesfa,02899,0.08429840952157974
aesfa,02900,0.3381781578063965
aesfa,02901,0.11511674523353577
aesfa,02902,0.37187954783439636
aesfa,02903,0.3780800700187683
aesfa,02904,0.2874470353126526
aesfa,02905,0.212991863489151
aesfa,02906,0.15387457609176636
aesfa,02907,0.2842743992805481
aesfa,02908,0.20610782504081726
aesfa,02909,0.45365238189697266
aesfa,02910,0.3346373438835144
aesfa,02911,0.23395085334777832
aesfa,02912,0.22936715185642242
aesfa,02913,0.4455868601799011
aesfa,02914,0.27238839864730835
aesfa,02915,0.32009977102279663
aesfa,02916,0.22428575158119202
aesfa,02917,0.4924919903278351
aesfa,02918,0.26693055033683777
aesfa,02919,0.2597474157810211
aesfa,02920,0.37955379486083984
aesfa,02921,0.22231751680374146
aesfa,02922,0.3175569474697113
aesfa,02923,0.26968616247177124
aesfa,02924,0.2782779037952423
aesfa,02925,0.5162066221237183
aesfa,02926,0.2821844816207886
aesfa,02927,0.6030635833740234
aesfa,02928,0.1384260654449463
aesfa,02929,0.22735565900802612
aesfa,02930,0.4010353684425354
aesfa,02931,0.39779824018478394
aesfa,02932,0.4133092761039734
aesfa,02933,0.4766901135444641
aesfa,02934,0.197332501411438
aesfa,02935,0.27119743824005127
aesfa,02936,0.27409929037094116
aesfa,02937,0.21018104255199432
aesfa,02938,0.47153449058532715
aesfa,02939,0.3814961314201355
aesfa,02940,0.28300026059150696
aesfa,02941,0.2880563735961914
aesfa,02942,0.5191202759742737
aesfa,02943,0.08406540751457214
aesfa,02944,0.1296773999929428
aesfa,02945,0.21048885583877563
aesfa,02946,0.3816158175468445
aesfa,02947,0.27889859676361084
aesfa,02948,0.27583199739456177
aesfa,02949,0.25374680757522583
aesfa,02950,0.536443829536438
aesfa,02951,0.5018656849861145
aesfa,02952,0.15350481867790222
aesfa,02953,0.11654781550168991
aesfa,02954,0.3851533532142639
aesfa,02955,0.34442847967147827
aesfa,02956,0.2630772292613983
aesfa,02957,0.3123777210712433
aesfa,02958,0.4239876866340637
aesfa,02959,0.24253708124160767
aesfa,02960,0.2981424331665039
aesfa,02961,0.38336503505706787
aesfa,02962,0.48610633611679077
aesfa,02963,0.44307881593704224
aesfa,02964,0.5837927460670471
aesfa,02965,0.45570582151412964
aesfa,02966,0.29648053646087646
aesfa,02967,0.1684286892414093
aesfa,02968,0.2945263981819153
aesfa,02969,0.22449372708797455
aesfa,02970,0.31325823068618774
aesfa,02971,0.2968716621398926
aesfa,02972,0.24762466549873352
aesfa,02973,0.3711077570915222
aesfa,02974,0.45667287707328796
aesfa,02975,0.32385218143463135
aesfa,02976,0.21987874805927277
aesfa,02977,0.38937926292419434
aesfa,02978,0.2398986667394638
aesfa,02979,0.37133511900901794
aesfa,02980,-0.016920000314712524
aesfa,02981,0.496174156665802
aesfa,02982,0.3547479510307312
aesfa,02983,0.22323660552501678
aesfa,02984,0.24846787750720978
aesfa,02985,0.29703962802886963
aesfa,02986,0.5645959377288818
aesfa,02987,0.40026140213012695
aesfa,02988,0.34238719940185547
aesfa,02989,0.3695910573005676
aesfa,02990,0.10987250506877899
aesfa,02991,0.510248064994812
aesfa,02992,0.21869482100009918
aesfa,02993,0.1320713460445404
aesfa,02994,0.19711588323116302
aesfa,02995,0.4295160174369812
aesfa,02996,0.3465205132961273
aesfa,02997,0.4081876277923584
aesfa,02998,0.1299835741519928
aesfa,02999,0.17463213205337524
aesfa,03000,0.525581955909729
aesfa,03001,0.18358904123306274
aesfa,03002,0.20952720940113068
aesfa,03003,0.3267390727996826
aesfa,03004,0.3899386525154114
aesfa,03005,0.27370932698249817
aesfa,03006,0.46790698170661926
aesfa,03007,0.19098111987113953
aesfa,03008,0.13759401440620422
aesfa,03009,0.3030887544155121
aesfa,03010,0.30359822511672974
aesfa,03011,0.31865525245666504
aesfa,03012,0.21177572011947632
aesfa,03013,0.38252753019332886
aesfa,03014,0.0363706573843956
aesfa,03015,0.2573494017124176
aesfa,03016,0.3597515821456909
aesfa,03017,0.23200055956840515
aesfa,03018,0.14956480264663696
aesfa,03019,0.28850048780441284
aesfa,03020,0.3709924817085266
aesfa,03021,0.4771639108657837
aesfa,03022,0.5175796747207642
aesfa,03023,0.14924919605255127
aesfa,03024,0.33326518535614014
aesfa,03025,0.27219730615615845
aesfa,03026,0.2907588481903076
aesfa,03027,0.4642331600189209
aesfa,03028,0.46039068698883057
aesfa,03029,0.23011958599090576
aesfa,03030,0.20408372581005096
aesfa,03031,0.08895353972911835
aesfa,03032,0.4029574692249298
aesfa,03033,0.24791540205478668
aesfa,03034,0.3901745080947876
aesfa,03035,0.14159837365150452
aesfa,03036,0.3409128785133362
aesfa,03037,0.16209489107131958
aesfa,03038,0.14304021000862122
aesfa,03039,0.4112902879714966
aesfa,03040,0.32251033186912537
aesfa,03041,0.4641225337982178
aesfa,03042,0.1040157824754715
aesfa,03043,0.3652362525463104
aesfa,03044,0.1278109848499298
aesfa,03045,0.484173059463501
aesfa,03046,0.36831778287887573
aesfa,03047,0.27478593587875366
aesfa,03048,0.35579800605773926
aesfa,03049,0.4003949761390686
aesfa,03050,0.3335192799568176
aesfa,03051,0.29243147373199463
aesfa,03052,0.5528267621994019
aesfa,03053,0.1983252763748169
aesfa,03054,0.1944577842950821
aesfa,03055,0.5510390996932983
aesfa,03056,0.31915968656539917
aesfa,03057,0.3321914076805115
aesfa,03058,0.49695074558258057
aesfa,03059,0.38527753949165344
aesfa,03060,0.34256020188331604
aesfa,03061,0.36040812730789185
aesfa,03062,0.5156680345535278
aesfa,03063,0.3596733510494232
aesfa,03064,0.5153821110725403
aesfa,03065,0.2046816051006317
aesfa,03066,0.15046286582946777
aesfa,03067,0.3606413006782532
aesfa,03068,0.08128751814365387
aesfa,03069,0.40087074041366577
aesfa,03070,0.1529206484556198
aesfa,03071,0.34926146268844604
aesfa,03072,-0.009537043049931526
aesfa,03073,0.39946919679641724
aesfa,03074,0.19666165113449097
aesfa,03075,0.2912144958972931
aesfa,03076,0.19400864839553833
aesfa,03077,0.4183909595012665
aesfa,03078,0.4254675805568695
aesfa,03079,0.49252837896347046
aesfa,03080,0.2718483507633209
aesfa,03081,0.5800423622131348
aesfa,03082,0.29898345470428467
aesfa,03083,0.32135170698165894
aesfa,03084,0.24013492465019226
aesfa,03085,0.3343121409416199
aesfa,03086,0.25203847885131836
aesfa,03087,0.41412991285324097
aesfa,03088,0.5380035638809204
aesfa,03089,0.23016616702079773
aesfa,03090,0.23989346623420715
aesfa,03091,0.3538109064102173
aesfa,03092,0.4103102385997772
aesfa,03093,0.26662176847457886
aesfa,03094,0.1411818414926529
aesfa,03095,0.17379198968410492
aesfa,03096,0.24185821413993835
aesfa,03097,0.23023661971092224
aesfa,03098,0.1353289783000946
aesfa,03099,0.5058837532997131
aesfa,03100,0.40007585287094116
aesfa,03101,0.22349998354911804
aesfa,03102,0.2826279401779175
aesfa,03103,0.11338008940219879
aesfa,03104,0.2060060054063797
aesfa,03105,0.14117147028446198
aesfa,03106,0.30290624499320984
aesfa,03107,0.25173646211624146
aesfa,03108,0.2397979497909546
aesfa,03109,0.3315149247646332
aesfa,03110,0.30450960993766785
aesfa,03111,0.3958524763584137
aesfa,03112,0.3301081359386444
aesfa,03113,0.24501267075538635
aesfa,03114,0.2727624773979187
aesfa,03115,0.3423112630844116
aesfa,03116,0.13254401087760925
aesfa,03117,0.3909478187561035
aesfa,03118,0.20317520201206207
aesfa,03119,0.17920219898223877
aesfa,03120,0.337218701839447
aesfa,03121,0.3925333023071289
aesfa,03122,0.10232864320278168
aesfa,03123,0.4165447950363159
aesfa,03124,0.4292386472225189
aesfa,03125,0.2536945939064026
aesfa,03126,0.03400121256709099
aesfa,03127,0.30511194467544556
aesfa,03128,0.2042374163866043
aesfa,03129,0.2934393286705017
aesfa,03130,0.32744354009628296
aesfa,03131,0.3661293685436249
aesfa,03132,0.2770862579345703
aesfa,03133,0.21789497137069702
aesfa,03134,0.2216579020023346
aesfa,03135,0.12171219289302826
aesfa,03136,0.46063587069511414
aesfa,03137,0.3081502616405487
aesfa,03138,0.3640516996383667
aesfa,03139,0.32226699590682983
aesfa,03140,0.4068853259086609
aesfa,03141,0.27254152297973633
aesfa,03142,0.315792977809906
aesfa,03143,0.5097895264625549
aesfa,03144,0.5019400715827942
aesfa,03145,0.5225049257278442
aesfa,03146,0.40133821964263916
aesfa,03147,0.6012002229690552
aesfa,03148,0.4588478207588196
aesfa,03149,0.23090851306915283
aesfa,03150,0.3151676654815674
aesfa,03151,0.24906767904758453
aesfa,03152,0.19214026629924774
aesfa,03153,0.29378798604011536
aesfa,03154,0.10895540565252304
aesfa,03155,0.1083206757903099
aesfa,03156,0.13572436571121216
aesfa,03157,0.288309246301651
aesfa,03158,0.3165707588195801
aesfa,03159,0.17974543571472168
aesfa,03160,0.3429194986820221
aesfa,03161,0.7376172542572021
aesfa,03162,0.19300714135169983
aesfa,03163,0.47564637660980225
aesfa,03164,0.4493730068206787
aesfa,03165,0.4257466495037079
aesfa,03166,0.03944626450538635
aesfa,03167,0.291733980178833
aesfa,03168,0.23761743307113647
aesfa,03169,0.2624875009059906
aesfa,03170,0.37104272842407227
aesfa,03171,0.3039921224117279
aesfa,03172,0.3758966028690338
aesfa,03173,0.516955554485321
aesfa,03174,0.4543924331665039
aesfa,03175,0.29518431425094604
aesfa,03176,0.2238922119140625
aesfa,03177,0.4800325632095337
aesfa,03178,0.15079142153263092
aesfa,03179,0.3991513252258301
aesfa,03180,0.16858667135238647
aesfa,03181,0.29253557324409485
aesfa,03182,0.38306277990341187
aesfa,03183,0.6464751362800598
aesfa,03184,0.3324900269508362
aesfa,03185,0.1365703046321869
aesfa,03186,0.25386130809783936
aesfa,03187,0.2025359869003296
aesfa,03188,0.24119052290916443
aesfa,03189,0.15307506918907166
aesfa,03190,0.22572027146816254
aesfa,03191,0.295243501663208
aesfa,03192,0.3126440644264221
aesfa,03193,0.27759039402008057
aesfa,03194,0.4711322486400604
aesfa,03195,0.660412609577179
aesfa,03196,0.2892533540725708
aesfa,03197,0.2622721791267395
aesfa,03198,0.34221091866493225
aesfa,03199,0.11849068105220795
aesfa,03200,0.4325135350227356
aesfa,03201,0.41900578141212463
aesfa,03202,0.22585131227970123
aesfa,03203,0.39652448892593384
aesfa,03204,0.40773048996925354
aesfa,03205,0.15004494786262512
aesfa,03206,0.3837171792984009
aesfa,03207,0.254692405462265
aesfa,03208,0.21349205076694489
aesfa,03209,0.4725499749183655
aesfa,03210,0.31912997364997864
aesfa,03211,0.2282729595899582
aesfa,03212,0.41503486037254333
aesfa,03213,0.38790377974510193
aesfa,03214,0.3701492249965668
aesfa,03215,0.2769717574119568
aesfa,03216,0.14250722527503967
aesfa,03217,0.4230887293815613
aesfa,03218,0.11992156505584717
aesfa,03219,0.3972797989845276
aesfa,03220,0.4751780033111572
aesfa,03221,0.2798236608505249
aesfa,03222,0.5611234903335571
aesfa,03223,0.3793441653251648
aesfa,03224,0.4247669577598572
aesfa,03225,0.2802373170852661
aesfa,03226,0.3681064248085022
aesfa,03227,0.2403436303138733
aesfa,03228,0.1328587830066681
aesfa,03229,0.20136910676956177
aesfa,03230,0.4463179111480713
aesfa,03231,0.4425120949745178
aesfa,03232,0.17487391829490662
aesfa,03233,0.2951575517654419
aesfa,03234,0.3470888137817383
aesfa,03235,0.36464357376098633
aesfa,03236,0.26945066452026367
aesfa,03237,0.3295172452926636
aesfa,03238,0.2406271994113922
aesfa,03239,0.22219544649124146
aesfa,03240,0.4558468461036682
aesfa,03241,0.1848975419998169
aesfa,03242,0.33141395449638367
aesfa,03243,0.4463500380516052
aesfa,03244,0.2771548628807068
aesfa,03245,0.2830231189727783
aesfa,03246,0.30836600065231323
aesfa,03247,0.21110931038856506
aesfa,03248,0.32262423634529114
aesfa,03249,0.5638481378555298
aesfa,03250,0.40061303973197937
aesfa,03251,0.07661864161491394
aesfa,03252,0.14653564989566803
aesfa,03253,0.251989483833313
aesfa,03254,0.2627169191837311
aesfa,03255,0.2874005436897278
aesfa,03256,0.2616455554962158
aesfa,03257,0.4131905436515808
aesfa,03258,0.34797948598861694
aesfa,03259,0.4066738188266754
aesfa,03260,0.27063584327697754
aesfa,03261,0.29538798332214355
aesfa,03262,0.3102971315383911
aesfa,03263,0.35534703731536865
aesfa,03264,0.36321741342544556
aesfa,03265,0.29557883739471436
aesfa,03266,0.3141431212425232
aesfa,03267,0.2765156030654907
aesfa,03268,0.42135727405548096
aesfa,03269,0.38072651624679565
aesfa,03270,0.350466251373291
aesfa,03271,0.2677580416202545
aesfa,03272,0.21136075258255005
aesfa,03273,0.24037152528762817
aesfa,03274,0.42712005972862244
aesfa,03275,0.5122097134590149
aesfa,03276,0.36072826385498047
aesfa,03277,0.331658273935318
aesfa,03278,0.4007818102836609
aesfa,03279,0.41569584608078003
aesfa,03280,0.22191396355628967
aesfa,03281,0.1665869802236557
aesfa,03282,0.20809724926948547
aesfa,03283,0.362748920917511
aesfa,03284,0.3761906623840332
aesfa,03285,0.5241975784301758
aesfa,03286,0.3332068920135498
aesfa,03287,0.6072856783866882
aesfa,03288,0.2762889862060547
aesfa,03289,0.21343597769737244
aesfa,03290,0.3604024648666382
aesfa,03291,0.18559783697128296
aesfa,03292,0.35689777135849
aesfa,03293,0.2881389260292053
aesfa,03294,0.24057011306285858
aesfa,03295,0.2813152074813843
aesfa,03296,0.08507564663887024
aesfa,03297,0.28185948729515076
aesfa,03298,0.5112613439559937
aesfa,03299,0.5630857944488525
aesfa,03300,0.4061894416809082
aesfa,03301,0.4875764548778534
aesfa,03302,0.25710147619247437
aesfa,03303,0.3251779079437256
aesfa,03304,0.30728235840797424
aesfa,03305,0.3152405023574829
aesfa,03306,0.3686630427837372
aesfa,03307,0.2018047273159027
aesfa,03308,0.3148221969604492
aesfa,03309,0.4147738814353943
aesfa,03310,0.5889155268669128
aesfa,03311,0.23718079924583435
aesfa,03312,0.43208518624305725
aesfa,03313,0.5539703965187073
aesfa,03314,0.36207151412963867
aesfa,03315,0.09518437832593918
aesfa,03316,0.6454519033432007
aesfa,03317,0.328645795583725
aesfa,03318,0.43203961849212646
aesfa,03319,0.4687610864639282
aesfa,03320,0.39202940464019775
aesfa,03321,0.1335865557193756
aesfa,03322,0.39678603410720825
aesfa,03323,0.2490600049495697
aesfa,03324,0.16079172492027283
aesfa,03325,0.3353117108345032
aesfa,03326,0.2506641447544098
aesfa,03327,0.28871554136276245
aesfa,03328,0.4854937195777893
aesfa,03329,0.5197761058807373
aesfa,03330,0.2000746726989746
aesfa,03331,0.2714836597442627
aesfa,03332,0.34258562326431274
aesfa,03333,0.34625059366226196
aesfa,03334,0.5041695833206177
aesfa,03335,0.29122862219810486
aesfa,03336,0.27234598994255066
aesfa,03337,0.3516453802585602
aesfa,03338,0.2174988090991974
aesfa,03339,0.43651652336120605
aesfa,03340,0.15688148140907288
aesfa,03341,0.16863802075386047
aesfa,03342,0.42693525552749634
aesfa,03343,0.7441219091415405
aesfa,03344,0.3924856185913086
aesfa,03345,0.34642931818962097
aesfa,03346,0.5216480493545532
aesfa,03347,0.34574759006500244
aesfa,03348,0.44316574931144714
aesfa,03349,0.3678968548774719
aesfa,03350,0.36136966943740845
aesfa,03351,0.2187507450580597
aesfa,03352,0.310709685087204
aesfa,03353,0.163894385099411
aesfa,03354,0.3007814884185791
aesfa,03355,0.21520256996154785
aesfa,03356,0.39919912815093994
aesfa,03357,0.42443734407424927
aesfa,03358,0.25422823429107666
aesfa,03359,0.2602955102920532
aesfa,03360,0.22400984168052673
aesfa,03361,0.2811865210533142
aesfa,03362,0.27342119812965393
aesfa,03363,0.5629074573516846
aesfa,03364,0.2456238865852356
aesfa,03365,0.4005659222602844
aesfa,03366,0.3768501877784729
aesfa,03367,0.29196038842201233
aesfa,03368,0.29390478134155273
aesfa,03369,0.12216377258300781
aesfa,03370,0.33853697776794434
aesfa,03371,0.1687203347682953
aesfa,03372,0.281118780374527
aesfa,03373,0.029543288052082062
aesfa,03374,0.3925403952598572
aesfa,03375,0.20212554931640625
aesfa,03376,0.46100056171417236
aesfa,03377,0.3379514813423157
aesfa,03378,-0.04707853123545647
aesfa,03379,0.21380087733268738
aesfa,03380,0.4264718294143677
aesfa,03381,0.3139829635620117
aesfa,03382,0.11959826946258545
aesfa,03383,0.31003960967063904
aesfa,03384,0.43932047486305237
aesfa,03385,0.35419732332229614
aesfa,03386,0.42635202407836914
aesfa,03387,0.26651158928871155
aesfa,03388,0.3020032048225403
aesfa,03389,0.2949848175048828
aesfa,03390,0.33647871017456055
aesfa,03391,0.2003977745771408
aesfa,03392,0.2801867127418518
aesfa,03393,0.1777261644601822
aesfa,03394,0.4165492653846741
aesfa,03395,0.3146696388721466
aesfa,03396,0.08709964901208878
aesfa,03397,0.35654956102371216
aesfa,03398,0.28964951634407043
aesfa,03399,0.46161067485809326
aesfa,03400,0.15668532252311707
aesfa,03401,0.38493120670318604
aesfa,03402,0.25527167320251465
aesfa,03403,0.17739345133304596
aesfa,03404,0.4095037579536438
aesfa,03405,0.47700268030166626
aesfa,03406,0.31601014733314514
aesfa,03407,0.40898647904396057
aesfa,03408,0.2048971951007843
aesfa,03409,0.19697366654872894
aesfa,03410,0.18528568744659424
aesfa,03411,0.5947293043136597
aesfa,03412,0.30634546279907227
aesfa,03413,0.3374350666999817
aesfa,03414,0.25122469663619995
aesfa,03415,0.2869739532470703
aesfa,03416,0.41360732913017273
aesfa,03417,0.5504307746887207
aesfa,03418,0.16969949007034302
aesfa,03419,0.2132987529039383
aesfa,03420,0.27049311995506287
aesfa,03421,0.4077068567276001
aesfa,03422,0.17656785249710083
aesfa,03423,0.20510679483413696
aesfa,03424,0.25306445360183716
aesfa,03425,0.3236006498336792
aesfa,03426,0.26893705129623413
aesfa,03427,0.2883192300796509
aesfa,03428,0.11470678448677063
aesfa,03429,0.14341828227043152
aesfa,03430,0.4048289656639099
aesfa,03431,0.2955310344696045
aesfa,03432,0.30152177810668945
aesfa,03433,0.25686371326446533
aesfa,03434,0.4202471077442169
aesfa,03435,0.18946285545825958
aesfa,03436,0.5170379281044006
aesfa,03437,0.3157474994659424
aesfa,03438,0.5409870743751526
aesfa,03439,0.30752575397491455
aesfa,03440,0.298180490732193
aesfa,03441,0.24046269059181213
aesfa,03442,0.23573552072048187
aesfa,03443,0.5276661515235901
aesfa,03444,0.10769023001194
aesfa,03445,0.2845116853713989
aesfa,03446,0.12955166399478912
aesfa,03447,0.26193922758102417
aesfa,03448,0.3381798565387726
aesfa,03449,0.33344119787216187
aesfa,03450,0.526637077331543
aesfa,03451,0.2267995923757553
aesfa,03452,0.1786181926727295
aesfa,03453,0.31719785928726196
aesfa,03454,0.48084157705307007
aesfa,03455,0.3770558536052704
aesfa,03456,0.29957881569862366
aesfa,03457,0.4022229313850403
aesfa,03458,0.16794459521770477
aesfa,03459,0.3530677258968353
aesfa,03460,0.3836413621902466
aesfa,03461,0.040248412638902664
aesfa,03462,0.5362269878387451
aesfa,03463,0.4399089217185974
aesfa,03464,0.22682178020477295
aesfa,03465,0.33571961522102356
aesfa,03466,0.0718788281083107
aesfa,03467,0.3409894108772278
aesfa,03468,0.29584693908691406
aesfa,03469,0.4044644236564636
aesfa,03470,0.2522815763950348
aesfa,03471,0.48556238412857056
aesfa,03472,0.28021401166915894
aesfa,03473,0.311393141746521
aesfa,03474,0.4921357035636902
aesfa,03475,0.1608773171901703
aesfa,03476,0.3909671902656555
aesfa,03477,0.3487144410610199
aesfa,03478,0.39866745471954346
aesfa,03479,0.1974245011806488
aesfa,03480,0.10720989853143692
aesfa,03481,0.09989575296640396
aesfa,03482,0.17787903547286987
aesfa,03483,0.4704432487487793
aesfa,03484,0.2741013765335083
aesfa,03485,0.14542074501514435
aesfa,03486,0.18871639668941498
aesfa,03487,0.2410651594400406
aesfa,03488,0.22588081657886505
aesfa,03489,0.04107891395688057
aesfa,03490,0.349740594625473
aesfa,03491,0.3649863600730896
aesfa,03492,0.26180022954940796
aesfa,03493,0.29165756702423096
aesfa,03494,0.16377073526382446
aesfa,03495,0.7116392850875854
aesfa,03496,0.2713783085346222
aesfa,03497,0.24692584574222565
aesfa,03498,0.34827637672424316
aesfa,03499,0.15920017659664154
aesfa,03500,0.38214191794395447
aesfa,03501,0.33294329047203064
aesfa,03502,0.10850778222084045
aesfa,03503,0.21942734718322754
aesfa,03504,0.150619775056839
aesfa,03505,0.4429436922073364
aesfa,03506,0.09118185192346573
aesfa,03507,0.2989962697029114
aesfa,03508,0.4795672297477722
aesfa,03509,0.4047165513038635
aesfa,03510,0.2664925456047058
aesfa,03511,0.42139196395874023
aesfa,03512,0.26954054832458496
aesfa,03513,0.24343183636665344
aesfa,03514,0.27216702699661255
aesfa,03515,0.4057319462299347
aesfa,03516,0.07373631000518799
aesfa,03517,0.22617453336715698
aesfa,03518,0.4922795593738556
aesfa,03519,0.46381691098213196
aesfa,03520,0.30065271258354187
aesfa,03521,0.20741590857505798
aesfa,03522,0.41302669048309326
aesfa,03523,0.46980607509613037
aesfa,03524,0.39328545331954956
aesfa,03525,0.4131424129009247
aesfa,03526,0.4103412628173828
aesfa,03527,0.3731592893600464
aesfa,03528,0.3102976381778717
aesfa,03529,0.509242594242096
aesfa,03530,0.10124294459819794
aesfa,03531,0.34158530831336975
aesfa,03532,0.5535994172096252
aesfa,03533,0.30270612239837646
aesfa,03534,0.13545148074626923
aesfa,03535,0.2906348407268524
aesfa,03536,0.27460741996765137
aesfa,03537,0.3809000849723816
aesfa,03538,0.511751651763916
aesfa,03539,0.38448891043663025
aesfa,03540,0.43502169847488403
aesfa,03541,0.1747976541519165
aesfa,03542,0.20454102754592896
aesfa,03543,0.18366417288780212
aesfa,03544,0.4033999443054199
aesfa,03545,0.3693382740020752
aesfa,03546,0.1692276895046234
aesfa,03547,0.15809358656406403
aesfa,03548,0.2198716402053833
aesfa,03549,0.11005858331918716
aesfa,03550,0.4859330654144287
aesfa,03551,0.33535662293434143
aesfa,03552,0.44395911693573
aesfa,03553,0.26669201254844666
aesfa,03554,0.2883121371269226
aesfa,03555,0.1336548626422882
aesfa,03556,0.18645113706588745
aesfa,03557,0.3893059194087982
aesfa,03558,0.11065756529569626
aesfa,03559,0.09750992804765701
aesfa,03560,0.32201439142227173
aesfa,03561,0.1771906316280365
aesfa,03562,0.07592228055000305
aesfa,03563,0.39656198024749756
aesfa,03564,0.3423370122909546
aesfa,03565,0.12784799933433533
aesfa,03566,0.34154966473579407
aesfa,03567,0.41382133960723877
aesfa,03568,0.21682630479335785
aesfa,03569,0.5398988723754883
aesfa,03570,0.2175186276435852
aesfa,03571,0.31708014011383057
aesfa,03572,0.27875709533691406
aesfa,03573,0.28258419036865234
aesfa,03574,0.019074484705924988
aesfa,03575,0.2460574358701706
aesfa,03576,0.26174071431159973
aesfa,03577,0.24185791611671448
aesfa,03578,0.2805824279785156
aesfa,03579,0.5782432556152344
aesfa,03580,0.2785046398639679
aesfa,03581,0.34481653571128845
aesfa,03582,0.17761266231536865
aesfa,03583,0.2787531018257141
aesfa,03584,0.26700559258461
aesfa,03585,0.5218557119369507
aesfa,03586,0.12954606115818024
aesfa,03587,0.347896933555603
aesfa,03588,0.3096866309642792
aesfa,03589,0.22906123101711273
aesfa,03590,0.16853228211402893
aesfa,03591,0.005109180696308613
aesfa,03592,0.10684409737586975
aesfa,03593,0.37629926204681396
aesfa,03594,0.28865891695022583
aesfa,03595,0.2447996735572815
aesfa,03596,0.17173634469509125
aesfa,03597,0.4147091507911682
aesfa,03598,0.15528935194015503
aesfa,03599,0.45286643505096436
aesfa,03600,0.2785118818283081
aesfa,03601,0.2416207194328308
aesfa,03602,0.2401784062385559
aesfa,03603,0.36701691150665283
aesfa,03604,0.5225701332092285
aesfa,03605,0.2846183180809021
aesfa,03606,0.4216790497303009
aesfa,03607,0.46428388357162476
aesfa,03608,0.5132917761802673
aesfa,03609,0.2381281852722168
aesfa,03610,0.4269843101501465
aesfa,03611,0.26750802993774414
aesfa,03612,0.4922819137573242
aesfa,03613,0.13977134227752686
aesfa,03614,0.4172965884208679
aesfa,03615,0.072052963078022
aesfa,03616,0.17540624737739563
aesfa,03617,0.0475560761988163
aesfa,03618,0.19451521337032318
aesfa,03619,0.3988829553127289
aesfa,03620,0.4551343321800232
aesfa,03621,0.258228063583374
aesfa,03622,0.31455230712890625
aesfa,03623,0.2658252418041229
aesfa,03624,0.36080509424209595
aesfa,03625,0.32734811305999756
aesfa,03626,0.1996535360813141
aesfa,03627,0.36105573177337646
aesfa,03628,0.26455673575401306
aesfa,03629,0.3738754391670227
aesfa,03630,0.35055994987487793
aesfa,03631,0.290783166885376
aesfa,03632,0.152648463845253
aesfa,03633,0.24086910486221313
aesfa,03634,0.32279807329177856
aesfa,03635,0.3419194221496582
aesfa,03636,0.23549383878707886
aesfa,03637,0.2626246511936188
aesfa,03638,0.28489428758621216
aesfa,03639,0.2713637351989746
aesfa,03640,0.2818779945373535
aesfa,03641,0.23129378259181976
aesfa,03642,0.4262961745262146
aesfa,03643,0.4542774558067322
aesfa,03644,0.4350546598434448
aesfa,03645,0.310224324464798
aesfa,03646,0.3158421814441681
aesfa,03647,0.23438793420791626
aesfa,03648,0.27044445276260376
aesfa,03649,0.644133985042572
aesfa,03650,0.24572116136550903
aesfa,03651,0.36021363735198975
aesfa,03652,0.45147448778152466
aesfa,03653,0.3030383288860321
aesfa,03654,0.1734168529510498
aesfa,03655,0.4939051568508148
aesfa,03656,0.22341108322143555
aesfa,03657,0.28199636936187744
aesfa,03658,0.33414068818092346
aesfa,03659,0.17162111401557922
aesfa,03660,0.44139063358306885
aesfa,03661,0.36342692375183105
aesfa,03662,0.3212878704071045
aesfa,03663,0.4856346547603607
aesfa,03664,0.31935787200927734
aesfa,03665,0.3715090751647949
aesfa,03666,0.2816373109817505
aesfa,03667,0.3693123459815979
aesfa,03668,0.381096750497818
aesfa,03669,0.289595365524292
aesfa,03670,0.3038482367992401
aesfa,03671,0.27634239196777344
aesfa,03672,0.34519457817077637
aesfa,03673,0.1927776336669922
aesfa,03674,0.2254692167043686
aesfa,03675,0.2680175304412842
aesfa,03676,0.3616253435611725
aesfa,03677,0.0922536700963974
aesfa,03678,0.29950278997421265
aesfa,03679,0.3690949082374573
aesfa,03680,0.4215186536312103
aesfa,03681,0.2846895754337311
aesfa,03682,0.17538189888000488
aesfa,03683,0.2853807210922241
aesfa,03684,0.3183070421218872
aesfa,03685,0.5800767540931702
aesfa,03686,0.32267433404922485
aesfa,03687,0.28309834003448486
aesfa,03688,0.36918091773986816
aesfa,03689,0.24077489972114563
aesfa,03690,0.07205314934253693
aesfa,03691,0.3719961643218994
aesfa,03692,0.5307796001434326
aesfa,03693,0.590370237827301
aesfa,03694,0.34026700258255005
aesfa,03695,0.22165033221244812
aesfa,03696,0.4413745105266571
aesfa,03697,0.26133638620376587
aesfa,03698,0.5714178085327148
aesfa,03699,0.13446208834648132
aesfa,03700,0.2174837440252304
aesfa,03701,0.27117663621902466
aesfa,03702,0.32034507393836975
aesfa,03703,0.1909148395061493
aesfa,03704,0.2816508710384369
aesfa,03705,0.3992731273174286
aesfa,03706,0.4326549172401428
aesfa,03707,0.2368166297674179
aesfa,03708,0.30034637451171875
aesfa,03709,0.4083957076072693
aesfa,03710,0.25497299432754517
aesfa,03711,0.373104989528656
aesfa,03712,0.399128258228302
aesfa,03713,0.41204091906547546
aesfa,03714,0.27029943466186523
aesfa,03715,0.1514146775007248
aesfa,03716,0.36156582832336426
aesfa,03717,0.28884005546569824
aesfa,03718,0.2420448362827301
aesfa,03719,0.3734499216079712
aesfa,03720,0.2867686152458191
aesfa,03721,0.2613478899002075
aesfa,03722,0.280038058757782
aesfa,03723,0.1971651166677475
aesfa,03724,0.24504365026950836
aesfa,03725,0.3704441785812378
aesfa,03726,0.43730679154396057
aesfa,03727,0.5054013729095459
aesfa,03728,0.20529520511627197
aesfa,03729,0.2660480737686157
aesfa,03730,0.22733549773693085
aesfa,03731,0.2766757011413574
aesfa,03732,0.36090826988220215
aesfa,03733,0.3705127239227295
aesfa,03734,0.441500186920166
aesfa,03735,0.43439269065856934
aesfa,03736,0.4217735528945923
aesfa,03737,0.4041292071342468
aesfa,03738,0.46492552757263184
aesfa,03739,0.3709554672241211
aesfa,03740,0.47447746992111206
aesfa,03741,0.4099370241165161
aesfa,03742,0.2795912027359009
aesfa,03743,0.46137893199920654
aesfa,03744,0.11036643385887146
aesfa,03745,0.41625285148620605
aesfa,03746,0.08013981580734253
aesfa,03747,0.32081010937690735
aesfa,03748,0.20572514832019806
aesfa,03749,0.36475518345832825
aesfa,03750,0.014128446578979492
aesfa,03751,0.4769360423088074
aesfa,03752,0.21570050716400146
aesfa,03753,0.1348509043455124
aesfa,03754,0.44257447123527527
aesfa,03755,0.44262513518333435
aesfa,03756,0.3421120345592499
aesfa,03757,0.19935044646263123
aesfa,03758,0.6684598922729492
aesfa,03759,0.06514054536819458
aesfa,03760,0.19843152165412903
aesfa,03761,0.26042640209198
aesfa,03762,0.2792409062385559
aesfa,03763,0.31252139806747437
aesfa,03764,0.45672082901000977
aesfa,03765,0.38053882122039795
aesfa,03766,0.40642109513282776
aesfa,03767,0.09906501322984695
aesfa,03768,0.14903220534324646
aesfa,03769,0.24254916608333588
aesfa,03770,0.1944006085395813
aesfa,03771,0.49450400471687317
aesfa,03772,0.269901841878891
aesfa,03773,0.37026193737983704
aesfa,03774,0.5337604880332947
aesfa,03775,0.19974617660045624
aesfa,03776,0.4028233289718628
aesfa,03777,0.380739688873291
aesfa,03778,0.2742936611175537
aesfa,03779,0.4138667583465576
aesfa,03780,0.28346866369247437
aesfa,03781,0.13197094202041626
aesfa,03782,0.22249893844127655
aesfa,03783,0.14250008761882782
aesfa,03784,0.36558860540390015
aesfa,03785,0.3008652329444885
aesfa,03786,0.2190704047679901
aesfa,03787,0.11119308322668076
aesfa,03788,0.24592074751853943
aesfa,03789,0.08016261458396912
aesfa,03790,0.2557440996170044
aesfa,03791,0.3144814968109131
aesfa,03792,-0.029586445540189743
aesfa,03793,0.6718816757202148
aesfa,03794,0.30247119069099426
aesfa,03795,0.16461576521396637
aesfa,03796,0.35027197003364563
aesfa,03797,0.414747416973114
aesfa,03798,0.23481357097625732
aesfa,03799,0.28129518032073975
aesfa,03800,0.3812410235404968
aesfa,03801,0.26558107137680054
aesfa,03802,0.278370201587677
aesfa,03803,0.16475702822208405
aesfa,03804,0.134964257478714
aesfa,03805,0.21457988023757935
aesfa,03806,0.301858514547348
aesfa,03807,0.19677114486694336
aesfa,03808,0.23458035290241241
aesfa,03809,0.13037629425525665
aesfa,03810,0.16075749695301056
aesfa,03811,0.23621556162834167
aesfa,03812,0.4040074944496155
aesfa,03813,0.35153573751449585
aesfa,03814,0.20234137773513794
aesfa,03815,0.16424116492271423
aesfa,03816,0.3238913416862488
aesfa,03817,0.3417007029056549
aesfa,03818,0.18390195071697235
aesfa,03819,0.06288112699985504
aesfa,03820,0.17316168546676636
aesfa,03821,0.5057475566864014
aesfa,03822,0.12127097696065903
aesfa,03823,0.5587503910064697
aesfa,03824,0.26182252168655396
aesfa,03825,0.1533210128545761
aesfa,03826,0.024836434051394463
aesfa,03827,0.29486775398254395
aesfa,03828,0.1259329617023468
aesfa,03829,0.31840404868125916
aesfa,03830,0.39627575874328613
aesfa,03831,0.2673603594303131
aesfa,03832,0.263660192489624
aesfa,03833,0.41453665494918823
aesfa,03834,0.7140990495681763
aesfa,03835,0.2463539093732834
aesfa,03836,0.16068324446678162
aesfa,03837,0.39584875106811523
aesfa,03838,0.34097743034362793
aesfa,03839,0.3188438415527344
aesfa,03840,0.3742716908454895
aesfa,03841,0.33583348989486694
aesfa,03842,0.06308021396398544
aesfa,03843,0.4130857586860657
aesfa,03844,0.27314552664756775
aesfa,03845,0.5060655474662781
aesfa,03846,0.2393137365579605
aesfa,03847,0.3206622004508972
aesfa,03848,0.027439139783382416
aesfa,03849,0.08707071840763092
aesfa,03850,0.4265528619289398
aesfa,03851,0.3406859040260315
aesfa,03852,0.23200765252113342
aesfa,03853,0.36689409613609314
aesfa,03854,0.3845365345478058
aesfa,03855,0.4423326849937439
aesfa,03856,0.2700178623199463
aesfa,03857,0.5200740098953247
aesfa,03858,0.6115886569023132
aesfa,03859,0.22710846364498138
aesfa,03860,0.4856942892074585
aesfa,03861,0.28052783012390137
aesfa,03862,0.1429273933172226
aesfa,03863,0.37356019020080566
aesfa,03864,0.43926432728767395
aesfa,03865,0.24512118101119995
aesfa,03866,0.29032763838768005
aesfa,03867,0.13350053131580353
aesfa,03868,0.6292741894721985
aesfa,03869,0.37870290875434875
aesfa,03870,0.35721737146377563
aesfa,03871,0.406718909740448
aesfa,03872,0.28799110651016235
aesfa,03873,0.38396480679512024
aesfa,03874,0.3911696970462799
aesfa,03875,0.2614847719669342
aesfa,03876,0.40003448724746704
aesfa,03877,0.21001511812210083
aesfa,03878,0.5648806095123291
aesfa,03879,0.3324391543865204
aesfa,03880,0.4467189311981201
aesfa,03881,0.2153002768754959
aesfa,03882,0.38741230964660645
aesfa,03883,0.09614676982164383
aesfa,03884,0.39938098192214966
aesfa,03885,0.22294214367866516
aesfa,03886,0.3849482834339142
aesfa,03887,0.3056447207927704
aesfa,03888,0.01585283875465393
aesfa,03889,0.25718504190444946
aesfa,03890,0.3714142143726349
aesfa,03891,0.18765854835510254
aesfa,03892,0.2713761627674103
aesfa,03893,0.33399444818496704
aesfa,03894,0.4515513777732849
aesfa,03895,0.47756901383399963
aesfa,03896,0.10222598910331726
aesfa,03897,0.455311119556427
aesfa,03898,0.27047300338745117
aesfa,03899,0.3183938264846802
aesfa,03900,0.4026520848274231
aesfa,03901,0.2688027024269104
aesfa,03902,0.1570582538843155
aesfa,03903,0.1726963222026825
aesfa,03904,0.39570552110671997
aesfa,03905,0.1949859857559204
aesfa,03906,0.3784874975681305
aesfa,03907,0.20921675860881805
aesfa,03908,0.25269627571105957
aesfa,03909,0.23143106698989868
aesfa,03910,0.4048367738723755
aesfa,03911,0.46421146392822266
aesfa,03912,0.3517332375049591
aesfa,03913,0.23413896560668945
aesfa,03914,0.1797172725200653
aesfa,03915,0.14776718616485596
aesfa,03916,0.20863284170627594
aesfa,03917,0.3944372236728668
aesfa,03918,0.09225629270076752
aesfa,03919,0.330570250749588
aesfa,03920,0.4885714054107666
aesfa,03921,0.44828808307647705
aesfa,03922,0.1896793246269226
aesfa,03923,0.24614423513412476
aesfa,03924,0.2511414587497711
aesfa,03925,0.4052099287509918
aesfa,03926,0.3062978982925415
aesfa,03927,0.5147116780281067
aesfa,03928,0.5022901296615601
aesfa,03929,0.3261077404022217
aesfa,03930,0.41549354791641235
aesfa,03931,0.33576700091362
aesfa,03932,0.15943840146064758
aesfa,03933,0.43747854232788086
aesfa,03934,0.2681612968444824
aesfa,03935,0.3537575602531433
aesfa,03936,0.08799029141664505
aesfa,03937,0.45660531520843506
aesfa,03938,0.2748464345932007
aesfa,03939,0.31078940629959106
aesfa,03940,0.3135266900062561
aesfa,03941,0.3864970803260803
aesfa,03942,0.2408445179462433
aesfa,03943,0.32408607006073
aesfa,03944,0.24245727062225342
aesfa,03945,0.32955610752105713
aesfa,03946,0.2616834044456482
aesfa,03947,0.421333909034729
aesfa,03948,0.5048931241035461
aesfa,03949,0.42268288135528564
aesfa,03950,0.2767264246940613
aesfa,03951,0.25201278924942017
aesfa,03952,0.1739533543586731
aesfa,03953,0.3067535161972046
aesfa,03954,0.18360558152198792
aesfa,03955,0.1759067177772522
aesfa,03956,0.38179439306259155
aesfa,03957,0.28885525465011597
aesfa,03958,0.24455931782722473
aesfa,03959,0.29704880714416504
aesfa,03960,0.3463376760482788
aesfa,03961,0.4376392662525177
aesfa,03962,0.33888912200927734
aesfa,03963,0.39269009232521057
aesfa,03964,0.41419148445129395
aesfa,03965,0.3532540202140808
aesfa,03966,0.2236243188381195
aesfa,03967,0.4672852158546448
aesfa,03968,0.20057526230812073
aesfa,03969,0.2669384479522705
aesfa,03970,0.5488927364349365
aesfa,03971,0.2744821012020111
aesfa,03972,0.27905383706092834
aesfa,03973,0.3524802327156067
aesfa,03974,0.2987901568412781
aesfa,03975,0.23321524262428284
aesfa,03976,0.1966102123260498
aesfa,03977,0.5710079073905945
aesfa,03978,0.34332042932510376
aesfa,03979,0.4023183584213257
aesfa,03980,0.11602993309497833
aesfa,03981,0.20719623565673828
aesfa,03982,0.22355584800243378
aesfa,03983,0.4312867224216461
aesfa,03984,0.24327760934829712
aesfa,03985,0.44653555750846863
aesfa,03986,0.21881407499313354
aesfa,03987,0.49266523122787476
aesfa,03988,0.33023619651794434
aesfa,03989,0.39358454942703247
aesfa,03990,0.1655683070421219
aesfa,03991,0.055153101682662964
aesfa,03992,0.2485683262348175
aesfa,03993,0.23817241191864014
aesfa,03994,0.22084273397922516
aesfa,03995,0.3203669786453247
aesfa,03996,0.419388085603714
aesfa,03997,0.2190045565366745
aesfa,03998,0.47509199380874634
aesfa,03999,0.2233654260635376
aesfa,04000,0.42378515005111694
aesfa,04001,0.5397282838821411
aesfa,04002,0.4210563004016876
aesfa,04003,0.31003129482269287
aesfa,04004,0.19892068207263947
aesfa,04005,0.40619322657585144
aesfa,04006,0.3275691866874695
aesfa,04007,0.42984646558761597
aesfa,04008,0.2398291826248169
aesfa,04009,0.2938956022262573
aesfa,04010,0.22080709040164948
aesfa,04011,0.43947625160217285
aesfa,04012,0.3345241844654083
aesfa,04013,0.25149857997894287
aesfa,04014,0.416332870721817
aesfa,04015,0.16396206617355347
aesfa,04016,0.4229689836502075
aesfa,04017,0.6584113836288452
aesfa,04018,0.32061249017715454
aesfa,04019,0.1710546463727951
aesfa,04020,0.4023054242134094
aesfa,04021,0.503151535987854
aesfa,04022,0.06334652751684189
aesfa,04023,0.3382573127746582
aesfa,04024,0.36971795558929443
aesfa,04025,0.2691103518009186
aesfa,04026,0.17703701555728912
aesfa,04027,0.4752742052078247
aesfa,04028,0.3399668335914612
aesfa,04029,0.1648690104484558
aesfa,04030,0.32502156496047974
aesfa,04031,0.24986831843852997
aesfa,04032,0.2299085557460785
aesfa,04033,0.42769983410835266
aesfa,04034,0.2204451560974121
aesfa,04035,0.4087945222854614
aesfa,04036,0.3284091353416443
aesfa,04037,0.42922884225845337
aesfa,04038,0.3501299023628235
aesfa,04039,0.3926541805267334
aesfa,04040,0.4157952070236206
aesfa,04041,0.7110929489135742
aesfa,04042,0.19824030995368958
aesfa,04043,0.31968486309051514
aesfa,04044,0.29612934589385986
aesfa,04045,0.355874240398407
aesfa,04046,0.500440239906311
aesfa,04047,0.4642144441604614
aesfa,04048,0.4602491557598114
aesfa,04049,0.31750112771987915
aesfa,04050,0.4027116298675537
aesfa,04051,0.3166312873363495
aesfa,04052,0.22841928899288177
aesfa,04053,0.18357954919338226
aesfa,04054,0.21353338658809662
aesfa,04055,0.3868883550167084
aesfa,04056,0.322120726108551
aesfa,04057,0.2576126456260681
aesfa,04058,0.3726678192615509
aesfa,04059,0.3364197909832001
aesfa,04060,0.2625390887260437
aesfa,04061,0.40288078784942627
aesfa,04062,0.09513349831104279
aesfa,04063,0.46864375472068787
aesfa,04064,0.3022589087486267
aesfa,04065,0.260370671749115
aesfa,04066,0.11314132809638977
aesfa,04067,0.21124032139778137
aesfa,04068,0.28447839617729187
aesfa,04069,0.298092246055603
aesfa,04070,0.3340851962566376
aesfa,04071,0.5029047727584839
aesfa,04072,0.25103700160980225
aesfa,04073,0.5168493986129761
aesfa,04074,0.2859324514865875
aesfa,04075,0.23021915555000305
aesfa,04076,0.35783565044403076
aesfa,04077,0.14041101932525635
aesfa,04078,0.06632538884878159
aesfa,04079,0.07688148319721222
aesfa,04080,0.5346106290817261
aesfa,04081,0.39926740527153015
aesfa,04082,0.34164121747016907
aesfa,04083,0.33532628417015076
aesfa,04084,0.15996307134628296
aesfa,04085,0.27536168694496155
aesfa,04086,0.29053425788879395
aesfa,04087,0.29515114426612854
aesfa,04088,0.4473477602005005
aesfa,04089,0.2853926420211792
aesfa,04090,0.273568719625473
aesfa,04091,0.42399394512176514
aesfa,04092,0.38585323095321655
aesfa,04093,0.3909533619880676
aesfa,04094,0.423733115196228
aesfa,04095,0.28880006074905396
aesfa,04096,0.20935195684432983
aesfa,04097,0.3309665024280548
aesfa,04098,0.2325836420059204
aesfa,04099,0.35577553510665894
aesfa,04100,0.3421540856361389
aesfa,04101,0.45423954725265503
aesfa,04102,0.2681385278701782
aesfa,04103,0.40277281403541565
aesfa,04104,0.2803141474723816
aesfa,04105,0.31716686487197876
aesfa,04106,0.36603090167045593
aesfa,04107,0.46622538566589355
aesfa,04108,0.20716771483421326
aesfa,04109,0.21663586795330048
aesfa,04110,0.45683160424232483
aesfa,04111,0.006039380095899105
aesfa,04112,0.11776639521121979
aesfa,04113,0.17917633056640625
aesfa,04114,0.4967043399810791
aesfa,04115,0.016518378630280495
aesfa,04116,0.5063273906707764
aesfa,04117,0.26303619146347046
aesfa,04118,0.309291273355484
aesfa,04119,0.4353805184364319
aesfa,04120,0.3736143112182617
aesfa,04121,0.2960387170314789
aesfa,04122,0.14348837733268738
aesfa,04123,0.41289758682250977
aesfa,04124,0.31191301345825195
aesfa,04125,0.3717004656791687
aesfa,04126,0.33492928743362427
aesfa,04127,0.3488468527793884
aesfa,04128,0.10795256495475769
aesfa,04129,0.528450071811676
aesfa,04130,0.1789591759443283
aesfa,04131,0.2389446198940277
aesfa,04132,0.2162800431251526
aesfa,04133,0.17244812846183777
aesfa,04134,0.1871139109134674
aesfa,04135,0.26647478342056274
aesfa,04136,0.25782591104507446
aesfa,04137,0.6535192131996155
aesfa,04138,0.21408146619796753
aesfa,04139,0.321377694606781
aesfa,04140,0.24388320744037628
aesfa,04141,0.2990188002586365
aesfa,04142,0.34890806674957275
aesfa,04143,0.5301701426506042
aesfa,04144,0.5643246173858643
aesfa,04145,0.3375627100467682
aesfa,04146,0.45556750893592834
aesfa,04147,0.3318120241165161
aesfa,04148,0.13339607417583466
aesfa,04149,0.15439864993095398
aesfa,04150,0.43570834398269653
aesfa,04151,0.3054253160953522
aesfa,04152,0.2616032660007477
aesfa,04153,0.5465235710144043
aesfa,04154,0.2226402759552002
aesfa,04155,0.31818056106567383
aesfa,04156,0.15107835829257965
aesfa,04157,0.21631810069084167
aesfa,04158,0.29610976576805115
aesfa,04159,0.1707867980003357
aesfa,04160,0.36076655983924866
aesfa,04161,0.28374189138412476
aesfa,04162,0.251420259475708
aesfa,04163,0.3086215555667877
aesfa,04164,0.3318678140640259
aesfa,04165,0.2548949718475342
aesfa,04166,0.09488198906183243
aesfa,04167,0.1941368579864502
aesfa,04168,0.4654248058795929
aesfa,04169,0.2679304778575897
aesfa,04170,0.27533891797065735
aesfa,04171,0.25275081396102905
aesfa,04172,0.25424885749816895
aesfa,04173,0.4225173592567444
aesfa,04174,0.3783234655857086
aesfa,04175,0.3716326355934143
aesfa,04176,0.47895103693008423
aesfa,04177,0.266071081161499
aesfa,04178,0.3231303095817566
aesfa,04179,0.18255221843719482
aesfa,04180,0.1334204375743866
aesfa,04181,0.39087581634521484
aesfa,04182,0.2809050381183624
aesfa,04183,0.2787407636642456
aesfa,04184,0.24809953570365906
aesfa,04185,0.4658980369567871
aesfa,04186,0.1487920880317688
aesfa,04187,0.4622594714164734
aesfa,04188,0.08778681606054306
aesfa,04189,0.3435245156288147
aesfa,04190,0.07173624634742737
aesfa,04191,0.3544089198112488
aesfa,04192,0.29412218928337097
aesfa,04193,0.2709900140762329
aesfa,04194,0.38240522146224976
aesfa,04195,0.3251068592071533
aesfa,04196,0.3735504150390625
aesfa,04197,0.1563047170639038
aesfa,04198,0.2932049036026001
aesfa,04199,0.3014736771583557
aesfa,04200,0.3224983513355255
aesfa,04201,0.4769444465637207
aesfa,04202,0.39127981662750244
aesfa,04203,0.2817491888999939
aesfa,04204,0.1785690039396286
aesfa,04205,0.013002256862819195
aesfa,04206,0.47615110874176025
aesfa,04207,0.3286064565181732
aesfa,04208,0.28380492329597473
aesfa,04209,0.3309735953807831
aesfa,04210,0.2936778962612152
aesfa,04211,0.20012371242046356
aesfa,04212,0.5445511341094971
aesfa,04213,0.348804771900177
aesfa,04214,0.1286269873380661
aesfa,04215,0.0961783304810524
aesfa,04216,0.18884335458278656
aesfa,04217,0.1459624022245407
aesfa,04218,0.3133634924888611
aesfa,04219,0.3284492790699005
aesfa,04220,0.3107089400291443
aesfa,04221,0.2920035123825073
aesfa,04222,0.32014593482017517
aesfa,04223,0.3381892442703247
aesfa,04224,0.39130496978759766
aesfa,04225,0.05935262143611908
aesfa,04226,0.4774223864078522
aesfa,04227,0.2119823396205902
aesfa,04228,0.37908345460891724
aesfa,04229,0.4319540858268738
aesfa,04230,0.3279269337654114
aesfa,04231,0.23639057576656342
aesfa,04232,0.17381301522254944
aesfa,04233,0.2917432188987732
aesfa,04234,0.5039572715759277
aesfa,04235,0.47556498646736145
aesfa,04236,0.2605758309364319
aesfa,04237,0.3597756326198578
aesfa,04238,0.26181691884994507
aesfa,04239,0.2866508960723877
aesfa,04240,0.35580065846443176
aesfa,04241,0.16889846324920654
aesfa,04242,0.39216089248657227
aesfa,04243,0.1999148428440094
aesfa,04244,0.308989942073822
aesfa,04245,0.404553085565567
aesfa,04246,0.38184744119644165
aesfa,04247,0.17123836278915405
aesfa,04248,0.28004300594329834
aesfa,04249,0.27888596057891846
aesfa,04250,0.3125576376914978
aesfa,04251,0.2663349509239197
aesfa,04252,0.29773420095443726
aesfa,04253,0.29146960377693176
aesfa,04254,0.3168065547943115
aesfa,04255,0.2484360933303833
aesfa,04256,0.3235747218132019
aesfa,04257,0.41569769382476807
aesfa,04258,0.38249489665031433
aesfa,04259,0.4880647659301758
aesfa,04260,0.15714910626411438
aesfa,04261,0.09156154096126556
aesfa,04262,0.17805635929107666
aesfa,04263,0.08167105913162231
aesfa,04264,0.2565350830554962
aesfa,04265,0.17250479757785797
aesfa,04266,0.42999786138534546
aesfa,04267,0.2822633385658264
aesfa,04268,0.40020179748535156
aesfa,04269,0.39148613810539246
aesfa,04270,0.3890276551246643
aesfa,04271,0.5353929996490479
aesfa,04272,0.5243178606033325
aesfa,04273,0.3040589690208435
aesfa,04274,0.19893600046634674
aesfa,04275,0.34490346908569336
aesfa,04276,0.516459047794342
aesfa,04277,0.34006717801094055
aesfa,04278,0.4782167077064514
aesfa,04279,0.26802384853363037
aesfa,04280,0.23049652576446533
aesfa,04281,0.27364256978034973
aesfa,04282,0.21524754166603088
aesfa,04283,0.08402693271636963
aesfa,04284,0.2098311185836792
aesfa,04285,0.4362089931964874
aesfa,04286,0.13997577130794525
aesfa,04287,0.2511865496635437
aesfa,04288,0.34229570627212524
aesfa,04289,0.37271296977996826
aesfa,04290,0.24566295742988586
aesfa,04291,0.443577378988266
aesfa,04292,0.28709501028060913
aesfa,04293,0.43899354338645935
aesfa,04294,0.2164652943611145
aesfa,04295,0.131360724568367
aesfa,04296,0.3001936674118042
aesfa,04297,0.5298725366592407
aesfa,04298,0.2596169710159302
aesfa,04299,0.5142885446548462
aesfa,04300,0.47598788142204285
aesfa,04301,0.3229493796825409
aesfa,04302,0.5595574378967285
aesfa,04303,0.6042271256446838
aesfa,04304,0.16973698139190674
aesfa,04305,0.3771775960922241
aesfa,04306,0.25879400968551636
aesfa,04307,0.2285672128200531
aesfa,04308,0.46471279859542847
aesfa,04309,0.10082301497459412
aesfa,04310,0.23585551977157593
aesfa,04311,0.48652583360671997
aesfa,04312,0.3147582411766052
aesfa,04313,0.3317877948284149
aesfa,04314,0.08082980662584305
aesfa,04315,0.41358572244644165
aesfa,04316,0.4295675754547119
aesfa,04317,0.3276486396789551
aesfa,04318,0.546297013759613
aesfa,04319,0.2068965882062912
aesfa,04320,0.41116994619369507
aesfa,04321,0.3007284998893738
aesfa,04322,0.4165175259113312
aesfa,04323,0.27804499864578247
aesfa,04324,0.37708842754364014
aesfa,04325,0.23831550776958466
aesfa,04326,0.28969526290893555
aesfa,04327,0.40575504302978516
aesfa,04328,0.3576686382293701
aesfa,04329,0.3225896656513214
aesfa,04330,0.3510555028915405
aesfa,04331,0.2681739628314972
aesfa,04332,0.22895920276641846
aesfa,04333,0.180589497089386
aesfa,04334,0.15686941146850586
aesfa,04335,0.3821071982383728
aesfa,04336,0.20621466636657715
aesfa,04337,0.08379952609539032
aesfa,04338,0.2999839782714844
aesfa,04339,0.22556594014167786
aesfa,04340,0.39666569232940674
aesfa,04341,0.2561143934726715
aesfa,04342,0.13663630187511444
aesfa,04343,0.2715453803539276
aesfa,04344,0.459122896194458
aesfa,04345,0.3531261682510376
aesfa,04346,0.535273551940918
aesfa,04347,0.321547269821167
aesfa,04348,0.23927801847457886
aesfa,04349,0.44067269563674927
aesfa,04350,0.2078937590122223
aesfa,04351,0.34188219904899597
aesfa,04352,0.11364031583070755
aesfa,04353,0.26946526765823364
aesfa,04354,0.4312203526496887
aesfa,04355,0.1514471471309662
aesfa,04356,0.31027674674987793
aesfa,04357,0.2592085599899292
aesfa,04358,0.2551279664039612
aesfa,04359,0.32681822776794434
aesfa,04360,0.5927810668945312
aesfa,04361,0.18871992826461792
aesfa,04362,0.2565942108631134
aesfa,04363,0.2833399772644043
aesfa,04364,0.21923302114009857
aesfa,04365,0.3226815164089203
aesfa,04366,0.07857407629489899
aesfa,04367,0.46229904890060425
aesfa,04368,0.30202651023864746
aesfa,04369,0.5286776423454285
aesfa,04370,0.1983085572719574
aesfa,04371,0.19238892197608948
aesfa,04372,0.5191667079925537
aesfa,04373,0.5058832168579102
aesfa,04374,0.31745246052742004
aesfa,04375,0.31083524227142334
aesfa,04376,0.3215467035770416
aesfa,04377,0.424163281917572
aesfa,04378,0.24000707268714905
aesfa,04379,0.5774528980255127
aesfa,04380,0.23685498535633087
aesfa,04381,0.27141404151916504
aesfa,04382,0.3463315963745117
aesfa,04383,0.23216474056243896
aesfa,04384,0.3084550201892853
aesfa,04385,0.19152900576591492
aesfa,04386,0.4886179566383362
aesfa,04387,0.4346745014190674
aesfa,04388,0.3786299228668213
aesfa,04389,0.5817945599555969
aesfa,04390,0.5734081268310547
aesfa,04391,0.14660170674324036
aesfa,04392,0.4911707937717438
aesfa,04393,0.2034548670053482
aesfa,04394,0.6193481087684631
aesfa,04395,0.3168122172355652
aesfa,04396,0.5156821012496948
aesfa,04397,0.38192516565322876
aesfa,04398,0.3430108428001404
aesfa,04399,0.1803884655237198
aesfa,04400,0.32523465156555176
aesfa,04401,0.6159000396728516
aesfa,04402,0.10508571565151215
aesfa,04403,0.27994459867477417
aesfa,04404,0.17416194081306458
aesfa,04405,0.37315040826797485
aesfa,04406,0.365561842918396
aesfa,04407,0.4469206929206848
aesfa,04408,0.4242430627346039
aesfa,04409,0.205768421292305
aesfa,04410,0.19864919781684875
aesfa,04411,0.06427327543497086
aesfa,04412,0.6162492632865906
aesfa,04413,0.13136625289916992
aesfa,04414,0.13258954882621765
aesfa,04415,0.42133814096450806
aesfa,04416,0.2728455066680908
aesfa,04417,0.1503884196281433
aesfa,04418,0.4267040491104126
aesfa,04419,0.5409536361694336
aesfa,04420,0.42476826906204224
aesfa,04421,0.3513135313987732
aesfa,04422,0.2814473509788513
aesfa,04423,0.36252108216285706
aesfa,04424,0.40991783142089844
aesfa,04425,0.18085727095603943
aesfa,04426,0.4893292784690857
aesfa,04427,0.24263747036457062
aesfa,04428,0.32209062576293945
aesfa,04429,0.44271257519721985
aesfa,04430,0.14681875705718994
aesfa,04431,0.18018019199371338
aesfa,04432,0.10475722700357437
aesfa,04433,0.14224383234977722
aesfa,04434,0.4427341818809509
aesfa,04435,0.3118784725666046
aesfa,04436,0.48204997181892395
aesfa,04437,0.41403937339782715
aesfa,04438,0.6509817838668823
aesfa,04439,0.40975141525268555
aesfa,04440,0.23225106298923492
aesfa,04441,0.36697918176651
aesfa,04442,0.13198523223400116
aesfa,04443,0.16560500860214233
aesfa,04444,0.47554537653923035
aesfa,04445,0.2127510905265808
aesfa,04446,0.29575634002685547
aesfa,04447,0.2896544933319092
aesfa,04448,0.41287708282470703
aesfa,04449,0.2252681404352188
aesfa,04450,0.34957247972488403
aesfa,04451,0.15889522433280945
aesfa,04452,0.33269187808036804
aesfa,04453,0.27240562438964844
aesfa,04454,0.3343380093574524
aesfa,04455,0.23746758699417114
aesfa,04456,0.13071638345718384
aesfa,04457,0.16868019104003906
aesfa,04458,0.3669283986091614
aesfa,04459,0.2491234838962555
aesfa,04460,0.3010082542896271
aesfa,04461,0.433005154132843
aesfa,04462,0.24103562533855438
aesfa,04463,0.24615788459777832
aesfa,04464,0.26355355978012085
aesfa,04465,0.1975385546684265
aesfa,04466,0.5562824010848999
aesfa,04467,0.2878465950489044
aesfa,04468,0.42506110668182373
aesfa,04469,0.5903900861740112
aesfa,04470,0.13432341814041138
aesfa,04471,0.2513711452484131
aesfa,04472,0.2388048768043518
aesfa,04473,0.20021140575408936
aesfa,04474,0.31513601541519165
aesfa,04475,0.19476842880249023
aesfa,04476,0.34688472747802734
aesfa,04477,0.3158121109008789
aesfa,04478,0.1407461017370224
aesfa,04479,0.2216424196958542
aesfa,04480,0.3613166809082031
aesfa,04481,0.2082040011882782
aesfa,04482,0.15606087446212769
aesfa,04483,0.19368267059326172
aesfa,04484,0.3115632236003876
aesfa,04485,0.2642033100128174
aesfa,04486,0.03535384684801102
aesfa,04487,0.4411071240901947
aesfa,04488,0.25927823781967163
aesfa,04489,0.32036012411117554
aesfa,04490,0.5207656025886536
aesfa,04491,0.3244127631187439
aesfa,04492,0.31361010670661926
aesfa,04493,0.3602237403392792
aesfa,04494,0.2837626338005066
aesfa,04495,0.3814699947834015
aesfa,04496,0.4613223969936371
aesfa,04497,0.2763030529022217
aesfa,04498,0.3216894268989563
aesfa,04499,0.2976466715335846
aesfa,04500,0.2229701429605484
aesfa,04501,0.1711835265159607
aesfa,04502,0.5296598672866821
aesfa,04503,0.15362590551376343
aesfa,04504,0.4694083333015442
aesfa,04505,0.19691124558448792
aesfa,04506,0.5345220565795898
aesfa,04507,0.5860791802406311
aesfa,04508,0.2502005398273468
aesfa,04509,0.028885893523693085
aesfa,04510,0.5119741559028625
aesfa,04511,0.3522259593009949
aesfa,04512,0.34265998005867004
aesfa,04513,0.5213388204574585
aesfa,04514,0.29148679971694946
aesfa,04515,0.42002010345458984
aesfa,04516,0.05382806062698364
aesfa,04517,0.2876431941986084
aesfa,04518,0.3332926630973816
aesfa,04519,0.42730557918548584
aesfa,04520,0.4293522834777832
aesfa,04521,0.09618666768074036
aesfa,04522,0.3412511348724365
aesfa,04523,0.2085932195186615
aesfa,04524,0.3125038146972656
aesfa,04525,0.042785461992025375
aesfa,04526,0.2701842188835144
aesfa,04527,0.32031235098838806
aesfa,04528,0.2908916175365448
aesfa,04529,0.49058568477630615
aesfa,04530,0.271212100982666
aesfa,04531,0.4061553478240967
aesfa,04532,0.21402506530284882
aesfa,04533,0.3876158893108368
aesfa,04534,0.32237598299980164
aesfa,04535,0.20801305770874023
aesfa,04536,0.35768115520477295
aesfa,04537,0.38707777857780457
aesfa,04538,0.5131415724754333
aesfa,04539,0.4027822017669678
aesfa,04540,0.3510369062423706
aesfa,04541,0.21282143890857697
aesfa,04542,0.2728866636753082
aesfa,04543,0.4155304431915283
aesfa,04544,0.3539890646934509
aesfa,04545,0.24922038614749908
aesfa,04546,0.4642260670661926
aesfa,04547,0.38177043199539185
aesfa,04548,0.24743883311748505
aesfa,04549,0.18134453892707825
aesfa,04550,0.10656502842903137
aesfa,04551,0.3596076965332031
aesfa,04552,0.14746180176734924
aesfa,04553,0.2377205193042755
aesfa,04554,0.17213577032089233
aesfa,04555,0.3255852460861206
aesfa,04556,0.21814173460006714
aesfa,04557,0.10714221000671387
aesfa,04558,0.20406246185302734
aesfa,04559,0.23537945747375488
aesfa,04560,0.19101093709468842
aesfa,04561,0.349151074886322
aesfa,04562,0.42471805214881897
aesfa,04563,0.43817341327667236
aesfa,04564,0.24445872008800507
aesfa,04565,0.4436965882778168
aesfa,04566,0.2986707091331482
aesfa,04567,0.3226510286331177
aesfa,04568,0.33389726281166077
aesfa,04569,0.42496156692504883
aesfa,04570,0.2165679633617401
aesfa,04571,0.45847371220588684
aesfa,04572,0.41024667024612427
aesfa,04573,0.18876487016677856
aesfa,04574,0.3135582208633423
aesfa,04575,0.20705470442771912
aesfa,04576,0.2553389072418213
aesfa,04577,0.3846484124660492
aesfa,04578,0.22326019406318665
aesfa,04579,0.3434722423553467
aesfa,04580,0.1805572509765625
aesfa,04581,0.256233274936676
aesfa,04582,0.44951847195625305
aesfa,04583,0.15141068398952484
aesfa,04584,0.07281123846769333
aesfa,04585,0.10803984105587006
aesfa,04586,0.15733939409255981
aesfa,04587,0.12596799433231354
aesfa,04588,0.44425803422927856
aesfa,04589,0.3535469174385071
aesfa,04590,0.2654356360435486
aesfa,04591,0.5010243654251099
aesfa,04592,0.5374258756637573
aesfa,04593,0.3379744589328766
aesfa,04594,0.25305089354515076
aesfa,04595,0.24215877056121826
aesfa,04596,0.3631157875061035
aesfa,04597,0.3879891633987427
aesfa,04598,0.19727638363838196
aesfa,04599,0.29424193501472473
aesfa,04600,0.44341611862182617
aesfa,04601,0.1690201312303543
aesfa,04602,0.34350329637527466
aesfa,04603,0.2723251283168793
aesfa,04604,0.4374530613422394
aesfa,04605,0.10249552130699158
aesfa,04606,0.17588788270950317
aesfa,04607,0.10832110047340393
aesfa,04608,0.4091448187828064
aesfa,04609,0.5340681076049805
aesfa,04610,0.24577663838863373
aesfa,04611,0.13299982249736786
aesfa,04612,0.23725804686546326
aesfa,04613,0.2583852708339691
aesfa,04614,0.21294811367988586
aesfa,04615,0.23545008897781372
aesfa,04616,0.34037595987319946
aesfa,04617,0.31674182415008545
aesfa,04618,0.3087272644042969
aesfa,04619,0.397641122341156
aesfa,04620,0.35556238889694214
aesfa,04621,0.280972957611084
aesfa,04622,0.2628287672996521
aesfa,04623,0.25852736830711365
aesfa,04624,0.3784871995449066
aesfa,04625,0.40037447214126587
aesfa,04626,0.4884417951107025
aesfa,04627,0.29562774300575256
aesfa,04628,0.3049764633178711
aesfa,04629,0.08324082940816879
aesfa,04630,0.44664815068244934
aesfa,04631,0.2912328839302063
aesfa,04632,0.2542327046394348
aesfa,04633,0.12725645303726196
aesfa,04634,0.48863348364830017
aesfa,04635,0.40310603380203247
aesfa,04636,0.4378909468650818
aesfa,04637,0.3903905749320984
aesfa,04638,0.5334569215774536
aesfa,04639,0.31010472774505615
aesfa,04640,0.2414286732673645
aesfa,04641,0.36427080631256104
aesfa,04642,0.2551797032356262
aesfa,04643,0.2613416314125061
aesfa,04644,0.4288826584815979
aesfa,04645,0.21244940161705017
aesfa,04646,0.31079787015914917
aesfa,04647,0.2822294533252716
aesfa,04648,0.44518721103668213
aesfa,04649,0.2526729702949524
aesfa,04650,0.2528335452079773
aesfa,04651,0.41745346784591675
aesfa,04652,0.36797142028808594
aesfa,04653,0.1463853418827057
aesfa,04654,0.2647690176963806
aesfa,04655,0.18400587141513824
aesfa,04656,0.3492281436920166
aesfa,04657,0.49079200625419617
aesfa,04658,0.33965182304382324
aesfa,04659,0.23117217421531677
aesfa,04660,0.4202283024787903
aesfa,04661,0.22397521138191223
aesfa,04662,0.0644243061542511
aesfa,04663,0.18452586233615875
aesfa,04664,0.2901025414466858
aesfa,04665,0.2700984477996826
aesfa,04666,0.3645927309989929
aesfa,04667,0.3014259338378906
aesfa,04668,0.27837562561035156
aesfa,04669,0.3765522837638855
aesfa,04670,0.3172774910926819
aesfa,04671,0.36807650327682495
aesfa,04672,0.06728585064411163
aesfa,04673,0.2935287356376648
aesfa,04674,0.3465902805328369
aesfa,04675,0.38652804493904114
aesfa,04676,0.41045594215393066
aesfa,04677,0.5114303827285767
aesfa,04678,0.25775882601737976
aesfa,04679,0.2532665431499481
aesfa,04680,0.27484771609306335
aesfa,04681,0.4279400706291199
aesfa,04682,0.314245343208313
aesfa,04683,0.29751908779144287
aesfa,04684,0.31830033659935
aesfa,04685,0.44382670521736145
aesfa,04686,0.2708660662174225
aesfa,04687,0.3371005952358246
aesfa,04688,0.1902494877576828
aesfa,04689,0.30721309781074524
aesfa,04690,0.08354547619819641
aesfa,04691,0.34037575125694275
aesfa,04692,0.3040228486061096
aesfa,04693,0.4175836741924286
aesfa,04694,0.09669356048107147
aesfa,04695,0.16606807708740234
aesfa,04696,0.31108880043029785
aesfa,04697,0.3646649420261383
aesfa,04698,0.24245792627334595
aesfa,04699,0.5112788677215576
aesfa,04700,0.23217828571796417
aesfa,04701,0.20432773232460022
aesfa,04702,0.48172950744628906
aesfa,04703,0.41207951307296753
aesfa,04704,0.290950208902359
aesfa,04705,0.08748039603233337
aesfa,04706,0.10034963488578796
aesfa,04707,0.014793041162192822
aesfa,04708,0.3600900173187256
aesfa,04709,0.20218989253044128
aesfa,04710,0.2860671877861023
aesfa,04711,0.3777621388435364
aesfa,04712,0.19608573615550995
aesfa,04713,0.14928093552589417
aesfa,04714,0.09640885144472122
aesfa,04715,0.37285423278808594
aesfa,04716,0.4927807152271271
aesfa,04717,0.3986392021179199
aesfa,04718,0.5649405717849731
aesfa,04719,0.3612058758735657
aesfa,04720,0.3723630905151367
aesfa,04721,0.33181068301200867
aesfa,04722,0.46105942130088806
aesfa,04723,0.37640082836151123
aesfa,04724,0.17090126872062683
aesfa,04725,0.37839388847351074
aesfa,04726,0.28549426794052124
aesfa,04727,0.40760141611099243
aesfa,04728,0.29553937911987305
aesfa,04729,0.5875512957572937
aesfa,04730,0.09416607022285461
aesfa,04731,0.22548294067382812
aesfa,04732,0.32067763805389404
aesfa,04733,0.27133113145828247
aesfa,04734,0.22322285175323486
aesfa,04735,0.24438068270683289
aesfa,04736,0.3952128291130066
aesfa,04737,0.3471861779689789
aesfa,04738,0.33405381441116333
aesfa,04739,0.3735002875328064
aesfa,04740,0.15914499759674072
aesfa,04741,0.4624823331832886
aesfa,04742,0.24126511812210083
aesfa,04743,0.46254128217697144
aesfa,04744,0.17573058605194092
aesfa,04745,0.20954714715480804
aesfa,04746,0.266359806060791
aesfa,04747,0.30287235975265503
aesfa,04748,0.41476327180862427
aesfa,04749,0.2500290870666504
aesfa,04750,0.3046587407588959
aesfa,04751,0.12746712565422058
aesfa,04752,0.2877798080444336
aesfa,04753,0.13927191495895386
aesfa,04754,0.1504192054271698
aesfa,04755,0.3314869999885559
aesfa,04756,0.4400531053543091
aesfa,04757,0.200040802359581
aesfa,04758,0.3502218723297119
aesfa,04759,0.14332973957061768
aesfa,04760,0.3456292748451233
aesfa,04761,0.354303240776062
aesfa,04762,0.12422855198383331
aesfa,04763,0.26911959052085876
aesfa,04764,0.14085805416107178
aesfa,04765,0.30721336603164673
aesfa,04766,0.3576939105987549
aesfa,04767,0.31879258155822754
aesfa,04768,0.18769244849681854
aesfa,04769,0.27092593908309937
aesfa,04770,0.3535357713699341
aesfa,04771,0.22150622308254242
aesfa,04772,0.1425146460533142
aesfa,04773,0.248666912317276
aesfa,04774,0.5792946815490723
aesfa,04775,0.172812819480896
aesfa,04776,0.38304170966148376
aesfa,04777,0.36276569962501526
aesfa,04778,0.21625161170959473
aesfa,04779,0.18651039898395538
aesfa,04780,0.3374210298061371
aesfa,04781,0.3912823796272278
aesfa,04782,0.18772417306900024
aesfa,04783,0.3005809187889099
aesfa,04784,0.4326223134994507
aesfa,04785,0.14866815507411957
aesfa,04786,0.3239220380783081
aesfa,04787,0.4366518259048462
aesfa,04788,0.26729848980903625
aesfa,04789,0.37514054775238037
aesfa,04790,0.4762764871120453
aesfa,04791,0.14952266216278076
aesfa,04792,0.3399410545825958
aesfa,04793,0.133978933095932
aesfa,04794,0.2151288092136383
aesfa,04795,0.2871338725090027
aesfa,04796,0.1643112748861313
aesfa,04797,0.23017050325870514
aesfa,04798,0.4417824149131775
aesfa,04799,0.24911028146743774
aesfa,04800,0.33587467670440674
aesfa,04801,0.42809271812438965
aesfa,04802,0.47225385904312134
aesfa,04803,0.2361772358417511
aesfa,04804,0.2768273949623108
aesfa,04805,0.33417320251464844
aesfa,04806,0.2953663468360901
aesfa,04807,0.35726770758628845
aesfa,04808,0.3900286555290222
aesfa,04809,0.29848456382751465
aesfa,04810,0.35017916560173035
aesfa,04811,0.3626495599746704
aesfa,04812,0.3275129795074463
aesfa,04813,0.2891845107078552
aesfa,04814,0.055717237293720245
aesfa,04815,0.6115751266479492
aesfa,04816,0.47896456718444824
aesfa,04817,0.3176986277103424
aesfa,04818,0.18889650702476501
aesfa,04819,0.38290655612945557
aesfa,04820,0.3290978968143463
aesfa,04821,0.3654477596282959
aesfa,04822,0.3868493437767029
aesfa,04823,0.23118320107460022
aesfa,04824,0.19883358478546143
aesfa,04825,0.3885262906551361
aesfa,04826,0.30906015634536743
aesfa,04827,0.08935729414224625
aesfa,04828,0.008405776694417
aesfa,04829,0.3375156819820404
aesfa,04830,0.3193468451499939
aesfa,04831,0.06525904685258865
aesfa,04832,0.3633606433868408
aesfa,04833,0.2651076316833496
aesfa,04834,0.42590808868408203
aesfa,04835,0.3714582026004791
aesfa,04836,0.28998327255249023
aesfa,04837,0.29000645875930786
aesfa,04838,0.19908922910690308
aesfa,04839,0.1999778002500534
aesfa,04840,0.17484471201896667
aesfa,04841,0.20631089806556702
aesfa,04842,0.37825238704681396
aesfa,04843,0.5616028308868408
aesfa,04844,0.413937509059906
aesfa,04845,0.47292429208755493
aesfa,04846,0.46894580125808716
aesfa,04847,0.21010854840278625
aesfa,04848,0.23886792361736298
aesfa,04849,0.3414898216724396
aesfa,04850,0.1968204826116562
aesfa,04851,0.201032817363739
aesfa,04852,0.17500561475753784
aesfa,04853,0.20267155766487122
aesfa,04854,0.27193889021873474
aesfa,04855,0.4528070092201233
aesfa,04856,0.5304491519927979
aesfa,04857,0.36270594596862793
aesfa,04858,0.2978653907775879
aesfa,04859,0.32369473576545715
aesfa,04860,0.3299439549446106
aesfa,04861,0.3016591966152191
aesfa,04862,0.5034877061843872
aesfa,04863,0.5890458822250366
aesfa,04864,0.14630413055419922
aesfa,04865,0.3485851585865021
aesfa,04866,0.26316237449645996
aesfa,04867,0.32304292917251587
aesfa,04868,0.1444459706544876
aesfa,04869,0.31155627965927124
aesfa,04870,0.19104968011379242
aesfa,04871,0.15350578725337982
aesfa,04872,0.481312096118927
aesfa,04873,0.39795124530792236
aesfa,04874,0.4223560094833374
aesfa,04875,0.39645475149154663
aesfa,04876,0.12717443704605103
aesfa,04877,0.3937768042087555
aesfa,04878,0.17659947276115417
aesfa,04879,0.2091606855392456
aesfa,04880,0.13134513795375824
aesfa,04881,0.18261583149433136
aesfa,04882,0.05342051386833191
aesfa,04883,0.32585763931274414
aesfa,04884,0.0815897136926651
aesfa,04885,0.23563633859157562
aesfa,04886,0.30144941806793213
aesfa,04887,0.41192108392715454
aesfa,04888,0.3846946656703949
aesfa,04889,0.24294880032539368
aesfa,04890,0.4585357904434204
aesfa,04891,0.350462406873703
aesfa,04892,0.05210743099451065
aesfa,04893,0.4208672046661377
aesfa,04894,0.4203042984008789
aesfa,04895,0.3246435523033142
aesfa,04896,0.2012733519077301
aesfa,04897,0.3664800524711609
aesfa,04898,0.37259238958358765
aesfa,04899,0.14555931091308594
aesfa,04900,0.13419395685195923
aesfa,04901,0.16491371393203735
aesfa,04902,0.25819480419158936
aesfa,04903,0.39848923683166504
aesfa,04904,0.297920286655426
aesfa,04905,0.47510722279548645
aesfa,04906,0.5160032510757446
aesfa,04907,0.34555697441101074
aesfa,04908,0.39808154106140137
aesfa,04909,0.4600818157196045
aesfa,04910,0.2929023802280426
aesfa,04911,0.23636110126972198
aesfa,04912,0.486904501914978
aesfa,04913,0.4261353611946106
aesfa,04914,0.30565547943115234
aesfa,04915,0.20806513726711273
aesfa,04916,0.21229949593544006
aesfa,04917,0.2696468234062195
aesfa,04918,0.3449617624282837
aesfa,04919,0.26773056387901306
aesfa,04920,0.23515138030052185
aesfa,04921,0.3532131016254425
aesfa,04922,0.29934248328208923
aesfa,04923,0.5260244607925415
aesfa,04924,0.38279062509536743
aesfa,04925,0.09201008081436157
aesfa,04926,0.27180829644203186
aesfa,04927,0.44355538487434387
aesfa,04928,0.5179197192192078
aesfa,04929,0.3393791913986206
aesfa,04930,0.20792648196220398
aesfa,04931,0.33591240644454956
aesfa,04932,0.3723604083061218
aesfa,04933,0.14032159745693207
aesfa,04934,0.47883063554763794
aesfa,04935,0.39953672885894775
aesfa,04936,0.302204966545105
aesfa,04937,0.36958765983581543
aesfa,04938,0.18274396657943726
aesfa,04939,0.1556713581085205
aesfa,04940,0.5299424529075623
aesfa,04941,0.20956271886825562
aesfa,04942,0.3633482754230499
aesfa,04943,0.5146950483322144
aesfa,04944,0.49837595224380493
aesfa,04945,0.3568113148212433
aesfa,04946,0.4015195965766907
aesfa,04947,0.4778233766555786
aesfa,04948,0.34559112787246704
aesfa,04949,0.312771201133728
aesfa,04950,0.22214661538600922
aesfa,04951,0.399325430393219
aesfa,04952,0.37649062275886536
aesfa,04953,0.5585964918136597
aesfa,04954,0.162754088640213
aesfa,04955,0.3877077102661133
aesfa,04956,0.30852311849594116
aesfa,04957,0.33150023221969604
aesfa,04958,0.20420163869857788
aesfa,04959,0.15650461614131927
aesfa,04960,0.21927572786808014
aesfa,04961,0.41445550322532654
aesfa,04962,0.3045104742050171
aesfa,04963,0.31708472967147827
aesfa,04964,0.2725760340690613
aesfa,04965,0.4730316698551178
aesfa,04966,0.4826582372188568
aesfa,04967,0.14617428183555603
aesfa,04968,0.5105640888214111
aesfa,04969,0.3787614703178406
aesfa,04970,0.2794395387172699
aesfa,04971,0.31483596563339233
aesfa,04972,0.25573986768722534
aesfa,04973,0.3167193531990051
aesfa,04974,0.557655930519104
aesfa,04975,0.3039761781692505
aesfa,04976,0.57590651512146
aesfa,04977,0.43781808018684387
aesfa,04978,0.29477399587631226
aesfa,04979,0.3600786328315735
aesfa,04980,0.26497215032577515
aesfa,04981,0.2897859811782837
aesfa,04982,0.32189372181892395
aesfa,04983,0.5049870014190674
aesfa,04984,0.4256404638290405
aesfa,04985,0.23513737320899963
aesfa,04986,0.43518948554992676
aesfa,04987,0.2816850543022156
aesfa,04988,0.331135630607605
aesfa,04989,0.3301827907562256
aesfa,04990,0.6184171438217163
aesfa,04991,0.12088090181350708
aesfa,04992,0.34504929184913635
aesfa,04993,0.2681111991405487
aesfa,04994,0.2911047339439392
aesfa,04995,0.21113702654838562
aesfa,04996,0.35290515422821045
aesfa,04997,0.26701268553733826
aesfa,04998,0.23624320328235626
aesfa,04999,0.3251921534538269
stytr2,00000,0.3981923460960388
stytr2,00001,0.14723001420497894
stytr2,00002,0.4225448966026306
stytr2,00003,0.18416085839271545
stytr2,00004,0.2151375412940979
stytr2,00005,0.503451406955719
stytr2,00006,0.2322189211845398
stytr2,00007,0.3508695662021637
stytr2,00008,0.5577476024627686
stytr2,00009,0.1732659786939621
stytr2,00010,0.4316595196723938
stytr2,00011,0.16299204528331757
stytr2,00012,0.398040235042572
stytr2,00013,0.3734264373779297
stytr2,00014,0.40856271982192993
stytr2,00015,0.2273537814617157
stytr2,00016,0.5371880531311035
stytr2,00017,0.2908165156841278
stytr2,00018,0.12619304656982422
stytr2,00019,0.2974567711353302
stytr2,00020,0.2891633212566376
stytr2,00021,0.174787238240242
stytr2,00022,0.06586764752864838
stytr2,00023,0.1905343234539032
stytr2,00024,0.3364522159099579
stytr2,00025,0.29959166049957275
stytr2,00026,0.5880534648895264
stytr2,00027,0.3633241057395935
stytr2,00028,0.3069743514060974
stytr2,00029,0.218838632106781
stytr2,00030,0.5013967752456665
stytr2,00031,0.4071130156517029
stytr2,00032,0.14066073298454285
stytr2,00033,0.238629549741745
stytr2,00034,-0.009022228419780731
stytr2,00035,0.11159048974514008
stytr2,00036,0.12454065680503845
stytr2,00037,0.32189029455184937
stytr2,00038,0.2909732460975647
stytr2,00039,0.24842718243598938
stytr2,00040,0.3206024467945099
stytr2,00041,0.1839340776205063
stytr2,00042,0.15816953778266907
stytr2,00043,0.17745232582092285
stytr2,00044,0.2180357426404953
stytr2,00045,0.2633170485496521
stytr2,00046,0.3610333204269409
stytr2,00047,0.2074107527732849
stytr2,00048,0.41812747716903687
stytr2,00049,0.09889940917491913
stytr2,00050,0.4440583884716034
stytr2,00051,0.5237974524497986
stytr2,00052,0.3667863607406616
stytr2,00053,0.19669826328754425
stytr2,00054,0.5090939998626709
stytr2,00055,0.17105576395988464
stytr2,00056,0.37337344884872437
stytr2,00057,0.5239536762237549
stytr2,00058,0.25134873390197754
stytr2,00059,0.1806212067604065
stytr2,00060,0.19291052222251892
stytr2,00061,0.2612559199333191
stytr2,00062,0.38381659984588623
stytr2,00063,0.20902061462402344
stytr2,00064,0.14379355311393738
stytr2,00065,0.17320087552070618
stytr2,00066,0.20808307826519012
stytr2,00067,0.427608460187912
stytr2,00068,0.47932910919189453
stytr2,00069,0.2668467164039612
stytr2,00070,0.3447839617729187
stytr2,00071,0.1391758918762207
stytr2,00072,0.29537004232406616
stytr2,00073,0.19142034649848938
stytr2,00074,0.17425614595413208
stytr2,00075,0.1409439891576767
stytr2,00076,0.31856775283813477
stytr2,00077,0.35394299030303955
stytr2,00078,0.1511375457048416
stytr2,00079,0.1412690281867981
stytr2,00080,0.4046056866645813
stytr2,00081,0.2943111062049866
stytr2,00082,0.21903353929519653
stytr2,00083,0.284559428691864
stytr2,00084,0.5035998225212097
stytr2,00085,0.4201279878616333
stytr2,00086,0.18663504719734192
stytr2,00087,0.2799546718597412
stytr2,00088,0.3228522539138794
stytr2,00089,0.20398080348968506
stytr2,00090,0.5356072187423706
stytr2,00091,0.2689284086227417
stytr2,00092,0.3741927742958069
stytr2,00093,0.307887464761734
stytr2,00094,0.20066314935684204
stytr2,00095,0.14917920529842377
stytr2,00096,0.2846454381942749
stytr2,00097,0.37332314252853394
stytr2,00098,0.3145970106124878
stytr2,00099,0.36354154348373413
stytr2,00100,0.2607923150062561
stytr2,00101,0.2666866183280945
stytr2,00102,0.46415379643440247
stytr2,00103,0.2736321687698364
stytr2,00104,0.30178210139274597
stytr2,00105,0.16253462433815002
stytr2,00106,0.1444219946861267
stytr2,00107,0.053001001477241516
stytr2,00108,0.07463699579238892
stytr2,00109,0.1379171907901764
stytr2,00110,0.47815290093421936
stytr2,00111,0.09106484055519104
stytr2,00112,0.15711969137191772
stytr2,00113,0.17979462444782257
stytr2,00114,0.31013527512550354
stytr2,00115,0.09104963392019272
stytr2,00116,0.41177505254745483
stytr2,00117,0.2734379172325134
stytr2,00118,0.31399857997894287
stytr2,00119,0.37046462297439575
stytr2,00120,0.5115429162979126
stytr2,00121,0.3422562777996063
stytr2,00122,0.45239055156707764
stytr2,00123,0.15744253993034363
stytr2,00124,0.33336421847343445
stytr2,00125,0.10782179981470108
stytr2,00126,0.19873136281967163
stytr2,00127,0.3010052442550659
stytr2,00128,0.31204527616500854
stytr2,00129,0.3250892162322998
stytr2,00130,0.24981263279914856
stytr2,00131,0.3582642078399658
stytr2,00132,0.09902253746986389
stytr2,00133,0.16283012926578522
stytr2,00134,0.1660013198852539
stytr2,00135,0.4447804093360901
stytr2,00136,0.26593247056007385
stytr2,00137,0.2620680332183838
stytr2,00138,0.28336021304130554
stytr2,00139,0.39167022705078125
stytr2,00140,0.2740490734577179
stytr2,00141,0.32674652338027954
stytr2,00142,0.06809362769126892
stytr2,00143,0.15884634852409363
stytr2,00144,0.08339334279298782
stytr2,00145,0.31058332324028015
stytr2,00146,0.2943320870399475
stytr2,00147,0.5288175940513611
stytr2,00148,0.30614030361175537
stytr2,00149,0.1744171380996704
stytr2,00150,0.226653054356575
stytr2,00151,0.23470871150493622
stytr2,00152,0.2848703861236572
stytr2,00153,0.2801947593688965
stytr2,00154,0.30047982931137085
stytr2,00155,0.18252167105674744
stytr2,00156,0.39093050360679626
stytr2,00157,0.3236701786518097
stytr2,00158,0.08829644322395325
stytr2,00159,0.18213799595832825
stytr2,00160,0.27325522899627686
stytr2,00161,0.2278725653886795
stytr2,00162,0.505558967590332
stytr2,00163,0.4023178815841675
stytr2,00164,0.15565702319145203
stytr2,00165,0.12295631319284439
stytr2,00166,0.30399999022483826
stytr2,00167,0.22438931465148926
stytr2,00168,0.4304625391960144
stytr2,00169,0.1755753606557846
stytr2,00170,0.28966960310935974
stytr2,00171,0.48791056871414185
stytr2,00172,0.10647366940975189
stytr2,00173,0.2025916427373886
stytr2,00174,0.4161527156829834
stytr2,00175,0.1948195844888687
stytr2,00176,0.29227253794670105
stytr2,00177,0.36072999238967896
stytr2,00178,0.3577287197113037
stytr2,00179,0.32461243867874146
stytr2,00180,0.4380904734134674
stytr2,00181,0.33295613527297974
stytr2,00182,0.3742591142654419
stytr2,00183,0.48498547077178955
stytr2,00184,0.2484404444694519
stytr2,00185,0.3687083423137665
stytr2,00186,0.15554535388946533
stytr2,00187,0.4644148349761963
stytr2,00188,0.13737589120864868
stytr2,00189,0.4377172589302063
stytr2,00190,0.28669559955596924
stytr2,00191,0.3991823196411133
stytr2,00192,0.2822900414466858
stytr2,00193,0.15116393566131592
stytr2,00194,0.33521124720573425
stytr2,00195,0.12130425870418549
stytr2,00196,0.3165279030799866
stytr2,00197,0.6099197268486023
stytr2,00198,0.20174698531627655
stytr2,00199,0.3539085388183594
stytr2,00200,0.1213722825050354
stytr2,00201,0.3433598577976227
stytr2,00202,0.5606297254562378
stytr2,00203,0.3018031418323517
stytr2,00204,0.2896490693092346
stytr2,00205,0.1833932101726532
stytr2,00206,0.2637813091278076
stytr2,00207,0.32025575637817383
stytr2,00208,0.3808213472366333
stytr2,00209,0.21098533272743225
stytr2,00210,0.25051528215408325
stytr2,00211,0.3696829080581665
stytr2,00212,0.331913560628891
stytr2,00213,0.2536637783050537
stytr2,00214,0.19273243844509125
stytr2,00215,0.3304073214530945
stytr2,00216,0.319471538066864
stytr2,00217,0.2428000420331955
stytr2,00218,0.32310134172439575
stytr2,00219,0.3191720247268677
stytr2,00220,0.5533480644226074
stytr2,00221,0.3238033652305603
stytr2,00222,0.20730480551719666
stytr2,00223,0.4339543282985687
stytr2,00224,0.22784948348999023
stytr2,00225,0.3700621724128723
stytr2,00226,0.07170370221138
stytr2,00227,0.24265076220035553
stytr2,00228,0.26828762888908386
stytr2,00229,0.29145312309265137
stytr2,00230,0.4155034124851227
stytr2,00231,0.25094470381736755
stytr2,00232,0.2847346067428589
stytr2,00233,0.34424805641174316
stytr2,00234,0.23089542984962463
stytr2,00235,0.15046697854995728
stytr2,00236,0.5160015821456909
stytr2,00237,0.3479159474372864
stytr2,00238,0.21097025275230408
stytr2,00239,0.30581310391426086
stytr2,00240,0.36324793100357056
stytr2,00241,0.1409723162651062
stytr2,00242,0.21893277764320374
stytr2,00243,0.30695581436157227
stytr2,00244,0.3260001242160797
stytr2,00245,0.11589156836271286
stytr2,00246,0.3646131753921509
stytr2,00247,0.26639458537101746
stytr2,00248,0.14435453712940216
stytr2,00249,0.24964994192123413
stytr2,00250,0.23310139775276184
stytr2,00251,0.23446212708950043
stytr2,00252,0.16968345642089844
stytr2,00253,0.3063122630119324
stytr2,00254,0.24614736437797546
stytr2,00255,0.2727830708026886
stytr2,00256,0.32626479864120483
stytr2,00257,0.3652740716934204
stytr2,00258,0.5886760354042053
stytr2,00259,0.36382928490638733
stytr2,00260,0.5491026639938354
stytr2,00261,0.26469963788986206
stytr2,00262,0.24004033207893372
stytr2,00263,0.38823676109313965
stytr2,00264,0.5352851152420044
stytr2,00265,0.3426572382450104
stytr2,00266,0.24375702440738678
stytr2,00267,0.47333240509033203
stytr2,00268,0.1515164077281952
stytr2,00269,0.3114727735519409
stytr2,00270,0.10484060645103455
stytr2,00271,0.28156644105911255
stytr2,00272,0.3145131468772888
stytr2,00273,0.1709042340517044
stytr2,00274,0.1398710012435913
stytr2,00275,0.4323658347129822
stytr2,00276,0.17348703742027283
stytr2,00277,0.3138495087623596
stytr2,00278,0.33752983808517456
stytr2,00279,0.21729302406311035
stytr2,00280,0.2508694529533386
stytr2,00281,0.07338344305753708
stytr2,00282,0.31689292192459106
stytr2,00283,0.19483351707458496
stytr2,00284,0.21781323850154877
stytr2,00285,0.2053317129611969
stytr2,00286,0.032784510403871536
stytr2,00287,0.18333286046981812
stytr2,00288,0.12173375487327576
stytr2,00289,0.23301053047180176
stytr2,00290,0.3501342535018921
stytr2,00291,0.278597891330719
stytr2,00292,0.5983603000640869
stytr2,00293,0.44948810338974
stytr2,00294,0.3051854372024536
stytr2,00295,0.17462441325187683
stytr2,00296,0.49722468852996826
stytr2,00297,0.4303855895996094
stytr2,00298,0.2689592242240906
stytr2,00299,0.1596001386642456
stytr2,00300,0.28037458658218384
stytr2,00301,0.3979000747203827
stytr2,00302,0.15315650403499603
stytr2,00303,0.22529341280460358
stytr2,00304,0.24117523431777954
stytr2,00305,0.1499037742614746
stytr2,00306,0.3774084150791168
stytr2,00307,0.538195013999939
stytr2,00308,0.15107664465904236
stytr2,00309,0.42776840925216675
stytr2,00310,0.26880189776420593
stytr2,00311,0.2643836736679077
stytr2,00312,0.25217851996421814
stytr2,00313,0.2729215621948242
stytr2,00314,0.20428267121315002
stytr2,00315,0.3225361108779907
stytr2,00316,0.16420960426330566
stytr2,00317,0.09329584240913391
stytr2,00318,0.14647342264652252
stytr2,00319,0.31021493673324585
stytr2,00320,0.26320821046829224
stytr2,00321,0.4430024325847626
stytr2,00322,0.2598140239715576
stytr2,00323,0.277121365070343
stytr2,00324,0.044871482998132706
stytr2,00325,0.07667550444602966
stytr2,00326,0.33041638135910034
stytr2,00327,0.36963707208633423
stytr2,00328,0.32852548360824585
stytr2,00329,0.35565996170043945
stytr2,00330,0.19394120573997498
stytr2,00331,0.17994529008865356
stytr2,00332,0.05646670609712601
stytr2,00333,0.19861233234405518
stytr2,00334,0.17337189614772797
stytr2,00335,0.3027527332305908
stytr2,00336,0.4402145445346832
stytr2,00337,0.34301772713661194
stytr2,00338,0.17629551887512207
stytr2,00339,0.13696952164173126
stytr2,00340,0.3080577850341797
stytr2,00341,0.33929243683815
stytr2,00342,0.44102513790130615
stytr2,00343,0.34289318323135376
stytr2,00344,0.3868582248687744
stytr2,00345,0.3949652314186096
stytr2,00346,0.3081979751586914
stytr2,00347,0.29606515169143677
stytr2,00348,0.3203098177909851
stytr2,00349,0.19359789788722992
stytr2,00350,0.09505677223205566
stytr2,00351,0.3526083528995514
stytr2,00352,0.2913462519645691
stytr2,00353,0.3430100679397583
stytr2,00354,0.2608371376991272
stytr2,00355,0.4447730779647827
stytr2,00356,0.4694932699203491
stytr2,00357,0.04154292121529579
stytr2,00358,0.15883557498455048
stytr2,00359,0.2319231629371643
stytr2,00360,0.4151614308357239
stytr2,00361,0.33229562640190125
stytr2,00362,0.22090046107769012
stytr2,00363,0.38369041681289673
stytr2,00364,0.4416187107563019
stytr2,00365,0.3793652057647705
stytr2,00366,0.3179921507835388
stytr2,00367,0.18438678979873657
stytr2,00368,0.2305477112531662
stytr2,00369,0.12882472574710846
stytr2,00370,0.1961672008037567
stytr2,00371,0.08930979669094086
stytr2,00372,0.3408116102218628
stytr2,00373,0.004836990498006344
stytr2,00374,0.4784379303455353
stytr2,00375,0.366272509098053
stytr2,00376,0.31737685203552246
stytr2,00377,0.35314375162124634
stytr2,00378,0.3156026005744934
stytr2,00379,0.18973594903945923
stytr2,00380,0.2510376572608948
stytr2,00381,0.23221634328365326
stytr2,00382,0.15732243657112122
stytr2,00383,0.38313430547714233
stytr2,00384,0.22520533204078674
stytr2,00385,0.5073712468147278
stytr2,00386,0.35492897033691406
stytr2,00387,0.3453786373138428
stytr2,00388,0.5041000843048096
stytr2,00389,0.3175443410873413
stytr2,00390,0.2327432930469513
stytr2,00391,0.23477831482887268
stytr2,00392,0.33327245712280273
stytr2,00393,0.2747705280780792
stytr2,00394,0.38491734862327576
stytr2,00395,0.3493494689464569
stytr2,00396,0.24921083450317383
stytr2,00397,0.392549991607666
stytr2,00398,0.3315931558609009
stytr2,00399,0.27318626642227173
stytr2,00400,0.3360298275947571
stytr2,00401,0.23763863742351532
stytr2,00402,0.20488306879997253
stytr2,00403,0.30035078525543213
stytr2,00404,0.34657055139541626
stytr2,00405,0.3261112868785858
stytr2,00406,0.21044276654720306
stytr2,00407,0.23579876124858856
stytr2,00408,0.570006251335144
stytr2,00409,0.5445376038551331
stytr2,00410,0.2816369831562042
stytr2,00411,0.09817726910114288
stytr2,00412,0.2059878706932068
stytr2,00413,0.4866158962249756
stytr2,00414,0.22549378871917725
stytr2,00415,0.37150657176971436
stytr2,00416,0.33851438760757446
stytr2,00417,0.3664553165435791
stytr2,00418,0.2502742409706116
stytr2,00419,0.21992209553718567
stytr2,00420,0.09696747362613678
stytr2,00421,0.2579195201396942
stytr2,00422,0.21069592237472534
stytr2,00423,0.3193660080432892
stytr2,00424,0.3938329517841339
stytr2,00425,0.24520395696163177
stytr2,00426,0.2619178295135498
stytr2,00427,0.16129469871520996
stytr2,00428,0.4044116139411926
stytr2,00429,0.3710699677467346
stytr2,00430,0.16149410605430603
stytr2,00431,0.3886220455169678
stytr2,00432,0.287838876247406
stytr2,00433,0.2288224846124649
stytr2,00434,0.360866904258728
stytr2,00435,0.3133453130722046
stytr2,00436,0.2474537342786789
stytr2,00437,0.17104148864746094
stytr2,00438,0.1955927312374115
stytr2,00439,0.13070650398731232
stytr2,00440,0.18952831625938416
stytr2,00441,0.2812269330024719
stytr2,00442,0.2323310673236847
stytr2,00443,0.5635867714881897
stytr2,00444,0.32133087515830994
stytr2,00445,0.5239831209182739
stytr2,00446,0.29453009366989136
stytr2,00447,0.3158944547176361
stytr2,00448,0.39666444063186646
stytr2,00449,0.4425102472305298
stytr2,00450,0.0962790995836258
stytr2,00451,0.23582491278648376
stytr2,00452,0.2174733579158783
stytr2,00453,0.16276609897613525
stytr2,00454,0.3319425880908966
stytr2,00455,0.19215604662895203
stytr2,00456,0.1420774608850479
stytr2,00457,0.3389946222305298
stytr2,00458,0.2120264321565628
stytr2,00459,0.3376442790031433
stytr2,00460,0.3699042499065399
stytr2,00461,0.2775181531906128
stytr2,00462,0.28386908769607544
stytr2,00463,0.34536534547805786
stytr2,00464,0.4038736820220947
stytr2,00465,0.2561264634132385
stytr2,00466,0.20463113486766815
stytr2,00467,0.4556380808353424
stytr2,00468,-0.07891135662794113
stytr2,00469,0.27686890959739685
stytr2,00470,0.20339377224445343
stytr2,00471,0.30618637800216675
stytr2,00472,0.09030570089817047
stytr2,00473,0.04459265246987343
stytr2,00474,0.23011156916618347
stytr2,00475,0.08101072162389755
stytr2,00476,0.5005942583084106
stytr2,00477,0.26252686977386475
stytr2,00478,0.3117577135562897
stytr2,00479,0.19667354226112366
stytr2,00480,0.05702321603894234
stytr2,00481,0.27898311614990234
stytr2,00482,0.39642226696014404
stytr2,00483,0.42374274134635925
stytr2,00484,0.48490750789642334
stytr2,00485,0.3838597536087036
stytr2,00486,0.2642275094985962
stytr2,00487,0.04038038104772568
stytr2,00488,0.013823026791214943
stytr2,00489,0.5556986331939697
stytr2,00490,0.09244608134031296
stytr2,00491,0.1714804321527481
stytr2,00492,0.49344775080680847
stytr2,00493,0.519250750541687
stytr2,00494,0.42672061920166016
stytr2,00495,0.32861214876174927
stytr2,00496,0.3795512318611145
stytr2,00497,0.08882912248373032
stytr2,00498,0.06260959059000015
stytr2,00499,0.32468485832214355
stytr2,00500,0.25645911693573
stytr2,00501,0.37946557998657227
stytr2,00502,0.2620781362056732
stytr2,00503,0.5183621644973755
stytr2,00504,0.5780390501022339
stytr2,00505,0.2253737449645996
stytr2,00506,0.4604240655899048
stytr2,00507,0.1528831422328949
stytr2,00508,0.24297447502613068
stytr2,00509,0.27030283212661743
stytr2,00510,0.3199393153190613
stytr2,00511,0.22362294793128967
stytr2,00512,0.29647108912467957
stytr2,00513,0.328696072101593
stytr2,00514,0.15384581685066223
stytr2,00515,0.2953317165374756
stytr2,00516,0.2157709300518036
stytr2,00517,0.2085978239774704
stytr2,00518,0.32821327447891235
stytr2,00519,0.15509530901908875
stytr2,00520,0.216250479221344
stytr2,00521,0.34286487102508545
stytr2,00522,0.3889297842979431
stytr2,00523,0.049562349915504456
stytr2,00524,0.3821970820426941
stytr2,00525,0.3627609610557556
stytr2,00526,0.19127771258354187
stytr2,00527,0.49088427424430847
stytr2,00528,0.39681535959243774
stytr2,00529,0.3238775134086609
stytr2,00530,0.3428055942058563
stytr2,00531,0.26705318689346313
stytr2,00532,0.10513219237327576
stytr2,00533,0.28076332807540894
stytr2,00534,0.2600048780441284
stytr2,00535,0.17306986451148987
stytr2,00536,0.28292661905288696
stytr2,00537,0.444627046585083
stytr2,00538,0.06522540003061295
stytr2,00539,0.10676714032888412
stytr2,00540,0.22990375757217407
stytr2,00541,0.46766653656959534
stytr2,00542,0.3620063066482544
stytr2,00543,0.503346860408783
stytr2,00544,0.16144052147865295
stytr2,00545,0.09442149847745895
stytr2,00546,0.3882598280906677
stytr2,00547,0.19882243871688843
stytr2,00548,0.326166033744812
stytr2,00549,0.4219687879085541
stytr2,00550,0.3106226921081543
stytr2,00551,0.25887221097946167
stytr2,00552,0.25016069412231445
stytr2,00553,0.5743412971496582
stytr2,00554,0.2898576855659485
stytr2,00555,0.3855755925178528
stytr2,00556,0.2683107256889343
stytr2,00557,0.1548595130443573
stytr2,00558,0.2185831367969513
stytr2,00559,0.21652673184871674
stytr2,00560,0.1756078153848648
stytr2,00561,0.4399360418319702
stytr2,00562,0.19096627831459045
stytr2,00563,0.2511579990386963
stytr2,00564,0.02137087658047676
stytr2,00565,0.2714982032775879
stytr2,00566,0.4654204249382019
stytr2,00567,0.2671065926551819
stytr2,00568,0.25308936834335327
stytr2,00569,0.2445734292268753
stytr2,00570,0.23842883110046387
stytr2,00571,0.23352479934692383
stytr2,00572,0.2986314594745636
stytr2,00573,0.374255895614624
stytr2,00574,0.3960132896900177
stytr2,00575,0.3711322844028473
stytr2,00576,0.19069983065128326
stytr2,00577,0.38071149587631226
stytr2,00578,0.2410801351070404
stytr2,00579,0.4972524642944336
stytr2,00580,0.22972242534160614
stytr2,00581,0.3684319257736206
stytr2,00582,0.3755703568458557
stytr2,00583,0.38427484035491943
stytr2,00584,0.08347713947296143
stytr2,00585,0.27028602361679077
stytr2,00586,0.3935847878456116
stytr2,00587,0.23041830956935883
stytr2,00588,0.31200993061065674
stytr2,00589,0.3009624481201172
stytr2,00590,0.21966618299484253
stytr2,00591,0.10726115107536316
stytr2,00592,0.4405108094215393
stytr2,00593,0.3633686304092407
stytr2,00594,0.1836707592010498
stytr2,00595,0.3554345965385437
stytr2,00596,0.1324915885925293
stytr2,00597,0.19988080859184265
stytr2,00598,0.30903875827789307
stytr2,00599,0.1616557240486145
stytr2,00600,0.2770416736602783
stytr2,00601,0.13761253654956818
stytr2,00602,0.4441130757331848
stytr2,00603,0.19360503554344177
stytr2,00604,0.3010815680027008
stytr2,00605,0.5488073825836182
stytr2,00606,0.3829774260520935
stytr2,00607,0.07578326761722565
stytr2,00608,0.11387030780315399
stytr2,00609,0.3329572081565857
stytr2,00610,0.25847452878952026
stytr2,00611,0.16741639375686646
stytr2,00612,0.3923611640930176
stytr2,00613,0.3253493309020996
stytr2,00614,0.476820170879364
stytr2,00615,0.17627926170825958
stytr2,00616,0.3218662142753601
stytr2,00617,0.3615194857120514
stytr2,00618,0.3914150893688202
stytr2,00619,0.2748262882232666
stytr2,00620,0.3797089159488678
stytr2,00621,0.3580729365348816
stytr2,00622,0.1028357446193695
stytr2,00623,0.24771082401275635
stytr2,00624,0.30861276388168335
stytr2,00625,0.35870811343193054
stytr2,00626,0.16466617584228516
stytr2,00627,0.35565418004989624
stytr2,00628,0.48874229192733765
stytr2,00629,0.4251793920993805
stytr2,00630,0.4540770947933197
stytr2,00631,0.25358137488365173
stytr2,00632,0.1260962039232254
stytr2,00633,0.11090691387653351
stytr2,00634,0.20643076300621033
stytr2,00635,0.4171639680862427
stytr2,00636,0.08582355827093124
stytr2,00637,0.1219002902507782
stytr2,00638,0.11244603991508484
stytr2,00639,0.10912059247493744
stytr2,00640,0.3119662404060364
stytr2,00641,0.5297502279281616
stytr2,00642,0.22317175567150116
stytr2,00643,0.318622887134552
stytr2,00644,0.3102658987045288
stytr2,00645,0.2513450086116791
stytr2,00646,0.2204807996749878
stytr2,00647,0.5189598202705383
stytr2,00648,0.396386981010437
stytr2,00649,0.2746068835258484
stytr2,00650,0.24884098768234253
stytr2,00651,0.23002858459949493
stytr2,00652,0.4298206865787506
stytr2,00653,0.13891060650348663
stytr2,00654,0.1982502043247223
stytr2,00655,0.1178557500243187
stytr2,00656,0.4023943841457367
stytr2,00657,0.36599501967430115
stytr2,00658,0.38335946202278137
stytr2,00659,0.44283825159072876
stytr2,00660,0.5567445755004883
stytr2,00661,0.2604656219482422
stytr2,00662,0.10203331708908081
stytr2,00663,0.3568340539932251
stytr2,00664,0.30698609352111816
stytr2,00665,0.37873131036758423
stytr2,00666,0.07480704039335251
stytr2,00667,0.2750195264816284
stytr2,00668,0.28719204664230347
stytr2,00669,0.1608113795518875
stytr2,00670,0.43151795864105225
stytr2,00671,0.1334490180015564
stytr2,00672,0.35318052768707275
stytr2,00673,0.22761160135269165
stytr2,00674,0.3690372109413147
stytr2,00675,0.22564919292926788
stytr2,00676,0.21594245731830597
stytr2,00677,0.3456989824771881
stytr2,00678,0.34001821279525757
stytr2,00679,0.36392033100128174
stytr2,00680,0.4408561587333679
stytr2,00681,0.2889532446861267
stytr2,00682,0.24494940042495728
stytr2,00683,0.21142713725566864
stytr2,00684,0.3530113101005554
stytr2,00685,0.30212026834487915
stytr2,00686,0.3629189729690552
stytr2,00687,0.4195072054862976
stytr2,00688,0.3215281665325165
stytr2,00689,0.3878084421157837
stytr2,00690,0.16795210540294647
stytr2,00691,0.2812352776527405
stytr2,00692,0.39222949743270874
stytr2,00693,0.19156113266944885
stytr2,00694,0.35502690076828003
stytr2,00695,0.12300621718168259
stytr2,00696,0.4334830343723297
stytr2,00697,0.3019109070301056
stytr2,00698,0.16100943088531494
stytr2,00699,0.35215261578559875
stytr2,00700,0.22423037886619568
stytr2,00701,0.12409745156764984
stytr2,00702,0.4126315712928772
stytr2,00703,0.46748611330986023
stytr2,00704,0.48897653818130493
stytr2,00705,0.1469709575176239
stytr2,00706,0.4782920479774475
stytr2,00707,0.2616788148880005
stytr2,00708,0.2154817283153534
stytr2,00709,0.35214024782180786
stytr2,00710,0.36297422647476196
stytr2,00711,0.4319847822189331
stytr2,00712,0.2569064497947693
stytr2,00713,0.6723424196243286
stytr2,00714,-0.0346774086356163
stytr2,00715,0.2227182686328888
stytr2,00716,0.36210501194000244
stytr2,00717,0.25539037585258484
stytr2,00718,0.37965208292007446
stytr2,00719,0.4267166256904602
stytr2,00720,0.35514384508132935
stytr2,00721,0.28980010747909546
stytr2,00722,0.3951295018196106
stytr2,00723,0.2802985608577728
stytr2,00724,0.27476030588150024
stytr2,00725,0.34003615379333496
stytr2,00726,0.06776528060436249
stytr2,00727,0.2402249276638031
stytr2,00728,0.3243924677371979
stytr2,00729,0.18007797002792358
stytr2,00730,0.22754120826721191
stytr2,00731,0.42645734548568726
stytr2,00732,0.2281312346458435
stytr2,00733,0.09960305690765381
stytr2,00734,0.1444057822227478
stytr2,00735,0.3952195644378662
stytr2,00736,0.3965866267681122
stytr2,00737,0.23964396119117737
stytr2,00738,0.3680427372455597
stytr2,00739,0.4572561979293823
stytr2,00740,0.25422653555870056
stytr2,00741,0.41837790608406067
stytr2,00742,0.5162182450294495
stytr2,00743,0.49454405903816223
stytr2,00744,0.25851067900657654
stytr2,00745,0.23809532821178436
stytr2,00746,0.600989818572998
stytr2,00747,0.3733029365539551
stytr2,00748,0.3137660026550293
stytr2,00749,0.2749166488647461
stytr2,00750,0.3455648720264435
stytr2,00751,0.12506574392318726
stytr2,00752,0.25672924518585205
stytr2,00753,0.28299862146377563
stytr2,00754,0.3451056480407715
stytr2,00755,0.36272889375686646
stytr2,00756,0.33186620473861694
stytr2,00757,0.25107643008232117
stytr2,00758,0.23920948803424835
stytr2,00759,0.19866085052490234
stytr2,00760,0.44121667742729187
stytr2,00761,0.21482029557228088
stytr2,00762,0.10417865216732025
stytr2,00763,0.172313392162323
stytr2,00764,0.522169828414917
stytr2,00765,0.3539152145385742
stytr2,00766,0.251956582069397
stytr2,00767,0.29290252923965454
stytr2,00768,0.43321117758750916
stytr2,00769,0.26313310861587524
stytr2,00770,0.16188973188400269
stytr2,00771,0.12932634353637695
stytr2,00772,0.411288857460022
stytr2,00773,0.17008578777313232
stytr2,00774,0.09258919954299927
stytr2,00775,0.23698052763938904
stytr2,00776,0.4442155957221985
stytr2,00777,0.2503507733345032
stytr2,00778,0.3060494065284729
stytr2,00779,0.3411179184913635
stytr2,00780,0.31076693534851074
stytr2,00781,0.2730153799057007
stytr2,00782,0.2097364068031311
stytr2,00783,0.5070368051528931
stytr2,00784,0.3856589198112488
stytr2,00785,0.4455861747264862
stytr2,00786,0.09952248632907867
stytr2,00787,0.2666148543357849
stytr2,00788,0.41824376583099365
stytr2,00789,0.33382248878479004
stytr2,00790,0.3169943690299988
stytr2,00791,0.6357095837593079
stytr2,00792,0.06731416285037994
stytr2,00793,0.30584922432899475
stytr2,00794,0.2257085144519806
stytr2,00795,0.35748153924942017
stytr2,00796,0.363140344619751
stytr2,00797,0.4347304403781891
stytr2,00798,0.2497948259115219
stytr2,00799,0.3918810188770294
stytr2,00800,0.22968384623527527
stytr2,00801,0.12174942344427109
stytr2,00802,0.15273955464363098
stytr2,00803,0.3833502531051636
stytr2,00804,0.1718755066394806
stytr2,00805,0.23553895950317383
stytr2,00806,0.2076205015182495
stytr2,00807,0.24264085292816162
stytr2,00808,0.5690937042236328
stytr2,00809,0.3543078303337097
stytr2,00810,0.12756700813770294
stytr2,00811,0.2492847591638565
stytr2,00812,0.21391929686069489
stytr2,00813,0.18161284923553467
stytr2,00814,0.2928864359855652
stytr2,00815,0.38327085971832275
stytr2,00816,0.09424114227294922
stytr2,00817,0.03898680955171585
stytr2,00818,0.22404231131076813
stytr2,00819,0.1608951985836029
stytr2,00820,0.4053635001182556
stytr2,00821,0.30167704820632935
stytr2,00822,0.3312600553035736
stytr2,00823,0.5286465287208557
stytr2,00824,0.4242505133152008
stytr2,00825,0.4618109464645386
stytr2,00826,0.26801395416259766
stytr2,00827,0.17588017880916595
stytr2,00828,0.10610958188772202
stytr2,00829,0.31113821268081665
stytr2,00830,0.42214131355285645
stytr2,00831,0.1009882241487503
stytr2,00832,0.4304857552051544
stytr2,00833,0.40867412090301514
stytr2,00834,0.2461792528629303
stytr2,00835,0.3439177870750427
stytr2,00836,0.4054470658302307
stytr2,00837,0.3664967119693756
stytr2,00838,0.17441155016422272
stytr2,00839,0.5880599021911621
stytr2,00840,0.34520208835601807
stytr2,00841,0.26948317885398865
stytr2,00842,0.2745928168296814
stytr2,00843,0.41608887910842896
stytr2,00844,0.29925990104675293
stytr2,00845,0.43708300590515137
stytr2,00846,0.5264153480529785
stytr2,00847,0.12967519462108612
stytr2,00848,0.21300649642944336
stytr2,00849,0.2729545831680298
stytr2,00850,0.10896599292755127
stytr2,00851,0.19806763529777527
stytr2,00852,0.24862131476402283
stytr2,00853,-0.010534088127315044
stytr2,00854,0.06657204777002335
stytr2,00855,0.1945502758026123
stytr2,00856,0.5201073884963989
stytr2,00857,0.21661120653152466
stytr2,00858,0.26265302300453186
stytr2,00859,0.09907692670822144
stytr2,00860,0.40087249875068665
stytr2,00861,0.20725864171981812
stytr2,00862,0.29023832082748413
stytr2,00863,0.21511803567409515
stytr2,00864,0.1598788946866989
stytr2,00865,0.3794821500778198
stytr2,00866,0.34589883685112
stytr2,00867,0.25707346200942993
stytr2,00868,0.286532461643219
stytr2,00869,0.27463746070861816
stytr2,00870,0.36946994066238403
stytr2,00871,0.17126190662384033
stytr2,00872,0.4256991446018219
stytr2,00873,0.27644699811935425
stytr2,00874,0.23843304812908173
stytr2,00875,0.3391636610031128
stytr2,00876,0.20428240299224854
stytr2,00877,0.5919456481933594
stytr2,00878,0.18925446271896362
stytr2,00879,0.3920426368713379
stytr2,00880,0.28900063037872314
stytr2,00881,0.4464690685272217
stytr2,00882,0.2882320284843445
stytr2,00883,0.1487199068069458
stytr2,00884,0.15371538698673248
stytr2,00885,0.2399928867816925
stytr2,00886,0.48033207654953003
stytr2,00887,0.1957506537437439
stytr2,00888,0.6776648759841919
stytr2,00889,0.4072388708591461
stytr2,00890,0.41453272104263306
stytr2,00891,0.30244362354278564
stytr2,00892,0.500771701335907
stytr2,00893,0.2768480181694031
stytr2,00894,0.20987112820148468
stytr2,00895,0.26592326164245605
stytr2,00896,0.3249574601650238
stytr2,00897,0.27629923820495605
stytr2,00898,0.302265465259552
stytr2,00899,0.25027498602867126
stytr2,00900,0.2292211949825287
stytr2,00901,0.5095899701118469
stytr2,00902,0.20877046883106232
stytr2,00903,0.20110273361206055
stytr2,00904,0.3218572437763214
stytr2,00905,0.18284639716148376
stytr2,00906,0.3688350319862366
stytr2,00907,0.24032104015350342
stytr2,00908,0.4470577836036682
stytr2,00909,0.2333700805902481
stytr2,00910,0.10330544412136078
stytr2,00911,0.11542278528213501
stytr2,00912,0.19558748602867126
stytr2,00913,0.10044585168361664
stytr2,00914,0.362497478723526
stytr2,00915,0.15774968266487122
stytr2,00916,0.15853306651115417
stytr2,00917,0.3571639060974121
stytr2,00918,0.4486008584499359
stytr2,00919,0.3375548720359802
stytr2,00920,0.23416155576705933
stytr2,00921,0.35071414709091187
stytr2,00922,0.22865068912506104
stytr2,00923,0.31745201349258423
stytr2,00924,0.2677888572216034
stytr2,00925,0.15780077874660492
stytr2,00926,0.20707982778549194
stytr2,00927,0.16339494287967682
stytr2,00928,0.25218626856803894
stytr2,00929,0.34079787135124207
stytr2,00930,0.3598705530166626
stytr2,00931,0.17450036108493805
stytr2,00932,0.19179676473140717
stytr2,00933,0.3313305377960205
stytr2,00934,0.34837669134140015
stytr2,00935,0.40447041392326355
stytr2,00936,0.5292752981185913
stytr2,00937,0.5313189625740051
stytr2,00938,0.3450532555580139
stytr2,00939,0.22317855060100555
stytr2,00940,0.3147524893283844
stytr2,00941,0.30611905455589294
stytr2,00942,0.15305781364440918
stytr2,00943,0.2051469385623932
stytr2,00944,0.2790524661540985
stytr2,00945,0.5852487683296204
stytr2,00946,0.1711808145046234
stytr2,00947,0.3407796621322632
stytr2,00948,0.15255263447761536
stytr2,00949,0.34387093782424927
stytr2,00950,0.3138331472873688
stytr2,00951,0.31851959228515625
stytr2,00952,0.44088736176490784
stytr2,00953,0.37972891330718994
stytr2,00954,0.3836500346660614
stytr2,00955,0.08588813990354538
stytr2,00956,0.2855932414531708
stytr2,00957,0.27947473526000977
stytr2,00958,0.33996063470840454
stytr2,00959,0.4782387912273407
stytr2,00960,0.17493677139282227
stytr2,00961,0.34672898054122925
stytr2,00962,0.3375251591205597
stytr2,00963,0.3337159752845764
stytr2,00964,0.1925065517425537
stytr2,00965,0.33698928356170654
stytr2,00966,0.2089453488588333
stytr2,00967,0.2143753319978714
stytr2,00968,0.1923542022705078
stytr2,00969,0.42037707567214966
stytr2,00970,0.33439400792121887
stytr2,00971,0.40320250391960144
stytr2,00972,0.2438110113143921
stytr2,00973,0.38351473212242126
stytr2,00974,0.06801048666238785
stytr2,00975,0.4259263575077057
stytr2,00976,0.2091517150402069
stytr2,00977,0.4629596173763275
stytr2,00978,0.06069040298461914
stytr2,00979,0.324485719203949
stytr2,00980,0.2612113654613495
stytr2,00981,0.4866188168525696
stytr2,00982,0.23440960049629211
stytr2,00983,0.43624961376190186
stytr2,00984,0.1245812177658081
stytr2,00985,0.26236146688461304
stytr2,00986,0.29818230867385864
stytr2,00987,0.057516686618328094
stytr2,00988,0.16984668374061584
stytr2,00989,0.21010509133338928
stytr2,00990,0.34371864795684814
stytr2,00991,0.34276387095451355
stytr2,00992,0.28001314401626587
stytr2,00993,0.25530821084976196
stytr2,00994,0.2137099951505661
stytr2,00995,0.2863842844963074
stytr2,00996,0.1313483715057373
stytr2,00997,0.24769654870033264
stytr2,00998,0.16312450170516968
stytr2,00999,0.08922909945249557
stytr2,01000,0.21944701671600342
stytr2,01001,0.2450806200504303
stytr2,01002,0.3149506449699402
stytr2,01003,0.5347081422805786
stytr2,01004,0.25746941566467285
stytr2,01005,0.40631991624832153
stytr2,01006,0.1304822564125061
stytr2,01007,0.21704256534576416
stytr2,01008,0.3356372117996216
stytr2,01009,0.09361177682876587
stytr2,01010,0.2530771493911743
stytr2,01011,0.28617388010025024
stytr2,01012,0.58546382188797
stytr2,01013,0.43096399307250977
stytr2,01014,0.04345186799764633
stytr2,01015,0.2521328330039978
stytr2,01016,0.4903911352157593
stytr2,01017,0.1134020984172821
stytr2,01018,0.3506370186805725
stytr2,01019,0.278159499168396
stytr2,01020,0.3119487166404724
stytr2,01021,0.22100886702537537
stytr2,01022,0.3999268412590027
stytr2,01023,0.19690722227096558
stytr2,01024,0.23311105370521545
stytr2,01025,0.39200878143310547
stytr2,01026,0.3695017695426941
stytr2,01027,0.18184822797775269
stytr2,01028,0.20353704690933228
stytr2,01029,0.07974086701869965
stytr2,01030,0.24694941937923431
stytr2,01031,0.3797356188297272
stytr2,01032,0.43297338485717773
stytr2,01033,0.5758138298988342
stytr2,01034,0.3038244843482971
stytr2,01035,0.27455735206604004
stytr2,01036,0.4680161476135254
stytr2,01037,0.1985921561717987
stytr2,01038,0.2969874143600464
stytr2,01039,0.2551887631416321
stytr2,01040,0.42164307832717896
stytr2,01041,0.3082249164581299
stytr2,01042,0.3942239284515381
stytr2,01043,0.30020076036453247
stytr2,01044,-0.004193495959043503
stytr2,01045,0.42651477456092834
stytr2,01046,0.24279716610908508
stytr2,01047,0.4630776643753052
stytr2,01048,0.17522284388542175
stytr2,01049,0.4765283465385437
stytr2,01050,0.34842628240585327
stytr2,01051,0.11834867298603058
stytr2,01052,0.2581123113632202
stytr2,01053,0.4234486222267151
stytr2,01054,0.3839149475097656
stytr2,01055,0.24426774680614471
stytr2,01056,0.35660097002983093
stytr2,01057,0.2680225968360901
stytr2,01058,0.115216925740242
stytr2,01059,0.18307620286941528
stytr2,01060,0.20826587080955505
stytr2,01061,0.29656222462654114
stytr2,01062,0.3254590630531311
stytr2,01063,0.33947470784187317
stytr2,01064,0.6143332719802856
stytr2,01065,0.44769221544265747
stytr2,01066,0.25291794538497925
stytr2,01067,0.20106491446495056
stytr2,01068,0.16007062792778015
stytr2,01069,0.3841034471988678
stytr2,01070,0.3956705927848816
stytr2,01071,0.4091469943523407
stytr2,01072,0.16703486442565918
stytr2,01073,0.15275371074676514
stytr2,01074,0.4617854952812195
stytr2,01075,0.27054524421691895
stytr2,01076,0.26497238874435425
stytr2,01077,0.2512737512588501
stytr2,01078,0.17958971858024597
stytr2,01079,0.20467127859592438
stytr2,01080,0.40092071890830994
stytr2,01081,0.5326001644134521
stytr2,01082,0.21666114032268524
stytr2,01083,0.4709070920944214
stytr2,01084,0.23420272767543793
stytr2,01085,0.3972776532173157
stytr2,01086,0.5158156156539917
stytr2,01087,0.3162310719490051
stytr2,01088,0.14699986577033997
stytr2,01089,0.46309778094291687
stytr2,01090,0.2526618242263794
stytr2,01091,0.2518411874771118
stytr2,01092,0.28036734461784363
stytr2,01093,0.3136139512062073
stytr2,01094,0.1415846347808838
stytr2,01095,0.5076280832290649
stytr2,01096,0.19563743472099304
stytr2,01097,0.6282658576965332
stytr2,01098,0.3284304738044739
stytr2,01099,0.17522096633911133
stytr2,01100,0.3386213779449463
stytr2,01101,0.09516832232475281
stytr2,01102,0.324039101600647
stytr2,01103,0.4192918837070465
stytr2,01104,0.11481831967830658
stytr2,01105,0.3425297737121582
stytr2,01106,0.2952049970626831
stytr2,01107,0.22904330492019653
stytr2,01108,0.17187181115150452
stytr2,01109,0.3801620304584503
stytr2,01110,0.29745227098464966
stytr2,01111,0.25030064582824707
stytr2,01112,0.18925563991069794
stytr2,01113,0.05704164877533913
stytr2,01114,0.17107276618480682
stytr2,01115,0.25834521651268005
stytr2,01116,0.2248399704694748
stytr2,01117,0.40259450674057007
stytr2,01118,0.23851367831230164
stytr2,01119,0.46850186586380005
stytr2,01120,0.5297311544418335
stytr2,01121,0.15095150470733643
stytr2,01122,0.30855417251586914
stytr2,01123,0.384452760219574
stytr2,01124,0.25616371631622314
stytr2,01125,0.3966275453567505
stytr2,01126,0.10333898663520813
stytr2,01127,0.44918787479400635
stytr2,01128,0.19800284504890442
stytr2,01129,0.2592135965824127
stytr2,01130,0.2148531675338745
stytr2,01131,0.24236568808555603
stytr2,01132,0.4196014404296875
stytr2,01133,0.27175822854042053
stytr2,01134,0.17142629623413086
stytr2,01135,0.23890037834644318
stytr2,01136,0.2117275446653366
stytr2,01137,0.2032763510942459
stytr2,01138,0.19415652751922607
stytr2,01139,0.20963814854621887
stytr2,01140,0.2717806398868561
stytr2,01141,0.40187516808509827
stytr2,01142,0.40088576078414917
stytr2,01143,0.305439829826355
stytr2,01144,0.41391199827194214
stytr2,01145,0.10695411264896393
stytr2,01146,0.5925909280776978
stytr2,01147,0.36262232065200806
stytr2,01148,0.07504779100418091
stytr2,01149,0.34071654081344604
stytr2,01150,0.1093306764960289
stytr2,01151,0.3057318329811096
stytr2,01152,0.23518623411655426
stytr2,01153,0.17171472311019897
stytr2,01154,0.3443812131881714
stytr2,01155,0.34835273027420044
stytr2,01156,0.5255798101425171
stytr2,01157,0.09995346516370773
stytr2,01158,0.35898372530937195
stytr2,01159,0.22163808345794678
stytr2,01160,0.576135516166687
stytr2,01161,0.3163042962551117
stytr2,01162,-0.015529818832874298
stytr2,01163,0.19718976318836212
stytr2,01164,0.47311800718307495
stytr2,01165,0.23676864802837372
stytr2,01166,0.3961353003978729
stytr2,01167,0.2976547181606293
stytr2,01168,0.4483968913555145
stytr2,01169,0.20267608761787415
stytr2,01170,0.28245532512664795
stytr2,01171,0.15355871617794037
stytr2,01172,0.14283105731010437
stytr2,01173,0.26720455288887024
stytr2,01174,0.47892630100250244
stytr2,01175,0.10594508796930313
stytr2,01176,0.2298094928264618
stytr2,01177,0.22443349659442902
stytr2,01178,0.4944060444831848
stytr2,01179,0.4857324957847595
stytr2,01180,0.30251792073249817
stytr2,01181,0.22104257345199585
stytr2,01182,0.32668620347976685
stytr2,01183,0.08067561686038971
stytr2,01184,0.07996249198913574
stytr2,01185,0.17786113917827606
stytr2,01186,0.31827297806739807
stytr2,01187,0.09441279619932175
stytr2,01188,0.21971000730991364
stytr2,01189,0.11060460656881332
stytr2,01190,0.2321355938911438
stytr2,01191,0.31813961267471313
stytr2,01192,0.21706143021583557
stytr2,01193,0.3832263946533203
stytr2,01194,0.502216637134552
stytr2,01195,0.4152481257915497
stytr2,01196,0.2997395992279053
stytr2,01197,0.16306787729263306
stytr2,01198,0.2443004846572876
stytr2,01199,0.3305344581604004
stytr2,01200,0.13423079252243042
stytr2,01201,0.29242780804634094
stytr2,01202,0.42437905073165894
stytr2,01203,0.4089154005050659
stytr2,01204,0.2604547142982483
stytr2,01205,0.22215217351913452
stytr2,01206,0.3008061647415161
stytr2,01207,0.5795600414276123
stytr2,01208,0.4649655818939209
stytr2,01209,0.3909066319465637
stytr2,01210,0.3656300902366638
stytr2,01211,0.22187115252017975
stytr2,01212,0.2533702552318573
stytr2,01213,0.38266828656196594
stytr2,01214,0.22338247299194336
stytr2,01215,0.11380165815353394
stytr2,01216,0.5243067741394043
stytr2,01217,0.2709612250328064
stytr2,01218,0.3892422616481781
stytr2,01219,0.3847936987876892
stytr2,01220,0.32668793201446533
stytr2,01221,0.3102656900882721
stytr2,01222,0.28476399183273315
stytr2,01223,0.4658198952674866
stytr2,01224,0.20818059146404266
stytr2,01225,0.26381516456604004
stytr2,01226,0.2752887010574341
stytr2,01227,0.1085985079407692
stytr2,01228,0.2893378734588623
stytr2,01229,0.5106081962585449
stytr2,01230,0.2300865203142166
stytr2,01231,0.20248198509216309
stytr2,01232,0.26572197675704956
stytr2,01233,0.27811336517333984
stytr2,01234,0.34256911277770996
stytr2,01235,0.2955029308795929
stytr2,01236,0.30314719676971436
stytr2,01237,0.2862049341201782
stytr2,01238,0.17702728509902954
stytr2,01239,0.25125253200531006
stytr2,01240,0.361427366733551
stytr2,01241,0.4673313796520233
stytr2,01242,0.1932355761528015
stytr2,01243,0.2389141321182251
stytr2,01244,0.1382541060447693
stytr2,01245,0.3962932527065277
stytr2,01246,0.2734169065952301
stytr2,01247,0.5504849553108215
stytr2,01248,0.07679549604654312
stytr2,01249,0.08594314754009247
stytr2,01250,0.23628100752830505
stytr2,01251,0.37560340762138367
stytr2,01252,0.3190351724624634
stytr2,01253,0.23627325892448425
stytr2,01254,0.39443862438201904
stytr2,01255,0.26461678743362427
stytr2,01256,0.22397476434707642
stytr2,01257,0.1288744956254959
stytr2,01258,0.06795643270015717
stytr2,01259,0.19195017218589783
stytr2,01260,0.15845449268817902
stytr2,01261,0.36217671632766724
stytr2,01262,0.1043817400932312
stytr2,01263,0.3591776490211487
stytr2,01264,0.4075610339641571
stytr2,01265,0.4203558564186096
stytr2,01266,0.30613386631011963
stytr2,01267,0.2540539801120758
stytr2,01268,0.6565201282501221
stytr2,01269,0.40185028314590454
stytr2,01270,0.27725812792778015
stytr2,01271,0.4231760501861572
stytr2,01272,0.38330236077308655
stytr2,01273,0.34744489192962646
stytr2,01274,0.41538965702056885
stytr2,01275,0.42304277420043945
stytr2,01276,0.4713492691516876
stytr2,01277,0.5323255062103271
stytr2,01278,0.13742972910404205
stytr2,01279,0.5666855573654175
stytr2,01280,0.23593303561210632
stytr2,01281,0.48840320110321045
stytr2,01282,0.3772616982460022
stytr2,01283,0.3039042353630066
stytr2,01284,0.14165572822093964
stytr2,01285,0.18723194301128387
stytr2,01286,0.43651556968688965
stytr2,01287,0.43536823987960815
stytr2,01288,0.37551137804985046
stytr2,01289,0.16739773750305176
stytr2,01290,0.29333242774009705
stytr2,01291,0.40056419372558594
stytr2,01292,0.4345238506793976
stytr2,01293,0.5030621886253357
stytr2,01294,0.2521302103996277
stytr2,01295,0.3147985339164734
stytr2,01296,0.23091265559196472
stytr2,01297,0.5926244258880615
stytr2,01298,0.39545872807502747
stytr2,01299,0.2701859474182129
stytr2,01300,0.3571844696998596
stytr2,01301,0.4704097509384155
stytr2,01302,0.1669923961162567
stytr2,01303,0.2827182114124298
stytr2,01304,0.3302130699157715
stytr2,01305,0.22522537410259247
stytr2,01306,0.43983468413352966
stytr2,01307,0.2632297873497009
stytr2,01308,0.36360079050064087
stytr2,01309,0.46070706844329834
stytr2,01310,0.35662031173706055
stytr2,01311,0.28874605894088745
stytr2,01312,0.1714036762714386
stytr2,01313,0.08458752930164337
stytr2,01314,0.3234918713569641
stytr2,01315,0.4060606062412262
stytr2,01316,0.24006834626197815
stytr2,01317,0.22885383665561676
stytr2,01318,0.20533603429794312
stytr2,01319,0.19192983210086823
stytr2,01320,0.19998162984848022
stytr2,01321,0.35959863662719727
stytr2,01322,0.20501166582107544
stytr2,01323,0.17955224215984344
stytr2,01324,0.13685333728790283
stytr2,01325,0.15345242619514465
stytr2,01326,0.32728567719459534
stytr2,01327,0.20680013298988342
stytr2,01328,0.25048527121543884
stytr2,01329,0.3961360454559326
stytr2,01330,0.0966322049498558
stytr2,01331,0.4065696597099304
stytr2,01332,0.22218933701515198
stytr2,01333,0.34532660245895386
stytr2,01334,0.37701255083084106
stytr2,01335,0.4814918041229248
stytr2,01336,0.45508185029029846
stytr2,01337,0.32306596636772156
stytr2,01338,0.33592110872268677
stytr2,01339,0.014349672012031078
stytr2,01340,0.42007726430892944
stytr2,01341,0.2834716737270355
stytr2,01342,0.5123381614685059
stytr2,01343,0.06857936829328537
stytr2,01344,0.23476068675518036
stytr2,01345,0.32900553941726685
stytr2,01346,0.20863699913024902
stytr2,01347,0.1738101840019226
stytr2,01348,0.27406948804855347
stytr2,01349,0.29982540011405945
stytr2,01350,0.23217859864234924
stytr2,01351,0.2921445071697235
stytr2,01352,0.22797071933746338
stytr2,01353,0.2045733481645584
stytr2,01354,0.3483484983444214
stytr2,01355,0.25414711236953735
stytr2,01356,0.2627697288990021
stytr2,01357,0.13847383856773376
stytr2,01358,0.20659440755844116
stytr2,01359,0.17060953378677368
stytr2,01360,0.1481916606426239
stytr2,01361,0.2526479959487915
stytr2,01362,0.27480804920196533
stytr2,01363,0.15013942122459412
stytr2,01364,0.16457191109657288
stytr2,01365,0.22924625873565674
stytr2,01366,0.36244869232177734
stytr2,01367,0.278729110956192
stytr2,01368,0.48697152733802795
stytr2,01369,0.2416321337223053
stytr2,01370,0.3204090893268585
stytr2,01371,0.32014626264572144
stytr2,01372,0.15683317184448242
stytr2,01373,0.37414467334747314
stytr2,01374,0.3494499921798706
stytr2,01375,0.47137370705604553
stytr2,01376,0.5808398723602295
stytr2,01377,0.2298804372549057
stytr2,01378,0.2719413638114929
stytr2,01379,0.2407235950231552
stytr2,01380,0.3983016610145569
stytr2,01381,0.29145750403404236
stytr2,01382,0.49051666259765625
stytr2,01383,0.12975050508975983
stytr2,01384,0.16918182373046875
stytr2,01385,0.18416789174079895
stytr2,01386,0.18385963141918182
stytr2,01387,0.4477289021015167
stytr2,01388,0.3593882918357849
stytr2,01389,0.3431641757488251
stytr2,01390,0.27211707830429077
stytr2,01391,0.3794769048690796
stytr2,01392,0.2631493806838989
stytr2,01393,0.3786921203136444
stytr2,01394,0.5754977464675903
stytr2,01395,0.5110903978347778
stytr2,01396,0.22788380086421967
stytr2,01397,0.3449556827545166
stytr2,01398,0.19422894716262817
stytr2,01399,0.16098979115486145
stytr2,01400,0.29288941621780396
stytr2,01401,0.0938389003276825
stytr2,01402,0.4855070114135742
stytr2,01403,0.3395898640155792
stytr2,01404,0.1805494725704193
stytr2,01405,0.2810872793197632
stytr2,01406,0.15030178427696228
stytr2,01407,0.26974260807037354
stytr2,01408,0.2827293574810028
stytr2,01409,0.2435380220413208
stytr2,01410,0.40295159816741943
stytr2,01411,0.26906242966651917
stytr2,01412,0.28599512577056885
stytr2,01413,0.46788331866264343
stytr2,01414,0.24754950404167175
stytr2,01415,0.2970234453678131
stytr2,01416,0.23656895756721497
stytr2,01417,0.2550780475139618
stytr2,01418,0.4195164740085602
stytr2,01419,0.3837960660457611
stytr2,01420,0.183696448802948
stytr2,01421,0.15678323805332184
stytr2,01422,0.3457094430923462
stytr2,01423,0.19946712255477905
stytr2,01424,0.25022202730178833
stytr2,01425,0.24219541251659393
stytr2,01426,0.09186699241399765
stytr2,01427,0.276619017124176
stytr2,01428,0.38697579503059387
stytr2,01429,0.2877897620201111
stytr2,01430,0.18339280784130096
stytr2,01431,0.4422045648097992
stytr2,01432,0.24295416474342346
stytr2,01433,0.35387879610061646
stytr2,01434,0.3275987207889557
stytr2,01435,0.3948507308959961
stytr2,01436,0.13643957674503326
stytr2,01437,0.36817315220832825
stytr2,01438,0.37870901823043823
stytr2,01439,0.392108291387558
stytr2,01440,0.4573771059513092
stytr2,01441,0.3261561393737793
stytr2,01442,0.15772302448749542
stytr2,01443,0.18693551421165466
stytr2,01444,0.365682989358902
stytr2,01445,0.3263345956802368
stytr2,01446,0.36262887716293335
stytr2,01447,0.3497890830039978
stytr2,01448,0.3986082077026367
stytr2,01449,0.4469289481639862
stytr2,01450,0.25808972120285034
stytr2,01451,0.167458176612854
stytr2,01452,0.17695210874080658
stytr2,01453,0.14764025807380676
stytr2,01454,0.28474006056785583
stytr2,01455,0.18713632225990295
stytr2,01456,0.1552950143814087
stytr2,01457,0.3685513734817505
stytr2,01458,0.28100013732910156
stytr2,01459,0.405922532081604
stytr2,01460,0.030220359563827515
stytr2,01461,0.5855936408042908
stytr2,01462,0.4282096028327942
stytr2,01463,0.41514939069747925
stytr2,01464,0.1544410139322281
stytr2,01465,0.3879687190055847
stytr2,01466,0.485754132270813
stytr2,01467,0.43004027009010315
stytr2,01468,0.11833463609218597
stytr2,01469,0.11382874101400375
stytr2,01470,0.33612629771232605
stytr2,01471,0.3135053217411041
stytr2,01472,0.4283979535102844
stytr2,01473,0.39604562520980835
stytr2,01474,0.33027270436286926
stytr2,01475,0.41365861892700195
stytr2,01476,0.26538509130477905
stytr2,01477,0.3900943994522095
stytr2,01478,0.3740536570549011
stytr2,01479,0.39038726687431335
stytr2,01480,0.4402562379837036
stytr2,01481,0.3463706970214844
stytr2,01482,0.4322572648525238
stytr2,01483,0.1984955370426178
stytr2,01484,0.442338764667511
stytr2,01485,0.29504281282424927
stytr2,01486,0.3649255633354187
stytr2,01487,0.37477532029151917
stytr2,01488,0.2650980055332184
stytr2,01489,0.27211469411849976
stytr2,01490,0.008960086852312088
stytr2,01491,0.5103949904441833
stytr2,01492,0.18326419591903687
stytr2,01493,0.2093280702829361
stytr2,01494,0.32024604082107544
stytr2,01495,0.16454127430915833
stytr2,01496,0.31036576628685
stytr2,01497,0.38538533449172974
stytr2,01498,0.18184906244277954
stytr2,01499,0.14670619368553162
stytr2,01500,0.4779340922832489
stytr2,01501,0.22747671604156494
stytr2,01502,0.27611127495765686
stytr2,01503,0.35912349820137024
stytr2,01504,0.336475133895874
stytr2,01505,0.26002874970436096
stytr2,01506,0.4703456163406372
stytr2,01507,0.23401182889938354
stytr2,01508,0.26855549216270447
stytr2,01509,0.3065842390060425
stytr2,01510,0.26006880402565
stytr2,01511,0.32601267099380493
stytr2,01512,0.20653754472732544
stytr2,01513,0.4581811726093292
stytr2,01514,0.09062349796295166
stytr2,01515,0.0990753024816513
stytr2,01516,0.22921881079673767
stytr2,01517,0.3161971867084503
stytr2,01518,0.3625950217247009
stytr2,01519,0.10433249175548553
stytr2,01520,0.259620726108551
stytr2,01521,0.2513037323951721
stytr2,01522,0.31570935249328613
stytr2,01523,0.42409712076187134
stytr2,01524,0.3709462285041809
stytr2,01525,0.39518359303474426
stytr2,01526,0.45384925603866577
stytr2,01527,0.4018450975418091
stytr2,01528,0.22843798995018005
stytr2,01529,0.033678483217954636
stytr2,01530,0.32057416439056396
stytr2,01531,0.2446543574333191
stytr2,01532,0.5326274633407593
stytr2,01533,0.32094043493270874
stytr2,01534,0.2180621176958084
stytr2,01535,0.5451630353927612
stytr2,01536,0.3826752305030823
stytr2,01537,0.017864834517240524
stytr2,01538,0.3053221106529236
stytr2,01539,0.1428237408399582
stytr2,01540,0.42677825689315796
stytr2,01541,0.45707371830940247
stytr2,01542,0.256626695394516
stytr2,01543,0.3303765654563904
stytr2,01544,-0.011554419994354248
stytr2,01545,0.27030104398727417
stytr2,01546,0.3080670237541199
stytr2,01547,0.12464572489261627
stytr2,01548,0.360714316368103
stytr2,01549,0.3566017746925354
stytr2,01550,0.2863374948501587
stytr2,01551,0.16831183433532715
stytr2,01552,0.4461699426174164
stytr2,01553,0.5214239358901978
stytr2,01554,0.1254667043685913
stytr2,01555,0.31256037950515747
stytr2,01556,0.43197476863861084
stytr2,01557,0.2658390998840332
stytr2,01558,0.29396316409111023
stytr2,01559,0.33357322216033936
stytr2,01560,0.2755400240421295
stytr2,01561,0.4568074941635132
stytr2,01562,0.3445013165473938
stytr2,01563,0.3062841296195984
stytr2,01564,0.27970051765441895
stytr2,01565,0.15309317409992218
stytr2,01566,0.2526125907897949
stytr2,01567,0.33948343992233276
stytr2,01568,0.23856911063194275
stytr2,01569,0.4768831431865692
stytr2,01570,0.5374768376350403
stytr2,01571,0.2522056996822357
stytr2,01572,0.2657349705696106
stytr2,01573,0.41009336709976196
stytr2,01574,0.5164196491241455
stytr2,01575,0.18932554125785828
stytr2,01576,0.18747657537460327
stytr2,01577,0.4664493203163147
stytr2,01578,0.1435697078704834
stytr2,01579,0.23746584355831146
stytr2,01580,0.4259912669658661
stytr2,01581,0.08493563532829285
stytr2,01582,0.3966406583786011
stytr2,01583,0.14036943018436432
stytr2,01584,0.1520361602306366
stytr2,01585,0.237372487783432
stytr2,01586,0.412861704826355
stytr2,01587,0.15365400910377502
stytr2,01588,0.1560504138469696
stytr2,01589,0.11351260542869568
stytr2,01590,0.18521448969841003
stytr2,01591,0.38009634613990784
stytr2,01592,0.5641065835952759
stytr2,01593,0.3514297306537628
stytr2,01594,0.1906713843345642
stytr2,01595,0.2727312445640564
stytr2,01596,0.24791331589221954
stytr2,01597,0.28723716735839844
stytr2,01598,0.35436394810676575
stytr2,01599,0.2210923433303833
stytr2,01600,0.4397123456001282
stytr2,01601,0.49612122774124146
stytr2,01602,0.14090752601623535
stytr2,01603,0.39080560207366943
stytr2,01604,0.21565449237823486
stytr2,01605,0.3006761968135834
stytr2,01606,0.27950531244277954
stytr2,01607,0.33322426676750183
stytr2,01608,0.06412602961063385
stytr2,01609,0.16607844829559326
stytr2,01610,0.5842776298522949
stytr2,01611,0.4000095725059509
stytr2,01612,0.4269578456878662
stytr2,01613,0.260928213596344
stytr2,01614,0.3007967174053192
stytr2,01615,0.3449347913265228
stytr2,01616,0.24630165100097656
stytr2,01617,0.3216000497341156
stytr2,01618,0.441308856010437
stytr2,01619,0.33345937728881836
stytr2,01620,0.3540077209472656
stytr2,01621,0.27046698331832886
stytr2,01622,0.23918312788009644
stytr2,01623,0.5341285467147827
stytr2,01624,0.6161177754402161
stytr2,01625,0.33047986030578613
stytr2,01626,0.3505431115627289
stytr2,01627,0.16256363689899445
stytr2,01628,0.30083155632019043
stytr2,01629,0.20405349135398865
stytr2,01630,0.25384610891342163
stytr2,01631,0.2508547306060791
stytr2,01632,0.33346253633499146
stytr2,01633,0.2654825448989868
stytr2,01634,0.5000074505805969
stytr2,01635,0.5127953290939331
stytr2,01636,0.2631942629814148
stytr2,01637,0.4137330651283264
stytr2,01638,0.4732826054096222
stytr2,01639,0.04578360915184021
stytr2,01640,0.491111695766449
stytr2,01641,0.269920289516449
stytr2,01642,0.2709798812866211
stytr2,01643,0.3945770263671875
stytr2,01644,0.32258808612823486
stytr2,01645,0.36407893896102905
stytr2,01646,0.3667669892311096
stytr2,01647,0.44446271657943726
stytr2,01648,0.26230359077453613
stytr2,01649,0.32623469829559326
stytr2,01650,0.1991499960422516
stytr2,01651,0.30034756660461426
stytr2,01652,0.24737370014190674
stytr2,01653,0.30288219451904297
stytr2,01654,0.3399043083190918
stytr2,01655,0.6195942163467407
stytr2,01656,0.2353762835264206
stytr2,01657,0.4485549032688141
stytr2,01658,0.16972777247428894
stytr2,01659,0.24531680345535278
stytr2,01660,0.2772102653980255
stytr2,01661,0.2974129617214203
stytr2,01662,0.5483810901641846
stytr2,01663,0.20563608407974243
stytr2,01664,0.328235924243927
stytr2,01665,0.5175590515136719
stytr2,01666,0.42306384444236755
stytr2,01667,0.28378725051879883
stytr2,01668,0.22527483105659485
stytr2,01669,0.2795618176460266
stytr2,01670,0.45994246006011963
stytr2,01671,0.16039827466011047
stytr2,01672,0.15674328804016113
stytr2,01673,0.39204469323158264
stytr2,01674,0.40421977639198303
stytr2,01675,0.33779144287109375
stytr2,01676,0.4601544439792633
stytr2,01677,0.3612235188484192
stytr2,01678,0.4099136292934418
stytr2,01679,0.3829857110977173
stytr2,01680,0.3595274090766907
stytr2,01681,0.2519743740558624
stytr2,01682,0.24256756901741028
stytr2,01683,0.3054153323173523
stytr2,01684,0.1132112666964531
stytr2,01685,0.13670721650123596
stytr2,01686,0.21835657954216003
stytr2,01687,0.3899851441383362
stytr2,01688,0.32899951934814453
stytr2,01689,0.4133412837982178
stytr2,01690,0.32728448510169983
stytr2,01691,0.26062414050102234
stytr2,01692,0.3087885081768036
stytr2,01693,0.3884875178337097
stytr2,01694,0.18420831859111786
stytr2,01695,0.2762310802936554
stytr2,01696,0.17863711714744568
stytr2,01697,0.36325603723526
stytr2,01698,0.22182315587997437
stytr2,01699,0.38578179478645325
stytr2,01700,0.12656353414058685
stytr2,01701,0.19656091928482056
stytr2,01702,0.19346946477890015
stytr2,01703,0.31601279973983765
stytr2,01704,0.18160861730575562
stytr2,01705,0.2133629322052002
stytr2,01706,0.28298628330230713
stytr2,01707,0.21269075572490692
stytr2,01708,0.1501273512840271
stytr2,01709,0.195742666721344
stytr2,01710,0.3950289487838745
stytr2,01711,0.31830158829689026
stytr2,01712,0.6775457262992859
stytr2,01713,0.17978337407112122
stytr2,01714,0.2315072864294052
stytr2,01715,0.47653818130493164
stytr2,01716,0.4767712652683258
stytr2,01717,0.3037768006324768
stytr2,01718,0.1921461522579193
stytr2,01719,0.23412811756134033
stytr2,01720,0.4572594165802002
stytr2,01721,0.4004638195037842
stytr2,01722,0.05438270419836044
stytr2,01723,0.4726700782775879
stytr2,01724,0.27975931763648987
stytr2,01725,0.3152778148651123
stytr2,01726,0.34336209297180176
stytr2,01727,0.12183893471956253
stytr2,01728,0.4115290641784668
stytr2,01729,0.465392529964447
stytr2,01730,0.27893686294555664
stytr2,01731,0.2802077829837799
stytr2,01732,0.31227293610572815
stytr2,01733,0.12773704528808594
stytr2,01734,0.30152782797813416
stytr2,01735,0.2662656307220459
stytr2,01736,0.29139214754104614
stytr2,01737,0.22519095242023468
stytr2,01738,0.19047433137893677
stytr2,01739,0.25527331233024597
stytr2,01740,0.31575900316238403
stytr2,01741,0.3339904546737671
stytr2,01742,0.35974863171577454
stytr2,01743,0.31034934520721436
stytr2,01744,0.1685461401939392
stytr2,01745,0.4400790333747864
stytr2,01746,0.2186668962240219
stytr2,01747,0.42952272295951843
stytr2,01748,0.30289310216903687
stytr2,01749,0.285797119140625
stytr2,01750,0.31249314546585083
stytr2,01751,0.37320685386657715
stytr2,01752,0.43471959233283997
stytr2,01753,0.33823972940444946
stytr2,01754,0.26345905661582947
stytr2,01755,0.3145132064819336
stytr2,01756,0.2543213963508606
stytr2,01757,0.30372941493988037
stytr2,01758,0.100248783826828
stytr2,01759,0.25568902492523193
stytr2,01760,0.47132688760757446
stytr2,01761,0.4425990581512451
stytr2,01762,0.3517896234989166
stytr2,01763,0.26393792033195496
stytr2,01764,0.33830612897872925
stytr2,01765,0.25042739510536194
stytr2,01766,0.4461096525192261
stytr2,01767,0.38775092363357544
stytr2,01768,0.4709645211696625
stytr2,01769,0.4272882640361786
stytr2,01770,0.2951054573059082
stytr2,01771,0.32494044303894043
stytr2,01772,0.14400695264339447
stytr2,01773,0.45469358563423157
stytr2,01774,0.21142452955245972
stytr2,01775,0.4346214234828949
stytr2,01776,0.20052942633628845
stytr2,01777,0.36957624554634094
stytr2,01778,0.2529107928276062
stytr2,01779,0.45072606205940247
stytr2,01780,0.4480631351470947
stytr2,01781,0.33199256658554077
stytr2,01782,0.2556837797164917
stytr2,01783,0.5618493556976318
stytr2,01784,0.3117787837982178
stytr2,01785,0.38939356803894043
stytr2,01786,0.31229937076568604
stytr2,01787,0.5434197783470154
stytr2,01788,0.3194236755371094
stytr2,01789,0.5359683036804199
stytr2,01790,0.29716551303863525
stytr2,01791,0.22848647832870483
stytr2,01792,0.233740895986557
stytr2,01793,0.17659610509872437
stytr2,01794,0.46002519130706787
stytr2,01795,0.45552706718444824
stytr2,01796,0.40083789825439453
stytr2,01797,0.30871328711509705
stytr2,01798,0.37665224075317383
stytr2,01799,0.35790878534317017
stytr2,01800,0.3145638108253479
stytr2,01801,0.31046056747436523
stytr2,01802,0.28355419635772705
stytr2,01803,0.30655044317245483
stytr2,01804,0.14190155267715454
stytr2,01805,0.4116639196872711
stytr2,01806,0.10387268662452698
stytr2,01807,0.2615954279899597
stytr2,01808,0.18506041169166565
stytr2,01809,0.25478458404541016
stytr2,01810,0.36920928955078125
stytr2,01811,0.3103126585483551
stytr2,01812,0.3453925848007202
stytr2,01813,0.15923652052879333
stytr2,01814,0.1845877766609192
stytr2,01815,0.24440690875053406
stytr2,01816,0.47549736499786377
stytr2,01817,0.28144732117652893
stytr2,01818,0.21154186129570007
stytr2,01819,0.2034897804260254
stytr2,01820,0.2952962815761566
stytr2,01821,0.506998598575592
stytr2,01822,0.2228473424911499
stytr2,01823,0.19443169236183167
stytr2,01824,0.23447725176811218
stytr2,01825,0.3441287875175476
stytr2,01826,0.3410680890083313
stytr2,01827,0.1942218840122223
stytr2,01828,0.4496364891529083
stytr2,01829,0.25603240728378296
stytr2,01830,0.43666738271713257
stytr2,01831,0.48046720027923584
stytr2,01832,0.5395592451095581
stytr2,01833,0.33719033002853394
stytr2,01834,0.16942621767520905
stytr2,01835,0.39504945278167725
stytr2,01836,0.4014386236667633
stytr2,01837,0.2936359941959381
stytr2,01838,0.051698729395866394
stytr2,01839,0.42498844861984253
stytr2,01840,0.3180673122406006
stytr2,01841,0.3834960162639618
stytr2,01842,0.31768763065338135
stytr2,01843,0.33161988854408264
stytr2,01844,0.07727187871932983
stytr2,01845,0.24754652380943298
stytr2,01846,0.2704404294490814
stytr2,01847,0.17950189113616943
stytr2,01848,0.1009204089641571
stytr2,01849,0.3361464738845825
stytr2,01850,0.26091861724853516
stytr2,01851,0.11641651391983032
stytr2,01852,0.4781251847743988
stytr2,01853,0.21191158890724182
stytr2,01854,0.11515510082244873
stytr2,01855,0.4232519567012787
stytr2,01856,0.15923085808753967
stytr2,01857,0.43719780445098877
stytr2,01858,0.26678431034088135
stytr2,01859,0.262580543756485
stytr2,01860,0.12113332003355026
stytr2,01861,0.3720352053642273
stytr2,01862,0.381699800491333
stytr2,01863,0.3956729769706726
stytr2,01864,0.44589415192604065
stytr2,01865,0.26128166913986206
stytr2,01866,0.07931849360466003
stytr2,01867,0.1970566362142563
stytr2,01868,0.1526106595993042
stytr2,01869,0.21533618867397308
stytr2,01870,0.5051778554916382
stytr2,01871,0.321790874004364
stytr2,01872,0.49654319882392883
stytr2,01873,0.2641642987728119
stytr2,01874,0.5142577886581421
stytr2,01875,0.248372882604599
stytr2,01876,0.2984012961387634
stytr2,01877,0.18429788947105408
stytr2,01878,0.30145514011383057
stytr2,01879,0.4396999180316925
stytr2,01880,0.36218228936195374
stytr2,01881,0.19633884727954865
stytr2,01882,0.4176487326622009
stytr2,01883,0.429301381111145
stytr2,01884,0.240486279129982
stytr2,01885,0.2621341645717621
stytr2,01886,0.23885983228683472
stytr2,01887,0.34434443712234497
stytr2,01888,0.387633740901947
stytr2,01889,0.09291544556617737
stytr2,01890,0.4686506390571594
stytr2,01891,0.5028348565101624
stytr2,01892,0.04284656047821045
stytr2,01893,0.2450471818447113
stytr2,01894,0.3521451950073242
stytr2,01895,0.2867790460586548
stytr2,01896,0.2662406861782074
stytr2,01897,0.2293049544095993
stytr2,01898,0.47621703147888184
stytr2,01899,0.3942415118217468
stytr2,01900,0.21892786026000977
stytr2,01901,0.37656310200691223
stytr2,01902,0.1709892898797989
stytr2,01903,0.5866094827651978
stytr2,01904,0.1829182505607605
stytr2,01905,0.37256282567977905
stytr2,01906,0.10838446021080017
stytr2,01907,0.16224601864814758
stytr2,01908,-0.00499782245606184
stytr2,01909,0.31445884704589844
stytr2,01910,0.43990325927734375
stytr2,01911,0.12335105240345001
stytr2,01912,0.35452497005462646
stytr2,01913,0.5699506998062134
stytr2,01914,0.25755804777145386
stytr2,01915,0.4627421200275421
stytr2,01916,0.5534324645996094
stytr2,01917,0.25775206089019775
stytr2,01918,0.16296228766441345
stytr2,01919,0.44345876574516296
stytr2,01920,0.357166588306427
stytr2,01921,0.17280003428459167
stytr2,01922,0.5002245306968689
stytr2,01923,0.25341886281967163
stytr2,01924,0.19482974708080292
stytr2,01925,0.15728914737701416
stytr2,01926,0.3069551885128021
stytr2,01927,0.2083573043346405
stytr2,01928,0.13853617012500763
stytr2,01929,0.32887208461761475
stytr2,01930,0.5648144483566284
stytr2,01931,0.4988301694393158
stytr2,01932,0.3324296772480011
stytr2,01933,0.2866935431957245
stytr2,01934,0.4309862554073334
stytr2,01935,0.2771683931350708
stytr2,01936,0.2399483472108841
stytr2,01937,0.42257335782051086
stytr2,01938,0.19511198997497559
stytr2,01939,0.410509318113327
stytr2,01940,0.4947700798511505
stytr2,01941,0.3100956678390503
stytr2,01942,0.24975959956645966
stytr2,01943,0.14487434923648834
stytr2,01944,0.4750678539276123
stytr2,01945,0.5161408185958862
stytr2,01946,0.49838685989379883
stytr2,01947,0.27329838275909424
stytr2,01948,0.3763321042060852
stytr2,01949,0.17542490363121033
stytr2,01950,0.09393961727619171
stytr2,01951,0.2276187688112259
stytr2,01952,0.23566484451293945
stytr2,01953,0.2577865719795227
stytr2,01954,0.44686824083328247
stytr2,01955,0.32823917269706726
stytr2,01956,0.3459838628768921
stytr2,01957,0.33796316385269165
stytr2,01958,0.2637579143047333
stytr2,01959,0.4880877733230591
stytr2,01960,0.196631520986557
stytr2,01961,0.31435099244117737
stytr2,01962,0.40515223145484924
stytr2,01963,0.2777004837989807
stytr2,01964,0.21957534551620483
stytr2,01965,0.14804619550704956
stytr2,01966,0.22962772846221924
stytr2,01967,0.1801552027463913
stytr2,01968,0.010314731858670712
stytr2,01969,0.1770186424255371
stytr2,01970,0.20348608493804932
stytr2,01971,0.28474491834640503
stytr2,01972,0.03981398791074753
stytr2,01973,0.2125013768672943
stytr2,01974,0.3737400770187378
stytr2,01975,0.32658132910728455
stytr2,01976,-0.05545365810394287
stytr2,01977,0.3547001779079437
stytr2,01978,0.3008834719657898
stytr2,01979,0.25490427017211914
stytr2,01980,0.33176860213279724
stytr2,01981,0.2146892249584198
stytr2,01982,0.45238393545150757
stytr2,01983,0.36292195320129395
stytr2,01984,0.18038517236709595
stytr2,01985,0.1226826012134552
stytr2,01986,0.19673322141170502
stytr2,01987,0.39173179864883423
stytr2,01988,0.24334654211997986
stytr2,01989,0.23838475346565247
stytr2,01990,0.36854517459869385
stytr2,01991,0.5137084722518921
stytr2,01992,0.09021322429180145
stytr2,01993,0.34068673849105835
stytr2,01994,0.1747887283563614
stytr2,01995,0.1449374556541443
stytr2,01996,0.3938153386116028
stytr2,01997,0.4202777147293091
stytr2,01998,0.10650745034217834
stytr2,01999,0.39376720786094666
stytr2,02000,0.10425454378128052
stytr2,02001,0.35976654291152954
stytr2,02002,0.2973674535751343
stytr2,02003,0.1669791042804718
stytr2,02004,0.24993371963500977
stytr2,02005,0.3764714002609253
stytr2,02006,0.20084254443645477
stytr2,02007,0.19269844889640808
stytr2,02008,0.19217777252197266
stytr2,02009,0.10232582688331604
stytr2,02010,0.19275608658790588
stytr2,02011,0.2953123152256012
stytr2,02012,0.5003080368041992
stytr2,02013,0.2557567358016968
stytr2,02014,0.2966981530189514
stytr2,02015,0.2700788974761963
stytr2,02016,0.34784996509552
stytr2,02017,0.15775653719902039
stytr2,02018,0.3508531153202057
stytr2,02019,0.46280238032341003
stytr2,02020,0.13236424326896667
stytr2,02021,0.44019031524658203
stytr2,02022,0.15133027732372284
stytr2,02023,0.10702301561832428
stytr2,02024,0.38778477907180786
stytr2,02025,0.5025464296340942
stytr2,02026,0.4115923345088959
stytr2,02027,0.1636049896478653
stytr2,02028,0.18642744421958923
stytr2,02029,0.22213494777679443
stytr2,02030,0.3077090382575989
stytr2,02031,0.1621338129043579
stytr2,02032,0.2771610617637634
stytr2,02033,0.4602566361427307
stytr2,02034,0.4720919132232666
stytr2,02035,0.22567138075828552
stytr2,02036,0.3695947825908661
stytr2,02037,0.1393023282289505
stytr2,02038,0.13503819704055786
stytr2,02039,0.36413776874542236
stytr2,02040,0.30972403287887573
stytr2,02041,0.06201161816716194
stytr2,02042,0.5108880996704102
stytr2,02043,0.40635019540786743
stytr2,02044,0.3449638783931732
stytr2,02045,0.16686654090881348
stytr2,02046,0.3231164216995239
stytr2,02047,0.24840950965881348
stytr2,02048,0.6421725749969482
stytr2,02049,0.23853564262390137
stytr2,02050,0.19296172261238098
stytr2,02051,0.1975088119506836
stytr2,02052,0.08540578186511993
stytr2,02053,0.3071587085723877
stytr2,02054,0.6355612277984619
stytr2,02055,0.3823743760585785
stytr2,02056,0.22886589169502258
stytr2,02057,0.19488099217414856
stytr2,02058,0.00788390263915062
stytr2,02059,0.17925503849983215
stytr2,02060,0.2076280415058136
stytr2,02061,0.2503649890422821
stytr2,02062,0.5873124599456787
stytr2,02063,0.15178003907203674
stytr2,02064,0.2960669994354248
stytr2,02065,0.18789702653884888
stytr2,02066,0.09051667153835297
stytr2,02067,0.27841252088546753
stytr2,02068,0.43542709946632385
stytr2,02069,0.1397002637386322
stytr2,02070,0.24185359477996826
stytr2,02071,0.2722601592540741
stytr2,02072,0.5314991474151611
stytr2,02073,0.12776188552379608
stytr2,02074,0.24993285536766052
stytr2,02075,0.35664117336273193
stytr2,02076,0.08640167117118835
stytr2,02077,0.4011732041835785
stytr2,02078,0.20883052051067352
stytr2,02079,0.36407312750816345
stytr2,02080,0.4667494595050812
stytr2,02081,0.19778960943222046
stytr2,02082,0.2880365252494812
stytr2,02083,0.2165357917547226
stytr2,02084,0.2382923811674118
stytr2,02085,0.21421439945697784
stytr2,02086,0.2575904130935669
stytr2,02087,0.1259431689977646
stytr2,02088,0.5221141576766968
stytr2,02089,0.25701600313186646
stytr2,02090,0.18333518505096436
stytr2,02091,0.2655326724052429
stytr2,02092,0.3534289002418518
stytr2,02093,0.12692803144454956
stytr2,02094,0.43312758207321167
stytr2,02095,0.22952423989772797
stytr2,02096,0.3146688640117645
stytr2,02097,0.36578136682510376
stytr2,02098,0.32069873809814453
stytr2,02099,0.27899104356765747
stytr2,02100,0.4188224971294403
stytr2,02101,0.20081722736358643
stytr2,02102,0.1817358136177063
stytr2,02103,0.34806835651397705
stytr2,02104,0.3921004831790924
stytr2,02105,0.4071105122566223
stytr2,02106,0.2638062834739685
stytr2,02107,0.21176645159721375
stytr2,02108,0.2802543044090271
stytr2,02109,0.5759168863296509
stytr2,02110,0.02590288035571575
stytr2,02111,0.2960849404335022
stytr2,02112,0.43935927748680115
stytr2,02113,0.2122897058725357
stytr2,02114,0.5367783308029175
stytr2,02115,0.18650077283382416
stytr2,02116,0.2532244622707367
stytr2,02117,0.4721737205982208
stytr2,02118,0.3052002489566803
stytr2,02119,0.14327356219291687
stytr2,02120,0.2768724262714386
stytr2,02121,0.23906022310256958
stytr2,02122,0.18596889078617096
stytr2,02123,0.30174997448921204
stytr2,02124,0.0914134830236435
stytr2,02125,0.4322671890258789
stytr2,02126,0.33124208450317383
stytr2,02127,0.4123443365097046
stytr2,02128,0.24401089549064636
stytr2,02129,0.14344005286693573
stytr2,02130,0.168801411986351
stytr2,02131,0.3805149793624878
stytr2,02132,0.22088652849197388
stytr2,02133,0.14173480868339539
stytr2,02134,0.4659315347671509
stytr2,02135,0.09712640941143036
stytr2,02136,0.26367998123168945
stytr2,02137,0.11461268365383148
stytr2,02138,0.4013589322566986
stytr2,02139,0.49535876512527466
stytr2,02140,0.18908415734767914
stytr2,02141,0.3756541609764099
stytr2,02142,0.18522174656391144
stytr2,02143,0.2842969298362732
stytr2,02144,0.356404572725296
stytr2,02145,0.20964671671390533
stytr2,02146,0.45639050006866455
stytr2,02147,0.4348523020744324
stytr2,02148,0.47825300693511963
stytr2,02149,0.24157142639160156
stytr2,02150,0.31231120228767395
stytr2,02151,0.40249577164649963
stytr2,02152,0.16409514844417572
stytr2,02153,0.3669836223125458
stytr2,02154,0.2219397872686386
stytr2,02155,0.31834086775779724
stytr2,02156,0.21713314950466156
stytr2,02157,0.2935665547847748
stytr2,02158,0.13347899913787842
stytr2,02159,0.2588111460208893
stytr2,02160,0.27297425270080566
stytr2,02161,0.2675633728504181
stytr2,02162,0.07234407961368561
stytr2,02163,0.35559871792793274
stytr2,02164,0.2659728229045868
stytr2,02165,0.33025112748146057
stytr2,02166,0.20254889130592346
stytr2,02167,0.31917309761047363
stytr2,02168,0.3824846148490906
stytr2,02169,0.3657945990562439
stytr2,02170,0.3380987048149109
stytr2,02171,0.45649707317352295
stytr2,02172,0.2961049973964691
stytr2,02173,0.3265416622161865
stytr2,02174,0.26857465505599976
stytr2,02175,0.48311859369277954
stytr2,02176,0.15851734578609467
stytr2,02177,0.3422214686870575
stytr2,02178,0.24869456887245178
stytr2,02179,0.45855650305747986
stytr2,02180,0.334164023399353
stytr2,02181,0.3407079577445984
stytr2,02182,0.07992490381002426
stytr2,02183,0.2127610594034195
stytr2,02184,0.2194150984287262
stytr2,02185,0.20850937068462372
stytr2,02186,0.3802032768726349
stytr2,02187,0.35955941677093506
stytr2,02188,0.0995984822511673
stytr2,02189,0.2980012595653534
stytr2,02190,0.36938709020614624
stytr2,02191,0.25817349553108215
stytr2,02192,0.4355809688568115
stytr2,02193,0.2429395318031311
stytr2,02194,0.2512373924255371
stytr2,02195,0.43541276454925537
stytr2,02196,0.3838476240634918
stytr2,02197,0.10756959766149521
stytr2,02198,0.119426429271698
stytr2,02199,0.39291661977767944
stytr2,02200,0.2766157388687134
stytr2,02201,0.42184311151504517
stytr2,02202,0.2518332898616791
stytr2,02203,0.3839566111564636
stytr2,02204,0.15619228780269623
stytr2,02205,0.027623755857348442
stytr2,02206,0.32608306407928467
stytr2,02207,0.2874516248703003
stytr2,02208,0.304213285446167
stytr2,02209,0.503657341003418
stytr2,02210,0.4900857210159302
stytr2,02211,0.13456550240516663
stytr2,02212,0.360440194606781
stytr2,02213,0.183009535074234
stytr2,02214,0.3954783082008362
stytr2,02215,0.21806544065475464
stytr2,02216,0.2714753746986389
stytr2,02217,0.1952936351299286
stytr2,02218,0.3188193738460541
stytr2,02219,0.2803218960762024
stytr2,02220,0.4140494763851166
stytr2,02221,0.4775047302246094
stytr2,02222,0.3247895836830139
stytr2,02223,0.2944442927837372
stytr2,02224,0.5118140578269958
stytr2,02225,0.4373868703842163
stytr2,02226,0.2086305469274521
stytr2,02227,0.17192165553569794
stytr2,02228,0.20804458856582642
stytr2,02229,0.06178782880306244
stytr2,02230,0.3538748621940613
stytr2,02231,0.008317157626152039
stytr2,02232,0.173030823469162
stytr2,02233,0.3056880235671997
stytr2,02234,0.5296549797058105
stytr2,02235,0.31848859786987305
stytr2,02236,0.15594398975372314
stytr2,02237,0.1868060827255249
stytr2,02238,0.4514106810092926
stytr2,02239,0.35920238494873047
stytr2,02240,0.29595163464546204
stytr2,02241,0.24112601578235626
stytr2,02242,0.2764568328857422
stytr2,02243,0.22015011310577393
stytr2,02244,0.4354897439479828
stytr2,02245,0.2532497048377991
stytr2,02246,0.30022096633911133
stytr2,02247,0.1382703185081482
stytr2,02248,0.5847672820091248
stytr2,02249,0.13595916330814362
stytr2,02250,0.06673064082860947
stytr2,02251,0.3279136121273041
stytr2,02252,0.17079272866249084
stytr2,02253,0.374807745218277
stytr2,02254,0.21253761649131775
stytr2,02255,0.3066970109939575
stytr2,02256,0.39518049359321594
stytr2,02257,0.23534579575061798
stytr2,02258,0.340379923582077
stytr2,02259,0.12664885818958282
stytr2,02260,0.16338711977005005
stytr2,02261,0.5017438530921936
stytr2,02262,0.4253242015838623
stytr2,02263,0.13745209574699402
stytr2,02264,0.301861971616745
stytr2,02265,0.09859351068735123
stytr2,02266,0.47122934460639954
stytr2,02267,0.15005351603031158
stytr2,02268,0.29769590497016907
stytr2,02269,0.029217055067420006
stytr2,02270,0.275628924369812
stytr2,02271,0.17870037257671356
stytr2,02272,0.27528607845306396
stytr2,02273,0.17946100234985352
stytr2,02274,0.1700783669948578
stytr2,02275,0.3460036516189575
stytr2,02276,0.32414668798446655
stytr2,02277,0.27647778391838074
stytr2,02278,0.28620678186416626
stytr2,02279,0.2208373099565506
stytr2,02280,0.22399508953094482
stytr2,02281,0.32728445529937744
stytr2,02282,0.24510353803634644
stytr2,02283,0.05657760798931122
stytr2,02284,0.13286688923835754
stytr2,02285,0.3584211468696594
stytr2,02286,0.2568155527114868
stytr2,02287,0.32027775049209595
stytr2,02288,0.2565843164920807
stytr2,02289,0.3022680878639221
stytr2,02290,0.40485572814941406
stytr2,02291,0.4559289515018463
stytr2,02292,0.402954638004303
stytr2,02293,0.14311397075653076
stytr2,02294,0.38727062940597534
stytr2,02295,0.25777339935302734
stytr2,02296,0.38419193029403687
stytr2,02297,0.18997663259506226
stytr2,02298,0.3935241997241974
stytr2,02299,0.12742620706558228
stytr2,02300,0.2637065649032593
stytr2,02301,0.2901908755302429
stytr2,02302,0.24078214168548584
stytr2,02303,0.3662206828594208
stytr2,02304,0.2076067477464676
stytr2,02305,0.4058844745159149
stytr2,02306,0.3693158030509949
stytr2,02307,0.18857964873313904
stytr2,02308,0.44117504358291626
stytr2,02309,0.23270057141780853
stytr2,02310,0.5480668544769287
stytr2,02311,0.36570096015930176
stytr2,02312,0.2846003472805023
stytr2,02313,0.45768141746520996
stytr2,02314,0.17412853240966797
stytr2,02315,0.19067001342773438
stytr2,02316,0.4112151265144348
stytr2,02317,0.24645386636257172
stytr2,02318,0.42189139127731323
stytr2,02319,0.22197213768959045
stytr2,02320,0.2865283489227295
stytr2,02321,0.368101567029953
stytr2,02322,0.3439772129058838
stytr2,02323,0.2412770837545395
stytr2,02324,0.3060503602027893
stytr2,02325,0.4868258535861969
stytr2,02326,0.14013496041297913
stytr2,02327,0.20245642960071564
stytr2,02328,0.46308234333992004
stytr2,02329,0.25693321228027344
stytr2,02330,0.16961488127708435
stytr2,02331,0.22300158441066742
stytr2,02332,0.07000109553337097
stytr2,02333,0.301471084356308
stytr2,02334,0.20058965682983398
stytr2,02335,0.35038048028945923
stytr2,02336,0.019130801782011986
stytr2,02337,0.44511860609054565
stytr2,02338,0.29727450013160706
stytr2,02339,0.14862880110740662
stytr2,02340,0.3239240050315857
stytr2,02341,0.09372495114803314
stytr2,02342,0.13579779863357544
stytr2,02343,0.2107645869255066
stytr2,02344,0.5157489776611328
stytr2,02345,0.16209085285663605
stytr2,02346,0.11940307915210724
stytr2,02347,0.2435583472251892
stytr2,02348,0.22884206473827362
stytr2,02349,0.13879750669002533
stytr2,02350,0.19738541543483734
stytr2,02351,0.40743160247802734
stytr2,02352,0.5055930614471436
stytr2,02353,0.22404852509498596
stytr2,02354,0.34526491165161133
stytr2,02355,0.5777488946914673
stytr2,02356,0.3161807954311371
stytr2,02357,0.12761636078357697
stytr2,02358,0.141770601272583
stytr2,02359,0.5630608201026917
stytr2,02360,0.3800346255302429
stytr2,02361,0.26973843574523926
stytr2,02362,0.21461239457130432
stytr2,02363,0.31620365381240845
stytr2,02364,0.707361102104187
stytr2,02365,0.21125873923301697
stytr2,02366,0.21546852588653564
stytr2,02367,0.41749778389930725
stytr2,02368,0.33817240595817566
stytr2,02369,0.27716514468193054
stytr2,02370,0.24508576095104218
stytr2,02371,0.25860315561294556
stytr2,02372,0.1601771116256714
stytr2,02373,0.3727042078971863
stytr2,02374,0.09221566468477249
stytr2,02375,0.19979575276374817
stytr2,02376,0.2927839756011963
stytr2,02377,0.36500996351242065
stytr2,02378,0.37523147463798523
stytr2,02379,0.21871981024742126
stytr2,02380,0.5832715034484863
stytr2,02381,0.1304597556591034
stytr2,02382,0.2416672706604004
stytr2,02383,0.3081682026386261
stytr2,02384,0.22913110256195068
stytr2,02385,0.25765690207481384
stytr2,02386,0.3756364583969116
stytr2,02387,0.1421891301870346
stytr2,02388,0.24033865332603455
stytr2,02389,0.5054505467414856
stytr2,02390,0.2501268982887268
stytr2,02391,0.26426899433135986
stytr2,02392,0.17355185747146606
stytr2,02393,0.3432249128818512
stytr2,02394,0.30271053314208984
stytr2,02395,0.3742326498031616
stytr2,02396,0.180870920419693
stytr2,02397,0.17049235105514526
stytr2,02398,0.1332341432571411
stytr2,02399,0.273338258266449
stytr2,02400,0.25711286067962646
stytr2,02401,0.2696307897567749
stytr2,02402,0.3226471543312073
stytr2,02403,0.3210955262184143
stytr2,02404,0.43878504633903503
stytr2,02405,0.2724042534828186
stytr2,02406,0.2915295958518982
stytr2,02407,0.14138942956924438
stytr2,02408,0.11090084165334702
stytr2,02409,0.10716544091701508
stytr2,02410,0.5288294553756714
stytr2,02411,0.3948493003845215
stytr2,02412,0.4322285056114197
stytr2,02413,0.30510714650154114
stytr2,02414,0.3175486624240875
stytr2,02415,0.32629573345184326
stytr2,02416,0.20421722531318665
stytr2,02417,0.247544065117836
stytr2,02418,0.4888387620449066
stytr2,02419,0.18124553561210632
stytr2,02420,0.21947486698627472
stytr2,02421,0.4872543215751648
stytr2,02422,0.7382384538650513
stytr2,02423,0.4932211637496948
stytr2,02424,0.6128979921340942
stytr2,02425,0.3422687351703644
stytr2,02426,0.4486451745033264
stytr2,02427,0.4636602997779846
stytr2,02428,0.19012731313705444
stytr2,02429,0.2604946494102478
stytr2,02430,0.05612478405237198
stytr2,02431,0.12339743971824646
stytr2,02432,0.13184013962745667
stytr2,02433,0.22722303867340088
stytr2,02434,0.23275738954544067
stytr2,02435,0.32291948795318604
stytr2,02436,0.31196141242980957
stytr2,02437,0.22149184346199036
stytr2,02438,0.13638851046562195
stytr2,02439,0.40179839730262756
stytr2,02440,0.3710336983203888
stytr2,02441,0.1952173262834549
stytr2,02442,0.08433588594198227
stytr2,02443,0.3393961489200592
stytr2,02444,0.24519723653793335
stytr2,02445,0.14659236371517181
stytr2,02446,0.3368067741394043
stytr2,02447,0.24004477262496948
stytr2,02448,0.20621491968631744
stytr2,02449,0.5230318307876587
stytr2,02450,0.3250202536582947
stytr2,02451,0.13699907064437866
stytr2,02452,0.1570102721452713
stytr2,02453,0.24759481847286224
stytr2,02454,0.33374878764152527
stytr2,02455,0.4149697422981262
stytr2,02456,0.37510567903518677
stytr2,02457,0.4504988193511963
stytr2,02458,0.27557259798049927
stytr2,02459,0.4079740047454834
stytr2,02460,0.22250699996948242
stytr2,02461,0.3822425901889801
stytr2,02462,0.2953967750072479
stytr2,02463,0.24299097061157227
stytr2,02464,0.04885241389274597
stytr2,02465,0.3605104088783264
stytr2,02466,0.18563589453697205
stytr2,02467,0.3341221809387207
stytr2,02468,0.42634302377700806
stytr2,02469,0.13786503672599792
stytr2,02470,0.08700002729892731
stytr2,02471,0.11127346754074097
stytr2,02472,0.29093050956726074
stytr2,02473,0.4049467444419861
stytr2,02474,0.4076056480407715
stytr2,02475,0.35363489389419556
stytr2,02476,0.3102473318576813
stytr2,02477,0.05198439955711365
stytr2,02478,0.18495479226112366
stytr2,02479,0.14804300665855408
stytr2,02480,0.20838060975074768
stytr2,02481,0.43339237570762634
stytr2,02482,0.2772950232028961
stytr2,02483,0.5646057724952698
stytr2,02484,0.2868792712688446
stytr2,02485,0.23078685998916626
stytr2,02486,0.36255353689193726
stytr2,02487,0.3457023501396179
stytr2,02488,0.21157240867614746
stytr2,02489,0.3530919551849365
stytr2,02490,0.4146244525909424
stytr2,02491,0.3819659948348999
stytr2,02492,0.29772526025772095
stytr2,02493,0.12241245061159134
stytr2,02494,0.34905076026916504
stytr2,02495,0.30329176783561707
stytr2,02496,0.3483933210372925
stytr2,02497,0.11106593906879425
stytr2,02498,0.2479768991470337
stytr2,02499,0.18132448196411133
stytr2,02500,0.19393840432167053
stytr2,02501,0.27887213230133057
stytr2,02502,0.5798107385635376
stytr2,02503,0.3044682741165161
stytr2,02504,0.3445975184440613
stytr2,02505,0.3730563819408417
stytr2,02506,0.32401639223098755
stytr2,02507,0.22326040267944336
stytr2,02508,0.34093284606933594
stytr2,02509,0.36401352286338806
stytr2,02510,0.39097148180007935
stytr2,02511,0.3408272862434387
stytr2,02512,0.38553717732429504
stytr2,02513,0.3017473816871643
stytr2,02514,0.4109038710594177
stytr2,02515,0.30126136541366577
stytr2,02516,0.38100332021713257
stytr2,02517,0.32149600982666016
stytr2,02518,0.2839999198913574
stytr2,02519,0.2563505172729492
stytr2,02520,0.7268267869949341
stytr2,02521,0.24953725934028625
stytr2,02522,0.4996519088745117
stytr2,02523,0.1683708131313324
stytr2,02524,0.1047268658876419
stytr2,02525,0.2565690577030182
stytr2,02526,0.23709847033023834
stytr2,02527,0.28923773765563965
stytr2,02528,-0.023747049272060394
stytr2,02529,0.03130938857793808
stytr2,02530,0.30756136775016785
stytr2,02531,0.5579477548599243
stytr2,02532,0.6010000109672546
stytr2,02533,0.49362367391586304
stytr2,02534,0.5906427502632141
stytr2,02535,0.20617066323757172
stytr2,02536,0.5080776214599609
stytr2,02537,0.26455432176589966
stytr2,02538,0.17538955807685852
stytr2,02539,0.2385387122631073
stytr2,02540,0.3231605887413025
stytr2,02541,0.34858182072639465
stytr2,02542,0.39151597023010254
stytr2,02543,0.3397689759731293
stytr2,02544,0.18510782718658447
stytr2,02545,0.19144727289676666
stytr2,02546,0.12069813907146454
stytr2,02547,0.2893790602684021
stytr2,02548,0.26275044679641724
stytr2,02549,0.3123554587364197
stytr2,02550,0.1631104052066803
stytr2,02551,0.2831558585166931
stytr2,02552,0.46923965215682983
stytr2,02553,0.45920121669769287
stytr2,02554,0.6363002061843872
stytr2,02555,0.17940372228622437
stytr2,02556,0.32535961270332336
stytr2,02557,0.3626985549926758
stytr2,02558,0.30229419469833374
stytr2,02559,0.19003604352474213
stytr2,02560,0.21150077879428864
stytr2,02561,0.2269788384437561
stytr2,02562,0.3375162184238434
stytr2,02563,0.24331215023994446
stytr2,02564,0.39071980118751526
stytr2,02565,0.03035271167755127
stytr2,02566,0.493667334318161
stytr2,02567,0.38689494132995605
stytr2,02568,0.4076298475265503
stytr2,02569,0.10469881445169449
stytr2,02570,0.10684797912836075
stytr2,02571,0.2657376229763031
stytr2,02572,0.28447869420051575
stytr2,02573,0.538415789604187
stytr2,02574,0.24996930360794067
stytr2,02575,0.23560293018817902
stytr2,02576,0.46821945905685425
stytr2,02577,0.365465372800827
stytr2,02578,0.4033552408218384
stytr2,02579,0.5153781175613403
stytr2,02580,0.5625791549682617
stytr2,02581,0.20134545862674713
stytr2,02582,0.32140517234802246
stytr2,02583,0.26283180713653564
stytr2,02584,0.2573471665382385
stytr2,02585,0.20880208909511566
stytr2,02586,0.18139000236988068
stytr2,02587,0.3340325951576233
stytr2,02588,0.359788715839386
stytr2,02589,0.4454023241996765
stytr2,02590,0.23993661999702454
stytr2,02591,0.1484091728925705
stytr2,02592,0.25929948687553406
stytr2,02593,0.5567349195480347
stytr2,02594,0.2546786069869995
stytr2,02595,0.31531092524528503
stytr2,02596,0.28387683629989624
stytr2,02597,0.27965348958969116
stytr2,02598,0.24534568190574646
stytr2,02599,0.31378597021102905
stytr2,02600,0.3466262221336365
stytr2,02601,0.28848618268966675
stytr2,02602,0.374021053314209
stytr2,02603,0.3669024109840393
stytr2,02604,0.23958894610404968
stytr2,02605,0.4119619131088257
stytr2,02606,0.2519741952419281
stytr2,02607,0.28706568479537964
stytr2,02608,0.2229234278202057
stytr2,02609,0.16335102915763855
stytr2,02610,0.3353916108608246
stytr2,02611,0.36305689811706543
stytr2,02612,0.18559029698371887
stytr2,02613,0.10150881856679916
stytr2,02614,0.3818918466567993
stytr2,02615,0.19266387820243835
stytr2,02616,0.3183768391609192
stytr2,02617,0.29046356678009033
stytr2,02618,0.21241356432437897
stytr2,02619,0.17489942908287048
stytr2,02620,0.46785107254981995
stytr2,02621,0.21317747235298157
stytr2,02622,0.33524590730667114
stytr2,02623,0.3208591938018799
stytr2,02624,0.16999433934688568
stytr2,02625,0.2648859918117523
stytr2,02626,0.137224018573761
stytr2,02627,0.2402275651693344
stytr2,02628,0.2864275574684143
stytr2,02629,0.19518686830997467
stytr2,02630,0.17207053303718567
stytr2,02631,0.18091437220573425
stytr2,02632,0.5017278790473938
stytr2,02633,0.30836790800094604
stytr2,02634,0.28715619444847107
stytr2,02635,0.1107357069849968
stytr2,02636,0.4261952042579651
stytr2,02637,0.28301846981048584
stytr2,02638,0.4210755228996277
stytr2,02639,0.11308053135871887
stytr2,02640,0.42584237456321716
stytr2,02641,0.38641875982284546
stytr2,02642,0.339849054813385
stytr2,02643,0.29493260383605957
stytr2,02644,0.26144394278526306
stytr2,02645,0.2943897843360901
stytr2,02646,0.1789240539073944
stytr2,02647,0.4210447669029236
stytr2,02648,0.1955377459526062
stytr2,02649,0.2715211510658264
stytr2,02650,0.25228235125541687
stytr2,02651,0.3594238758087158
stytr2,02652,0.2746080458164215
stytr2,02653,0.28315597772598267
stytr2,02654,0.25757044553756714
stytr2,02655,0.1802482008934021
stytr2,02656,0.2831571102142334
stytr2,02657,0.32191750407218933
stytr2,02658,0.2435091733932495
stytr2,02659,0.14052720367908478
stytr2,02660,0.35063648223876953
stytr2,02661,0.10307608544826508
stytr2,02662,0.2549161911010742
stytr2,02663,0.38361313939094543
stytr2,02664,0.21366138756275177
stytr2,02665,0.1614479124546051
stytr2,02666,0.23005777597427368
stytr2,02667,0.4791982173919678
stytr2,02668,0.13176876306533813
stytr2,02669,0.4111141264438629
stytr2,02670,0.13123637437820435
stytr2,02671,0.24212312698364258
stytr2,02672,0.21167495846748352
stytr2,02673,0.4151197075843811
stytr2,02674,0.42650696635246277
stytr2,02675,0.4230582118034363
stytr2,02676,0.38960856199264526
stytr2,02677,0.3437723219394684
stytr2,02678,0.3010585308074951
stytr2,02679,0.1922728419303894
stytr2,02680,0.4470508098602295
stytr2,02681,0.27859973907470703
stytr2,02682,0.16940653324127197
stytr2,02683,0.3224184513092041
stytr2,02684,0.1681663990020752
stytr2,02685,0.44104206562042236
stytr2,02686,0.11300481855869293
stytr2,02687,0.27850884199142456
stytr2,02688,0.13839174807071686
stytr2,02689,0.28332480788230896
stytr2,02690,0.3689117729663849
stytr2,02691,0.5119044780731201
stytr2,02692,0.3143403232097626
stytr2,02693,0.29918110370635986
stytr2,02694,0.28155145049095154
stytr2,02695,0.2728048861026764
stytr2,02696,0.3798638582229614
stytr2,02697,0.2722979485988617
stytr2,02698,0.12475380301475525
stytr2,02699,0.09685637056827545
stytr2,02700,0.4529601037502289
stytr2,02701,0.318464070558548
stytr2,02702,0.34042787551879883
stytr2,02703,0.6357387900352478
stytr2,02704,0.22948108613491058
stytr2,02705,0.13211685419082642
stytr2,02706,0.2742469012737274
stytr2,02707,0.35673537850379944
stytr2,02708,0.10398273169994354
stytr2,02709,0.5699061155319214
stytr2,02710,0.13689297437667847
stytr2,02711,0.25909730792045593
stytr2,02712,0.3152393102645874
stytr2,02713,0.23450082540512085
stytr2,02714,0.23119324445724487
stytr2,02715,0.13689005374908447
stytr2,02716,0.20202402770519257
stytr2,02717,0.372223436832428
stytr2,02718,0.1170840933918953
stytr2,02719,0.34386342763900757
stytr2,02720,0.3324846923351288
stytr2,02721,0.3959118127822876
stytr2,02722,0.2610328793525696
stytr2,02723,0.1906217336654663
stytr2,02724,0.3239951729774475
stytr2,02725,0.09801986068487167
stytr2,02726,0.43203920125961304
stytr2,02727,0.425152987241745
stytr2,02728,0.12367375195026398
stytr2,02729,0.22529886662960052
stytr2,02730,0.4086020588874817
stytr2,02731,0.19519338011741638
stytr2,02732,0.18712416291236877
stytr2,02733,0.26636865735054016
stytr2,02734,0.15453121066093445
stytr2,02735,0.13946124911308289
stytr2,02736,0.29468920826911926
stytr2,02737,0.29011547565460205
stytr2,02738,0.24472956359386444
stytr2,02739,0.31380733847618103
stytr2,02740,0.320819616317749
stytr2,02741,0.5592442750930786
stytr2,02742,0.361361563205719
stytr2,02743,0.34264618158340454
stytr2,02744,0.4280581772327423
stytr2,02745,0.1356469690799713
stytr2,02746,0.5318239331245422
stytr2,02747,0.38369643688201904
stytr2,02748,0.35089361667633057
stytr2,02749,0.6647595167160034
stytr2,02750,0.4119546413421631
stytr2,02751,0.25992926955223083
stytr2,02752,0.28299957513809204
stytr2,02753,0.22044949233531952
stytr2,02754,0.27446842193603516
stytr2,02755,0.2883196771144867
stytr2,02756,0.4079892039299011
stytr2,02757,0.4450269043445587
stytr2,02758,0.4230939745903015
stytr2,02759,0.3607562184333801
stytr2,02760,0.2995559275150299
stytr2,02761,0.1361340433359146
stytr2,02762,0.5941383838653564
stytr2,02763,0.0914548933506012
stytr2,02764,0.2123677134513855
stytr2,02765,0.16019287705421448
stytr2,02766,0.22740155458450317
stytr2,02767,0.12604978680610657
stytr2,02768,0.4155423939228058
stytr2,02769,0.22414514422416687
stytr2,02770,0.4623938798904419
stytr2,02771,0.3145698308944702
stytr2,02772,0.2083246111869812
stytr2,02773,0.24061796069145203
stytr2,02774,0.3874562978744507
stytr2,02775,0.4979115128517151
stytr2,02776,0.10164739936590195
stytr2,02777,0.46164125204086304
stytr2,02778,0.22003932297229767
stytr2,02779,0.4148985743522644
stytr2,02780,0.33712852001190186
stytr2,02781,0.09412708133459091
stytr2,02782,0.31539639830589294
stytr2,02783,0.29155856370925903
stytr2,02784,0.29915857315063477
stytr2,02785,0.2849006652832031
stytr2,02786,0.5011007189750671
stytr2,02787,0.3255669176578522
stytr2,02788,0.20326311886310577
stytr2,02789,0.30589115619659424
stytr2,02790,0.3289671540260315
stytr2,02791,0.28402063250541687
stytr2,02792,0.24632130563259125
stytr2,02793,0.21143071353435516
stytr2,02794,0.12724420428276062
stytr2,02795,0.24925151467323303
stytr2,02796,-0.028373073786497116
stytr2,02797,0.18443220853805542
stytr2,02798,0.1643642634153366
stytr2,02799,0.4968092739582062
stytr2,02800,0.2798123359680176
stytr2,02801,0.4060690402984619
stytr2,02802,0.1277158558368683
stytr2,02803,0.25071820616722107
stytr2,02804,0.3382970094680786
stytr2,02805,0.3276293873786926
stytr2,02806,0.3060869574546814
stytr2,02807,0.5461864471435547
stytr2,02808,0.46817314624786377
stytr2,02809,0.3496248126029968
stytr2,02810,0.33221104741096497
stytr2,02811,0.2529287338256836
stytr2,02812,0.22751477360725403
stytr2,02813,0.16461944580078125
stytr2,02814,0.3576011061668396
stytr2,02815,0.38205671310424805
stytr2,02816,0.23750513792037964
stytr2,02817,0.2101096212863922
stytr2,02818,0.28173789381980896
stytr2,02819,0.23173019289970398
stytr2,02820,0.3278214931488037
stytr2,02821,0.1948082149028778
stytr2,02822,0.20209577679634094
stytr2,02823,0.33321651816368103
stytr2,02824,0.05398793891072273
stytr2,02825,0.26985490322113037
stytr2,02826,0.227583646774292
stytr2,02827,0.28879284858703613
stytr2,02828,0.39213311672210693
stytr2,02829,0.33480194211006165
stytr2,02830,0.19510900974273682
stytr2,02831,0.28247490525245667
stytr2,02832,0.3095405101776123
stytr2,02833,0.5159668922424316
stytr2,02834,0.35995957255363464
stytr2,02835,0.06791170686483383
stytr2,02836,0.43851912021636963
stytr2,02837,0.31840023398399353
stytr2,02838,0.2676348090171814
stytr2,02839,0.45176389813423157
stytr2,02840,0.18728852272033691
stytr2,02841,0.19837737083435059
stytr2,02842,0.2598712146282196
stytr2,02843,0.16385842859745026
stytr2,02844,0.15403035283088684
stytr2,02845,0.027050567790865898
stytr2,02846,0.23158761858940125
stytr2,02847,0.353362500667572
stytr2,02848,0.18406033515930176
stytr2,02849,0.260389119386673
stytr2,02850,0.2954042851924896
stytr2,02851,0.10198339819908142
stytr2,02852,0.27186664938926697
stytr2,02853,0.23157401382923126
stytr2,02854,0.1283746361732483
stytr2,02855,0.13216377794742584
stytr2,02856,0.23237550258636475
stytr2,02857,0.30308961868286133
stytr2,02858,0.3492155075073242
stytr2,02859,0.21495625376701355
stytr2,02860,0.43846654891967773
stytr2,02861,0.196725994348526
stytr2,02862,0.18209734559059143
stytr2,02863,0.33946746587753296
stytr2,02864,0.32025155425071716
stytr2,02865,0.5327115058898926
stytr2,02866,0.31848984956741333
stytr2,02867,0.40751296281814575
stytr2,02868,0.3580290973186493
stytr2,02869,0.2795022130012512
stytr2,02870,0.05081040412187576
stytr2,02871,0.185459166765213
stytr2,02872,0.14775541424751282
stytr2,02873,0.27709418535232544
stytr2,02874,0.363828182220459
stytr2,02875,0.45330360531806946
stytr2,02876,0.599904477596283
stytr2,02877,0.4410732090473175
stytr2,02878,0.2856409251689911
stytr2,02879,0.11424858123064041
stytr2,02880,0.18225179612636566
stytr2,02881,0.3383280038833618
stytr2,02882,0.1337938904762268
stytr2,02883,0.08053800463676453
stytr2,02884,0.28657934069633484
stytr2,02885,0.37606626749038696
stytr2,02886,0.008532639592885971
stytr2,02887,0.4543592929840088
stytr2,02888,0.2213865965604782
stytr2,02889,0.261004775762558
stytr2,02890,0.25934118032455444
stytr2,02891,0.2445782721042633
stytr2,02892,0.4497627317905426
stytr2,02893,0.31795480847358704
stytr2,02894,0.6685540080070496
stytr2,02895,0.4089275598526001
stytr2,02896,0.1880759745836258
stytr2,02897,0.4497581720352173
stytr2,02898,0.33298712968826294
stytr2,02899,0.09800879657268524
stytr2,02900,0.37369590997695923
stytr2,02901,0.15273982286453247
stytr2,02902,0.32349836826324463
stytr2,02903,0.31177425384521484
stytr2,02904,0.3215320110321045
stytr2,02905,0.23386818170547485
stytr2,02906,0.31964439153671265
stytr2,02907,0.17527863383293152
stytr2,02908,0.07535199820995331
stytr2,02909,0.3892037868499756
stytr2,02910,0.2709217667579651
stytr2,02911,0.26283353567123413
stytr2,02912,0.15047499537467957
stytr2,02913,0.4544551372528076
stytr2,02914,0.293939471244812
stytr2,02915,0.263436496257782
stytr2,02916,0.2876467704772949
stytr2,02917,0.42627406120300293
stytr2,02918,0.2817649841308594
stytr2,02919,0.2685624361038208
stytr2,02920,0.3887488842010498
stytr2,02921,0.11695776879787445
stytr2,02922,0.2838299572467804
stytr2,02923,0.35512059926986694
stytr2,02924,0.3045332431793213
stytr2,02925,0.3854421079158783
stytr2,02926,0.33542561531066895
stytr2,02927,0.5819705128669739
stytr2,02928,0.17562687397003174
stytr2,02929,0.3595137596130371
stytr2,02930,0.3622458279132843
stytr2,02931,0.29835444688796997
stytr2,02932,0.3847007155418396
stytr2,02933,0.5484302043914795
stytr2,02934,0.15776324272155762
stytr2,02935,0.2227521538734436
stytr2,02936,0.32907992601394653
stytr2,02937,0.21903160214424133
stytr2,02938,0.42773962020874023
stytr2,02939,0.37100374698638916
stytr2,02940,0.32632821798324585
stytr2,02941,0.2805168628692627
stytr2,02942,0.3306371569633484
stytr2,02943,0.05416667461395264
stytr2,02944,0.21148714423179626
stytr2,02945,0.22555559873580933
stytr2,02946,0.3350391983985901
stytr2,02947,0.20788192749023438
stytr2,02948,0.21564054489135742
stytr2,02949,0.4042612314224243
stytr2,02950,0.5170543193817139
stytr2,02951,0.4451889097690582
stytr2,02952,0.14125436544418335
stytr2,02953,0.10040094703435898
stytr2,02954,0.44772869348526
stytr2,02955,0.16584628820419312
stytr2,02956,0.33224278688430786
stytr2,02957,0.36045509576797485
stytr2,02958,0.34236881136894226
stytr2,02959,0.24666336178779602
stytr2,02960,0.3816879093647003
stytr2,02961,0.42152875661849976
stytr2,02962,0.19282913208007812
stytr2,02963,0.37304607033729553
stytr2,02964,0.4302336573600769
stytr2,02965,0.45498892664909363
stytr2,02966,0.413219153881073
stytr2,02967,0.19825883209705353
stytr2,02968,0.24803845584392548
stytr2,02969,0.3357212245464325
stytr2,02970,0.3000545799732208
stytr2,02971,0.3988734781742096
stytr2,02972,0.2131534218788147
stytr2,02973,0.35015350580215454
stytr2,02974,0.29025134444236755
stytr2,02975,0.18461395800113678
stytr2,02976,0.21702463924884796
stytr2,02977,0.3797633945941925
stytr2,02978,0.24193590879440308
stytr2,02979,0.3029956817626953
stytr2,02980,-0.015991097316145897
stytr2,02981,0.6117186546325684
stytr2,02982,0.4167168140411377
stytr2,02983,0.27424418926239014
stytr2,02984,0.2807196378707886
stytr2,02985,0.3557398319244385
stytr2,02986,0.46895354986190796
stytr2,02987,0.27169203758239746
stytr2,02988,0.28180062770843506
stytr2,02989,0.307026743888855
stytr2,02990,0.24666571617126465
stytr2,02991,0.4321339726448059
stytr2,02992,0.2820507287979126
stytr2,02993,0.135297492146492
stytr2,02994,0.14111286401748657
stytr2,02995,0.4383910298347473
stytr2,02996,0.27482596039772034
stytr2,02997,0.34670379757881165
stytr2,02998,0.2078893631696701
stytr2,02999,0.2747630774974823
stytr2,03000,0.3678790032863617
stytr2,03001,0.09803150594234467
stytr2,03002,0.24903887510299683
stytr2,03003,0.34340834617614746
stytr2,03004,0.318972647190094
stytr2,03005,0.2281121462583542
stytr2,03006,0.4583664536476135
stytr2,03007,0.29294317960739136
stytr2,03008,0.2273285835981369
stytr2,03009,0.3163003921508789
stytr2,03010,0.3660099506378174
stytr2,03011,0.3341969847679138
stytr2,03012,0.2609887719154358
stytr2,03013,0.3572036623954773
stytr2,03014,0.04896410554647446
stytr2,03015,0.2066630721092224
stytr2,03016,0.38647574186325073
stytr2,03017,0.25794216990470886
stytr2,03018,0.11173384636640549
stytr2,03019,0.24590854346752167
stytr2,03020,0.3080892562866211
stytr2,03021,0.4203529953956604
stytr2,03022,0.44022905826568604
stytr2,03023,0.18022041022777557
stytr2,03024,0.5467677116394043
stytr2,03025,0.21360501646995544
stytr2,03026,0.19209063053131104
stytr2,03027,0.3434057831764221
stytr2,03028,0.5085230469703674
stytr2,03029,0.1040385439991951
stytr2,03030,0.2447783648967743
stytr2,03031,0.06455542147159576
stytr2,03032,0.406400203704834
stytr2,03033,0.21025824546813965
stytr2,03034,0.3617638349533081
stytr2,03035,0.1568651795387268
stytr2,03036,0.24850663542747498
stytr2,03037,0.2103075236082077
stytr2,03038,0.17194582521915436
stytr2,03039,0.1939937025308609
stytr2,03040,0.3039536476135254
stytr2,03041,0.3956356942653656
stytr2,03042,0.10593727976083755
stytr2,03043,0.28224533796310425
stytr2,03044,0.20129255950450897
stytr2,03045,0.44104743003845215
stytr2,03046,0.30979207158088684
stytr2,03047,0.21536754071712494
stytr2,03048,0.28410452604293823
stytr2,03049,0.22434782981872559
stytr2,03050,0.3737512230873108
stytr2,03051,0.2045252025127411
stytr2,03052,0.37943220138549805
stytr2,03053,0.3057636618614197
stytr2,03054,0.18736666440963745
stytr2,03055,0.43995901942253113
stytr2,03056,0.27120548486709595
stytr2,03057,0.40857380628585815
stytr2,03058,0.3417978286743164
stytr2,03059,0.32356205582618713
stytr2,03060,0.39090752601623535
stytr2,03061,0.32985538244247437
stytr2,03062,0.651073157787323
stytr2,03063,0.28309497237205505
stytr2,03064,0.37767553329467773
stytr2,03065,0.18957208096981049
stytr2,03066,0.2049153596162796
stytr2,03067,0.4356502890586853
stytr2,03068,0.053227271884679794
stytr2,03069,0.3089628219604492
stytr2,03070,0.133238285779953
stytr2,03071,0.34415340423583984
stytr2,03072,0.07128080725669861
stytr2,03073,0.27486711740493774
stytr2,03074,0.23252111673355103
stytr2,03075,0.2658933997154236
stytr2,03076,0.11875148117542267
stytr2,03077,0.5331181287765503
stytr2,03078,0.3109744191169739
stytr2,03079,0.5424028635025024
stytr2,03080,0.27863404154777527
stytr2,03081,0.5037904977798462
stytr2,03082,0.1849396824836731
stytr2,03083,0.2458069920539856
stytr2,03084,0.1197964996099472
stytr2,03085,0.27213555574417114
stytr2,03086,0.14187921583652496
stytr2,03087,0.35388606786727905
stytr2,03088,0.40050601959228516
stytr2,03089,0.23197472095489502
stytr2,03090,0.21370500326156616
stytr2,03091,0.32514867186546326
stytr2,03092,0.3128146529197693
stytr2,03093,0.2980840802192688
stytr2,03094,0.13240021467208862
stytr2,03095,0.13387110829353333
stytr2,03096,0.2742462158203125
stytr2,03097,0.21273493766784668
stytr2,03098,0.020637650042772293
stytr2,03099,0.5092391967773438
stytr2,03100,0.5107070207595825
stytr2,03101,0.26799309253692627
stytr2,03102,0.23928681015968323
stytr2,03103,0.24369913339614868
stytr2,03104,0.2159922569990158
stytr2,03105,0.24789272248744965
stytr2,03106,0.25052475929260254
stytr2,03107,0.24154607951641083
stytr2,03108,0.2988021969795227
stytr2,03109,0.24611370265483856
stytr2,03110,0.2531968057155609
stytr2,03111,0.3079594373703003
stytr2,03112,0.42255035042762756
stytr2,03113,0.25504666566848755
stytr2,03114,0.19998584687709808
stytr2,03115,0.40126579999923706
stytr2,03116,0.13126829266548157
stytr2,03117,0.3883727788925171
stytr2,03118,0.21039018034934998
stytr2,03119,0.12388122826814651
stytr2,03120,0.1952820122241974
stytr2,03121,0.3814259171485901
stytr2,03122,0.1561775803565979
stytr2,03123,0.35100361704826355
stytr2,03124,0.5544893145561218
stytr2,03125,0.12016310542821884
stytr2,03126,0.19408051669597626
stytr2,03127,0.15777316689491272
stytr2,03128,0.17478883266448975
stytr2,03129,0.282446026802063
stytr2,03130,0.29631507396698
stytr2,03131,0.4634466767311096
stytr2,03132,0.29322052001953125
stytr2,03133,0.09003753960132599
stytr2,03134,0.3054964542388916
stytr2,03135,0.12675653398036957
stytr2,03136,0.287156879901886
stytr2,03137,0.25489264726638794
stytr2,03138,0.2940165102481842
stytr2,03139,0.24970299005508423
stytr2,03140,0.38091838359832764
stytr2,03141,0.24641907215118408
stytr2,03142,0.14822006225585938
stytr2,03143,0.4400564134120941
stytr2,03144,0.42397576570510864
stytr2,03145,0.4389760494232178
stytr2,03146,0.4081127643585205
stytr2,03147,0.655093252658844
stytr2,03148,0.40117156505584717
stytr2,03149,0.30982720851898193
stytr2,03150,0.3048046827316284
stytr2,03151,0.26099759340286255
stytr2,03152,0.19658628106117249
stytr2,03153,0.18090000748634338
stytr2,03154,0.27067047357559204
stytr2,03155,0.14550748467445374
stytr2,03156,0.05187274143099785
stytr2,03157,0.19131368398666382
stytr2,03158,0.20299629867076874
stytr2,03159,0.22133661806583405
stytr2,03160,0.4260742664337158
stytr2,03161,0.6310908794403076
stytr2,03162,0.03915184363722801
stytr2,03163,0.4143184721469879
stytr2,03164,0.34514129161834717
stytr2,03165,0.3746247887611389
stytr2,03166,0.12432335317134857
stytr2,03167,0.3361554741859436
stytr2,03168,0.23815587162971497
stytr2,03169,0.2720978260040283
stytr2,03170,0.3106333613395691
stytr2,03171,0.31479528546333313
stytr2,03172,0.37351036071777344
stytr2,03173,0.5114312767982483
stytr2,03174,0.41252651810646057
stytr2,03175,0.27980828285217285
stytr2,03176,0.16874951124191284
stytr2,03177,0.46188756823539734
stytr2,03178,0.028744587674736977
stytr2,03179,0.430812805891037
stytr2,03180,0.2703860402107239
stytr2,03181,0.26481491327285767
stytr2,03182,0.35742875933647156
stytr2,03183,0.6312626600265503
stytr2,03184,0.25078141689300537
stytr2,03185,0.12609927356243134
stytr2,03186,0.2631000876426697
stytr2,03187,0.17572803795337677
stytr2,03188,0.2321287989616394
stytr2,03189,0.18453826010227203
stytr2,03190,0.15648549795150757
stytr2,03191,0.17989513278007507
stytr2,03192,0.38748806715011597
stytr2,03193,0.34542524814605713
stytr2,03194,0.4483524262905121
stytr2,03195,0.5505292415618896
stytr2,03196,0.2816639542579651
stytr2,03197,0.2546818256378174
stytr2,03198,0.3246460556983948
stytr2,03199,0.06732387840747833
stytr2,03200,0.4808400571346283
stytr2,03201,0.4224454164505005
stytr2,03202,0.3636913001537323
stytr2,03203,0.47692233324050903
stytr2,03204,0.551184356212616
stytr2,03205,0.05951783061027527
stytr2,03206,0.4349554181098938
stytr2,03207,0.08382447808980942
stytr2,03208,0.13422757387161255
stytr2,03209,0.39072057604789734
stytr2,03210,0.22278892993927002
stytr2,03211,0.29259049892425537
stytr2,03212,0.4384676516056061
stytr2,03213,0.16516901552677155
stytr2,03214,0.41490834951400757
stytr2,03215,0.2431110143661499
stytr2,03216,0.1338208019733429
stytr2,03217,0.3979019224643707
stytr2,03218,0.06673073768615723
stytr2,03219,0.47220247983932495
stytr2,03220,0.33993253111839294
stytr2,03221,0.3668782114982605
stytr2,03222,0.552673876285553
stytr2,03223,0.3662101626396179
stytr2,03224,0.3339165449142456
stytr2,03225,0.2952536940574646
stytr2,03226,0.3024376630783081
stytr2,03227,0.5256593227386475
stytr2,03228,0.07829031348228455
stytr2,03229,0.3495565950870514
stytr2,03230,0.4381573796272278
stytr2,03231,0.3674083352088928
stytr2,03232,0.20870313048362732
stytr2,03233,0.3637661337852478
stytr2,03234,0.26075616478919983
stytr2,03235,0.4051986634731293
stytr2,03236,0.2785356938838959
stytr2,03237,0.22600650787353516
stytr2,03238,0.33256015181541443
stytr2,03239,0.2731567323207855
stytr2,03240,0.42425379157066345
stytr2,03241,0.08035638928413391
stytr2,03242,0.3024977147579193
stytr2,03243,0.3850100040435791
stytr2,03244,0.3788055181503296
stytr2,03245,0.37543785572052
stytr2,03246,0.3551329970359802
stytr2,03247,0.2167673110961914
stytr2,03248,0.23722293972969055
stytr2,03249,0.6125617027282715
stytr2,03250,0.42622247338294983
stytr2,03251,0.02943139709532261
stytr2,03252,0.2170141488313675
stytr2,03253,0.38439518213272095
stytr2,03254,0.15840604901313782
stytr2,03255,0.40674763917922974
stytr2,03256,0.4543766379356384
stytr2,03257,0.5751869678497314
stytr2,03258,0.29334285855293274
stytr2,03259,0.40294140577316284
stytr2,03260,0.12390445917844772
stytr2,03261,0.3612250089645386
stytr2,03262,0.2794124484062195
stytr2,03263,0.3454720079898834
stytr2,03264,0.369751900434494
stytr2,03265,0.17524078488349915
stytr2,03266,0.27578091621398926
stytr2,03267,0.25078701972961426
stytr2,03268,0.4822548031806946
stytr2,03269,0.3117533028125763
stytr2,03270,0.41994690895080566
stytr2,03271,0.29800915718078613
stytr2,03272,0.484311044216156
stytr2,03273,0.23106251657009125
stytr2,03274,0.3860350251197815
stytr2,03275,0.48616716265678406
stytr2,03276,0.3462575674057007
stytr2,03277,0.3071402907371521
stytr2,03278,0.42584773898124695
stytr2,03279,0.47903746366500854
stytr2,03280,0.09772557765245438
stytr2,03281,0.22290724515914917
stytr2,03282,0.21931305527687073
stytr2,03283,0.3015386462211609
stytr2,03284,0.36182424426078796
stytr2,03285,0.5686501264572144
stytr2,03286,0.23479685187339783
stytr2,03287,0.6394500136375427
stytr2,03288,0.35521847009658813
stytr2,03289,0.24068814516067505
stytr2,03290,0.32038217782974243
stytr2,03291,0.2384868562221527
stytr2,03292,0.40033313632011414
stytr2,03293,0.3284558653831482
stytr2,03294,0.2027817815542221
stytr2,03295,0.20516715943813324
stytr2,03296,0.20637279748916626
stytr2,03297,0.2415163367986679
stytr2,03298,0.2521362900733948
stytr2,03299,0.5605318546295166
stytr2,03300,0.40598663687705994
stytr2,03301,0.23113632202148438
stytr2,03302,0.31922969222068787
stytr2,03303,0.37411922216415405
stytr2,03304,0.23015281558036804
stytr2,03305,0.4362931251525879
stytr2,03306,0.3969641923904419
stytr2,03307,0.28928762674331665
stytr2,03308,0.3220084309577942
stytr2,03309,0.15547415614128113
stytr2,03310,0.43679705262184143
stytr2,03311,0.164536252617836
stytr2,03312,0.462517112493515
stytr2,03313,0.48771896958351135
stytr2,03314,0.3202946186065674
stytr2,03315,0.1004156619310379
stytr2,03316,0.6254298090934753
stytr2,03317,0.4092472195625305
stytr2,03318,0.32796797156333923
stytr2,03319,0.44746729731559753
stytr2,03320,0.415066659450531
stytr2,03321,0.20175525546073914
stytr2,03322,0.3988577127456665
stytr2,03323,0.25138455629348755
stytr2,03324,0.2024364173412323
stytr2,03325,0.2991548180580139
stytr2,03326,0.3003893494606018
stytr2,03327,0.20839881896972656
stytr2,03328,0.44393351674079895
stytr2,03329,0.36143890023231506
stytr2,03330,0.1466207057237625
stytr2,03331,0.23799094557762146
stytr2,03332,0.4155208468437195
stytr2,03333,0.39717525243759155
stytr2,03334,0.5814160704612732
stytr2,03335,0.22100259363651276
stytr2,03336,0.15357249975204468
stytr2,03337,0.21386060118675232
stytr2,03338,0.15719227492809296
stytr2,03339,0.36118242144584656
stytr2,03340,0.09701870381832123
stytr2,03341,0.0853271335363388
stytr2,03342,0.34742099046707153
stytr2,03343,0.5613061189651489
stytr2,03344,0.3315236270427704
stytr2,03345,0.3287951946258545
stytr2,03346,0.31323885917663574
stytr2,03347,0.3441852927207947
stytr2,03348,0.4700263440608978
stytr2,03349,0.27188852429389954
stytr2,03350,0.1794317215681076
stytr2,03351,0.15084396302700043
stytr2,03352,0.26990050077438354
stytr2,03353,0.2271663099527359
stytr2,03354,0.35946333408355713
stytr2,03355,0.23716507852077484
stytr2,03356,0.2499939203262329
stytr2,03357,0.3424213230609894
stytr2,03358,0.20698273181915283
stytr2,03359,0.26335757970809937
stytr2,03360,0.2835997939109802
stytr2,03361,0.20903564989566803
stytr2,03362,0.26360881328582764
stytr2,03363,0.5275813937187195
stytr2,03364,0.16435256600379944
stytr2,03365,0.4168176054954529
stytr2,03366,0.25464633107185364
stytr2,03367,0.35053423047065735
stytr2,03368,0.3685641586780548
stytr2,03369,0.13949787616729736
stytr2,03370,0.3433179259300232
stytr2,03371,0.19872668385505676
stytr2,03372,0.09185367822647095
stytr2,03373,0.0638413205742836
stytr2,03374,0.4164685308933258
stytr2,03375,0.1442803144454956
stytr2,03376,0.4511352479457855
stytr2,03377,0.2460402250289917
stytr2,03378,0.05955503135919571
stytr2,03379,-0.04213710501790047
stytr2,03380,0.5750589370727539
stytr2,03381,0.21172139048576355
stytr2,03382,0.24565887451171875
stytr2,03383,0.20207595825195312
stytr2,03384,0.46541500091552734
stytr2,03385,0.43408262729644775
stytr2,03386,0.6546580195426941
stytr2,03387,0.21266528964042664
stytr2,03388,0.5074726939201355
stytr2,03389,0.4621371626853943
stytr2,03390,0.37696754932403564
stytr2,03391,0.28889501094818115
stytr2,03392,0.04396817088127136
stytr2,03393,0.2668374180793762
stytr2,03394,0.3288201093673706
stytr2,03395,0.1844477653503418
stytr2,03396,0.0769139751791954
stytr2,03397,0.38455918431282043
stytr2,03398,0.2811625599861145
stytr2,03399,0.5147401094436646
stytr2,03400,0.06492206454277039
stytr2,03401,0.32359039783477783
stytr2,03402,0.26798802614212036
stytr2,03403,0.058004170656204224
stytr2,03404,0.48670297861099243
stytr2,03405,0.4481070041656494
stytr2,03406,0.32346606254577637
stytr2,03407,0.28300535678863525
stytr2,03408,0.1808137595653534
stytr2,03409,0.313147634267807
stytr2,03410,0.25107577443122864
stytr2,03411,0.6074098348617554
stytr2,03412,0.21305948495864868
stytr2,03413,0.35053396224975586
stytr2,03414,0.16865569353103638
stytr2,03415,0.20840507745742798
stytr2,03416,0.1553124040365219
stytr2,03417,0.5786206722259521
stytr2,03418,0.23633290827274323
stytr2,03419,0.22511082887649536
stytr2,03420,0.2544984817504883
stytr2,03421,0.40581101179122925
stytr2,03422,0.1708037257194519
stytr2,03423,0.3117951452732086
stytr2,03424,0.32380765676498413
stytr2,03425,0.4095066487789154
stytr2,03426,0.4566737115383148
stytr2,03427,0.29294222593307495
stytr2,03428,0.20713292062282562
stytr2,03429,0.1785094439983368
stytr2,03430,0.2764510214328766
stytr2,03431,0.321066677570343
stytr2,03432,0.4281708002090454
stytr2,03433,0.23073264956474304
stytr2,03434,0.25423240661621094
stytr2,03435,0.2361937165260315
stytr2,03436,0.5390772819519043
stytr2,03437,0.2584671974182129
stytr2,03438,0.5226709842681885
stytr2,03439,0.3163425326347351
stytr2,03440,0.19848600029945374
stytr2,03441,0.496488094329834
stytr2,03442,0.123925119638443
stytr2,03443,0.46014225482940674
stytr2,03444,0.08900472521781921
stytr2,03445,0.2664538025856018
stytr2,03446,0.21926775574684143
stytr2,03447,0.31398674845695496
stytr2,03448,0.33957284688949585
stytr2,03449,0.18264006078243256
stytr2,03450,0.39626020193099976
stytr2,03451,0.34583455324172974
stytr2,03452,0.1778024137020111
stytr2,03453,0.14370909333229065
stytr2,03454,0.466300904750824
stytr2,03455,0.4765368103981018
stytr2,03456,0.33136457204818726
stytr2,03457,0.44164109230041504
stytr2,03458,0.2194766402244568
stytr2,03459,0.28563910722732544
stytr2,03460,0.42363882064819336
stytr2,03461,0.09548056125640869
stytr2,03462,0.4062359929084778
stytr2,03463,0.5272073149681091
stytr2,03464,0.23931783437728882
stytr2,03465,0.20857113599777222
stytr2,03466,0.20991435647010803
stytr2,03467,0.37057575583457947
stytr2,03468,0.3291829824447632
stytr2,03469,0.27727174758911133
stytr2,03470,0.1780983954668045
stytr2,03471,0.32299134135246277
stytr2,03472,0.2349236160516739
stytr2,03473,0.23751932382583618
stytr2,03474,0.2597465217113495
stytr2,03475,0.18013888597488403
stytr2,03476,0.2594994604587555
stytr2,03477,0.3931776285171509
stytr2,03478,0.25926321744918823
stytr2,03479,0.1822744905948639
stytr2,03480,0.12975424528121948
stytr2,03481,0.18821576237678528
stytr2,03482,0.15116028487682343
stytr2,03483,0.3675340712070465
stytr2,03484,0.22283828258514404
stytr2,03485,0.15893982350826263
stytr2,03486,0.15986478328704834
stytr2,03487,0.15611550211906433
stytr2,03488,0.2939271330833435
stytr2,03489,0.033004701137542725
stytr2,03490,0.47679081559181213
stytr2,03491,0.320959210395813
stytr2,03492,0.22899511456489563
stytr2,03493,0.5000963807106018
stytr2,03494,0.20556844770908356
stytr2,03495,0.7055937051773071
stytr2,03496,0.4347119927406311
stytr2,03497,0.2698987126350403
stytr2,03498,0.32147473096847534
stytr2,03499,0.2714073359966278
stytr2,03500,0.4253970682621002
stytr2,03501,0.3434014916419983
stytr2,03502,0.15049871802330017
stytr2,03503,0.29076895117759705
stytr2,03504,0.24477000534534454
stytr2,03505,0.4786251187324524
stytr2,03506,0.1815001666545868
stytr2,03507,0.23424488306045532
stytr2,03508,0.35439515113830566
stytr2,03509,0.3812562823295593
stytr2,03510,0.2084883153438568
stytr2,03511,0.39709997177124023
stytr2,03512,0.05124847590923309
stytr2,03513,0.2227153778076172
stytr2,03514,0.3232189416885376
stytr2,03515,0.2560797929763794
stytr2,03516,0.1423187404870987
stytr2,03517,0.2883515954017639
stytr2,03518,0.3604138493537903
stytr2,03519,0.46624529361724854
stytr2,03520,0.2611086368560791
stytr2,03521,0.36525285243988037
stytr2,03522,0.42627549171447754
stytr2,03523,0.37234634160995483
stytr2,03524,0.33237215876579285
stytr2,03525,0.28553247451782227
stytr2,03526,0.5319032669067383
stytr2,03527,0.4379495084285736
stytr2,03528,0.12790547311306
stytr2,03529,0.35610929131507874
stytr2,03530,0.30797362327575684
stytr2,03531,0.2386075109243393
stytr2,03532,0.4498874545097351
stytr2,03533,0.2661187946796417
stytr2,03534,0.15402376651763916
stytr2,03535,0.1712637096643448
stytr2,03536,0.23196592926979065
stytr2,03537,0.2646044194698334
stytr2,03538,0.43496784567832947
stytr2,03539,0.40997540950775146
stytr2,03540,0.34914344549179077
stytr2,03541,0.15192995965480804
stytr2,03542,0.1582792103290558
stytr2,03543,0.25886327028274536
stytr2,03544,0.42636606097221375
stytr2,03545,0.37279677391052246
stytr2,03546,0.1923912763595581
stytr2,03547,0.17736995220184326
stytr2,03548,0.2288593351840973
stytr2,03549,0.15947255492210388
stytr2,03550,0.47597765922546387
stytr2,03551,0.41499292850494385
stytr2,03552,0.26279914379119873
stytr2,03553,0.3700532019138336
stytr2,03554,0.2618786096572876
stytr2,03555,0.09361308813095093
stytr2,03556,0.14294594526290894
stytr2,03557,0.3749954104423523
stytr2,03558,0.08174522966146469
stytr2,03559,0.0464903861284256
stytr2,03560,0.4627514183521271
stytr2,03561,0.19339683651924133
stytr2,03562,0.17692239582538605
stytr2,03563,0.3299993872642517
stytr2,03564,0.19819334149360657
stytr2,03565,0.11315011978149414
stytr2,03566,0.44499245285987854
stytr2,03567,0.5879435539245605
stytr2,03568,0.3099933862686157
stytr2,03569,0.5583387613296509
stytr2,03570,0.21179455518722534
stytr2,03571,0.262321412563324
stytr2,03572,0.3339559733867645
stytr2,03573,0.12972983717918396
stytr2,03574,-0.01020229421555996
stytr2,03575,0.23222452402114868
stytr2,03576,0.2953721284866333
stytr2,03577,0.24571150541305542
stytr2,03578,0.3435180187225342
stytr2,03579,0.4342671036720276
stytr2,03580,0.24929797649383545
stytr2,03581,0.21143265068531036
stytr2,03582,0.13688182830810547
stytr2,03583,0.15655547380447388
stytr2,03584,0.2456856369972229
stytr2,03585,0.3398711681365967
stytr2,03586,0.07490812987089157
stytr2,03587,0.3960125148296356
stytr2,03588,0.32973653078079224
stytr2,03589,0.3155701160430908
stytr2,03590,0.11698678880929947
stytr2,03591,0.13229380548000336
stytr2,03592,0.2171308398246765
stytr2,03593,0.33527272939682007
stytr2,03594,0.24323208630084991
stytr2,03595,0.2437973916530609
stytr2,03596,0.0557221844792366
stytr2,03597,0.25542306900024414
stytr2,03598,0.09649646282196045
stytr2,03599,0.3048149347305298
stytr2,03600,0.33291664719581604
stytr2,03601,0.27642375230789185
stytr2,03602,0.3913525938987732
stytr2,03603,0.16143298149108887
stytr2,03604,0.3509170413017273
stytr2,03605,0.39397239685058594
stytr2,03606,0.22248177230358124
stytr2,03607,0.4009068012237549
stytr2,03608,0.4372267425060272
stytr2,03609,0.11123107373714447
stytr2,03610,0.31140393018722534
stytr2,03611,0.2469978779554367
stytr2,03612,0.5199166536331177
stytr2,03613,0.13675254583358765
stytr2,03614,0.3587014675140381
stytr2,03615,0.07401154190301895
stytr2,03616,0.3180081248283386
stytr2,03617,0.043303072452545166
stytr2,03618,0.24895907938480377
stytr2,03619,0.49066296219825745
stytr2,03620,0.41122978925704956
stytr2,03621,0.2364135980606079
stytr2,03622,0.4049689471721649
stytr2,03623,0.25668928027153015
stytr2,03624,0.21492493152618408
stytr2,03625,0.3865143954753876
stytr2,03626,0.21833786368370056
stytr2,03627,0.23426499962806702
stytr2,03628,0.1174672544002533
stytr2,03629,0.2661624550819397
stytr2,03630,0.32276079058647156
stytr2,03631,0.4143469035625458
stytr2,03632,0.23261432349681854
stytr2,03633,0.2509533166885376
stytr2,03634,0.1868506669998169
stytr2,03635,0.24931910634040833
stytr2,03636,0.22129178047180176
stytr2,03637,0.2828068733215332
stytr2,03638,0.4404190182685852
stytr2,03639,0.3056226372718811
stytr2,03640,0.21707293391227722
stytr2,03641,0.19265469908714294
stytr2,03642,0.4149659276008606
stytr2,03643,0.32596737146377563
stytr2,03644,0.26667308807373047
stytr2,03645,0.3398873209953308
stytr2,03646,0.3782944083213806
stytr2,03647,0.3746867775917053
stytr2,03648,0.31951871514320374
stytr2,03649,0.6120492219924927
stytr2,03650,0.2705637812614441
stytr2,03651,0.3397359848022461
stytr2,03652,0.26181381940841675
stytr2,03653,0.28035134077072144
stytr2,03654,0.18111076951026917
stytr2,03655,0.36217501759529114
stytr2,03656,0.2440931797027588
stytr2,03657,0.2914426326751709
stytr2,03658,0.3087606132030487
stytr2,03659,0.09948732703924179
stytr2,03660,0.2453610748052597
stytr2,03661,0.38072800636291504
stytr2,03662,0.24105452001094818
stytr2,03663,0.24591779708862305
stytr2,03664,0.2804286479949951
stytr2,03665,0.3754346966743469
stytr2,03666,0.34054356813430786
stytr2,03667,0.37947648763656616
stytr2,03668,0.2503649890422821
stytr2,03669,0.21929320693016052
stytr2,03670,0.2644135653972626
stytr2,03671,0.4232163727283478
stytr2,03672,0.3988756239414215
stytr2,03673,0.20750650763511658
stytr2,03674,0.17695832252502441
stytr2,03675,0.23653067648410797
stytr2,03676,0.3225189447402954
stytr2,03677,0.042821504175662994
stytr2,03678,0.30657002329826355
stytr2,03679,0.3402014970779419
stytr2,03680,0.3200417160987854
stytr2,03681,0.3572484254837036
stytr2,03682,0.13854745030403137
stytr2,03683,0.2803211212158203
stytr2,03684,0.2591968774795532
stytr2,03685,0.5224863290786743
stytr2,03686,0.5285190343856812
stytr2,03687,0.35939323902130127
stytr2,03688,0.23832254111766815
stytr2,03689,0.26696082949638367
stytr2,03690,0.10799574106931686
stytr2,03691,0.3570932149887085
stytr2,03692,0.3355289697647095
stytr2,03693,0.43926626443862915
stytr2,03694,0.2854902744293213
stytr2,03695,0.19015716016292572
stytr2,03696,0.38856232166290283
stytr2,03697,0.23343916237354279
stytr2,03698,0.5463765263557434
stytr2,03699,0.05123132839798927
stytr2,03700,0.22166043519973755
stytr2,03701,0.25505387783050537
stytr2,03702,0.31967422366142273
stytr2,03703,0.30641043186187744
stytr2,03704,0.18762731552124023
stytr2,03705,0.3823387920856476
stytr2,03706,0.3481642007827759
stytr2,03707,0.30526989698410034
stytr2,03708,0.3440137505531311
stytr2,03709,0.38448724150657654
stytr2,03710,0.14799754321575165
stytr2,03711,0.2612987756729126
stytr2,03712,0.324450820684433
stytr2,03713,0.3442630171775818
stytr2,03714,0.10904448479413986
stytr2,03715,0.11254993826150894
stytr2,03716,0.3524591326713562
stytr2,03717,0.3156406879425049
stytr2,03718,0.05980983376502991
stytr2,03719,0.42772045731544495
stytr2,03720,0.17184388637542725
stytr2,03721,0.1275888979434967
stytr2,03722,0.18272516131401062
stytr2,03723,0.10765298455953598
stytr2,03724,0.36901208758354187
stytr2,03725,0.4792957901954651
stytr2,03726,0.27864646911621094
stytr2,03727,0.46811380982398987
stytr2,03728,0.28747716546058655
stytr2,03729,0.1789894700050354
stytr2,03730,0.29048603773117065
stytr2,03731,0.17575448751449585
stytr2,03732,0.3102836012840271
stytr2,03733,0.4704340696334839
stytr2,03734,0.43633508682250977
stytr2,03735,0.34035634994506836
stytr2,03736,0.17871558666229248
stytr2,03737,0.3034104108810425
stytr2,03738,0.3173661530017853
stytr2,03739,0.2938106656074524
stytr2,03740,0.2252923846244812
stytr2,03741,0.5559915900230408
stytr2,03742,0.3069176971912384
stytr2,03743,0.4950074255466461
stytr2,03744,0.15428687632083893
stytr2,03745,0.30284106731414795
stytr2,03746,0.08809283375740051
stytr2,03747,0.3213691711425781
stytr2,03748,0.42173510789871216
stytr2,03749,0.31020575761795044
stytr2,03750,0.17174114286899567
stytr2,03751,0.21384501457214355
stytr2,03752,0.16151592135429382
stytr2,03753,0.2007232904434204
stytr2,03754,0.3876000642776489
stytr2,03755,0.26686426997184753
stytr2,03756,0.42636385560035706
stytr2,03757,0.11766702681779861
stytr2,03758,0.5140401721000671
stytr2,03759,0.2049778252840042
stytr2,03760,0.21994835138320923
stytr2,03761,0.26084017753601074
stytr2,03762,0.30546921491622925
stytr2,03763,0.47204744815826416
stytr2,03764,0.3420912027359009
stytr2,03765,0.5249418020248413
stytr2,03766,0.20617803931236267
stytr2,03767,0.21845880150794983
stytr2,03768,0.154881089925766
stytr2,03769,0.3709927797317505
stytr2,03770,0.19493898749351501
stytr2,03771,0.44206446409225464
stytr2,03772,0.26070064306259155
stytr2,03773,0.4079301953315735
stytr2,03774,0.6506330966949463
stytr2,03775,0.30637168884277344
stytr2,03776,0.40204501152038574
stytr2,03777,0.33997827768325806
stytr2,03778,0.30286481976509094
stytr2,03779,0.4211540222167969
stytr2,03780,0.3307929039001465
stytr2,03781,0.11854250729084015
stytr2,03782,0.20950521528720856
stytr2,03783,0.2229844480752945
stytr2,03784,0.3285319209098816
stytr2,03785,0.3879709839820862
stytr2,03786,0.45232343673706055
stytr2,03787,0.17186783254146576
stytr2,03788,0.24881146848201752
stytr2,03789,0.06977324187755585
stytr2,03790,0.2678791582584381
stytr2,03791,0.3959171175956726
stytr2,03792,0.08008389174938202
stytr2,03793,0.5829278230667114
stytr2,03794,0.43017101287841797
stytr2,03795,0.21131408214569092
stytr2,03796,0.32715705037117004
stytr2,03797,0.3335810601711273
stytr2,03798,0.47811007499694824
stytr2,03799,0.16268785297870636
stytr2,03800,0.34564805030822754
stytr2,03801,0.0979703962802887
stytr2,03802,0.24762126803398132
stytr2,03803,0.24137046933174133
stytr2,03804,0.14439307153224945
stytr2,03805,0.2152026891708374
stytr2,03806,0.2853837311267853
stytr2,03807,0.12066219002008438
stytr2,03808,0.27203047275543213
stytr2,03809,0.2592742443084717
stytr2,03810,0.20447105169296265
stytr2,03811,0.20088116824626923
stytr2,03812,0.24902881681919098
stytr2,03813,0.34312501549720764
stytr2,03814,0.18457169830799103
stytr2,03815,0.03664855659008026
stytr2,03816,0.2681751847267151
stytr2,03817,0.3007325828075409
stytr2,03818,0.0157027505338192
stytr2,03819,0.1344701498746872
stytr2,03820,0.0869559720158577
stytr2,03821,0.3096756339073181
stytr2,03822,0.10763658583164215
stytr2,03823,0.6051297783851624
stytr2,03824,0.2070440948009491
stytr2,03825,0.17114976048469543
stytr2,03826,0.08043284714221954
stytr2,03827,0.27096083760261536
stytr2,03828,0.17070993781089783
stytr2,03829,0.25327715277671814
stytr2,03830,0.483109712600708
stytr2,03831,0.31108492612838745
stytr2,03832,0.1377594769001007
stytr2,03833,0.4394322335720062
stytr2,03834,0.3871269226074219
stytr2,03835,0.11178379505872726
stytr2,03836,0.2241186499595642
stytr2,03837,0.4582732617855072
stytr2,03838,0.46769097447395325
stytr2,03839,0.15372267365455627
stytr2,03840,0.5973303318023682
stytr2,03841,0.30337250232696533
stytr2,03842,0.030414190143346786
stytr2,03843,0.49158114194869995
stytr2,03844,0.10387856513261795
stytr2,03845,0.33421966433525085
stytr2,03846,0.18634794652462006
stytr2,03847,0.23664768040180206
stytr2,03848,0.12638235092163086
stytr2,03849,0.10787125676870346
stytr2,03850,0.3270021677017212
stytr2,03851,0.42061612010002136
stytr2,03852,0.17171084880828857
stytr2,03853,0.34061890840530396
stytr2,03854,0.29705992341041565
stytr2,03855,0.4098244309425354
stytr2,03856,0.26563167572021484
stytr2,03857,0.48022642731666565
stytr2,03858,0.5641175508499146
stytr2,03859,0.2626531720161438
stytr2,03860,0.35854822397232056
stytr2,03861,0.1762862354516983
stytr2,03862,0.1862388700246811
stytr2,03863,0.4391155540943146
stytr2,03864,0.473555326461792
stytr2,03865,0.22859486937522888
stytr2,03866,0.31779736280441284
stytr2,03867,0.22723573446273804
stytr2,03868,0.4473011791706085
stytr2,03869,0.3392512798309326
stytr2,03870,0.23110218346118927
stytr2,03871,0.45996183156967163
stytr2,03872,0.17976033687591553
stytr2,03873,0.3310202360153198
stytr2,03874,0.44235217571258545
stytr2,03875,0.13276755809783936
stytr2,03876,0.30424216389656067
stytr2,03877,0.1591843068599701
stytr2,03878,0.5874913930892944
stytr2,03879,0.25181281566619873
stytr2,03880,0.4020158648490906
stytr2,03881,0.2635188698768616
stytr2,03882,0.4442174732685089
stytr2,03883,0.23509368300437927
stytr2,03884,0.27382874488830566
stytr2,03885,0.25562894344329834
stytr2,03886,0.461708128452301
stytr2,03887,0.3353269696235657
stytr2,03888,0.0034992042928934097
stytr2,03889,0.38399794697761536
stytr2,03890,0.6667885184288025
stytr2,03891,0.29786258935928345
stytr2,03892,0.25265491008758545
stytr2,03893,0.29581418633461
stytr2,03894,0.32819443941116333
stytr2,03895,0.6740109920501709
stytr2,03896,0.11591915041208267
stytr2,03897,0.569410502910614
stytr2,03898,0.3550125062465668
stytr2,03899,0.15691664814949036
stytr2,03900,0.3955012559890747
stytr2,03901,0.2718835473060608
stytr2,03902,0.007397480309009552
stytr2,03903,0.21823738515377045
stytr2,03904,0.3198483884334564
stytr2,03905,0.2566525638103485
stytr2,03906,0.29808682203292847
stytr2,03907,0.06218473240733147
stytr2,03908,0.17005029320716858
stytr2,03909,0.09829357266426086
stytr2,03910,0.5142065286636353
stytr2,03911,0.5764557123184204
stytr2,03912,0.3018679618835449
stytr2,03913,0.1815553456544876
stytr2,03914,0.17530465126037598
stytr2,03915,0.03730318695306778
stytr2,03916,0.16030502319335938
stytr2,03917,0.11108434200286865
stytr2,03918,0.08084961771965027
stytr2,03919,0.4413315951824188
stytr2,03920,0.3472639322280884
stytr2,03921,0.3854096531867981
stytr2,03922,0.2959325313568115
stytr2,03923,0.22101852297782898
stytr2,03924,0.3347799777984619
stytr2,03925,0.20984244346618652
stytr2,03926,0.26283198595046997
stytr2,03927,0.5462216138839722
stytr2,03928,0.3016848564147949
stytr2,03929,0.237367182970047
stytr2,03930,0.17815101146697998
stytr2,03931,0.3014252781867981
stytr2,03932,0.14292359352111816
stytr2,03933,0.28066879510879517
stytr2,03934,0.3730839490890503
stytr2,03935,0.3675583004951477
stytr2,03936,0.16299539804458618
stytr2,03937,0.39652007818222046
stytr2,03938,0.1389155387878418
stytr2,03939,0.236332505941391
stytr2,03940,0.4076370596885681
stytr2,03941,0.371753990650177
stytr2,03942,0.3492652475833893
stytr2,03943,0.21328045427799225
stytr2,03944,0.25496309995651245
stytr2,03945,0.2430969476699829
stytr2,03946,0.4034341275691986
stytr2,03947,0.29571667313575745
stytr2,03948,0.3886547088623047
stytr2,03949,0.309263676404953
stytr2,03950,0.33374685049057007
stytr2,03951,0.3047885000705719
stytr2,03952,0.2581266164779663
stytr2,03953,0.2404782623052597
stytr2,03954,0.3202964663505554
stytr2,03955,0.261462926864624
stytr2,03956,0.16855399310588837
stytr2,03957,0.3939738869667053
stytr2,03958,0.28901946544647217
stytr2,03959,0.30277204513549805
stytr2,03960,0.3243315815925598
stytr2,03961,0.39464855194091797
stytr2,03962,0.18383154273033142
stytr2,03963,0.3725954294204712
stytr2,03964,0.3469507694244385
stytr2,03965,0.3472452461719513
stytr2,03966,0.27567726373672485
stytr2,03967,0.5059939622879028
stytr2,03968,0.261890172958374
stytr2,03969,0.4296189844608307
stytr2,03970,0.5770822167396545
stytr2,03971,0.2724788188934326
stytr2,03972,0.2935395836830139
stytr2,03973,0.36325860023498535
stytr2,03974,0.21166911721229553
stytr2,03975,0.22520971298217773
stytr2,03976,0.24012674391269684
stytr2,03977,0.316724956035614
stytr2,03978,0.1675785630941391
stytr2,03979,0.3687213063240051
stytr2,03980,0.06858482956886292
stytr2,03981,0.19584070146083832
stytr2,03982,0.2683425843715668
stytr2,03983,0.471521258354187
stytr2,03984,0.13970117270946503
stytr2,03985,0.4049265682697296
stytr2,03986,0.11990392208099365
stytr2,03987,0.47279858589172363
stytr2,03988,0.2293708324432373
stytr2,03989,0.2888947129249573
stytr2,03990,0.18722860515117645
stytr2,03991,0.03381568193435669
stytr2,03992,0.21412405371665955
stytr2,03993,0.13707347214221954
stytr2,03994,0.12267071008682251
stytr2,03995,0.27922528982162476
stytr2,03996,0.4062325954437256
stytr2,03997,0.28076934814453125
stytr2,03998,0.5740128755569458
stytr2,03999,0.16157276928424835
stytr2,04000,0.3770983815193176
stytr2,04001,0.5356457233428955
stytr2,04002,0.4538366198539734
stytr2,04003,0.2266545593738556
stytr2,04004,0.1679166853427887
stytr2,04005,0.35208243131637573
stytr2,04006,0.2895495295524597
stytr2,04007,0.38028258085250854
stytr2,04008,0.201385959982872
stytr2,04009,0.2608523368835449
stytr2,04010,0.11353856325149536
stytr2,04011,0.36768639087677
stytr2,04012,0.31656354665756226
stytr2,04013,0.22243666648864746
stytr2,04014,0.4428669810295105
stytr2,04015,0.2496439516544342
stytr2,04016,0.40519949793815613
stytr2,04017,0.5536453127861023
stytr2,04018,0.29697147011756897
stytr2,04019,0.2265462726354599
stytr2,04020,0.21559467911720276
stytr2,04021,0.4495885968208313
stytr2,04022,0.12783867120742798
stytr2,04023,0.2589851915836334
stytr2,04024,0.29654109477996826
stytr2,04025,0.43288856744766235
stytr2,04026,0.17323088645935059
stytr2,04027,0.4465636610984802
stytr2,04028,0.3114194869995117
stytr2,04029,0.1370442509651184
stytr2,04030,0.3396950960159302
stytr2,04031,0.18702100217342377
stytr2,04032,0.1802326738834381
stytr2,04033,0.25360947847366333
stytr2,04034,0.09708819538354874
stytr2,04035,0.4664471745491028
stytr2,04036,0.18032047152519226
stytr2,04037,0.35888248682022095
stytr2,04038,0.5063496232032776
stytr2,04039,0.2820468544960022
stytr2,04040,0.33147457242012024
stytr2,04041,0.6755868196487427
stytr2,04042,0.2212342917919159
stytr2,04043,0.27783212065696716
stytr2,04044,0.2963610589504242
stytr2,04045,0.39054960012435913
stytr2,04046,0.26884838938713074
stytr2,04047,0.5087571144104004
stytr2,04048,0.5351291298866272
stytr2,04049,0.390739381313324
stytr2,04050,0.3190103769302368
stytr2,04051,0.24168331921100616
stytr2,04052,0.18002721667289734
stytr2,04053,0.30164918303489685
stytr2,04054,0.23966479301452637
stytr2,04055,0.2295154631137848
stytr2,04056,0.2473299205303192
stytr2,04057,0.2602604925632477
stytr2,04058,0.29249170422554016
stytr2,04059,0.19498470425605774
stytr2,04060,0.19827842712402344
stytr2,04061,0.25843778252601624
stytr2,04062,0.02298837900161743
stytr2,04063,0.3809278607368469
stytr2,04064,0.17639859020709991
stytr2,04065,0.2604498267173767
stytr2,04066,0.15343502163887024
stytr2,04067,0.16815152764320374
stytr2,04068,0.2788578271865845
stytr2,04069,0.2681487202644348
stytr2,04070,0.29888564348220825
stytr2,04071,0.3373461663722992
stytr2,04072,0.21273042261600494
stytr2,04073,0.40439409017562866
stytr2,04074,0.21532511711120605
stytr2,04075,0.12791140377521515
stytr2,04076,0.1832733005285263
stytr2,04077,0.0015862882137298584
stytr2,04078,0.17040202021598816
stytr2,04079,0.07204416394233704
stytr2,04080,0.3938913941383362
stytr2,04081,0.31521761417388916
stytr2,04082,0.38884231448173523
stytr2,04083,0.26924464106559753
stytr2,04084,0.14237093925476074
stytr2,04085,0.4336155951023102
stytr2,04086,0.3830634355545044
stytr2,04087,0.20968112349510193
stytr2,04088,0.286716103553772
stytr2,04089,0.2166309803724289
stytr2,04090,0.26230451464653015
stytr2,04091,0.34082043170928955
stytr2,04092,0.403901070356369
stytr2,04093,0.524206280708313
stytr2,04094,0.5220032334327698
stytr2,04095,0.32161515951156616
stytr2,04096,0.21460846066474915
stytr2,04097,0.3196793794631958
stytr2,04098,0.2953838109970093
stytr2,04099,0.3599753975868225
stytr2,04100,0.2907220721244812
stytr2,04101,0.3960559368133545
stytr2,04102,0.2498076856136322
stytr2,04103,0.4109334945678711
stytr2,04104,0.2052973508834839
stytr2,04105,0.37139517068862915
stytr2,04106,0.3164079189300537
stytr2,04107,0.35665011405944824
stytr2,04108,0.25715965032577515
stytr2,04109,0.20132265985012054
stytr2,04110,0.3355152904987335
stytr2,04111,0.017635643482208252
stytr2,04112,0.19510899484157562
stytr2,04113,0.26800480484962463
stytr2,04114,0.3765512704849243
stytr2,04115,0.2108152210712433
stytr2,04116,0.19259560108184814
stytr2,04117,0.2179928869009018
stytr2,04118,0.26392269134521484
stytr2,04119,0.473564475774765
stytr2,04120,0.4261056184768677
stytr2,04121,0.40666061639785767
stytr2,04122,0.17723961174488068
stytr2,04123,0.36970704793930054
stytr2,04124,0.22845111787319183
stytr2,04125,0.5082499980926514
stytr2,04126,0.19201011955738068
stytr2,04127,0.3409230709075928
stytr2,04128,0.12327780574560165
stytr2,04129,0.5673222541809082
stytr2,04130,0.13114967942237854
stytr2,04131,0.28593015670776367
stytr2,04132,0.3240916132926941
stytr2,04133,0.05553366243839264
stytr2,04134,0.1343681365251541
stytr2,04135,0.3543393015861511
stytr2,04136,0.3219192326068878
stytr2,04137,0.6215874552726746
stytr2,04138,0.30083051323890686
stytr2,04139,0.3265223503112793
stytr2,04140,0.23561355471611023
stytr2,04141,0.2666339874267578
stytr2,04142,0.2634679973125458
stytr2,04143,0.5067439675331116
stytr2,04144,0.517290472984314
stytr2,04145,0.26871800422668457
stytr2,04146,0.275987833738327
stytr2,04147,0.4017801880836487
stytr2,04148,0.23073932528495789
stytr2,04149,0.1543745994567871
stytr2,04150,0.35489264130592346
stytr2,04151,0.31535962224006653
stytr2,04152,0.2765447497367859
stytr2,04153,0.3905408978462219
stytr2,04154,0.22221049666404724
stytr2,04155,0.3980330228805542
stytr2,04156,0.19921383261680603
stytr2,04157,0.2736717462539673
stytr2,04158,0.1841324269771576
stytr2,04159,0.16694380342960358
stytr2,04160,0.26450639963150024
stytr2,04161,0.30467692017555237
stytr2,04162,0.14576274156570435
stytr2,04163,0.2857394218444824
stytr2,04164,0.34866759181022644
stytr2,04165,0.22275060415267944
stytr2,04166,0.08549416810274124
stytr2,04167,0.14663106203079224
stytr2,04168,0.44229018688201904
stytr2,04169,0.3487825393676758
stytr2,04170,0.1973414421081543
stytr2,04171,0.22406403720378876
stytr2,04172,0.2980313301086426
stytr2,04173,0.3087160587310791
stytr2,04174,0.362865686416626
stytr2,04175,0.3597465753555298
stytr2,04176,0.33788731694221497
stytr2,04177,0.011478452011942863
stytr2,04178,0.3118325471878052
stytr2,04179,0.01575276628136635
stytr2,04180,0.13211780786514282
stytr2,04181,0.3929012417793274
stytr2,04182,0.24219383299350739
stytr2,04183,0.2717227637767792
stytr2,04184,0.2453717291355133
stytr2,04185,0.42599496245384216
stytr2,04186,0.2166316956281662
stytr2,04187,0.4052715301513672
stytr2,04188,0.03658416122198105
stytr2,04189,0.404512882232666
stytr2,04190,0.05828385055065155
stytr2,04191,0.34107911586761475
stytr2,04192,0.3639541566371918
stytr2,04193,0.3521840572357178
stytr2,04194,0.3747459948062897
stytr2,04195,0.2741093635559082
stytr2,04196,0.2976779341697693
stytr2,04197,0.24300575256347656
stytr2,04198,0.3086281418800354
stytr2,04199,0.307891309261322
stytr2,04200,0.2092316895723343
stytr2,04201,0.3736465871334076
stytr2,04202,0.3391343355178833
stytr2,04203,0.15028345584869385
stytr2,04204,0.19961866736412048
stytr2,04205,0.10012459754943848
stytr2,04206,0.4844205975532532
stytr2,04207,0.3293466567993164
stytr2,04208,0.17791274189949036
stytr2,04209,0.12566885352134705
stytr2,04210,0.36324065923690796
stytr2,04211,0.19710949063301086
stytr2,04212,0.39604395627975464
stytr2,04213,0.41973018646240234
stytr2,04214,0.2831284999847412
stytr2,04215,0.12692755460739136
stytr2,04216,0.1606205701828003
stytr2,04217,0.1377227008342743
stytr2,04218,0.27565544843673706
stytr2,04219,0.34400197863578796
stytr2,04220,0.35571736097335815
stytr2,04221,0.3507061302661896
stytr2,04222,0.2436908632516861
stytr2,04223,0.33654695749282837
stytr2,04224,0.36996620893478394
stytr2,04225,0.04198107123374939
stytr2,04226,0.4848938286304474
stytr2,04227,0.2951310873031616
stytr2,04228,0.42952677607536316
stytr2,04229,0.254721075296402
stytr2,04230,0.18040800094604492
stytr2,04231,0.1845683455467224
stytr2,04232,0.20795857906341553
stytr2,04233,0.2760634422302246
stytr2,04234,0.5295508503913879
stytr2,04235,0.43166524171829224
stytr2,04236,0.30165985226631165
stytr2,04237,0.3667057156562805
stytr2,04238,0.1313350349664688
stytr2,04239,0.17125463485717773
stytr2,04240,0.3639351427555084
stytr2,04241,0.051568664610385895
stytr2,04242,0.25262153148651123
stytr2,04243,0.281246542930603
stytr2,04244,0.301488995552063
stytr2,04245,0.4419310390949249
stytr2,04246,0.37287771701812744
stytr2,04247,0.26120519638061523
stytr2,04248,0.3080579936504364
stytr2,04249,0.22942744195461273
stytr2,04250,0.30751729011535645
stytr2,04251,0.14343109726905823
stytr2,04252,0.32283082604408264
stytr2,04253,0.2570001184940338
stytr2,04254,0.2406499832868576
stytr2,04255,0.26750582456588745
stytr2,04256,0.30751246213912964
stytr2,04257,0.031414806842803955
stytr2,04258,0.2986910343170166
stytr2,04259,0.4195326268672943
stytr2,04260,0.1666102111339569
stytr2,04261,0.0572793185710907
stytr2,04262,0.3066844344139099
stytr2,04263,0.1827148199081421
stytr2,04264,0.27094605565071106
stytr2,04265,0.20543424785137177
stytr2,04266,0.40953904390335083
stytr2,04267,0.1654641032218933
stytr2,04268,0.49763235449790955
stytr2,04269,0.15854182839393616
stytr2,04270,0.3872673511505127
stytr2,04271,0.3755156993865967
stytr2,04272,0.4142147898674011
stytr2,04273,0.3229687809944153
stytr2,04274,0.12657779455184937
stytr2,04275,0.29503723978996277
stytr2,04276,0.6117982864379883
stytr2,04277,0.3341797888278961
stytr2,04278,0.21309849619865417
stytr2,04279,0.30292633175849915
stytr2,04280,0.14669311046600342
stytr2,04281,0.34360647201538086
stytr2,04282,0.2644118070602417
stytr2,04283,0.07207397371530533
stytr2,04284,0.24805407226085663
stytr2,04285,0.30408936738967896
stytr2,04286,0.13367722928524017
stytr2,04287,0.07896606624126434
stytr2,04288,0.2785448431968689
stytr2,04289,0.3840427100658417
stytr2,04290,0.25948867201805115
stytr2,04291,0.49948209524154663
stytr2,04292,0.210740864276886
stytr2,04293,0.18205809593200684
stytr2,04294,0.10604777187108994
stytr2,04295,0.3104410767555237
stytr2,04296,0.27839332818984985
stytr2,04297,0.4960014820098877
stytr2,04298,0.2633671760559082
stytr2,04299,0.5688881874084473
stytr2,04300,0.5112597346305847
stytr2,04301,0.22457104921340942
stytr2,04302,0.33596837520599365
stytr2,04303,0.5200486183166504
stytr2,04304,0.2800474762916565
stytr2,04305,0.35798272490501404
stytr2,04306,0.2453402578830719
stytr2,04307,0.25272059440612793
stytr2,04308,0.5103805661201477
stytr2,04309,0.15061220526695251
stytr2,04310,0.15563461184501648
stytr2,04311,0.3729035258293152
stytr2,04312,0.11764409393072128
stytr2,04313,0.43800783157348633
stytr2,04314,0.09751413017511368
stytr2,04315,0.36228856444358826
stytr2,04316,0.45753931999206543
stytr2,04317,0.4926949143409729
stytr2,04318,0.46800798177719116
stytr2,04319,0.2555268406867981
stytr2,04320,0.40816444158554077
stytr2,04321,0.16183672845363617
stytr2,04322,0.44172099232673645
stytr2,04323,0.34930452704429626
stytr2,04324,0.3491893410682678
stytr2,04325,0.360435426235199
stytr2,04326,0.2313351035118103
stytr2,04327,0.4293059706687927
stytr2,04328,0.40323764085769653
stytr2,04329,0.35034433007240295
stytr2,04330,0.20056310296058655
stytr2,04331,0.15208202600479126
stytr2,04332,0.065823495388031
stytr2,04333,0.2022451013326645
stytr2,04334,0.25467321276664734
stytr2,04335,0.4696003794670105
stytr2,04336,0.20099472999572754
stytr2,04337,0.15156924724578857
stytr2,04338,0.21090804040431976
stytr2,04339,0.2682666778564453
stytr2,04340,0.38297978043556213
stytr2,04341,0.21040049195289612
stytr2,04342,0.3020441234111786
stytr2,04343,0.263593852519989
stytr2,04344,0.482756108045578
stytr2,04345,0.3521575629711151
stytr2,04346,0.41333478689193726
stytr2,04347,0.4186813235282898
stytr2,04348,0.2823694944381714
stytr2,04349,0.5695314407348633
stytr2,04350,0.20328746736049652
stytr2,04351,0.4557736814022064
stytr2,04352,0.1557767689228058
stytr2,04353,0.30728060007095337
stytr2,04354,0.2364652454853058
stytr2,04355,0.013568775728344917
stytr2,04356,0.21946629881858826
stytr2,04357,0.25902730226516724
stytr2,04358,0.18562288582324982
stytr2,04359,0.31816619634628296
stytr2,04360,0.5121814012527466
stytr2,04361,0.05336741730570793
stytr2,04362,0.34227511286735535
stytr2,04363,0.24769991636276245
stytr2,04364,0.07176660001277924
stytr2,04365,0.242497980594635
stytr2,04366,0.0450950488448143
stytr2,04367,0.5267587900161743
stytr2,04368,0.33975523710250854
stytr2,04369,0.3463674783706665
stytr2,04370,0.10482880473136902
stytr2,04371,0.13725893199443817
stytr2,04372,0.36356866359710693
stytr2,04373,0.32245612144470215
stytr2,04374,0.31560075283050537
stytr2,04375,0.4209060072898865
stytr2,04376,0.2691088914871216
stytr2,04377,0.30842509865760803
stytr2,04378,0.13438116014003754
stytr2,04379,0.35927915573120117
stytr2,04380,0.20768624544143677
stytr2,04381,0.3653220534324646
stytr2,04382,0.3168487846851349
stytr2,04383,0.13460707664489746
stytr2,04384,0.29601621627807617
stytr2,04385,0.3185572922229767
stytr2,04386,0.6194601655006409
stytr2,04387,0.43667590618133545
stytr2,04388,0.5153412818908691
stytr2,04389,0.4314921498298645
stytr2,04390,0.5839210748672485
stytr2,04391,0.23854809999465942
stytr2,04392,0.3775114119052887
stytr2,04393,0.2195291817188263
stytr2,04394,0.6107357144355774
stytr2,04395,0.2775196433067322
stytr2,04396,0.46437254548072815
stytr2,04397,0.1194683164358139
stytr2,04398,0.4001924693584442
stytr2,04399,0.33677369356155396
stytr2,04400,0.3958856463432312
stytr2,04401,0.5579608678817749
stytr2,04402,0.12691518664360046
stytr2,04403,0.36810430884361267
stytr2,04404,0.059711579233407974
stytr2,04405,0.47248905897140503
stytr2,04406,0.40280863642692566
stytr2,04407,0.4922540485858917
stytr2,04408,0.39136698842048645
stytr2,04409,0.13559839129447937
stytr2,04410,0.23119470477104187
stytr2,04411,0.08988979458808899
stytr2,04412,0.38266074657440186
stytr2,04413,0.11225421726703644
stytr2,04414,0.10256689041852951
stytr2,04415,0.5698989629745483
stytr2,04416,0.43790653347969055
stytr2,04417,0.3024231791496277
stytr2,04418,0.4090888500213623
stytr2,04419,0.47102251648902893
stytr2,04420,0.21747487783432007
stytr2,04421,0.3990801274776459
stytr2,04422,0.19961300492286682
stytr2,04423,0.3034127950668335
stytr2,04424,0.4526808261871338
stytr2,04425,0.23056527972221375
stytr2,04426,0.4661010503768921
stytr2,04427,0.2717747986316681
stytr2,04428,0.5388878583908081
stytr2,04429,0.34426349401474
stytr2,04430,0.1556243747472763
stytr2,04431,0.22759759426116943
stytr2,04432,0.1410791575908661
stytr2,04433,0.22758427262306213
stytr2,04434,0.35852086544036865
stytr2,04435,0.39282506704330444
stytr2,04436,0.583771824836731
stytr2,04437,0.5647847652435303
stytr2,04438,0.5786466598510742
stytr2,04439,0.4539453387260437
stytr2,04440,0.22065052390098572
stytr2,04441,0.22984884679317474
stytr2,04442,0.04171580448746681
stytr2,04443,0.12279210984706879
stytr2,04444,0.3376866579055786
stytr2,04445,0.31070613861083984
stytr2,04446,0.2591351568698883
stytr2,04447,0.3176196813583374
stytr2,04448,0.476479709148407
stytr2,04449,0.1981789767742157
stytr2,04450,0.26947009563446045
stytr2,04451,0.25477585196495056
stytr2,04452,0.41686439514160156
stytr2,04453,0.2855488359928131
stytr2,04454,0.580500602722168
stytr2,04455,0.1944572925567627
stytr2,04456,0.10771854221820831
stytr2,04457,0.18242786824703217
stytr2,04458,0.370893657207489
stytr2,04459,0.20682761073112488
stytr2,04460,0.29012519121170044
stytr2,04461,0.37449806928634644
stytr2,04462,0.07520917803049088
stytr2,04463,0.26478126645088196
stytr2,04464,0.3184124529361725
stytr2,04465,0.21547481417655945
stytr2,04466,0.48752355575561523
stytr2,04467,0.30521950125694275
stytr2,04468,0.449688196182251
stytr2,04469,0.5314275026321411
stytr2,04470,0.06790930032730103
stytr2,04471,0.20781557261943817
stytr2,04472,0.20931945741176605
stytr2,04473,0.22319908440113068
stytr2,04474,0.2874663472175598
stytr2,04475,0.3308374285697937
stytr2,04476,0.3681841492652893
stytr2,04477,0.3620031476020813
stytr2,04478,0.08272857964038849
stytr2,04479,0.26705703139305115
stytr2,04480,0.2846400737762451
stytr2,04481,0.2194589376449585
stytr2,04482,0.16553477942943573
stytr2,04483,0.20568996667861938
stytr2,04484,0.25505733489990234
stytr2,04485,0.2585487365722656
stytr2,04486,0.04377516731619835
stytr2,04487,0.4558049440383911
stytr2,04488,0.2790457010269165
stytr2,04489,0.4093368649482727
stytr2,04490,0.2680074870586395
stytr2,04491,0.22350066900253296
stytr2,04492,0.31784552335739136
stytr2,04493,0.43022844195365906
stytr2,04494,0.38520437479019165
stytr2,04495,0.288671612739563
stytr2,04496,0.49940159916877747
stytr2,04497,0.16434246301651
stytr2,04498,0.25474023818969727
stytr2,04499,0.3220002055168152
stytr2,04500,0.2836120128631592
stytr2,04501,0.2059994339942932
stytr2,04502,0.6040247678756714
stytr2,04503,0.2710031270980835
stytr2,04504,0.4744529724121094
stytr2,04505,0.274811327457428
stytr2,04506,0.4100925028324127
stytr2,04507,0.4982600808143616
stytr2,04508,0.21841055154800415
stytr2,04509,0.1837177574634552
stytr2,04510,0.37642547488212585
stytr2,04511,0.3589695692062378
stytr2,04512,0.30664634704589844
stytr2,04513,0.5630473494529724
stytr2,04514,0.34786397218704224
stytr2,04515,0.22935178875923157
stytr2,04516,0.04979267343878746
stytr2,04517,0.1502261757850647
stytr2,04518,0.3017120957374573
stytr2,04519,0.22280395030975342
stytr2,04520,0.2689492702484131
stytr2,04521,0.055495746433734894
stytr2,04522,0.33374783396720886
stytr2,04523,0.14862652122974396
stytr2,04524,0.3504214286804199
stytr2,04525,0.12436564266681671
stytr2,04526,0.4295681118965149
stytr2,04527,0.255025178194046
stytr2,04528,0.2925072908401489
stytr2,04529,0.5509852170944214
stytr2,04530,0.25478416681289673
stytr2,04531,0.3113720118999481
stytr2,04532,0.21906106173992157
stytr2,04533,0.1292119324207306
stytr2,04534,0.3660791516304016
stytr2,04535,0.14335782825946808
stytr2,04536,0.2766827642917633
stytr2,04537,0.41048377752304077
stytr2,04538,0.42190271615982056
stytr2,04539,0.3853628933429718
stytr2,04540,0.19097310304641724
stytr2,04541,0.164664626121521
stytr2,04542,0.3068506121635437
stytr2,04543,0.4693516492843628
stytr2,04544,0.36605700850486755
stytr2,04545,0.26388368010520935
stytr2,04546,0.32578787207603455
stytr2,04547,0.2737213969230652
stytr2,04548,0.1607874631881714
stytr2,04549,0.2930929362773895
stytr2,04550,0.15597692131996155
stytr2,04551,0.35413700342178345
stytr2,04552,0.15910977125167847
stytr2,04553,0.31566810607910156
stytr2,04554,0.20263591408729553
stytr2,04555,0.35186827182769775
stytr2,04556,0.2323208451271057
stytr2,04557,0.21392139792442322
stytr2,04558,0.22524124383926392
stytr2,04559,0.33833202719688416
stytr2,04560,0.24234089255332947
stytr2,04561,0.3040040135383606
stytr2,04562,0.44106578826904297
stytr2,04563,0.42034828662872314
stytr2,04564,0.19441673159599304
stytr2,04565,0.32328522205352783
stytr2,04566,0.17209993302822113
stytr2,04567,0.262822687625885
stytr2,04568,0.3475269675254822
stytr2,04569,0.2786462903022766
stytr2,04570,0.2724769711494446
stytr2,04571,0.22290879487991333
stytr2,04572,0.5294622182846069
stytr2,04573,0.25383076071739197
stytr2,04574,0.2936559319496155
stytr2,04575,0.10306987166404724
stytr2,04576,0.15845006704330444
stytr2,04577,0.39744842052459717
stytr2,04578,0.2956673502922058
stytr2,04579,0.387604683637619
stytr2,04580,0.1664876639842987
stytr2,04581,0.32703423500061035
stytr2,04582,0.5341029167175293
stytr2,04583,0.2648751437664032
stytr2,04584,0.06889557838439941
stytr2,04585,0.04213094711303711
stytr2,04586,0.2245442271232605
stytr2,04587,0.21870040893554688
stytr2,04588,0.3851330876350403
stytr2,04589,0.2937994599342346
stytr2,04590,0.22014015913009644
stytr2,04591,0.39939600229263306
stytr2,04592,0.49114638566970825
stytr2,04593,0.27602988481521606
stytr2,04594,0.27793169021606445
stytr2,04595,0.3316381573677063
stytr2,04596,0.48255306482315063
stytr2,04597,0.22705374658107758
stytr2,04598,0.23978835344314575
stytr2,04599,0.41340726613998413
stytr2,04600,0.45914819836616516
stytr2,04601,0.1425861418247223
stytr2,04602,0.29633629322052
stytr2,04603,0.19803965091705322
stytr2,04604,0.43237245082855225
stytr2,04605,0.2780506908893585
stytr2,04606,0.2054285705089569
stytr2,04607,0.044920943677425385
stytr2,04608,0.3448673486709595
stytr2,04609,0.23039397597312927
stytr2,04610,0.11220915615558624
stytr2,04611,0.1608201414346695
stytr2,04612,0.3073323369026184
stytr2,04613,0.20460563898086548
stytr2,04614,0.15060535073280334
stytr2,04615,0.18524238467216492
stytr2,04616,0.400654673576355
stytr2,04617,0.3716292083263397
stytr2,04618,0.16658489406108856
stytr2,04619,0.37961235642433167
stytr2,04620,0.3158109784126282
stytr2,04621,0.3536377549171448
stytr2,04622,0.18628144264221191
stytr2,04623,0.27514922618865967
stytr2,04624,0.2017383873462677
stytr2,04625,0.24600335955619812
stytr2,04626,0.5716209411621094
stytr2,04627,0.27618297934532166
stytr2,04628,0.3523818850517273
stytr2,04629,0.13412640988826752
stytr2,04630,0.39190101623535156
stytr2,04631,0.36146771907806396
stytr2,04632,0.19858095049858093
stytr2,04633,0.11389395594596863
stytr2,04634,0.3405715227127075
stytr2,04635,0.3191102147102356
stytr2,04636,0.48352745175361633
stytr2,04637,0.36831483244895935
stytr2,04638,0.4998070001602173
stytr2,04639,0.4161511957645416
stytr2,04640,0.43791764974594116
stytr2,04641,0.4337155222892761
stytr2,04642,0.3023509383201599
stytr2,04643,0.24473348259925842
stytr2,04644,0.3584315776824951
stytr2,04645,0.2059887945652008
stytr2,04646,0.3861493766307831
stytr2,04647,0.22090722620487213
stytr2,04648,0.5341048240661621
stytr2,04649,0.2085745632648468
stytr2,04650,0.32352566719055176
stytr2,04651,0.46620649099349976
stytr2,04652,0.3801506757736206
stytr2,04653,0.06712189316749573
stytr2,04654,0.3799360394477844
stytr2,04655,0.035604074597358704
stytr2,04656,0.24333195388317108
stytr2,04657,0.431593120098114
stytr2,04658,0.4423990249633789
stytr2,04659,0.1921302080154419
stytr2,04660,0.3830524682998657
stytr2,04661,0.37105685472488403
stytr2,04662,0.11705635488033295
stytr2,04663,0.24868227541446686
stytr2,04664,0.16177432239055634
stytr2,04665,0.30740809440612793
stytr2,04666,0.2910802960395813
stytr2,04667,0.3234599828720093
stytr2,04668,0.183511883020401
stytr2,04669,0.24299323558807373
stytr2,04670,0.3616900146007538
stytr2,04671,0.2734789252281189
stytr2,04672,0.08370330929756165
stytr2,04673,0.19021187722682953
stytr2,04674,0.45775121450424194
stytr2,04675,0.21917466819286346
stytr2,04676,0.4539707899093628
stytr2,04677,0.5646188855171204
stytr2,04678,0.24918967485427856
stytr2,04679,0.2963012754917145
stytr2,04680,0.21674546599388123
stytr2,04681,0.4792057275772095
stytr2,04682,0.2748003900051117
stytr2,04683,0.14746825397014618
stytr2,04684,0.2569321393966675
stytr2,04685,0.37016624212265015
stytr2,04686,0.27770233154296875
stytr2,04687,0.3535335659980774
stytr2,04688,0.22233033180236816
stytr2,04689,0.19728633761405945
stytr2,04690,0.06331567466259003
stytr2,04691,0.35272979736328125
stytr2,04692,0.389629065990448
stytr2,04693,0.2814488112926483
stytr2,04694,0.17620114982128143
stytr2,04695,0.06378953158855438
stytr2,04696,0.32626163959503174
stytr2,04697,0.31682541966438293
stytr2,04698,0.1516914665699005
stytr2,04699,0.29925334453582764
stytr2,04700,0.17154911160469055
stytr2,04701,0.13724425435066223
stytr2,04702,0.46543747186660767
stytr2,04703,0.3728535771369934
stytr2,04704,0.2717008590698242
stytr2,04705,0.25024452805519104
stytr2,04706,0.03885721415281296
stytr2,04707,0.14990228414535522
stytr2,04708,0.31510281562805176
stytr2,04709,0.26482969522476196
stytr2,04710,0.3119141459465027
stytr2,04711,0.47261542081832886
stytr2,04712,0.11647989600896835
stytr2,04713,0.15547305345535278
stytr2,04714,0.12944331765174866
stytr2,04715,0.309212327003479
stytr2,04716,0.3188452422618866
stytr2,04717,0.36911541223526
stytr2,04718,0.33021414279937744
stytr2,04719,0.4809401333332062
stytr2,04720,0.4241407513618469
stytr2,04721,0.12245682626962662
stytr2,04722,0.47844231128692627
stytr2,04723,0.3663041293621063
stytr2,04724,0.29684561491012573
stytr2,04725,0.33566349744796753
stytr2,04726,0.1765253096818924
stytr2,04727,0.31548041105270386
stytr2,04728,0.29658108949661255
stytr2,04729,0.6049416065216064
stytr2,04730,0.17667622864246368
stytr2,04731,0.18359026312828064
stytr2,04732,0.32751980423927307
stytr2,04733,0.2933536767959595
stytr2,04734,0.2574295699596405
stytr2,04735,0.28341519832611084
stytr2,04736,0.3069317936897278
stytr2,04737,0.31600484251976013
stytr2,04738,0.337369441986084
stytr2,04739,0.2736149728298187
stytr2,04740,0.10543924570083618
stytr2,04741,0.2812870442867279
stytr2,04742,0.22046196460723877
stytr2,04743,0.5133029222488403
stytr2,04744,0.1638185977935791
stytr2,04745,0.21576887369155884
stytr2,04746,0.2284228354692459
stytr2,04747,0.33658820390701294
stytr2,04748,0.055563874542713165
stytr2,04749,0.2588765025138855
stytr2,04750,0.28661808371543884
stytr2,04751,0.09826944023370743
stytr2,04752,0.3361181616783142
stytr2,04753,0.27585363388061523
stytr2,04754,0.19648104906082153
stytr2,04755,0.2336297333240509
stytr2,04756,0.3701344132423401
stytr2,04757,0.286953330039978
stytr2,04758,0.4306352436542511
stytr2,04759,0.06415744125843048
stytr2,04760,0.24701538681983948
stytr2,04761,0.3488330543041229
stytr2,04762,0.170296311378479
stytr2,04763,0.16275686025619507
stytr2,04764,0.14754867553710938
stytr2,04765,0.3638767600059509
stytr2,04766,0.4526939392089844
stytr2,04767,0.18274685740470886
stytr2,04768,0.12773476541042328
stytr2,04769,0.24320879578590393
stytr2,04770,0.36874401569366455
stytr2,04771,0.18068048357963562
stytr2,04772,0.13736215233802795
stytr2,04773,0.22994977235794067
stytr2,04774,0.4410199820995331
stytr2,04775,0.20506411790847778
stytr2,04776,0.47900405526161194
stytr2,04777,0.3393051028251648
stytr2,04778,0.2252153605222702
stytr2,04779,0.17895932495594025
stytr2,04780,0.15084576606750488
stytr2,04781,0.3455771207809448
stytr2,04782,0.15722233057022095
stytr2,04783,0.47709280252456665
stytr2,04784,0.22967737913131714
stytr2,04785,0.23295819759368896
stytr2,04786,0.36007043719291687
stytr2,04787,0.5089761018753052
stytr2,04788,0.37894466519355774
stytr2,04789,0.3578586280345917
stytr2,04790,0.3497605323791504
stytr2,04791,0.13841576874256134
stytr2,04792,0.244623064994812
stytr2,04793,0.223358616232872
stytr2,04794,0.15685953199863434
stytr2,04795,0.25463882088661194
stytr2,04796,0.18631649017333984
stytr2,04797,0.2136608362197876
stytr2,04798,0.5385649800300598
stytr2,04799,0.4218664765357971
stytr2,04800,0.3586339056491852
stytr2,04801,0.4460798501968384
stytr2,04802,0.3292599320411682
stytr2,04803,0.35402339696884155
stytr2,04804,0.30231937766075134
stytr2,04805,0.3290165066719055
stytr2,04806,0.358015239238739
stytr2,04807,0.2750457525253296
stytr2,04808,0.5425888299942017
stytr2,04809,0.22563819587230682
stytr2,04810,0.37489378452301025
stytr2,04811,0.45900410413742065
stytr2,04812,0.24631056189537048
stytr2,04813,0.3658662438392639
stytr2,04814,0.09958477318286896
stytr2,04815,0.3738248348236084
stytr2,04816,0.431441068649292
stytr2,04817,0.3919074237346649
stytr2,04818,0.08893996477127075
stytr2,04819,0.31106412410736084
stytr2,04820,0.29147642850875854
stytr2,04821,0.23973271250724792
stytr2,04822,0.2698264718055725
stytr2,04823,0.21518094837665558
stytr2,04824,0.11232104897499084
stytr2,04825,0.37061405181884766
stytr2,04826,0.2503214180469513
stytr2,04827,0.07754754275083542
stytr2,04828,0.04121406376361847
stytr2,04829,0.3541099429130554
stytr2,04830,0.2028598189353943
stytr2,04831,0.14871364831924438
stytr2,04832,0.31841886043548584
stytr2,04833,0.32370150089263916
stytr2,04834,0.19678261876106262
stytr2,04835,0.34673142433166504
stytr2,04836,0.1862139254808426
stytr2,04837,0.32119297981262207
stytr2,04838,0.14177685976028442
stytr2,04839,0.39777421951293945
stytr2,04840,0.15589413046836853
stytr2,04841,0.27162402868270874
stytr2,04842,0.3353123068809509
stytr2,04843,0.3779025673866272
stytr2,04844,0.5742344856262207
stytr2,04845,0.5110131502151489
stytr2,04846,0.46555790305137634
stytr2,04847,0.11134236305952072
stytr2,04848,0.10332778096199036
stytr2,04849,0.19260533154010773
stytr2,04850,0.16064715385437012
stytr2,04851,0.1938450038433075
stytr2,04852,0.19045990705490112
stytr2,04853,0.24620811641216278
stytr2,04854,0.3075522482395172
stytr2,04855,0.31013956665992737
stytr2,04856,0.6310068964958191
stytr2,04857,0.34797823429107666
stytr2,04858,0.2901272177696228
stytr2,04859,0.25402480363845825
stytr2,04860,0.2946839928627014
stytr2,04861,0.18799445033073425
stytr2,04862,0.49950695037841797
stytr2,04863,0.57795250415802
stytr2,04864,0.17427752912044525
stytr2,04865,0.2924756705760956
stytr2,04866,0.27715176343917847
stytr2,04867,0.15001419186592102
stytr2,04868,0.08742141723632812
stytr2,04869,0.3597257435321808
stytr2,04870,0.24752037227153778
stytr2,04871,0.29859185218811035
stytr2,04872,0.49910831451416016
stytr2,04873,0.3780227303504944
stytr2,04874,0.4438701868057251
stytr2,04875,0.433998167514801
stytr2,04876,0.13768142461776733
stytr2,04877,0.2999541163444519
stytr2,04878,0.08591002225875854
stytr2,04879,0.23469007015228271
stytr2,04880,0.18928460776805878
stytr2,04881,0.2577717900276184
stytr2,04882,0.14346818625926971
stytr2,04883,0.3176337778568268
stytr2,04884,0.013400133699178696
stytr2,04885,0.18454056978225708
stytr2,04886,0.3773685097694397
stytr2,04887,0.32707175612449646
stytr2,04888,0.35301336646080017
stytr2,04889,0.11864357441663742
stytr2,04890,0.3360070288181305
stytr2,04891,0.3462526202201843
stytr2,04892,0.20111320912837982
stytr2,04893,0.35476696491241455
stytr2,04894,0.5254155397415161
stytr2,04895,0.3013392686843872
stytr2,04896,0.26351243257522583
stytr2,04897,0.37380462884902954
stytr2,04898,0.38331153988838196
stytr2,04899,0.09123421460390091
stytr2,04900,0.16269539296627045
stytr2,04901,0.21732264757156372
stytr2,04902,0.09872008860111237
stytr2,04903,0.26934367418289185
stytr2,04904,0.38117387890815735
stytr2,04905,0.3942120671272278
stytr2,04906,0.48403409123420715
stytr2,04907,0.4651668071746826
stytr2,04908,0.4668838679790497
stytr2,04909,0.3482096195220947
stytr2,04910,0.28122466802597046
stytr2,04911,0.1419529914855957
stytr2,04912,0.3986542224884033
stytr2,04913,0.3986735939979553
stytr2,04914,0.30953317880630493
stytr2,04915,0.16249199211597443
stytr2,04916,0.35535886883735657
stytr2,04917,0.17546916007995605
stytr2,04918,0.380440890789032
stytr2,04919,0.34566056728363037
stytr2,04920,0.15031050145626068
stytr2,04921,0.3091810345649719
stytr2,04922,0.4101674258708954
stytr2,04923,0.49136242270469666
stytr2,04924,0.2909049987792969
stytr2,04925,0.10549847781658173
stytr2,04926,0.3389533460140228
stytr2,04927,0.38390013575553894
stytr2,04928,0.4655587673187256
stytr2,04929,0.208357036113739
stytr2,04930,0.20365190505981445
stytr2,04931,0.25549089908599854
stytr2,04932,0.2848756015300751
stytr2,04933,0.2640514373779297
stytr2,04934,0.4450753331184387
stytr2,04935,0.4477289319038391
stytr2,04936,0.23968812823295593
stytr2,04937,0.3702320158481598
stytr2,04938,0.15839338302612305
stytr2,04939,0.37117499113082886
stytr2,04940,0.39807629585266113
stytr2,04941,0.285932332277298
stytr2,04942,0.3153788447380066
stytr2,04943,0.5034903287887573
stytr2,04944,0.44834890961647034
stytr2,04945,0.45011988282203674
stytr2,04946,0.18361572921276093
stytr2,04947,0.3562888205051422
stytr2,04948,0.31140172481536865
stytr2,04949,0.26032307744026184
stytr2,04950,0.456402063369751
stytr2,04951,0.2980484366416931
stytr2,04952,0.20580194890499115
stytr2,04953,0.40488237142562866
stytr2,04954,0.27945542335510254
stytr2,04955,0.42425113916397095
stytr2,04956,0.4586373269557953
stytr2,04957,0.3306605815887451
stytr2,04958,0.3074966073036194
stytr2,04959,0.10619816929101944
stytr2,04960,0.2160404771566391
stytr2,04961,0.2585085928440094
stytr2,04962,0.3404391407966614
stytr2,04963,0.2985555827617645
stytr2,04964,0.17933876812458038
stytr2,04965,0.39662426710128784
stytr2,04966,0.37388911843299866
stytr2,04967,0.09200117737054825
stytr2,04968,0.3962973356246948
stytr2,04969,0.38223832845687866
stytr2,04970,0.3890587389469147
stytr2,04971,0.3129917085170746
stytr2,04972,0.21473319828510284
stytr2,04973,0.2941340208053589
stytr2,04974,0.5531831979751587
stytr2,04975,0.340374618768692
stytr2,04976,0.5309696793556213
stytr2,04977,0.4792189598083496
stytr2,04978,0.36484596133232117
stytr2,04979,0.4597577452659607
stytr2,04980,0.12556584179401398
stytr2,04981,0.19459959864616394
stytr2,04982,0.27788496017456055
stytr2,04983,0.28054308891296387
stytr2,04984,0.3115466833114624
stytr2,04985,0.23324382305145264
stytr2,04986,0.3705201745033264
stytr2,04987,0.13028669357299805
stytr2,04988,0.2709290087223053
stytr2,04989,0.4496733546257019
stytr2,04990,0.5023247003555298
stytr2,04991,0.04836947098374367
stytr2,04992,0.3441106081008911
stytr2,04993,0.3369976580142975
stytr2,04994,0.2737743854522705
stytr2,04995,0.29094675183296204
stytr2,04996,0.2934721112251282
stytr2,04997,0.3194313049316406
stytr2,04998,0.15527507662773132
stytr2,04999,0.2359982579946518
adain,00000,0.39357101917266846
adain,00001,0.2605142593383789
adain,00002,0.34284546971321106
adain,00003,0.2737744450569153
adain,00004,0.41103991866111755
adain,00005,0.38015806674957275
adain,00006,0.3349844515323639
adain,00007,0.333358496427536
adain,00008,0.44840335845947266
adain,00009,0.1892910897731781
adain,00010,0.5299616456031799
adain,00011,0.18334504961967468
adain,00012,0.4596921503543854
adain,00013,0.4661368131637573
adain,00014,0.44746896624565125
adain,00015,0.2984897494316101
adain,00016,0.43123552203178406
adain,00017,0.3317131996154785
adain,00018,0.1882750540971756
adain,00019,0.4207523763179779
adain,00020,0.3140276074409485
adain,00021,0.16170087456703186
adain,00022,0.22413018345832825
adain,00023,0.1895352005958557
adain,00024,0.4174788296222687
adain,00025,0.3489992916584015
adain,00026,0.3842321038246155
adain,00027,0.40163347125053406
adain,00028,0.4632333517074585
adain,00029,0.25494903326034546
adain,00030,0.43213340640068054
adain,00031,0.394159197807312
adain,00032,0.18413648009300232
adain,00033,0.27486374974250793
adain,00034,0.13883167505264282
adain,00035,0.198395773768425
adain,00036,0.32875344157218933
adain,00037,0.3236125409603119
adain,00038,0.34963107109069824
adain,00039,0.2938840389251709
adain,00040,0.3061271905899048
adain,00041,0.1114434227347374
adain,00042,0.18784677982330322
adain,00043,0.3319476842880249
adain,00044,0.28972768783569336
adain,00045,0.26465946435928345
adain,00046,0.25465989112854004
adain,00047,0.25415077805519104
adain,00048,0.3988393545150757
adain,00049,0.3897806406021118
adain,00050,0.44376319646835327
adain,00051,0.5082840323448181
adain,00052,0.6175839900970459
adain,00053,0.2168893665075302
adain,00054,0.4200875759124756
adain,00055,0.23269915580749512
adain,00056,0.23136647045612335
adain,00057,0.46225979924201965
adain,00058,0.2691623866558075
adain,00059,0.142905592918396
adain,00060,0.27003729343414307
adain,00061,0.37917667627334595
adain,00062,0.5277789831161499
adain,00063,0.2984054982662201
adain,00064,0.30306699872016907
adain,00065,0.4064713418483734
adain,00066,0.29384586215019226
adain,00067,0.48342466354370117
adain,00068,0.5092527866363525
adain,00069,0.38861343264579773
adain,00070,0.4078589081764221
adain,00071,0.1640230268239975
adain,00072,0.3285694122314453
adain,00073,0.2512248158454895
adain,00074,0.3006625175476074
adain,00075,0.3688882291316986
adain,00076,0.39119458198547363
adain,00077,0.40953078866004944
adain,00078,0.18759974837303162
adain,00079,0.3048320710659027
adain,00080,0.3990490436553955
adain,00081,0.43597954511642456
adain,00082,0.33213743567466736
adain,00083,0.2798941135406494
adain,00084,0.468500018119812
adain,00085,0.4039423167705536
adain,00086,0.22987902164459229
adain,00087,0.25645437836647034
adain,00088,0.39185619354248047
adain,00089,0.24849312007427216
adain,00090,0.717389702796936
adain,00091,0.34686100482940674
adain,00092,0.20377430319786072
adain,00093,0.3564072251319885
adain,00094,0.30509716272354126
adain,00095,0.1195783019065857
adain,00096,0.30280065536499023
adain,00097,0.4447322487831116
adain,00098,0.454845130443573
adain,00099,0.40996891260147095
adain,00100,0.4840487837791443
adain,00101,0.3063942790031433
adain,00102,0.23761089146137238
adain,00103,0.29058271646499634
adain,00104,0.27530863881111145
adain,00105,0.1693040430545807
adain,00106,0.12421226501464844
adain,00107,0.18588346242904663
adain,00108,0.030909497290849686
adain,00109,0.21567955613136292
adain,00110,0.41396620869636536
adain,00111,0.155525803565979
adain,00112,0.19322927296161652
adain,00113,0.1697804033756256
adain,00114,0.43403178453445435
adain,00115,0.12231141328811646
adain,00116,0.38087743520736694
adain,00117,0.3721332252025604
adain,00118,0.40195101499557495
adain,00119,0.43279391527175903
adain,00120,0.564450204372406
adain,00121,0.4562852680683136
adain,00122,0.3931848406791687
adain,00123,0.14437685906887054
adain,00124,0.3407500982284546
adain,00125,0.1892978549003601
adain,00126,0.31115540862083435
adain,00127,0.5145559906959534
adain,00128,0.3969893455505371
adain,00129,0.3266735076904297
adain,00130,0.37689268589019775
adain,00131,0.6579740047454834
adain,00132,0.2028605341911316
adain,00133,0.4194128215312958
adain,00134,0.13462033867835999
adain,00135,0.5125434398651123
adain,00136,0.43614035844802856
adain,00137,0.26635074615478516
adain,00138,0.24866816401481628
adain,00139,0.31959018111228943
adain,00140,0.2728387713432312
adain,00141,0.3927454352378845
adain,00142,0.09532921016216278
adain,00143,0.25506001710891724
adain,00144,0.15435691177845
adain,00145,0.3019346594810486
adain,00146,0.2693988084793091
adain,00147,0.3787737786769867
adain,00148,0.3081022799015045
adain,00149,0.139860600233078
adain,00150,0.3986271619796753
adain,00151,0.35982856154441833
adain,00152,0.27055877447128296
adain,00153,0.2763356566429138
adain,00154,0.1702127307653427
adain,00155,0.31509390473365784
adain,00156,0.27693817019462585
adain,00157,0.3992305397987366
adain,00158,0.16454555094242096
adain,00159,0.4654864966869354
adain,00160,0.5149304866790771
adain,00161,0.19397692382335663
adain,00162,0.5364978313446045
adain,00163,0.43423134088516235
adain,00164,0.1772250235080719
adain,00165,0.25044718384742737
adain,00166,0.24690987169742584
adain,00167,0.16331450641155243
adain,00168,0.43740344047546387
adain,00169,0.21911567449569702
adain,00170,0.5772534608840942
adain,00171,0.5186464786529541
adain,00172,0.05885510891675949
adain,00173,0.2816951870918274
adain,00174,0.6024966239929199
adain,00175,0.2664823532104492
adain,00176,0.285900354385376
adain,00177,0.4643216133117676
adain,00178,0.4370039105415344
adain,00179,0.4656252861022949
adain,00180,0.49742192029953003
adain,00181,0.36419951915740967
adain,00182,0.45449671149253845
adain,00183,0.35444581508636475
adain,00184,0.3253630995750427
adain,00185,0.33244943618774414
adain,00186,0.3738887906074524
adain,00187,0.5063612461090088
adain,00188,0.03784000128507614
adain,00189,0.46057409048080444
adain,00190,0.31236469745635986
adain,00191,0.5190181732177734
adain,00192,0.25771254301071167
adain,00193,0.17727512121200562
adain,00194,0.4748362898826599
adain,00195,0.3166583180427551
adain,00196,0.403736412525177
adain,00197,0.42318588495254517
adain,00198,0.1995510756969452
adain,00199,0.5679805278778076
adain,00200,0.12170255184173584
adain,00201,0.4535156488418579
adain,00202,0.3878244161605835
adain,00203,0.4231480062007904
adain,00204,0.25712645053863525
adain,00205,0.2524895668029785
adain,00206,0.31035012006759644
adain,00207,0.4920574724674225
adain,00208,0.3805306851863861
adain,00209,0.18449655175209045
adain,00210,0.4651975929737091
adain,00211,0.6174226999282837
adain,00212,0.33992257714271545
adain,00213,0.3125417232513428
adain,00214,0.47479328513145447
adain,00215,0.524193286895752
adain,00216,0.5012127161026001
adain,00217,0.21993815898895264
adain,00218,0.3224385380744934
adain,00219,0.32655712962150574
adain,00220,0.6343580484390259
adain,00221,0.3566097617149353
adain,00222,0.20565617084503174
adain,00223,0.4371805191040039
adain,00224,0.10728126019239426
adain,00225,0.41994231939315796
adain,00226,0.05600414052605629
adain,00227,0.3319648504257202
adain,00228,0.3041437268257141
adain,00229,0.2872220277786255
adain,00230,0.4035746455192566
adain,00231,0.1543351113796234
adain,00232,0.3216254711151123
adain,00233,0.4717753529548645
adain,00234,0.2185678780078888
adain,00235,0.19457179307937622
adain,00236,0.5490990877151489
adain,00237,0.5877326726913452
adain,00238,0.16593483090400696
adain,00239,0.25202682614326477
adain,00240,0.35440686345100403
adain,00241,0.18437570333480835
adain,00242,0.22393280267715454
adain,00243,0.3374953866004944
adain,00244,0.15314647555351257
adain,00245,0.29795193672180176
adain,00246,0.5041319131851196
adain,00247,0.2762663960456848
adain,00248,0.1987454891204834
adain,00249,0.3459271192550659
adain,00250,0.22187407314777374
adain,00251,0.19017696380615234
adain,00252,0.14995215833187103
adain,00253,0.3753827214241028
adain,00254,0.24005533754825592
adain,00255,0.3887600004673004
adain,00256,0.28347891569137573
adain,00257,0.2986193001270294
adain,00258,0.5545879602432251
adain,00259,0.358901709318161
adain,00260,0.5475629568099976
adain,00261,0.2864530682563782
adain,00262,0.22911763191223145
adain,00263,0.30491143465042114
adain,00264,0.6889183521270752
adain,00265,0.3511772155761719
adain,00266,0.26703041791915894
adain,00267,0.4804304242134094
adain,00268,0.19980469346046448
adain,00269,0.20609745383262634
adain,00270,0.13559859991073608
adain,00271,0.16852927207946777
adain,00272,0.362087607383728
adain,00273,0.20995411276817322
adain,00274,0.2572449743747711
adain,00275,0.37824398279190063
adain,00276,0.2731122374534607
adain,00277,0.18285879492759705
adain,00278,0.3037749230861664
adain,00279,0.4106276333332062
adain,00280,0.2591853141784668
adain,00281,0.040882185101509094
adain,00282,0.24840258061885834
adain,00283,0.2549627423286438
adain,00284,0.20657235383987427
adain,00285,0.3777424693107605
adain,00286,0.37175101041793823
adain,00287,0.1791992485523224
adain,00288,0.16222845017910004
adain,00289,0.19798031449317932
adain,00290,0.3841114044189453
adain,00291,0.26815494894981384
adain,00292,0.47224873304367065
adain,00293,0.15760266780853271
adain,00294,0.4834018647670746
adain,00295,0.3428139090538025
adain,00296,0.505950927734375
adain,00297,0.37788569927215576
adain,00298,0.3956458568572998
adain,00299,0.15513284504413605
adain,00300,0.3056759238243103
adain,00301,0.4478168487548828
adain,00302,0.2844807505607605
adain,00303,0.1911587417125702
adain,00304,0.186262845993042
adain,00305,0.14930419623851776
adain,00306,0.3643535077571869
adain,00307,0.4195193648338318
adain,00308,0.15110322833061218
adain,00309,0.5493634939193726
adain,00310,0.19729161262512207
adain,00311,0.37380483746528625
adain,00312,0.3298490345478058
adain,00313,0.3528438210487366
adain,00314,0.1735561341047287
adain,00315,0.3804842233657837
adain,00316,0.0909656435251236
adain,00317,0.16594703495502472
adain,00318,0.2301434874534607
adain,00319,0.3685966432094574
adain,00320,0.5387042760848999
adain,00321,0.5375874042510986
adain,00322,0.35639700293540955
adain,00323,0.49642953276634216
adain,00324,0.17015378177165985
adain,00325,0.14583784341812134
adain,00326,0.6826299428939819
adain,00327,0.3801126480102539
adain,00328,0.31651395559310913
adain,00329,0.3761984705924988
adain,00330,0.266883909702301
adain,00331,0.32524174451828003
adain,00332,0.04843459278345108
adain,00333,0.22202220559120178
adain,00334,0.18848580121994019
adain,00335,0.2766140103340149
adain,00336,0.5103013515472412
adain,00337,0.4323349595069885
adain,00338,0.1688704490661621
adain,00339,0.10460548847913742
adain,00340,0.3452802002429962
adain,00341,0.4412180781364441
adain,00342,0.3979693055152893
adain,00343,0.3738142251968384
adain,00344,0.3127831518650055
adain,00345,0.6419365406036377
adain,00346,0.4935779869556427
adain,00347,0.41368937492370605
adain,00348,0.3823264241218567
adain,00349,0.21504545211791992
adain,00350,0.23755134642124176
adain,00351,0.30402928590774536
adain,00352,0.4173678755760193
adain,00353,0.28442496061325073
adain,00354,0.2520331144332886
adain,00355,0.4472043514251709
adain,00356,0.37506675720214844
adain,00357,0.29616880416870117
adain,00358,0.1838763952255249
adain,00359,0.31948891282081604
adain,00360,0.44459420442581177
adain,00361,0.48007428646087646
adain,00362,0.16628505289554596
adain,00363,0.4098765552043915
adain,00364,0.5244156122207642
adain,00365,0.46042880415916443
adain,00366,0.33657410740852356
adain,00367,0.3770471215248108
adain,00368,0.30069053173065186
adain,00369,0.1868075728416443
adain,00370,0.2379799783229828
adain,00371,0.16423267126083374
adain,00372,0.34284552931785583
adain,00373,0.029669180512428284
adain,00374,0.27906334400177
adain,00375,0.32039836049079895
adain,00376,0.41329172253608704
adain,00377,0.3961572051048279
adain,00378,0.6153028011322021
adain,00379,0.13583137094974518
adain,00380,0.3326728940010071
adain,00381,0.4138326644897461
adain,00382,0.2290230691432953
adain,00383,0.5499424934387207
adain,00384,0.21729141473770142
adain,00385,0.4898179769515991
adain,00386,0.46416133642196655
adain,00387,0.2999369502067566
adain,00388,0.5514288544654846
adain,00389,0.3574950098991394
adain,00390,0.20096054673194885
adain,00391,0.300082802772522
adain,00392,0.33664077520370483
adain,00393,0.33546704053878784
adain,00394,0.3422849178314209
adain,00395,0.3647354245185852
adain,00396,0.34286704659461975
adain,00397,0.44289952516555786
adain,00398,0.274827241897583
adain,00399,0.2625449597835541
adain,00400,0.2560940980911255
adain,00401,0.30663782358169556
adain,00402,0.15080152451992035
adain,00403,0.3522685766220093
adain,00404,0.36234986782073975
adain,00405,0.42225760221481323
adain,00406,0.24927383661270142
adain,00407,0.28003233671188354
adain,00408,0.5254610776901245
adain,00409,0.7187678813934326
adain,00410,0.2514879107475281
adain,00411,0.2335364818572998
adain,00412,0.24212037026882172
adain,00413,0.48269838094711304
adain,00414,0.24599073827266693
adain,00415,0.48579809069633484
adain,00416,0.6596592664718628
adain,00417,0.3789103329181671
adain,00418,0.40253907442092896
adain,00419,0.540521502494812
adain,00420,0.33929917216300964
adain,00421,0.23811286687850952
adain,00422,0.3929910659790039
adain,00423,0.3018953800201416
adain,00424,0.5962368845939636
adain,00425,0.3849582076072693
adain,00426,0.409116268157959
adain,00427,0.28276580572128296
adain,00428,0.40779218077659607
adain,00429,0.6423019170761108
adain,00430,0.33773380517959595
adain,00431,0.5333496332168579
adain,00432,0.409532368183136
adain,00433,0.28452014923095703
adain,00434,0.2591356933116913
adain,00435,0.3527878522872925
adain,00436,0.39698970317840576
adain,00437,0.33478862047195435
adain,00438,0.17932945489883423
adain,00439,0.23162782192230225
adain,00440,0.3152512311935425
adain,00441,0.3023076057434082
adain,00442,0.371006041765213
adain,00443,0.6533539295196533
adain,00444,0.317618191242218
adain,00445,0.652006983757019
adain,00446,0.4701107144355774
adain,00447,0.4594658613204956
adain,00448,0.41842103004455566
adain,00449,0.40124642848968506
adain,00450,0.18031275272369385
adain,00451,0.31650102138519287
adain,00452,0.1380724459886551
adain,00453,0.19588710367679596
adain,00454,0.43315941095352173
adain,00455,0.3400914669036865
adain,00456,0.12948590517044067
adain,00457,0.3215140104293823
adain,00458,0.333553671836853
adain,00459,0.3381069302558899
adain,00460,0.3177553415298462
adain,00461,0.2934691607952118
adain,00462,0.31806468963623047
adain,00463,0.22706857323646545
adain,00464,0.45067375898361206
adain,00465,0.28715258836746216
adain,00466,0.2689917981624603
adain,00467,0.42096078395843506
adain,00468,0.115564726293087
adain,00469,0.2166893482208252
adain,00470,0.326748788356781
adain,00471,0.21240468323230743
adain,00472,0.18292410671710968
adain,00473,0.21069154143333435
adain,00474,0.3523778021335602
adain,00475,0.013060150668025017
adain,00476,0.426043838262558
adain,00477,0.24192219972610474
adain,00478,0.27986928820610046
adain,00479,0.11181706935167313
adain,00480,0.13039901852607727
adain,00481,0.27399975061416626
adain,00482,0.43645918369293213
adain,00483,0.45046478509902954
adain,00484,0.5714452862739563
adain,00485,0.40598592162132263
adain,00486,0.28076300024986267
adain,00487,0.1943380981683731
adain,00488,0.013900719583034515
adain,00489,0.3439502418041229
adain,00490,0.13022547960281372
adain,00491,0.16485583782196045
adain,00492,0.5347956418991089
adain,00493,0.586423397064209
adain,00494,0.44679009914398193
adain,00495,0.24973300099372864
adain,00496,0.49373966455459595
adain,00497,0.3963971734046936
adain,00498,0.0778617113828659
adain,00499,0.463469922542572
adain,00500,0.32141393423080444
adain,00501,0.5491393804550171
adain,00502,0.3334113359451294
adain,00503,0.5231763124465942
adain,00504,0.6628119945526123
adain,00505,0.18760442733764648
adain,00506,0.6427776217460632
adain,00507,0.39342111349105835
adain,00508,0.43140754103660583
adain,00509,0.3254759907722473
adain,00510,0.3386510908603668
adain,00511,0.2814323902130127
adain,00512,0.3740415573120117
adain,00513,0.3198728561401367
adain,00514,0.21701985597610474
adain,00515,0.49001047015190125
adain,00516,0.22351789474487305
adain,00517,0.2719976007938385
adain,00518,0.30055293440818787
adain,00519,0.30854570865631104
adain,00520,0.23090168833732605
adain,00521,0.25784042477607727
adain,00522,0.5242956876754761
adain,00523,0.10529177635908127
adain,00524,0.41856807470321655
adain,00525,0.5268123745918274
adain,00526,0.1607990264892578
adain,00527,0.4947008788585663
adain,00528,0.3851563632488251
adain,00529,0.2947767376899719
adain,00530,0.270634263753891
adain,00531,0.44856762886047363
adain,00532,0.3552989363670349
adain,00533,0.30843812227249146
adain,00534,0.24471737444400787
adain,00535,0.4199694097042084
adain,00536,0.2882192134857178
adain,00537,0.445170521736145
adain,00538,0.2669048607349396
adain,00539,0.30175599455833435
adain,00540,0.2522558569908142
adain,00541,0.44351303577423096
adain,00542,0.43205732107162476
adain,00543,0.4521389305591583
adain,00544,0.12535303831100464
adain,00545,0.21502310037612915
adain,00546,0.42914068698883057
adain,00547,0.3666195571422577
adain,00548,0.3295457065105438
adain,00549,0.36373376846313477
adain,00550,0.5477197170257568
adain,00551,0.2502453625202179
adain,00552,0.4832533001899719
adain,00553,0.5085378289222717
adain,00554,0.46757298707962036
adain,00555,0.4673246443271637
adain,00556,0.45172131061553955
adain,00557,0.16492348909378052
adain,00558,0.48437416553497314
adain,00559,0.29075154662132263
adain,00560,0.08562523871660233
adain,00561,0.5897953510284424
adain,00562,0.050681374967098236
adain,00563,0.28347980976104736
adain,00564,0.23912182450294495
adain,00565,0.29612237215042114
adain,00566,0.4629756808280945
adain,00567,0.1949339210987091
adain,00568,0.3577077388763428
adain,00569,0.2683064639568329
adain,00570,0.23909343779087067
adain,00571,0.054549798369407654
adain,00572,0.2308533787727356
adain,00573,0.33001622557640076
adain,00574,0.45830267667770386
adain,00575,0.3252607583999634
adain,00576,0.37188729643821716
adain,00577,0.3178650140762329
adain,00578,0.41002434492111206
adain,00579,0.5806691646575928
adain,00580,0.46149301528930664
adain,00581,0.48177242279052734
adain,00582,0.11874887347221375
adain,00583,0.5884455442428589
adain,00584,0.15493430197238922
adain,00585,0.3124181926250458
adain,00586,0.46932724118232727
adain,00587,0.2695699632167816
adain,00588,0.31133565306663513
adain,00589,0.38122987747192383
adain,00590,0.17591902613639832
adain,00591,0.09741629660129547
adain,00592,0.37780722975730896
adain,00593,0.5674698948860168
adain,00594,0.22094722092151642
adain,00595,0.330648273229599
adain,00596,0.10382337868213654
adain,00597,0.32336315512657166
adain,00598,0.4035496711730957
adain,00599,0.18792198598384857
adain,00600,0.30634963512420654
adain,00601,0.09235498309135437
adain,00602,0.4142895042896271
adain,00603,0.3884924650192261
adain,00604,0.30391058325767517
adain,00605,0.504386305809021
adain,00606,0.34880730509757996
adain,00607,0.3409099280834198
adain,00608,0.21158015727996826
adain,00609,0.28739482164382935
adain,00610,0.19532151520252228
adain,00611,0.2818908095359802
adain,00612,0.46114689111709595
adain,00613,0.4018763601779938
adain,00614,0.38745224475860596
adain,00615,0.34924396872520447
adain,00616,0.32920369505882263
adain,00617,0.4043765068054199
adain,00618,0.43256676197052
adain,00619,0.27914711833000183
adain,00620,0.4814026653766632
adain,00621,0.2953512966632843
adain,00622,0.15654878318309784
adain,00623,0.43241116404533386
adain,00624,0.244033083319664
adain,00625,0.3570699393749237
adain,00626,0.18777614831924438
adain,00627,0.3476864695549011
adain,00628,0.5328782796859741
adain,00629,0.3449764549732208
adain,00630,0.4943595826625824
adain,00631,0.33230262994766235
adain,00632,0.1735617220401764
adain,00633,0.09537720680236816
adain,00634,0.35502102971076965
adain,00635,0.47993674874305725
adain,00636,0.15031686425209045
adain,00637,0.40624159574508667
adain,00638,0.2551911473274231
adain,00639,0.12995316088199615
adain,00640,0.3299941420555115
adain,00641,0.6133666038513184
adain,00642,0.2964627146720886
adain,00643,0.3703557550907135
adain,00644,0.40208709239959717
adain,00645,0.21098262071609497
adain,00646,0.46715182065963745
adain,00647,0.5072584748268127
adain,00648,0.5483266115188599
adain,00649,0.5335054397583008
adain,00650,0.36622124910354614
adain,00651,0.2279549241065979
adain,00652,0.4156643748283386
adain,00653,0.3296689987182617
adain,00654,0.1521253138780594
adain,00655,0.19135682284832
adain,00656,0.4558736979961395
adain,00657,0.2556746006011963
adain,00658,0.374239057302475
adain,00659,0.39086806774139404
adain,00660,0.581362783908844
adain,00661,0.484666645526886
adain,00662,0.14441345632076263
adain,00663,0.2377408742904663
adain,00664,0.47997134923934937
adain,00665,0.45759084820747375
adain,00666,0.1664905846118927
adain,00667,0.23271098732948303
adain,00668,0.32299935817718506
adain,00669,0.16293562948703766
adain,00670,0.48177778720855713
adain,00671,0.2752927541732788
adain,00672,0.4230858087539673
adain,00673,0.19015535712242126
adain,00674,0.27179184556007385
adain,00675,0.2094273865222931
adain,00676,0.15956717729568481
adain,00677,0.34439194202423096
adain,00678,0.5056074857711792
adain,00679,0.2920088768005371
adain,00680,0.453975647687912
adain,00681,0.31345734000205994
adain,00682,0.33760225772857666
adain,00683,0.13781242072582245
adain,00684,0.40814459323883057
adain,00685,0.3305463194847107
adain,00686,0.3817422091960907
adain,00687,0.441908597946167
adain,00688,0.395087331533432
adain,00689,0.5205328464508057
adain,00690,0.2855945825576782
adain,00691,0.31595543026924133
adain,00692,0.4140588045120239
adain,00693,0.2426738739013672
adain,00694,0.3833605647087097
adain,00695,0.11958706378936768
adain,00696,0.40432000160217285
adain,00697,0.3485528528690338
adain,00698,0.17692455649375916
adain,00699,0.3882470428943634
adain,00700,0.20178952813148499
adain,00701,0.21150575578212738
adain,00702,0.43656814098358154
adain,00703,0.4713227450847626
adain,00704,0.4765757620334625
adain,00705,0.14122363924980164
adain,00706,0.6074392199516296
adain,00707,0.4182579815387726
adain,00708,0.3039088845252991
adain,00709,0.4376734495162964
adain,00710,0.2801554799079895
adain,00711,0.2638126313686371
adain,00712,0.31007838249206543
adain,00713,0.6962159872055054
adain,00714,0.049209706485271454
adain,00715,0.20910274982452393
adain,00716,0.47497108578681946
adain,00717,0.30764687061309814
adain,00718,0.4384956955909729
adain,00719,0.44797781109809875
adain,00720,0.3144330680370331
adain,00721,0.4526979625225067
adain,00722,0.5880749821662903
adain,00723,0.3536359965801239
adain,00724,0.310516357421875
adain,00725,0.4310779571533203
adain,00726,0.31470054388046265
adain,00727,0.25676649808883667
adain,00728,0.35186976194381714
adain,00729,0.1603529155254364
adain,00730,0.2804287075996399
adain,00731,0.4111950397491455
adain,00732,0.3758481740951538
adain,00733,0.10604250431060791
adain,00734,0.2156783491373062
adain,00735,0.5216579437255859
adain,00736,0.46444714069366455
adain,00737,0.2538178563117981
adain,00738,0.3160969614982605
adain,00739,0.35608696937561035
adain,00740,0.21892623603343964
adain,00741,0.2876604497432709
adain,00742,0.5428450107574463
adain,00743,0.4709472060203552
adain,00744,0.3724963963031769
adain,00745,0.21402016282081604
adain,00746,0.4673023223876953
adain,00747,0.6292333602905273
adain,00748,0.47984418272972107
adain,00749,0.32155340909957886
adain,00750,0.35988640785217285
adain,00751,0.2804517447948456
adain,00752,0.2702925503253937
adain,00753,0.2647344768047333
adain,00754,0.40610039234161377
adain,00755,0.28476300835609436
adain,00756,0.40554308891296387
adain,00757,0.39063704013824463
adain,00758,0.4389939308166504
adain,00759,0.18048003315925598
adain,00760,0.5142486095428467
adain,00761,0.34043243527412415
adain,00762,0.20874902606010437
adain,00763,0.13717597723007202
adain,00764,0.479755699634552
adain,00765,0.17209972441196442
adain,00766,0.43125224113464355
adain,00767,0.3615219295024872
adain,00768,0.4158940613269806
adain,00769,0.3237178325653076
adain,00770,0.2883653938770294
adain,00771,0.1624046266078949
adain,00772,0.41480547189712524
adain,00773,0.4302533268928528
adain,00774,0.2919575572013855
adain,00775,0.40677064657211304
adain,00776,0.5246087312698364
adain,00777,0.35532695055007935
adain,00778,0.36392349004745483
adain,00779,0.36712661385536194
adain,00780,0.4863970875740051
adain,00781,0.25392448902130127
adain,00782,0.47592592239379883
adain,00783,0.6047338247299194
adain,00784,0.39706748723983765
adain,00785,0.4967527389526367
adain,00786,-0.021352937445044518
adain,00787,0.2511959671974182
adain,00788,0.6520569324493408
adain,00789,0.23517169058322906
adain,00790,0.4002090096473694
adain,00791,0.7640683650970459
adain,00792,0.27774181962013245
adain,00793,0.5929394960403442
adain,00794,0.39588484168052673
adain,00795,0.23869925737380981
adain,00796,0.43015509843826294
adain,00797,0.4779587984085083
adain,00798,0.2912639081478119
adain,00799,0.5612020492553711
adain,00800,0.2641516327857971
adain,00801,0.17234274744987488
adain,00802,0.1615999937057495
adain,00803,0.47740644216537476
adain,00804,0.36789393424987793
adain,00805,0.28427109122276306
adain,00806,0.533873438835144
adain,00807,0.3880684971809387
adain,00808,0.5583013296127319
adain,00809,0.36022597551345825
adain,00810,0.4610925316810608
adain,00811,0.5061808824539185
adain,00812,0.20465821027755737
adain,00813,0.2361605167388916
adain,00814,0.3445753753185272
adain,00815,0.37066757678985596
adain,00816,0.22364073991775513
adain,00817,0.22132690250873566
adain,00818,0.2494531124830246
adain,00819,0.2606310248374939
adain,00820,0.5217283964157104
adain,00821,0.4404458701610565
adain,00822,0.20059841871261597
adain,00823,0.5773334503173828
adain,00824,0.40811628103256226
adain,00825,0.4191552400588989
adain,00826,0.32592475414276123
adain,00827,0.15130794048309326
adain,00828,0.10177820175886154
adain,00829,0.41789865493774414
adain,00830,0.444445937871933
adain,00831,0.18356040120124817
adain,00832,0.4754087030887604
adain,00833,0.30051034688949585
adain,00834,0.2989417612552643
adain,00835,0.267366886138916
adain,00836,0.2609984278678894
adain,00837,0.5010227560997009
adain,00838,0.31336188316345215
adain,00839,0.3128278851509094
adain,00840,0.6352912783622742
adain,00841,0.20704546570777893
adain,00842,0.35147368907928467
adain,00843,0.5429673194885254
adain,00844,0.3065829873085022
adain,00845,0.5664148330688477
adain,00846,0.6959220170974731
adain,00847,0.21196392178535461
adain,00848,0.25178441405296326
adain,00849,0.36092206835746765
adain,00850,0.08144703507423401
adain,00851,0.45645633339881897
adain,00852,0.4092845320701599
adain,00853,0.0948064848780632
adain,00854,0.07508044689893723
adain,00855,0.2570597529411316
adain,00856,0.6805226802825928
adain,00857,0.3946250379085541
adain,00858,0.2575016915798187
adain,00859,0.384352445602417
adain,00860,0.5123730897903442
adain,00861,0.19019755721092224
adain,00862,0.29490765929222107
adain,00863,0.2848236560821533
adain,00864,0.34289008378982544
adain,00865,0.3922213315963745
adain,00866,0.35782182216644287
adain,00867,0.45210954546928406
adain,00868,0.4738026559352875
adain,00869,0.4170394241809845
adain,00870,0.54472815990448
adain,00871,0.25283658504486084
adain,00872,0.41349929571151733
adain,00873,0.5451105833053589
adain,00874,0.42996078729629517
adain,00875,0.2866675853729248
adain,00876,0.12552081048488617
adain,00877,0.6511902809143066
adain,00878,0.20946747064590454
adain,00879,0.6430864334106445
adain,00880,0.46220552921295166
adain,00881,0.35567566752433777
adain,00882,0.3815106153488159
adain,00883,0.2586035132408142
adain,00884,0.1344238668680191
adain,00885,0.4655604660511017
adain,00886,0.47480225563049316
adain,00887,0.2487247735261917
adain,00888,0.7474036812782288
adain,00889,0.3474452495574951
adain,00890,0.4206506609916687
adain,00891,0.26335760951042175
adain,00892,0.5504857301712036
adain,00893,0.35391658544540405
adain,00894,0.22924543917179108
adain,00895,0.2720002830028534
adain,00896,0.3207584023475647
adain,00897,0.2972904443740845
adain,00898,0.2865014672279358
adain,00899,0.35475295782089233
adain,00900,0.35445767641067505
adain,00901,0.2582182288169861
adain,00902,0.2622484564781189
adain,00903,0.30029433965682983
adain,00904,0.27586933970451355
adain,00905,0.3312637209892273
adain,00906,0.3859729766845703
adain,00907,0.20531408488750458
adain,00908,0.5674184560775757
adain,00909,0.40628042817115784
adain,00910,0.14006927609443665
adain,00911,0.10120125114917755
adain,00912,0.23567190766334534
adain,00913,0.1783069670200348
adain,00914,0.41231173276901245
adain,00915,0.2089863419532776
adain,00916,0.217148095369339
adain,00917,0.2893787622451782
adain,00918,0.5904596447944641
adain,00919,0.3175325393676758
adain,00920,0.32132554054260254
adain,00921,0.42859822511672974
adain,00922,0.5827627778053284
adain,00923,0.5126508474349976
adain,00924,0.2835976779460907
adain,00925,0.1175316795706749
adain,00926,0.10994156450033188
adain,00927,0.20704707503318787
adain,00928,0.1453653872013092
adain,00929,0.3030450940132141
adain,00930,0.5510318279266357
adain,00931,0.4184277057647705
adain,00932,0.3988105356693268
adain,00933,0.3569640517234802
adain,00934,0.48807254433631897
adain,00935,0.4850507974624634
adain,00936,0.5609258413314819
adain,00937,0.603204071521759
adain,00938,0.33884140849113464
adain,00939,0.19083848595619202
adain,00940,0.424251914024353
adain,00941,0.4249666631221771
adain,00942,0.3229987323284149
adain,00943,0.1887052208185196
adain,00944,0.4876262843608856
adain,00945,0.5706952214241028
adain,00946,0.16388200223445892
adain,00947,0.3340347409248352
adain,00948,0.3216055929660797
adain,00949,0.3334798812866211
adain,00950,0.4207009971141815
adain,00951,0.20861655473709106
adain,00952,0.34814897179603577
adain,00953,0.4697780907154083
adain,00954,0.39333516359329224
adain,00955,0.07571671903133392
adain,00956,0.2836492955684662
adain,00957,0.3160479962825775
adain,00958,0.2773968577384949
adain,00959,0.5985958576202393
adain,00960,0.13275876641273499
adain,00961,0.37929943203926086
adain,00962,0.5679211616516113
adain,00963,0.45404767990112305
adain,00964,0.1361624300479889
adain,00965,0.5579466819763184
adain,00966,0.26620563864707947
adain,00967,0.25615668296813965
adain,00968,0.3144708573818207
adain,00969,0.3812088370323181
adain,00970,0.32313501834869385
adain,00971,0.5374983549118042
adain,00972,0.45599693059921265
adain,00973,0.36998894810676575
adain,00974,0.1521575152873993
adain,00975,0.4436735510826111
adain,00976,0.4758831858634949
adain,00977,0.5636823773384094
adain,00978,0.3003934621810913
adain,00979,0.30957505106925964
adain,00980,0.236554354429245
adain,00981,0.37518060207366943
adain,00982,0.36243078112602234
adain,00983,0.5126354694366455
adain,00984,0.1856999695301056
adain,00985,0.3450273275375366
adain,00986,0.45997729897499084
adain,00987,0.23440667986869812
adain,00988,0.3676045835018158
adain,00989,0.34717363119125366
adain,00990,0.3606509566307068
adain,00991,0.26680076122283936
adain,00992,0.4312793016433716
adain,00993,0.3608947992324829
adain,00994,0.2639146149158478
adain,00995,0.30940160155296326
adain,00996,0.2851536273956299
adain,00997,0.21726346015930176
adain,00998,0.1635662019252777
adain,00999,0.1665518879890442
adain,01000,0.22825297713279724
adain,01001,0.1281096637248993
adain,01002,0.4508112370967865
adain,01003,0.5375024676322937
adain,01004,0.4783730208873749
adain,01005,0.3767155110836029
adain,01006,0.11540310084819794
adain,01007,0.23428043723106384
adain,01008,0.5470682382583618
adain,01009,0.2311447113752365
adain,01010,0.38466793298721313
adain,01011,0.34684354066848755
adain,01012,0.6630532145500183
adain,01013,0.5036952495574951
adain,01014,0.08627473562955856
adain,01015,0.3320479989051819
adain,01016,0.3824152946472168
adain,01017,0.1665721833705902
adain,01018,0.37191933393478394
adain,01019,0.32367709279060364
adain,01020,0.275450736284256
adain,01021,0.3868420720100403
adain,01022,0.3480875492095947
adain,01023,0.2547924220561981
adain,01024,0.30895063281059265
adain,01025,0.23535791039466858
adain,01026,0.38881874084472656
adain,01027,0.4594893157482147
adain,01028,0.27613258361816406
adain,01029,0.10340459644794464
adain,01030,0.24423536658287048
adain,01031,0.3699142336845398
adain,01032,0.4010085463523865
adain,01033,0.6660512685775757
adain,01034,0.2956469655036926
adain,01035,0.4623136520385742
adain,01036,0.5617871880531311
adain,01037,0.40399980545043945
adain,01038,0.46435731649398804
adain,01039,0.4239709973335266
adain,01040,0.6241557598114014
adain,01041,0.3810131549835205
adain,01042,0.31704241037368774
adain,01043,0.3221595287322998
adain,01044,0.468966007232666
adain,01045,0.3029486835002899
adain,01046,0.1967233419418335
adain,01047,0.47382646799087524
adain,01048,0.3113390803337097
adain,01049,0.513816237449646
adain,01050,0.3517003059387207
adain,01051,0.08144265413284302
adain,01052,0.2928483188152313
adain,01053,0.3013979196548462
adain,01054,0.4371441900730133
adain,01055,0.4909525215625763
adain,01056,0.4022054076194763
adain,01057,0.39848756790161133
adain,01058,0.31578028202056885
adain,01059,0.21596753597259521
adain,01060,0.38416993618011475
adain,01061,0.3955053389072418
adain,01062,0.43004927039146423
adain,01063,0.5645288825035095
adain,01064,0.4526005983352661
adain,01065,0.4576733112335205
adain,01066,0.1579614132642746
adain,01067,0.27469295263290405
adain,01068,0.15254762768745422
adain,01069,0.34909266233444214
adain,01070,0.35181427001953125
adain,01071,0.3522860109806061
adain,01072,0.17037439346313477
adain,01073,0.42166298627853394
adain,01074,0.6102886199951172
adain,01075,0.2808964252471924
adain,01076,0.14606568217277527
adain,01077,0.33092236518859863
adain,01078,0.23682072758674622
adain,01079,0.2526806592941284
adain,01080,0.20027922093868256
adain,01081,0.5246426463127136
adain,01082,0.303589791059494
adain,01083,0.3304292559623718
adain,01084,0.18496757745742798
adain,01085,0.4703633785247803
adain,01086,0.4939528703689575
adain,01087,0.47821712493896484
adain,01088,0.2670797109603882
adain,01089,0.5130248069763184
adain,01090,0.31321460008621216
adain,01091,0.2768172025680542
adain,01092,0.2715633511543274
adain,01093,0.37889808416366577
adain,01094,0.11522278189659119
adain,01095,0.5231614708900452
adain,01096,0.1828831434249878
adain,01097,0.6449729204177856
adain,01098,0.39465993642807007
adain,01099,0.10733981430530548
adain,01100,0.5912306308746338
adain,01101,0.17008307576179504
adain,01102,0.387839138507843
adain,01103,0.43367671966552734
adain,01104,0.34131598472595215
adain,01105,0.2751721143722534
adain,01106,0.42324382066726685
adain,01107,0.18954597413539886
adain,01108,0.38693326711654663
adain,01109,0.39794039726257324
adain,01110,0.2706183195114136
adain,01111,0.26827505230903625
adain,01112,0.3675193190574646
adain,01113,0.11511017382144928
adain,01114,0.26035425066947937
adain,01115,0.2349458932876587
adain,01116,0.34141573309898376
adain,01117,0.6900143623352051
adain,01118,0.49087271094322205
adain,01119,0.42273658514022827
adain,01120,0.3892226219177246
adain,01121,0.15484914183616638
adain,01122,0.46555617451667786
adain,01123,0.36432620882987976
adain,01124,0.3302931785583496
adain,01125,0.41264772415161133
adain,01126,0.2739794850349426
adain,01127,0.40914809703826904
adain,01128,0.28690817952156067
adain,01129,0.2698700428009033
adain,01130,0.2660585045814514
adain,01131,0.28625431656837463
adain,01132,0.19860708713531494
adain,01133,0.3793486952781677
adain,01134,0.2714436650276184
adain,01135,0.43520769476890564
adain,01136,0.172561913728714
adain,01137,0.19872921705245972
adain,01138,0.31220388412475586
adain,01139,0.4300471842288971
adain,01140,0.35802167654037476
adain,01141,0.33671706914901733
adain,01142,0.5966657400131226
adain,01143,0.36418095231056213
adain,01144,0.4901869297027588
adain,01145,0.06855590641498566
adain,01146,0.4515177011489868
adain,01147,0.4587411880493164
adain,01148,0.10162825882434845
adain,01149,0.24455301463603973
adain,01150,0.20467323064804077
adain,01151,0.2811460494995117
adain,01152,0.4190142750740051
adain,01153,0.3180401027202606
adain,01154,0.2708037793636322
adain,01155,0.22396931052207947
adain,01156,0.591120183467865
adain,01157,0.2864748239517212
adain,01158,0.4251980185508728
adain,01159,0.30055248737335205
adain,01160,0.7128138542175293
adain,01161,0.43049055337905884
adain,01162,0.29139983654022217
adain,01163,0.25283482670783997
adain,01164,0.5784063339233398
adain,01165,0.2827371656894684
adain,01166,0.5171493887901306
adain,01167,0.20380645990371704
adain,01168,0.5030931234359741
adain,01169,0.31717655062675476
adain,01170,0.3540566861629486
adain,01171,0.14808207750320435
adain,01172,0.2268771380186081
adain,01173,0.11912772804498672
adain,01174,0.395463228225708
adain,01175,0.28678008913993835
adain,01176,0.3861881494522095
adain,01177,0.36496421694755554
adain,01178,0.5390281677246094
adain,01179,0.5449079275131226
adain,01180,0.3411672115325928
adain,01181,0.1964816451072693
adain,01182,0.46388697624206543
adain,01183,0.1822793185710907
adain,01184,0.17072786390781403
adain,01185,0.30887091159820557
adain,01186,0.1605810523033142
adain,01187,0.169158935546875
adain,01188,0.2103278934955597
adain,01189,0.1477314680814743
adain,01190,0.22366349399089813
adain,01191,0.37442439794540405
adain,01192,0.2508555054664612
adain,01193,0.33338332176208496
adain,01194,0.6226360201835632
adain,01195,0.4467785954475403
adain,01196,0.46409842371940613
adain,01197,0.4440416097640991
adain,01198,0.23718130588531494
adain,01199,0.36129817366600037
adain,01200,0.297885000705719
adain,01201,0.2460913062095642
adain,01202,0.5410845279693604
adain,01203,0.4660678505897522
adain,01204,0.31291091442108154
adain,01205,0.20059268176555634
adain,01206,0.36621975898742676
adain,01207,0.5165202021598816
adain,01208,0.394909143447876
adain,01209,0.3796253204345703
adain,01210,0.5341150760650635
adain,01211,0.47473976016044617
adain,01212,0.27170002460479736
adain,01213,0.5955077409744263
adain,01214,0.09144625067710876
adain,01215,0.07240425050258636
adain,01216,0.4569476544857025
adain,01217,0.5519975423812866
adain,01218,0.41369324922561646
adain,01219,0.44006818532943726
adain,01220,0.4059174656867981
adain,01221,0.33980751037597656
adain,01222,0.2103259414434433
adain,01223,0.5258239507675171
adain,01224,0.4277022182941437
adain,01225,0.40477052330970764
adain,01226,0.1727777123451233
adain,01227,0.2621486783027649
adain,01228,0.27621787786483765
adain,01229,0.6088710427284241
adain,01230,0.3372666835784912
adain,01231,0.49591052532196045
adain,01232,0.40296462178230286
adain,01233,0.12783803045749664
adain,01234,0.4238499402999878
adain,01235,0.3530598282814026
adain,01236,0.5829445123672485
adain,01237,0.31917041540145874
adain,01238,0.2757701873779297
adain,01239,0.2838286757469177
adain,01240,0.187534898519516
adain,01241,0.5448868870735168
adain,01242,0.20234018564224243
adain,01243,0.31974852085113525
adain,01244,0.409845769405365
adain,01245,0.5093679428100586
adain,01246,0.23483961820602417
adain,01247,0.3903782367706299
adain,01248,0.13261210918426514
adain,01249,0.2693815231323242
adain,01250,0.46530717611312866
adain,01251,0.26236769556999207
adain,01252,0.47563427686691284
adain,01253,0.33287444710731506
adain,01254,0.3845731019973755
adain,01255,0.40400516986846924
adain,01256,0.11431785672903061
adain,01257,0.25392329692840576
adain,01258,-0.007752448320388794
adain,01259,0.2655614912509918
adain,01260,0.13915583491325378
adain,01261,0.3755868971347809
adain,01262,0.2692153751850128
adain,01263,0.521560788154602
adain,01264,0.48380133509635925
adain,01265,0.47250834107398987
adain,01266,0.2922477126121521
adain,01267,0.28855201601982117
adain,01268,0.6337995529174805
adain,01269,0.5901878476142883
adain,01270,0.4458812177181244
adain,01271,0.3970949053764343
adain,01272,0.2257487177848816
adain,01273,0.19355803728103638
adain,01274,0.3758067786693573
adain,01275,0.42340779304504395
adain,01276,0.4285239577293396
adain,01277,0.47486117482185364
adain,01278,0.2167428880929947
adain,01279,0.458268940448761
adain,01280,0.260570228099823
adain,01281,0.4688568711280823
adain,01282,0.4202015697956085
adain,01283,0.3871757984161377
adain,01284,0.25157415866851807
adain,01285,0.2212907373905182
adain,01286,0.5124021768569946
adain,01287,0.5801922082901001
adain,01288,0.3715567886829376
adain,01289,0.4980275332927704
adain,01290,0.4531020224094391
adain,01291,0.5090388059616089
adain,01292,0.3125361502170563
adain,01293,0.48096418380737305
adain,01294,0.36868149042129517
adain,01295,0.39811885356903076
adain,01296,0.16757601499557495
adain,01297,0.6264830231666565
adain,01298,0.49277710914611816
adain,01299,0.3845871090888977
adain,01300,0.26286765933036804
adain,01301,0.5121944546699524
adain,01302,0.1737138330936432
adain,01303,0.15836405754089355
adain,01304,0.47472256422042847
adain,01305,0.3540855646133423
adain,01306,0.4812167286872864
adain,01307,0.41903984546661377
adain,01308,0.3808676600456238
adain,01309,0.3101383149623871
adain,01310,0.5047847032546997
adain,01311,0.3564389944076538
adain,01312,0.20486798882484436
adain,01313,0.27877798676490784
adain,01314,0.2505490183830261
adain,01315,0.40167170763015747
adain,01316,0.4602270722389221
adain,01317,0.38873112201690674
adain,01318,0.3367851972579956
adain,01319,0.2121679186820984
adain,01320,0.2614942193031311
adain,01321,0.5462973713874817
adain,01322,0.14059267938137054
adain,01323,0.3354451060295105
adain,01324,0.23555617034435272
adain,01325,0.31789112091064453
adain,01326,0.3816031813621521
adain,01327,0.04012451693415642
adain,01328,0.4305409789085388
adain,01329,0.6399375200271606
adain,01330,0.13219338655471802
adain,01331,0.5072622299194336
adain,01332,0.15462030470371246
adain,01333,0.36505556106567383
adain,01334,0.3029770255088806
adain,01335,0.6317451000213623
adain,01336,0.3308119475841522
adain,01337,0.5095363259315491
adain,01338,0.27077430486679077
adain,01339,0.28824883699417114
adain,01340,0.37929290533065796
adain,01341,0.37795576453208923
adain,01342,0.36312437057495117
adain,01343,0.11873359978199005
adain,01344,0.4385664463043213
adain,01345,0.3319571018218994
adain,01346,0.39624759554862976
adain,01347,0.2717544436454773
adain,01348,0.3197491765022278
adain,01349,0.4952113926410675
adain,01350,0.438772052526474
adain,01351,0.3322462737560272
adain,01352,0.31060075759887695
adain,01353,0.2610894441604614
adain,01354,0.5855463743209839
adain,01355,0.2857675552368164
adain,01356,0.47099703550338745
adain,01357,0.2800601124763489
adain,01358,0.3450927734375
adain,01359,0.3084021210670471
adain,01360,0.115483358502388
adain,01361,0.28188657760620117
adain,01362,0.3459058403968811
adain,01363,0.2570708394050598
adain,01364,0.2183220386505127
adain,01365,0.17836101353168488
adain,01366,0.22933591902256012
adain,01367,0.23077109456062317
adain,01368,0.5843367576599121
adain,01369,0.2627550959587097
adain,01370,0.31827956438064575
adain,01371,0.3979802131652832
adain,01372,0.22899910807609558
adain,01373,0.5356772541999817
adain,01374,0.5415664315223694
adain,01375,0.4021835923194885
adain,01376,0.6037906408309937
adain,01377,0.2486383020877838
adain,01378,0.1833663284778595
adain,01379,0.39892667531967163
adain,01380,0.44530582427978516
adain,01381,0.44969427585601807
adain,01382,0.4992518424987793
adain,01383,0.3010573983192444
adain,01384,0.3536730408668518
adain,01385,0.0688982754945755
adain,01386,0.26430055499076843
adain,01387,0.4070473611354828
adain,01388,0.49044036865234375
adain,01389,0.4598030745983124
adain,01390,0.3658444285392761
adain,01391,0.4696113169193268
adain,01392,0.36681145429611206
adain,01393,0.2752748131752014
adain,01394,0.5816524028778076
adain,01395,0.6013785004615784
adain,01396,0.1556701958179474
adain,01397,0.39685750007629395
adain,01398,0.29908910393714905
adain,01399,0.20722460746765137
adain,01400,0.17598016560077667
adain,01401,0.3169187903404236
adain,01402,0.5363674163818359
adain,01403,0.4326217770576477
adain,01404,0.3527403473854065
adain,01405,0.20749996602535248
adain,01406,0.34450340270996094
adain,01407,0.1883401870727539
adain,01408,0.23264668881893158
adain,01409,0.45216161012649536
adain,01410,0.4083114266395569
adain,01411,0.4420372247695923
adain,01412,0.2604697346687317
adain,01413,0.46948596835136414
adain,01414,0.46372878551483154
adain,01415,0.29878371953964233
adain,01416,0.15447846055030823
adain,01417,0.18744537234306335
adain,01418,0.36854851245880127
adain,01419,0.5753580331802368
adain,01420,0.23758922517299652
adain,01421,0.15988029539585114
adain,01422,0.2844284772872925
adain,01423,0.5297349691390991
adain,01424,0.2984454035758972
adain,01425,0.18209508061408997
adain,01426,0.15345489978790283
adain,01427,0.38888049125671387
adain,01428,0.30806684494018555
adain,01429,0.276620090007782
adain,01430,0.17597925662994385
adain,01431,0.43895938992500305
adain,01432,0.15848562121391296
adain,01433,0.5075975656509399
adain,01434,0.36473843455314636
adain,01435,0.6555348634719849
adain,01436,0.22695307433605194
adain,01437,0.4525265097618103
adain,01438,0.3842375874519348
adain,01439,0.5690814852714539
adain,01440,0.31393760442733765
adain,01441,0.37681257724761963
adain,01442,0.15053299069404602
adain,01443,0.3430510461330414
adain,01444,0.3256540298461914
adain,01445,0.5206938982009888
adain,01446,0.32549771666526794
adain,01447,0.4086529612541199
adain,01448,0.4148354232311249
adain,01449,0.20313169062137604
adain,01450,0.22035810351371765
adain,01451,0.14460399746894836
adain,01452,0.19509756565093994
adain,01453,0.468506783246994
adain,01454,0.2638380527496338
adain,01455,0.37867772579193115
adain,01456,0.22464004158973694
adain,01457,0.4620397388935089
adain,01458,0.5460165143013
adain,01459,0.4069734811782837
adain,01460,0.05510733276605606
adain,01461,0.6668857336044312
adain,01462,0.40926027297973633
adain,01463,0.4835890531539917
adain,01464,0.2610323429107666
adain,01465,0.38545623421669006
adain,01466,0.3343208134174347
adain,01467,0.459408164024353
adain,01468,0.32112255692481995
adain,01469,0.24102097749710083
adain,01470,0.2412862777709961
adain,01471,0.3845035433769226
adain,01472,0.30244940519332886
adain,01473,0.37413662672042847
adain,01474,0.5292899012565613
adain,01475,0.5281466245651245
adain,01476,0.30995234847068787
adain,01477,0.439239501953125
adain,01478,0.40605592727661133
adain,01479,0.4446113705635071
adain,01480,0.3652536869049072
adain,01481,0.2793370485305786
adain,01482,0.5236663818359375
adain,01483,0.18797370791435242
adain,01484,0.531730592250824
adain,01485,0.38480043411254883
adain,01486,0.3663051426410675
adain,01487,0.34232327342033386
adain,01488,0.29189589619636536
adain,01489,0.37829020619392395
adain,01490,0.11745377629995346
adain,01491,0.3816402852535248
adain,01492,0.17616553604602814
adain,01493,0.377743661403656
adain,01494,0.37523117661476135
adain,01495,0.15853194892406464
adain,01496,0.4490349292755127
adain,01497,0.4597761332988739
adain,01498,0.2460213005542755
adain,01499,0.22526046633720398
adain,01500,0.5562814474105835
adain,01501,0.3004492521286011
adain,01502,0.26659730076789856
adain,01503,0.3760768473148346
adain,01504,0.4934968650341034
adain,01505,0.21758270263671875
adain,01506,0.5089936852455139
adain,01507,0.2600613534450531
adain,01508,0.26529601216316223
adain,01509,0.40007925033569336
adain,01510,0.21091611683368683
adain,01511,0.3688356876373291
adain,01512,0.44337642192840576
adain,01513,0.2775883674621582
adain,01514,0.12902212142944336
adain,01515,0.20356018841266632
adain,01516,0.3121365010738373
adain,01517,0.41330772638320923
adain,01518,0.5274475812911987
adain,01519,0.04227645695209503
adain,01520,0.3555009961128235
adain,01521,0.3833949863910675
adain,01522,0.19805169105529785
adain,01523,0.3911913335323334
adain,01524,0.35013532638549805
adain,01525,0.5748084783554077
adain,01526,0.6071559190750122
adain,01527,0.5723983645439148
adain,01528,0.04341963678598404
adain,01529,0.2625602185726166
adain,01530,0.27589648962020874
adain,01531,0.14841324090957642
adain,01532,0.4657406806945801
adain,01533,0.2809036076068878
adain,01534,0.38518428802490234
adain,01535,0.45090609788894653
adain,01536,0.3832924962043762
adain,01537,0.041552409529685974
adain,01538,0.374248206615448
adain,01539,0.38192036747932434
adain,01540,0.5246250033378601
adain,01541,0.5424368977546692
adain,01542,0.21492427587509155
adain,01543,0.28067898750305176
adain,01544,0.11913987249135971
adain,01545,0.239100381731987
adain,01546,0.4385335445404053
adain,01547,0.2862832546234131
adain,01548,0.37175893783569336
adain,01549,0.4240305423736572
adain,01550,0.30703097581863403
adain,01551,0.2616105079650879
adain,01552,0.40702712535858154
adain,01553,0.48772573471069336
adain,01554,0.290347695350647
adain,01555,0.2737787961959839
adain,01556,0.4260242283344269
adain,01557,0.4401249885559082
adain,01558,0.35246407985687256
adain,01559,0.42420798540115356
adain,01560,0.37741994857788086
adain,01561,0.5346336364746094
adain,01562,0.5024309754371643
adain,01563,0.34022384881973267
adain,01564,0.4280412197113037
adain,01565,0.2418890744447708
adain,01566,0.3434382677078247
adain,01567,0.38034743070602417
adain,01568,0.3207090497016907
adain,01569,0.5325725078582764
adain,01570,0.39166635274887085
adain,01571,0.24552567303180695
adain,01572,0.2732521593570709
adain,01573,0.34052830934524536
adain,01574,0.47195887565612793
adain,01575,0.46815329790115356
adain,01576,0.489327073097229
adain,01577,0.6109525561332703
adain,01578,0.33841878175735474
adain,01579,0.3404163718223572
adain,01580,0.29863423109054565
adain,01581,0.2581271529197693
adain,01582,0.4092661440372467
adain,01583,0.2035006433725357
adain,01584,0.24558383226394653
adain,01585,0.4224492907524109
adain,01586,0.453973650932312
adain,01587,0.18215394020080566
adain,01588,0.2337723672389984
adain,01589,0.17030853033065796
adain,01590,0.11883293837308884
adain,01591,0.5836337208747864
adain,01592,0.595912516117096
adain,01593,0.2805068790912628
adain,01594,0.38169458508491516
adain,01595,0.38577044010162354
adain,01596,0.3335765302181244
adain,01597,0.35152795910835266
adain,01598,0.3860357403755188
adain,01599,0.31769686937332153
adain,01600,0.4045521020889282
adain,01601,0.44422072172164917
adain,01602,0.26183685660362244
adain,01603,0.49604105949401855
adain,01604,0.12071248143911362
adain,01605,0.4269656538963318
adain,01606,0.31531351804733276
adain,01607,0.4657578766345978
adain,01608,-0.04012015461921692
adain,01609,0.15532046556472778
adain,01610,0.6124588251113892
adain,01611,0.2998771071434021
adain,01612,0.629431962966919
adain,01613,0.3580288887023926
adain,01614,0.34212204813957214
adain,01615,0.23230326175689697
adain,01616,0.4488378167152405
adain,01617,0.31395402550697327
adain,01618,0.5616582036018372
adain,01619,0.3355945944786072
adain,01620,0.30457961559295654
adain,01621,0.31827956438064575
adain,01622,0.2612948715686798
adain,01623,0.3728082776069641
adain,01624,0.5964714884757996
adain,01625,0.23631241917610168
adain,01626,0.4752103090286255
adain,01627,0.19073966145515442
adain,01628,0.1490137279033661
adain,01629,0.0965411365032196
adain,01630,0.3323850631713867
adain,01631,0.3771143853664398
adain,01632,0.3682542145252228
adain,01633,0.5734590888023376
adain,01634,0.47146958112716675
adain,01635,0.3373064398765564
adain,01636,0.2699519693851471
adain,01637,0.47581467032432556
adain,01638,0.37705880403518677
adain,01639,0.052055008709430695
adain,01640,0.5031800270080566
adain,01641,0.3257479667663574
adain,01642,0.3990996479988098
adain,01643,0.291850745677948
adain,01644,0.27775487303733826
adain,01645,0.45756301283836365
adain,01646,0.36881572008132935
adain,01647,0.507081151008606
adain,01648,0.1943684071302414
adain,01649,0.40512537956237793
adain,01650,0.37260907888412476
adain,01651,0.39672309160232544
adain,01652,0.29935595393180847
adain,01653,0.4403066039085388
adain,01654,0.4431580901145935
adain,01655,0.6186268329620361
adain,01656,0.34346234798431396
adain,01657,0.5201571583747864
adain,01658,0.2151564657688141
adain,01659,0.2922421097755432
adain,01660,0.41812989115715027
adain,01661,0.3348458707332611
adain,01662,0.5948556661605835
adain,01663,0.3190295994281769
adain,01664,0.453882098197937
adain,01665,0.4565580487251282
adain,01666,0.37425923347473145
adain,01667,0.400574266910553
adain,01668,0.33785074949264526
adain,01669,0.2750208377838135
adain,01670,0.44766873121261597
adain,01671,0.1403881162405014
adain,01672,0.30177488923072815
adain,01673,0.4689437747001648
adain,01674,0.40273022651672363
adain,01675,0.5565546154975891
adain,01676,0.5681136846542358
adain,01677,0.6088730096817017
adain,01678,0.5736883878707886
adain,01679,0.3815435767173767
adain,01680,0.42518484592437744
adain,01681,0.34520041942596436
adain,01682,0.12909844517707825
adain,01683,0.43724989891052246
adain,01684,0.24798724055290222
adain,01685,0.43475541472435
adain,01686,0.21999381482601166
adain,01687,0.4241941571235657
adain,01688,0.5429164171218872
adain,01689,0.5164205431938171
adain,01690,0.4409668743610382
adain,01691,0.24218454957008362
adain,01692,0.5388084053993225
adain,01693,0.5624395608901978
adain,01694,0.27250513434410095
adain,01695,0.30421143770217896
adain,01696,0.26362258195877075
adain,01697,0.22317957878112793
adain,01698,0.45789670944213867
adain,01699,0.20367377996444702
adain,01700,0.19827567040920258
adain,01701,0.30026519298553467
adain,01702,0.24327415227890015
adain,01703,0.38677793741226196
adain,01704,0.2847200036048889
adain,01705,0.14873729646205902
adain,01706,0.5643352270126343
adain,01707,0.4499925971031189
adain,01708,0.24298374354839325
adain,01709,0.2732510268688202
adain,01710,0.42343610525131226
adain,01711,0.31533801555633545
adain,01712,0.8332454562187195
adain,01713,0.19792848825454712
adain,01714,0.21103700995445251
adain,01715,0.5027686357498169
adain,01716,0.4708326756954193
adain,01717,0.30345407128334045
adain,01718,0.2218029797077179
adain,01719,0.19831843674182892
adain,01720,0.673220157623291
adain,01721,0.5229778289794922
adain,01722,0.1295260488986969
adain,01723,0.21576523780822754
adain,01724,0.1385999321937561
adain,01725,0.35579991340637207
adain,01726,0.48928457498550415
adain,01727,0.06439122557640076
adain,01728,0.4411848783493042
adain,01729,0.4366588294506073
adain,01730,0.26043304800987244
adain,01731,0.30836209654808044
adain,01732,0.5764231085777283
adain,01733,0.13636216521263123
adain,01734,0.4377360939979553
adain,01735,0.3401212990283966
adain,01736,0.3675055503845215
adain,01737,0.40195751190185547
adain,01738,0.30438604950904846
adain,01739,0.35433077812194824
adain,01740,0.2746864855289459
adain,01741,0.3411903381347656
adain,01742,0.48621952533721924
adain,01743,0.33827582001686096
adain,01744,0.21509751677513123
adain,01745,0.3099222481250763
adain,01746,0.20680488646030426
adain,01747,0.5557705760002136
adain,01748,0.5422974824905396
adain,01749,0.48983117938041687
adain,01750,0.4864577651023865
adain,01751,0.4416095018386841
adain,01752,0.3617788851261139
adain,01753,0.3113402724266052
adain,01754,0.2803957462310791
adain,01755,0.5602964162826538
adain,01756,0.4297317564487457
adain,01757,0.4335559010505676
adain,01758,0.36070194840431213
adain,01759,0.46671050786972046
adain,01760,0.49938395619392395
adain,01761,0.5852860808372498
adain,01762,0.4754365086555481
adain,01763,0.2504459619522095
adain,01764,0.38230100274086
adain,01765,0.12437205761671066
adain,01766,0.6004549264907837
adain,01767,0.5422970056533813
adain,01768,0.2900547981262207
adain,01769,0.43539315462112427
adain,01770,0.2576485872268677
adain,01771,0.2680822014808655
adain,01772,0.17881786823272705
adain,01773,0.4456183910369873
adain,01774,0.16972102224826813
adain,01775,0.4195457398891449
adain,01776,0.14199554920196533
adain,01777,0.3455217480659485
adain,01778,0.3444185256958008
adain,01779,0.5121699571609497
adain,01780,0.5782047510147095
adain,01781,0.30687135457992554
adain,01782,0.3130572438240051
adain,01783,0.6778454184532166
adain,01784,0.18250279128551483
adain,01785,0.4130088686943054
adain,01786,0.419816792011261
adain,01787,0.5548134446144104
adain,01788,0.2564238905906677
adain,01789,0.5770535469055176
adain,01790,0.4882042407989502
adain,01791,0.18916922807693481
adain,01792,0.1995519995689392
adain,01793,0.3538128137588501
adain,01794,0.3842194080352783
adain,01795,0.48618146777153015
adain,01796,0.4710850119590759
adain,01797,0.30993780493736267
adain,01798,0.3218681812286377
adain,01799,0.35425490140914917
adain,01800,0.4023325443267822
adain,01801,0.49855923652648926
adain,01802,0.3493187427520752
adain,01803,0.24014480412006378
adain,01804,0.1041039377450943
adain,01805,0.41484326124191284
adain,01806,0.11808939278125763
adain,01807,0.5529887080192566
adain,01808,0.17215177416801453
adain,01809,0.525884211063385
adain,01810,0.35322555899620056
adain,01811,0.3316583037376404
adain,01812,0.3209104537963867
adain,01813,0.23463484644889832
adain,01814,0.37028342485427856
adain,01815,0.23441335558891296
adain,01816,0.3113744258880615
adain,01817,0.28940549492836
adain,01818,0.15755857527256012
adain,01819,0.003934417851269245
adain,01820,0.2155417501926422
adain,01821,0.5123956203460693
adain,01822,0.18007215857505798
adain,01823,0.36082664132118225
adain,01824,0.3738531470298767
adain,01825,0.3600923717021942
adain,01826,0.33149170875549316
adain,01827,0.13645002245903015
adain,01828,0.4284500777721405
adain,01829,0.31824570894241333
adain,01830,0.4658012390136719
adain,01831,0.6748890280723572
adain,01832,0.3698875308036804
adain,01833,0.26665031909942627
adain,01834,0.42350083589553833
adain,01835,0.4999520182609558
adain,01836,0.32524895668029785
adain,01837,0.493198424577713
adain,01838,0.14354780316352844
adain,01839,0.3788595199584961
adain,01840,0.4007755219936371
adain,01841,0.45289212465286255
adain,01842,0.33470430970191956
adain,01843,0.1923883706331253
adain,01844,0.16253209114074707
adain,01845,0.30039387941360474
adain,01846,0.4401676058769226
adain,01847,0.31863588094711304
adain,01848,0.1395270824432373
adain,01849,0.32635998725891113
adain,01850,0.4264758825302124
adain,01851,0.0679108127951622
adain,01852,0.4512357711791992
adain,01853,0.30933839082717896
adain,01854,0.20409759879112244
adain,01855,0.24401690065860748
adain,01856,0.1652921587228775
adain,01857,0.3273927569389343
adain,01858,0.2424846887588501
adain,01859,0.4664776623249054
adain,01860,0.1836809515953064
adain,01861,0.5727011561393738
adain,01862,0.3617613911628723
adain,01863,0.4467821717262268
adain,01864,0.5101121664047241
adain,01865,0.40512144565582275
adain,01866,0.10990452021360397
adain,01867,0.25128957629203796
adain,01868,0.23679913580417633
adain,01869,0.24036836624145508
adain,01870,0.6645259261131287
adain,01871,0.4368215799331665
adain,01872,0.3867156505584717
adain,01873,0.5991206169128418
adain,01874,0.6311122179031372
adain,01875,0.19199910759925842
adain,01876,0.40592771768569946
adain,01877,0.3124803900718689
adain,01878,0.24488741159439087
adain,01879,0.4285207688808441
adain,01880,0.3322497606277466
adain,01881,0.18200825154781342
adain,01882,0.49042952060699463
adain,01883,0.5326969623565674
adain,01884,0.27754974365234375
adain,01885,0.26454341411590576
adain,01886,0.2831850051879883
adain,01887,0.5189593434333801
adain,01888,0.26360464096069336
adain,01889,0.20143717527389526
adain,01890,0.4087853729724884
adain,01891,0.5755442976951599
adain,01892,0.1680717170238495
adain,01893,0.43166881799697876
adain,01894,0.5406941175460815
adain,01895,0.4008693993091583
adain,01896,0.2942282557487488
adain,01897,0.18651694059371948
adain,01898,0.5978085994720459
adain,01899,0.4775228500366211
adain,01900,0.25876525044441223
adain,01901,0.29447612166404724
adain,01902,0.20936423540115356
adain,01903,0.40203601121902466
adain,01904,0.2969287931919098
adain,01905,0.3258669376373291
adain,01906,0.15365448594093323
adain,01907,0.11839409172534943
adain,01908,0.1305207908153534
adain,01909,0.2200113832950592
adain,01910,0.5242499709129333
adain,01911,0.16478538513183594
adain,01912,0.2777451276779175
adain,01913,0.7596651315689087
adain,01914,0.2102240025997162
adain,01915,0.5228264331817627
adain,01916,0.5474696159362793
adain,01917,0.14477652311325073
adain,01918,0.25534749031066895
adain,01919,0.6012394428253174
adain,01920,0.41804710030555725
adain,01921,0.3433382511138916
adain,01922,0.6289421319961548
adain,01923,0.33872896432876587
adain,01924,0.22246360778808594
adain,01925,0.28835809230804443
adain,01926,0.28275126218795776
adain,01927,0.2574729025363922
adain,01928,0.0742792934179306
adain,01929,0.3787035346031189
adain,01930,0.6195473670959473
adain,01931,0.5635539293289185
adain,01932,0.3991786241531372
adain,01933,0.31558167934417725
adain,01934,0.6021902561187744
adain,01935,0.4144008457660675
adain,01936,0.22074587643146515
adain,01937,0.3667544424533844
adain,01938,0.2358890175819397
adain,01939,0.4606384038925171
adain,01940,0.4790343940258026
adain,01941,0.4911452531814575
adain,01942,0.4760690927505493
adain,01943,0.18358342349529266
adain,01944,0.42857277393341064
adain,01945,0.5739593505859375
adain,01946,0.44437307119369507
adain,01947,0.25956544280052185
adain,01948,0.5390833616256714
adain,01949,0.20804157853126526
adain,01950,0.10651787370443344
adain,01951,0.3048199415206909
adain,01952,0.23770073056221008
adain,01953,0.23176412284374237
adain,01954,0.5338630676269531
adain,01955,0.3817054033279419
adain,01956,0.40086811780929565
adain,01957,0.3946473002433777
adain,01958,0.41207021474838257
adain,01959,0.5058502554893494
adain,01960,0.24165958166122437
adain,01961,0.40284889936447144
adain,01962,0.5988718271255493
adain,01963,0.2320050597190857
adain,01964,0.42527034878730774
adain,01965,0.1288210153579712
adain,01966,0.3573448657989502
adain,01967,0.19945651292800903
adain,01968,-0.07448042929172516
adain,01969,0.20458242297172546
adain,01970,0.3129880726337433
adain,01971,0.14599192142486572
adain,01972,0.15639930963516235
adain,01973,0.33533817529678345
adain,01974,0.4845725893974304
adain,01975,0.35669660568237305
adain,01976,-0.054566845297813416
adain,01977,0.32841092348098755
adain,01978,0.35828226804733276
adain,01979,0.2563175559043884
adain,01980,0.3919031023979187
adain,01981,0.45384687185287476
adain,01982,0.5122578144073486
adain,01983,0.37622737884521484
adain,01984,0.3188478648662567
adain,01985,0.08273040503263474
adain,01986,0.24735121428966522
adain,01987,0.4112181067466736
adain,01988,0.2978907525539398
adain,01989,0.21165971457958221
adain,01990,0.404985249042511
adain,01991,0.5893695950508118
adain,01992,0.13195985555648804
adain,01993,0.37315189838409424
adain,01994,0.2312798798084259
adain,01995,0.13802304863929749
adain,01996,0.43003198504447937
adain,01997,0.349225789308548
adain,01998,0.28192389011383057
adain,01999,0.565750002861023
adain,02000,0.1954720914363861
adain,02001,0.47091537714004517
adain,02002,0.34692245721817017
adain,02003,0.17384903132915497
adain,02004,0.4610348343849182
adain,02005,0.2950453758239746
adain,02006,0.22469361126422882
adain,02007,0.3725031614303589
adain,02008,0.3366963267326355
adain,02009,0.1558414250612259
adain,02010,0.477422297000885
adain,02011,0.36779752373695374
adain,02012,0.36493635177612305
adain,02013,0.575677752494812
adain,02014,0.1802072823047638
adain,02015,0.23014244437217712
adain,02016,0.4121342897415161
adain,02017,0.2743561267852783
adain,02018,0.4037785232067108
adain,02019,0.5979235172271729
adain,02020,0.026009997352957726
adain,02021,0.5225920677185059
adain,02022,0.18436101078987122
adain,02023,0.23972481489181519
adain,02024,0.327753484249115
adain,02025,0.5650253295898438
adain,02026,0.5103372931480408
adain,02027,0.2727227807044983
adain,02028,0.286135733127594
adain,02029,0.2427574098110199
adain,02030,0.41218745708465576
adain,02031,0.0912681519985199
adain,02032,0.36912858486175537
adain,02033,0.3536853790283203
adain,02034,0.44834446907043457
adain,02035,0.3422049582004547
adain,02036,0.37856218218803406
adain,02037,0.4367985427379608
adain,02038,0.15140491724014282
adain,02039,0.5332578420639038
adain,02040,0.35115087032318115
adain,02041,0.1445951610803604
adain,02042,0.5756160020828247
adain,02043,0.4479164481163025
adain,02044,0.3241196274757385
adain,02045,0.4434100389480591
adain,02046,0.4165158271789551
adain,02047,0.38244935870170593
adain,02048,0.5885705351829529
adain,02049,0.3842402696609497
adain,02050,0.06269896775484085
adain,02051,0.29782629013061523
adain,02052,0.15952768921852112
adain,02053,0.2658533453941345
adain,02054,0.6924088001251221
adain,02055,0.30742499232292175
adain,02056,0.33072295784950256
adain,02057,0.12926596403121948
adain,02058,0.27387529611587524
adain,02059,0.17519986629486084
adain,02060,0.33214300870895386
adain,02061,0.20417435467243195
adain,02062,0.44054076075553894
adain,02063,0.18292775750160217
adain,02064,0.3922208547592163
adain,02065,0.18510670959949493
adain,02066,0.15114256739616394
adain,02067,0.1818983107805252
adain,02068,0.33093494176864624
adain,02069,0.3200240731239319
adain,02070,0.3087165951728821
adain,02071,0.3285091519355774
adain,02072,0.586618185043335
adain,02073,0.2833341956138611
adain,02074,0.3718685507774353
adain,02075,0.45225393772125244
adain,02076,0.08957363665103912
adain,02077,0.3388593792915344
adain,02078,0.2711057960987091
adain,02079,0.2580516040325165
adain,02080,0.5774356126785278
adain,02081,0.28831708431243896
adain,02082,0.33502820134162903
adain,02083,0.103482186794281
adain,02084,0.2640013098716736
adain,02085,0.4064089059829712
adain,02086,0.15456296503543854
adain,02087,0.342103511095047
adain,02088,0.4655131995677948
adain,02089,0.18235623836517334
adain,02090,0.28119248151779175
adain,02091,0.4537543058395386
adain,02092,0.2770061790943146
adain,02093,0.15504592657089233
adain,02094,0.41394245624542236
adain,02095,0.2845825254917145
adain,02096,0.4056730270385742
adain,02097,0.3391212821006775
adain,02098,0.24290044605731964
adain,02099,0.4424636662006378
adain,02100,0.4435703456401825
adain,02101,0.2664375305175781
adain,02102,0.2748816907405853
adain,02103,0.15363311767578125
adain,02104,0.6456838846206665
adain,02105,0.4416181743144989
adain,02106,0.4085221290588379
adain,02107,0.2677003741264343
adain,02108,0.3580324053764343
adain,02109,0.3996962606906891
adain,02110,0.07163775712251663
adain,02111,0.4606146812438965
adain,02112,0.4288892149925232
adain,02113,0.2898998558521271
adain,02114,0.4341725707054138
adain,02115,0.3299347758293152
adain,02116,0.24780485033988953
adain,02117,0.44216206669807434
adain,02118,0.32836008071899414
adain,02119,0.5364038944244385
adain,02120,0.2531851530075073
adain,02121,0.2546120882034302
adain,02122,0.255014568567276
adain,02123,0.4274104833602905
adain,02124,0.23652708530426025
adain,02125,0.31809893250465393
adain,02126,0.6337928771972656
adain,02127,0.38325539231300354
adain,02128,0.5051058530807495
adain,02129,0.4304298758506775
adain,02130,0.20879672467708588
adain,02131,0.5091028213500977
adain,02132,0.12150748074054718
adain,02133,0.21472269296646118
adain,02134,0.44198906421661377
adain,02135,0.11951234936714172
adain,02136,0.43072080612182617
adain,02137,0.19330208003520966
adain,02138,0.4463886022567749
adain,02139,0.6655668020248413
adain,02140,0.15866845846176147
adain,02141,0.22372320294380188
adain,02142,0.17903798818588257
adain,02143,0.22880375385284424
adain,02144,0.4460515081882477
adain,02145,0.29818710684776306
adain,02146,0.44037532806396484
adain,02147,0.5047028064727783
adain,02148,0.5297872424125671
adain,02149,0.31317785382270813
adain,02150,0.45728063583374023
adain,02151,0.31247299909591675
adain,02152,0.16227133572101593
adain,02153,0.2647283673286438
adain,02154,0.22364011406898499
adain,02155,0.22692382335662842
adain,02156,0.31218329071998596
adain,02157,0.4455448389053345
adain,02158,0.2057134509086609
adain,02159,0.2854125201702118
adain,02160,0.34106844663619995
adain,02161,0.19094181060791016
adain,02162,0.39399227499961853
adain,02163,0.33514130115509033
adain,02164,0.3564046621322632
adain,02165,0.4369124472141266
adain,02166,0.2999599277973175
adain,02167,0.3184911608695984
adain,02168,0.40477535128593445
adain,02169,0.5278699398040771
adain,02170,0.36889880895614624
adain,02171,0.4722224473953247
adain,02172,0.31050246953964233
adain,02173,0.3435630798339844
adain,02174,0.2864246964454651
adain,02175,0.6148020029067993
adain,02176,0.20320257544517517
adain,02177,0.43723535537719727
adain,02178,0.2966795563697815
adain,02179,0.34416890144348145
adain,02180,0.2945159375667572
adain,02181,0.40344125032424927
adain,02182,0.15028420090675354
adain,02183,0.2524920105934143
adain,02184,0.36576396226882935
adain,02185,0.3755032420158386
adain,02186,0.3898880183696747
adain,02187,0.4348953366279602
adain,02188,0.20280833542346954
adain,02189,0.11080031096935272
adain,02190,0.20760822296142578
adain,02191,0.419074147939682
adain,02192,0.5737849473953247
adain,02193,0.16726922988891602
adain,02194,0.22686418890953064
adain,02195,0.6227959394454956
adain,02196,0.38400739431381226
adain,02197,0.14317955076694489
adain,02198,0.04626629129052162
adain,02199,0.4918050467967987
adain,02200,0.3541032671928406
adain,02201,0.33355847001075745
adain,02202,0.3103277087211609
adain,02203,0.5076460838317871
adain,02204,0.15490497648715973
adain,02205,0.054935261607170105
adain,02206,0.4674542546272278
adain,02207,0.32077667117118835
adain,02208,0.3530597388744354
adain,02209,0.6022045612335205
adain,02210,0.5779510736465454
adain,02211,0.45780324935913086
adain,02212,0.4807091951370239
adain,02213,0.18876028060913086
adain,02214,0.5514727234840393
adain,02215,0.44483205676078796
adain,02216,0.3544921278953552
adain,02217,0.17517361044883728
adain,02218,0.4294668436050415
adain,02219,0.3562729060649872
adain,02220,0.5543136596679688
adain,02221,0.37932288646698
adain,02222,0.38085368275642395
adain,02223,0.3927750587463379
adain,02224,0.5084261894226074
adain,02225,0.5334596633911133
adain,02226,0.17826086282730103
adain,02227,0.19174325466156006
adain,02228,0.32179051637649536
adain,02229,0.3757360577583313
adain,02230,0.3003283143043518
adain,02231,0.042330820113420486
adain,02232,0.2327888011932373
adain,02233,0.4661797285079956
adain,02234,0.4039444327354431
adain,02235,0.48845911026000977
adain,02236,0.14522606134414673
adain,02237,0.1905549019575119
adain,02238,0.508307695388794
adain,02239,0.2775751054286957
adain,02240,0.34553831815719604
adain,02241,0.3832070231437683
adain,02242,0.23526155948638916
adain,02243,0.3916465938091278
adain,02244,0.46422821283340454
adain,02245,0.28671228885650635
adain,02246,0.4505488872528076
adain,02247,0.4050195813179016
adain,02248,0.5363225936889648
adain,02249,0.18512842059135437
adain,02250,0.18390843272209167
adain,02251,0.3594444990158081
adain,02252,0.41171103715896606
adain,02253,0.4979558289051056
adain,02254,0.29292017221450806
adain,02255,0.3827395439147949
adain,02256,0.4659108519554138
adain,02257,0.3109320402145386
adain,02258,0.4016720950603485
adain,02259,0.2502416670322418
adain,02260,0.30049341917037964
adain,02261,0.5307862758636475
adain,02262,0.4063512980937958
adain,02263,0.09894232451915741
adain,02264,0.3814293146133423
adain,02265,0.07871090620756149
adain,02266,0.5281388163566589
adain,02267,0.47676539421081543
adain,02268,0.4459161162376404
adain,02269,0.03453143686056137
adain,02270,0.4148864150047302
adain,02271,0.1889011561870575
adain,02272,0.37419018149375916
adain,02273,0.21367612481117249
adain,02274,0.35196566581726074
adain,02275,0.3521691560745239
adain,02276,0.3699006140232086
adain,02277,0.32073795795440674
adain,02278,0.2972327172756195
adain,02279,0.21591615676879883
adain,02280,0.22754156589508057
adain,02281,0.4483032822608948
adain,02282,0.27214521169662476
adain,02283,0.09009598940610886
adain,02284,0.31190186738967896
adain,02285,0.30303287506103516
adain,02286,0.3611162006855011
adain,02287,0.5256578326225281
adain,02288,0.3047003746032715
adain,02289,0.3449094295501709
adain,02290,0.3562825322151184
adain,02291,0.21591717004776
adain,02292,0.4995366334915161
adain,02293,0.31569427251815796
adain,02294,0.4741409420967102
adain,02295,0.4317004084587097
adain,02296,0.442974328994751
adain,02297,0.2974493205547333
adain,02298,0.43113234639167786
adain,02299,0.27893590927124023
adain,02300,0.21618355810642242
adain,02301,0.27462804317474365
adain,02302,0.14230307936668396
adain,02303,0.41883590817451477
adain,02304,0.19288091361522675
adain,02305,0.43312036991119385
adain,02306,0.3605518341064453
adain,02307,0.12573549151420593
adain,02308,0.3345763683319092
adain,02309,0.26176807284355164
adain,02310,0.5971258878707886
adain,02311,0.5068060159683228
adain,02312,0.3054161071777344
adain,02313,0.3498260974884033
adain,02314,0.16739895939826965
adain,02315,0.2351875752210617
adain,02316,0.503953754901886
adain,02317,0.34167706966400146
adain,02318,0.5666859149932861
adain,02319,0.14042769372463226
adain,02320,0.27458128333091736
adain,02321,0.47690272331237793
adain,02322,0.44494327902793884
adain,02323,0.3105044960975647
adain,02324,0.6856848001480103
adain,02325,0.5544804334640503
adain,02326,0.11113786697387695
adain,02327,0.33618152141571045
adain,02328,0.4082720875740051
adain,02329,0.35534101724624634
adain,02330,0.2053477019071579
adain,02331,0.44347748160362244
adain,02332,0.13385963439941406
adain,02333,0.4030377268791199
adain,02334,0.42153996229171753
adain,02335,0.29356861114501953
adain,02336,0.25664764642715454
adain,02337,0.45866385102272034
adain,02338,0.27483370900154114
adain,02339,0.28932902216911316
adain,02340,0.48843446373939514
adain,02341,0.2170305848121643
adain,02342,0.1553206443786621
adain,02343,0.35733309388160706
adain,02344,0.46988236904144287
adain,02345,0.15588095784187317
adain,02346,0.13152608275413513
adain,02347,0.26420465111732483
adain,02348,0.3623310327529907
adain,02349,0.2113972008228302
adain,02350,0.07092989236116409
adain,02351,0.3954213857650757
adain,02352,0.48111647367477417
adain,02353,0.3618685007095337
adain,02354,0.22944426536560059
adain,02355,0.6227063536643982
adain,02356,0.4068637490272522
adain,02357,0.19412469863891602
adain,02358,0.25481605529785156
adain,02359,0.4968379735946655
adain,02360,0.5058956146240234
adain,02361,0.1990586668252945
adain,02362,0.16850952804088593
adain,02363,0.18894679844379425
adain,02364,0.6760459542274475
adain,02365,0.2631925344467163
adain,02366,0.2164779007434845
adain,02367,0.4269992411136627
adain,02368,0.30873581767082214
adain,02369,0.17556393146514893
adain,02370,0.287162721157074
adain,02371,0.2038908302783966
adain,02372,0.26420557498931885
adain,02373,0.3901868760585785
adain,02374,0.12052488327026367
adain,02375,0.21511754393577576
adain,02376,0.3599809408187866
adain,02377,0.3558799624443054
adain,02378,0.37587541341781616
adain,02379,0.2931622862815857
adain,02380,0.586854100227356
adain,02381,0.4095590114593506
adain,02382,0.3784731328487396
adain,02383,0.4168158173561096
adain,02384,0.38139432668685913
adain,02385,0.27440986037254333
adain,02386,0.3298659920692444
adain,02387,0.11127832531929016
adain,02388,0.3417453169822693
adain,02389,0.5559864044189453
adain,02390,0.2612159848213196
adain,02391,0.29283684492111206
adain,02392,0.2395886480808258
adain,02393,0.5545902252197266
adain,02394,0.34810566902160645
adain,02395,0.389254093170166
adain,02396,0.17056556046009064
adain,02397,0.1817319691181183
adain,02398,0.07071451842784882
adain,02399,0.29322290420532227
adain,02400,0.25559866428375244
adain,02401,0.39735841751098633
adain,02402,0.3862133026123047
adain,02403,0.3711695075035095
adain,02404,0.4558112621307373
adain,02405,0.530639111995697
adain,02406,0.2910040616989136
adain,02407,0.19518128037452698
adain,02408,0.22450007498264313
adain,02409,0.24389271438121796
adain,02410,0.5863313674926758
adain,02411,0.34831076860427856
adain,02412,0.49748992919921875
adain,02413,0.322010338306427
adain,02414,0.44943228363990784
adain,02415,0.3993886113166809
adain,02416,0.31392931938171387
adain,02417,0.0868932232260704
adain,02418,0.5112168192863464
adain,02419,0.10451740026473999
adain,02420,0.1524452418088913
adain,02421,0.48017892241477966
adain,02422,0.6170687675476074
adain,02423,0.5547560453414917
adain,02424,0.5999087691307068
adain,02425,0.509346604347229
adain,02426,0.40828192234039307
adain,02427,0.36886581778526306
adain,02428,0.503506064414978
adain,02429,0.25732094049453735
adain,02430,-0.012344524264335632
adain,02431,0.07806682586669922
adain,02432,0.2030671238899231
adain,02433,0.5070943236351013
adain,02434,0.24217769503593445
adain,02435,0.20518293976783752
adain,02436,0.3391156792640686
adain,02437,0.3619605302810669
adain,02438,0.195108562707901
adain,02439,0.3898940086364746
adain,02440,0.3623167872428894
adain,02441,0.36273545026779175
adain,02442,0.24745400249958038
adain,02443,0.34770968556404114
adain,02444,0.21185003221035004
adain,02445,0.14731597900390625
adain,02446,0.6001584529876709
adain,02447,0.42456957697868347
adain,02448,0.23849117755889893
adain,02449,0.6001924276351929
adain,02450,0.3231762945652008
adain,02451,0.49394869804382324
adain,02452,0.19208204746246338
adain,02453,0.38049352169036865
adain,02454,0.4435250163078308
adain,02455,0.641880452632904
adain,02456,0.30154308676719666
adain,02457,0.5528077483177185
adain,02458,0.2975034713745117
adain,02459,0.34342050552368164
adain,02460,0.1132013127207756
adain,02461,0.3506690561771393
adain,02462,0.31124964356422424
adain,02463,0.2256261259317398
adain,02464,0.09741230309009552
adain,02465,0.4397073984146118
adain,02466,0.22463355958461761
adain,02467,0.1571199595928192
adain,02468,0.49276140332221985
adain,02469,0.28075850009918213
adain,02470,0.3376222848892212
adain,02471,0.14530755579471588
adain,02472,0.31562578678131104
adain,02473,0.3426894545555115
adain,02474,0.43661683797836304
adain,02475,0.5666805505752563
adain,02476,0.27162986993789673
adain,02477,0.045122258365154266
adain,02478,0.5026951432228088
adain,02479,0.3106423318386078
adain,02480,0.23256048560142517
adain,02481,0.5650920271873474
adain,02482,0.35562679171562195
adain,02483,0.6137716770172119
adain,02484,0.31251633167266846
adain,02485,0.2013547271490097
adain,02486,0.46234917640686035
adain,02487,0.39461809396743774
adain,02488,0.0860293060541153
adain,02489,0.3546130657196045
adain,02490,0.42096424102783203
adain,02491,0.5554372072219849
adain,02492,0.3506223261356354
adain,02493,0.0884404107928276
adain,02494,0.28538280725479126
adain,02495,0.2802414894104004
adain,02496,0.3854212164878845
adain,02497,0.09192287921905518
adain,02498,0.2351997047662735
adain,02499,0.22462955117225647
adain,02500,0.1984827220439911
adain,02501,0.18131721019744873
adain,02502,0.6551326513290405
adain,02503,0.41733282804489136
adain,02504,0.2049349546432495
adain,02505,0.24203720688819885
adain,02506,0.548976719379425
adain,02507,0.27712616324424744
adain,02508,0.21439725160598755
adain,02509,0.3890223205089569
adain,02510,0.4648619294166565
adain,02511,0.4617443084716797
adain,02512,0.43572545051574707
adain,02513,0.31931859254837036
adain,02514,0.3791534900665283
adain,02515,0.22896623611450195
adain,02516,0.4113536477088928
adain,02517,0.38212820887565613
adain,02518,0.5110650062561035
adain,02519,0.19515526294708252
adain,02520,0.6660668849945068
adain,02521,0.34768110513687134
adain,02522,0.5103613138198853
adain,02523,0.12466883659362793
adain,02524,0.1756194531917572
adain,02525,0.2458227276802063
adain,02526,0.43439391255378723
adain,02527,0.38351088762283325
adain,02528,-0.0359521359205246
adain,02529,0.14777080714702606
adain,02530,0.36860066652297974
adain,02531,0.5088155269622803
adain,02532,0.6171962022781372
adain,02533,0.6471771001815796
adain,02534,0.4396323561668396
adain,02535,0.1626167744398117
adain,02536,0.559751570224762
adain,02537,0.31540441513061523
adain,02538,0.3138960003852844
adain,02539,0.23513425886631012
adain,02540,0.3983713984489441
adain,02541,0.42102834582328796
adain,02542,0.28650718927383423
adain,02543,0.39844632148742676
adain,02544,0.14263805747032166
adain,02545,0.24511326849460602
adain,02546,0.34935903549194336
adain,02547,0.3438017666339874
adain,02548,0.46677082777023315
adain,02549,0.2718800902366638
adain,02550,0.2558753192424774
adain,02551,0.5465506315231323
adain,02552,0.5374966859817505
adain,02553,0.5525941848754883
adain,02554,0.5487151741981506
adain,02555,0.2918039858341217
adain,02556,0.26351282000541687
adain,02557,0.33196038007736206
adain,02558,0.4957121014595032
adain,02559,0.19118663668632507
adain,02560,0.353700190782547
adain,02561,0.360920250415802
adain,02562,0.3966093063354492
adain,02563,0.11068578064441681
adain,02564,0.331804484128952
adain,02565,0.1929282397031784
adain,02566,0.5471983551979065
adain,02567,0.5167335271835327
adain,02568,0.6166833639144897
adain,02569,0.23690742254257202
adain,02570,0.3725917339324951
adain,02571,0.4080251455307007
adain,02572,0.3249551057815552
adain,02573,0.43033984303474426
adain,02574,0.3477841019630432
adain,02575,0.46636638045310974
adain,02576,0.24041283130645752
adain,02577,0.44452494382858276
adain,02578,0.35177838802337646
adain,02579,0.3226284384727478
adain,02580,0.5696444511413574
adain,02581,0.2260637730360031
adain,02582,0.4953542947769165
adain,02583,0.312619686126709
adain,02584,0.3962792754173279
adain,02585,0.22392556071281433
adain,02586,0.23355378210544586
adain,02587,0.2646492123603821
adain,02588,0.3874979019165039
adain,02589,0.446109414100647
adain,02590,0.31871747970581055
adain,02591,0.1142701581120491
adain,02592,0.33565348386764526
adain,02593,0.5133141279220581
adain,02594,0.19545182585716248
adain,02595,0.34332096576690674
adain,02596,0.4395848512649536
adain,02597,0.24721521139144897
adain,02598,0.20656783878803253
adain,02599,0.3723539412021637
adain,02600,0.2362326979637146
adain,02601,0.35659414529800415
adain,02602,0.25525274872779846
adain,02603,0.47277456521987915
adain,02604,0.2135009467601776
adain,02605,0.4405101537704468
adain,02606,0.19276756048202515
adain,02607,0.22886402904987335
adain,02608,0.6386035680770874
adain,02609,0.20428147912025452
adain,02610,0.45078468322753906
adain,02611,0.4237103760242462
adain,02612,0.23327729105949402
adain,02613,0.009005727246403694
adain,02614,0.458018034696579
adain,02615,0.26551955938339233
adain,02616,0.29256781935691833
adain,02617,0.35880833864212036
adain,02618,0.3468847870826721
adain,02619,0.2805640995502472
adain,02620,0.6496725678443909
adain,02621,0.2925053834915161
adain,02622,0.26237374544143677
adain,02623,0.48291733860969543
adain,02624,0.2235264778137207
adain,02625,0.35885727405548096
adain,02626,0.18012741208076477
adain,02627,0.17193759977817535
adain,02628,0.26144489645957947
adain,02629,0.4460828900337219
adain,02630,0.3803415894508362
adain,02631,0.1147545874118805
adain,02632,0.5929471850395203
adain,02633,0.28413042426109314
adain,02634,0.4164346754550934
adain,02635,0.1441321223974228
adain,02636,0.36105698347091675
adain,02637,0.36917102336883545
adain,02638,0.5349547863006592
adain,02639,0.3351593613624573
adain,02640,0.3647739887237549
adain,02641,0.18334707617759705
adain,02642,0.3123432397842407
adain,02643,0.46404996514320374
adain,02644,0.17845332622528076
adain,02645,0.3190746009349823
adain,02646,0.27373477816581726
adain,02647,0.37218356132507324
adain,02648,0.3015596866607666
adain,02649,0.42754921317100525
adain,02650,0.20332397520542145
adain,02651,0.5520927906036377
adain,02652,0.20927932858467102
adain,02653,0.37927693128585815
adain,02654,0.3372344374656677
adain,02655,0.3678731620311737
adain,02656,0.25295740365982056
adain,02657,0.4396463632583618
adain,02658,0.28592902421951294
adain,02659,0.3700874447822571
adain,02660,0.41854268312454224
adain,02661,0.10302339494228363
adain,02662,0.37094318866729736
adain,02663,0.4938198924064636
adain,02664,0.2287050187587738
adain,02665,0.22682568430900574
adain,02666,0.33529096841812134
adain,02667,0.42354780435562134
adain,02668,0.390280544757843
adain,02669,0.45135849714279175
adain,02670,0.3005759119987488
adain,02671,0.2250688225030899
adain,02672,0.2125340700149536
adain,02673,0.4746696352958679
adain,02674,0.3626071810722351
adain,02675,0.4448651075363159
adain,02676,0.31754952669143677
adain,02677,0.2945980727672577
adain,02678,0.18828964233398438
adain,02679,0.19860661029815674
adain,02680,0.4872334599494934
adain,02681,0.2997702956199646
adain,02682,0.5012937784194946
adain,02683,0.40143513679504395
adain,02684,0.41191691160202026
adain,02685,0.5106326341629028
adain,02686,0.35985395312309265
adain,02687,0.2767229676246643
adain,02688,0.17868155241012573
adain,02689,0.41841262578964233
adain,02690,0.413809210062027
adain,02691,0.5288162231445312
adain,02692,0.4110780358314514
adain,02693,0.2676956355571747
adain,02694,0.31865227222442627
adain,02695,0.3889971971511841
adain,02696,0.41295498609542847
adain,02697,0.5672658681869507
adain,02698,0.1294752061367035
adain,02699,0.20406699180603027
adain,02700,0.5791612267494202
adain,02701,0.21786321699619293
adain,02702,0.42062240839004517
adain,02703,0.6300897598266602
adain,02704,0.29390865564346313
adain,02705,0.15546579658985138
adain,02706,0.26608628034591675
adain,02707,0.4402390122413635
adain,02708,0.16353043913841248
adain,02709,0.4953857958316803
adain,02710,0.38394400477409363
adain,02711,0.3958349823951721
adain,02712,0.5694687366485596
adain,02713,0.3078218400478363
adain,02714,0.25985196232795715
adain,02715,0.21185757219791412
adain,02716,0.18454265594482422
adain,02717,0.11437683552503586
adain,02718,0.07265402376651764
adain,02719,0.31002795696258545
adain,02720,0.5647727847099304
adain,02721,0.46123403310775757
adain,02722,0.14314022660255432
adain,02723,0.3593936562538147
adain,02724,0.2530054450035095
adain,02725,0.086773581802845
adain,02726,0.3087230920791626
adain,02727,0.49250638484954834
adain,02728,0.16105148196220398
adain,02729,0.13937710225582123
adain,02730,0.30600422620773315
adain,02731,0.1278974413871765
adain,02732,0.16470181941986084
adain,02733,0.4278409481048584
adain,02734,0.059495456516742706
adain,02735,0.07851418107748032
adain,02736,0.4116422235965729
adain,02737,0.4696550965309143
adain,02738,0.2153356820344925
adain,02739,0.2523266673088074
adain,02740,0.2595923840999603
adain,02741,0.6431431770324707
adain,02742,0.3253491520881653
adain,02743,0.39574891328811646
adain,02744,0.3701343238353729
adain,02745,0.16189473867416382
adain,02746,0.525878369808197
adain,02747,0.2878642678260803
adain,02748,0.4107109606266022
adain,02749,0.7236327528953552
adain,02750,0.3555060029029846
adain,02751,0.3456909954547882
adain,02752,0.4584965705871582
adain,02753,0.33327895402908325
adain,02754,0.3086238503456116
adain,02755,0.3859654664993286
adain,02756,0.3687093257904053
adain,02757,0.41307833790779114
adain,02758,0.7086871266365051
adain,02759,0.3717048764228821
adain,02760,0.31246218085289
adain,02761,0.22517594695091248
adain,02762,0.457865834236145
adain,02763,0.10605359822511673
adain,02764,0.12711238861083984
adain,02765,0.09971446543931961
adain,02766,0.5629619359970093
adain,02767,0.11288962513208389
adain,02768,0.539552628993988
adain,02769,0.16913935542106628
adain,02770,0.451977014541626
adain,02771,0.49538108706474304
adain,02772,0.2986564338207245
adain,02773,0.20203900337219238
adain,02774,0.356199711561203
adain,02775,0.5165008306503296
adain,02776,0.13453230261802673
adain,02777,0.4035102128982544
adain,02778,0.23042763769626617
adain,02779,0.48097795248031616
adain,02780,0.5109921097755432
adain,02781,0.22639766335487366
adain,02782,0.4106874465942383
adain,02783,0.20836415886878967
adain,02784,0.40662288665771484
adain,02785,0.3961905241012573
adain,02786,0.3773610591888428
adain,02787,0.38324397802352905
adain,02788,0.3348895311355591
adain,02789,0.3012503981590271
adain,02790,0.4226568639278412
adain,02791,0.24829556047916412
adain,02792,0.33338770270347595
adain,02793,0.3095671236515045
adain,02794,0.23759084939956665
adain,02795,0.3776920735836029
adain,02796,0.13234904408454895
adain,02797,0.3150094747543335
adain,02798,0.11522483825683594
adain,02799,0.5439499616622925
adain,02800,0.4579470455646515
adain,02801,0.5193172693252563
adain,02802,0.2816111743450165
adain,02803,0.3080163300037384
adain,02804,0.39111196994781494
adain,02805,0.3871450424194336
adain,02806,0.5484050512313843
adain,02807,0.5857601165771484
adain,02808,0.41663944721221924
adain,02809,0.17310363054275513
adain,02810,0.5166665315628052
adain,02811,0.322995662689209
adain,02812,0.2836085259914398
adain,02813,0.21712805330753326
adain,02814,0.37419503927230835
adain,02815,0.550382673740387
adain,02816,0.40156739950180054
adain,02817,0.20946870744228363
adain,02818,0.22536282241344452
adain,02819,0.26443031430244446
adain,02820,0.30821752548217773
adain,02821,0.21885666251182556
adain,02822,0.15521129965782166
adain,02823,0.31600886583328247
adain,02824,0.3657698631286621
adain,02825,0.33887216448783875
adain,02826,0.32449889183044434
adain,02827,0.46274852752685547
adain,02828,0.22418338060379028
adain,02829,0.42719846963882446
adain,02830,0.3236878514289856
adain,02831,0.40302953124046326
adain,02832,0.4415944218635559
adain,02833,0.5034865736961365
adain,02834,0.4895567297935486
adain,02835,0.1672951877117157
adain,02836,0.5101602077484131
adain,02837,0.5364842414855957
adain,02838,0.4266006350517273
adain,02839,0.545319139957428
adain,02840,0.3382098078727722
adain,02841,0.26793020963668823
adain,02842,0.26771479845046997
adain,02843,0.2757754325866699
adain,02844,0.3348188102245331
adain,02845,0.05982820317149162
adain,02846,0.17205557227134705
adain,02847,0.5507665872573853
adain,02848,0.358309805393219
adain,02849,0.38135844469070435
adain,02850,0.2882899045944214
adain,02851,0.11976975202560425
adain,02852,0.46800804138183594
adain,02853,0.218904510140419
adain,02854,0.20989540219306946
adain,02855,0.13808590173721313
adain,02856,0.513268232345581
adain,02857,0.42820441722869873
adain,02858,0.5719621181488037
adain,02859,0.2925838232040405
adain,02860,0.5391212105751038
adain,02861,0.2993631958961487
adain,02862,0.4177338480949402
adain,02863,0.2661322355270386
adain,02864,0.4029041528701782
adain,02865,0.6445021033287048
adain,02866,0.260859876871109
adain,02867,0.3842080235481262
adain,02868,0.4061397314071655
adain,02869,0.3163655996322632
adain,02870,0.09434625506401062
adain,02871,0.2878621220588684
adain,02872,0.18520799279212952
adain,02873,0.40076690912246704
adain,02874,0.3548130989074707
adain,02875,0.400210976600647
adain,02876,0.5932382345199585
adain,02877,0.49124541878700256
adain,02878,0.2907456159591675
adain,02879,0.15601076185703278
adain,02880,0.1581980288028717
adain,02881,0.43010926246643066
adain,02882,0.1564197540283203
adain,02883,0.17904695868492126
adain,02884,0.2765023708343506
adain,02885,0.27951526641845703
adain,02886,0.07644715905189514
adain,02887,0.23018482327461243
adain,02888,0.23969630897045135
adain,02889,0.1839110255241394
adain,02890,0.18602082133293152
adain,02891,0.18280863761901855
adain,02892,0.4726216793060303
adain,02893,0.19135133922100067
adain,02894,0.7010395526885986
adain,02895,0.5172531604766846
adain,02896,0.3478231430053711
adain,02897,0.601043701171875
adain,02898,0.367401659488678
adain,02899,0.1105443686246872
adain,02900,0.26483285427093506
adain,02901,0.08759355545043945
adain,02902,0.3474263548851013
adain,02903,0.31532391905784607
adain,02904,0.3165869414806366
adain,02905,0.43041831254959106
adain,02906,0.28597205877304077
adain,02907,0.18646210432052612
adain,02908,0.18203553557395935
adain,02909,0.483492910861969
adain,02910,0.3085041046142578
adain,02911,0.32914066314697266
adain,02912,0.11984042823314667
adain,02913,0.5231847763061523
adain,02914,0.4462016224861145
adain,02915,0.3397884666919708
adain,02916,0.3136555552482605
adain,02917,0.5372982025146484
adain,02918,0.4837380051612854
adain,02919,0.3476748764514923
adain,02920,0.5519416928291321
adain,02921,0.2790055572986603
adain,02922,0.5531598329544067
adain,02923,0.26859140396118164
adain,02924,0.16407594084739685
adain,02925,0.5880931615829468
adain,02926,0.28417715430259705
adain,02927,0.6698405742645264
adain,02928,0.13164624571800232
adain,02929,0.19333693385124207
adain,02930,0.42423906922340393
adain,02931,0.44329285621643066
adain,02932,0.43506166338920593
adain,02933,0.4727175831794739
adain,02934,0.23508679866790771
adain,02935,0.14612455666065216
adain,02936,0.380210816860199
adain,02937,0.08998702466487885
adain,02938,0.6065098643302917
adain,02939,0.5687617063522339
adain,02940,0.42195504903793335
adain,02941,0.17489582300186157
adain,02942,0.41019362211227417
adain,02943,0.09171824157238007
adain,02944,0.1845443844795227
adain,02945,0.26198893785476685
adain,02946,0.4322507679462433
adain,02947,0.26514092087745667
adain,02948,0.3021339774131775
adain,02949,0.242363840341568
adain,02950,0.5747302174568176
adain,02951,0.6592674255371094
adain,02952,0.1989714503288269
adain,02953,0.1689557284116745
adain,02954,0.47798389196395874
adain,02955,0.3262283205986023
adain,02956,0.22903363406658173
adain,02957,0.42664027214050293
adain,02958,0.439369261264801
adain,02959,0.17435580492019653
adain,02960,0.4362269937992096
adain,02961,0.4572001099586487
adain,02962,0.48784276843070984
adain,02963,0.42304152250289917
adain,02964,0.3725837469100952
adain,02965,0.45825523138046265
adain,02966,0.3416402339935303
adain,02967,0.20503565669059753
adain,02968,0.32777899503707886
adain,02969,0.21192099153995514
adain,02970,0.4613593518733978
adain,02971,0.3710222542285919
adain,02972,0.16382968425750732
adain,02973,0.34653836488723755
adain,02974,0.41961055994033813
adain,02975,0.4217308759689331
adain,02976,0.2794761657714844
adain,02977,0.38459596037864685
adain,02978,0.4140893220901489
adain,02979,0.4068448543548584
adain,02980,0.003006117418408394
adain,02981,0.6395779848098755
adain,02982,0.42548853158950806
adain,02983,0.2783247232437134
adain,02984,0.21862956881523132
adain,02985,0.34027063846588135
adain,02986,0.49571120738983154
adain,02987,0.5298536419868469
adain,02988,0.3988572359085083
adain,02989,0.35905396938323975
adain,02990,0.16828636825084686
adain,02991,0.5808239579200745
adain,02992,0.33543553948402405
adain,02993,0.13403618335723877
adain,02994,0.3182917833328247
adain,02995,0.4682542681694031
adain,02996,0.2042209953069687
adain,02997,0.4089386761188507
adain,02998,0.2329844981431961
adain,02999,0.1855221390724182
adain,03000,0.4837428629398346
adain,03001,0.08956687152385712
adain,03002,0.12878462672233582
adain,03003,0.38117796182632446
adain,03004,0.4078100323677063
adain,03005,0.4825696349143982
adain,03006,0.3806074559688568
adain,03007,0.2552304267883301
adain,03008,0.10912942886352539
adain,03009,0.24616959691047668
adain,03010,0.5155597925186157
adain,03011,0.4209917187690735
adain,03012,0.32373395562171936
adain,03013,0.3560864329338074
adain,03014,0.11379028856754303
adain,03015,0.15236669778823853
adain,03016,0.4374426603317261
adain,03017,0.25726717710494995
adain,03018,0.1268993318080902
adain,03019,0.3155023157596588
adain,03020,0.4638369679450989
adain,03021,0.5280573964118958
adain,03022,0.501687228679657
adain,03023,0.23594146966934204
adain,03024,0.40044206380844116
adain,03025,0.35851073265075684
adain,03026,0.07380113005638123
adain,03027,0.39055559039115906
adain,03028,0.39815980195999146
adain,03029,0.06294986605644226
adain,03030,0.30270203948020935
adain,03031,0.1728481948375702
adain,03032,0.49016183614730835
adain,03033,0.31710588932037354
adain,03034,0.43814021348953247
adain,03035,0.24846896529197693
adain,03036,0.4812431335449219
adain,03037,0.2616010904312134
adain,03038,0.3163183331489563
adain,03039,0.42961451411247253
adain,03040,0.22153764963150024
adain,03041,0.4630802869796753
adain,03042,0.169303759932518
adain,03043,0.4346392750740051
adain,03044,0.1876928061246872
adain,03045,0.3111797571182251
adain,03046,0.3742452561855316
adain,03047,0.1981281191110611
adain,03048,0.18553417921066284
adain,03049,0.3261679708957672
adain,03050,0.5548050403594971
adain,03051,0.2484598457813263
adain,03052,0.44570192694664
adain,03053,0.17431506514549255
adain,03054,0.1107979416847229
adain,03055,0.4328085780143738
adain,03056,0.2124960720539093
adain,03057,0.448440283536911
adain,03058,0.339161217212677
adain,03059,0.5055751800537109
adain,03060,0.40884608030319214
adain,03061,0.36333632469177246
adain,03062,0.4551814794540405
adain,03063,0.3120681047439575
adain,03064,0.3906968832015991
adain,03065,0.24412435293197632
adain,03066,0.19496500492095947
adain,03067,0.4314575791358948
adain,03068,0.31356629729270935
adain,03069,0.15483196079730988
adain,03070,0.17019528150558472
adain,03071,0.3435943126678467
adain,03072,0.008861403912305832
adain,03073,0.510418176651001
adain,03074,0.3010024428367615
adain,03075,0.25876009464263916
adain,03076,0.20037156343460083
adain,03077,0.49973738193511963
adain,03078,0.17410731315612793
adain,03079,0.5201869010925293
adain,03080,0.34024322032928467
adain,03081,0.6239015460014343
adain,03082,0.2327340841293335
adain,03083,0.38216453790664673
adain,03084,0.22500857710838318
adain,03085,0.3665010333061218
adain,03086,0.2844384014606476
adain,03087,0.3658859431743622
adain,03088,0.543272078037262
adain,03089,0.32173067331314087
adain,03090,0.4913761615753174
adain,03091,0.41297486424446106
adain,03092,0.4306599795818329
adain,03093,0.32425937056541443
adain,03094,0.06795495748519897
adain,03095,0.24953067302703857
adain,03096,0.2841571569442749
adain,03097,0.3180479109287262
adain,03098,0.1407921016216278
adain,03099,0.638370156288147
adain,03100,0.42432844638824463
adain,03101,0.36662137508392334
adain,03102,0.3183721601963043
adain,03103,0.11466985195875168
adain,03104,0.301426500082016
adain,03105,0.2571895122528076
adain,03106,0.3160845637321472
adain,03107,0.34539657831192017
adain,03108,0.20466208457946777
adain,03109,0.3732207715511322
adain,03110,0.17762555181980133
adain,03111,0.3604279160499573
adain,03112,0.4181674122810364
adain,03113,0.25254034996032715
adain,03114,0.180564284324646
adain,03115,0.35768577456474304
adain,03116,0.21436256170272827
adain,03117,0.34037530422210693
adain,03118,0.15481233596801758
adain,03119,0.17668980360031128
adain,03120,0.21165907382965088
adain,03121,0.4330502152442932
adain,03122,0.14254158735275269
adain,03123,0.3872334361076355
adain,03124,0.6941680312156677
adain,03125,0.26986491680145264
adain,03126,0.18485581874847412
adain,03127,0.37730687856674194
adain,03128,0.1616564691066742
adain,03129,0.5051630139350891
adain,03130,0.3139423727989197
adain,03131,0.5483936071395874
adain,03132,0.3500608801841736
adain,03133,0.2065911740064621
adain,03134,0.16077543795108795
adain,03135,0.10321447253227234
adain,03136,0.5351272225379944
adain,03137,0.16039249300956726
adain,03138,0.2655566334724426
adain,03139,0.2897581458091736
adain,03140,0.35813063383102417
adain,03141,0.38753390312194824
adain,03142,0.25319981575012207
adain,03143,0.5218424797058105
adain,03144,0.5513801574707031
adain,03145,0.5661033987998962
adain,03146,0.5752206444740295
adain,03147,0.515473484992981
adain,03148,0.459704726934433
adain,03149,0.47309625148773193
adain,03150,0.2817075550556183
adain,03151,0.35441213846206665
adain,03152,0.3241468071937561
adain,03153,0.2595793902873993
adain,03154,0.2581169307231903
adain,03155,0.1683676540851593
adain,03156,0.1742425262928009
adain,03157,0.21340003609657288
adain,03158,0.30659180879592896
adain,03159,0.2930504083633423
adain,03160,0.42544981837272644
adain,03161,0.6167018413543701
adain,03162,0.07293389737606049
adain,03163,0.3709186315536499
adain,03164,0.4486297070980072
adain,03165,0.3612191081047058
adain,03166,0.09358910471200943
adain,03167,0.2585136294364929
adain,03168,0.20096611976623535
adain,03169,0.3337073028087616
adain,03170,0.2515830993652344
adain,03171,0.45228588581085205
adain,03172,0.5290531516075134
adain,03173,0.5951021909713745
adain,03174,0.43826600909233093
adain,03175,0.4314277172088623
adain,03176,0.23766909539699554
adain,03177,0.5252007842063904
adain,03178,0.32900214195251465
adain,03179,0.5309954881668091
adain,03180,0.22251981496810913
adain,03181,0.3306099772453308
adain,03182,0.41876858472824097
adain,03183,0.6443400382995605
adain,03184,0.2165161520242691
adain,03185,0.17668235301971436
adain,03186,0.39541196823120117
adain,03187,0.13237375020980835
adain,03188,0.34419071674346924
adain,03189,0.2014462798833847
adain,03190,0.22807079553604126
adain,03191,0.46053647994995117
adain,03192,0.21908625960350037
adain,03193,0.3439629077911377
adain,03194,0.5756913423538208
adain,03195,0.5466142296791077
adain,03196,0.37692809104919434
adain,03197,0.3752416670322418
adain,03198,0.3215084671974182
adain,03199,0.21824583411216736
adain,03200,0.4943408966064453
adain,03201,0.2932922840118408
adain,03202,0.485674649477005
adain,03203,0.4276491105556488
adain,03204,0.39608705043792725
adain,03205,0.16623638570308685
adain,03206,0.5914795398712158
adain,03207,0.07905514538288116
adain,03208,0.17868459224700928
adain,03209,0.47050851583480835
adain,03210,0.49064889550209045
adain,03211,0.2924973964691162
adain,03212,0.48263952136039734
adain,03213,0.3089658319950104
adain,03214,0.4447609484195709
adain,03215,0.30163297057151794
adain,03216,0.2569200098514557
adain,03217,0.44557589292526245
adain,03218,0.14673790335655212
adain,03219,0.5641581416130066
adain,03220,0.4351242780685425
adain,03221,0.44473105669021606
adain,03222,0.5057488083839417
adain,03223,0.36818403005599976
adain,03224,0.2896166145801544
adain,03225,0.27625933289527893
adain,03226,0.37174779176712036
adain,03227,0.5135509967803955
adain,03228,0.19553227722644806
adain,03229,0.2774243652820587
adain,03230,0.36285436153411865
adain,03231,0.4156177043914795
adain,03232,0.20508401095867157
adain,03233,0.4321802258491516
adain,03234,0.3004031777381897
adain,03235,0.4220830798149109
adain,03236,0.08054293692111969
adain,03237,0.3869488835334778
adain,03238,0.35612016916275024
adain,03239,0.10845880210399628
adain,03240,0.4286375641822815
adain,03241,0.23890356719493866
adain,03242,0.35141175985336304
adain,03243,0.3860768973827362
adain,03244,0.42293623089790344
adain,03245,0.43475890159606934
adain,03246,0.36664658784866333
adain,03247,0.2504364252090454
adain,03248,0.36287179589271545
adain,03249,0.5969213247299194
adain,03250,0.49767008423805237
adain,03251,0.11438954621553421
adain,03252,0.21236588060855865
adain,03253,0.3093358278274536
adain,03254,0.21447384357452393
adain,03255,0.321079283952713
adain,03256,0.3108094334602356
adain,03257,0.48126497864723206
adain,03258,0.521969735622406
adain,03259,0.33910882472991943
adain,03260,0.3518523573875427
adain,03261,0.3113352060317993
adain,03262,0.2564750909805298
adain,03263,0.44838374853134155
adain,03264,0.2952636778354645
adain,03265,0.3330601453781128
adain,03266,0.4327766001224518
adain,03267,0.3120136260986328
adain,03268,0.4562894403934479
adain,03269,0.6408200263977051
adain,03270,0.5770965814590454
adain,03271,0.3316187858581543
adain,03272,0.3586503267288208
adain,03273,0.279657781124115
adain,03274,0.42795538902282715
adain,03275,0.6513113975524902
adain,03276,0.401550829410553
adain,03277,0.35656994581222534
adain,03278,0.6121050119400024
adain,03279,0.541559100151062
adain,03280,0.18663564324378967
adain,03281,0.22877100110054016
adain,03282,0.1326710730791092
adain,03283,0.5524361729621887
adain,03284,0.3329961895942688
adain,03285,0.5853729248046875
adain,03286,0.21652129292488098
adain,03287,0.7028452157974243
adain,03288,0.3516845405101776
adain,03289,0.29528212547302246
adain,03290,0.34083062410354614
adain,03291,0.2844158411026001
adain,03292,0.4252927899360657
adain,03293,0.4332946538925171
adain,03294,0.1742328256368637
adain,03295,0.34606069326400757
adain,03296,0.13095898926258087
adain,03297,0.4231836795806885
adain,03298,0.40495121479034424
adain,03299,0.4812781810760498
adain,03300,0.26614898443222046
adain,03301,0.26828840374946594
adain,03302,0.32708740234375
adain,03303,0.459211528301239
adain,03304,0.2301890105009079
adain,03305,0.3063804507255554
adain,03306,0.384616494178772
adain,03307,0.21820920705795288
adain,03308,0.5081905722618103
adain,03309,0.49516522884368896
adain,03310,0.569821834564209
adain,03311,0.35770708322525024
adain,03312,0.5836774110794067
adain,03313,0.27953946590423584
adain,03314,0.5126076340675354
adain,03315,0.269756019115448
adain,03316,0.6886924505233765
adain,03317,0.34743732213974
adain,03318,0.40409284830093384
adain,03319,0.5775694847106934
adain,03320,0.3215572237968445
adain,03321,0.13616016507148743
adain,03322,0.2685788571834564
adain,03323,0.21754756569862366
adain,03324,0.2754857838153839
adain,03325,0.41142112016677856
adain,03326,0.3416806161403656
adain,03327,0.2516371011734009
adain,03328,0.5371938943862915
adain,03329,0.3787834644317627
adain,03330,0.21483005583286285
adain,03331,0.3757737874984741
adain,03332,0.41744929552078247
adain,03333,0.43605321645736694
adain,03334,0.6052567958831787
adain,03335,0.19595927000045776
adain,03336,0.20880237221717834
adain,03337,0.2502325475215912
adain,03338,0.21412897109985352
adain,03339,0.4835730791091919
adain,03340,0.13560374081134796
adain,03341,0.060717880725860596
adain,03342,0.42720192670822144
adain,03343,0.6604727506637573
adain,03344,0.42759597301483154
adain,03345,0.3993275761604309
adain,03346,0.479006290435791
adain,03347,0.3777916133403778
adain,03348,0.4849545359611511
adain,03349,0.33560001850128174
adain,03350,0.36795538663864136
adain,03351,0.19988328218460083
adain,03352,0.35455358028411865
adain,03353,0.33388322591781616
adain,03354,0.37439268827438354
adain,03355,0.28599345684051514
adain,03356,0.4102609157562256
adain,03357,0.31569817662239075
adain,03358,0.3410649299621582
adain,03359,0.385867178440094
adain,03360,0.2835485637187958
adain,03361,0.27473652362823486
adain,03362,0.35821303725242615
adain,03363,0.5291315913200378
adain,03364,0.36173099279403687
adain,03365,0.39155828952789307
adain,03366,0.5243819952011108
adain,03367,0.33600637316703796
adain,03368,0.38669824600219727
adain,03369,0.16248750686645508
adain,03370,0.12831375002861023
adain,03371,0.21493573486804962
adain,03372,0.38203829526901245
adain,03373,0.024401124566793442
adain,03374,0.30134785175323486
adain,03375,0.22192257642745972
adain,03376,0.6682878732681274
adain,03377,0.47347694635391235
adain,03378,0.10718661546707153
adain,03379,0.05720584839582443
adain,03380,0.5275015830993652
adain,03381,0.2241058200597763
adain,03382,0.24585962295532227
adain,03383,0.44660359621047974
adain,03384,0.37363171577453613
adain,03385,0.3538423776626587
adain,03386,0.5214762687683105
adain,03387,0.3950001001358032
adain,03388,0.3982918858528137
adain,03389,0.3603409230709076
adain,03390,0.41634196043014526
adain,03391,0.28920331597328186
adain,03392,0.16556185483932495
adain,03393,0.18098853528499603
adain,03394,0.44896286725997925
adain,03395,0.21252098679542542
adain,03396,0.14882710576057434
adain,03397,0.4211568236351013
adain,03398,0.2662273645401001
adain,03399,0.5002222061157227
adain,03400,0.2732704281806946
adain,03401,0.26889246702194214
adain,03402,0.4441887140274048
adain,03403,0.14483588933944702
adain,03404,0.4230779707431793
adain,03405,0.5916484594345093
adain,03406,0.3831779956817627
adain,03407,0.5060070157051086
adain,03408,0.2834577262401581
adain,03409,0.3600529730319977
adain,03410,0.2767398953437805
adain,03411,0.6029627323150635
adain,03412,0.4258914887905121
adain,03413,0.306363582611084
adain,03414,0.28111541271209717
adain,03415,0.2901442050933838
adain,03416,0.3293492794036865
adain,03417,0.6270713210105896
adain,03418,0.17529070377349854
adain,03419,0.2786637544631958
adain,03420,0.2927192449569702
adain,03421,0.46116286516189575
adain,03422,0.2772960066795349
adain,03423,0.33603617548942566
adain,03424,0.24217316508293152
adain,03425,0.5227767825126648
adain,03426,0.3620850443840027
adain,03427,0.49107658863067627
adain,03428,0.2149338722229004
adain,03429,0.1613350212574005
adain,03430,0.5127595663070679
adain,03431,0.31807994842529297
adain,03432,0.308536559343338
adain,03433,0.32243260741233826
adain,03434,0.40544503927230835
adain,03435,0.1268913596868515
adain,03436,0.5683915615081787
adain,03437,0.41325151920318604
adain,03438,0.6192125082015991
adain,03439,0.3318488597869873
adain,03440,0.3674968481063843
adain,03441,0.41426795721054077
adain,03442,0.22326868772506714
adain,03443,0.6365772485733032
adain,03444,0.052072349935770035
adain,03445,0.2259490191936493
adain,03446,0.18794097006320953
adain,03447,0.3064156174659729
adain,03448,0.27573731541633606
adain,03449,0.6181714534759521
adain,03450,0.5255299806594849
adain,03451,0.30070215463638306
adain,03452,0.4107325077056885
adain,03453,0.2687024474143982
adain,03454,0.6180616617202759
adain,03455,0.47830647230148315
adain,03456,0.27748122811317444
adain,03457,0.42396408319473267
adain,03458,0.3383561372756958
adain,03459,0.4996083378791809
adain,03460,0.45913487672805786
adain,03461,0.0810331404209137
adain,03462,0.48931747674942017
adain,03463,0.36716991662979126
adain,03464,0.19795525074005127
adain,03465,0.5407044887542725
adain,03466,0.1804988980293274
adain,03467,0.4068634510040283
adain,03468,0.27335548400878906
adain,03469,0.4008132219314575
adain,03470,0.34900909662246704
adain,03471,0.5588771104812622
adain,03472,0.26386886835098267
adain,03473,0.3476225733757019
adain,03474,0.4011361002922058
adain,03475,0.4597991704940796
adain,03476,0.32508236169815063
adain,03477,0.43719154596328735
adain,03478,0.546069860458374
adain,03479,0.1750963032245636
adain,03480,0.08596596121788025
adain,03481,0.13945192098617554
adain,03482,0.24669232964515686
adain,03483,0.5068175792694092
adain,03484,0.305982381105423
adain,03485,0.24687179923057556
adain,03486,0.16323161125183105
adain,03487,0.4009971022605896
adain,03488,0.37177643179893494
adain,03489,0.09879709780216217
adain,03490,0.4004449248313904
adain,03491,0.4386884570121765
adain,03492,0.4550896883010864
adain,03493,0.36761683225631714
adain,03494,0.1914457231760025
adain,03495,0.7148724794387817
adain,03496,0.33257728815078735
adain,03497,0.2881927788257599
adain,03498,0.48034554719924927
adain,03499,0.23183569312095642
adain,03500,0.4693118631839752
adain,03501,0.5098861455917358
adain,03502,0.21083571016788483
adain,03503,0.44418585300445557
adain,03504,0.2246108055114746
adain,03505,0.4998890161514282
adain,03506,0.1967587172985077
adain,03507,0.5761734247207642
adain,03508,0.4434469938278198
adain,03509,0.4049508571624756
adain,03510,0.28716135025024414
adain,03511,0.5616826415061951
adain,03512,0.1695726215839386
adain,03513,0.11071126163005829
adain,03514,0.39913928508758545
adain,03515,0.3491540551185608
adain,03516,0.11313258856534958
adain,03517,0.30795860290527344
adain,03518,0.5007814168930054
adain,03519,0.3985130786895752
adain,03520,0.3381754159927368
adain,03521,0.4141938090324402
adain,03522,0.4766814708709717
adain,03523,0.4509698152542114
adain,03524,0.5785743594169617
adain,03525,0.350766658782959
adain,03526,0.5437387824058533
adain,03527,0.31739377975463867
adain,03528,0.17864392697811127
adain,03529,0.3125750422477722
adain,03530,0.17829641699790955
adain,03531,0.4922112226486206
adain,03532,0.5751456022262573
adain,03533,0.459329754114151
adain,03534,0.2289104461669922
adain,03535,0.21764561533927917
adain,03536,0.3881834149360657
adain,03537,0.49036964774131775
adain,03538,0.35185307264328003
adain,03539,0.45549359917640686
adain,03540,0.6206425428390503
adain,03541,0.2419774830341339
adain,03542,0.1766761839389801
adain,03543,0.29472410678863525
adain,03544,0.39002084732055664
adain,03545,0.3986991047859192
adain,03546,0.16034668684005737
adain,03547,0.1655960977077484
adain,03548,0.14487406611442566
adain,03549,0.24942582845687866
adain,03550,0.36090928316116333
adain,03551,0.29072943329811096
adain,03552,0.3773173689842224
adain,03553,0.5200040340423584
adain,03554,0.22810856997966766
adain,03555,0.22299587726593018
adain,03556,0.0389370396733284
adain,03557,0.3049386739730835
adain,03558,0.08702223002910614
adain,03559,0.1468576341867447
adain,03560,0.4109817147254944
adain,03561,0.23151901364326477
adain,03562,0.029381506145000458
adain,03563,0.31239524483680725
adain,03564,0.44862133264541626
adain,03565,0.31226202845573425
adain,03566,0.4528857171535492
adain,03567,0.6840853691101074
adain,03568,0.26970428228378296
adain,03569,0.45465609431266785
adain,03570,0.1893588751554489
adain,03571,0.3184316158294678
adain,03572,0.3988627791404724
adain,03573,0.21539008617401123
adain,03574,0.15835492312908173
adain,03575,0.3832450807094574
adain,03576,0.280042827129364
adain,03577,0.20213870704174042
adain,03578,0.42970049381256104
adain,03579,0.5871709585189819
adain,03580,0.28630518913269043
adain,03581,0.2347881942987442
adain,03582,0.1780010461807251
adain,03583,0.35075247287750244
adain,03584,0.3599567413330078
adain,03585,0.24848105013370514
adain,03586,0.32447361946105957
adain,03587,0.313310444355011
adain,03588,0.35774877667427063
adain,03589,0.42218711972236633
adain,03590,0.3429105877876282
adain,03591,0.07566110789775848
adain,03592,0.15754328668117523
adain,03593,0.35610103607177734
adain,03594,0.2794233560562134
adain,03595,0.37360936403274536
adain,03596,0.23890769481658936
adain,03597,0.54758220911026
adain,03598,0.1107783317565918
adain,03599,0.5760952234268188
adain,03600,0.3331698179244995
adain,03601,0.38636156916618347
adain,03602,0.165422722697258
adain,03603,0.37314659357070923
adain,03604,0.5592167377471924
adain,03605,0.26593872904777527
adain,03606,0.32321494817733765
adain,03607,0.44913196563720703
adain,03608,0.47660619020462036
adain,03609,0.21909752488136292
adain,03610,0.41635289788246155
adain,03611,0.3330409526824951
adain,03612,0.37462228536605835
adain,03613,0.10368143022060394
adain,03614,0.43791550397872925
adain,03615,0.03575616329908371
adain,03616,0.23832197487354279
adain,03617,0.06761237978935242
adain,03618,0.17602500319480896
adain,03619,0.44270241260528564
adain,03620,0.5768874883651733
adain,03621,0.2666724920272827
adain,03622,0.4326777756214142
adain,03623,0.28910964727401733
adain,03624,0.40688806772232056
adain,03625,0.36913830041885376
adain,03626,0.4068008363246918
adain,03627,0.4624786674976349
adain,03628,0.29740944504737854
adain,03629,0.45821040868759155
adain,03630,0.3498481512069702
adain,03631,0.39440715312957764
adain,03632,0.17773795127868652
adain,03633,0.34136080741882324
adain,03634,0.2877085208892822
adain,03635,0.3605719804763794
adain,03636,0.25846201181411743
adain,03637,0.2375347763299942
adain,03638,0.5187494158744812
adain,03639,0.35378193855285645
adain,03640,0.32843446731567383
adain,03641,0.2930850386619568
adain,03642,0.5976446866989136
adain,03643,0.509463906288147
adain,03644,0.30405667424201965
adain,03645,0.3180803060531616
adain,03646,0.45844489336013794
adain,03647,0.39881640672683716
adain,03648,0.24725961685180664
adain,03649,0.6893232464790344
adain,03650,0.3089850842952728
adain,03651,0.3444522023200989
adain,03652,0.35227423906326294
adain,03653,0.2514565587043762
adain,03654,0.251657098531723
adain,03655,0.3416898250579834
adain,03656,0.3531351387500763
adain,03657,0.22995281219482422
adain,03658,0.32141438126564026
adain,03659,0.1458645462989807
adain,03660,0.585782527923584
adain,03661,0.44614359736442566
adain,03662,0.43537259101867676
adain,03663,0.3565135598182678
adain,03664,0.4143642783164978
adain,03665,0.3776664137840271
adain,03666,0.3934088349342346
adain,03667,0.6151700019836426
adain,03668,0.43521198630332947
adain,03669,0.3508678376674652
adain,03670,0.2646417021751404
adain,03671,0.46539801359176636
adain,03672,0.428191602230072
adain,03673,0.28676432371139526
adain,03674,0.21319623291492462
adain,03675,0.1992529332637787
adain,03676,0.3046901822090149
adain,03677,0.07411248236894608
adain,03678,0.38664090633392334
adain,03679,0.5704654455184937
adain,03680,0.35883307456970215
adain,03681,0.4206532835960388
adain,03682,0.3579292595386505
adain,03683,0.2650505304336548
adain,03684,0.4124148190021515
adain,03685,0.5447484254837036
adain,03686,0.3315032720565796
adain,03687,0.2735568881034851
adain,03688,0.48739948868751526
adain,03689,0.31098735332489014
adain,03690,0.2021484076976776
adain,03691,0.5117784738540649
adain,03692,0.47115883231163025
adain,03693,0.4337213635444641
adain,03694,0.42149415612220764
adain,03695,0.2825835943222046
adain,03696,0.5391840934753418
adain,03697,0.25969383120536804
adain,03698,0.6237434148788452
adain,03699,0.12759730219841003
adain,03700,0.1650286614894867
adain,03701,0.4864649772644043
adain,03702,0.3531256914138794
adain,03703,0.3857243061065674
adain,03704,0.23193837702274323
adain,03705,0.5642149448394775
adain,03706,0.39125847816467285
adain,03707,0.30042290687561035
adain,03708,0.3516157269477844
adain,03709,0.4456663429737091
adain,03710,0.4783812463283539
adain,03711,0.40539300441741943
adain,03712,0.33931398391723633
adain,03713,0.4860787093639374
adain,03714,0.4373128116130829
adain,03715,0.13572563230991364
adain,03716,0.3067314326763153
adain,03717,0.25140219926834106
adain,03718,0.12970159947872162
adain,03719,0.5673790574073792
adain,03720,0.2871361970901489
adain,03721,0.18339234590530396
adain,03722,0.3823682963848114
adain,03723,0.0958225429058075
adain,03724,0.32917577028274536
adain,03725,0.39845022559165955
adain,03726,0.4675047993659973
adain,03727,0.4452848434448242
adain,03728,0.25382885336875916
adain,03729,0.39542055130004883
adain,03730,0.39104676246643066
adain,03731,0.3789758086204529
adain,03732,0.4041918218135834
adain,03733,0.483478307723999
adain,03734,0.4351828396320343
adain,03735,0.4304952025413513
adain,03736,0.2201213538646698
adain,03737,0.384715735912323
adain,03738,0.4313785135746002
adain,03739,0.3338327705860138
adain,03740,0.3274087905883789
adain,03741,0.35014408826828003
adain,03742,0.3172399699687958
adain,03743,0.44462496042251587
adain,03744,0.20839202404022217
adain,03745,0.3249511122703552
adain,03746,0.05241241306066513
adain,03747,0.46054553985595703
adain,03748,0.5121787190437317
adain,03749,0.25718289613723755
adain,03750,0.13821285963058472
adain,03751,0.21916286647319794
adain,03752,0.16961809992790222
adain,03753,0.39574211835861206
adain,03754,0.3538858890533447
adain,03755,0.5121688842773438
adain,03756,0.49037981033325195
adain,03757,0.3690153956413269
adain,03758,0.6108839511871338
adain,03759,0.28478264808654785
adain,03760,0.24225200712680817
adain,03761,0.3130194842815399
adain,03762,0.25720542669296265
adain,03763,0.482485294342041
adain,03764,0.38153764605522156
adain,03765,0.48114603757858276
adain,03766,0.3251788020133972
adain,03767,0.14697973430156708
adain,03768,0.1427185833454132
adain,03769,0.19404149055480957
adain,03770,0.2560226023197174
adain,03771,0.3864510655403137
adain,03772,0.3492104411125183
adain,03773,0.2842731475830078
adain,03774,0.7717697024345398
adain,03775,0.4038289189338684
adain,03776,0.46035218238830566
adain,03777,0.3332737684249878
adain,03778,0.2357790172100067
adain,03779,0.4257209897041321
adain,03780,0.17620080709457397
adain,03781,0.20993474125862122
adain,03782,0.3279111385345459
adain,03783,0.18722860515117645
adain,03784,0.22329416871070862
adain,03785,0.2784138321876526
adain,03786,0.25046736001968384
adain,03787,0.10309560596942902
adain,03788,0.3084292411804199
adain,03789,0.23498480021953583
adain,03790,0.3723914623260498
adain,03791,0.5300053358078003
adain,03792,0.06968080997467041
adain,03793,0.5913830995559692
adain,03794,0.33607134222984314
adain,03795,0.28321874141693115
adain,03796,0.15171238780021667
adain,03797,0.42231571674346924
adain,03798,0.44258537888526917
adain,03799,0.1176762729883194
adain,03800,0.4117397665977478
adain,03801,0.3172985315322876
adain,03802,0.3598227798938751
adain,03803,0.24077114462852478
adain,03804,0.22501340508460999
adain,03805,0.24260002374649048
adain,03806,0.36409056186676025
adain,03807,0.23807960748672485
adain,03808,0.3419589102268219
adain,03809,0.10824119299650192
adain,03810,0.21794001758098602
adain,03811,0.24381430447101593
adain,03812,0.41975533962249756
adain,03813,0.4445245563983917
adain,03814,0.28058063983917236
adain,03815,0.37072211503982544
adain,03816,0.2693154215812683
adain,03817,0.4206354022026062
adain,03818,0.16631726920604706
adain,03819,0.24057349562644958
adain,03820,0.14725449681282043
adain,03821,0.38001322746276855
adain,03822,0.15011991560459137
adain,03823,0.6597449779510498
adain,03824,0.2937268018722534
adain,03825,0.3034761846065521
adain,03826,0.09741388261318207
adain,03827,0.5734955072402954
adain,03828,0.20359283685684204
adain,03829,0.39246949553489685
adain,03830,0.5151561498641968
adain,03831,0.2922315001487732
adain,03832,0.30046921968460083
adain,03833,0.4800087809562683
adain,03834,0.6347834467887878
adain,03835,0.105872243642807
adain,03836,0.20707431435585022
adain,03837,0.4653657078742981
adain,03838,0.5033930540084839
adain,03839,0.27253222465515137
adain,03840,0.48231756687164307
adain,03841,0.3889108896255493
adain,03842,0.0600280687212944
adain,03843,0.4259418845176697
adain,03844,0.3646751940250397
adain,03845,0.33191558718681335
adain,03846,0.3743833303451538
adain,03847,0.24292302131652832
adain,03848,0.12808942794799805
adain,03849,0.1571117341518402
adain,03850,0.4690166115760803
adain,03851,0.4837378263473511
adain,03852,0.2716221213340759
adain,03853,0.2867465019226074
adain,03854,0.4166930019855499
adain,03855,0.42490971088409424
adain,03856,0.2519072890281677
adain,03857,0.6578023433685303
adain,03858,0.5802110433578491
adain,03859,0.1486794650554657
adain,03860,0.6025601625442505
adain,03861,0.39263245463371277
adain,03862,0.24246905744075775
adain,03863,0.22601139545440674
adain,03864,0.5558674931526184
adain,03865,0.19936728477478027
adain,03866,0.3965112268924713
adain,03867,0.2677907943725586
adain,03868,0.6548157930374146
adain,03869,0.4091379642486572
adain,03870,0.41484251618385315
adain,03871,0.39571136236190796
adain,03872,0.29809850454330444
adain,03873,0.3697570562362671
adain,03874,0.450392484664917
adain,03875,0.2713524401187897
adain,03876,0.43823134899139404
adain,03877,0.1807248890399933
adain,03878,0.6181877851486206
adain,03879,0.4893021583557129
adain,03880,0.41578012704849243
adain,03881,0.2677047550678253
adain,03882,0.4241921901702881
adain,03883,0.28916746377944946
adain,03884,0.40235865116119385
adain,03885,0.34910470247268677
adain,03886,0.47300735116004944
adain,03887,0.3015025854110718
adain,03888,0.07422097027301788
adain,03889,0.4115235209465027
adain,03890,0.39111119508743286
adain,03891,0.299133837223053
adain,03892,0.2415120154619217
adain,03893,0.3994242250919342
adain,03894,0.3868951201438904
adain,03895,0.5305334329605103
adain,03896,0.24817132949829102
adain,03897,0.5592104196548462
adain,03898,0.37809520959854126
adain,03899,0.30810436606407166
adain,03900,0.4503903388977051
adain,03901,0.40922653675079346
adain,03902,0.03577547147870064
adain,03903,0.221720889210701
adain,03904,0.3419265151023865
adain,03905,0.35717666149139404
adain,03906,0.42729827761650085
adain,03907,0.3292447328567505
adain,03908,0.1525334119796753
adain,03909,0.22694838047027588
adain,03910,0.3123275637626648
adain,03911,0.412289023399353
adain,03912,0.41732603311538696
adain,03913,0.21009376645088196
adain,03914,0.3614159822463989
adain,03915,0.09447500109672546
adain,03916,0.4332156479358673
adain,03917,0.20771066844463348
adain,03918,0.24572867155075073
adain,03919,0.5055529475212097
adain,03920,0.46674424409866333
adain,03921,0.5390772819519043
adain,03922,0.26150035858154297
adain,03923,0.33283546566963196
adain,03924,0.18079999089241028
adain,03925,0.3971439003944397
adain,03926,0.29387766122817993
adain,03927,0.4365612268447876
adain,03928,0.4270761013031006
adain,03929,0.2550695836544037
adain,03930,0.3272078037261963
adain,03931,0.2840125262737274
adain,03932,0.05875655263662338
adain,03933,0.29731833934783936
adain,03934,0.38850632309913635
adain,03935,0.3938305377960205
adain,03936,0.3192729949951172
adain,03937,0.4506359100341797
adain,03938,0.31751886010169983
adain,03939,0.3791865110397339
adain,03940,0.4353610873222351
adain,03941,0.35900449752807617
adain,03942,0.2996125817298889
adain,03943,0.2894359529018402
adain,03944,0.20826464891433716
adain,03945,0.21851354837417603
adain,03946,0.3128635883331299
adain,03947,0.3475479185581207
adain,03948,0.4574527442455292
adain,03949,0.45449933409690857
adain,03950,0.2742130756378174
adain,03951,0.3857927918434143
adain,03952,0.444968581199646
adain,03953,0.2892874777317047
adain,03954,0.3369176983833313
adain,03955,0.17661252617835999
adain,03956,0.3570181131362915
adain,03957,0.3980309069156647
adain,03958,0.32737594842910767
adain,03959,0.3572988510131836
adain,03960,0.33530914783477783
adain,03961,0.4951057732105255
adain,03962,0.2897619903087616
adain,03963,0.36492687463760376
adain,03964,0.5144022703170776
adain,03965,0.4412105679512024
adain,03966,0.24349039793014526
adain,03967,0.5591623187065125
adain,03968,0.32237327098846436
adain,03969,0.2965203523635864
adain,03970,0.7154655456542969
adain,03971,0.3728303909301758
adain,03972,0.38016563653945923
adain,03973,0.3207457363605499
adain,03974,0.3242812752723694
adain,03975,0.2133823037147522
adain,03976,0.1452040672302246
adain,03977,0.4642111659049988
adain,03978,0.3493432104587555
adain,03979,0.3501284718513489
adain,03980,0.4305468499660492
adain,03981,0.4435123801231384
adain,03982,0.32674500346183777
adain,03983,0.3698802590370178
adain,03984,0.1320343017578125
adain,03985,0.43764710426330566
adain,03986,0.26710015535354614
adain,03987,0.5351117253303528
adain,03988,0.2679961323738098
adain,03989,0.39076247811317444
adain,03990,0.24904537200927734
adain,03991,0.21132732927799225
adain,03992,0.4020374119281769
adain,03993,0.6123034954071045
adain,03994,0.3748210668563843
adain,03995,0.31798332929611206
adain,03996,0.4863571226596832
adain,03997,0.2122376561164856
adain,03998,0.49634233117103577
adain,03999,0.39683961868286133
adain,04000,0.44278693199157715
adain,04001,0.4618692696094513
adain,04002,0.5630465745925903
adain,04003,0.28594571352005005
adain,04004,0.17151647806167603
adain,04005,0.4389928877353668
adain,04006,0.25284236669540405
adain,04007,0.3526739478111267
adain,04008,0.420279860496521
adain,04009,0.2520768344402313
adain,04010,0.185043066740036
adain,04011,0.4291289150714874
adain,04012,0.5145441293716431
adain,04013,0.13304844498634338
adain,04014,0.5036101341247559
adain,04015,0.12577810883522034
adain,04016,0.5172944068908691
adain,04017,0.7145891785621643
adain,04018,0.4355350732803345
adain,04019,0.21622392535209656
adain,04020,0.3524543046951294
adain,04021,0.4318930506706238
adain,04022,0.13809829950332642
adain,04023,0.30002135038375854
adain,04024,0.38111966848373413
adain,04025,0.1916513741016388
adain,04026,0.25616455078125
adain,04027,0.5451301336288452
adain,04028,0.2779138684272766
adain,04029,0.09232516586780548
adain,04030,0.3600587844848633
adain,04031,0.2863519787788391
adain,04032,0.275806188583374
adain,04033,0.27460187673568726
adain,04034,0.33548659086227417
adain,04035,0.3788939118385315
adain,04036,0.2701943516731262
adain,04037,0.49363088607788086
adain,04038,0.37886160612106323
adain,04039,0.48649176955223083
adain,04040,0.483433336019516
adain,04041,0.5966289043426514
adain,04042,0.21647995710372925
adain,04043,0.5994408130645752
adain,04044,0.3586708605289459
adain,04045,0.5222955942153931
adain,04046,0.3702281713485718
adain,04047,0.6082456111907959
adain,04048,0.44357243180274963
adain,04049,0.47864437103271484
adain,04050,0.3402148187160492
adain,04051,0.3088725209236145
adain,04052,0.21832269430160522
adain,04053,0.28589928150177
adain,04054,0.331937700510025
adain,04055,0.2904703915119171
adain,04056,0.2975342273712158
adain,04057,0.3399033546447754
adain,04058,0.534265398979187
adain,04059,0.24741220474243164
adain,04060,0.22831004858016968
adain,04061,0.46103033423423767
adain,04062,0.03939720243215561
adain,04063,0.5275571346282959
adain,04064,0.38689690828323364
adain,04065,0.26234468817710876
adain,04066,0.1338619440793991
adain,04067,0.337128221988678
adain,04068,0.22464953362941742
adain,04069,0.3900764286518097
adain,04070,0.43759310245513916
adain,04071,0.5064151287078857
adain,04072,0.3875841498374939
adain,04073,0.441493421792984
adain,04074,0.35844895243644714
adain,04075,0.23658207058906555
adain,04076,0.21014106273651123
adain,04077,0.17678627371788025
adain,04078,0.21571648120880127
adain,04079,0.09089285135269165
adain,04080,0.4984568655490875
adain,04081,0.3798551857471466
adain,04082,0.2909739017486572
adain,04083,0.3292909264564514
adain,04084,0.33200889825820923
adain,04085,0.3373059034347534
adain,04086,0.3410094380378723
adain,04087,0.26339641213417053
adain,04088,0.5219000577926636
adain,04089,0.4673404097557068
adain,04090,0.2714940011501312
adain,04091,0.48126256465911865
adain,04092,0.4831211566925049
adain,04093,0.34729593992233276
adain,04094,0.5395592451095581
adain,04095,0.22415083646774292
adain,04096,0.27573588490486145
adain,04097,0.44486331939697266
adain,04098,0.43211787939071655
adain,04099,0.36378899216651917
adain,04100,0.28974926471710205
adain,04101,0.6113109588623047
adain,04102,0.35781729221343994
adain,04103,0.4356765151023865
adain,04104,0.2843116521835327
adain,04105,0.33394715189933777
adain,04106,0.6362186670303345
adain,04107,0.4396860599517822
adain,04108,0.3239057660102844
adain,04109,0.3329455852508545
adain,04110,0.4113219976425171
adain,04111,0.03966769576072693
adain,04112,0.20348168909549713
adain,04113,0.14801131188869476
adain,04114,0.5185599327087402
adain,04115,0.1356973946094513
adain,04116,0.23844674229621887
adain,04117,0.4118257164955139
adain,04118,0.18980784714221954
adain,04119,0.5745716094970703
adain,04120,0.45066410303115845
adain,04121,0.1903989315032959
adain,04122,0.30163583159446716
adain,04123,0.47444722056388855
adain,04124,0.4348769783973694
adain,04125,0.4330909252166748
adain,04126,0.3364061713218689
adain,04127,0.36513859033584595
adain,04128,0.05570370703935623
adain,04129,0.5941208600997925
adain,04130,0.2674117386341095
adain,04131,0.417123407125473
adain,04132,0.1619499921798706
adain,04133,0.188806414604187
adain,04134,0.1879955679178238
adain,04135,0.2770217955112457
adain,04136,0.25705987215042114
adain,04137,0.6381461024284363
adain,04138,0.18927744030952454
adain,04139,0.23416399955749512
adain,04140,0.3268582224845886
adain,04141,0.2757214903831482
adain,04142,0.4199672341346741
adain,04143,0.588569164276123
adain,04144,0.7215538024902344
adain,04145,0.27110806107521057
adain,04146,0.37071168422698975
adain,04147,0.4469919800758362
adain,04148,0.23436269164085388
adain,04149,0.22372552752494812
adain,04150,0.3590570390224457
adain,04151,0.4283445477485657
adain,04152,0.3356073796749115
adain,04153,0.49967870116233826
adain,04154,0.3398648202419281
adain,04155,0.4196523427963257
adain,04156,0.1695317029953003
adain,04157,0.23817437887191772
adain,04158,0.19979792833328247
adain,04159,0.16064751148223877
adain,04160,0.392819881439209
adain,04161,0.20581325888633728
adain,04162,0.1954498291015625
adain,04163,0.36816442012786865
adain,04164,0.34041664004325867
adain,04165,0.32178443670272827
adain,04166,0.13143104314804077
adain,04167,0.24411655962467194
adain,04168,0.5205500721931458
adain,04169,0.45997098088264465
adain,04170,0.32806265354156494
adain,04171,0.3101691007614136
adain,04172,0.3749520182609558
adain,04173,0.40988603234291077
adain,04174,0.3627144992351532
adain,04175,0.3353869915008545
adain,04176,0.407733678817749
adain,04177,0.4139602780342102
adain,04178,0.31537845730781555
adain,04179,0.17450018227100372
adain,04180,0.13277111947536469
adain,04181,0.2832567095756531
adain,04182,0.2576160430908203
adain,04183,0.3804563879966736
adain,04184,0.3048868179321289
adain,04185,0.3944109380245209
adain,04186,0.24396976828575134
adain,04187,0.38408321142196655
adain,04188,0.31429651379585266
adain,04189,0.4262116253376007
adain,04190,0.07726404070854187
adain,04191,0.5406750440597534
adain,04192,0.41836750507354736
adain,04193,0.3374919295310974
adain,04194,0.30254149436950684
adain,04195,0.39362120628356934
adain,04196,0.5257642269134521
adain,04197,0.20038534700870514
adain,04198,0.25267529487609863
adain,04199,0.25162070989608765
adain,04200,0.4333440661430359
adain,04201,0.3718777894973755
adain,04202,0.35667121410369873
adain,04203,0.3085831105709076
adain,04204,0.12793859839439392
adain,04205,0.24041259288787842
adain,04206,0.44004666805267334
adain,04207,0.2874886095523834
adain,04208,0.3894875645637512
adain,04209,0.08449207991361618
adain,04210,0.4211454391479492
adain,04211,0.19047048687934875
adain,04212,0.663443922996521
adain,04213,0.30579161643981934
adain,04214,0.10380780696868896
adain,04215,0.13382330536842346
adain,04216,0.1182030439376831
adain,04217,0.08704361319541931
adain,04218,0.19170516729354858
adain,04219,0.5245011448860168
adain,04220,0.5210222601890564
adain,04221,0.39725133776664734
adain,04222,0.28556495904922485
adain,04223,0.33333295583724976
adain,04224,0.39972376823425293
adain,04225,0.014065690338611603
adain,04226,0.45937567949295044
adain,04227,0.2304346263408661
adain,04228,0.5705956220626831
adain,04229,0.4621264338493347
adain,04230,0.4411357045173645
adain,04231,0.3934730291366577
adain,04232,0.3486679494380951
adain,04233,0.2704787850379944
adain,04234,0.5113378763198853
adain,04235,0.5047638416290283
adain,04236,0.4668891429901123
adain,04237,0.30712389945983887
adain,04238,0.3295406699180603
adain,04239,0.3857346177101135
adain,04240,0.4048407971858978
adain,04241,0.38051682710647583
adain,04242,0.33032381534576416
adain,04243,0.387795090675354
adain,04244,0.3426305651664734
adain,04245,0.31044840812683105
adain,04246,0.31487905979156494
adain,04247,0.29564058780670166
adain,04248,0.35537952184677124
adain,04249,0.4603416621685028
adain,04250,0.3206575810909271
adain,04251,0.1903834342956543
adain,04252,0.28759050369262695
adain,04253,0.4467681646347046
adain,04254,0.385823130607605
adain,04255,0.3768250346183777
adain,04256,0.4538506269454956
adain,04257,0.41415923833847046
adain,04258,0.3836853802204132
adain,04259,0.45933693647384644
adain,04260,0.18785837292671204
adain,04261,0.08810831606388092
adain,04262,0.34044504165649414
adain,04263,0.19744658470153809
adain,04264,0.267642617225647
adain,04265,0.096479631960392
adain,04266,0.4864795506000519
adain,04267,0.10122159123420715
adain,04268,0.4535115361213684
adain,04269,0.48454177379608154
adain,04270,0.4107204079627991
adain,04271,0.44106245040893555
adain,04272,0.6167086362838745
adain,04273,0.4592779278755188
adain,04274,0.34037071466445923
adain,04275,0.4238235652446747
adain,04276,0.6223154664039612
adain,04277,0.3516828417778015
adain,04278,0.26072511076927185
adain,04279,0.34892207384109497
adain,04280,0.1341908574104309
adain,04281,0.37333399057388306
adain,04282,0.26082170009613037
adain,04283,0.1582416594028473
adain,04284,0.25937795639038086
adain,04285,0.5108375549316406
adain,04286,0.08498001098632812
adain,04287,0.12080115079879761
adain,04288,0.327195405960083
adain,04289,0.3914390206336975
adain,04290,0.25065818428993225
adain,04291,0.6964268684387207
adain,04292,0.42169326543807983
adain,04293,0.46499112248420715
adain,04294,0.32028257846832275
adain,04295,0.15830296277999878
adain,04296,0.48399922251701355
adain,04297,0.5570995807647705
adain,04298,0.33350706100463867
adain,04299,0.6757059097290039
adain,04300,0.48057422041893005
adain,04301,0.22528383135795593
adain,04302,0.6474952101707458
adain,04303,0.5820156335830688
adain,04304,0.26898396015167236
adain,04305,0.32559362053871155
adain,04306,0.31752198934555054
adain,04307,0.3279561400413513
adain,04308,0.4822843670845032
adain,04309,0.24376778304576874
adain,04310,0.2892557978630066
adain,04311,0.36313021183013916
adain,04312,0.41233009099960327
adain,04313,0.3663027882575989
adain,04314,0.21293190121650696
adain,04315,0.40448662638664246
adain,04316,0.42586416006088257
adain,04317,0.5044057369232178
adain,04318,0.4909808039665222
adain,04319,0.2113972008228302
adain,04320,0.4054024815559387
adain,04321,0.3306787610054016
adain,04322,0.578111469745636
adain,04323,0.3483433723449707
adain,04324,0.27216991782188416
adain,04325,0.33924126625061035
adain,04326,0.3242835998535156
adain,04327,0.4786679148674011
adain,04328,0.35656678676605225
adain,04329,0.47232699394226074
adain,04330,0.28718018531799316
adain,04331,0.4015433192253113
adain,04332,0.3056941628456116
adain,04333,0.26658573746681213
adain,04334,0.15391433238983154
adain,04335,0.45443031191825867
adain,04336,0.35978174209594727
adain,04337,0.20157408714294434
adain,04338,0.39507609605789185
adain,04339,0.34990084171295166
adain,04340,0.32867419719696045
adain,04341,0.42743682861328125
adain,04342,0.2655332386493683
adain,04343,0.17171788215637207
adain,04344,0.4489668905735016
adain,04345,0.49290260672569275
adain,04346,0.5185427069664001
adain,04347,0.4296000301837921
adain,04348,0.3020516037940979
adain,04349,0.6096499562263489
adain,04350,0.3609268069267273
adain,04351,0.343220055103302
adain,04352,0.5234668850898743
adain,04353,0.3524279296398163
adain,04354,0.43674910068511963
adain,04355,0.08842083811759949
adain,04356,0.5229812860488892
adain,04357,0.49078983068466187
adain,04358,0.1676933467388153
adain,04359,0.2381816804409027
adain,04360,0.6184220910072327
adain,04361,0.018198302015662193
adain,04362,0.2929767668247223
adain,04363,0.3688758611679077
adain,04364,0.3084830939769745
adain,04365,0.23713470995426178
adain,04366,0.19081294536590576
adain,04367,0.5076371431350708
adain,04368,0.5174400806427002
adain,04369,0.5891591310501099
adain,04370,0.3925698399543762
adain,04371,0.12752994894981384
adain,04372,0.40971875190734863
adain,04373,0.5381399989128113
adain,04374,0.4084296226501465
adain,04375,0.3879660964012146
adain,04376,0.3107185363769531
adain,04377,0.43016675114631653
adain,04378,0.25228777527809143
adain,04379,0.44751235842704773
adain,04380,0.13415493071079254
adain,04381,0.26185905933380127
adain,04382,0.33942943811416626
adain,04383,0.15907199680805206
adain,04384,0.33153921365737915
adain,04385,0.3099881410598755
adain,04386,0.6106159090995789
adain,04387,0.5558421611785889
adain,04388,0.4802717864513397
adain,04389,0.4176713824272156
adain,04390,0.6546595692634583
adain,04391,0.29985475540161133
adain,04392,0.4945935010910034
adain,04393,0.20711712539196014
adain,04394,0.5947064161300659
adain,04395,0.35173872113227844
adain,04396,0.3277471661567688
adain,04397,0.4131951630115509
adain,04398,0.22995898127555847
adain,04399,0.25018513202667236
adain,04400,0.349054753780365
adain,04401,0.6261343955993652
adain,04402,0.19094961881637573
adain,04403,0.2760505676269531
adain,04404,0.08891059458255768
adain,04405,0.32015615701675415
adain,04406,0.2797098755836487
adain,04407,0.40789085626602173
adain,04408,0.574642539024353
adain,04409,0.18401528894901276
adain,04410,0.19649264216423035
adain,04411,0.13286690413951874
adain,04412,0.6961357593536377
adain,04413,0.13771095871925354
adain,04414,0.26501208543777466
adain,04415,0.6382066011428833
adain,04416,0.2774876654148102
adain,04417,0.20272693037986755
adain,04418,0.4148402214050293
adain,04419,0.6098379492759705
adain,04420,0.45148420333862305
adain,04421,0.4414966106414795
adain,04422,0.23123043775558472
adain,04423,0.4524049460887909
adain,04424,0.42277616262435913
adain,04425,0.12830042839050293
adain,04426,0.43008923530578613
adain,04427,0.413202166557312
adain,04428,0.4572528600692749
adain,04429,0.43655967712402344
adain,04430,0.1670798659324646
adain,04431,0.07854736596345901
adain,04432,0.1285271793603897
adain,04433,0.1638118177652359
adain,04434,0.381477952003479
adain,04435,0.39204734563827515
adain,04436,0.5066593885421753
adain,04437,0.5790968537330627
adain,04438,0.6087523102760315
adain,04439,0.39028432965278625
adain,04440,0.1868545114994049
adain,04441,0.2167312502861023
adain,04442,0.06862440705299377
adain,04443,0.2609306275844574
adain,04444,0.55010586977005
adain,04445,0.3775133490562439
adain,04446,0.3463001847267151
adain,04447,0.43464624881744385
adain,04448,0.4760916829109192
adain,04449,0.1403067708015442
adain,04450,0.33256980776786804
adain,04451,0.23434308171272278
adain,04452,0.4097190797328949
adain,04453,0.40255486965179443
adain,04454,0.26566582918167114
adain,04455,0.38873112201690674
adain,04456,0.10639055073261261
adain,04457,0.23313689231872559
adain,04458,0.37589138746261597
adain,04459,0.29138362407684326
adain,04460,0.39272958040237427
adain,04461,0.4095996916294098
adain,04462,0.2812197208404541
adain,04463,0.16818058490753174
adain,04464,0.31957370042800903
adain,04465,0.28575587272644043
adain,04466,0.41870009899139404
adain,04467,0.36490726470947266
adain,04468,0.4574151933193207
adain,04469,0.467851459980011
adain,04470,0.12389758974313736
adain,04471,0.2833605110645294
adain,04472,0.29823538661003113
adain,04473,0.32868492603302
adain,04474,0.30461588501930237
adain,04475,0.2903025150299072
adain,04476,0.5429511070251465
adain,04477,0.3082207441329956
adain,04478,0.18090589344501495
adain,04479,0.3303925395011902
adain,04480,0.4331837296485901
adain,04481,0.22567802667617798
adain,04482,0.09418927133083344
adain,04483,0.38572219014167786
adain,04484,0.27190515398979187
adain,04485,0.3207763433456421
adain,04486,0.12078844755887985
adain,04487,0.34219890832901
adain,04488,0.2760674059391022
adain,04489,0.4972037672996521
adain,04490,0.5811704397201538
adain,04491,0.35162416100502014
adain,04492,0.31507644057273865
adain,04493,0.42659759521484375
adain,04494,0.2667922377586365
adain,04495,0.460318386554718
adain,04496,0.6605013608932495
adain,04497,0.2645987272262573
adain,04498,0.3194721043109894
adain,04499,0.376396119594574
adain,04500,0.2129475474357605
adain,04501,0.1801239252090454
adain,04502,0.5136417746543884
adain,04503,0.17011311650276184
adain,04504,0.4799557328224182
adain,04505,0.30244410037994385
adain,04506,0.41779741644859314
adain,04507,0.47095730900764465
adain,04508,0.3345715403556824
adain,04509,0.16735772788524628
adain,04510,0.47903120517730713
adain,04511,0.3752366900444031
adain,04512,0.30552053451538086
adain,04513,0.4477514624595642
adain,04514,0.17565704882144928
adain,04515,0.3215213716030121
adain,04516,0.06184759736061096
adain,04517,0.17734521627426147
adain,04518,0.4674845337867737
adain,04519,0.3510183095932007
adain,04520,0.4950680434703827
adain,04521,0.16155092418193817
adain,04522,0.36779457330703735
adain,04523,0.1487644463777542
adain,04524,0.39187851548194885
adain,04525,0.1461428999900818
adain,04526,0.30433619022369385
adain,04527,0.08929679542779922
adain,04528,0.2777809798717499
adain,04529,0.5100741982460022
adain,04530,0.4609266221523285
adain,04531,0.37109291553497314
adain,04532,0.22555842995643616
adain,04533,0.32315024733543396
adain,04534,0.48089537024497986
adain,04535,0.19787681102752686
adain,04536,0.43879157304763794
adain,04537,0.3760455250740051
adain,04538,0.5746413469314575
adain,04539,0.4178006649017334
adain,04540,0.41920018196105957
adain,04541,0.11683322489261627
adain,04542,0.203492671251297
adain,04543,0.5537000894546509
adain,04544,0.5582224726676941
adain,04545,0.04137607663869858
adain,04546,0.3448185324668884
adain,04547,0.4913783371448517
adain,04548,0.20227304100990295
adain,04549,0.21608133614063263
adain,04550,0.10816287249326706
adain,04551,0.4566698670387268
adain,04552,0.15389224886894226
adain,04553,0.32373833656311035
adain,04554,0.2967914342880249
adain,04555,0.39370226860046387
adain,04556,0.269057035446167
adain,04557,0.14920179545879364
adain,04558,0.2913060784339905
adain,04559,0.31459593772888184
adain,04560,0.31599462032318115
adain,04561,0.537086009979248
adain,04562,0.33732056617736816
adain,04563,0.2630041837692261
adain,04564,0.3701179325580597
adain,04565,0.5234382152557373
adain,04566,0.28696921467781067
adain,04567,0.28741371631622314
adain,04568,0.31502145528793335
adain,04569,0.40241169929504395
adain,04570,0.2756195664405823
adain,04571,0.4680280387401581
adain,04572,0.3966946601867676
adain,04573,0.28823983669281006
adain,04574,0.3785826861858368
adain,04575,0.14364291727542877
adain,04576,0.30858778953552246
adain,04577,0.5020735263824463
adain,04578,0.13677191734313965
adain,04579,0.33848997950553894
adain,04580,0.18267938494682312
adain,04581,0.2940843105316162
adain,04582,0.3334599733352661
adain,04583,0.17642447352409363
adain,04584,0.05116952210664749
adain,04585,0.22448202967643738
adain,04586,0.2896857261657715
adain,04587,0.2497844398021698
adain,04588,0.48399749398231506
adain,04589,0.14014548063278198
adain,04590,0.22087708115577698
adain,04591,0.5337444543838501
adain,04592,0.4615923762321472
adain,04593,0.2431204617023468
adain,04594,0.31426993012428284
adain,04595,0.2562297582626343
adain,04596,0.5872913002967834
adain,04597,0.18120157718658447
adain,04598,0.3364205062389374
adain,04599,0.41916903853416443
adain,04600,0.5666847229003906
adain,04601,0.22123968601226807
adain,04602,0.3005894124507904
adain,04603,0.41135478019714355
adain,04604,0.5674744844436646
adain,04605,0.17597977817058563
adain,04606,0.1464591920375824
adain,04607,0.12822170555591583
adain,04608,0.36300262808799744
adain,04609,0.4156249761581421
adain,04610,0.27805379033088684
adain,04611,0.13401779532432556
adain,04612,0.2956419587135315
adain,04613,0.348506361246109
adain,04614,0.19463859498500824
adain,04615,0.14164066314697266
adain,04616,0.35421425104141235
adain,04617,0.35649293661117554
adain,04618,0.28375089168548584
adain,04619,0.6491981744766235
adain,04620,0.4570915997028351
adain,04621,0.39439743757247925
adain,04622,0.3327939808368683
adain,04623,0.33462652564048767
adain,04624,0.43778491020202637
adain,04625,0.5024626851081848
adain,04626,0.501041054725647
adain,04627,0.20089775323867798
adain,04628,0.3423449993133545
adain,04629,0.12001495063304901
adain,04630,0.3550604581832886
adain,04631,0.37528371810913086
adain,04632,0.12719613313674927
adain,04633,0.12827785313129425
adain,04634,0.4320608675479889
adain,04635,0.2539963126182556
adain,04636,0.4186856150627136
adain,04637,0.37613236904144287
adain,04638,0.5192791223526001
adain,04639,0.30520910024642944
adain,04640,0.3158487379550934
adain,04641,0.392215371131897
adain,04642,0.41263648867607117
adain,04643,0.14957067370414734
adain,04644,0.35913461446762085
adain,04645,0.2245345413684845
adain,04646,0.41611921787261963
adain,04647,0.2273411601781845
adain,04648,0.6633765697479248
adain,04649,0.2975060045719147
adain,04650,0.14348375797271729
adain,04651,0.47362756729125977
adain,04652,0.41024282574653625
adain,04653,0.1503482162952423
adain,04654,0.5264607667922974
adain,04655,0.09932462871074677
adain,04656,0.29305821657180786
adain,04657,0.616776168346405
adain,04658,0.4777284264564514
adain,04659,0.22163239121437073
adain,04660,0.5067685842514038
adain,04661,0.31371575593948364
adain,04662,0.13812685012817383
adain,04663,0.18518707156181335
adain,04664,0.3423280119895935
adain,04665,0.23001767694950104
adain,04666,0.26963967084884644
adain,04667,0.38034799695014954
adain,04668,0.2365371137857437
adain,04669,0.3308261036872864
adain,04670,0.3479230999946594
adain,04671,0.579142689704895
adain,04672,0.07641919702291489
adain,04673,0.20126600563526154
adain,04674,0.4763574004173279
adain,04675,0.35403454303741455
adain,04676,0.5400440096855164
adain,04677,0.5914273262023926
adain,04678,0.36048686504364014
adain,04679,0.34102311730384827
adain,04680,0.2558402121067047
adain,04681,0.47895121574401855
adain,04682,0.41769278049468994
adain,04683,0.25873708724975586
adain,04684,0.3496614694595337
adain,04685,0.5415817499160767
adain,04686,0.3848201036453247
adain,04687,0.5468772053718567
adain,04688,0.3781702220439911
adain,04689,0.4096612334251404
adain,04690,0.09197232127189636
adain,04691,0.5103201866149902
adain,04692,0.41127416491508484
adain,04693,0.39486974477767944
adain,04694,0.12119075655937195
adain,04695,0.11911825090646744
adain,04696,0.5132302641868591
adain,04697,0.307220995426178
adain,04698,0.2525903284549713
adain,04699,0.5572749376296997
adain,04700,0.28014445304870605
adain,04701,0.19770455360412598
adain,04702,0.5324248671531677
adain,04703,0.5293002128601074
adain,04704,0.31727349758148193
adain,04705,0.16415949165821075
adain,04706,0.23395216464996338
adain,04707,0.08279618620872498
adain,04708,0.36171117424964905
adain,04709,0.1878611147403717
adain,04710,0.3769547641277313
adain,04711,0.4263485074043274
adain,04712,0.18570108711719513
adain,04713,0.16692477464675903
adain,04714,0.3191065192222595
adain,04715,0.4135204255580902
adain,04716,0.536375105381012
adain,04717,0.42176270484924316
adain,04718,0.454642653465271
adain,04719,0.3089246153831482
adain,04720,0.5784372091293335
adain,04721,0.5797130465507507
adain,04722,0.544952392578125
adain,04723,0.5361843109130859
adain,04724,0.39367103576660156
adain,04725,0.3288050889968872
adain,04726,0.14236748218536377
adain,04727,0.4975906014442444
adain,04728,0.36485350131988525
adain,04729,0.4722259044647217
adain,04730,0.07991254329681396
adain,04731,0.30107423663139343
adain,04732,0.3305668830871582
adain,04733,0.37355872988700867
adain,04734,0.2187058925628662
adain,04735,0.38967201113700867
adain,04736,0.5013620853424072
adain,04737,0.3402981758117676
adain,04738,0.18685710430145264
adain,04739,0.3594626188278198
adain,04740,0.1886381357908249
adain,04741,0.4394358992576599
adain,04742,0.43516048789024353
adain,04743,0.5565897226333618
adain,04744,0.1448202133178711
adain,04745,0.15449701249599457
adain,04746,0.3649693429470062
adain,04747,0.43028515577316284
adain,04748,0.3347821831703186
adain,04749,0.3861263394355774
adain,04750,0.6765857338905334
adain,04751,0.17904743552207947
adain,04752,0.4973321259021759
adain,04753,0.31032541394233704
adain,04754,0.10061943531036377
adain,04755,0.27117687463760376
adain,04756,0.5302956104278564
adain,04757,0.2677152752876282
adain,04758,0.2780659794807434
adain,04759,0.2005298137664795
adain,04760,0.235540509223938
adain,04761,0.538200855255127
adain,04762,0.22267359495162964
adain,04763,0.07822833210229874
adain,04764,0.08662538975477219
adain,04765,0.43390676379203796
adain,04766,0.44750067591667175
adain,04767,0.32289764285087585
adain,04768,0.10926780104637146
adain,04769,0.2780826985836029
adain,04770,0.21568545699119568
adain,04771,0.2938729226589203
adain,04772,0.04851069301366806
adain,04773,0.2275901436805725
adain,04774,0.5267093181610107
adain,04775,0.35180169343948364
adain,04776,0.47767412662506104
adain,04777,0.39271217584609985
adain,04778,0.26210489869117737
adain,04779,0.2564395070075989
adain,04780,0.24037225544452667
adain,04781,0.32907071709632874
adain,04782,0.14381080865859985
adain,04783,0.405570387840271
adain,04784,0.21382611989974976
adain,04785,0.32032260298728943
adain,04786,0.3063122630119324
adain,04787,0.41167908906936646
adain,04788,0.2593362331390381
adain,04789,0.43368685245513916
adain,04790,0.46869581937789917
adain,04791,0.2601385712623596
adain,04792,0.39661478996276855
adain,04793,0.33579108119010925
adain,04794,0.3492944836616516
adain,04795,0.28025054931640625
adain,04796,0.19778215885162354
adain,04797,0.585554838180542
adain,04798,0.5808398723602295
adain,04799,0.22672000527381897
adain,04800,0.45755434036254883
adain,04801,0.3392474055290222
adain,04802,0.4340587556362152
adain,04803,0.3244473934173584
adain,04804,0.24682298302650452
adain,04805,0.4386584758758545
adain,04806,0.28526660799980164
adain,04807,0.39029446244239807
adain,04808,0.260519802570343
adain,04809,0.28380051255226135
adain,04810,0.3432515263557434
adain,04811,0.35400107502937317
adain,04812,0.2987402081489563
adain,04813,0.43841221928596497
adain,04814,0.08701494336128235
adain,04815,0.35506460070610046
adain,04816,0.5133779644966125
adain,04817,0.5140419602394104
adain,04818,0.15485820174217224
adain,04819,0.31611308455467224
adain,04820,0.33484238386154175
adain,04821,0.42863044142723083
adain,04822,0.34973642230033875
adain,04823,0.3658904433250427
adain,04824,0.2693447470664978
adain,04825,0.4350159168243408
adain,04826,0.24265895783901215
adain,04827,0.1833208203315735
adain,04828,0.09602987766265869
adain,04829,0.451201856136322
adain,04830,0.3440799117088318
adain,04831,0.05150320380926132
adain,04832,0.3730110228061676
adain,04833,0.3959607481956482
adain,04834,0.5164216756820679
adain,04835,0.29451000690460205
adain,04836,0.525952935218811
adain,04837,0.3347983956336975
adain,04838,0.2214953601360321
adain,04839,0.27164334058761597
adain,04840,0.18828065693378448
adain,04841,0.1485893726348877
adain,04842,0.37682297825813293
adain,04843,0.5552213788032532
adain,04844,0.5502256751060486
adain,04845,0.47549718618392944
adain,04846,0.4391704499721527
adain,04847,0.20379766821861267
adain,04848,0.11813154816627502
adain,04849,0.3407856822013855
adain,04850,0.16394680738449097
adain,04851,0.24324655532836914
adain,04852,0.23357060551643372
adain,04853,0.2424941211938858
adain,04854,0.25437265634536743
adain,04855,0.5156327486038208
adain,04856,0.7088196277618408
adain,04857,0.2696535289287567
adain,04858,0.33402520418167114
adain,04859,0.31179648637771606
adain,04860,0.17504265904426575
adain,04861,0.19636182487010956
adain,04862,0.4811932444572449
adain,04863,0.5838814377784729
adain,04864,0.22973325848579407
adain,04865,0.32450979948043823
adain,04866,0.30606210231781006
adain,04867,0.47143298387527466
adain,04868,0.12005119025707245
adain,04869,0.43207043409347534
adain,04870,0.24735164642333984
adain,04871,0.10784845799207687
adain,04872,0.4997401237487793
adain,04873,0.32215726375579834
adain,04874,0.5275959968566895
adain,04875,0.6185343265533447
adain,04876,0.25096380710601807
adain,04877,0.32551929354667664
adain,04878,0.3294709622859955
adain,04879,0.3089105784893036
adain,04880,0.16667889058589935
adain,04881,0.20311415195465088
adain,04882,0.09294319897890091
adain,04883,0.3802018165588379
adain,04884,0.1168164610862732
adain,04885,0.1630953550338745
adain,04886,0.4345400929450989
adain,04887,0.37515395879745483
adain,04888,0.3761358857154846
adain,04889,0.3581240773200989
adain,04890,0.5211895704269409
adain,04891,0.5507557392120361
adain,04892,0.06059311330318451
adain,04893,0.42466798424720764
adain,04894,0.4616506099700928
adain,04895,0.27380895614624023
adain,04896,0.3526374399662018
adain,04897,0.3447889983654022
adain,04898,0.4519001543521881
adain,04899,0.16562135517597198
adain,04900,0.13666611909866333
adain,04901,0.3465324342250824
adain,04902,0.4908342957496643
adain,04903,0.3183460533618927
adain,04904,0.44831857085227966
adain,04905,0.4080345332622528
adain,04906,0.5665810108184814
adain,04907,0.3464874029159546
adain,04908,0.46329009532928467
adain,04909,0.5624926090240479
adain,04910,0.3355538249015808
adain,04911,0.11362414807081223
adain,04912,0.45325857400894165
adain,04913,0.25390759110450745
adain,04914,0.2884312570095062
adain,04915,0.16558334231376648
adain,04916,0.47263675928115845
adain,04917,0.3841172754764557
adain,04918,0.3626132309436798
adain,04919,0.2745438814163208
adain,04920,0.14708378911018372
adain,04921,0.4476904273033142
adain,04922,0.39277517795562744
adain,04923,0.594074010848999
adain,04924,0.33551642298698425
adain,04925,0.15336963534355164
adain,04926,0.5282335877418518
adain,04927,0.44909772276878357
adain,04928,0.4228145480155945
adain,04929,0.4609348177909851
adain,04930,0.18968331813812256
adain,04931,0.32198643684387207
adain,04932,0.4407162666320801
adain,04933,0.16056646406650543
adain,04934,0.49628400802612305
adain,04935,0.4825165867805481
adain,04936,0.3771939277648926
adain,04937,0.5478746891021729
adain,04938,0.17294321954250336
adain,04939,0.43214231729507446
adain,04940,0.5697062015533447
adain,04941,0.21326857805252075
adain,04942,0.4163799583911896
adain,04943,0.5407040119171143
adain,04944,0.5809633731842041
adain,04945,0.4953843355178833
adain,04946,0.3923148214817047
adain,04947,0.479229211807251
adain,04948,0.4626902639865875
adain,04949,0.3165448009967804
adain,04950,0.34773993492126465
adain,04951,0.6462520360946655
adain,04952,0.41103410720825195
adain,04953,0.39352256059646606
adain,04954,0.3370816111564636
adain,04955,0.3024618327617645
adain,04956,0.4273465871810913
adain,04957,0.2546416223049164
adain,04958,0.28885847330093384
adain,04959,0.1184149831533432
adain,04960,0.3326565623283386
adain,04961,0.22717614471912384
adain,04962,0.26095396280288696
adain,04963,0.38786473870277405
adain,04964,0.30805158615112305
adain,04965,0.4711208939552307
adain,04966,0.3747398555278778
adain,04967,0.16466757655143738
adain,04968,0.400208979845047
adain,04969,0.3473615050315857
adain,04970,0.37973880767822266
adain,04971,0.30785661935806274
adain,04972,0.3255736231803894
adain,04973,0.301002562046051
adain,04974,0.43829625844955444
adain,04975,0.39233261346817017
adain,04976,0.648440420627594
adain,04977,0.5008755922317505
adain,04978,0.41936373710632324
adain,04979,0.5387132167816162
adain,04980,0.3969278037548065
adain,04981,0.22583797574043274
adain,04982,0.28825265169143677
adain,04983,0.32444342970848083
adain,04984,0.522258996963501
adain,04985,0.26770639419555664
adain,04986,0.47452378273010254
adain,04987,0.19434960186481476
adain,04988,0.4511026442050934
adain,04989,0.36760982871055603
adain,04990,0.5754575729370117
adain,04991,-0.03974374383687973
adain,04992,0.23370735347270966
adain,04993,0.30624788999557495
adain,04994,0.3190545439720154
adain,04995,0.33748459815979004
adain,04996,0.42032817006111145
adain,04997,0.47341474890708923
adain,04998,0.1994020640850067
adain,04999,0.451850026845932
sanet,00000,0.45514747500419617
sanet,00001,0.31051623821258545
sanet,00002,0.3853567838668823
sanet,00003,0.40316760540008545
sanet,00004,0.45855486392974854
sanet,00005,0.4597018361091614
sanet,00006,0.47212520241737366
sanet,00007,0.47756221890449524
sanet,00008,0.584571123123169
sanet,00009,0.2703940272331238
sanet,00010,0.6209326982498169
sanet,00011,0.22798509895801544
sanet,00012,0.49502676725387573
sanet,00013,0.44124868512153625
sanet,00014,0.5755443572998047
sanet,00015,0.40311479568481445
sanet,00016,0.5785267353057861
sanet,00017,0.4732862114906311
sanet,00018,0.36212557554244995
sanet,00019,0.40931951999664307
sanet,00020,0.4286581873893738
sanet,00021,0.40975987911224365
sanet,00022,0.3041335940361023
sanet,00023,0.3577759861946106
sanet,00024,0.47705987095832825
sanet,00025,0.4755936563014984
sanet,00026,0.5785790681838989
sanet,00027,0.4799085259437561
sanet,00028,0.5543049573898315
sanet,00029,0.31695234775543213
sanet,00030,0.5684562921524048
sanet,00031,0.47159653902053833
sanet,00032,0.3065040409564972
sanet,00033,0.3705388307571411
sanet,00034,0.16973775625228882
sanet,00035,0.2067278027534485
sanet,00036,0.37356019020080566
sanet,00037,0.3422958552837372
sanet,00038,0.49911218881607056
sanet,00039,0.43670517206192017
sanet,00040,0.36915910243988037
sanet,00041,0.202680304646492
sanet,00042,0.3107381761074066
sanet,00043,0.36406421661376953
sanet,00044,0.4250181019306183
sanet,00045,0.4500160217285156
sanet,00046,0.4696287512779236
sanet,00047,0.40901586413383484
sanet,00048,0.35832637548446655
sanet,00049,0.38682299852371216
sanet,00050,0.6178300976753235
sanet,00051,0.5339747071266174
sanet,00052,0.5082941651344299
sanet,00053,0.284515917301178
sanet,00054,0.5955795049667358
sanet,00055,0.4488168954849243
sanet,00056,0.38601189851760864
sanet,00057,0.5480914115905762
sanet,00058,0.3161245286464691
sanet,00059,0.28329843282699585
sanet,00060,0.2556481659412384
sanet,00061,0.6024223566055298
sanet,00062,0.5510600209236145
sanet,00063,0.37861162424087524
sanet,00064,0.5022441148757935
sanet,00065,0.4212070405483246
sanet,00066,0.35937929153442383
sanet,00067,0.4131927788257599
sanet,00068,0.6023238897323608
sanet,00069,0.5595322847366333
sanet,00070,0.522358238697052
sanet,00071,0.39972633123397827
sanet,00072,0.3373470902442932
sanet,00073,0.29495713114738464
sanet,00074,0.47072848677635193
sanet,00075,0.4326542913913727
sanet,00076,0.47903305292129517
sanet,00077,0.4723658263683319
sanet,00078,0.3657161593437195
sanet,00079,0.4387367069721222
sanet,00080,0.5574475526809692
sanet,00081,0.5578975081443787
sanet,00082,0.3450092375278473
sanet,00083,0.412944495677948
sanet,00084,0.5426071882247925
sanet,00085,0.4264834523200989
sanet,00086,0.3453652262687683
sanet,00087,0.36734166741371155
sanet,00088,0.5204827189445496
sanet,00089,0.33375316858291626
sanet,00090,0.7359397411346436
sanet,00091,0.44412896037101746
sanet,00092,0.39881259202957153
sanet,00093,0.46176087856292725
sanet,00094,0.40826910734176636
sanet,00095,0.17493519186973572
sanet,00096,0.49490779638290405
sanet,00097,0.5261443853378296
sanet,00098,0.5528071522712708
sanet,00099,0.43888217210769653
sanet,00100,0.6075852513313293
sanet,00101,0.2482212781906128
sanet,00102,0.4343152940273285
sanet,00103,0.46900105476379395
sanet,00104,0.3307335674762726
sanet,00105,0.2244226187467575
sanet,00106,0.31273192167282104
sanet,00107,0.46777695417404175
sanet,00108,0.16530904173851013
sanet,00109,0.34270423650741577
sanet,00110,0.5523965954780579
sanet,00111,0.40115445852279663
sanet,00112,0.3378027379512787
sanet,00113,0.3105175495147705
sanet,00114,0.447130024433136
sanet,00115,0.21925243735313416
sanet,00116,0.5509291291236877
sanet,00117,0.4693570137023926
sanet,00118,0.45191890001296997
sanet,00119,0.5530955195426941
sanet,00120,0.5900623202323914
sanet,00121,0.46105992794036865
sanet,00122,0.44055768847465515
sanet,00123,0.38802263140678406
sanet,00124,0.41663679480552673
sanet,00125,0.20711779594421387
sanet,00126,0.35887402296066284
sanet,00127,0.6197854280471802
sanet,00128,0.409207284450531
sanet,00129,0.5823218822479248
sanet,00130,0.4442252516746521
sanet,00131,0.7551876902580261
sanet,00132,0.26015985012054443
sanet,00133,0.6114057898521423
sanet,00134,0.22159969806671143
sanet,00135,0.508121132850647
sanet,00136,0.5224207639694214
sanet,00137,0.3853658437728882
sanet,00138,0.3691527843475342
sanet,00139,0.4932023882865906
sanet,00140,0.35950055718421936
sanet,00141,0.5658320188522339
sanet,00142,0.2649977207183838
sanet,00143,0.3120841383934021
sanet,00144,0.2308138757944107
sanet,00145,0.36389613151550293
sanet,00146,0.26412642002105713
sanet,00147,0.6191201210021973
sanet,00148,0.28005170822143555
sanet,00149,0.2694496512413025
sanet,00150,0.4558078646659851
sanet,00151,0.25562188029289246
sanet,00152,0.36922580003738403
sanet,00153,0.41485396027565
sanet,00154,0.2818256914615631
sanet,00155,0.2864585518836975
sanet,00156,0.3513553738594055
sanet,00157,0.40644723176956177
sanet,00158,0.165751650929451
sanet,00159,0.44180572032928467
sanet,00160,0.4716973602771759
sanet,00161,0.3221409320831299
sanet,00162,0.6680123805999756
sanet,00163,0.5003628730773926
sanet,00164,0.2605363130569458
sanet,00165,0.37487560510635376
sanet,00166,0.3571873605251312
sanet,00167,0.24322724342346191
sanet,00168,0.5812035799026489
sanet,00169,0.353348970413208
sanet,00170,0.64653080701828
sanet,00171,0.5987273454666138
sanet,00172,0.08766070008277893
sanet,00173,0.4439507722854614
sanet,00174,0.5756490230560303
sanet,00175,0.45481792092323303
sanet,00176,0.35215112566947937
sanet,00177,0.4510096311569214
sanet,00178,0.42047250270843506
sanet,00179,0.5195075273513794
sanet,00180,0.5555310249328613
sanet,00181,0.4996405243873596
sanet,00182,0.62467360496521
sanet,00183,0.3601529598236084
sanet,00184,0.5024182200431824
sanet,00185,0.46410566568374634
sanet,00186,0.5190654397010803
sanet,00187,0.6106324791908264
sanet,00188,0.3545289933681488
sanet,00189,0.450975626707077
sanet,00190,0.322989284992218
sanet,00191,0.48602306842803955
sanet,00192,0.46063077449798584
sanet,00193,0.1976965069770813
sanet,00194,0.42422592639923096
sanet,00195,0.4695228934288025
sanet,00196,0.5550710558891296
sanet,00197,0.5544975399971008
sanet,00198,0.3380066752433777
sanet,00199,0.6110596656799316
sanet,00200,0.187180757522583
sanet,00201,0.4766257107257843
sanet,00202,0.5866035223007202
sanet,00203,0.5105130672454834
sanet,00204,0.5027092099189758
sanet,00205,0.4827069640159607
sanet,00206,0.32768213748931885
sanet,00207,0.6249138116836548
sanet,00208,0.42827773094177246
sanet,00209,0.38428163528442383
sanet,00210,0.5478546619415283
sanet,00211,0.619640588760376
sanet,00212,0.34522053599357605
sanet,00213,0.3712887167930603
sanet,00214,0.5014448165893555
sanet,00215,0.5410925149917603
sanet,00216,0.5834469795227051
sanet,00217,0.36307579278945923
sanet,00218,0.45403173565864563
sanet,00219,0.4288490116596222
sanet,00220,0.6948291659355164
sanet,00221,0.3267252445220947
sanet,00222,0.25248897075653076
sanet,00223,0.4988556206226349
sanet,00224,0.21660995483398438
sanet,00225,0.3116088807582855
sanet,00226,0.21937276422977448
sanet,00227,0.38688957691192627
sanet,00228,0.3590606451034546
sanet,00229,0.483822762966156
sanet,00230,0.5443447828292847
sanet,00231,0.22730013728141785
sanet,00232,0.5422064661979675
sanet,00233,0.44693389534950256
sanet,00234,0.39051204919815063
sanet,00235,0.21106384694576263
sanet,00236,0.6252920627593994
sanet,00237,0.7799315452575684
sanet,00238,0.3925219178199768
sanet,00239,0.3090944290161133
sanet,00240,0.4374457597732544
sanet,00241,0.26855915784835815
sanet,00242,0.27996107935905457
sanet,00243,0.4000225365161896
sanet,00244,0.37976887822151184
sanet,00245,0.28493255376815796
sanet,00246,0.5649783611297607
sanet,00247,0.5264546275138855
sanet,00248,0.316357284784317
sanet,00249,0.3869590759277344
sanet,00250,0.41292890906333923
sanet,00251,0.30040597915649414
sanet,00252,0.2175598293542862
sanet,00253,0.45361435413360596
sanet,00254,0.37619009613990784
sanet,00255,0.5410760641098022
sanet,00256,0.4485929608345032
sanet,00257,0.37985140085220337
sanet,00258,0.5190030932426453
sanet,00259,0.49118560552597046
sanet,00260,0.6049157977104187
sanet,00261,0.4581676423549652
sanet,00262,0.3226218819618225
sanet,00263,0.4571245312690735
sanet,00264,0.691081166267395
sanet,00265,0.48690861463546753
sanet,00266,0.40965092182159424
sanet,00267,0.6572432518005371
sanet,00268,0.4019972085952759
sanet,00269,0.41741102933883667
sanet,00270,0.28547269105911255
sanet,00271,0.27862322330474854
sanet,00272,0.3960700035095215
sanet,00273,0.3335966169834137
sanet,00274,0.3494153916835785
sanet,00275,0.4447938799858093
sanet,00276,0.26151812076568604
sanet,00277,0.27957916259765625
sanet,00278,0.3380683660507202
sanet,00279,0.5367693901062012
sanet,00280,0.4568135738372803
sanet,00281,0.24839632213115692
sanet,00282,0.4527286887168884
sanet,00283,0.2668207883834839
sanet,00284,0.3747481107711792
sanet,00285,0.4263710677623749
sanet,00286,0.44221413135528564
sanet,00287,0.36290037631988525
sanet,00288,0.32668399810791016
sanet,00289,0.3137802183628082
sanet,00290,0.48784521222114563
sanet,00291,0.3466404676437378
sanet,00292,0.5079324245452881
sanet,00293,0.4534052908420563
sanet,00294,0.5082745552062988
sanet,00295,0.5065741539001465
sanet,00296,0.5097882747650146
sanet,00297,0.34708231687545776
sanet,00298,0.44595053791999817
sanet,00299,0.2609071731567383
sanet,00300,0.3529788851737976
sanet,00301,0.44449347257614136
sanet,00302,0.4024207592010498
sanet,00303,0.33681586384773254
sanet,00304,0.3162665367126465
sanet,00305,0.3386090397834778
sanet,00306,0.4104442000389099
sanet,00307,0.5484558939933777
sanet,00308,0.29958486557006836
sanet,00309,0.6533954739570618
sanet,00310,0.2973899841308594
sanet,00311,0.29600393772125244
sanet,00312,0.4963601231575012
sanet,00313,0.5270035862922668
sanet,00314,0.3495226800441742
sanet,00315,0.43462276458740234
sanet,00316,0.2917073965072632
sanet,00317,0.3364456295967102
sanet,00318,0.3468962609767914
sanet,00319,0.43143460154533386
sanet,00320,0.5716737508773804
sanet,00321,0.6003825664520264
sanet,00322,0.4326702356338501
sanet,00323,0.5123026967048645
sanet,00324,0.27351492643356323
sanet,00325,0.24224799871444702
sanet,00326,0.6738438606262207
sanet,00327,0.551281750202179
sanet,00328,0.3448593020439148
sanet,00329,0.3291007876396179
sanet,00330,0.3389843702316284
sanet,00331,0.34045591950416565
sanet,00332,0.0772559642791748
sanet,00333,0.33194440603256226
sanet,00334,0.27362698316574097
sanet,00335,0.35131457448005676
sanet,00336,0.5155389308929443
sanet,00337,0.5576096177101135
sanet,00338,0.15239635109901428
sanet,00339,0.23754748702049255
sanet,00340,0.36873263120651245
sanet,00341,0.4061630368232727
sanet,00342,0.4128868281841278
sanet,00343,0.4711872935295105
sanet,00344,0.5820335149765015
sanet,00345,0.6823668479919434
sanet,00346,0.5849348902702332
sanet,00347,0.3864055871963501
sanet,00348,0.44240325689315796
sanet,00349,0.28751087188720703
sanet,00350,0.37505173683166504
sanet,00351,0.4189770221710205
sanet,00352,0.4245757758617401
sanet,00353,0.2697675824165344
sanet,00354,0.35610854625701904
sanet,00355,0.4355197548866272
sanet,00356,0.48291587829589844
sanet,00357,0.33207863569259644
sanet,00358,0.3312877416610718
sanet,00359,0.41648969054222107
sanet,00360,0.4039515554904938
sanet,00361,0.5358635187149048
sanet,00362,0.24499757587909698
sanet,00363,0.47049224376678467
sanet,00364,0.6192416548728943
sanet,00365,0.569575846195221
sanet,00366,0.5308439135551453
sanet,00367,0.4341268539428711
sanet,00368,0.3289945125579834
sanet,00369,0.41933801770210266
sanet,00370,0.1860758513212204
sanet,00371,0.36369621753692627
sanet,00372,0.45926323533058167
sanet,00373,0.10949405282735825
sanet,00374,0.3327626585960388
sanet,00375,0.5039024353027344
sanet,00376,0.5233219265937805
sanet,00377,0.5359352827072144
sanet,00378,0.6007601618766785
sanet,00379,0.23094674944877625
sanet,00380,0.45168158411979675
sanet,00381,0.46929821372032166
sanet,00382,0.37664276361465454
sanet,00383,0.6940033435821533
sanet,00384,0.19280368089675903
sanet,00385,0.5319185256958008
sanet,00386,0.4882358908653259
sanet,00387,0.46352237462997437
sanet,00388,0.7304936051368713
sanet,00389,0.46687138080596924
sanet,00390,0.3081686496734619
sanet,00391,0.4293837547302246
sanet,00392,0.5523751974105835
sanet,00393,0.3401618003845215
sanet,00394,0.606086015701294
sanet,00395,0.3944048285484314
sanet,00396,0.367077112197876
sanet,00397,0.5427601337432861
sanet,00398,0.5473245978355408
sanet,00399,0.4116792678833008
sanet,00400,0.4637770652770996
sanet,00401,0.44166091084480286
sanet,00402,0.28505346179008484
sanet,00403,0.3902556896209717
sanet,00404,0.44432884454727173
sanet,00405,0.5003151893615723
sanet,00406,0.4014217257499695
sanet,00407,0.4586395025253296
sanet,00408,0.6348749399185181
sanet,00409,0.6860100626945496
sanet,00410,0.41287919878959656
sanet,00411,0.4977444112300873
sanet,00412,0.4342780113220215
sanet,00413,0.5627999901771545
sanet,00414,0.3143596649169922
sanet,00415,0.5502058267593384
sanet,00416,0.5761812925338745
sanet,00417,0.354188472032547
sanet,00418,0.4281994104385376
sanet,00419,0.405649870634079
sanet,00420,0.37382590770721436
sanet,00421,0.3288956880569458
sanet,00422,0.487581729888916
sanet,00423,0.3830265700817108
sanet,00424,0.46164369583129883
sanet,00425,0.38509657979011536
sanet,00426,0.5598520040512085
sanet,00427,0.4342787563800812
sanet,00428,0.5332780480384827
sanet,00429,0.5503605604171753
sanet,00430,0.46028846502304077
sanet,00431,0.5341527462005615
sanet,00432,0.549571692943573
sanet,00433,0.6134645938873291
sanet,00434,0.42991235852241516
sanet,00435,0.5587896108627319
sanet,00436,0.5104969143867493
sanet,00437,0.4014357924461365
sanet,00438,0.24791991710662842
sanet,00439,0.22277912497520447
sanet,00440,0.30127888917922974
sanet,00441,0.3290729522705078
sanet,00442,0.5172725319862366
sanet,00443,0.74814772605896
sanet,00444,0.383946031332016
sanet,00445,0.6509827375411987
sanet,00446,0.5275506973266602
sanet,00447,0.35643935203552246
sanet,00448,0.4141485095024109
sanet,00449,0.38831764459609985
sanet,00450,0.351393461227417
sanet,00451,0.4163370430469513
sanet,00452,0.24548646807670593
sanet,00453,0.3554650843143463
sanet,00454,0.6507751941680908
sanet,00455,0.3702741861343384
sanet,00456,0.2508765459060669
sanet,00457,0.47033989429473877
sanet,00458,0.42198729515075684
sanet,00459,0.3557964861392975
sanet,00460,0.3971315026283264
sanet,00461,0.43182674050331116
sanet,00462,0.4961749315261841
sanet,00463,0.2842298150062561
sanet,00464,0.5294150114059448
sanet,00465,0.31402504444122314
sanet,00466,0.37142932415008545
sanet,00467,0.6168687343597412
sanet,00468,0.2994198203086853
sanet,00469,0.41254666447639465
sanet,00470,0.4208412766456604
sanet,00471,0.32835662364959717
sanet,00472,0.23636285960674286
sanet,00473,0.3903891444206238
sanet,00474,0.3965038061141968
sanet,00475,0.19854339957237244
sanet,00476,0.5340566039085388
sanet,00477,0.3501412272453308
sanet,00478,0.5073707699775696
sanet,00479,0.2713735103607178
sanet,00480,0.3154889643192291
sanet,00481,0.45875972509384155
sanet,00482,0.5761833190917969
sanet,00483,0.660071849822998
sanet,00484,0.6135179400444031
sanet,00485,0.5515850186347961
sanet,00486,0.402820348739624
sanet,00487,0.18167787790298462
sanet,00488,0.130449116230011
sanet,00489,0.5245605111122131
sanet,00490,0.23546507954597473
sanet,00491,0.4174416661262512
sanet,00492,0.6915378570556641
sanet,00493,0.6004714965820312
sanet,00494,0.5504240989685059
sanet,00495,0.38340479135513306
sanet,00496,0.6209403276443481
sanet,00497,0.4726769030094147
sanet,00498,0.19562844932079315
sanet,00499,0.5790419578552246
sanet,00500,0.3968033194541931
sanet,00501,0.5598044395446777
sanet,00502,0.2845476269721985
sanet,00503,0.4610404074192047
sanet,00504,0.621630072593689
sanet,00505,0.33177441358566284
sanet,00506,0.5408391356468201
sanet,00507,0.557256817817688
sanet,00508,0.42933955788612366
sanet,00509,0.3779529631137848
sanet,00510,0.4539668560028076
sanet,00511,0.35958537459373474
sanet,00512,0.419746994972229
sanet,00513,0.4856310486793518
sanet,00514,0.2716153860092163
sanet,00515,0.4525832533836365
sanet,00516,0.3518320322036743
sanet,00517,0.28091561794281006
sanet,00518,0.31449052691459656
sanet,00519,0.502238392829895
sanet,00520,0.3517208695411682
sanet,00521,0.43232810497283936
sanet,00522,0.5599415898323059
sanet,00523,0.2020868957042694
sanet,00524,0.5149126052856445
sanet,00525,0.5240132808685303
sanet,00526,0.2916577160358429
sanet,00527,0.45619553327560425
sanet,00528,0.5310221910476685
sanet,00529,0.37880927324295044
sanet,00530,0.23219265043735504
sanet,00531,0.40838345885276794
sanet,00532,0.34214961528778076
sanet,00533,0.397498220205307
sanet,00534,0.3133808374404907
sanet,00535,0.5911318063735962
sanet,00536,0.22847402095794678
sanet,00537,0.5467076301574707
sanet,00538,0.3772459328174591
sanet,00539,0.26847898960113525
sanet,00540,0.31621646881103516
sanet,00541,0.4977489411830902
sanet,00542,0.5096046328544617
sanet,00543,0.6368619203567505
sanet,00544,0.2518116235733032
sanet,00545,0.4196517765522003
sanet,00546,0.37519440054893494
sanet,00547,0.40103262662887573
sanet,00548,0.41687315702438354
sanet,00549,0.4655570387840271
sanet,00550,0.5828000903129578
sanet,00551,0.3667224645614624
sanet,00552,0.4718467593193054
sanet,00553,0.6363405585289001
sanet,00554,0.5763630867004395
sanet,00555,0.4390891492366791
sanet,00556,0.588671088218689
sanet,00557,0.35868504643440247
sanet,00558,0.5107975006103516
sanet,00559,0.2942897081375122
sanet,00560,0.2662966847419739
sanet,00561,0.6104676723480225
sanet,00562,0.12620322406291962
sanet,00563,0.42524632811546326
sanet,00564,0.22742173075675964
sanet,00565,0.4214542806148529
sanet,00566,0.5141757726669312
sanet,00567,0.3668174743652344
sanet,00568,0.4615843892097473
sanet,00569,0.4015796482563019
sanet,00570,0.3561194837093353
sanet,00571,0.33448919653892517
sanet,00572,0.29898735880851746
sanet,00573,0.2952973246574402
sanet,00574,0.5442325472831726
sanet,00575,0.44698911905288696
sanet,00576,0.5680729150772095
sanet,00577,0.5839388370513916
sanet,00578,0.5057944059371948
sanet,00579,0.6331127882003784
sanet,00580,0.5866825580596924
sanet,00581,0.4024431109428406
sanet,00582,0.16929976642131805
sanet,00583,0.5443866848945618
sanet,00584,0.28445807099342346
sanet,00585,0.41051846742630005
sanet,00586,0.7332988977432251
sanet,00587,0.37000423669815063
sanet,00588,0.4619255065917969
sanet,00589,0.4389847218990326
sanet,00590,0.3700826168060303
sanet,00591,0.15909940004348755
sanet,00592,0.6044011116027832
sanet,00593,0.6209362745285034
sanet,00594,0.39962947368621826
sanet,00595,0.3021186292171478
sanet,00596,0.318615198135376
sanet,00597,0.3193918764591217
sanet,00598,0.4425915479660034
sanet,00599,0.18239280581474304
sanet,00600,0.4515870213508606
sanet,00601,0.2628859877586365
sanet,00602,0.4381352961063385
sanet,00603,0.40730375051498413
sanet,00604,0.4279225468635559
sanet,00605,0.5134904980659485
sanet,00606,0.4774214029312134
sanet,00607,0.4213165044784546
sanet,00608,0.27459287643432617
sanet,00609,0.43100395798683167
sanet,00610,0.35919633507728577
sanet,00611,0.2794458270072937
sanet,00612,0.5531700849533081
sanet,00613,0.5102362036705017
sanet,00614,0.555073618888855
sanet,00615,0.4240158796310425
sanet,00616,0.4078073501586914
sanet,00617,0.4883043169975281
sanet,00618,0.41010069847106934
sanet,00619,0.3525465428829193
sanet,00620,0.6445138454437256
sanet,00621,0.4410063624382019
sanet,00622,0.22285282611846924
sanet,00623,0.5432153344154358
sanet,00624,0.4193726181983948
sanet,00625,0.46318697929382324
sanet,00626,0.3639141321182251
sanet,00627,0.39892980456352234
sanet,00628,0.5107366442680359
sanet,00629,0.4122195839881897
sanet,00630,0.6188533306121826
sanet,00631,0.3610249161720276
sanet,00632,0.2652713358402252
sanet,00633,0.2739042043685913
sanet,00634,0.3037978410720825
sanet,00635,0.5277239680290222
sanet,00636,0.29039525985717773
sanet,00637,0.5062963366508484
sanet,00638,0.484164297580719
sanet,00639,0.14347931742668152
sanet,00640,0.3731931447982788
sanet,00641,0.6698672771453857
sanet,00642,0.3089791536331177
sanet,00643,0.5192565321922302
sanet,00644,0.3924751579761505
sanet,00645,0.35401853919029236
sanet,00646,0.43817421793937683
sanet,00647,0.6933784484863281
sanet,00648,0.5164843797683716
sanet,00649,0.5541984438896179
sanet,00650,0.3584780991077423
sanet,00651,0.20095497369766235
sanet,00652,0.426006555557251
sanet,00653,0.49567651748657227
sanet,00654,0.24464759230613708
sanet,00655,0.28190428018569946
sanet,00656,0.5509112477302551
sanet,00657,0.5405115485191345
sanet,00658,0.48997771739959717
sanet,00659,0.568200945854187
sanet,00660,0.622186005115509
sanet,00661,0.5649838447570801
sanet,00662,0.2447049468755722
sanet,00663,0.3112178444862366
sanet,00664,0.5368306040763855
sanet,00665,0.6564130783081055
sanet,00666,0.46596741676330566
sanet,00667,0.3710096776485443
sanet,00668,0.3700963258743286
sanet,00669,0.22290226817131042
sanet,00670,0.5722059011459351
sanet,00671,0.365243136882782
sanet,00672,0.5926824808120728
sanet,00673,0.3084573447704315
sanet,00674,0.5657284259796143
sanet,00675,0.3637722134590149
sanet,00676,0.3580845594406128
sanet,00677,0.38963401317596436
sanet,00678,0.6258543133735657
sanet,00679,0.35823920369148254
sanet,00680,0.48794347047805786
sanet,00681,0.512448787689209
sanet,00682,0.5523679256439209
sanet,00683,0.3429882526397705
sanet,00684,0.4608844518661499
sanet,00685,0.28119993209838867
sanet,00686,0.585525631904602
sanet,00687,0.5554399490356445
sanet,00688,0.5532242059707642
sanet,00689,0.540018618106842
sanet,00690,0.36286354064941406
sanet,00691,0.4281863570213318
sanet,00692,0.4086662530899048
sanet,00693,0.37330734729766846
sanet,00694,0.4937238097190857
sanet,00695,0.20716750621795654
sanet,00696,0.42997539043426514
sanet,00697,0.3938444256782532
sanet,00698,0.23185977339744568
sanet,00699,0.5105851292610168
sanet,00700,0.3438932001590729
sanet,00701,0.4100199341773987
sanet,00702,0.36901795864105225
sanet,00703,0.5618901252746582
sanet,00704,0.6103615760803223
sanet,00705,0.3623996376991272
sanet,00706,0.6060091257095337
sanet,00707,0.46284016966819763
sanet,00708,0.27409273386001587
sanet,00709,0.39856284856796265
sanet,00710,0.48495417833328247
sanet,00711,0.42361676692962646
sanet,00712,0.36711639165878296
sanet,00713,0.6981952786445618
sanet,00714,0.23732173442840576
sanet,00715,0.3376300036907196
sanet,00716,0.4838916063308716
sanet,00717,0.4742268919944763
sanet,00718,0.4813288450241089
sanet,00719,0.5774320363998413
sanet,00720,0.3294827938079834
sanet,00721,0.5453540682792664
sanet,00722,0.5544841289520264
sanet,00723,0.5315594673156738
sanet,00724,0.338267982006073
sanet,00725,0.4677164554595947
sanet,00726,0.4895628094673157
sanet,00727,0.42230528593063354
sanet,00728,0.47821754217147827
sanet,00729,0.3520449101924896
sanet,00730,0.2883041799068451
sanet,00731,0.47818341851234436
sanet,00732,0.4421083629131317
sanet,00733,0.2640773057937622
sanet,00734,0.2691051959991455
sanet,00735,0.4342629611492157
sanet,00736,0.4982870817184448
sanet,00737,0.5836321711540222
sanet,00738,0.5135812759399414
sanet,00739,0.505731463432312
sanet,00740,0.47351211309432983
sanet,00741,0.4014483392238617
sanet,00742,0.538960337638855
sanet,00743,0.4752909541130066
sanet,00744,0.43691152334213257
sanet,00745,0.2336001694202423
sanet,00746,0.5672587156295776
sanet,00747,0.6878148913383484
sanet,00748,0.37381279468536377
sanet,00749,0.4128992557525635
sanet,00750,0.5598045587539673
sanet,00751,0.4977951645851135
sanet,00752,0.5467292666435242
sanet,00753,0.39334937930107117
sanet,00754,0.46017271280288696
sanet,00755,0.4858063757419586
sanet,00756,0.4167320728302002
sanet,00757,0.483174592256546
sanet,00758,0.5171265006065369
sanet,00759,0.2736305594444275
sanet,00760,0.5816119909286499
sanet,00761,0.3771965205669403
sanet,00762,0.35634467005729675
sanet,00763,0.26875627040863037
sanet,00764,0.554396390914917
sanet,00765,0.32785624265670776
sanet,00766,0.4967629611492157
sanet,00767,0.46584177017211914
sanet,00768,0.5372481346130371
sanet,00769,0.3487837612628937
sanet,00770,0.44294536113739014
sanet,00771,0.3587237298488617
sanet,00772,0.3885500431060791
sanet,00773,0.4630019962787628
sanet,00774,0.2579488754272461
sanet,00775,0.2865946292877197
sanet,00776,0.6040139198303223
sanet,00777,0.4310210943222046
sanet,00778,0.37940388917922974
sanet,00779,0.47538304328918457
sanet,00780,0.5983470678329468
sanet,00781,0.4099581241607666
sanet,00782,0.4852711856365204
sanet,00783,0.6069959402084351
sanet,00784,0.5984911918640137
sanet,00785,0.6086167097091675
sanet,00786,0.21142631769180298
sanet,00787,0.28708240389823914
sanet,00788,0.6321783065795898
sanet,00789,0.31566405296325684
sanet,00790,0.354430615901947
sanet,00791,0.7904583811759949
sanet,00792,0.2574157118797302
sanet,00793,0.5276724696159363
sanet,00794,0.4861457645893097
sanet,00795,0.4652189612388611
sanet,00796,0.5031147003173828
sanet,00797,0.5130714178085327
sanet,00798,0.41257449984550476
sanet,00799,0.5683490037918091
sanet,00800,0.29820516705513
sanet,00801,0.33263081312179565
sanet,00802,0.2082800269126892
sanet,00803,0.6335482001304626
sanet,00804,0.4333256185054779
sanet,00805,0.3064468502998352
sanet,00806,0.506195604801178
sanet,00807,0.3844587504863739
sanet,00808,0.574434220790863
sanet,00809,0.6029130816459656
sanet,00810,0.49188828468322754
sanet,00811,0.41399431228637695
sanet,00812,0.28926873207092285
sanet,00813,0.293280690908432
sanet,00814,0.5005406737327576
sanet,00815,0.5499594211578369
sanet,00816,0.22039729356765747
sanet,00817,0.4129098355770111
sanet,00818,0.2665866017341614
sanet,00819,0.29797276854515076
sanet,00820,0.5812723636627197
sanet,00821,0.5277771353721619
sanet,00822,0.2604338228702545
sanet,00823,0.6483317017555237
sanet,00824,0.557794451713562
sanet,00825,0.48298126459121704
sanet,00826,0.35493677854537964
sanet,00827,0.45330873131752014
sanet,00828,0.28312844038009644
sanet,00829,0.43598446249961853
sanet,00830,0.6086304187774658
sanet,00831,0.21377965807914734
sanet,00832,0.47148165106773376
sanet,00833,0.3847928047180176
sanet,00834,0.4762880504131317
sanet,00835,0.3887496590614319
sanet,00836,0.4298710227012634
sanet,00837,0.5409419536590576
sanet,00838,0.3507385551929474
sanet,00839,0.4591571092605591
sanet,00840,0.5678505897521973
sanet,00841,0.4164683222770691
sanet,00842,0.4152388572692871
sanet,00843,0.5501574873924255
sanet,00844,0.40899398922920227
sanet,00845,0.4778256416320801
sanet,00846,0.5747365951538086
sanet,00847,0.29851967096328735
sanet,00848,0.43700721859931946
sanet,00849,0.5418112277984619
sanet,00850,0.18067210912704468
sanet,00851,0.560014545917511
sanet,00852,0.5981763601303101
sanet,00853,0.1921611875295639
sanet,00854,0.21156029403209686
sanet,00855,0.41478487849235535
sanet,00856,0.7339020371437073
sanet,00857,0.371563583612442
sanet,00858,0.25722619891166687
sanet,00859,0.5414685606956482
sanet,00860,0.45809751749038696
sanet,00861,0.29024648666381836
sanet,00862,0.433183491230011
sanet,00863,0.27073776721954346
sanet,00864,0.48752981424331665
sanet,00865,0.37825924158096313
sanet,00866,0.4449542164802551
sanet,00867,0.5077229738235474
sanet,00868,0.28641313314437866
sanet,00869,0.4549582004547119
sanet,00870,0.43132928013801575
sanet,00871,0.38563773036003113
sanet,00872,0.45549508929252625
sanet,00873,0.5251166224479675
sanet,00874,0.42453137040138245
sanet,00875,0.3159433603286743
sanet,00876,0.09023704379796982
sanet,00877,0.789881706237793
sanet,00878,0.24557866156101227
sanet,00879,0.702012300491333
sanet,00880,0.48284101486206055
sanet,00881,0.5905876755714417
sanet,00882,0.5250171422958374
sanet,00883,0.22998417913913727
sanet,00884,0.21054419875144958
sanet,00885,0.5712926387786865
sanet,00886,0.6477566361427307
sanet,00887,0.2640295624732971
sanet,00888,0.754019021987915
sanet,00889,0.4558679759502411
sanet,00890,0.43694549798965454
sanet,00891,0.4735925793647766
sanet,00892,0.6114428639411926
sanet,00893,0.44106000661849976
sanet,00894,0.3466789126396179
sanet,00895,0.3745374083518982
sanet,00896,0.3483653962612152
sanet,00897,0.3958951234817505
sanet,00898,0.3883660137653351
sanet,00899,0.2521846294403076
sanet,00900,0.5396286845207214
sanet,00901,0.42442041635513306
sanet,00902,0.43744343519210815
sanet,00903,0.24379941821098328
sanet,00904,0.3722552955150604
sanet,00905,0.3820441961288452
sanet,00906,0.5241716504096985
sanet,00907,0.3959444761276245
sanet,00908,0.645794153213501
sanet,00909,0.4426044225692749
sanet,00910,0.2304173707962036
sanet,00911,0.22670692205429077
sanet,00912,0.3242951035499573
sanet,00913,0.40357646346092224
sanet,00914,0.5395798683166504
sanet,00915,0.33689796924591064
sanet,00916,0.3687278926372528
sanet,00917,0.4880509078502655
sanet,00918,0.6173895001411438
sanet,00919,0.4338294267654419
sanet,00920,0.4054390490055084
sanet,00921,0.5519328117370605
sanet,00922,0.47178715467453003
sanet,00923,0.5662951469421387
sanet,00924,0.3750729262828827
sanet,00925,0.18728208541870117
sanet,00926,0.2820344567298889
sanet,00927,0.28630560636520386
sanet,00928,0.31948402523994446
sanet,00929,0.4719293713569641
sanet,00930,0.47584235668182373
sanet,00931,0.42739900946617126
sanet,00932,0.3583299517631531
sanet,00933,0.40866777300834656
sanet,00934,0.558990478515625
sanet,00935,0.6891012787818909
sanet,00936,0.6453216075897217
sanet,00937,0.6478997468948364
sanet,00938,0.5424838066101074
sanet,00939,0.4407140612602234
sanet,00940,0.4669618606567383
sanet,00941,0.4795513153076172
sanet,00942,0.4932709336280823
sanet,00943,0.3884216547012329
sanet,00944,0.5021164417266846
sanet,00945,0.7124851942062378
sanet,00946,0.270469069480896
sanet,00947,0.5213538408279419
sanet,00948,0.30515778064727783
sanet,00949,0.3577612638473511
sanet,00950,0.5002286434173584
sanet,00951,0.390882670879364
sanet,00952,0.5055513978004456
sanet,00953,0.562355637550354
sanet,00954,0.49355581402778625
sanet,00955,0.1317628175020218
sanet,00956,0.3192479610443115
sanet,00957,0.3547074794769287
sanet,00958,0.35261815786361694
sanet,00959,0.7025008797645569
sanet,00960,0.26698312163352966
sanet,00961,0.4840695858001709
sanet,00962,0.5452873110771179
sanet,00963,0.49981003999710083
sanet,00964,0.2733473777770996
sanet,00965,0.5631922483444214
sanet,00966,0.19598901271820068
sanet,00967,0.3742757737636566
sanet,00968,0.3750760555267334
sanet,00969,0.4914584755897522
sanet,00970,0.3392132520675659
sanet,00971,0.5774611830711365
sanet,00972,0.5074097514152527
sanet,00973,0.4719230532646179
sanet,00974,0.2527109384536743
sanet,00975,0.473888635635376
sanet,00976,0.5463583469390869
sanet,00977,0.6679491400718689
sanet,00978,0.28467410802841187
sanet,00979,0.2739896774291992
sanet,00980,0.319297730922699
sanet,00981,0.5380066633224487
sanet,00982,0.46530088782310486
sanet,00983,0.6003625392913818
sanet,00984,0.3072662055492401
sanet,00985,0.5273431539535522
sanet,00986,0.4840531349182129
sanet,00987,0.22070446610450745
sanet,00988,0.4907861351966858
sanet,00989,0.342693030834198
sanet,00990,0.39161744713783264
sanet,00991,0.47871503233909607
sanet,00992,0.4761621057987213
sanet,00993,0.4019266366958618
sanet,00994,0.2778899073600769
sanet,00995,0.49635645747184753
sanet,00996,0.2887440323829651
sanet,00997,0.4344722032546997
sanet,00998,0.43571949005126953
sanet,00999,0.42100128531455994
sanet,01000,0.2683720886707306
sanet,01001,0.2777155339717865
sanet,01002,0.4099711775779724
sanet,01003,0.512686014175415
sanet,01004,0.520405650138855
sanet,01005,0.4313540458679199
sanet,01006,0.29093068838119507
sanet,01007,0.27871477603912354
sanet,01008,0.5497677326202393
sanet,01009,0.43178844451904297
sanet,01010,0.48491355776786804
sanet,01011,0.41203367710113525
sanet,01012,0.5867891311645508
sanet,01013,0.4989933967590332
sanet,01014,0.19571174681186676
sanet,01015,0.33624202013015747
sanet,01016,0.5595405101776123
sanet,01017,0.3172948360443115
sanet,01018,0.419706791639328
sanet,01019,0.42661726474761963
sanet,01020,0.45017126202583313
sanet,01021,0.5025578141212463
sanet,01022,0.5078009366989136
sanet,01023,0.31709039211273193
sanet,01024,0.2849128246307373
sanet,01025,0.38678091764450073
sanet,01026,0.44180554151535034
sanet,01027,0.5345211029052734
sanet,01028,0.3037039041519165
sanet,01029,0.13526973128318787
sanet,01030,0.38388705253601074
sanet,01031,0.46008652448654175
sanet,01032,0.4376363158226013
sanet,01033,0.6399700045585632
sanet,01034,0.4457479417324066
sanet,01035,0.49392104148864746
sanet,01036,0.580095112323761
sanet,01037,0.41192007064819336
sanet,01038,0.52946537733078
sanet,01039,0.568125307559967
sanet,01040,0.650823712348938
sanet,01041,0.4312167763710022
sanet,01042,0.5178453922271729
sanet,01043,0.3984382152557373
sanet,01044,0.5132991075515747
sanet,01045,0.5022194385528564
sanet,01046,0.4526458978652954
sanet,01047,0.5803177356719971
sanet,01048,0.27559101581573486
sanet,01049,0.6494637131690979
sanet,01050,0.45023947954177856
sanet,01051,0.26079702377319336
sanet,01052,0.4173274636268616
sanet,01053,0.4661009907722473
sanet,01054,0.4992610812187195
sanet,01055,0.5721683502197266
sanet,01056,0.43213504552841187
sanet,01057,0.4446764588356018
sanet,01058,0.3396642208099365
sanet,01059,0.32065117359161377
sanet,01060,0.387611985206604
sanet,01061,0.290414035320282
sanet,01062,0.42839741706848145
sanet,01063,0.5736083984375
sanet,01064,0.6022487878799438
sanet,01065,0.5398753881454468
sanet,01066,0.4507030248641968
sanet,01067,0.33858823776245117
sanet,01068,0.26352089643478394
sanet,01069,0.5409952998161316
sanet,01070,0.4500104486942291
sanet,01071,0.3912627696990967
sanet,01072,0.20918166637420654
sanet,01073,0.4588899612426758
sanet,01074,0.7159433364868164
sanet,01075,0.4062761664390564
sanet,01076,0.23614779114723206
sanet,01077,0.4547001123428345
sanet,01078,0.3204486072063446
sanet,01079,0.4014022648334503
sanet,01080,0.35803213715553284
sanet,01081,0.5016520023345947
sanet,01082,0.27053576707839966
sanet,01083,0.42437744140625
sanet,01084,0.3230527639389038
sanet,01085,0.5032920837402344
sanet,01086,0.5205668807029724
sanet,01087,0.4886685609817505
sanet,01088,0.49413275718688965
sanet,01089,0.6712628602981567
sanet,01090,0.44461336731910706
sanet,01091,0.4105634093284607
sanet,01092,0.552262544631958
sanet,01093,0.40392524003982544
sanet,01094,0.21465584635734558
sanet,01095,0.5513545870780945
sanet,01096,0.32514050602912903
sanet,01097,0.7065825462341309
sanet,01098,0.5965562462806702
sanet,01099,0.27976134419441223
sanet,01100,0.570057213306427
sanet,01101,0.25396859645843506
sanet,01102,0.19894228875637054
sanet,01103,0.42490190267562866
sanet,01104,0.42565977573394775
sanet,01105,0.4881816506385803
sanet,01106,0.4497358202934265
sanet,01107,0.404998779296875
sanet,01108,0.46372267603874207
sanet,01109,0.41204017400741577
sanet,01110,0.40599524974823
sanet,01111,0.3122348189353943
sanet,01112,0.6206873655319214
sanet,01113,0.2820616662502289
sanet,01114,0.36892324686050415
sanet,01115,0.3414965867996216
sanet,01116,0.40420883893966675
sanet,01117,0.8073683381080627
sanet,01118,0.5765833854675293
sanet,01119,0.4686555862426758
sanet,01120,0.5092273950576782
sanet,01121,0.31767135858535767
sanet,01122,0.45116984844207764
sanet,01123,0.46166691184043884
sanet,01124,0.4893174469470978
sanet,01125,0.5827871561050415
sanet,01126,0.3054712414741516
sanet,01127,0.6022071838378906
sanet,01128,0.2424195110797882
sanet,01129,0.4153198003768921
sanet,01130,0.3771257996559143
sanet,01131,0.3575531244277954
sanet,01132,0.396551251411438
sanet,01133,0.391338586807251
sanet,01134,0.5008056163787842
sanet,01135,0.5235157608985901
sanet,01136,0.24486348032951355
sanet,01137,0.3807857632637024
sanet,01138,0.39217695593833923
sanet,01139,0.6182043552398682
sanet,01140,0.5629358887672424
sanet,01141,0.49546167254447937
sanet,01142,0.6127104759216309
sanet,01143,0.3006569743156433
sanet,01144,0.6210006475448608
sanet,01145,0.17543140053749084
sanet,01146,0.5891597270965576
sanet,01147,0.4299871325492859
sanet,01148,0.23929950594902039
sanet,01149,0.42521214485168457
sanet,01150,0.27950114011764526
sanet,01151,0.41182518005371094
sanet,01152,0.5238489508628845
sanet,01153,0.27861422300338745
sanet,01154,0.3655829429626465
sanet,01155,0.33157530426979065
sanet,01156,0.6677076816558838
sanet,01157,0.30081868171691895
sanet,01158,0.4789923131465912
sanet,01159,0.4014863967895508
sanet,01160,0.6090384721755981
sanet,01161,0.45352911949157715
sanet,01162,0.27833783626556396
sanet,01163,0.2899939715862274
sanet,01164,0.6662184000015259
sanet,01165,0.3114628791809082
sanet,01166,0.5099064111709595
sanet,01167,0.3078345060348511
sanet,01168,0.4769171476364136
sanet,01169,0.3870468735694885
sanet,01170,0.3250023126602173
sanet,01171,0.15771794319152832
sanet,01172,0.35563623905181885
sanet,01173,0.20929089188575745
sanet,01174,0.4842051863670349
sanet,01175,0.24579383432865143
sanet,01176,0.41858941316604614
sanet,01177,0.3517717719078064
sanet,01178,0.5965917110443115
sanet,01179,0.5967310667037964
sanet,01180,0.43175679445266724
sanet,01181,0.29340076446533203
sanet,01182,0.48179227113723755
sanet,01183,0.21798904240131378
sanet,01184,0.14448124170303345
sanet,01185,0.36435872316360474
sanet,01186,0.1868041455745697
sanet,01187,0.18592940270900726
sanet,01188,0.2811394929885864
sanet,01189,0.27670830488204956
sanet,01190,0.2950098514556885
sanet,01191,0.43248462677001953
sanet,01192,0.3517657518386841
sanet,01193,0.4712711572647095
sanet,01194,0.6553565263748169
sanet,01195,0.4305129051208496
sanet,01196,0.5382117033004761
sanet,01197,0.43073442578315735
sanet,01198,0.30022382736206055
sanet,01199,0.402029424905777
sanet,01200,0.292146235704422
sanet,01201,0.3688848614692688
sanet,01202,0.5594116449356079
sanet,01203,0.5315855741500854
sanet,01204,0.45297661423683167
sanet,01205,0.32906585931777954
sanet,01206,0.43161773681640625
sanet,01207,0.6241257190704346
sanet,01208,0.41296282410621643
sanet,01209,0.42209625244140625
sanet,01210,0.6298459768295288
sanet,01211,0.34946775436401367
sanet,01212,0.4271477460861206
sanet,01213,0.5017812252044678
sanet,01214,0.21977517008781433
sanet,01215,0.3071686625480652
sanet,01216,0.5123332738876343
sanet,01217,0.5817373394966125
sanet,01218,0.51392662525177
sanet,01219,0.49998942017555237
sanet,01220,0.4146949052810669
sanet,01221,0.5139999389648438
sanet,01222,0.4125095009803772
sanet,01223,0.47303956747055054
sanet,01224,0.47471994161605835
sanet,01225,0.476169228553772
sanet,01226,0.33633825182914734
sanet,01227,0.43459755182266235
sanet,01228,0.36398884654045105
sanet,01229,0.6127761602401733
sanet,01230,0.45380377769470215
sanet,01231,0.5260664224624634
sanet,01232,0.4486531913280487
sanet,01233,0.27046823501586914
sanet,01234,0.5409870743751526
sanet,01235,0.3966742157936096
sanet,01236,0.5520023107528687
sanet,01237,0.3748399615287781
sanet,01238,0.3673762083053589
sanet,01239,0.42231470346450806
sanet,01240,0.35488784313201904
sanet,01241,0.6069356799125671
sanet,01242,0.30322444438934326
sanet,01243,0.35199153423309326
sanet,01244,0.37270528078079224
sanet,01245,0.5730769634246826
sanet,01246,0.36569374799728394
sanet,01247,0.5798753499984741
sanet,01248,0.34354615211486816
sanet,01249,0.1984386444091797
sanet,01250,0.45568084716796875
sanet,01251,0.41297680139541626
sanet,01252,0.48669731616973877
sanet,01253,0.37646162509918213
sanet,01254,0.5323879718780518
sanet,01255,0.46609827876091003
sanet,01256,0.3111181855201721
sanet,01257,0.24518202245235443
sanet,01258,0.06504900753498077
sanet,01259,0.3524532914161682
sanet,01260,0.3587753176689148
sanet,01261,0.42709726095199585
sanet,01262,0.23441901803016663
sanet,01263,0.5578737258911133
sanet,01264,0.4807707369327545
sanet,01265,0.4972459673881531
sanet,01266,0.436916321516037
sanet,01267,0.3901902437210083
sanet,01268,0.7034079432487488
sanet,01269,0.551469087600708
sanet,01270,0.3989899754524231
sanet,01271,0.4433523416519165
sanet,01272,0.5123745799064636
sanet,01273,0.3500259220600128
sanet,01274,0.6549850702285767
sanet,01275,0.44359201192855835
sanet,01276,0.6113352179527283
sanet,01277,0.6755688190460205
sanet,01278,0.40176916122436523
sanet,01279,0.6174675822257996
sanet,01280,0.3232665956020355
sanet,01281,0.42036932706832886
sanet,01282,0.33468174934387207
sanet,01283,0.39753758907318115
sanet,01284,0.2907414138317108
sanet,01285,0.3576931059360504
sanet,01286,0.5337053537368774
sanet,01287,0.42989030480384827
sanet,01288,0.4943607449531555
sanet,01289,0.4476923942565918
sanet,01290,0.48647773265838623
sanet,01291,0.6096363067626953
sanet,01292,0.526800811290741
sanet,01293,0.5876662135124207
sanet,01294,0.39748936891555786
sanet,01295,0.5125085115432739
sanet,01296,0.2959516644477844
sanet,01297,0.688629150390625
sanet,01298,0.5412216186523438
sanet,01299,0.4724598228931427
sanet,01300,0.5022532939910889
sanet,01301,0.5300837755203247
sanet,01302,0.36915212869644165
sanet,01303,0.2325751781463623
sanet,01304,0.4830796718597412
sanet,01305,0.3681124448776245
sanet,01306,0.6055631637573242
sanet,01307,0.5188229084014893
sanet,01308,0.4327101707458496
sanet,01309,0.5030170679092407
sanet,01310,0.5543989539146423
sanet,01311,0.3670305013656616
sanet,01312,0.1919918954372406
sanet,01313,0.36768215894699097
sanet,01314,0.3825051486492157
sanet,01315,0.4688493311405182
sanet,01316,0.5223020315170288
sanet,01317,0.47724783420562744
sanet,01318,0.3970966041088104
sanet,01319,0.3627565801143646
sanet,01320,0.28540322184562683
sanet,01321,0.4246146082878113
sanet,01322,0.27313220500946045
sanet,01323,0.3596290946006775
sanet,01324,0.45400354266166687
sanet,01325,0.3427436947822571
sanet,01326,0.4289601743221283
sanet,01327,0.20937122404575348
sanet,01328,0.5489271879196167
sanet,01329,0.6679152250289917
sanet,01330,0.2642560601234436
sanet,01331,0.6942014694213867
sanet,01332,0.2489461749792099
sanet,01333,0.4591979384422302
sanet,01334,0.4417068660259247
sanet,01335,0.6418046951293945
sanet,01336,0.34288346767425537
sanet,01337,0.6394495964050293
sanet,01338,0.30989211797714233
sanet,01339,0.3884581923484802
sanet,01340,0.39246341586112976
sanet,01341,0.4758262634277344
sanet,01342,0.5157415866851807
sanet,01343,0.23554310202598572
sanet,01344,0.46116602420806885
sanet,01345,0.4123736023902893
sanet,01346,0.46403196454048157
sanet,01347,0.2902177572250366
sanet,01348,0.388139933347702
sanet,01349,0.4178065061569214
sanet,01350,0.4874025583267212
sanet,01351,0.4211447238922119
sanet,01352,0.46319717168807983
sanet,01353,0.2783316373825073
sanet,01354,0.5425844788551331
sanet,01355,0.33192896842956543
sanet,01356,0.4650847315788269
sanet,01357,0.34373167157173157
sanet,01358,0.3778836131095886
sanet,01359,0.3754522204399109
sanet,01360,0.36770421266555786
sanet,01361,0.4720548689365387
sanet,01362,0.3605995178222656
sanet,01363,0.31161734461784363
sanet,01364,0.2596668303012848
sanet,01365,0.435712993144989
sanet,01366,0.4704691767692566
sanet,01367,0.4106312096118927
sanet,01368,0.5872786045074463
sanet,01369,0.34118571877479553
sanet,01370,0.4412684142589569
sanet,01371,0.39893993735313416
sanet,01372,0.3953072428703308
sanet,01373,0.698336660861969
sanet,01374,0.49168241024017334
sanet,01375,0.49272704124450684
sanet,01376,0.6390535235404968
sanet,01377,0.33163249492645264
sanet,01378,0.40374642610549927
sanet,01379,0.6119186878204346
sanet,01380,0.5144617557525635
sanet,01381,0.43878257274627686
sanet,01382,0.5872287750244141
sanet,01383,0.4975883960723877
sanet,01384,0.45149314403533936
sanet,01385,0.19014033675193787
sanet,01386,0.3394773006439209
sanet,01387,0.41991734504699707
sanet,01388,0.6422167420387268
sanet,01389,0.5644533634185791
sanet,01390,0.27735742926597595
sanet,01391,0.5155785083770752
sanet,01392,0.5786477327346802
sanet,01393,0.5438952445983887
sanet,01394,0.5222845077514648
sanet,01395,0.5292384624481201
sanet,01396,0.2694600224494934
sanet,01397,0.5834070444107056
sanet,01398,0.33005815744400024
sanet,01399,0.347886860370636
sanet,01400,0.2811468839645386
sanet,01401,0.42732948064804077
sanet,01402,0.5580528974533081
sanet,01403,0.41829293966293335
sanet,01404,0.4558381140232086
sanet,01405,0.31870123744010925
sanet,01406,0.5093845725059509
sanet,01407,0.22062677145004272
sanet,01408,0.3374863862991333
sanet,01409,0.5309699177742004
sanet,01410,0.5156170129776001
sanet,01411,0.4137811064720154
sanet,01412,0.3027260899543762
sanet,01413,0.6069101691246033
sanet,01414,0.6251705884933472
sanet,01415,0.5654246807098389
sanet,01416,0.3572671115398407
sanet,01417,0.3162617087364197
sanet,01418,0.45878270268440247
sanet,01419,0.5144652128219604
sanet,01420,0.26202476024627686
sanet,01421,0.24099195003509521
sanet,01422,0.3598790764808655
sanet,01423,0.5285183191299438
sanet,01424,0.4535510241985321
sanet,01425,0.3785768449306488
sanet,01426,0.16637779772281647
sanet,01427,0.34820619225502014
sanet,01428,0.38177335262298584
sanet,01429,0.39109599590301514
sanet,01430,0.22933071851730347
sanet,01431,0.5377224683761597
sanet,01432,0.40955600142478943
sanet,01433,0.3581978380680084
sanet,01434,0.4107588827610016
sanet,01435,0.5459351539611816
sanet,01436,0.330424427986145
sanet,01437,0.5039973258972168
sanet,01438,0.4884212017059326
sanet,01439,0.5492125749588013
sanet,01440,0.4645944833755493
sanet,01441,0.30174773931503296
sanet,01442,0.25484609603881836
sanet,01443,0.3932354748249054
sanet,01444,0.39314377307891846
sanet,01445,0.4483513832092285
sanet,01446,0.46747541427612305
sanet,01447,0.599716067314148
sanet,01448,0.4861224889755249
sanet,01449,0.24632857739925385
sanet,01450,0.25427618622779846
sanet,01451,0.16568173468112946
sanet,01452,0.23980224132537842
sanet,01453,0.44349589943885803
sanet,01454,0.4658529758453369
sanet,01455,0.442118763923645
sanet,01456,0.17761339247226715
sanet,01457,0.4979705214500427
sanet,01458,0.5400633811950684
sanet,01459,0.6264573335647583
sanet,01460,0.1367822289466858
sanet,01461,0.6520885229110718
sanet,01462,0.4650774300098419
sanet,01463,0.6233240365982056
sanet,01464,0.343637615442276
sanet,01465,0.5008453130722046
sanet,01466,0.3864750862121582
sanet,01467,0.482059121131897
sanet,01468,0.4017711281776428
sanet,01469,0.4145103991031647
sanet,01470,0.4238477945327759
sanet,01471,0.4410260319709778
sanet,01472,0.37624454498291016
sanet,01473,0.38726091384887695
sanet,01474,0.5855016708374023
sanet,01475,0.6327743530273438
sanet,01476,0.3822314739227295
sanet,01477,0.442737877368927
sanet,01478,0.5144001245498657
sanet,01479,0.5199363231658936
sanet,01480,0.4710191786289215
sanet,01481,0.521533727645874
sanet,01482,0.6394296884536743
sanet,01483,0.2644898295402527
sanet,01484,0.6225322484970093
sanet,01485,0.4038788080215454
sanet,01486,0.45208436250686646
sanet,01487,0.4617938995361328
sanet,01488,0.39102450013160706
sanet,01489,0.4696049094200134
sanet,01490,0.15061113238334656
sanet,01491,0.43137848377227783
sanet,01492,0.28286081552505493
sanet,01493,0.42613235116004944
sanet,01494,0.48781082034111023
sanet,01495,0.30383944511413574
sanet,01496,0.4561401605606079
sanet,01497,0.43789079785346985
sanet,01498,0.3078744411468506
sanet,01499,0.3382006883621216
sanet,01500,0.6865638494491577
sanet,01501,0.38734403252601624
sanet,01502,0.3486853837966919
sanet,01503,0.5218122005462646
sanet,01504,0.5344175100326538
sanet,01505,0.27815213799476624
sanet,01506,0.6219064593315125
sanet,01507,0.5235431790351868
sanet,01508,0.27315381169319153
sanet,01509,0.40864983201026917
sanet,01510,0.2714610695838928
sanet,01511,0.42586958408355713
sanet,01512,0.4574388563632965
sanet,01513,0.4693186283111572
sanet,01514,0.15247908234596252
sanet,01515,0.3211219906806946
sanet,01516,0.2950945198535919
sanet,01517,0.46175360679626465
sanet,01518,0.5535447001457214
sanet,01519,0.32599133253097534
sanet,01520,0.5410552024841309
sanet,01521,0.45520180463790894
sanet,01522,0.2803339958190918
sanet,01523,0.49263566732406616
sanet,01524,0.508845329284668
sanet,01525,0.664795458316803
sanet,01526,0.6250823140144348
sanet,01527,0.6114052534103394
sanet,01528,0.20584723353385925
sanet,01529,0.23029497265815735
sanet,01530,0.43039530515670776
sanet,01531,0.34125691652297974
sanet,01532,0.5046781301498413
sanet,01533,0.436146080493927
sanet,01534,0.4394797682762146
sanet,01535,0.529050350189209
sanet,01536,0.3700035810470581
sanet,01537,0.17219924926757812
sanet,01538,0.4445571005344391
sanet,01539,0.42693015933036804
sanet,01540,0.6032935976982117
sanet,01541,0.5185607671737671
sanet,01542,0.300343781709671
sanet,01543,0.49934113025665283
sanet,01544,0.2163613736629486
sanet,01545,0.3204577565193176
sanet,01546,0.6227818727493286
sanet,01547,0.417305588722229
sanet,01548,0.5403470993041992
sanet,01549,0.537070631980896
sanet,01550,0.38508331775665283
sanet,01551,0.3072187304496765
sanet,01552,0.45534586906433105
sanet,01553,0.5467372536659241
sanet,01554,0.296577513217926
sanet,01555,0.3524835705757141
sanet,01556,0.5583572387695312
sanet,01557,0.4851093292236328
sanet,01558,0.38167619705200195
sanet,01559,0.44386351108551025
sanet,01560,0.47354355454444885
sanet,01561,0.6039414405822754
sanet,01562,0.48324811458587646
sanet,01563,0.40263378620147705
sanet,01564,0.4799186885356903
sanet,01565,0.37830987572669983
sanet,01566,0.26681897044181824
sanet,01567,0.522692859172821
sanet,01568,0.39277535676956177
sanet,01569,0.5641868114471436
sanet,01570,0.6479370594024658
sanet,01571,0.341674268245697
sanet,01572,0.3265155851840973
sanet,01573,0.3825085461139679
sanet,01574,0.7085088491439819
sanet,01575,0.5154013633728027
sanet,01576,0.43979838490486145
sanet,01577,0.6588656902313232
sanet,01578,0.4272376000881195
sanet,01579,0.4540163278579712
sanet,01580,0.3738124370574951
sanet,01581,0.4290401041507721
sanet,01582,0.4751589894294739
sanet,01583,0.35420355200767517
sanet,01584,0.28897470235824585
sanet,01585,0.44090384244918823
sanet,01586,0.6361644864082336
sanet,01587,0.2742222249507904
sanet,01588,0.3282373547554016
sanet,01589,0.30619123578071594
sanet,01590,0.42772066593170166
sanet,01591,0.6356478333473206
sanet,01592,0.6576088666915894
sanet,01593,0.298306405544281
sanet,01594,0.3944357633590698
sanet,01595,0.5372483134269714
sanet,01596,0.3940049111843109
sanet,01597,0.392429918050766
sanet,01598,0.4477592706680298
sanet,01599,0.38810044527053833
sanet,01600,0.45819273591041565
sanet,01601,0.5740010738372803
sanet,01602,0.205757737159729
sanet,01603,0.4618477523326874
sanet,01604,0.27771544456481934
sanet,01605,0.5524980425834656
sanet,01606,0.434103399515152
sanet,01607,0.4459550678730011
sanet,01608,0.17578372359275818
sanet,01609,0.2826065123081207
sanet,01610,0.7289917469024658
sanet,01611,0.44311851263046265
sanet,01612,0.5734022855758667
sanet,01613,0.5341251492500305
sanet,01614,0.42012789845466614
sanet,01615,0.5420631170272827
sanet,01616,0.535166323184967
sanet,01617,0.3268224000930786
sanet,01618,0.6040452718734741
sanet,01619,0.33220773935317993
sanet,01620,0.5056632161140442
sanet,01621,0.336807519197464
sanet,01622,0.3319447636604309
sanet,01623,0.4944063425064087
sanet,01624,0.6727619171142578
sanet,01625,0.3313237726688385
sanet,01626,0.6035798192024231
sanet,01627,0.3195144534111023
sanet,01628,0.3518028259277344
sanet,01629,0.2432577908039093
sanet,01630,0.3553890585899353
sanet,01631,0.5117756128311157
sanet,01632,0.4968293309211731
sanet,01633,0.3991798758506775
sanet,01634,0.6361209750175476
sanet,01635,0.6134412288665771
sanet,01636,0.538664698600769
sanet,01637,0.6096741557121277
sanet,01638,0.5257213711738586
sanet,01639,0.1657153069972992
sanet,01640,0.5322089791297913
sanet,01641,0.3585207760334015
sanet,01642,0.5125184059143066
sanet,01643,0.38697171211242676
sanet,01644,0.36483585834503174
sanet,01645,0.45553916692733765
sanet,01646,0.46176108717918396
sanet,01647,0.6725178956985474
sanet,01648,0.44302600622177124
sanet,01649,0.39128124713897705
sanet,01650,0.3844183087348938
sanet,01651,0.42873018980026245
sanet,01652,0.39741870760917664
sanet,01653,0.4028950333595276
sanet,01654,0.6192101240158081
sanet,01655,0.7709996700286865
sanet,01656,0.47159457206726074
sanet,01657,0.44178083539009094
sanet,01658,0.3131915330886841
sanet,01659,0.41693103313446045
sanet,01660,0.49495911598205566
sanet,01661,0.4079146683216095
sanet,01662,0.6514393091201782
sanet,01663,0.46892547607421875
sanet,01664,0.4110458791255951
sanet,01665,0.6449172496795654
sanet,01666,0.41310596466064453
sanet,01667,0.4564875066280365
sanet,01668,0.37171804904937744
sanet,01669,0.46929606795310974
sanet,01670,0.5103342533111572
sanet,01671,0.3311930298805237
sanet,01672,0.28193235397338867
sanet,01673,0.5731461048126221
sanet,01674,0.48115140199661255
sanet,01675,0.5313460826873779
sanet,01676,0.5913617014884949
sanet,01677,0.4821435511112213
sanet,01678,0.5592349767684937
sanet,01679,0.4566029906272888
sanet,01680,0.5663460493087769
sanet,01681,0.42341965436935425
sanet,01682,0.43514159321784973
sanet,01683,0.5006388425827026
sanet,01684,0.3351036310195923
sanet,01685,0.35590964555740356
sanet,01686,0.2732032537460327
sanet,01687,0.5973073244094849
sanet,01688,0.5246809720993042
sanet,01689,0.5118953585624695
sanet,01690,0.5789469480514526
sanet,01691,0.3759089410305023
sanet,01692,0.6246204972267151
sanet,01693,0.6034855842590332
sanet,01694,0.3080826997756958
sanet,01695,0.4129420816898346
sanet,01696,0.36928504705429077
sanet,01697,0.2993517518043518
sanet,01698,0.5353842973709106
sanet,01699,0.5794473886489868
sanet,01700,0.2656330466270447
sanet,01701,0.38339072465896606
sanet,01702,0.4574437737464905
sanet,01703,0.4812413156032562
sanet,01704,0.3733729124069214
sanet,01705,0.22669735550880432
sanet,01706,0.572206437587738
sanet,01707,0.6084414124488831
sanet,01708,0.2138994038105011
sanet,01709,0.3018488883972168
sanet,01710,0.5230799913406372
sanet,01711,0.4885287582874298
sanet,01712,0.7623507976531982
sanet,01713,0.29771074652671814
sanet,01714,0.22816643118858337
sanet,01715,0.40840548276901245
sanet,01716,0.374870240688324
sanet,01717,0.37833458185195923
sanet,01718,0.3063543438911438
sanet,01719,0.4079897999763489
sanet,01720,0.6961635947227478
sanet,01721,0.4832029342651367
sanet,01722,0.2937564253807068
sanet,01723,0.3884648084640503
sanet,01724,0.30261868238449097
sanet,01725,0.43277207016944885
sanet,01726,0.6257581114768982
sanet,01727,0.33464425802230835
sanet,01728,0.5260308384895325
sanet,01729,0.5271892547607422
sanet,01730,0.3617684841156006
sanet,01731,0.4121285378932953
sanet,01732,0.49683499336242676
sanet,01733,0.27131029963493347
sanet,01734,0.4642648994922638
sanet,01735,0.4477110207080841
sanet,01736,0.4663293957710266
sanet,01737,0.395452618598938
sanet,01738,0.4511650502681732
sanet,01739,0.3332373797893524
sanet,01740,0.3853827118873596
sanet,01741,0.4854453504085541
sanet,01742,0.5487656593322754
sanet,01743,0.3822473883628845
sanet,01744,0.42274975776672363
sanet,01745,0.4606272578239441
sanet,01746,0.2822316884994507
sanet,01747,0.5663738250732422
sanet,01748,0.6055129766464233
sanet,01749,0.5284217596054077
sanet,01750,0.45947808027267456
sanet,01751,0.48756906390190125
sanet,01752,0.46088820695877075
sanet,01753,0.38731348514556885
sanet,01754,0.2582734525203705
sanet,01755,0.5437618494033813
sanet,01756,0.5570060014724731
sanet,01757,0.45822328329086304
sanet,01758,0.5479775667190552
sanet,01759,0.6478338837623596
sanet,01760,0.5509664416313171
sanet,01761,0.5611454844474792
sanet,01762,0.5343317985534668
sanet,01763,0.2880318760871887
sanet,01764,0.3855758309364319
sanet,01765,0.20387902855873108
sanet,01766,0.7040430903434753
sanet,01767,0.5848856568336487
sanet,01768,0.36165207624435425
sanet,01769,0.5902752876281738
sanet,01770,0.43663352727890015
sanet,01771,0.35618093609809875
sanet,01772,0.26102811098098755
sanet,01773,0.5181429386138916
sanet,01774,0.3568948805332184
sanet,01775,0.5653603076934814
sanet,01776,0.30551618337631226
sanet,01777,0.5873121619224548
sanet,01778,0.4998166561126709
sanet,01779,0.565960705280304
sanet,01780,0.688459038734436
sanet,01781,0.3432149291038513
sanet,01782,0.5154358744621277
sanet,01783,0.6264984607696533
sanet,01784,0.43466001749038696
sanet,01785,0.4217102825641632
sanet,01786,0.5315853357315063
sanet,01787,0.5991199016571045
sanet,01788,0.34560370445251465
sanet,01789,0.5527124404907227
sanet,01790,0.40254056453704834
sanet,01791,0.3181684613227844
sanet,01792,0.26836371421813965
sanet,01793,0.3991188704967499
sanet,01794,0.6101905107498169
sanet,01795,0.5844524502754211
sanet,01796,0.564726710319519
sanet,01797,0.4541526734828949
sanet,01798,0.3501476049423218
sanet,01799,0.3478563129901886
sanet,01800,0.523011326789856
sanet,01801,0.6085772514343262
sanet,01802,0.3067493736743927
sanet,01803,0.43105781078338623
sanet,01804,0.20869889855384827
sanet,01805,0.483404278755188
sanet,01806,0.332929402589798
sanet,01807,0.5422548055648804
sanet,01808,0.2701794505119324
sanet,01809,0.4853399395942688
sanet,01810,0.4312672019004822
sanet,01811,0.3713674545288086
sanet,01812,0.45030677318573
sanet,01813,0.2893519997596741
sanet,01814,0.4257481098175049
sanet,01815,0.2594485282897949
sanet,01816,0.471733033657074
sanet,01817,0.3946971893310547
sanet,01818,0.36292600631713867
sanet,01819,0.3164777457714081
sanet,01820,0.2993258833885193
sanet,01821,0.5738940834999084
sanet,01822,0.2598686218261719
sanet,01823,0.4776371121406555
sanet,01824,0.5156798362731934
sanet,01825,0.4750787317752838
sanet,01826,0.4509619474411011
sanet,01827,0.2914596199989319
sanet,01828,0.4744108021259308
sanet,01829,0.28913748264312744
sanet,01830,0.6043907403945923
sanet,01831,0.6046700477600098
sanet,01832,0.5132766366004944
sanet,01833,0.4980614185333252
sanet,01834,0.47493720054626465
sanet,01835,0.5188794136047363
sanet,01836,0.4921261966228485
sanet,01837,0.606269121170044
sanet,01838,0.21452710032463074
sanet,01839,0.5171050429344177
sanet,01840,0.6421781778335571
sanet,01841,0.47540462017059326
sanet,01842,0.41259610652923584
sanet,01843,0.44500917196273804
sanet,01844,0.2578921914100647
sanet,01845,0.3386828303337097
sanet,01846,0.5275629758834839
sanet,01847,0.4250585734844208
sanet,01848,0.24514460563659668
sanet,01849,0.5979980230331421
sanet,01850,0.4510089159011841
sanet,01851,0.09569407999515533
sanet,01852,0.4498136043548584
sanet,01853,0.2636962831020355
sanet,01854,0.22522220015525818
sanet,01855,0.5044650435447693
sanet,01856,0.26302048563957214
sanet,01857,0.42215973138809204
sanet,01858,0.3157963156700134
sanet,01859,0.5030332803726196
sanet,01860,0.2323654443025589
sanet,01861,0.4944295883178711
sanet,01862,0.49884772300720215
sanet,01863,0.5247654318809509
sanet,01864,0.533941388130188
sanet,01865,0.3195303976535797
sanet,01866,0.16956844925880432
sanet,01867,0.32068750262260437
sanet,01868,0.33224862813949585
sanet,01869,0.2852270007133484
sanet,01870,0.6783267259597778
sanet,01871,0.626685619354248
sanet,01872,0.5156813859939575
sanet,01873,0.47961708903312683
sanet,01874,0.5855851173400879
sanet,01875,0.4181205928325653
sanet,01876,0.5135692358016968
sanet,01877,0.3954617977142334
sanet,01878,0.431560218334198
sanet,01879,0.5205626487731934
sanet,01880,0.37349361181259155
sanet,01881,0.3675411343574524
sanet,01882,0.4892124533653259
sanet,01883,0.6168944835662842
sanet,01884,0.3239995539188385
sanet,01885,0.2841312885284424
sanet,01886,0.5317476987838745
sanet,01887,0.568332314491272
sanet,01888,0.37080127000808716
sanet,01889,0.295504093170166
sanet,01890,0.5665349364280701
sanet,01891,0.6161932945251465
sanet,01892,0.24226458370685577
sanet,01893,0.5347776412963867
sanet,01894,0.4397413432598114
sanet,01895,0.4148867726325989
sanet,01896,0.41004353761672974
sanet,01897,0.23930327594280243
sanet,01898,0.6476809978485107
sanet,01899,0.49940019845962524
sanet,01900,0.4014301002025604
sanet,01901,0.3133237659931183
sanet,01902,0.15886695683002472
sanet,01903,0.5217564105987549
sanet,01904,0.3344542980194092
sanet,01905,0.471943736076355
sanet,01906,0.23527836799621582
sanet,01907,0.3584554195404053
sanet,01908,0.2290276288986206
sanet,01909,0.264839231967926
sanet,01910,0.5407788157463074
sanet,01911,0.2627280652523041
sanet,01912,0.5824989676475525
sanet,01913,0.6519209146499634
sanet,01914,0.25313371419906616
sanet,01915,0.598466157913208
sanet,01916,0.6676754951477051
sanet,01917,0.32456234097480774
sanet,01918,0.4116971790790558
sanet,01919,0.6702468395233154
sanet,01920,0.6016892194747925
sanet,01921,0.48513153195381165
sanet,01922,0.7157512903213501
sanet,01923,0.4888801574707031
sanet,01924,0.33875054121017456
sanet,01925,0.4735727310180664
sanet,01926,0.4531528651714325
sanet,01927,0.39596450328826904
sanet,01928,0.19273321330547333
sanet,01929,0.555732250213623
sanet,01930,0.6982306241989136
sanet,01931,0.6729897260665894
sanet,01932,0.4577617049217224
sanet,01933,0.371060848236084
sanet,01934,0.6036722660064697
sanet,01935,0.39925500750541687
sanet,01936,0.279613733291626
sanet,01937,0.4452025592327118
sanet,01938,0.33167555928230286
sanet,01939,0.5433946251869202
sanet,01940,0.4953600764274597
sanet,01941,0.4733118414878845
sanet,01942,0.6629780530929565
sanet,01943,0.2396353781223297
sanet,01944,0.5256356000900269
sanet,01945,0.6986194849014282
sanet,01946,0.6147922277450562
sanet,01947,0.32590585947036743
sanet,01948,0.5843881368637085
sanet,01949,0.373782217502594
sanet,01950,0.23702073097229004
sanet,01951,0.46758219599723816
sanet,01952,0.4310918152332306
sanet,01953,0.33171960711479187
sanet,01954,0.5785794258117676
sanet,01955,0.6033345460891724
sanet,01956,0.48196709156036377
sanet,01957,0.5223149657249451
sanet,01958,0.4109704792499542
sanet,01959,0.5409934520721436
sanet,01960,0.2974168658256531
sanet,01961,0.4887198507785797
sanet,01962,0.717085599899292
sanet,01963,0.3091013431549072
sanet,01964,0.42557474970817566
sanet,01965,0.2265794575214386
sanet,01966,0.45399224758148193
sanet,01967,0.2654666304588318
sanet,01968,0.09237411618232727
sanet,01969,0.28882142901420593
sanet,01970,0.3090900480747223
sanet,01971,0.3415740728378296
sanet,01972,0.24756887555122375
sanet,01973,0.34116560220718384
sanet,01974,0.6394110918045044
sanet,01975,0.5166497230529785
sanet,01976,0.06826502829790115
sanet,01977,0.47385263442993164
sanet,01978,0.4552404284477234
sanet,01979,0.3209918141365051
sanet,01980,0.38690149784088135
sanet,01981,0.4562562108039856
sanet,01982,0.5438627004623413
sanet,01983,0.2594069242477417
sanet,01984,0.4286635220050812
sanet,01985,0.20604197680950165
sanet,01986,0.3877512216567993
sanet,01987,0.38656020164489746
sanet,01988,0.41303861141204834
sanet,01989,0.29494667053222656
sanet,01990,0.4659099578857422
sanet,01991,0.6638041734695435
sanet,01992,0.39938884973526
sanet,01993,0.4138296842575073
sanet,01994,0.29174238443374634
sanet,01995,0.15878908336162567
sanet,01996,0.4040488004684448
sanet,01997,0.4943091869354248
sanet,01998,0.3606681227684021
sanet,01999,0.6214898228645325
sanet,02000,0.3042398691177368
sanet,02001,0.5411865711212158
sanet,02002,0.5521674752235413
sanet,02003,0.3253971338272095
sanet,02004,0.40934646129608154
sanet,02005,0.5417774319648743
sanet,02006,0.3152706027030945
sanet,02007,0.4000608026981354
sanet,02008,0.45339369773864746
sanet,02009,0.2318277806043625
sanet,02010,0.5809728503227234
sanet,02011,0.5002591609954834
sanet,02012,0.5119441747665405
sanet,02013,0.38417571783065796
sanet,02014,0.3572089970111847
sanet,02015,0.39251405000686646
sanet,02016,0.5795196294784546
sanet,02017,0.24696338176727295
sanet,02018,0.47804588079452515
sanet,02019,0.4660760462284088
sanet,02020,0.21152189373970032
sanet,02021,0.5827212333679199
sanet,02022,0.30093270540237427
sanet,02023,0.3552982807159424
sanet,02024,0.4549807608127594
sanet,02025,0.7013833522796631
sanet,02026,0.6085267066955566
sanet,02027,0.35942542552948
sanet,02028,0.3176878094673157
sanet,02029,0.43049001693725586
sanet,02030,0.4013879597187042
sanet,02031,0.3380141854286194
sanet,02032,0.534260630607605
sanet,02033,0.49585628509521484
sanet,02034,0.563974142074585
sanet,02035,0.43224626779556274
sanet,02036,0.4449785649776459
sanet,02037,0.5350105166435242
sanet,02038,0.217088982462883
sanet,02039,0.6386933922767639
sanet,02040,0.29143452644348145
sanet,02041,0.1753164827823639
sanet,02042,0.5244799852371216
sanet,02043,0.4501304030418396
sanet,02044,0.4305470287799835
sanet,02045,0.49074500799179077
sanet,02046,0.4463757276535034
sanet,02047,0.46526873111724854
sanet,02048,0.6204385757446289
sanet,02049,0.4820632338523865
sanet,02050,0.2244109958410263
sanet,02051,0.3596569299697876
sanet,02052,0.35256174206733704
sanet,02053,0.22490492463111877
sanet,02054,0.7689982056617737
sanet,02055,0.43554872274398804
sanet,02056,0.540712833404541
sanet,02057,0.2226482331752777
sanet,02058,0.3610042929649353
sanet,02059,0.2761901319026947
sanet,02060,0.44064226746559143
sanet,02061,0.30701085925102234
sanet,02062,0.6552081108093262
sanet,02063,0.20679306983947754
sanet,02064,0.3862810432910919
sanet,02065,0.28059858083724976
sanet,02066,0.28959769010543823
sanet,02067,0.31831690669059753
sanet,02068,0.6203132271766663
sanet,02069,0.2551925778388977
sanet,02070,0.40487781167030334
sanet,02071,0.4041401743888855
sanet,02072,0.6306809186935425
sanet,02073,0.4345909357070923
sanet,02074,0.457389771938324
sanet,02075,0.48641452193260193
sanet,02076,0.3283950686454773
sanet,02077,0.45618486404418945
sanet,02078,0.25468817353248596
sanet,02079,0.3600485920906067
sanet,02080,0.6053146123886108
sanet,02081,0.35292863845825195
sanet,02082,0.4625213146209717
sanet,02083,0.26539719104766846
sanet,02084,0.5219650268554688
sanet,02085,0.3179410696029663
sanet,02086,0.31017106771469116
sanet,02087,0.6651014089584351
sanet,02088,0.546166718006134
sanet,02089,0.48325955867767334
sanet,02090,0.39908844232559204
sanet,02091,0.42204609513282776
sanet,02092,0.36092454195022583
sanet,02093,0.3720724880695343
sanet,02094,0.5522580146789551
sanet,02095,0.36514294147491455
sanet,02096,0.4252471923828125
sanet,02097,0.4424378275871277
sanet,02098,0.3882331848144531
sanet,02099,0.5203665494918823
sanet,02100,0.4803658723831177
sanet,02101,0.3089373707771301
sanet,02102,0.3768919110298157
sanet,02103,0.33915793895721436
sanet,02104,0.6512683033943176
sanet,02105,0.549061119556427
sanet,02106,0.4716604948043823
sanet,02107,0.368374764919281
sanet,02108,0.5429356098175049
sanet,02109,0.6038314700126648
sanet,02110,0.211332768201828
sanet,02111,0.47364377975463867
sanet,02112,0.64814692735672
sanet,02113,0.36893242597579956
sanet,02114,0.5836979150772095
sanet,02115,0.4748413562774658
sanet,02116,0.292542040348053
sanet,02117,0.6582081913948059
sanet,02118,0.5729423761367798
sanet,02119,0.5150981545448303
sanet,02120,0.332912415266037
sanet,02121,0.3127504587173462
sanet,02122,0.309630811214447
sanet,02123,0.4517437815666199
sanet,02124,0.4277520477771759
sanet,02125,0.42250552773475647
sanet,02126,0.5607450008392334
sanet,02127,0.386437326669693
sanet,02128,0.6480109095573425
sanet,02129,0.5163434743881226
sanet,02130,0.3743966817855835
sanet,02131,0.5204727053642273
sanet,02132,0.14590078592300415
sanet,02133,0.29855260252952576
sanet,02134,0.5094482898712158
sanet,02135,0.16143685579299927
sanet,02136,0.4321545362472534
sanet,02137,0.2633749842643738
sanet,02138,0.6091981530189514
sanet,02139,0.6747467517852783
sanet,02140,0.3014346957206726
sanet,02141,0.5212889313697815
sanet,02142,0.27214518189430237
sanet,02143,0.4271891415119171
sanet,02144,0.522975742816925
sanet,02145,0.4475962519645691
sanet,02146,0.5615865588188171
sanet,02147,0.5196481943130493
sanet,02148,0.5581202507019043
sanet,02149,0.398994505405426
sanet,02150,0.45759108662605286
sanet,02151,0.3794407844543457
sanet,02152,0.2897789776325226
sanet,02153,0.32947856187820435
sanet,02154,0.4231410324573517
sanet,02155,0.4229472279548645
sanet,02156,0.30424752831459045
sanet,02157,0.4910329580307007
sanet,02158,0.2772057056427002
sanet,02159,0.1744149625301361
sanet,02160,0.5073058605194092
sanet,02161,0.3282168209552765
sanet,02162,0.40828797221183777
sanet,02163,0.5286069512367249
sanet,02164,0.4116704761981964
sanet,02165,0.5645833611488342
sanet,02166,0.32642918825149536
sanet,02167,0.5437370538711548
sanet,02168,0.4654467701911926
sanet,02169,0.7414717674255371
sanet,02170,0.4901901185512543
sanet,02171,0.6699541807174683
sanet,02172,0.40806180238723755
sanet,02173,0.5100576281547546
sanet,02174,0.38335052132606506
sanet,02175,0.7586385011672974
sanet,02176,0.22096247971057892
sanet,02177,0.39859211444854736
sanet,02178,0.36774325370788574
sanet,02179,0.41778260469436646
sanet,02180,0.5867204666137695
sanet,02181,0.5959414839744568
sanet,02182,0.23539043962955475
sanet,02183,0.4113946259021759
sanet,02184,0.4479917883872986
sanet,02185,0.45222944021224976
sanet,02186,0.31876322627067566
sanet,02187,0.42884814739227295
sanet,02188,0.49164268374443054
sanet,02189,0.3719272017478943
sanet,02190,0.40816301107406616
sanet,02191,0.48416411876678467
sanet,02192,0.717943012714386
sanet,02193,0.22822867333889008
sanet,02194,0.33773601055145264
sanet,02195,0.5854552388191223
sanet,02196,0.5192579030990601
sanet,02197,0.30226343870162964
sanet,02198,0.17640817165374756
sanet,02199,0.47603079676628113
sanet,02200,0.5312296748161316
sanet,02201,0.43077024817466736
sanet,02202,0.3110412061214447
sanet,02203,0.552764356136322
sanet,02204,0.4529617130756378
sanet,02205,0.08415857702493668
sanet,02206,0.4109249711036682
sanet,02207,0.4578235447406769
sanet,02208,0.44020992517471313
sanet,02209,0.5820468664169312
sanet,02210,0.7365024089813232
sanet,02211,0.2607395052909851
sanet,02212,0.385358989238739
sanet,02213,0.15037280321121216
sanet,02214,0.5934686660766602
sanet,02215,0.32317620515823364
sanet,02216,0.4096817374229431
sanet,02217,0.2872406244277954
sanet,02218,0.4228977560997009
sanet,02219,0.39307665824890137
sanet,02220,0.6527525186538696
sanet,02221,0.4767875671386719
sanet,02222,0.5941040515899658
sanet,02223,0.5572466254234314
sanet,02224,0.5646380186080933
sanet,02225,0.5514250993728638
sanet,02226,0.25855088233947754
sanet,02227,0.36257779598236084
sanet,02228,0.3639613687992096
sanet,02229,0.42288273572921753
sanet,02230,0.4038681387901306
sanet,02231,0.06511110812425613
sanet,02232,0.3735399842262268
sanet,02233,0.45701950788497925
sanet,02234,0.5643219947814941
sanet,02235,0.42460817098617554
sanet,02236,0.23882655799388885
sanet,02237,0.34447649121284485
sanet,02238,0.518480658531189
sanet,02239,0.4790613353252411
sanet,02240,0.28524792194366455
sanet,02241,0.4423742890357971
sanet,02242,0.4075520634651184
sanet,02243,0.4697314500808716
sanet,02244,0.544243335723877
sanet,02245,0.27224135398864746
sanet,02246,0.4679827094078064
sanet,02247,0.5317884683609009
sanet,02248,0.6119169592857361
sanet,02249,0.182739719748497
sanet,02250,0.2568109333515167
sanet,02251,0.43844836950302124
sanet,02252,0.4730854332447052
sanet,02253,0.4817247986793518
sanet,02254,0.3686700761318207
sanet,02255,0.4105633497238159
sanet,02256,0.6398426294326782
sanet,02257,0.3763555884361267
sanet,02258,0.6037964820861816
sanet,02259,0.42023009061813354
sanet,02260,0.4139554500579834
sanet,02261,0.6154534220695496
sanet,02262,0.38617587089538574
sanet,02263,0.23752759397029877
sanet,02264,0.4746313989162445
sanet,02265,0.21685437858104706
sanet,02266,0.5815331339836121
sanet,02267,0.5416393280029297
sanet,02268,0.5158504843711853
sanet,02269,0.17719043791294098
sanet,02270,0.4654516875743866
sanet,02271,0.1424325704574585
sanet,02272,0.48473188281059265
sanet,02273,0.3607824742794037
sanet,02274,0.34395670890808105
sanet,02275,0.3926831781864166
sanet,02276,0.43193674087524414
sanet,02277,0.34084147214889526
sanet,02278,0.44351083040237427
sanet,02279,0.24297745525836945
sanet,02280,0.340946763753891
sanet,02281,0.45185449719429016
sanet,02282,0.3549032211303711
sanet,02283,0.26221710443496704
sanet,02284,0.48501938581466675
sanet,02285,0.4936940670013428
sanet,02286,0.39068013429641724
sanet,02287,0.5876245498657227
sanet,02288,0.44101834297180176
sanet,02289,0.31915128231048584
sanet,02290,0.38953331112861633
sanet,02291,0.45701712369918823
sanet,02292,0.5052281618118286
sanet,02293,0.27832525968551636
sanet,02294,0.6194735765457153
sanet,02295,0.5674624443054199
sanet,02296,0.6156920790672302
sanet,02297,0.460144579410553
sanet,02298,0.5506961345672607
sanet,02299,0.2687537968158722
sanet,02300,0.4279577136039734
sanet,02301,0.3182878792285919
sanet,02302,0.25222545862197876
sanet,02303,0.45337042212486267
sanet,02304,0.22982697188854218
sanet,02305,0.47919973731040955
sanet,02306,0.4260971248149872
sanet,02307,0.29063376784324646
sanet,02308,0.41563141345977783
sanet,02309,0.24313542246818542
sanet,02310,0.5654547214508057
sanet,02311,0.5827499628067017
sanet,02312,0.4143174886703491
sanet,02313,0.43014758825302124
sanet,02314,0.47502660751342773
sanet,02315,0.23707152903079987
sanet,02316,0.7252724170684814
sanet,02317,0.35656464099884033
sanet,02318,0.5741152763366699
sanet,02319,0.273067831993103
sanet,02320,0.3891298174858093
sanet,02321,0.5368615388870239
sanet,02322,0.4286394417285919
sanet,02323,0.33333563804626465
sanet,02324,0.6184874773025513
sanet,02325,0.6222416162490845
sanet,02326,0.13904497027397156
sanet,02327,0.3951913118362427
sanet,02328,0.561272144317627
sanet,02329,0.3249492645263672
sanet,02330,0.3968210220336914
sanet,02331,0.47779369354248047
sanet,02332,0.15755558013916016
sanet,02333,0.576076328754425
sanet,02334,0.3994450271129608
sanet,02335,0.3593524992465973
sanet,02336,0.3561325967311859
sanet,02337,0.5509358644485474
sanet,02338,0.4016432762145996
sanet,02339,0.34094715118408203
sanet,02340,0.45893949270248413
sanet,02341,0.22971387207508087
sanet,02342,0.38117918372154236
sanet,02343,0.4151555001735687
sanet,02344,0.560399055480957
sanet,02345,0.21775996685028076
sanet,02346,0.28893011808395386
sanet,02347,0.3102762699127197
sanet,02348,0.3315221667289734
sanet,02349,0.26927125453948975
sanet,02350,0.4409930109977722
sanet,02351,0.5488333702087402
sanet,02352,0.6644154191017151
sanet,02353,0.4480333924293518
sanet,02354,0.3799360990524292
sanet,02355,0.7064515948295593
sanet,02356,0.434579074382782
sanet,02357,0.31779542565345764
sanet,02358,0.2827594578266144
sanet,02359,0.5981280207633972
sanet,02360,0.5703984498977661
sanet,02361,0.3975987434387207
sanet,02362,0.3069990277290344
sanet,02363,0.25970250368118286
sanet,02364,0.76008141040802
sanet,02365,0.27109643816947937
sanet,02366,0.45155560970306396
sanet,02367,0.5877668261528015
sanet,02368,0.3229809105396271
sanet,02369,0.2968209981918335
sanet,02370,0.5045934915542603
sanet,02371,0.34723034501075745
sanet,02372,0.33054718375205994
sanet,02373,0.4498988687992096
sanet,02374,0.17972630262374878
sanet,02375,0.33519089221954346
sanet,02376,0.4777652621269226
sanet,02377,0.5038282871246338
sanet,02378,0.3751427233219147
sanet,02379,0.4502696990966797
sanet,02380,0.612981379032135
sanet,02381,0.375039279460907
sanet,02382,0.34884902834892273
sanet,02383,0.46885746717453003
sanet,02384,0.5458476543426514
sanet,02385,0.4082297682762146
sanet,02386,0.39951539039611816
sanet,02387,0.20855097472667694
sanet,02388,0.33816277980804443
sanet,02389,0.6426783800125122
sanet,02390,0.4066213369369507
sanet,02391,0.2706943154335022
sanet,02392,0.3191175162792206
sanet,02393,0.572610080242157
sanet,02394,0.44435685873031616
sanet,02395,0.4292898178100586
sanet,02396,0.37047815322875977
sanet,02397,0.3126571774482727
sanet,02398,0.18590866029262543
sanet,02399,0.5076162815093994
sanet,02400,0.4021790027618408
sanet,02401,0.43337732553482056
sanet,02402,0.660478413105011
sanet,02403,0.370810866355896
sanet,02404,0.588731050491333
sanet,02405,0.5873792171478271
sanet,02406,0.4174155294895172
sanet,02407,0.33803826570510864
sanet,02408,0.33057624101638794
sanet,02409,0.45611995458602905
sanet,02410,0.6361404061317444
sanet,02411,0.5711022615432739
sanet,02412,0.6143862009048462
sanet,02413,0.3609693646430969
sanet,02414,0.36259543895721436
sanet,02415,0.3661152124404907
sanet,02416,0.5322097539901733
sanet,02417,0.30829495191574097
sanet,02418,0.5192428231239319
sanet,02419,0.3022775650024414
sanet,02420,0.338568776845932
sanet,02421,0.5633563995361328
sanet,02422,0.7095207571983337
sanet,02423,0.5891103148460388
sanet,02424,0.6337763071060181
sanet,02425,0.6177778840065002
sanet,02426,0.5105106830596924
sanet,02427,0.4377831220626831
sanet,02428,0.5511416792869568
sanet,02429,0.3725895881652832
sanet,02430,0.20420759916305542
sanet,02431,0.3090985417366028
sanet,02432,0.3656388521194458
sanet,02433,0.5313657522201538
sanet,02434,0.23124225437641144
sanet,02435,0.264287531375885
sanet,02436,0.4009177088737488
sanet,02437,0.38504958152770996
sanet,02438,0.31269514560699463
sanet,02439,0.534161388874054
sanet,02440,0.4333201050758362
sanet,02441,0.4703200161457062
sanet,02442,0.26310285925865173
sanet,02443,0.36495354771614075
sanet,02444,0.36051705479621887
sanet,02445,0.26565343141555786
sanet,02446,0.4801881015300751
sanet,02447,0.43082088232040405
sanet,02448,0.40716516971588135
sanet,02449,0.5237941741943359
sanet,02450,0.5683491230010986
sanet,02451,0.4923090934753418
sanet,02452,0.35263216495513916
sanet,02453,0.45329606533050537
sanet,02454,0.46152257919311523
sanet,02455,0.508736789226532
sanet,02456,0.2971199154853821
sanet,02457,0.4900151491165161
sanet,02458,0.3731048107147217
sanet,02459,0.4125158190727234
sanet,02460,0.27672863006591797
sanet,02461,0.44303449988365173
sanet,02462,0.37812018394470215
sanet,02463,0.27302390336990356
sanet,02464,0.17861691117286682
sanet,02465,0.5717722177505493
sanet,02466,0.4007352292537689
sanet,02467,0.24648812413215637
sanet,02468,0.5466111898422241
sanet,02469,0.36969074606895447
sanet,02470,0.2798973321914673
sanet,02471,0.2294248342514038
sanet,02472,0.4277273714542389
sanet,02473,0.5616440773010254
sanet,02474,0.583959698677063
sanet,02475,0.6216139793395996
sanet,02476,0.39923304319381714
sanet,02477,0.08791536092758179
sanet,02478,0.3916926085948944
sanet,02479,0.31589043140411377
sanet,02480,0.4917578101158142
sanet,02481,0.605137050151825
sanet,02482,0.38806992769241333
sanet,02483,0.6547448039054871
sanet,02484,0.40796029567718506
sanet,02485,0.31424480676651
sanet,02486,0.47887831926345825
sanet,02487,0.43357282876968384
sanet,02488,0.15034855902194977
sanet,02489,0.42415159940719604
sanet,02490,0.4135921001434326
sanet,02491,0.5562357902526855
sanet,02492,0.2307828962802887
sanet,02493,0.15065693855285645
sanet,02494,0.4799284040927887
sanet,02495,0.5019079446792603
sanet,02496,0.5457313060760498
sanet,02497,0.2523287534713745
sanet,02498,0.3559613823890686
sanet,02499,0.4403054118156433
sanet,02500,0.3171420097351074
sanet,02501,0.3598940670490265
sanet,02502,0.6221452951431274
sanet,02503,0.6629279851913452
sanet,02504,0.3893142640590668
sanet,02505,0.25598564743995667
sanet,02506,0.5402551293373108
sanet,02507,0.21086092293262482
sanet,02508,0.39471128582954407
sanet,02509,0.5972394347190857
sanet,02510,0.5681759119033813
sanet,02511,0.49872103333473206
sanet,02512,0.41410088539123535
sanet,02513,0.4281327426433563
sanet,02514,0.5607349872589111
sanet,02515,0.4286687672138214
sanet,02516,0.44663718342781067
sanet,02517,0.5427789092063904
sanet,02518,0.5436787605285645
sanet,02519,0.26346319913864136
sanet,02520,0.6964610815048218
sanet,02521,0.5077022314071655
sanet,02522,0.473372220993042
sanet,02523,0.2686094641685486
sanet,02524,0.2600887715816498
sanet,02525,0.34126198291778564
sanet,02526,0.621027946472168
sanet,02527,0.5423023700714111
sanet,02528,0.015997160226106644
sanet,02529,0.1431150734424591
sanet,02530,0.5060679912567139
sanet,02531,0.6819022297859192
sanet,02532,0.5320849418640137
sanet,02533,0.6134657263755798
sanet,02534,0.6753466725349426
sanet,02535,0.2905024290084839
sanet,02536,0.6787546277046204
sanet,02537,0.26183852553367615
sanet,02538,0.36446481943130493
sanet,02539,0.3200124502182007
sanet,02540,0.4473501741886139
sanet,02541,0.5447803735733032
sanet,02542,0.4529315233230591
sanet,02543,0.45143914222717285
sanet,02544,0.3061639070510864
sanet,02545,0.27904725074768066
sanet,02546,0.4820270836353302
sanet,02547,0.39657795429229736
sanet,02548,0.4282849133014679
sanet,02549,0.31834089756011963
sanet,02550,0.4058449864387512
sanet,02551,0.5705776214599609
sanet,02552,0.6371839046478271
sanet,02553,0.4862920641899109
sanet,02554,0.661884069442749
sanet,02555,0.26180577278137207
sanet,02556,0.34924232959747314
sanet,02557,0.4054632782936096
sanet,02558,0.5418516397476196
sanet,02559,0.38164156675338745
sanet,02560,0.32958900928497314
sanet,02561,0.4675520658493042
sanet,02562,0.434529185295105
sanet,02563,0.2909177243709564
sanet,02564,0.4290761351585388
sanet,02565,0.26795753836631775
sanet,02566,0.5664891600608826
sanet,02567,0.5248383283615112
sanet,02568,0.5969125032424927
sanet,02569,0.3338908553123474
sanet,02570,0.5322458744049072
sanet,02571,0.3588183522224426
sanet,02572,0.3832494616508484
sanet,02573,0.6409820318222046
sanet,02574,0.5185397267341614
sanet,02575,0.5902340412139893
sanet,02576,0.4158804416656494
sanet,02577,0.5934457778930664
sanet,02578,0.5002051591873169
sanet,02579,0.5635453462600708
sanet,02580,0.703777551651001
sanet,02581,0.3190455436706543
sanet,02582,0.43981170654296875
sanet,02583,0.28149276971817017
sanet,02584,0.39895185828208923
sanet,02585,0.28765642642974854
sanet,02586,0.3206258714199066
sanet,02587,0.2822263836860657
sanet,02588,0.45379531383514404
sanet,02589,0.5740892887115479
sanet,02590,0.36961299180984497
sanet,02591,0.2428697645664215
sanet,02592,0.4341071546077728
sanet,02593,0.47609978914260864
sanet,02594,0.29599934816360474
sanet,02595,0.5264701247215271
sanet,02596,0.5366323590278625
sanet,02597,0.3123064637184143
sanet,02598,0.45149558782577515
sanet,02599,0.3934309482574463
sanet,02600,0.3236534297466278
sanet,02601,0.5357852578163147
sanet,02602,0.47574177384376526
sanet,02603,0.5274788737297058
sanet,02604,0.3401380777359009
sanet,02605,0.6260242462158203
sanet,02606,0.46135199069976807
sanet,02607,0.327405720949173
sanet,02608,0.42579755187034607
sanet,02609,0.3842296600341797
sanet,02610,0.47594374418258667
sanet,02611,0.6531559228897095
sanet,02612,0.3090420961380005
sanet,02613,0.29889917373657227
sanet,02614,0.5241274833679199
sanet,02615,0.3157229721546173
sanet,02616,0.34944960474967957
sanet,02617,0.35031989216804504
sanet,02618,0.4856176972389221
sanet,02619,0.3767653703689575
sanet,02620,0.6157659292221069
sanet,02621,0.5301859378814697
sanet,02622,0.5194094181060791
sanet,02623,0.5325202345848083
sanet,02624,0.2995102107524872
sanet,02625,0.5275261402130127
sanet,02626,0.260781466960907
sanet,02627,0.449734091758728
sanet,02628,0.3455803692340851
sanet,02629,0.3412853479385376
sanet,02630,0.511223316192627
sanet,02631,0.27336686849594116
sanet,02632,0.7180442810058594
sanet,02633,0.24603945016860962
sanet,02634,0.4414244294166565
sanet,02635,0.33950725197792053
sanet,02636,0.5137506127357483
sanet,02637,0.40320324897766113
sanet,02638,0.6955112218856812
sanet,02639,0.40746480226516724
sanet,02640,0.5626249313354492
sanet,02641,0.4232786297798157
sanet,02642,0.3809630870819092
sanet,02643,0.46766430139541626
sanet,02644,0.3800118565559387
sanet,02645,0.37599629163742065
sanet,02646,0.3798462450504303
sanet,02647,0.4245469570159912
sanet,02648,0.4284961521625519
sanet,02649,0.4131195843219757
sanet,02650,0.3429308533668518
sanet,02651,0.5955750942230225
sanet,02652,0.4382721483707428
sanet,02653,0.5484824180603027
sanet,02654,0.39182108640670776
sanet,02655,0.26379239559173584
sanet,02656,0.3542553186416626
sanet,02657,0.4415171146392822
sanet,02658,0.38186147809028625
sanet,02659,0.4650586247444153
sanet,02660,0.5195026397705078
sanet,02661,0.20976629853248596
sanet,02662,0.3732612133026123
sanet,02663,0.5224668383598328
sanet,02664,0.3840850591659546
sanet,02665,0.27334123849868774
sanet,02666,0.3893013000488281
sanet,02667,0.5419334769248962
sanet,02668,0.47889745235443115
sanet,02669,0.557232677936554
sanet,02670,0.35531318187713623
sanet,02671,0.29861217737197876
sanet,02672,0.26363158226013184
sanet,02673,0.423711895942688
sanet,02674,0.422746866941452
sanet,02675,0.521653413772583
sanet,02676,0.461101233959198
sanet,02677,0.269156277179718
sanet,02678,0.3290126919746399
sanet,02679,0.270591676235199
sanet,02680,0.5940717458724976
sanet,02681,0.5136317610740662
sanet,02682,0.5380305051803589
sanet,02683,0.5135605931282043
sanet,02684,0.46728894114494324
sanet,02685,0.570991575717926
sanet,02686,0.492570698261261
sanet,02687,0.41107189655303955
sanet,02688,0.3124436140060425
sanet,02689,0.38762739300727844
sanet,02690,0.482951283454895
sanet,02691,0.7050471305847168
sanet,02692,0.4955137372016907
sanet,02693,0.5189903378486633
sanet,02694,0.3647499680519104
sanet,02695,0.4954306185245514
sanet,02696,0.4408450424671173
sanet,02697,0.6917692422866821
sanet,02698,0.32840028405189514
sanet,02699,0.24416017532348633
sanet,02700,0.5156064629554749
sanet,02701,0.33779090642929077
sanet,02702,0.40871429443359375
sanet,02703,0.6729896068572998
sanet,02704,0.34913763403892517
sanet,02705,0.3118942677974701
sanet,02706,0.3599185347557068
sanet,02707,0.5856311321258545
sanet,02708,0.29610389471054077
sanet,02709,0.5951322913169861
sanet,02710,0.2770773768424988
sanet,02711,0.47517043352127075
sanet,02712,0.47366711497306824
sanet,02713,0.3004911541938782
sanet,02714,0.38099405169487
sanet,02715,0.3298328220844269
sanet,02716,0.45643872022628784
sanet,02717,0.3025486469268799
sanet,02718,0.24984124302864075
sanet,02719,0.5233688950538635
sanet,02720,0.6508456468582153
sanet,02721,0.5423039197921753
sanet,02722,0.29760199785232544
sanet,02723,0.4458732604980469
sanet,02724,0.30535122752189636
sanet,02725,0.1459343433380127
sanet,02726,0.5481246709823608
sanet,02727,0.5007599592208862
sanet,02728,0.166903555393219
sanet,02729,0.289338618516922
sanet,02730,0.48800891637802124
sanet,02731,0.3224444091320038
sanet,02732,0.19163008034229279
sanet,02733,0.6217302680015564
sanet,02734,0.17605046927928925
sanet,02735,0.2564563453197479
sanet,02736,0.5032906532287598
sanet,02737,0.4652910530567169
sanet,02738,0.3112192749977112
sanet,02739,0.3386942744255066
sanet,02740,0.34218406677246094
sanet,02741,0.6465760469436646
sanet,02742,0.3679281771183014
sanet,02743,0.5045930743217468
sanet,02744,0.37002766132354736
sanet,02745,0.1736096441745758
sanet,02746,0.5952408909797668
sanet,02747,0.3831669092178345
sanet,02748,0.6647259593009949
sanet,02749,0.7662167549133301
sanet,02750,0.6124404668807983
sanet,02751,0.40258440375328064
sanet,02752,0.6882431507110596
sanet,02753,0.4407281279563904
sanet,02754,0.4025682806968689
sanet,02755,0.5048456192016602
sanet,02756,0.4457308053970337
sanet,02757,0.5702282190322876
sanet,02758,0.6111918091773987
sanet,02759,0.5187404751777649
sanet,02760,0.3847901225090027
sanet,02761,0.23204924166202545
sanet,02762,0.5799161195755005
sanet,02763,0.23449870944023132
sanet,02764,0.2403777539730072
sanet,02765,0.2266363799571991
sanet,02766,0.5830985307693481
sanet,02767,0.38112133741378784
sanet,02768,0.5192255973815918
sanet,02769,0.2984268367290497
sanet,02770,0.45684629678726196
sanet,02771,0.6107915043830872
sanet,02772,0.5749353170394897
sanet,02773,0.39280593395233154
sanet,02774,0.5696081519126892
sanet,02775,0.5764611959457397
sanet,02776,0.3774874210357666
sanet,02777,0.5851993560791016
sanet,02778,0.33270713686943054
sanet,02779,0.6505816578865051
sanet,02780,0.56364506483078
sanet,02781,0.42696666717529297
sanet,02782,0.4212334454059601
sanet,02783,0.3831457197666168
sanet,02784,0.3900517225265503
sanet,02785,0.4010893702507019
sanet,02786,0.49971044063568115
sanet,02787,0.47027698159217834
sanet,02788,0.5171903967857361
sanet,02789,0.3904370665550232
sanet,02790,0.5363059639930725
sanet,02791,0.3214329481124878
sanet,02792,0.32119500637054443
sanet,02793,0.44897860288619995
sanet,02794,0.3942674994468689
sanet,02795,0.42494672536849976
sanet,02796,0.12926644086837769
sanet,02797,0.337699830532074
sanet,02798,0.21442289650440216
sanet,02799,0.5370588898658752
sanet,02800,0.5194622278213501
sanet,02801,0.4544820189476013
sanet,02802,0.41227924823760986
sanet,02803,0.30909499526023865
sanet,02804,0.4937211573123932
sanet,02805,0.4290343225002289
sanet,02806,0.5470063090324402
sanet,02807,0.6572030782699585
sanet,02808,0.6254968643188477
sanet,02809,0.2334894984960556
sanet,02810,0.5674139261245728
sanet,02811,0.4054781198501587
sanet,02812,0.20627978444099426
sanet,02813,0.36636149883270264
sanet,02814,0.47713732719421387
sanet,02815,0.6108869910240173
sanet,02816,0.555206298828125
sanet,02817,0.35635149478912354
sanet,02818,0.35464709997177124
sanet,02819,0.3350633680820465
sanet,02820,0.42102596163749695
sanet,02821,0.4261268377304077
sanet,02822,0.1610659509897232
sanet,02823,0.4320507347583771
sanet,02824,0.3819009065628052
sanet,02825,0.367450088262558
sanet,02826,0.3308892846107483
sanet,02827,0.5206998586654663
sanet,02828,0.3266778588294983
sanet,02829,0.4492654800415039
sanet,02830,0.437081515789032
sanet,02831,0.48402538895606995
sanet,02832,0.5171653032302856
sanet,02833,0.6609864234924316
sanet,02834,0.587727963924408
sanet,02835,0.2523350119590759
sanet,02836,0.5747499465942383
sanet,02837,0.556752622127533
sanet,02838,0.5527816414833069
sanet,02839,0.5371856689453125
sanet,02840,0.397257536649704
sanet,02841,0.2944360375404358
sanet,02842,0.30531325936317444
sanet,02843,0.29633021354675293
sanet,02844,0.4608222246170044
sanet,02845,0.1858290135860443
sanet,02846,0.38863247632980347
sanet,02847,0.6173373460769653
sanet,02848,0.3956177234649658
sanet,02849,0.38947999477386475
sanet,02850,0.3605942726135254
sanet,02851,0.25031578540802
sanet,02852,0.41253554821014404
sanet,02853,0.37902623414993286
sanet,02854,0.33173829317092896
sanet,02855,0.27127766609191895
sanet,02856,0.5166527628898621
sanet,02857,0.411933034658432
sanet,02858,0.622345507144928
sanet,02859,0.5006014108657837
sanet,02860,0.5403216481208801
sanet,02861,0.3365432620048523
sanet,02862,0.44104740023612976
sanet,02863,0.49934476613998413
sanet,02864,0.5089889764785767
sanet,02865,0.5859189033508301
sanet,02866,0.4180430471897125
sanet,02867,0.4825914204120636
sanet,02868,0.5720405578613281
sanet,02869,0.3206641376018524
sanet,02870,0.22431695461273193
sanet,02871,0.42686498165130615
sanet,02872,0.3321979343891144
sanet,02873,0.3872244358062744
sanet,02874,0.3827589154243469
sanet,02875,0.6567230820655823
sanet,02876,0.6888102889060974
sanet,02877,0.5428553819656372
sanet,02878,0.3824262022972107
sanet,02879,0.18356704711914062
sanet,02880,0.4255356788635254
sanet,02881,0.5975688695907593
sanet,02882,0.2607930302619934
sanet,02883,0.30834081768989563
sanet,02884,0.3481479585170746
sanet,02885,0.3542848527431488
sanet,02886,0.18705600500106812
sanet,02887,0.4234127998352051
sanet,02888,0.32462769746780396
sanet,02889,0.3502524793148041
sanet,02890,0.4022015631198883
sanet,02891,0.3645305931568146
sanet,02892,0.6331517696380615
sanet,02893,0.34823039174079895
sanet,02894,0.7423551678657532
sanet,02895,0.5775041580200195
sanet,02896,0.36049675941467285
sanet,02897,0.6652868390083313
sanet,02898,0.3730938732624054
sanet,02899,0.2149423211812973
sanet,02900,0.4921552538871765
sanet,02901,0.3004361093044281
sanet,02902,0.476926326751709
sanet,02903,0.3206145763397217
sanet,02904,0.3962489068508148
sanet,02905,0.3500455617904663
sanet,02906,0.30949461460113525
sanet,02907,0.33128851652145386
sanet,02908,0.3179655075073242
sanet,02909,0.6546022891998291
sanet,02910,0.33263707160949707
sanet,02911,0.3803774416446686
sanet,02912,0.335172176361084
sanet,02913,0.5584158301353455
sanet,02914,0.41330909729003906
sanet,02915,0.38042446970939636
sanet,02916,0.4387039542198181
sanet,02917,0.6092698574066162
sanet,02918,0.5354594588279724
sanet,02919,0.39814823865890503
sanet,02920,0.6712161302566528
sanet,02921,0.2574141025543213
sanet,02922,0.4541516900062561
sanet,02923,0.41855376958847046
sanet,02924,0.3518158793449402
sanet,02925,0.8027200698852539
sanet,02926,0.5074365139007568
sanet,02927,0.7703818082809448
sanet,02928,0.2794743776321411
sanet,02929,0.26418760418891907
sanet,02930,0.4742112159729004
sanet,02931,0.5214437246322632
sanet,02932,0.4849110245704651
sanet,02933,0.5960589051246643
sanet,02934,0.38695210218429565
sanet,02935,0.2774794101715088
sanet,02936,0.5124361515045166
sanet,02937,0.2399929165840149
sanet,02938,0.6438901424407959
sanet,02939,0.6494227647781372
sanet,02940,0.49159184098243713
sanet,02941,0.33661791682243347
sanet,02942,0.5636459589004517
sanet,02943,0.10657601058483124
sanet,02944,0.23712562024593353
sanet,02945,0.4397999346256256
sanet,02946,0.43882444500923157
sanet,02947,0.4095645844936371
sanet,02948,0.28394344449043274
sanet,02949,0.4167657792568207
sanet,02950,0.582280695438385
sanet,02951,0.6562485098838806
sanet,02952,0.3160897493362427
sanet,02953,0.31153056025505066
sanet,02954,0.604838490486145
sanet,02955,0.3791218101978302
sanet,02956,0.3836629092693329
sanet,02957,0.47479021549224854
sanet,02958,0.5788148641586304
sanet,02959,0.310810387134552
sanet,02960,0.3423670530319214
sanet,02961,0.4700588285923004
sanet,02962,0.5387150049209595
sanet,02963,0.5041488409042358
sanet,02964,0.45443302392959595
sanet,02965,0.5137425065040588
sanet,02966,0.5456151366233826
sanet,02967,0.33826780319213867
sanet,02968,0.556179404258728
sanet,02969,0.37277287244796753
sanet,02970,0.5420477390289307
sanet,02971,0.3635343611240387
sanet,02972,0.24776755273342133
sanet,02973,0.4144209325313568
sanet,02974,0.6219056844711304
sanet,02975,0.3903292417526245
sanet,02976,0.25603166222572327
sanet,02977,0.4614022374153137
sanet,02978,0.49509334564208984
sanet,02979,0.7090311646461487
sanet,02980,0.051964327692985535
sanet,02981,0.6571474671363831
sanet,02982,0.4982801079750061
sanet,02983,0.34960246086120605
sanet,02984,0.30334609746932983
sanet,02985,0.4346432089805603
sanet,02986,0.5651485919952393
sanet,02987,0.49598315358161926
sanet,02988,0.5111778974533081
sanet,02989,0.4675480127334595
sanet,02990,0.32729122042655945
sanet,02991,0.5682575702667236
sanet,02992,0.4217265844345093
sanet,02993,0.29893094301223755
sanet,02994,0.4416871666908264
sanet,02995,0.577004611492157
sanet,02996,0.37351295351982117
sanet,02997,0.5509744882583618
sanet,02998,0.2792360186576843
sanet,02999,0.3581739664077759
sanet,03000,0.6510562896728516
sanet,03001,0.36690178513526917
sanet,03002,0.2558766305446625
sanet,03003,0.5610514879226685
sanet,03004,0.469525545835495
sanet,03005,0.5396910905838013
sanet,03006,0.5306646823883057
sanet,03007,0.39374926686286926
sanet,03008,0.22338643670082092
sanet,03009,0.3282274007797241
sanet,03010,0.5538638830184937
sanet,03011,0.515860915184021
sanet,03012,0.3974595069885254
sanet,03013,0.5712863802909851
sanet,03014,0.22093316912651062
sanet,03015,0.19667351245880127
sanet,03016,0.5186794996261597
sanet,03017,0.3341699242591858
sanet,03018,0.203043594956398
sanet,03019,0.39883309602737427
sanet,03020,0.4145588278770447
sanet,03021,0.5681047439575195
sanet,03022,0.6058062314987183
sanet,03023,0.3293965458869934
sanet,03024,0.5301347970962524
sanet,03025,0.4241853952407837
sanet,03026,0.262432724237442
sanet,03027,0.5031263828277588
sanet,03028,0.5479750633239746
sanet,03029,0.2358393520116806
sanet,03030,0.3367759585380554
sanet,03031,0.35530024766921997
sanet,03032,0.39964473247528076
sanet,03033,0.4005158543586731
sanet,03034,0.550726056098938
sanet,03035,0.39044320583343506
sanet,03036,0.43819165229797363
sanet,03037,0.32433703541755676
sanet,03038,0.4174286723136902
sanet,03039,0.4113273620605469
sanet,03040,0.3632705509662628
sanet,03041,0.5547541379928589
sanet,03042,0.33301016688346863
sanet,03043,0.5387532711029053
sanet,03044,0.16301590204238892
sanet,03045,0.669768750667572
sanet,03046,0.4850977063179016
sanet,03047,0.2621604800224304
sanet,03048,0.41340380907058716
sanet,03049,0.3984104096889496
sanet,03050,0.5698356032371521
sanet,03051,0.4474865198135376
sanet,03052,0.5118139386177063
sanet,03053,0.3338191509246826
sanet,03054,0.2747485935688019
sanet,03055,0.6460617184638977
sanet,03056,0.34510892629623413
sanet,03057,0.5313410758972168
sanet,03058,0.5410295128822327
sanet,03059,0.5785470604896545
sanet,03060,0.5377192497253418
sanet,03061,0.4670996069908142
sanet,03062,0.4811173975467682
sanet,03063,0.41967958211898804
sanet,03064,0.49812889099121094
sanet,03065,0.35396766662597656
sanet,03066,0.3331713378429413
sanet,03067,0.42600008845329285
sanet,03068,0.30900096893310547
sanet,03069,0.3822581171989441
sanet,03070,0.41282278299331665
sanet,03071,0.4013315439224243
sanet,03072,0.11727528274059296
sanet,03073,0.5269562005996704
sanet,03074,0.4407346844673157
sanet,03075,0.44520503282546997
sanet,03076,0.32842493057250977
sanet,03077,0.459051251411438
sanet,03078,0.2480473816394806
sanet,03079,0.6349626183509827
sanet,03080,0.39957380294799805
sanet,03081,0.6462582349777222
sanet,03082,0.48136383295059204
sanet,03083,0.3748370409011841
sanet,03084,0.3505786061286926
sanet,03085,0.4524526298046112
sanet,03086,0.3215838372707367
sanet,03087,0.5291637182235718
sanet,03088,0.5712416172027588
sanet,03089,0.4030463695526123
sanet,03090,0.41402876377105713
sanet,03091,0.43383052945137024
sanet,03092,0.36819469928741455
sanet,03093,0.3743520677089691
sanet,03094,0.1789904236793518
sanet,03095,0.44821062684059143
sanet,03096,0.323146253824234
sanet,03097,0.37342798709869385
sanet,03098,0.1385306715965271
sanet,03099,0.5862607359886169
sanet,03100,0.6560125350952148
sanet,03101,0.37660452723503113
sanet,03102,0.3463069498538971
sanet,03103,0.25369495153427124
sanet,03104,0.36787092685699463
sanet,03105,0.4986377954483032
sanet,03106,0.27689510583877563
sanet,03107,0.409321665763855
sanet,03108,0.3149729371070862
sanet,03109,0.4321322441101074
sanet,03110,0.4009532332420349
sanet,03111,0.38791486620903015
sanet,03112,0.4486662745475769
sanet,03113,0.42101770639419556
sanet,03114,0.2597733438014984
sanet,03115,0.40790629386901855
sanet,03116,0.3005208373069763
sanet,03117,0.31114324927330017
sanet,03118,0.26405107975006104
sanet,03119,0.35789138078689575
sanet,03120,0.46862637996673584
sanet,03121,0.5090765953063965
sanet,03122,0.31417179107666016
sanet,03123,0.5495551824569702
sanet,03124,0.4677238464355469
sanet,03125,0.3833552598953247
sanet,03126,0.3409416675567627
sanet,03127,0.3625606298446655
sanet,03128,0.3140065670013428
sanet,03129,0.5702502727508545
sanet,03130,0.5241269469261169
sanet,03131,0.5401074886322021
sanet,03132,0.41610026359558105
sanet,03133,0.22436167299747467
sanet,03134,0.3629760146141052
sanet,03135,0.21323947608470917
sanet,03136,0.6760292053222656
sanet,03137,0.40858542919158936
sanet,03138,0.34407880902290344
sanet,03139,0.4737657308578491
sanet,03140,0.4799199104309082
sanet,03141,0.4994179308414459
sanet,03142,0.3675314784049988
sanet,03143,0.5404485464096069
sanet,03144,0.6079683303833008
sanet,03145,0.5719532370567322
sanet,03146,0.5982320308685303
sanet,03147,0.5862828493118286
sanet,03148,0.5984153747558594
sanet,03149,0.5506483316421509
sanet,03150,0.4392094016075134
sanet,03151,0.4721110165119171
sanet,03152,0.43121761083602905
sanet,03153,0.3825082778930664
sanet,03154,0.413985013961792
sanet,03155,0.3288031220436096
sanet,03156,0.37990009784698486
sanet,03157,0.45450103282928467
sanet,03158,0.40990185737609863
sanet,03159,0.4256843328475952
sanet,03160,0.4285085201263428
sanet,03161,0.6734044551849365
sanet,03162,0.1445440798997879
sanet,03163,0.6104073524475098
sanet,03164,0.5250966548919678
sanet,03165,0.4795208275318146
sanet,03166,0.28722083568573
sanet,03167,0.45004934072494507
sanet,03168,0.29716843366622925
sanet,03169,0.3705674707889557
sanet,03170,0.38311511278152466
sanet,03171,0.4071083962917328
sanet,03172,0.5703157186508179
sanet,03173,0.5596621632575989
sanet,03174,0.6303691864013672
sanet,03175,0.5421966910362244
sanet,03176,0.24740737676620483
sanet,03177,0.7024363279342651
sanet,03178,0.2693163752555847
sanet,03179,0.5527933239936829
sanet,03180,0.21454988420009613
sanet,03181,0.4023081660270691
sanet,03182,0.4908168911933899
sanet,03183,0.7147585153579712
sanet,03184,0.30470672249794006
sanet,03185,0.33667922019958496
sanet,03186,0.48919689655303955
sanet,03187,0.47603708505630493
sanet,03188,0.4451235234737396
sanet,03189,0.36995917558670044
sanet,03190,0.40708309412002563
sanet,03191,0.3779504597187042
sanet,03192,0.33816492557525635
sanet,03193,0.42928963899612427
sanet,03194,0.5741761922836304
sanet,03195,0.6819354891777039
sanet,03196,0.37092792987823486
sanet,03197,0.4090496003627777
sanet,03198,0.3670295178890228
sanet,03199,0.3302706778049469
sanet,03200,0.5241999626159668
sanet,03201,0.3934987783432007
sanet,03202,0.4908289313316345
sanet,03203,0.5665714144706726
sanet,03204,0.5978819131851196
sanet,03205,0.30439484119415283
sanet,03206,0.6572597026824951
sanet,03207,0.2612683176994324
sanet,03208,0.37468335032463074
sanet,03209,0.48437660932540894
sanet,03210,0.4498421549797058
sanet,03211,0.4558589458465576
sanet,03212,0.507660984992981
sanet,03213,0.5930567383766174
sanet,03214,0.5390126705169678
sanet,03215,0.40912526845932007
sanet,03216,0.2898856997489929
sanet,03217,0.5313847064971924
sanet,03218,0.16395875811576843
sanet,03219,0.7364444136619568
sanet,03220,0.44015389680862427
sanet,03221,0.6061385869979858
sanet,03222,0.5929538011550903
sanet,03223,0.46577268838882446
sanet,03224,0.3610725998878479
sanet,03225,0.3558238744735718
sanet,03226,0.4256327450275421
sanet,03227,0.4219987988471985
sanet,03228,0.3409119248390198
sanet,03229,0.3917309641838074
sanet,03230,0.47149908542633057
sanet,03231,0.5437670946121216
sanet,03232,0.3273014426231384
sanet,03233,0.5600006580352783
sanet,03234,0.3794054687023163
sanet,03235,0.4457720220088959
sanet,03236,0.2903229892253876
sanet,03237,0.34480994939804077
sanet,03238,0.4574234187602997
sanet,03239,0.3954247832298279
sanet,03240,0.5121392011642456
sanet,03241,0.3620138168334961
sanet,03242,0.3866153061389923
sanet,03243,0.4765034019947052
sanet,03244,0.4942857623100281
sanet,03245,0.57274329662323
sanet,03246,0.4130187928676605
sanet,03247,0.3217475116252899
sanet,03248,0.38683122396469116
sanet,03249,0.6735146045684814
sanet,03250,0.5639220476150513
sanet,03251,0.30103325843811035
sanet,03252,0.2675900459289551
sanet,03253,0.4426226019859314
sanet,03254,0.6006857752799988
sanet,03255,0.47834616899490356
sanet,03256,0.3064119517803192
sanet,03257,0.5812456607818604
sanet,03258,0.4624966084957123
sanet,03259,0.45610111951828003
sanet,03260,0.3548395037651062
sanet,03261,0.3418422341346741
sanet,03262,0.35180068016052246
sanet,03263,0.6095923185348511
sanet,03264,0.6050806045532227
sanet,03265,0.3757839500904083
sanet,03266,0.3825310468673706
sanet,03267,0.4118461608886719
sanet,03268,0.514997124671936
sanet,03269,0.5118075609207153
sanet,03270,0.5836983919143677
sanet,03271,0.47444963455200195
sanet,03272,0.3615933656692505
sanet,03273,0.30785396695137024
sanet,03274,0.46510592103004456
sanet,03275,0.6330846548080444
sanet,03276,0.45363521575927734
sanet,03277,0.504962146282196
sanet,03278,0.7040730118751526
sanet,03279,0.5260814428329468
sanet,03280,0.4285162687301636
sanet,03281,0.30225151777267456
sanet,03282,0.23635613918304443
sanet,03283,0.4526093006134033
sanet,03284,0.3642054796218872
sanet,03285,0.6959394812583923
sanet,03286,0.46022212505340576
sanet,03287,0.718531608581543
sanet,03288,0.3805527687072754
sanet,03289,0.35270535945892334
sanet,03290,0.3504199981689453
sanet,03291,0.29607057571411133
sanet,03292,0.3745037913322449
sanet,03293,0.5070377588272095
sanet,03294,0.36393868923187256
sanet,03295,0.3789691925048828
sanet,03296,0.19559654593467712
sanet,03297,0.40138185024261475
sanet,03298,0.4731329679489136
sanet,03299,0.6909011602401733
sanet,03300,0.4103795289993286
sanet,03301,0.5381302833557129
sanet,03302,0.4135773181915283
sanet,03303,0.514939546585083
sanet,03304,0.29785680770874023
sanet,03305,0.40425536036491394
sanet,03306,0.4491041302680969
sanet,03307,0.3716030716896057
sanet,03308,0.5245370268821716
sanet,03309,0.5797842144966125
sanet,03310,0.5582484602928162
sanet,03311,0.3926730751991272
sanet,03312,0.6191799640655518
sanet,03313,0.47307586669921875
sanet,03314,0.48325681686401367
sanet,03315,0.16740214824676514
sanet,03316,0.6633419990539551
sanet,03317,0.4531111717224121
sanet,03318,0.3919598162174225
sanet,03319,0.6294922828674316
sanet,03320,0.4058043360710144
sanet,03321,0.30663102865219116
sanet,03322,0.4959426522254944
sanet,03323,0.26321345567703247
sanet,03324,0.42755353450775146
sanet,03325,0.5052143335342407
sanet,03326,0.4831286668777466
sanet,03327,0.30144602060317993
sanet,03328,0.6145421266555786
sanet,03329,0.47471192479133606
sanet,03330,0.2759518623352051
sanet,03331,0.4165406823158264
sanet,03332,0.5315971970558167
sanet,03333,0.4736845791339874
sanet,03334,0.7026610374450684
sanet,03335,0.47485587000846863
sanet,03336,0.2875921130180359
sanet,03337,0.5298069715499878
sanet,03338,0.4777210056781769
sanet,03339,0.505923867225647
sanet,03340,0.23498409986495972
sanet,03341,0.24665670096874237
sanet,03342,0.5130801796913147
sanet,03343,0.7227007150650024
sanet,03344,0.42412713170051575
sanet,03345,0.337302565574646
sanet,03346,0.5803943276405334
sanet,03347,0.5766046643257141
sanet,03348,0.49811607599258423
sanet,03349,0.4915299415588379
sanet,03350,0.481748104095459
sanet,03351,0.370349645614624
sanet,03352,0.39993223547935486
sanet,03353,0.3320167660713196
sanet,03354,0.594043493270874
sanet,03355,0.31669750809669495
sanet,03356,0.40324074029922485
sanet,03357,0.47207462787628174
sanet,03358,0.3142865300178528
sanet,03359,0.3935905396938324
sanet,03360,0.3821955919265747
sanet,03361,0.3580501675605774
sanet,03362,0.38240543007850647
sanet,03363,0.4724414348602295
sanet,03364,0.4102530777454376
sanet,03365,0.48902833461761475
sanet,03366,0.35892218351364136
sanet,03367,0.4825115203857422
sanet,03368,0.4275115132331848
sanet,03369,0.30024704337120056
sanet,03370,0.29448068141937256
sanet,03371,0.2456267774105072
sanet,03372,0.43870601058006287
sanet,03373,0.1888224184513092
sanet,03374,0.506300687789917
sanet,03375,0.39418622851371765
sanet,03376,0.6859049201011658
sanet,03377,0.46078217029571533
sanet,03378,0.21168707311153412
sanet,03379,0.4627501964569092
sanet,03380,0.6366466283798218
sanet,03381,0.2792329788208008
sanet,03382,0.3171328902244568
sanet,03383,0.5720131397247314
sanet,03384,0.4823532998561859
sanet,03385,0.38412147760391235
sanet,03386,0.7018656730651855
sanet,03387,0.4309375584125519
sanet,03388,0.552429735660553
sanet,03389,0.5801156759262085
sanet,03390,0.46080225706100464
sanet,03391,0.2567707300186157
sanet,03392,0.3099765181541443
sanet,03393,0.4443032145500183
sanet,03394,0.5312099456787109
sanet,03395,0.45883792638778687
sanet,03396,0.27061864733695984
sanet,03397,0.4473126530647278
sanet,03398,0.3997061252593994
sanet,03399,0.6963374614715576
sanet,03400,0.41435980796813965
sanet,03401,0.38975200057029724
sanet,03402,0.4919465184211731
sanet,03403,0.17096787691116333
sanet,03404,0.4782339930534363
sanet,03405,0.6690970063209534
sanet,03406,0.4359738230705261
sanet,03407,0.44708794355392456
sanet,03408,0.2829962968826294
sanet,03409,0.3221283555030823
sanet,03410,0.36882585287094116
sanet,03411,0.6494817733764648
sanet,03412,0.4140593111515045
sanet,03413,0.541851818561554
sanet,03414,0.3384593725204468
sanet,03415,0.45428502559661865
sanet,03416,0.501510739326477
sanet,03417,0.6602807641029358
sanet,03418,0.21996499598026276
sanet,03419,0.44427186250686646
sanet,03420,0.4652453362941742
sanet,03421,0.6600424647331238
sanet,03422,0.40466827154159546
sanet,03423,0.3417207598686218
sanet,03424,0.3319516181945801
sanet,03425,0.5735121965408325
sanet,03426,0.566735029220581
sanet,03427,0.550429105758667
sanet,03428,0.4011487364768982
sanet,03429,0.2968728840351105
sanet,03430,0.5044997334480286
sanet,03431,0.34711796045303345
sanet,03432,0.520552933216095
sanet,03433,0.4767787456512451
sanet,03434,0.5523660182952881
sanet,03435,0.16263917088508606
sanet,03436,0.6267034411430359
sanet,03437,0.48105210065841675
sanet,03438,0.6224466562271118
sanet,03439,0.5720300674438477
sanet,03440,0.45649394392967224
sanet,03441,0.49010616540908813
sanet,03442,0.42038556933403015
sanet,03443,0.5026419758796692
sanet,03444,0.22121545672416687
sanet,03445,0.2897982597351074
sanet,03446,0.3976864218711853
sanet,03447,0.3351474702358246
sanet,03448,0.3617320954799652
sanet,03449,0.6580314636230469
sanet,03450,0.6162711977958679
sanet,03451,0.4226675033569336
sanet,03452,0.3830346465110779
sanet,03453,0.4724518954753876
sanet,03454,0.6673749685287476
sanet,03455,0.6821327805519104
sanet,03456,0.4278360903263092
sanet,03457,0.5670070648193359
sanet,03458,0.34245115518569946
sanet,03459,0.53275465965271
sanet,03460,0.657862663269043
sanet,03461,0.058354418724775314
sanet,03462,0.45871731638908386
sanet,03463,0.488292932510376
sanet,03464,0.24835731089115143
sanet,03465,0.6050136685371399
sanet,03466,0.142131507396698
sanet,03467,0.46624550223350525
sanet,03468,0.36084362864494324
sanet,03469,0.596229612827301
sanet,03470,0.4001983106136322
sanet,03471,0.48729097843170166
sanet,03472,0.4280398488044739
sanet,03473,0.4950217604637146
sanet,03474,0.5910722613334656
sanet,03475,0.4338160753250122
sanet,03476,0.4359455704689026
sanet,03477,0.564186155796051
sanet,03478,0.5174599289894104
sanet,03479,0.26019585132598877
sanet,03480,0.1843973994255066
sanet,03481,0.21007296442985535
sanet,03482,0.383916974067688
sanet,03483,0.46321603655815125
sanet,03484,0.3673592209815979
sanet,03485,0.4330417513847351
sanet,03486,0.3350502550601959
sanet,03487,0.3846238851547241
sanet,03488,0.49613624811172485
sanet,03489,0.1753479540348053
sanet,03490,0.5449079871177673
sanet,03491,0.5432054996490479
sanet,03492,0.44338488578796387
sanet,03493,0.517288088798523
sanet,03494,0.3655373454093933
sanet,03495,0.7261993885040283
sanet,03496,0.44763559103012085
sanet,03497,0.4062308073043823
sanet,03498,0.489789217710495
sanet,03499,0.3971627354621887
sanet,03500,0.5994974374771118
sanet,03501,0.587651789188385
sanet,03502,0.454722136259079
sanet,03503,0.3918464481830597
sanet,03504,0.41819655895233154
sanet,03505,0.4687950611114502
sanet,03506,0.2724776566028595
sanet,03507,0.4254051446914673
sanet,03508,0.5761831998825073
sanet,03509,0.45700499415397644
sanet,03510,0.41770070791244507
sanet,03511,0.5287624597549438
sanet,03512,0.26977550983428955
sanet,03513,0.18702015280723572
sanet,03514,0.4588814675807953
sanet,03515,0.4463697075843811
sanet,03516,0.17319835722446442
sanet,03517,0.27673065662384033
sanet,03518,0.5627389550209045
sanet,03519,0.4579819142818451
sanet,03520,0.3209978938102722
sanet,03521,0.5030232667922974
sanet,03522,0.5724208354949951
sanet,03523,0.574933648109436
sanet,03524,0.6338634490966797
sanet,03525,0.5834375619888306
sanet,03526,0.6396059393882751
sanet,03527,0.45964157581329346
sanet,03528,0.3062511682510376
sanet,03529,0.4528551697731018
sanet,03530,0.282699853181839
sanet,03531,0.6190128326416016
sanet,03532,0.5928554534912109
sanet,03533,0.29777398705482483
sanet,03534,0.406411349773407
sanet,03535,0.2778075337409973
sanet,03536,0.5511636734008789
sanet,03537,0.5359846353530884
sanet,03538,0.36051392555236816
sanet,03539,0.5620015263557434
sanet,03540,0.5830146074295044
sanet,03541,0.34201568365097046
sanet,03542,0.3211791217327118
sanet,03543,0.33248651027679443
sanet,03544,0.31831783056259155
sanet,03545,0.5350062251091003
sanet,03546,0.3439365029335022
sanet,03547,0.2318137139081955
sanet,03548,0.26934877038002014
sanet,03549,0.2656930685043335
sanet,03550,0.48778486251831055
sanet,03551,0.45465677976608276
sanet,03552,0.4477359652519226
sanet,03553,0.41067296266555786
sanet,03554,0.2914706766605377
sanet,03555,0.2679987847805023
sanet,03556,0.19673317670822144
sanet,03557,0.49049314856529236
sanet,03558,0.26666656136512756
sanet,03559,0.19489698112010956
sanet,03560,0.49067890644073486
sanet,03561,0.3254067897796631
sanet,03562,0.20026245713233948
sanet,03563,0.27564263343811035
sanet,03564,0.41444090008735657
sanet,03565,0.4148540198802948
sanet,03566,0.5176597833633423
sanet,03567,0.7601218223571777
sanet,03568,0.2850138247013092
sanet,03569,0.569023609161377
sanet,03570,0.3388403356075287
sanet,03571,0.4750605821609497
sanet,03572,0.42237553000450134
sanet,03573,0.27971088886260986
sanet,03574,0.2552601397037506
sanet,03575,0.4791421592235565
sanet,03576,0.43561291694641113
sanet,03577,0.278656929731369
sanet,03578,0.5451431274414062
sanet,03579,0.6718854308128357
sanet,03580,0.441245436668396
sanet,03581,0.33931082487106323
sanet,03582,0.21531438827514648
sanet,03583,0.41109004616737366
sanet,03584,0.4680365324020386
sanet,03585,0.6193383932113647
sanet,03586,0.39913320541381836
sanet,03587,0.44363629817962646
sanet,03588,0.4948313534259796
sanet,03589,0.40935948491096497
sanet,03590,0.3875238299369812
sanet,03591,0.10909699648618698
sanet,03592,0.20111046731472015
sanet,03593,0.46969008445739746
sanet,03594,0.33049312233924866
sanet,03595,0.5951887369155884
sanet,03596,0.20656448602676392
sanet,03597,0.4667420983314514
sanet,03598,0.15861691534519196
sanet,03599,0.5712629556655884
sanet,03600,0.36415189504623413
sanet,03601,0.339180052280426
sanet,03602,0.3093593716621399
sanet,03603,0.644895613193512
sanet,03604,0.5553382635116577
sanet,03605,0.4025663137435913
sanet,03606,0.23644372820854187
sanet,03607,0.5640599131584167
sanet,03608,0.45629358291625977
sanet,03609,0.26112866401672363
sanet,03610,0.5653150081634521
sanet,03611,0.3634290397167206
sanet,03612,0.5747425556182861
sanet,03613,0.161645770072937
sanet,03614,0.5585707426071167
sanet,03615,0.11559779942035675
sanet,03616,0.34485387802124023
sanet,03617,0.26251935958862305
sanet,03618,0.3481592535972595
sanet,03619,0.6248664855957031
sanet,03620,0.6446566581726074
sanet,03621,0.39026209712028503
sanet,03622,0.5521388053894043
sanet,03623,0.4153236150741577
sanet,03624,0.4024287462234497
sanet,03625,0.396556556224823
sanet,03626,0.3299984931945801
sanet,03627,0.43129628896713257
sanet,03628,0.3496151268482208
sanet,03629,0.49702608585357666
sanet,03630,0.5244765281677246
sanet,03631,0.5167254209518433
sanet,03632,0.4029066860675812
sanet,03633,0.4180877208709717
sanet,03634,0.399995893239975
sanet,03635,0.4270642399787903
sanet,03636,0.3225333094596863
sanet,03637,0.3707517981529236
sanet,03638,0.5342302918434143
sanet,03639,0.5409513711929321
sanet,03640,0.524196445941925
sanet,03641,0.41945865750312805
sanet,03642,0.6332882642745972
sanet,03643,0.5365519523620605
sanet,03644,0.46806368231773376
sanet,03645,0.43384379148483276
sanet,03646,0.5512551069259644
sanet,03647,0.5696456432342529
sanet,03648,0.39075765013694763
sanet,03649,0.7473369240760803
sanet,03650,0.44795873761177063
sanet,03651,0.4580419659614563
sanet,03652,0.4738815724849701
sanet,03653,0.479137659072876
sanet,03654,0.3610430955886841
sanet,03655,0.5091890096664429
sanet,03656,0.3680475056171417
sanet,03657,0.4059414267539978
sanet,03658,0.3966232240200043
sanet,03659,0.24006424844264984
sanet,03660,0.695821225643158
sanet,03661,0.6128242015838623
sanet,03662,0.44041523337364197
sanet,03663,0.32692456245422363
sanet,03664,0.29016566276550293
sanet,03665,0.4470752477645874
sanet,03666,0.49945569038391113
sanet,03667,0.6489546298980713
sanet,03668,0.5377457141876221
sanet,03669,0.35837382078170776
sanet,03670,0.4601505994796753
sanet,03671,0.4691256880760193
sanet,03672,0.47286850214004517
sanet,03673,0.34928756952285767
sanet,03674,0.24405288696289062
sanet,03675,0.2133307009935379
sanet,03676,0.509493350982666
sanet,03677,0.2539937496185303
sanet,03678,0.4426012635231018
sanet,03679,0.6238663196563721
sanet,03680,0.4937557578086853
sanet,03681,0.5527573823928833
sanet,03682,0.4309573173522949
sanet,03683,0.37390536069869995
sanet,03684,0.48267626762390137
sanet,03685,0.5942083597183228
sanet,03686,0.5019426345825195
sanet,03687,0.4349997341632843
sanet,03688,0.4713951349258423
sanet,03689,0.40702399611473083
sanet,03690,0.2156178057193756
sanet,03691,0.46390020847320557
sanet,03692,0.5665844678878784
sanet,03693,0.46200668811798096
sanet,03694,0.44952505826950073
sanet,03695,0.3637697398662567
sanet,03696,0.5815824270248413
sanet,03697,0.3695599436759949
sanet,03698,0.6802204847335815
sanet,03699,0.27431532740592957
sanet,03700,0.26724547147750854
sanet,03701,0.5476500988006592
sanet,03702,0.48946404457092285
sanet,03703,0.48608294129371643
sanet,03704,0.25840988755226135
sanet,03705,0.640076756477356
sanet,03706,0.44390273094177246
sanet,03707,0.2642810344696045
sanet,03708,0.287607342004776
sanet,03709,0.6141136884689331
sanet,03710,0.35625094175338745
sanet,03711,0.47235846519470215
sanet,03712,0.4287799000740051
sanet,03713,0.5066267251968384
sanet,03714,0.46558678150177
sanet,03715,0.2939731478691101
sanet,03716,0.3617926836013794
sanet,03717,0.48274266719818115
sanet,03718,0.21692496538162231
sanet,03719,0.5998509526252747
sanet,03720,0.40444138646125793
sanet,03721,0.28245478868484497
sanet,03722,0.3317146897315979
sanet,03723,0.3670487403869629
sanet,03724,0.5148203372955322
sanet,03725,0.47273263335227966
sanet,03726,0.5267126560211182
sanet,03727,0.5069817304611206
sanet,03728,0.30000039935112
sanet,03729,0.35676735639572144
sanet,03730,0.4255330562591553
sanet,03731,0.32300424575805664
sanet,03732,0.500839114189148
sanet,03733,0.5993907451629639
sanet,03734,0.6241937279701233
sanet,03735,0.49306344985961914
sanet,03736,0.3196166753768921
sanet,03737,0.559238612651825
sanet,03738,0.5846523642539978
sanet,03739,0.40098416805267334
sanet,03740,0.421922504901886
sanet,03741,0.5862266421318054
sanet,03742,0.44073930382728577
sanet,03743,0.6169959306716919
sanet,03744,0.31282007694244385
sanet,03745,0.5410894155502319
sanet,03746,0.17096474766731262
sanet,03747,0.389950692653656
sanet,03748,0.5933763384819031
sanet,03749,0.5177717804908752
sanet,03750,0.08760252594947815
sanet,03751,0.3446446657180786
sanet,03752,0.23904362320899963
sanet,03753,0.4362201690673828
sanet,03754,0.5277755260467529
sanet,03755,0.4607216417789459
sanet,03756,0.4650312066078186
sanet,03757,0.37586259841918945
sanet,03758,0.5010144114494324
sanet,03759,0.37273311614990234
sanet,03760,0.34054046869277954
sanet,03761,0.522496223449707
sanet,03762,0.3803737163543701
sanet,03763,0.6178258657455444
sanet,03764,0.5086613893508911
sanet,03765,0.5249178409576416
sanet,03766,0.30684882402420044
sanet,03767,0.302961528301239
sanet,03768,0.19955229759216309
sanet,03769,0.2164337933063507
sanet,03770,0.4021247625350952
sanet,03771,0.49983376264572144
sanet,03772,0.40066075325012207
sanet,03773,0.5541744828224182
sanet,03774,0.7076357007026672
sanet,03775,0.46341052651405334
sanet,03776,0.5401611328125
sanet,03777,0.39660778641700745
sanet,03778,0.31809839606285095
sanet,03779,0.5432194471359253
sanet,03780,0.3848711848258972
sanet,03781,0.36328455805778503
sanet,03782,0.4301440715789795
sanet,03783,0.25122860074043274
sanet,03784,0.41216522455215454
sanet,03785,0.4429610073566437
sanet,03786,0.3132486939430237
sanet,03787,0.284608393907547
sanet,03788,0.3484025001525879
sanet,03789,0.2579804062843323
sanet,03790,0.29009661078453064
sanet,03791,0.5209394693374634
sanet,03792,0.10062508285045624
sanet,03793,0.6725550889968872
sanet,03794,0.5794731378555298
sanet,03795,0.5158404111862183
sanet,03796,0.3617977797985077
sanet,03797,0.5810573101043701
sanet,03798,0.488937646150589
sanet,03799,0.20460358262062073
sanet,03800,0.4165233373641968
sanet,03801,0.34883105754852295
sanet,03802,0.3887530565261841
sanet,03803,0.48128771781921387
sanet,03804,0.284282386302948
sanet,03805,0.384079247713089
sanet,03806,0.4882195293903351
sanet,03807,0.19248634576797485
sanet,03808,0.3158596158027649
sanet,03809,0.3509139120578766
sanet,03810,0.23485252261161804
sanet,03811,0.5204447507858276
sanet,03812,0.4525747299194336
sanet,03813,0.5962721109390259
sanet,03814,0.3674667477607727
sanet,03815,0.3930378556251526
sanet,03816,0.39379560947418213
sanet,03817,0.4437868595123291
sanet,03818,0.43214932084083557
sanet,03819,0.3911876082420349
sanet,03820,0.4721304178237915
sanet,03821,0.5313528776168823
sanet,03822,0.22373764216899872
sanet,03823,0.8102896213531494
sanet,03824,0.41863930225372314
sanet,03825,0.34699130058288574
sanet,03826,0.22275477647781372
sanet,03827,0.6595554947853088
sanet,03828,0.45199519395828247
sanet,03829,0.6146374940872192
sanet,03830,0.56719970703125
sanet,03831,0.3928163945674896
sanet,03832,0.3410224914550781
sanet,03833,0.5643681287765503
sanet,03834,0.7425631284713745
sanet,03835,0.3397112488746643
sanet,03836,0.40270113945007324
sanet,03837,0.5584796667098999
sanet,03838,0.6317449808120728
sanet,03839,0.3531363606452942
sanet,03840,0.5382688641548157
sanet,03841,0.5205065608024597
sanet,03842,0.3644929528236389
sanet,03843,0.5735382437705994
sanet,03844,0.43612366914749146
sanet,03845,0.5083624124526978
sanet,03846,0.4243026375770569
sanet,03847,0.49378448724746704
sanet,03848,0.21704241633415222
sanet,03849,0.22782428562641144
sanet,03850,0.3055921494960785
sanet,03851,0.5350149869918823
sanet,03852,0.3530263304710388
sanet,03853,0.5052828788757324
sanet,03854,0.49237674474716187
sanet,03855,0.4935648441314697
sanet,03856,0.3876967430114746
sanet,03857,0.7564333081245422
sanet,03858,0.62114417552948
sanet,03859,0.42566365003585815
sanet,03860,0.6293100118637085
sanet,03861,0.3307645320892334
sanet,03862,0.36153456568717957
sanet,03863,0.4313468337059021
sanet,03864,0.6079728603363037
sanet,03865,0.255352258682251
sanet,03866,0.48337143659591675
sanet,03867,0.30139482021331787
sanet,03868,0.6698886156082153
sanet,03869,0.45977434515953064
sanet,03870,0.45260170102119446
sanet,03871,0.534088134765625
sanet,03872,0.4759911894798279
sanet,03873,0.506759524345398
sanet,03874,0.5939840078353882
sanet,03875,0.3291947841644287
sanet,03876,0.5806335806846619
sanet,03877,0.2711979150772095
sanet,03878,0.6144553422927856
sanet,03879,0.5907718539237976
sanet,03880,0.5364968776702881
sanet,03881,0.3661099374294281
sanet,03882,0.5270623564720154
sanet,03883,0.31770098209381104
sanet,03884,0.44360893964767456
sanet,03885,0.5544978380203247
sanet,03886,0.6286563873291016
sanet,03887,0.3442368507385254
sanet,03888,0.21865278482437134
sanet,03889,0.6257182359695435
sanet,03890,0.6728206872940063
sanet,03891,0.40794676542282104
sanet,03892,0.3691585659980774
sanet,03893,0.4939129054546356
sanet,03894,0.5636889934539795
sanet,03895,0.6933069229125977
sanet,03896,0.5182923078536987
sanet,03897,0.6649014353752136
sanet,03898,0.4757189452648163
sanet,03899,0.2771148383617401
sanet,03900,0.625873863697052
sanet,03901,0.38871854543685913
sanet,03902,0.38542842864990234
sanet,03903,0.34816306829452515
sanet,03904,0.4673711657524109
sanet,03905,0.4086707532405853
sanet,03906,0.5138449668884277
sanet,03907,0.3448778986930847
sanet,03908,0.2563537061214447
sanet,03909,0.454324871301651
sanet,03910,0.4450374245643616
sanet,03911,0.5532921552658081
sanet,03912,0.6198387145996094
sanet,03913,0.21564140915870667
sanet,03914,0.34276440739631653
sanet,03915,0.29074805974960327
sanet,03916,0.43805840611457825
sanet,03917,0.22379031777381897
sanet,03918,0.2637453079223633
sanet,03919,0.5310280323028564
sanet,03920,0.5312603712081909
sanet,03921,0.6020328402519226
sanet,03922,0.36555540561676025
sanet,03923,0.46227559447288513
sanet,03924,0.34481871128082275
sanet,03925,0.44348859786987305
sanet,03926,0.5534374713897705
sanet,03927,0.6049422025680542
sanet,03928,0.49280309677124023
sanet,03929,0.44621071219444275
sanet,03930,0.4345475733280182
sanet,03931,0.4369667172431946
sanet,03932,0.21636222302913666
sanet,03933,0.3539125919342041
sanet,03934,0.4745609164237976
sanet,03935,0.47284337878227234
sanet,03936,0.3417908847332001
sanet,03937,0.5899380445480347
sanet,03938,0.44276076555252075
sanet,03939,0.34661930799484253
sanet,03940,0.44927701354026794
sanet,03941,0.4667428731918335
sanet,03942,0.43613559007644653
sanet,03943,0.48234134912490845
sanet,03944,0.46855321526527405
sanet,03945,0.34906357526779175
sanet,03946,0.3996603786945343
sanet,03947,0.4645400941371918
sanet,03948,0.5028541684150696
sanet,03949,0.5963243246078491
sanet,03950,0.2872895300388336
sanet,03951,0.43433621525764465
sanet,03952,0.5364937782287598
sanet,03953,0.4180375933647156
sanet,03954,0.3827803134918213
sanet,03955,0.3463684916496277
sanet,03956,0.38487547636032104
sanet,03957,0.44831860065460205
sanet,03958,0.48427122831344604
sanet,03959,0.40596309304237366
sanet,03960,0.4391530156135559
sanet,03961,0.5763026475906372
sanet,03962,0.46729010343551636
sanet,03963,0.48602914810180664
sanet,03964,0.46694889664649963
sanet,03965,0.5815955996513367
sanet,03966,0.39870426058769226
sanet,03967,0.5594065189361572
sanet,03968,0.44821199774742126
sanet,03969,0.3981841206550598
sanet,03970,0.7630184292793274
sanet,03971,0.40116822719573975
sanet,03972,0.34645360708236694
sanet,03973,0.43399661779403687
sanet,03974,0.5808084011077881
sanet,03975,0.3053410053253174
sanet,03976,0.32024848461151123
sanet,03977,0.4426235556602478
sanet,03978,0.408568799495697
sanet,03979,0.5521986484527588
sanet,03980,0.41330188512802124
sanet,03981,0.486427366733551
sanet,03982,0.42170608043670654
sanet,03983,0.5902982354164124
sanet,03984,0.16205713152885437
sanet,03985,0.5175341963768005
sanet,03986,0.3054851293563843
sanet,03987,0.5469862222671509
sanet,03988,0.3767540454864502
sanet,03989,0.40823012590408325
sanet,03990,0.3899335265159607
sanet,03991,0.327131450176239
sanet,03992,0.42062172293663025
sanet,03993,0.59307461977005
sanet,03994,0.3264586925506592
sanet,03995,0.31064939498901367
sanet,03996,0.5691006183624268
sanet,03997,0.33992937207221985
sanet,03998,0.5776973962783813
sanet,03999,0.4363207519054413
sanet,04000,0.4915314316749573
sanet,04001,0.6080056428909302
sanet,04002,0.7172053456306458
sanet,04003,0.3032603859901428
sanet,04004,0.3050631582736969
sanet,04005,0.5445760488510132
sanet,04006,0.4919373393058777
sanet,04007,0.35976094007492065
sanet,04008,0.5083529949188232
sanet,04009,0.24291276931762695
sanet,04010,0.3961305618286133
sanet,04011,0.4058815538883209
sanet,04012,0.542202353477478
sanet,04013,0.3645661771297455
sanet,04014,0.47297948598861694
sanet,04015,0.20254898071289062
sanet,04016,0.6315733194351196
sanet,04017,0.7317764163017273
sanet,04018,0.5709831714630127
sanet,04019,0.26249459385871887
sanet,04020,0.3850196599960327
sanet,04021,0.6718769669532776
sanet,04022,0.24513046443462372
sanet,04023,0.32299280166625977
sanet,04024,0.43538394570350647
sanet,04025,0.44394123554229736
sanet,04026,0.41312700510025024
sanet,04027,0.6005299091339111
sanet,04028,0.30272218585014343
sanet,04029,0.2419905811548233
sanet,04030,0.4397266209125519
sanet,04031,0.3486177623271942
sanet,04032,0.4203735589981079
sanet,04033,0.47119399905204773
sanet,04034,0.3170939087867737
sanet,04035,0.44096270203590393
sanet,04036,0.43237704038619995
sanet,04037,0.552095890045166
sanet,04038,0.5454847812652588
sanet,04039,0.4992823302745819
sanet,04040,0.5220877528190613
sanet,04041,0.6806148290634155
sanet,04042,0.35564327239990234
sanet,04043,0.5756828784942627
sanet,04044,0.37454408407211304
sanet,04045,0.5517219305038452
sanet,04046,0.5615025758743286
sanet,04047,0.546984851360321
sanet,04048,0.4794203042984009
sanet,04049,0.44766682386398315
sanet,04050,0.4344217777252197
sanet,04051,0.41040390729904175
sanet,04052,0.28911107778549194
sanet,04053,0.19428107142448425
sanet,04054,0.39256805181503296
sanet,04055,0.4313814342021942
sanet,04056,0.33391857147216797
sanet,04057,0.44902098178863525
sanet,04058,0.5511237978935242
sanet,04059,0.43898600339889526
sanet,04060,0.3621005415916443
sanet,04061,0.5607415437698364
sanet,04062,0.05646418780088425
sanet,04063,0.6062167882919312
sanet,04064,0.3470994830131531
sanet,04065,0.40723440051078796
sanet,04066,0.2875509560108185
sanet,04067,0.4494469165802002
sanet,04068,0.37289464473724365
sanet,04069,0.45709168910980225
sanet,04070,0.5810359120368958
sanet,04071,0.6765819787979126
sanet,04072,0.27043190598487854
sanet,04073,0.5025641322135925
sanet,04074,0.3095671832561493
sanet,04075,0.3453550934791565
sanet,04076,0.33419662714004517
sanet,04077,0.21127744019031525
sanet,04078,0.3026220202445984
sanet,04079,0.08089116960763931
sanet,04080,0.5329059362411499
sanet,04081,0.3901379704475403
sanet,04082,0.3871440887451172
sanet,04083,0.39236730337142944
sanet,04084,0.35989558696746826
sanet,04085,0.4511621594429016
sanet,04086,0.3948752284049988
sanet,04087,0.3585734963417053
sanet,04088,0.5978546738624573
sanet,04089,0.478877454996109
sanet,04090,0.2964653968811035
sanet,04091,0.49900346994400024
sanet,04092,0.4945368468761444
sanet,04093,0.44410961866378784
sanet,04094,0.6576995253562927
sanet,04095,0.3539665639400482
sanet,04096,0.3575179874897003
sanet,04097,0.45581620931625366
sanet,04098,0.5235126614570618
sanet,04099,0.4253694415092468
sanet,04100,0.3924904465675354
sanet,04101,0.692787766456604
sanet,04102,0.3612210750579834
sanet,04103,0.4765873849391937
sanet,04104,0.40318092703819275
sanet,04105,0.4066067337989807
sanet,04106,0.6320021748542786
sanet,04107,0.49513500928878784
sanet,04108,0.4082847833633423
sanet,04109,0.5498600006103516
sanet,04110,0.5538378953933716
sanet,04111,0.26660704612731934
sanet,04112,0.320882648229599
sanet,04113,0.3134654760360718
sanet,04114,0.5617656111717224
sanet,04115,0.4562247097492218
sanet,04116,0.3178248405456543
sanet,04117,0.45377084612846375
sanet,04118,0.38630837202072144
sanet,04119,0.5163136124610901
sanet,04120,0.4809667766094208
sanet,04121,0.23792466521263123
sanet,04122,0.34482455253601074
sanet,04123,0.6457259058952332
sanet,04124,0.4229857325553894
sanet,04125,0.5132046937942505
sanet,04126,0.553901195526123
sanet,04127,0.3587961792945862
sanet,04128,0.23504702746868134
sanet,04129,0.633563756942749
sanet,04130,0.3336470425128937
sanet,04131,0.42223095893859863
sanet,04132,0.3298341631889343
sanet,04133,0.3057865500450134
sanet,04134,0.24755196273326874
sanet,04135,0.377939373254776
sanet,04136,0.4270685911178589
sanet,04137,0.7066541910171509
sanet,04138,0.3473687171936035
sanet,04139,0.3381181061267853
sanet,04140,0.45519185066223145
sanet,04141,0.4618300795555115
sanet,04142,0.5143836736679077
sanet,04143,0.5427937507629395
sanet,04144,0.7681780457496643
sanet,04145,0.3022180199623108
sanet,04146,0.4610540568828583
sanet,04147,0.5871214866638184
sanet,04148,0.23458123207092285
sanet,04149,0.41660380363464355
sanet,04150,0.5699038505554199
sanet,04151,0.5926500558853149
sanet,04152,0.49672168493270874
sanet,04153,0.5658255815505981
sanet,04154,0.3488727807998657
sanet,04155,0.5765052437782288
sanet,04156,0.2239031046628952
sanet,04157,0.34390872716903687
sanet,04158,0.4692443013191223
sanet,04159,0.2732742130756378
sanet,04160,0.3925519585609436
sanet,04161,0.3539865016937256
sanet,04162,0.34333813190460205
sanet,04163,0.2653726041316986
sanet,04164,0.48187458515167236
sanet,04165,0.4376434087753296
sanet,04166,0.15487855672836304
sanet,04167,0.4198179841041565
sanet,04168,0.5754070281982422
sanet,04169,0.5997223854064941
sanet,04170,0.3496762216091156
sanet,04171,0.4247971773147583
sanet,04172,0.4790571928024292
sanet,04173,0.5618080496788025
sanet,04174,0.4157859981060028
sanet,04175,0.5375969409942627
sanet,04176,0.5333656668663025
sanet,04177,0.5081113576889038
sanet,04178,0.288352370262146
sanet,04179,0.27457180619239807
sanet,04180,0.37334930896759033
sanet,04181,0.3981052041053772
sanet,04182,0.2775357961654663
sanet,04183,0.5675598978996277
sanet,04184,0.353116512298584
sanet,04185,0.458928644657135
sanet,04186,0.31638574600219727
sanet,04187,0.43393105268478394
sanet,04188,0.4106560945510864
sanet,04189,0.519519567489624
sanet,04190,0.06780125200748444
sanet,04191,0.5129162073135376
sanet,04192,0.40656542778015137
sanet,04193,0.4848800301551819
sanet,04194,0.4236493706703186
sanet,04195,0.4629170000553131
sanet,04196,0.5567991733551025
sanet,04197,0.4015234708786011
sanet,04198,0.2961418628692627
sanet,04199,0.32289713621139526
sanet,04200,0.523614764213562
sanet,04201,0.6737372875213623
sanet,04202,0.43154817819595337
sanet,04203,0.30920636653900146
sanet,04204,0.18320998549461365
sanet,04205,0.2934603691101074
sanet,04206,0.42619696259498596
sanet,04207,0.3893449306488037
sanet,04208,0.3493984341621399
sanet,04209,0.22448453307151794
sanet,04210,0.4827023148536682
sanet,04211,0.37627989053726196
sanet,04212,0.6128047108650208
sanet,04213,0.41356104612350464
sanet,04214,0.2903607487678528
sanet,04215,0.16181454062461853
sanet,04216,0.2593538165092468
sanet,04217,0.20213431119918823
sanet,04218,0.29608315229415894
sanet,04219,0.5765444040298462
sanet,04220,0.5634806156158447
sanet,04221,0.5955151319503784
sanet,04222,0.49515581130981445
sanet,04223,0.4675571620464325
sanet,04224,0.5050963163375854
sanet,04225,0.0928427204489708
sanet,04226,0.49767446517944336
sanet,04227,0.41502636671066284
sanet,04228,0.6847409009933472
sanet,04229,0.5387966632843018
sanet,04230,0.46713778376579285
sanet,04231,0.5820239782333374
sanet,04232,0.33200836181640625
sanet,04233,0.38135409355163574
sanet,04234,0.4639831781387329
sanet,04235,0.5152319669723511
sanet,04236,0.4646208882331848
sanet,04237,0.42404884099960327
sanet,04238,0.4838951826095581
sanet,04239,0.4838100075721741
sanet,04240,0.43294912576675415
sanet,04241,0.44112056493759155
sanet,04242,0.37231773138046265
sanet,04243,0.41409069299697876
sanet,04244,0.37521976232528687
sanet,04245,0.479413777589798
sanet,04246,0.516223132610321
sanet,04247,0.297238826751709
sanet,04248,0.4880128502845764
sanet,04249,0.49339139461517334
sanet,04250,0.3890681862831116
sanet,04251,0.3137272596359253
sanet,04252,0.5212668180465698
sanet,04253,0.6477101445198059
sanet,04254,0.4595782160758972
sanet,04255,0.39749860763549805
sanet,04256,0.45143693685531616
sanet,04257,0.47307807207107544
sanet,04258,0.541091799736023
sanet,04259,0.45025303959846497
sanet,04260,0.3453606069087982
sanet,04261,0.13850606977939606
sanet,04262,0.3880305290222168
sanet,04263,0.18500566482543945
sanet,04264,0.34510934352874756
sanet,04265,0.3572182357311249
sanet,04266,0.5857421159744263
sanet,04267,0.3441389799118042
sanet,04268,0.5071631669998169
sanet,04269,0.5691280364990234
sanet,04270,0.47674286365509033
sanet,04271,0.5434484481811523
sanet,04272,0.5327370166778564
sanet,04273,0.48420989513397217
sanet,04274,0.34514737129211426
sanet,04275,0.4876721501350403
sanet,04276,0.6357437968254089
sanet,04277,0.38056808710098267
sanet,04278,0.3471141755580902
sanet,04279,0.49060624837875366
sanet,04280,0.29727235436439514
sanet,04281,0.4443385601043701
sanet,04282,0.41499096155166626
sanet,04283,0.08544560521841049
sanet,04284,0.45709264278411865
sanet,04285,0.6289831399917603
sanet,04286,0.2606392204761505
sanet,04287,0.25929513573646545
sanet,04288,0.41012370586395264
sanet,04289,0.41312354803085327
sanet,04290,0.35162270069122314
sanet,04291,0.6366319060325623
sanet,04292,0.4097209572792053
sanet,04293,0.47828131914138794
sanet,04294,0.2973763644695282
sanet,04295,0.2055090069770813
sanet,04296,0.4973793029785156
sanet,04297,0.649328351020813
sanet,04298,0.3228699862957001
sanet,04299,0.5867987871170044
sanet,04300,0.5221870541572571
sanet,04301,0.3767106533050537
sanet,04302,0.66493159532547
sanet,04303,0.608492374420166
sanet,04304,0.31940656900405884
sanet,04305,0.3975808322429657
sanet,04306,0.3937947750091553
sanet,04307,0.3799645006656647
sanet,04308,0.5118612051010132
sanet,04309,0.36566391587257385
sanet,04310,0.44719916582107544
sanet,04311,0.46379244327545166
sanet,04312,0.5662813186645508
sanet,04313,0.5444545745849609
sanet,04314,0.27495941519737244
sanet,04315,0.4780248999595642
sanet,04316,0.532647967338562
sanet,04317,0.5352746248245239
sanet,04318,0.4752947986125946
sanet,04319,0.298336386680603
sanet,04320,0.5770421028137207
sanet,04321,0.44404837489128113
sanet,04322,0.684807538986206
sanet,04323,0.3773714005947113
sanet,04324,0.5320940613746643
sanet,04325,0.32690247893333435
sanet,04326,0.5560241341590881
sanet,04327,0.5745633244514465
sanet,04328,0.43120700120925903
sanet,04329,0.5048617124557495
sanet,04330,0.3739575147628784
sanet,04331,0.4864194691181183
sanet,04332,0.39069807529449463
sanet,04333,0.3157421350479126
sanet,04334,0.26655611395835876
sanet,04335,0.6002568006515503
sanet,04336,0.3664940893650055
sanet,04337,0.3167707920074463
sanet,04338,0.45488685369491577
sanet,04339,0.4194452166557312
sanet,04340,0.46815866231918335
sanet,04341,0.41934332251548767
sanet,04342,0.3222292959690094
sanet,04343,0.260397732257843
sanet,04344,0.5039833784103394
sanet,04345,0.513725221157074
sanet,04346,0.5975502729415894
sanet,04347,0.5410756468772888
sanet,04348,0.312661737203598
sanet,04349,0.6331572532653809
sanet,04350,0.355197548866272
sanet,04351,0.47895005345344543
sanet,04352,0.5378035306930542
sanet,04353,0.4207999110221863
sanet,04354,0.3994470238685608
sanet,04355,0.1724456548690796
sanet,04356,0.484098881483078
sanet,04357,0.5493091344833374
sanet,04358,0.3100430965423584
sanet,04359,0.3638181686401367
sanet,04360,0.7714719772338867
sanet,04361,0.23384521901607513
sanet,04362,0.3337728679180145
sanet,04363,0.3834362328052521
sanet,04364,0.35462456941604614
sanet,04365,0.36896583437919617
sanet,04366,0.20312708616256714
sanet,04367,0.6285868883132935
sanet,04368,0.5050880908966064
sanet,04369,0.5855460166931152
sanet,04370,0.4848025441169739
sanet,04371,0.24945226311683655
sanet,04372,0.4343133866786957
sanet,04373,0.5677263140678406
sanet,04374,0.4181562066078186
sanet,04375,0.49386507272720337
sanet,04376,0.38936227560043335
sanet,04377,0.41704368591308594
sanet,04378,0.29636144638061523
sanet,04379,0.5111029744148254
sanet,04380,0.24215750396251678
sanet,04381,0.37514951825141907
sanet,04382,0.3655506372451782
sanet,04383,0.09344615042209625
sanet,04384,0.33392882347106934
sanet,04385,0.40496718883514404
sanet,04386,0.6159515976905823
sanet,04387,0.5561505556106567
sanet,04388,0.6553053855895996
sanet,04389,0.5849572420120239
sanet,04390,0.6706974506378174
sanet,04391,0.5115203261375427
sanet,04392,0.4612625241279602
sanet,04393,0.3177366256713867
sanet,04394,0.6200143098831177
sanet,04395,0.40830397605895996
sanet,04396,0.3945736885070801
sanet,04397,0.34541547298431396
sanet,04398,0.46457087993621826
sanet,04399,0.3432753384113312
sanet,04400,0.4012521505355835
sanet,04401,0.6026548743247986
sanet,04402,0.3220197558403015
sanet,04403,0.3705206513404846
sanet,04404,0.15191689133644104
sanet,04405,0.5080869197845459
sanet,04406,0.3026532828807831
sanet,04407,0.5976545214653015
sanet,04408,0.6065108776092529
sanet,04409,0.3054715394973755
sanet,04410,0.327295184135437
sanet,04411,0.2173449546098709
sanet,04412,0.6306679248809814
sanet,04413,0.1521638035774231
sanet,04414,0.4153502583503723
sanet,04415,0.6505109071731567
sanet,04416,0.39281582832336426
sanet,04417,0.28185534477233887
sanet,04418,0.4750949442386627
sanet,04419,0.7107501029968262
sanet,04420,0.44023755192756653
sanet,04421,0.48161083459854126
sanet,04422,0.38933125138282776
sanet,04423,0.5746708512306213
sanet,04424,0.7303725481033325
sanet,04425,0.2369418740272522
sanet,04426,0.4568850100040436
sanet,04427,0.5750248432159424
sanet,04428,0.6747584342956543
sanet,04429,0.5467814207077026
sanet,04430,0.21763858199119568
sanet,04431,0.20596259832382202
sanet,04432,0.16041049361228943
sanet,04433,0.28442850708961487
sanet,04434,0.5524675250053406
sanet,04435,0.44469061493873596
sanet,04436,0.7009761929512024
sanet,04437,0.519863486289978
sanet,04438,0.6659095287322998
sanet,04439,0.40210455656051636
sanet,04440,0.2197408378124237
sanet,04441,0.39094895124435425
sanet,04442,0.113639235496521
sanet,04443,0.21489930152893066
sanet,04444,0.5980833768844604
sanet,04445,0.39240747690200806
sanet,04446,0.409126341342926
sanet,04447,0.48663589358329773
sanet,04448,0.39629727602005005
sanet,04449,0.22596296668052673
sanet,04450,0.3711274564266205
sanet,04451,0.28594404458999634
sanet,04452,0.675958514213562
sanet,04453,0.4028920531272888
sanet,04454,0.24198468029499054
sanet,04455,0.4874410629272461
sanet,04456,0.2594339847564697
sanet,04457,0.35768479108810425
sanet,04458,0.3241017758846283
sanet,04459,0.40946629643440247
sanet,04460,0.525944709777832
sanet,04461,0.43630343675613403
sanet,04462,0.43225759267807007
sanet,04463,0.36874717473983765
sanet,04464,0.3525933027267456
sanet,04465,0.2939925193786621
sanet,04466,0.5959441661834717
sanet,04467,0.47490203380584717
sanet,04468,0.5074318647384644
sanet,04469,0.5163366198539734
sanet,04470,0.24549749493598938
sanet,04471,0.3604767918586731
sanet,04472,0.41231051087379456
sanet,04473,0.4147290587425232
sanet,04474,0.5048602223396301
sanet,04475,0.3664208650588989
sanet,04476,0.5775615572929382
sanet,04477,0.3332965075969696
sanet,04478,0.25552165508270264
sanet,04479,0.4927651286125183
sanet,04480,0.49987900257110596
sanet,04481,0.33001089096069336
sanet,04482,0.16890040040016174
sanet,04483,0.40132877230644226
sanet,04484,0.37720686197280884
sanet,04485,0.4093547463417053
sanet,04486,0.2751123309135437
sanet,04487,0.4008946418762207
sanet,04488,0.3056454658508301
sanet,04489,0.5432922840118408
sanet,04490,0.46138808131217957
sanet,04491,0.4116247296333313
sanet,04492,0.43503984808921814
sanet,04493,0.4902622401714325
sanet,04494,0.37881582975387573
sanet,04495,0.5571038126945496
sanet,04496,0.6704175472259521
sanet,04497,0.36978286504745483
sanet,04498,0.48959222435951233
sanet,04499,0.4246952533721924
sanet,04500,0.2662883400917053
sanet,04501,0.2479143589735031
sanet,04502,0.6855745315551758
sanet,04503,0.1976967453956604
sanet,04504,0.5644582509994507
sanet,04505,0.42467638850212097
sanet,04506,0.5770211815834045
sanet,04507,0.5063837170600891
sanet,04508,0.3790318965911865
sanet,04509,0.3076624572277069
sanet,04510,0.46039053797721863
sanet,04511,0.4422849714756012
sanet,04512,0.42615872621536255
sanet,04513,0.4982786178588867
sanet,04514,0.39244675636291504
sanet,04515,0.4293316900730133
sanet,04516,0.14053530991077423
sanet,04517,0.3354782462120056
sanet,04518,0.4807770550251007
sanet,04519,0.4156639575958252
sanet,04520,0.5884004831314087
sanet,04521,0.32650303840637207
sanet,04522,0.4893254041671753
sanet,04523,0.43507120013237
sanet,04524,0.5277228355407715
sanet,04525,0.18880483508110046
sanet,04526,0.4865468740463257
sanet,04527,0.3065781891345978
sanet,04528,0.4576106071472168
sanet,04529,0.6161761283874512
sanet,04530,0.5254966020584106
sanet,04531,0.5158938765525818
sanet,04532,0.3547179698944092
sanet,04533,0.43005695939064026
sanet,04534,0.5091172456741333
sanet,04535,0.21915513277053833
sanet,04536,0.3820810616016388
sanet,04537,0.3741753399372101
sanet,04538,0.653262734413147
sanet,04539,0.6309536695480347
sanet,04540,0.49842241406440735
sanet,04541,0.32078129053115845
sanet,04542,0.3964778184890747
sanet,04543,0.6401606798171997
sanet,04544,0.6579452753067017
sanet,04545,0.3573145866394043
sanet,04546,0.6355710625648499
sanet,04547,0.598231315612793
sanet,04548,0.34902524948120117
sanet,04549,0.23464800417423248
sanet,04550,0.2929576635360718
sanet,04551,0.5321272611618042
sanet,04552,0.26249754428863525
sanet,04553,0.3506256937980652
sanet,04554,0.42176783084869385
sanet,04555,0.5299053192138672
sanet,04556,0.38677293062210083
sanet,04557,0.3610262870788574
sanet,04558,0.32262277603149414
sanet,04559,0.4447895884513855
sanet,04560,0.3044154644012451
sanet,04561,0.4721791744232178
sanet,04562,0.4579763412475586
sanet,04563,0.4461745619773865
sanet,04564,0.41636496782302856
sanet,04565,0.5469239950180054
sanet,04566,0.3656686842441559
sanet,04567,0.4965240955352783
sanet,04568,0.48841986060142517
sanet,04569,0.5756345987319946
sanet,04570,0.38523566722869873
sanet,04571,0.4067099392414093
sanet,04572,0.5976998805999756
sanet,04573,0.23286551237106323
sanet,04574,0.5851395130157471
sanet,04575,0.24337925016880035
sanet,04576,0.3579234480857849
sanet,04577,0.5588245987892151
sanet,04578,0.22506941854953766
sanet,04579,0.49250632524490356
sanet,04580,0.21422703564167023
sanet,04581,0.35863184928894043
sanet,04582,0.5211228132247925
sanet,04583,0.16505873203277588
sanet,04584,0.14377571642398834
sanet,04585,0.2062569558620453
sanet,04586,0.35164809226989746
sanet,04587,0.34909987449645996
sanet,04588,0.5993075370788574
sanet,04589,0.38843682408332825
sanet,04590,0.29922863841056824
sanet,04591,0.6219556331634521
sanet,04592,0.6551647186279297
sanet,04593,0.35921454429626465
sanet,04594,0.35245922207832336
sanet,04595,0.33434543013572693
sanet,04596,0.599395751953125
sanet,04597,0.3720480501651764
sanet,04598,0.41567474603652954
sanet,04599,0.505574107170105
sanet,04600,0.5014326572418213
sanet,04601,0.29422518610954285
sanet,04602,0.40417158603668213
sanet,04603,0.36387598514556885
sanet,04604,0.6210887432098389
sanet,04605,0.2678765654563904
sanet,04606,0.15999065339565277
sanet,04607,0.24457333981990814
sanet,04608,0.48259514570236206
sanet,04609,0.43689650297164917
sanet,04610,0.38541683554649353
sanet,04611,0.2058953195810318
sanet,04612,0.3058353364467621
sanet,04613,0.24936631321907043
sanet,04614,0.3242146074771881
sanet,04615,0.36223429441452026
sanet,04616,0.44908007979393005
sanet,04617,0.3939483165740967
sanet,04618,0.464949369430542
sanet,04619,0.6451457738876343
sanet,04620,0.48535582423210144
sanet,04621,0.34681782126426697
sanet,04622,0.3068852722644806
sanet,04623,0.3125094175338745
sanet,04624,0.49683719873428345
sanet,04625,0.4424595236778259
sanet,04626,0.6706901788711548
sanet,04627,0.28214365243911743
sanet,04628,0.4878692626953125
sanet,04629,0.22017182409763336
sanet,04630,0.49330464005470276
sanet,04631,0.4097668528556824
sanet,04632,0.19513466954231262
sanet,04633,0.3186500668525696
sanet,04634,0.6904923915863037
sanet,04635,0.29228535294532776
sanet,04636,0.4457646906375885
sanet,04637,0.478168785572052
sanet,04638,0.6732966899871826
sanet,04639,0.29819971323013306
sanet,04640,0.3695339858531952
sanet,04641,0.4703128933906555
sanet,04642,0.5339173674583435
sanet,04643,0.2490745633840561
sanet,04644,0.5441867709159851
sanet,04645,0.2560231685638428
sanet,04646,0.5166721343994141
sanet,04647,0.2861933708190918
sanet,04648,0.7277786135673523
sanet,04649,0.3761743903160095
sanet,04650,0.3403780460357666
sanet,04651,0.5801922082901001
sanet,04652,0.5401312112808228
sanet,04653,0.24756620824337006
sanet,04654,0.5431371927261353
sanet,04655,0.0999794527888298
sanet,04656,0.3073931336402893
sanet,04657,0.764621376991272
sanet,04658,0.5207777619361877
sanet,04659,0.4045681357383728
sanet,04660,0.5212966799736023
sanet,04661,0.4580613374710083
sanet,04662,0.20398005843162537
sanet,04663,0.29070112109184265
sanet,04664,0.4661221504211426
sanet,04665,0.24170762300491333
sanet,04666,0.26844578981399536
sanet,04667,0.5388020873069763
sanet,04668,0.43168407678604126
sanet,04669,0.34690701961517334
sanet,04670,0.3752901554107666
sanet,04671,0.6047064065933228
sanet,04672,0.20140913128852844
sanet,04673,0.2895168662071228
sanet,04674,0.641234278678894
sanet,04675,0.44405344128608704
sanet,04676,0.5987502932548523
sanet,04677,0.6269966959953308
sanet,04678,0.3906016945838928
sanet,04679,0.5210886597633362
sanet,04680,0.35848042368888855
sanet,04681,0.5574446320533752
sanet,04682,0.4597899913787842
sanet,04683,0.28233394026756287
sanet,04684,0.40816330909729004
sanet,04685,0.5553077459335327
sanet,04686,0.42891925573349
sanet,04687,0.5950374007225037
sanet,04688,0.4997204542160034
sanet,04689,0.4620445966720581
sanet,04690,0.11625266075134277
sanet,04691,0.6445572972297668
sanet,04692,0.548712968826294
sanet,04693,0.545936644077301
sanet,04694,0.14927130937576294
sanet,04695,0.1652640402317047
sanet,04696,0.4694463610649109
sanet,04697,0.34255820512771606
sanet,04698,0.31807124614715576
sanet,04699,0.532827615737915
sanet,04700,0.3577708601951599
sanet,04701,0.32250452041625977
sanet,04702,0.5668802857398987
sanet,04703,0.513002336025238
sanet,04704,0.5034937858581543
sanet,04705,0.29209136962890625
sanet,04706,0.15039998292922974
sanet,04707,0.2085907757282257
sanet,04708,0.5094585418701172
sanet,04709,0.43908190727233887
sanet,04710,0.4297410845756531
sanet,04711,0.5943248271942139
sanet,04712,0.2586449980735779
sanet,04713,0.271090030670166
sanet,04714,0.3256385922431946
sanet,04715,0.5232301950454712
sanet,04716,0.6162109375
sanet,04717,0.5692065954208374
sanet,04718,0.45478561520576477
sanet,04719,0.4039064347743988
sanet,04720,0.5283763408660889
sanet,04721,0.5525080561637878
sanet,04722,0.5722527503967285
sanet,04723,0.6143190264701843
sanet,04724,0.40244752168655396
sanet,04725,0.45491063594818115
sanet,04726,0.40370261669158936
sanet,04727,0.6714795827865601
sanet,04728,0.43045574426651
sanet,04729,0.6949597597122192
sanet,04730,0.22651594877243042
sanet,04731,0.5664869546890259
sanet,04732,0.4666290879249573
sanet,04733,0.438870906829834
sanet,04734,0.41008397936820984
sanet,04735,0.36281150579452515
sanet,04736,0.5512423515319824
sanet,04737,0.636081337928772
sanet,04738,0.34170037508010864
sanet,04739,0.5245383977890015
sanet,04740,0.3832716643810272
sanet,04741,0.6567127108573914
sanet,04742,0.4085187315940857
sanet,04743,0.6277448534965515
sanet,04744,0.37882256507873535
sanet,04745,0.2000424861907959
sanet,04746,0.4964684844017029
sanet,04747,0.5326034426689148
sanet,04748,0.585802435874939
sanet,04749,0.37979841232299805
sanet,04750,0.4354962706565857
sanet,04751,0.2807146906852722
sanet,04752,0.4641094207763672
sanet,04753,0.3890066146850586
sanet,04754,0.20053377747535706
sanet,04755,0.3606429398059845
sanet,04756,0.4904246926307678
sanet,04757,0.45290303230285645
sanet,04758,0.3137798309326172
sanet,04759,0.1858387589454651
sanet,04760,0.362764447927475
sanet,04761,0.626842737197876
sanet,04762,0.37310951948165894
sanet,04763,0.19853074848651886
sanet,04764,0.3997081518173218
sanet,04765,0.47611531615257263
sanet,04766,0.6020321846008301
sanet,04767,0.5820623636245728
sanet,04768,0.2850918471813202
sanet,04769,0.26902851462364197
sanet,04770,0.4087686538696289
sanet,04771,0.2977956533432007
sanet,04772,0.2982630133628845
sanet,04773,0.3251971900463104
sanet,04774,0.5613105297088623
sanet,04775,0.4142553210258484
sanet,04776,0.5726761221885681
sanet,04777,0.5336868166923523
sanet,04778,0.4040420651435852
sanet,04779,0.3710674047470093
sanet,04780,0.39807456731796265
sanet,04781,0.4829132854938507
sanet,04782,0.2918643355369568
sanet,04783,0.45693856477737427
sanet,04784,0.3861348628997803
sanet,04785,0.48886561393737793
sanet,04786,0.2901173532009125
sanet,04787,0.5212374925613403
sanet,04788,0.37418779730796814
sanet,04789,0.4231518507003784
sanet,04790,0.3664754629135132
sanet,04791,0.4596116244792938
sanet,04792,0.4476149380207062
sanet,04793,0.3924886882305145
sanet,04794,0.3554210960865021
sanet,04795,0.4145044684410095
sanet,04796,0.23901209235191345
sanet,04797,0.5405678749084473
sanet,04798,0.5795686841011047
sanet,04799,0.3610284626483917
sanet,04800,0.5701919198036194
sanet,04801,0.4585105776786804
sanet,04802,0.5214529037475586
sanet,04803,0.3808972239494324
sanet,04804,0.3021722733974457
sanet,04805,0.5229380130767822
sanet,04806,0.33383435010910034
sanet,04807,0.430283784866333
sanet,04808,0.6039316654205322
sanet,04809,0.33376970887184143
sanet,04810,0.39214304089546204
sanet,04811,0.47078797221183777
sanet,04812,0.4140668511390686
sanet,04813,0.49120715260505676
sanet,04814,0.17077957093715668
sanet,04815,0.436406672000885
sanet,04816,0.5829271078109741
sanet,04817,0.5287023186683655
sanet,04818,0.2192908227443695
sanet,04819,0.38243621587753296
sanet,04820,0.31031811237335205
sanet,04821,0.5943974256515503
sanet,04822,0.4445779621601105
sanet,04823,0.44760948419570923
sanet,04824,0.403426855802536
sanet,04825,0.5486897826194763
sanet,04826,0.4704517126083374
sanet,04827,0.25439760088920593
sanet,04828,0.23420339822769165
sanet,04829,0.6069357395172119
sanet,04830,0.3833577036857605
sanet,04831,0.08495572954416275
sanet,04832,0.47830021381378174
sanet,04833,0.5142521858215332
sanet,04834,0.48693355917930603
sanet,04835,0.4527232050895691
sanet,04836,0.4320782721042633
sanet,04837,0.41349542140960693
sanet,04838,0.24980473518371582
sanet,04839,0.4180606007575989
sanet,04840,0.3158242702484131
sanet,04841,0.2103491872549057
sanet,04842,0.5753288269042969
sanet,04843,0.6398688554763794
sanet,04844,0.5143333077430725
sanet,04845,0.5528396368026733
sanet,04846,0.4823477864265442
sanet,04847,0.30488109588623047
sanet,04848,0.2428409457206726
sanet,04849,0.38631778955459595
sanet,04850,0.28663524985313416
sanet,04851,0.2905564308166504
sanet,04852,0.38917142152786255
sanet,04853,0.3794124126434326
sanet,04854,0.2917259633541107
sanet,04855,0.5438822507858276
sanet,04856,0.6743666529655457
sanet,04857,0.2675427496433258
sanet,04858,0.3599741458892822
sanet,04859,0.5539852380752563
sanet,04860,0.3489007353782654
sanet,04861,0.538655161857605
sanet,04862,0.5738128423690796
sanet,04863,0.6820827722549438
sanet,04864,0.2835026979446411
sanet,04865,0.49786698818206787
sanet,04866,0.49848008155822754
sanet,04867,0.545247495174408
sanet,04868,0.2927739918231964
sanet,04869,0.39901596307754517
sanet,04870,0.1987437903881073
sanet,04871,0.16740858554840088
sanet,04872,0.6101498603820801
sanet,04873,0.40057963132858276
sanet,04874,0.6016737222671509
sanet,04875,0.4346269965171814
sanet,04876,0.2900151312351227
sanet,04877,0.4342759847640991
sanet,04878,0.44418150186538696
sanet,04879,0.363645076751709
sanet,04880,0.28792232275009155
sanet,04881,0.23558712005615234
sanet,04882,0.2343565672636032
sanet,04883,0.5002572536468506
sanet,04884,0.22554750740528107
sanet,04885,0.2642248272895813
sanet,04886,0.4730462431907654
sanet,04887,0.3840070366859436
sanet,04888,0.48810476064682007
sanet,04889,0.48461422324180603
sanet,04890,0.4890627861022949
sanet,04891,0.6223422288894653
sanet,04892,0.2885786294937134
sanet,04893,0.6445790529251099
sanet,04894,0.59037184715271
sanet,04895,0.5198236703872681
sanet,04896,0.336724191904068
sanet,04897,0.4109605550765991
sanet,04898,0.4462636113166809
sanet,04899,0.3497915267944336
sanet,04900,0.2462206482887268
sanet,04901,0.4996264576911926
sanet,04902,0.36896222829818726
sanet,04903,0.41805750131607056
sanet,04904,0.5184443593025208
sanet,04905,0.4800260663032532
sanet,04906,0.5720771551132202
sanet,04907,0.4392440617084503
sanet,04908,0.5953336954116821
sanet,04909,0.6017296314239502
sanet,04910,0.41471362113952637
sanet,04911,0.2866138219833374
sanet,04912,0.5328882336616516
sanet,04913,0.3352561593055725
sanet,04914,0.4570564031600952
sanet,04915,0.30403071641921997
sanet,04916,0.4252428412437439
sanet,04917,0.36737143993377686
sanet,04918,0.4217934012413025
sanet,04919,0.44220125675201416
sanet,04920,0.3301506042480469
sanet,04921,0.44003409147262573
sanet,04922,0.3686540126800537
sanet,04923,0.5895038843154907
sanet,04924,0.35097813606262207
sanet,04925,0.25712746381759644
sanet,04926,0.5263688564300537
sanet,04927,0.536536455154419
sanet,04928,0.5284450054168701
sanet,04929,0.5368075370788574
sanet,04930,0.22565877437591553
sanet,04931,0.49401938915252686
sanet,04932,0.3848813772201538
sanet,04933,0.22875747084617615
sanet,04934,0.6863839626312256
sanet,04935,0.5711058974266052
sanet,04936,0.4624426066875458
sanet,04937,0.6208831071853638
sanet,04938,0.3039346933364868
sanet,04939,0.4736085534095764
sanet,04940,0.43420106172561646
sanet,04941,0.4521356225013733
sanet,04942,0.5361074209213257
sanet,04943,0.5687201023101807
sanet,04944,0.5193703174591064
sanet,04945,0.3939399719238281
sanet,04946,0.4688762128353119
sanet,04947,0.5356583595275879
sanet,04948,0.579824686050415
sanet,04949,0.38332444429397583
sanet,04950,0.4853675663471222
sanet,04951,0.5824408531188965
sanet,04952,0.39619624614715576
sanet,04953,0.4975050091743469
sanet,04954,0.2983769476413727
sanet,04955,0.4840729236602783
sanet,04956,0.4995330572128296
sanet,04957,0.33751925826072693
sanet,04958,0.38383734226226807
sanet,04959,0.23372399806976318
sanet,04960,0.3743080198764801
sanet,04961,0.3322860300540924
sanet,04962,0.35668230056762695
sanet,04963,0.5355211496353149
sanet,04964,0.37954026460647583
sanet,04965,0.6129483580589294
sanet,04966,0.5749998092651367
sanet,04967,0.259937047958374
sanet,04968,0.36520668864250183
sanet,04969,0.4775152802467346
sanet,04970,0.4123225510120392
sanet,04971,0.36301320791244507
sanet,04972,0.44543594121932983
sanet,04973,0.3680889904499054
sanet,04974,0.5643791556358337
sanet,04975,0.48626968264579773
sanet,04976,0.6984108686447144
sanet,04977,0.48741796612739563
sanet,04978,0.5795542597770691
sanet,04979,0.6291130185127258
sanet,04980,0.4462306499481201
sanet,04981,0.3104113042354584
sanet,04982,0.4782801866531372
sanet,04983,0.495095431804657
sanet,04984,0.6167330145835876
sanet,04985,0.434190034866333
sanet,04986,0.4616638720035553
sanet,04987,0.3136080503463745
sanet,04988,0.5089308023452759
sanet,04989,0.48490482568740845
sanet,04990,0.620621919631958
sanet,04991,0.20695671439170837
sanet,04992,0.4332304894924164
sanet,04993,0.4159301519393921
sanet,04994,0.38444411754608154
sanet,04995,0.5154956579208374
sanet,04996,0.5873067378997803
sanet,04997,0.5568321347236633
sanet,04998,0.31137728691101074
sanet,04999,0.5432604551315308
cast,00000,0.43568119406700134
cast,00001,0.25618356466293335
cast,00002,0.5982105135917664
cast,00003,0.3772840201854706
cast,00004,0.27733179926872253
cast,00005,0.5011695623397827
cast,00006,0.31581568717956543
cast,00007,0.40963324904441833
cast,00008,0.5423579216003418
cast,00009,0.2878478169441223
cast,00010,0.5243891477584839
cast,00011,0.19198253750801086
cast,00012,0.4919426441192627
cast,00013,0.6071183681488037
cast,00014,0.4479428827762604
cast,00015,0.25207486748695374
cast,00016,0.5531002283096313
cast,00017,0.6167597770690918
cast,00018,0.3177372217178345
cast,00019,0.4246273636817932
cast,00020,0.3803335428237915
cast,00021,0.3636992573738098
cast,00022,0.320969820022583
cast,00023,0.27087873220443726
cast,00024,0.4276847839355469
cast,00025,0.3720656633377075
cast,00026,0.5057424902915955
cast,00027,0.5063081383705139
cast,00028,0.39141544699668884
cast,00029,0.3223079442977905
cast,00030,0.502985417842865
cast,00031,0.4985859990119934
cast,00032,0.25254160165786743
cast,00033,0.20914670825004578
cast,00034,0.106381855905056
cast,00035,0.2865724563598633
cast,00036,0.2221394181251526
cast,00037,0.5709285736083984
cast,00038,0.4850445091724396
cast,00039,0.30483272671699524
cast,00040,0.4248613119125366
cast,00041,0.3146461844444275
cast,00042,0.22860051691532135
cast,00043,0.32471150159835815
cast,00044,0.2939387261867523
cast,00045,0.4798228442668915
cast,00046,0.42865681648254395
cast,00047,0.4314427375793457
cast,00048,0.5689151287078857
cast,00049,0.2568800151348114
cast,00050,0.5292525291442871
cast,00051,0.5546154975891113
cast,00052,0.5501474142074585
cast,00053,0.3029865622520447
cast,00054,0.409212589263916
cast,00055,0.2806556820869446
cast,00056,0.4813358187675476
cast,00057,0.6186436414718628
cast,00058,0.42377975583076477
cast,00059,0.3943524956703186
cast,00060,0.4596794843673706
cast,00061,0.5009920597076416
cast,00062,0.47966697812080383
cast,00063,0.27503442764282227
cast,00064,0.32935142517089844
cast,00065,0.5737935304641724
cast,00066,0.5187875628471375
cast,00067,0.5216301083564758
cast,00068,0.6443430185317993
cast,00069,0.43717581033706665
cast,00070,0.4686010777950287
cast,00071,0.3353794813156128
cast,00072,0.4235125184059143
cast,00073,0.4028603434562683
cast,00074,0.177036851644516
cast,00075,0.4473174810409546
cast,00076,0.5671995878219604
cast,00077,0.6081258058547974
cast,00078,0.465000718832016
cast,00079,0.32886701822280884
cast,00080,0.501744270324707
cast,00081,0.5207922458648682
cast,00082,0.19128617644309998
cast,00083,0.5422769784927368
cast,00084,0.6372177600860596
cast,00085,0.5371600389480591
cast,00086,0.46112173795700073
cast,00087,0.399463951587677
cast,00088,0.5238553285598755
cast,00089,0.3895007073879242
cast,00090,0.6452496647834778
cast,00091,0.36862877011299133
cast,00092,0.4654540419578552
cast,00093,0.5154151916503906
cast,00094,0.419006884098053
cast,00095,0.35332778096199036
cast,00096,0.5295658707618713
cast,00097,0.4536498188972473
cast,00098,0.3429785966873169
cast,00099,0.4786086082458496
cast,00100,0.6009587645530701
cast,00101,0.43584731221199036
cast,00102,0.4412718117237091
cast,00103,0.451931893825531
cast,00104,0.42477619647979736
cast,00105,0.4191613793373108
cast,00106,0.47386717796325684
cast,00107,0.19739636778831482
cast,00108,0.0802616998553276
cast,00109,0.2721758484840393
cast,00110,0.5975222587585449
cast,00111,0.4547675848007202
cast,00112,0.27741098403930664
cast,00113,0.33192336559295654
cast,00114,0.3502943515777588
cast,00115,0.3449900150299072
cast,00116,0.4752809405326843
cast,00117,0.5856848359107971
cast,00118,0.5041255950927734
cast,00119,0.44494393467903137
cast,00120,0.6562025547027588
cast,00121,0.5124938488006592
cast,00122,0.6208057403564453
cast,00123,0.31029993295669556
cast,00124,0.3733893036842346
cast,00125,0.36747270822525024
cast,00126,0.39023610949516296
cast,00127,0.48045945167541504
cast,00128,0.48974013328552246
cast,00129,0.37163621187210083
cast,00130,0.43727660179138184
cast,00131,0.5529083609580994
cast,00132,0.13000532984733582
cast,00133,0.3379001319408417
cast,00134,0.43773356080055237
cast,00135,0.5910983085632324
cast,00136,0.46425673365592957
cast,00137,0.5455201268196106
cast,00138,0.36939606070518494
cast,00139,0.4228111207485199
cast,00140,0.48988813161849976
cast,00141,0.5472545623779297
cast,00142,0.24906042218208313
cast,00143,0.566636323928833
cast,00144,0.1708122193813324
cast,00145,0.4011181890964508
cast,00146,0.5186026096343994
cast,00147,0.5985317826271057
cast,00148,0.460507869720459
cast,00149,0.25707995891571045
cast,00150,0.49443286657333374
cast,00151,0.24300211668014526
cast,00152,0.5017200708389282
cast,00153,0.5712020397186279
cast,00154,0.4827369749546051
cast,00155,0.3758329153060913
cast,00156,0.3853352665901184
cast,00157,0.5047645568847656
cast,00158,0.34380844235420227
cast,00159,0.3757075369358063
cast,00160,0.32981258630752563
cast,00161,0.4667322337627411
cast,00162,0.5644553899765015
cast,00163,0.448333740234375
cast,00164,0.2590925693511963
cast,00165,0.3097551465034485
cast,00166,0.4058876931667328
cast,00167,0.27281177043914795
cast,00168,0.5776053071022034
cast,00169,0.38083910942077637
cast,00170,0.6406320929527283
cast,00171,0.5621708631515503
cast,00172,0.03216341882944107
cast,00173,0.3502129912376404
cast,00174,0.5074552893638611
cast,00175,0.3889654874801636
cast,00176,0.513868510723114
cast,00177,0.5277194976806641
cast,00178,0.3961086869239807
cast,00179,0.4170527756214142
cast,00180,0.5472859144210815
cast,00181,0.5836648941040039
cast,00182,0.3832222819328308
cast,00183,0.584991455078125
cast,00184,0.34953102469444275
cast,00185,0.47751569747924805
cast,00186,0.42724937200546265
cast,00187,0.611924409866333
cast,00188,0.26610228419303894
cast,00189,0.6103718280792236
cast,00190,0.4840167462825775
cast,00191,0.5270067453384399
cast,00192,0.4376446604728699
cast,00193,0.29019391536712646
cast,00194,0.5985671281814575
cast,00195,0.4143278896808624
cast,00196,0.4717722237110138
cast,00197,0.41961854696273804
cast,00198,0.1868717074394226
cast,00199,0.6703704595565796
cast,00200,0.29058220982551575
cast,00201,0.5781535506248474
cast,00202,0.47970056533813477
cast,00203,0.5532993078231812
cast,00204,0.4203892946243286
cast,00205,0.27612677216529846
cast,00206,0.4235877990722656
cast,00207,0.40236228704452515
cast,00208,0.534676194190979
cast,00209,0.25386863946914673
cast,00210,0.5046896934509277
cast,00211,0.628098726272583
cast,00212,0.4646945297718048
cast,00213,0.3756430745124817
cast,00214,0.42041411995887756
cast,00215,0.5365322232246399
cast,00216,0.4315659999847412
cast,00217,0.32045912742614746
cast,00218,0.412994921207428
cast,00219,0.6277293562889099
cast,00220,0.6219940185546875
cast,00221,0.3429766297340393
cast,00222,0.4705239534378052
cast,00223,0.6418806910514832
cast,00224,0.2318890392780304
cast,00225,0.3519924581050873
cast,00226,0.1636262983083725
cast,00227,0.25628113746643066
cast,00228,0.3134864270687103
cast,00229,0.49865275621414185
cast,00230,0.426888644695282
cast,00231,0.2684405446052551
cast,00232,0.44753116369247437
cast,00233,0.5248212218284607
cast,00234,0.3525591194629669
cast,00235,0.31083211302757263
cast,00236,0.601102352142334
cast,00237,0.37624385952949524
cast,00238,0.2913091778755188
cast,00239,0.31408393383026123
cast,00240,0.4061487913131714
cast,00241,0.2083795964717865
cast,00242,0.2814706563949585
cast,00243,0.4934038817882538
cast,00244,0.31279456615448
cast,00245,0.369182825088501
cast,00246,0.6576817631721497
cast,00247,0.4018937945365906
cast,00248,0.3876378536224365
cast,00249,0.404873788356781
cast,00250,0.25304657220840454
cast,00251,0.32844042778015137
cast,00252,0.3382294178009033
cast,00253,0.501590371131897
cast,00254,0.29205459356307983
cast,00255,0.3422226309776306
cast,00256,0.39716827869415283
cast,00257,0.3975672125816345
cast,00258,0.650459885597229
cast,00259,0.3918038010597229
cast,00260,0.5451599359512329
cast,00261,0.4217131733894348
cast,00262,0.4995952248573303
cast,00263,0.44707828760147095
cast,00264,0.6007310152053833
cast,00265,0.5454622507095337
cast,00266,0.24031761288642883
cast,00267,0.4957221448421478
cast,00268,0.4482014775276184
cast,00269,0.27285653352737427
cast,00270,0.2765604257583618
cast,00271,0.37655404210090637
cast,00272,0.4162983298301697
cast,00273,0.4011158049106598
cast,00274,0.23078730702400208
cast,00275,0.4590305685997009
cast,00276,0.4063146114349365
cast,00277,0.5913792848587036
cast,00278,0.2999919652938843
cast,00279,0.46525585651397705
cast,00280,0.23563164472579956
cast,00281,0.09812811017036438
cast,00282,0.33905118703842163
cast,00283,0.39594972133636475
cast,00284,0.3986073136329651
cast,00285,0.361214280128479
cast,00286,0.4060531258583069
cast,00287,0.32090896368026733
cast,00288,0.28871190547943115
cast,00289,0.4148275554180145
cast,00290,0.46072208881378174
cast,00291,0.3426443338394165
cast,00292,0.6219328045845032
cast,00293,0.48523977398872375
cast,00294,0.42765823006629944
cast,00295,0.3425677418708801
cast,00296,0.35705286264419556
cast,00297,0.5573643445968628
cast,00298,0.44108033180236816
cast,00299,0.4472115635871887
cast,00300,0.6176127791404724
cast,00301,0.45172131061553955
cast,00302,0.34187114238739014
cast,00303,0.30459970235824585
cast,00304,0.3963974714279175
cast,00305,0.40114566683769226
cast,00306,0.6526199579238892
cast,00307,0.4186360836029053
cast,00308,0.11148352921009064
cast,00309,0.6511145830154419
cast,00310,0.32574135065078735
cast,00311,0.3652445673942566
cast,00312,0.4490676522254944
cast,00313,0.2733563780784607
cast,00314,0.3991363048553467
cast,00315,0.3822394609451294
cast,00316,0.2674650251865387
cast,00317,0.42491716146469116
cast,00318,0.20696371793746948
cast,00319,0.4929710626602173
cast,00320,0.4631407856941223
cast,00321,0.577451229095459
cast,00322,0.3051643669605255
cast,00323,0.5701663494110107
cast,00324,0.23787075281143188
cast,00325,0.2835385203361511
cast,00326,0.5545066595077515
cast,00327,0.5314894914627075
cast,00328,0.4332404136657715
cast,00329,0.5022225975990295
cast,00330,0.40377843379974365
cast,00331,0.33390164375305176
cast,00332,0.2708476781845093
cast,00333,0.33505547046661377
cast,00334,0.27582311630249023
cast,00335,0.30128124356269836
cast,00336,0.46712228655815125
cast,00337,0.38791751861572266
cast,00338,0.293789803981781
cast,00339,0.2926601767539978
cast,00340,0.5459093451499939
cast,00341,0.42394310235977173
cast,00342,0.4519067406654358
cast,00343,0.41607940196990967
cast,00344,0.5414837598800659
cast,00345,0.37985336780548096
cast,00346,0.4790562391281128
cast,00347,0.5610970258712769
cast,00348,0.5075919032096863
cast,00349,0.29150259494781494
cast,00350,0.3679618835449219
cast,00351,0.40075570344924927
cast,00352,0.3402683436870575
cast,00353,0.35005614161491394
cast,00354,0.17390656471252441
cast,00355,0.5619502067565918
cast,00356,0.3906959593296051
cast,00357,0.35365918278694153
cast,00358,0.36204421520233154
cast,00359,0.41511648893356323
cast,00360,0.45254993438720703
cast,00361,0.5634203553199768
cast,00362,0.32299214601516724
cast,00363,0.49043211340904236
cast,00364,0.5845229029655457
cast,00365,0.5299299955368042
cast,00366,0.4597164988517761
cast,00367,0.29935628175735474
cast,00368,0.32545214891433716
cast,00369,0.2583644390106201
cast,00370,0.38997137546539307
cast,00371,0.374983549118042
cast,00372,0.5479631423950195
cast,00373,0.20662736892700195
cast,00374,0.36505126953125
cast,00375,0.4215003252029419
cast,00376,0.44180524349212646
cast,00377,0.5647215247154236
cast,00378,0.576687216758728
cast,00379,0.3143676519393921
cast,00380,0.5158920884132385
cast,00381,0.2792186737060547
cast,00382,0.3225800693035126
cast,00383,0.7253297567367554
cast,00384,0.3949219286441803
cast,00385,0.37319931387901306
cast,00386,0.5116211771965027
cast,00387,0.3295327425003052
cast,00388,0.6335818767547607
cast,00389,0.5155595541000366
cast,00390,0.48682326078414917
cast,00391,0.41677260398864746
cast,00392,0.4359930753707886
cast,00393,0.3071061372756958
cast,00394,0.5266039371490479
cast,00395,0.48755478858947754
cast,00396,0.5264620184898376
cast,00397,0.4947724938392639
cast,00398,0.439284086227417
cast,00399,0.47739559412002563
cast,00400,0.47766759991645813
cast,00401,0.45033174753189087
cast,00402,0.16479897499084473
cast,00403,0.7572933435440063
cast,00404,0.2865699827671051
cast,00405,0.34918859601020813
cast,00406,0.3420221209526062
cast,00407,0.6072744131088257
cast,00408,0.6157746315002441
cast,00409,0.6899108290672302
cast,00410,0.3404460549354553
cast,00411,0.31956666707992554
cast,00412,0.26625674962997437
cast,00413,0.44504305720329285
cast,00414,0.30694282054901123
cast,00415,0.5536254644393921
cast,00416,0.508802056312561
cast,00417,0.506317138671875
cast,00418,0.41327524185180664
cast,00419,0.4583258032798767
cast,00420,0.30462825298309326
cast,00421,0.2928937077522278
cast,00422,0.39301973581314087
cast,00423,0.38851600885391235
cast,00424,0.6377368569374084
cast,00425,0.2707785964012146
cast,00426,0.47987842559814453
cast,00427,0.3475034236907959
cast,00428,0.4415450990200043
cast,00429,0.5461421012878418
cast,00430,0.3824612498283386
cast,00431,0.38283640146255493
cast,00432,0.515493631362915
cast,00433,0.2733652591705322
cast,00434,0.6038276553153992
cast,00435,0.4856197237968445
cast,00436,0.40755635499954224
cast,00437,0.4599536657333374
cast,00438,0.2733694911003113
cast,00439,0.13446107506752014
cast,00440,0.30205774307250977
cast,00441,0.4416210353374481
cast,00442,0.5298303961753845
cast,00443,0.5835506916046143
cast,00444,0.5707337260246277
cast,00445,0.6995340585708618
cast,00446,0.506104052066803
cast,00447,0.5583750009536743
cast,00448,0.3819970488548279
cast,00449,0.5163615942001343
cast,00450,0.4091039299964905
cast,00451,0.46541351079940796
cast,00452,0.33023515343666077
cast,00453,0.3982394337654114
cast,00454,0.46789461374282837
cast,00455,0.315975546836853
cast,00456,0.5086338520050049
cast,00457,0.5313436388969421
cast,00458,0.4657774865627289
cast,00459,0.7006723880767822
cast,00460,0.4613204002380371
cast,00461,0.6165561079978943
cast,00462,0.5222172737121582
cast,00463,0.37969672679901123
cast,00464,0.5390409231185913
cast,00465,0.4060487747192383
cast,00466,0.3663334250450134
cast,00467,0.629817008972168
cast,00468,0.17313285171985626
cast,00469,0.4785200357437134
cast,00470,0.5555583834648132
cast,00471,0.505037784576416
cast,00472,0.4601282775402069
cast,00473,0.22590118646621704
cast,00474,0.4550592601299286
cast,00475,0.2279404103755951
cast,00476,0.5180955529212952
cast,00477,0.4083344638347626
cast,00478,0.47409310936927795
cast,00479,0.3152564465999603
cast,00480,0.3410320281982422
cast,00481,0.5460523366928101
cast,00482,0.4312977194786072
cast,00483,0.47027528285980225
cast,00484,0.5407955646514893
cast,00485,0.4572139382362366
cast,00486,0.5316450595855713
cast,00487,0.25009262561798096
cast,00488,0.3428506851196289
cast,00489,0.6383521556854248
cast,00490,0.35852664709091187
cast,00491,0.23072102665901184
cast,00492,0.48749619722366333
cast,00493,0.5692130923271179
cast,00494,0.5547465085983276
cast,00495,0.3681318759918213
cast,00496,0.5446389317512512
cast,00497,0.2680988907814026
cast,00498,0.23153701424598694
cast,00499,0.49765482544898987
cast,00500,0.35939908027648926
cast,00501,0.5472958087921143
cast,00502,0.33479636907577515
cast,00503,0.5011528730392456
cast,00504,0.5903272032737732
cast,00505,0.3646266460418701
cast,00506,0.48023664951324463
cast,00507,0.40377482771873474
cast,00508,0.4170915484428406
cast,00509,0.47349536418914795
cast,00510,0.3843042850494385
cast,00511,0.34479373693466187
cast,00512,0.34815743565559387
cast,00513,0.41366106271743774
cast,00514,0.46046310663223267
cast,00515,0.5287246704101562
cast,00516,0.3874551057815552
cast,00517,0.38857996463775635
cast,00518,0.3528065085411072
cast,00519,0.3617596924304962
cast,00520,0.41109997034072876
cast,00521,0.41075634956359863
cast,00522,0.4755244255065918
cast,00523,0.22613337635993958
cast,00524,0.4538973867893219
cast,00525,0.4805126488208771
cast,00526,0.39295876026153564
cast,00527,0.6050982475280762
cast,00528,0.2782592177391052
cast,00529,0.35422277450561523
cast,00530,0.12425528466701508
cast,00531,0.4302133321762085
cast,00532,0.5422373414039612
cast,00533,0.4584800601005554
cast,00534,0.34572041034698486
cast,00535,0.4180046319961548
cast,00536,0.4448899030685425
cast,00537,0.5711989998817444
cast,00538,0.12367059290409088
cast,00539,0.3562818765640259
cast,00540,0.34397125244140625
cast,00541,0.46973222494125366
cast,00542,0.5476955771446228
cast,00543,0.640779972076416
cast,00544,0.2762356996536255
cast,00545,0.31526097655296326
cast,00546,0.35133641958236694
cast,00547,0.42491376399993896
cast,00548,0.42976438999176025
cast,00549,0.3959181308746338
cast,00550,0.6370869874954224
cast,00551,0.5011979937553406
cast,00552,0.46862703561782837
cast,00553,0.635108232498169
cast,00554,0.44249868392944336
cast,00555,0.5547168850898743
cast,00556,0.42640015482902527
cast,00557,0.27593833208084106
cast,00558,0.3858838677406311
cast,00559,0.3730793297290802
cast,00560,0.3203761875629425
cast,00561,0.4691288471221924
cast,00562,0.15528751909732819
cast,00563,0.46288609504699707
cast,00564,0.3328804671764374
cast,00565,0.3908025026321411
cast,00566,0.5957462787628174
cast,00567,0.35927534103393555
cast,00568,0.32393327355384827
cast,00569,0.35754236578941345
cast,00570,0.3656888008117676
cast,00571,0.2651907205581665
cast,00572,0.4273662865161896
cast,00573,0.533406138420105
cast,00574,0.5385969877243042
cast,00575,0.421480268239975
cast,00576,0.3719375729560852
cast,00577,0.4170679450035095
cast,00578,0.24265065789222717
cast,00579,0.5550202131271362
cast,00580,0.48479151725769043
cast,00581,0.5835821032524109
cast,00582,0.41161125898361206
cast,00583,0.5454655885696411
cast,00584,0.31822797656059265
cast,00585,0.4066367447376251
cast,00586,0.5839658975601196
cast,00587,0.26431918144226074
cast,00588,0.42467761039733887
cast,00589,0.5302139520645142
cast,00590,0.24267518520355225
cast,00591,0.28980669379234314
cast,00592,0.584881067276001
cast,00593,0.479519784450531
cast,00594,0.43706458806991577
cast,00595,0.48766589164733887
cast,00596,0.3576820492744446
cast,00597,0.3356614112854004
cast,00598,0.30248069763183594
cast,00599,0.25455474853515625
cast,00600,0.32970327138900757
cast,00601,0.4234820604324341
cast,00602,0.6486049890518188
cast,00603,0.3598952293395996
cast,00604,0.3790189027786255
cast,00605,0.5839498043060303
cast,00606,0.3775208592414856
cast,00607,0.3559025526046753
cast,00608,0.3257462978363037
cast,00609,0.4082656502723694
cast,00610,0.5309132933616638
cast,00611,0.2832902669906616
cast,00612,0.5583268404006958
cast,00613,0.5811630487442017
cast,00614,0.5047169923782349
cast,00615,0.3939558267593384
cast,00616,0.454282283782959
cast,00617,0.44184160232543945
cast,00618,0.5783611536026001
cast,00619,0.3319947123527527
cast,00620,0.572005569934845
cast,00621,0.7722525596618652
cast,00622,0.4092274308204651
cast,00623,0.4220539927482605
cast,00624,0.35772743821144104
cast,00625,0.365569531917572
cast,00626,0.3571484088897705
cast,00627,0.4608062207698822
cast,00628,0.408201664686203
cast,00629,0.28350281715393066
cast,00630,0.5107529163360596
cast,00631,0.39868462085723877
cast,00632,0.4374457597732544
cast,00633,0.2671145796775818
cast,00634,0.26546913385391235
cast,00635,0.545042097568512
cast,00636,0.21946190297603607
cast,00637,0.44108933210372925
cast,00638,0.40140223503112793
cast,00639,0.23539765179157257
cast,00640,0.3145677447319031
cast,00641,0.4408213496208191
cast,00642,0.3927800953388214
cast,00643,0.48088735342025757
cast,00644,0.44667142629623413
cast,00645,0.4783167243003845
cast,00646,0.456806480884552
cast,00647,0.3979153633117676
cast,00648,0.5374801754951477
cast,00649,0.37417441606521606
cast,00650,0.3030211627483368
cast,00651,0.29666778445243835
cast,00652,0.4942358434200287
cast,00653,0.32140669226646423
cast,00654,0.35763680934906006
cast,00655,0.27860602736473083
cast,00656,0.625878095626831
cast,00657,0.5568923950195312
cast,00658,0.3062658905982971
cast,00659,0.5562999248504639
cast,00660,0.56014084815979
cast,00661,0.5604592561721802
cast,00662,0.31953033804893494
cast,00663,0.569183349609375
cast,00664,0.6272369623184204
cast,00665,0.4830799400806427
cast,00666,0.31401923298835754
cast,00667,0.47533831000328064
cast,00668,0.49666810035705566
cast,00669,0.36623841524124146
cast,00670,0.5070749521255493
cast,00671,0.5565550327301025
cast,00672,0.533960223197937
cast,00673,0.4491448402404785
cast,00674,0.3871668577194214
cast,00675,0.4413413107395172
cast,00676,0.3131828010082245
cast,00677,0.2585112452507019
cast,00678,0.4094887971878052
cast,00679,0.4743097126483917
cast,00680,0.22578087449073792
cast,00681,0.5624390840530396
cast,00682,0.4703894555568695
cast,00683,0.1788008064031601
cast,00684,0.4615975022315979
cast,00685,0.45105111598968506
cast,00686,0.3359369933605194
cast,00687,0.3658594489097595
cast,00688,0.4342377483844757
cast,00689,0.5320383310317993
cast,00690,0.2063726782798767
cast,00691,0.42479509115219116
cast,00692,0.2329506278038025
cast,00693,0.42206624150276184
cast,00694,0.43744078278541565
cast,00695,0.2170785814523697
cast,00696,0.5145512223243713
cast,00697,0.4356194734573364
cast,00698,0.3958468437194824
cast,00699,0.5118230581283569
cast,00700,0.328633576631546
cast,00701,0.35166072845458984
cast,00702,0.6278365850448608
cast,00703,0.6208043694496155
cast,00704,0.5970675945281982
cast,00705,0.387991338968277
cast,00706,0.46440643072128296
cast,00707,0.3894926905632019
cast,00708,0.057279035449028015
cast,00709,0.39619728922843933
cast,00710,0.5192617774009705
cast,00711,0.510884165763855
cast,00712,0.5009093284606934
cast,00713,0.7227956056594849
cast,00714,0.1127089262008667
cast,00715,0.39464181661605835
cast,00716,0.22588996589183807
cast,00717,0.561552882194519
cast,00718,0.3393820822238922
cast,00719,0.453335702419281
cast,00720,0.48351752758026123
cast,00721,0.7236611843109131
cast,00722,0.5934569835662842
cast,00723,0.48509618639945984
cast,00724,0.29786059260368347
cast,00725,0.4769366383552551
cast,00726,0.3526727259159088
cast,00727,0.4717507064342499
cast,00728,0.3748587369918823
cast,00729,0.37847039103507996
cast,00730,0.2927870750427246
cast,00731,0.5788100361824036
cast,00732,0.30477336049079895
cast,00733,0.19534608721733093
cast,00734,0.40091392397880554
cast,00735,0.43842172622680664
cast,00736,0.49934038519859314
cast,00737,0.3201754689216614
cast,00738,0.48501187562942505
cast,00739,0.5370136499404907
cast,00740,0.36777642369270325
cast,00741,0.5242426991462708
cast,00742,0.7410715818405151
cast,00743,0.5330696105957031
cast,00744,0.4683952033519745
cast,00745,0.2856246829032898
cast,00746,0.5157365798950195
cast,00747,0.5932340621948242
cast,00748,0.4042477607727051
cast,00749,0.3582729697227478
cast,00750,0.5647094249725342
cast,00751,0.3669581413269043
cast,00752,0.4699057340621948
cast,00753,0.46497008204460144
cast,00754,0.5354046821594238
cast,00755,0.5018470287322998
cast,00756,0.3850798010826111
cast,00757,0.453536719083786
cast,00758,0.3036312460899353
cast,00759,0.2362954318523407
cast,00760,0.6364705562591553
cast,00761,0.42486000061035156
cast,00762,0.3050001859664917
cast,00763,0.18354034423828125
cast,00764,0.49116426706314087
cast,00765,0.3380894958972931
cast,00766,0.5102837085723877
cast,00767,0.2510736584663391
cast,00768,0.5310745239257812
cast,00769,0.5387031435966492
cast,00770,0.23542259633541107
cast,00771,0.1714666783809662
cast,00772,0.5792350769042969
cast,00773,0.3803636431694031
cast,00774,0.37639057636260986
cast,00775,0.5807430744171143
cast,00776,0.6850019693374634
cast,00777,0.3869784474372864
cast,00778,0.49771571159362793
cast,00779,0.38358819484710693
cast,00780,0.36583033204078674
cast,00781,0.4694328308105469
cast,00782,0.5183980464935303
cast,00783,0.647466778755188
cast,00784,0.5290796756744385
cast,00785,0.4778338670730591
cast,00786,0.3061903119087219
cast,00787,0.4442533254623413
cast,00788,0.692861795425415
cast,00789,0.2516292929649353
cast,00790,0.5919657945632935
cast,00791,0.7940402030944824
cast,00792,0.4433988928794861
cast,00793,0.39676633477211
cast,00794,0.34833478927612305
cast,00795,0.45757555961608887
cast,00796,0.35655391216278076
cast,00797,0.5784157514572144
cast,00798,0.6033943295478821
cast,00799,0.5665802955627441
cast,00800,0.42342960834503174
cast,00801,0.3163241147994995
cast,00802,0.3725026249885559
cast,00803,0.4953657388687134
cast,00804,0.37190189957618713
cast,00805,0.22114989161491394
cast,00806,0.35156717896461487
cast,00807,0.2801065444946289
cast,00808,0.6447707414627075
cast,00809,0.4888320565223694
cast,00810,0.4925396144390106
cast,00811,0.36696648597717285
cast,00812,0.3853535056114197
cast,00813,0.35034698247909546
cast,00814,0.4863813519477844
cast,00815,0.39234083890914917
cast,00816,0.26994919776916504
cast,00817,0.3267444968223572
cast,00818,0.3370428681373596
cast,00819,0.2778116464614868
cast,00820,0.34970027208328247
cast,00821,0.5096635818481445
cast,00822,0.232008695602417
cast,00823,0.48283249139785767
cast,00824,0.46642762422561646
cast,00825,0.466022253036499
cast,00826,0.5098158121109009
cast,00827,0.2923596501350403
cast,00828,0.27358508110046387
cast,00829,0.4082332253456116
cast,00830,0.5741125345230103
cast,00831,0.3399876356124878
cast,00832,0.6497068405151367
cast,00833,0.5499927401542664
cast,00834,0.2105901688337326
cast,00835,0.4821765422821045
cast,00836,0.5289413928985596
cast,00837,0.6125078797340393
cast,00838,0.1630043387413025
cast,00839,0.5778616666793823
cast,00840,0.6219008564949036
cast,00841,0.4593200087547302
cast,00842,0.497690886259079
cast,00843,0.6160024404525757
cast,00844,0.5502206087112427
cast,00845,0.7142930030822754
cast,00846,0.4545350968837738
cast,00847,0.15531592071056366
cast,00848,0.41243883967399597
cast,00849,0.5575432777404785
cast,00850,0.208558589220047
cast,00851,0.5884467363357544
cast,00852,0.6168553829193115
cast,00853,0.17531609535217285
cast,00854,0.32248997688293457
cast,00855,0.3639024496078491
cast,00856,0.6873490214347839
cast,00857,0.26589435338974
cast,00858,0.401258647441864
cast,00859,0.4274273216724396
cast,00860,0.6012337803840637
cast,00861,0.2885110378265381
cast,00862,0.1616692841053009
cast,00863,0.28622257709503174
cast,00864,0.3950348496437073
cast,00865,0.4063219428062439
cast,00866,0.41077250242233276
cast,00867,0.5431583523750305
cast,00868,0.48000094294548035
cast,00869,0.5216643214225769
cast,00870,0.5338655710220337
cast,00871,0.2814936637878418
cast,00872,0.48740312457084656
cast,00873,0.6607575416564941
cast,00874,0.3309684097766876
cast,00875,0.37835562229156494
cast,00876,0.33571740984916687
cast,00877,0.6521186232566833
cast,00878,0.3767855167388916
cast,00879,0.6207153797149658
cast,00880,0.5115149617195129
cast,00881,0.37527990341186523
cast,00882,0.4529759883880615
cast,00883,0.3869068920612335
cast,00884,0.25573885440826416
cast,00885,0.463623046875
cast,00886,0.5574684739112854
cast,00887,0.31903424859046936
cast,00888,0.6924086213111877
cast,00889,0.47185343503952026
cast,00890,0.2570292353630066
cast,00891,0.5219188928604126
cast,00892,0.6262633800506592
cast,00893,0.33850857615470886
cast,00894,0.5282084941864014
cast,00895,0.3658578097820282
cast,00896,0.4461507499217987
cast,00897,0.3878670334815979
cast,00898,0.30364155769348145
cast,00899,0.255048006772995
cast,00900,0.41694238781929016
cast,00901,0.5017225742340088
cast,00902,0.41599389910697937
cast,00903,0.324442982673645
cast,00904,0.3679010272026062
cast,00905,0.2937782406806946
cast,00906,0.524451732635498
cast,00907,0.3726409673690796
cast,00908,0.5227730870246887
cast,00909,0.3994103968143463
cast,00910,0.22742705047130585
cast,00911,0.32540032267570496
cast,00912,0.4761388301849365
cast,00913,0.2949546277523041
cast,00914,0.4882217049598694
cast,00915,0.14294543862342834
cast,00916,0.34206104278564453
cast,00917,0.43535280227661133
cast,00918,0.6796264052391052
cast,00919,0.36660200357437134
cast,00920,0.5041238069534302
cast,00921,0.5241981148719788
cast,00922,0.5362160205841064
cast,00923,0.37620362639427185
cast,00924,0.39974212646484375
cast,00925,0.4189324378967285
cast,00926,0.3573644161224365
cast,00927,0.26204267144203186
cast,00928,0.4413853585720062
cast,00929,0.5169883966445923
cast,00930,0.4648471474647522
cast,00931,0.3664272427558899
cast,00932,0.2694401741027832
cast,00933,0.4608720541000366
cast,00934,0.3209327459335327
cast,00935,0.4003274440765381
cast,00936,0.621692419052124
cast,00937,0.6184073686599731
cast,00938,0.5568192005157471
cast,00939,0.3467895984649658
cast,00940,0.28913697600364685
cast,00941,0.4986095726490021
cast,00942,0.5539942979812622
cast,00943,0.3856966197490692
cast,00944,0.4449406564235687
cast,00945,0.625029981136322
cast,00946,0.30471810698509216
cast,00947,0.40983128547668457
cast,00948,0.36445948481559753
cast,00949,0.513276219367981
cast,00950,0.4241744875907898
cast,00951,0.37571877241134644
cast,00952,0.5451200008392334
cast,00953,0.5424230694770813
cast,00954,0.43440955877304077
cast,00955,0.24231868982315063
cast,00956,0.4546971619129181
cast,00957,0.5136939287185669
cast,00958,0.3676060736179352
cast,00959,0.5347428321838379
cast,00960,0.35688474774360657
cast,00961,0.4466157555580139
cast,00962,0.7403002381324768
cast,00963,0.4709365963935852
cast,00964,0.22909098863601685
cast,00965,0.5486658811569214
cast,00966,0.3016278147697449
cast,00967,0.4167935252189636
cast,00968,0.2891451418399811
cast,00969,0.3863598704338074
cast,00970,0.4268110692501068
cast,00971,0.5441095232963562
cast,00972,0.3016722798347473
cast,00973,0.4205789566040039
cast,00974,0.3028326630592346
cast,00975,0.3815367817878723
cast,00976,0.4598453938961029
cast,00977,0.5411335229873657
cast,00978,0.2763236165046692
cast,00979,0.5140647888183594
cast,00980,0.4385569095611572
cast,00981,0.5597209930419922
cast,00982,0.45523691177368164
cast,00983,0.5197267532348633
cast,00984,0.3452836871147156
cast,00985,0.40243375301361084
cast,00986,0.5267634391784668
cast,00987,0.43400582671165466
cast,00988,0.359781950712204
cast,00989,0.485255628824234
cast,00990,0.47732871770858765
cast,00991,0.5596829056739807
cast,00992,0.48298949003219604
cast,00993,0.40210282802581787
cast,00994,0.4343710243701935
cast,00995,0.5899068117141724
cast,00996,0.21305255591869354
cast,00997,0.21603435277938843
cast,00998,0.35423752665519714
cast,00999,0.22531664371490479
cast,01000,0.44149476289749146
cast,01001,0.25293856859207153
cast,01002,0.4475293755531311
cast,01003,0.5430750846862793
cast,01004,0.40364938974380493
cast,01005,0.4629940390586853
cast,01006,0.23009435832500458
cast,01007,0.25442802906036377
cast,01008,0.6663869619369507
cast,01009,0.3280025124549866
cast,01010,0.4931859076023102
cast,01011,0.5789268016815186
cast,01012,0.7034519910812378
cast,01013,0.47414204478263855
cast,01014,0.12377689778804779
cast,01015,0.44045490026474
cast,01016,0.4854113459587097
cast,01017,0.29196107387542725
cast,01018,0.34016114473342896
cast,01019,0.41090279817581177
cast,01020,0.5897902250289917
cast,01021,0.5793639421463013
cast,01022,0.31917238235473633
cast,01023,0.23543612658977509
cast,01024,0.4872317314147949
cast,01025,0.4491673707962036
cast,01026,0.6218500137329102
cast,01027,0.47423017024993896
cast,01028,0.46585315465927124
cast,01029,0.33785444498062134
cast,01030,0.4770171344280243
cast,01031,0.5565441846847534
cast,01032,0.1643507033586502
cast,01033,0.6997248530387878
cast,01034,0.3930063843727112
cast,01035,0.32575783133506775
cast,01036,0.6369279623031616
cast,01037,0.23891769349575043
cast,01038,0.33771347999572754
cast,01039,0.4781288504600525
cast,01040,0.5172790288925171
cast,01041,0.42387357354164124
cast,01042,0.5670130252838135
cast,01043,0.45717114210128784
cast,01044,0.2860509753227234
cast,01045,0.49658775329589844
cast,01046,0.4489681124687195
cast,01047,0.6264677047729492
cast,01048,0.4228459298610687
cast,01049,0.5644943714141846
cast,01050,0.5144206285476685
cast,01051,0.5198956727981567
cast,01052,0.5608510375022888
cast,01053,0.4677903950214386
cast,01054,0.46057653427124023
cast,01055,0.39629870653152466
cast,01056,0.3309584856033325
cast,01057,0.47134163975715637
cast,01058,0.2685029208660126
cast,01059,0.37145811319351196
cast,01060,0.2905104160308838
cast,01061,0.4524780213832855
cast,01062,0.31796127557754517
cast,01063,0.4758865237236023
cast,01064,0.6578466892242432
cast,01065,0.5200788974761963
cast,01066,0.3948805332183838
cast,01067,0.3192424178123474
cast,01068,0.31402432918548584
cast,01069,0.49871569871902466
cast,01070,0.4733048677444458
cast,01071,0.5553162097930908
cast,01072,0.21299698948860168
cast,01073,0.2636556923389435
cast,01074,0.6675746440887451
cast,01075,0.44366970658302307
cast,01076,0.42408835887908936
cast,01077,0.3716372847557068
cast,01078,0.33815985918045044
cast,01079,0.3369419574737549
cast,01080,0.4588075280189514
cast,01081,0.5623651742935181
cast,01082,0.3119378685951233
cast,01083,0.42096829414367676
cast,01084,0.3146662712097168
cast,01085,0.5296165943145752
cast,01086,0.602384090423584
cast,01087,0.48774635791778564
cast,01088,0.3951178789138794
cast,01089,0.6309984922409058
cast,01090,0.3414797782897949
cast,01091,0.410511314868927
cast,01092,0.3146549463272095
cast,01093,0.32839930057525635
cast,01094,0.22895002365112305
cast,01095,0.5650827288627625
cast,01096,0.5695573091506958
cast,01097,0.6419796943664551
cast,01098,0.5212209820747375
cast,01099,0.3956083059310913
cast,01100,0.4325963854789734
cast,01101,0.3764166533946991
cast,01102,0.40129685401916504
cast,01103,0.5494292974472046
cast,01104,0.26641279458999634
cast,01105,0.48000845313072205
cast,01106,0.40129223465919495
cast,01107,0.24641436338424683
cast,01108,0.26065438985824585
cast,01109,0.4164882302284241
cast,01110,0.4421631991863251
cast,01111,0.23616302013397217
cast,01112,0.38118255138397217
cast,01113,0.21973218023777008
cast,01114,0.47416484355926514
cast,01115,0.3225557208061218
cast,01116,0.3248023986816406
cast,01117,0.7406255602836609
cast,01118,0.4632663130760193
cast,01119,0.6070619821548462
cast,01120,0.5082054734230042
cast,01121,0.41099223494529724
cast,01122,0.4766598343849182
cast,01123,0.42043209075927734
cast,01124,0.3832260072231293
cast,01125,0.4073293209075928
cast,01126,0.4743213653564453
cast,01127,0.4685724973678589
cast,01128,0.5444990992546082
cast,01129,0.36043277382850647
cast,01130,0.41336357593536377
cast,01131,0.33607280254364014
cast,01132,0.5706301927566528
cast,01133,0.33231496810913086
cast,01134,0.3143148124217987
cast,01135,0.4085654616355896
cast,01136,0.2622172236442566
cast,01137,0.40100181102752686
cast,01138,0.2699761986732483
cast,01139,0.26807403564453125
cast,01140,0.36415815353393555
cast,01141,0.4756937026977539
cast,01142,0.4812144637107849
cast,01143,0.46651291847229004
cast,01144,0.5956692099571228
cast,01145,0.2718052864074707
cast,01146,0.7098907232284546
cast,01147,0.26125568151474
cast,01148,0.25101926922798157
cast,01149,0.3145630359649658
cast,01150,0.36434686183929443
cast,01151,0.47349655628204346
cast,01152,0.555208683013916
cast,01153,0.33397120237350464
cast,01154,0.3369731605052948
cast,01155,0.397824764251709
cast,01156,0.562049150466919
cast,01157,0.3414909243583679
cast,01158,0.4918117821216583
cast,01159,0.27489733695983887
cast,01160,0.5906651020050049
cast,01161,0.5211202502250671
cast,01162,0.11540202796459198
cast,01163,0.16032807528972626
cast,01164,0.4246279001235962
cast,01165,0.3374857008457184
cast,01166,0.6418377161026001
cast,01167,0.23478491604328156
cast,01168,0.6934494972229004
cast,01169,0.46610283851623535
cast,01170,0.40113571286201477
cast,01171,0.14250268042087555
cast,01172,0.26399528980255127
cast,01173,0.401000440120697
cast,01174,0.4018458425998688
cast,01175,0.13577409088611603
cast,01176,0.5351442098617554
cast,01177,0.41379791498184204
cast,01178,0.5950490236282349
cast,01179,0.48487624526023865
cast,01180,0.3780985474586487
cast,01181,0.4703408479690552
cast,01182,0.5683792233467102
cast,01183,0.21968171000480652
cast,01184,0.39234641194343567
cast,01185,0.28339654207229614
cast,01186,0.6063283681869507
cast,01187,0.32520076632499695
cast,01188,0.3812564015388489
cast,01189,0.3252496123313904
cast,01190,0.37848806381225586
cast,01191,0.4809262752532959
cast,01192,0.3853456974029541
cast,01193,0.4178078770637512
cast,01194,0.5105490684509277
cast,01195,0.5080353617668152
cast,01196,0.4697182774543762
cast,01197,0.4377601146697998
cast,01198,0.3586031198501587
cast,01199,0.3872266113758087
cast,01200,0.3813316226005554
cast,01201,0.4254473149776459
cast,01202,0.5803428888320923
cast,01203,0.533689558506012
cast,01204,0.3899698853492737
cast,01205,0.31766247749328613
cast,01206,0.5536611080169678
cast,01207,0.4056161642074585
cast,01208,0.5275017023086548
cast,01209,0.453306645154953
cast,01210,0.5127911567687988
cast,01211,0.4137817621231079
cast,01212,0.42029136419296265
cast,01213,0.3525172173976898
cast,01214,0.23133286833763123
cast,01215,0.33927252888679504
cast,01216,0.4501914978027344
cast,01217,0.3851630687713623
cast,01218,0.42760169506073
cast,01219,0.5098904967308044
cast,01220,0.38945794105529785
cast,01221,0.40584713220596313
cast,01222,0.29371893405914307
cast,01223,0.39227718114852905
cast,01224,0.46239492297172546
cast,01225,0.2766900658607483
cast,01226,0.462354451417923
cast,01227,0.4593340754508972
cast,01228,0.35639846324920654
cast,01229,0.5924957990646362
cast,01230,0.5446181893348694
cast,01231,0.3366338014602661
cast,01232,0.5025025010108948
cast,01233,0.26274532079696655
cast,01234,0.3797215521335602
cast,01235,0.325924277305603
cast,01236,0.39982274174690247
cast,01237,0.4042103588581085
cast,01238,0.2727639377117157
cast,01239,0.35940563678741455
cast,01240,0.4540238380432129
cast,01241,0.5874152779579163
cast,01242,0.3080429434776306
cast,01243,0.5116889476776123
cast,01244,0.46747949719429016
cast,01245,0.6083346009254456
cast,01246,0.3147395849227905
cast,01247,0.5281085968017578
cast,01248,0.4217930734157562
cast,01249,0.16791796684265137
cast,01250,0.3531435430049896
cast,01251,0.544163703918457
cast,01252,0.4857932925224304
cast,01253,0.3893086910247803
cast,01254,0.47860240936279297
cast,01255,0.5846675634384155
cast,01256,0.3856646418571472
cast,01257,0.3601127564907074
cast,01258,0.2789158225059509
cast,01259,0.42519986629486084
cast,01260,0.3127363324165344
cast,01261,0.6507879495620728
cast,01262,0.4385964870452881
cast,01263,0.4229849576950073
cast,01264,0.5637436509132385
cast,01265,0.5149242281913757
cast,01266,0.46333926916122437
cast,01267,0.36906594038009644
cast,01268,0.6664380431175232
cast,01269,0.6639869213104248
cast,01270,0.4744742512702942
cast,01271,0.5708368420600891
cast,01272,0.3485805094242096
cast,01273,0.3819877505302429
cast,01274,0.5309337973594666
cast,01275,0.44961658120155334
cast,01276,0.6556916236877441
cast,01277,0.5860356688499451
cast,01278,0.362199604511261
cast,01279,0.6391721963882446
cast,01280,0.2626686096191406
cast,01281,0.4342721700668335
cast,01282,0.4773979187011719
cast,01283,0.5238634347915649
cast,01284,0.30675655603408813
cast,01285,0.2800168991088867
cast,01286,0.5451043248176575
cast,01287,0.6337275505065918
cast,01288,0.4854481518268585
cast,01289,0.5115530490875244
cast,01290,0.4826846420764923
cast,01291,0.5103864073753357
cast,01292,0.5433302521705627
cast,01293,0.567967414855957
cast,01294,0.4678647518157959
cast,01295,0.6066883206367493
cast,01296,0.3661028742790222
cast,01297,0.7008325457572937
cast,01298,0.3413514494895935
cast,01299,0.4638288617134094
cast,01300,0.4693160057067871
cast,01301,0.6198400855064392
cast,01302,0.4799901843070984
cast,01303,0.44722771644592285
cast,01304,0.4752635955810547
cast,01305,0.5785267949104309
cast,01306,0.3446435332298279
cast,01307,0.41453760862350464
cast,01308,0.32607781887054443
cast,01309,0.43408361077308655
cast,01310,0.4930817484855652
cast,01311,0.45719099044799805
cast,01312,0.2423926591873169
cast,01313,0.4474549889564514
cast,01314,0.34736281633377075
cast,01315,0.4673101305961609
cast,01316,0.4690799117088318
cast,01317,0.5301868319511414
cast,01318,0.5582786798477173
cast,01319,0.3401876389980316
cast,01320,0.2642909288406372
cast,01321,0.5252973437309265
cast,01322,0.3185717463493347
cast,01323,0.3434368371963501
cast,01324,0.2943733334541321
cast,01325,0.35287371277809143
cast,01326,0.49807465076446533
cast,01327,0.4741416871547699
cast,01328,0.41215837001800537
cast,01329,0.5546120405197144
cast,01330,0.18396805226802826
cast,01331,0.5899465680122375
cast,01332,0.35515594482421875
cast,01333,0.46759262681007385
cast,01334,0.6039497256278992
cast,01335,0.6682848930358887
cast,01336,0.5708792209625244
cast,01337,0.23996353149414062
cast,01338,0.41266486048698425
cast,01339,0.4470864534378052
cast,01340,0.5089966654777527
cast,01341,0.47627368569374084
cast,01342,0.5123364925384521
cast,01343,0.198369562625885
cast,01344,0.5419894456863403
cast,01345,0.44238412380218506
cast,01346,0.48545801639556885
cast,01347,0.37424972653388977
cast,01348,0.32836735248565674
cast,01349,0.35484814643859863
cast,01350,0.3319340646266937
cast,01351,0.428859680891037
cast,01352,0.4153035283088684
cast,01353,0.3852476179599762
cast,01354,0.4305574297904968
cast,01355,0.37769758701324463
cast,01356,0.3506232500076294
cast,01357,0.4621109962463379
cast,01358,0.5887432098388672
cast,01359,0.3559747636318207
cast,01360,0.26703715324401855
cast,01361,0.5349728465080261
cast,01362,0.4256724417209625
cast,01363,0.3651191294193268
cast,01364,0.36097413301467896
cast,01365,0.24898216128349304
cast,01366,0.3045528531074524
cast,01367,0.38347548246383667
cast,01368,0.4832833409309387
cast,01369,0.4294249415397644
cast,01370,0.611412525177002
cast,01371,0.5330098867416382
cast,01372,0.19102177023887634
cast,01373,0.6744319200515747
cast,01374,0.6817084550857544
cast,01375,0.5488574504852295
cast,01376,0.5983576774597168
cast,01377,0.39129921793937683
cast,01378,0.4098067879676819
cast,01379,0.45087379217147827
cast,01380,0.5538824796676636
cast,01381,0.5843816995620728
cast,01382,0.6114867925643921
cast,01383,0.3294447064399719
cast,01384,0.44059252738952637
cast,01385,0.3375486731529236
cast,01386,0.433494508266449
cast,01387,0.6554698348045349
cast,01388,0.29383015632629395
cast,01389,0.49671030044555664
cast,01390,0.4115196466445923
cast,01391,0.4564046859741211
cast,01392,0.44777658581733704
cast,01393,0.5074319839477539
cast,01394,0.5828554630279541
cast,01395,0.5611593127250671
cast,01396,0.2729860544204712
cast,01397,0.510523796081543
cast,01398,0.48981422185897827
cast,01399,0.42837417125701904
cast,01400,0.25390464067459106
cast,01401,0.39220982789993286
cast,01402,0.5333653092384338
cast,01403,0.4508756101131439
cast,01404,0.4371459484100342
cast,01405,0.43592238426208496
cast,01406,0.5057529211044312
cast,01407,0.32104456424713135
cast,01408,0.32658180594444275
cast,01409,0.5021648406982422
cast,01410,0.3182096481323242
cast,01411,0.5239278078079224
cast,01412,0.38997215032577515
cast,01413,0.4544798731803894
cast,01414,0.5764288306236267
cast,01415,0.49548235535621643
cast,01416,0.2604077458381653
cast,01417,0.28180673718452454
cast,01418,0.39631736278533936
cast,01419,0.49342992901802063
cast,01420,0.536333441734314
cast,01421,0.32050228118896484
cast,01422,0.29284876585006714
cast,01423,0.4796140193939209
cast,01424,0.37243255972862244
cast,01425,0.34320569038391113
cast,01426,0.29515793919563293
cast,01427,0.35261720418930054
cast,01428,0.3674507141113281
cast,01429,0.4024358093738556
cast,01430,0.20692817866802216
cast,01431,0.5488052368164062
cast,01432,0.3824409246444702
cast,01433,0.4045833647251129
cast,01434,0.22309347987174988
cast,01435,0.45639997720718384
cast,01436,0.3299431800842285
cast,01437,0.550514280796051
cast,01438,0.34088796377182007
cast,01439,0.5754936337471008
cast,01440,0.5262165665626526
cast,01441,0.47978365421295166
cast,01442,0.23260124027729034
cast,01443,0.40029963850975037
cast,01444,0.4769064486026764
cast,01445,0.31022346019744873
cast,01446,0.40447959303855896
cast,01447,0.3810652196407318
cast,01448,0.6047970056533813
cast,01449,0.5538537502288818
cast,01450,0.22960397601127625
cast,01451,0.2841125428676605
cast,01452,0.3939700126647949
cast,01453,0.499142050743103
cast,01454,0.3561769425868988
cast,01455,0.4564533233642578
cast,01456,0.580061137676239
cast,01457,0.7099155783653259
cast,01458,0.4863286316394806
cast,01459,0.5129417777061462
cast,01460,0.04693048447370529
cast,01461,0.6859638690948486
cast,01462,0.517357587814331
cast,01463,0.5164163112640381
cast,01464,0.3815487027168274
cast,01465,0.5031411051750183
cast,01466,0.4902059733867645
cast,01467,0.6030498147010803
cast,01468,0.4302157163619995
cast,01469,0.25930511951446533
cast,01470,0.4429727792739868
cast,01471,0.48567643761634827
cast,01472,0.6160277128219604
cast,01473,0.4520767331123352
cast,01474,0.45447126030921936
cast,01475,0.6519620418548584
cast,01476,0.6998165845870972
cast,01477,0.5914739370346069
cast,01478,0.5287536382675171
cast,01479,0.33171993494033813
cast,01480,0.48009997606277466
cast,01481,0.5077667236328125
cast,01482,0.5677213072776794
cast,01483,0.3124745488166809
cast,01484,0.6244589686393738
cast,01485,0.4673037827014923
cast,01486,0.5076273679733276
cast,01487,0.3420772850513458
cast,01488,0.5223091840744019
cast,01489,0.47775426506996155
cast,01490,0.19339725375175476
cast,01491,0.3985579311847687
cast,01492,0.31327003240585327
cast,01493,0.5143720507621765
cast,01494,0.5929134488105774
cast,01495,0.3786662817001343
cast,01496,0.4164886474609375
cast,01497,0.46438804268836975
cast,01498,0.2973807752132416
cast,01499,0.4068990647792816
cast,01500,0.599125862121582
cast,01501,0.44769391417503357
cast,01502,0.3069804310798645
cast,01503,0.4466860890388489
cast,01504,0.4698302149772644
cast,01505,0.4337064027786255
cast,01506,0.5466543436050415
cast,01507,0.47255659103393555
cast,01508,0.36114925146102905
cast,01509,0.4073207974433899
cast,01510,0.47104817628860474
cast,01511,0.4510539174079895
cast,01512,0.2737921476364136
cast,01513,0.5484359264373779
cast,01514,0.22134947776794434
cast,01515,0.2916814684867859
cast,01516,0.3650531768798828
cast,01517,0.3146587014198303
cast,01518,0.5670744180679321
cast,01519,0.3901854157447815
cast,01520,0.5860787630081177
cast,01521,0.29929476976394653
cast,01522,0.45145538449287415
cast,01523,0.5470389723777771
cast,01524,0.5460659265518188
cast,01525,0.6320385336875916
cast,01526,0.4640696942806244
cast,01527,0.48399364948272705
cast,01528,0.16855889558792114
cast,01529,0.2127659022808075
cast,01530,0.31027752161026
cast,01531,0.4137875437736511
cast,01532,0.6552717685699463
cast,01533,0.3708646297454834
cast,01534,0.4210667014122009
cast,01535,0.5230960845947266
cast,01536,0.5423175692558289
cast,01537,0.2517433166503906
cast,01538,0.42317450046539307
cast,01539,0.5238569378852844
cast,01540,0.53477942943573
cast,01541,0.4740823805332184
cast,01542,0.3569495677947998
cast,01543,0.5246264934539795
cast,01544,0.3103582262992859
cast,01545,0.2585628032684326
cast,01546,0.5247935056686401
cast,01547,0.43552839756011963
cast,01548,0.5301773548126221
cast,01549,0.6642211079597473
cast,01550,0.25118470191955566
cast,01551,0.4579853415489197
cast,01552,0.44073551893234253
cast,01553,0.5130590200424194
cast,01554,0.3619465231895447
cast,01555,0.32183390855789185
cast,01556,0.40938645601272583
cast,01557,0.43922877311706543
cast,01558,0.528182327747345
cast,01559,0.5014817714691162
cast,01560,0.5318020582199097
cast,01561,0.5939902067184448
cast,01562,0.3339093327522278
cast,01563,0.48468685150146484
cast,01564,0.47665542364120483
cast,01565,0.22764071822166443
cast,01566,0.4506826102733612
cast,01567,0.5162401795387268
cast,01568,0.45519188046455383
cast,01569,0.47987303137779236
cast,01570,0.5812963247299194
cast,01571,0.4077228903770447
cast,01572,0.40645626187324524
cast,01573,0.42429620027542114
cast,01574,0.611107587814331
cast,01575,0.61412513256073
cast,01576,0.3975067734718323
cast,01577,0.5788861513137817
cast,01578,0.48353514075279236
cast,01579,0.40324071049690247
cast,01580,0.3943037688732147
cast,01581,0.33115154504776
cast,01582,0.6798322200775146
cast,01583,0.3208569884300232
cast,01584,0.23251910507678986
cast,01585,0.5595147609710693
cast,01586,0.49763941764831543
cast,01587,0.30330443382263184
cast,01588,0.318936824798584
cast,01589,0.3696390390396118
cast,01590,0.17869964241981506
cast,01591,0.45226162672042847
cast,01592,0.7829611897468567
cast,01593,0.4260867238044739
cast,01594,0.331048846244812
cast,01595,0.47489240765571594
cast,01596,0.258280873298645
cast,01597,0.4872840344905853
cast,01598,0.42427995800971985
cast,01599,0.5041071176528931
cast,01600,0.44842880964279175
cast,01601,0.4836233854293823
cast,01602,0.2951282560825348
cast,01603,0.6447182893753052
cast,01604,0.4111361801624298
cast,01605,0.472145676612854
cast,01606,0.28211307525634766
cast,01607,0.5395784974098206
cast,01608,0.21058794856071472
cast,01609,0.4067961275577545
cast,01610,0.6113545894622803
cast,01611,0.538179874420166
cast,01612,0.5481082797050476
cast,01613,0.5896573066711426
cast,01614,0.4236758053302765
cast,01615,0.3967284560203552
cast,01616,0.3683818578720093
cast,01617,0.43814966082572937
cast,01618,0.4618871808052063
cast,01619,0.3465578258037567
cast,01620,0.3678397536277771
cast,01621,0.5053056478500366
cast,01622,0.41524264216423035
cast,01623,0.7213168144226074
cast,01624,0.4512588381767273
cast,01625,0.438556432723999
cast,01626,0.45309776067733765
cast,01627,0.36739516258239746
cast,01628,0.3666333854198456
cast,01629,0.2710598111152649
cast,01630,0.5825397968292236
cast,01631,0.30542927980422974
cast,01632,0.5732995271682739
cast,01633,0.7067720293998718
cast,01634,0.6343585252761841
cast,01635,0.6102261543273926
cast,01636,0.4401712417602539
cast,01637,0.4436565041542053
cast,01638,0.4403090178966522
cast,01639,0.26775363087654114
cast,01640,0.5662522315979004
cast,01641,0.2864277958869934
cast,01642,0.47219717502593994
cast,01643,0.46770617365837097
cast,01644,0.360842764377594
cast,01645,0.5183871984481812
cast,01646,0.46129244565963745
cast,01647,0.46911418437957764
cast,01648,0.4009482264518738
cast,01649,0.44398564100265503
cast,01650,0.4393218159675598
cast,01651,0.660139799118042
cast,01652,0.35977354645729065
cast,01653,0.4501742124557495
cast,01654,0.590744137763977
cast,01655,0.5567346811294556
cast,01656,0.33274948596954346
cast,01657,0.45209193229675293
cast,01658,0.4744153618812561
cast,01659,0.5129205584526062
cast,01660,0.4633726477622986
cast,01661,0.4883517026901245
cast,01662,0.5888928771018982
cast,01663,0.3364377021789551
cast,01664,0.49049660563468933
cast,01665,0.6606478691101074
cast,01666,0.44394248723983765
cast,01667,0.3976847231388092
cast,01668,0.38940006494522095
cast,01669,0.3781715929508209
cast,01670,0.5530235767364502
cast,01671,0.31967610120773315
cast,01672,0.4490223824977875
cast,01673,0.5190936923027039
cast,01674,0.5384749174118042
cast,01675,0.5046869516372681
cast,01676,0.7099822163581848
cast,01677,0.5289117693901062
cast,01678,0.3664644658565521
cast,01679,0.4880123436450958
cast,01680,0.36130279302597046
cast,01681,0.46772417426109314
cast,01682,0.3592882454395294
cast,01683,0.4328869581222534
cast,01684,0.3004578948020935
cast,01685,0.4199445843696594
cast,01686,0.2576104998588562
cast,01687,0.3942950963973999
cast,01688,0.5275598764419556
cast,01689,0.5756229162216187
cast,01690,0.5333924293518066
cast,01691,0.3566151261329651
cast,01692,0.43658632040023804
cast,01693,0.48302412033081055
cast,01694,0.4427153468132019
cast,01695,0.20979362726211548
cast,01696,0.3169982433319092
cast,01697,0.3910084366798401
cast,01698,0.46979495882987976
cast,01699,0.32336491346359253
cast,01700,0.31837886571884155
cast,01701,0.24153468012809753
cast,01702,0.2331613004207611
cast,01703,0.3253793716430664
cast,01704,0.43855035305023193
cast,01705,0.47597450017929077
cast,01706,0.5682432651519775
cast,01707,0.4944734573364258
cast,01708,0.23878765106201172
cast,01709,0.3512052893638611
cast,01710,0.6285545825958252
cast,01711,0.21998591721057892
cast,01712,0.7575993537902832
cast,01713,0.19340971112251282
cast,01714,0.0789971649646759
cast,01715,0.6105091571807861
cast,01716,0.5848260521888733
cast,01717,0.4262799620628357
cast,01718,0.2641051411628723
cast,01719,0.4713904857635498
cast,01720,0.5707104206085205
cast,01721,0.49872153997421265
cast,01722,0.22194482386112213
cast,01723,0.5109482407569885
cast,01724,0.44709479808807373
cast,01725,0.37047094106674194
cast,01726,0.4992833435535431
cast,01727,0.20006176829338074
cast,01728,0.3890124559402466
cast,01729,0.6979210376739502
cast,01730,0.44635236263275146
cast,01731,0.49869540333747864
cast,01732,0.4680737853050232
cast,01733,0.39195090532302856
cast,01734,0.4127016067504883
cast,01735,0.357932984828949
cast,01736,0.4466346502304077
cast,01737,0.49046790599823
cast,01738,0.3735111355781555
cast,01739,0.45101189613342285
cast,01740,0.3854181170463562
cast,01741,0.41919267177581787
cast,01742,0.606135368347168
cast,01743,0.301163911819458
cast,01744,0.29197537899017334
cast,01745,0.4723552465438843
cast,01746,0.35185861587524414
cast,01747,0.5182965993881226
cast,01748,0.3424966335296631
cast,01749,0.4417685866355896
cast,01750,0.48578953742980957
cast,01751,0.5056511163711548
cast,01752,0.6368876695632935
cast,01753,0.361710786819458
cast,01754,0.4271630644798279
cast,01755,0.4833037853240967
cast,01756,0.49788808822631836
cast,01757,0.4554292559623718
cast,01758,0.41132915019989014
cast,01759,0.435945987701416
cast,01760,0.5202188491821289
cast,01761,0.6494300365447998
cast,01762,0.5046334266662598
cast,01763,0.5335392951965332
cast,01764,0.39112818241119385
cast,01765,0.31839704513549805
cast,01766,0.49761807918548584
cast,01767,0.6533166170120239
cast,01768,0.4936099052429199
cast,01769,0.5183812379837036
cast,01770,0.43426617980003357
cast,01771,0.36530011892318726
cast,01772,0.365541934967041
cast,01773,0.5312334895133972
cast,01774,0.27052727341651917
cast,01775,0.49799782037734985
cast,01776,0.36702677607536316
cast,01777,0.5397591590881348
cast,01778,0.37443819642066956
cast,01779,0.5773062705993652
cast,01780,0.5678090453147888
cast,01781,0.5182958841323853
cast,01782,0.5416899919509888
cast,01783,0.5992744565010071
cast,01784,0.3263533115386963
cast,01785,0.36163532733917236
cast,01786,0.3368292450904846
cast,01787,0.5959291458129883
cast,01788,0.4265005588531494
cast,01789,0.5843254327774048
cast,01790,0.5324375629425049
cast,01791,0.4434468150138855
cast,01792,0.3391818702220917
cast,01793,0.5099066495895386
cast,01794,0.4929770231246948
cast,01795,0.6084829568862915
cast,01796,0.4557499289512634
cast,01797,0.4083492159843445
cast,01798,0.3357332944869995
cast,01799,0.49670448899269104
cast,01800,0.47950661182403564
cast,01801,0.4406947195529938
cast,01802,0.5102323293685913
cast,01803,0.42399391531944275
cast,01804,0.17699606716632843
cast,01805,0.46345624327659607
cast,01806,0.15590901672840118
cast,01807,0.4476788640022278
cast,01808,0.2833680212497711
cast,01809,0.568353533744812
cast,01810,0.3721217215061188
cast,01811,0.5046542882919312
cast,01812,0.4913145899772644
cast,01813,0.3791826069355011
cast,01814,0.4328557848930359
cast,01815,0.27823305130004883
cast,01816,0.5445171594619751
cast,01817,0.4066413342952728
cast,01818,0.47329485416412354
cast,01819,0.2417391836643219
cast,01820,0.2820374667644501
cast,01821,0.5232688784599304
cast,01822,0.2935843765735626
cast,01823,0.45691585540771484
cast,01824,0.40536797046661377
cast,01825,0.3921753168106079
cast,01826,0.3771621286869049
cast,01827,0.23375292122364044
cast,01828,0.4992641806602478
cast,01829,0.4067428708076477
cast,01830,0.5009192228317261
cast,01831,0.7102135419845581
cast,01832,0.555678129196167
cast,01833,0.5065011978149414
cast,01834,0.1301962435245514
cast,01835,0.41408705711364746
cast,01836,0.5882563591003418
cast,01837,0.36108291149139404
cast,01838,0.19384890794754028
cast,01839,0.5738434791564941
cast,01840,0.4521644413471222
cast,01841,0.49497348070144653
cast,01842,0.42098772525787354
cast,01843,0.40932607650756836
cast,01844,0.266093909740448
cast,01845,0.44413453340530396
cast,01846,0.46107256412506104
cast,01847,0.3772016167640686
cast,01848,0.2919711470603943
cast,01849,0.661804735660553
cast,01850,0.4508310556411743
cast,01851,0.19730344414710999
cast,01852,0.3148476481437683
cast,01853,0.30509519577026367
cast,01854,0.26125019788742065
cast,01855,0.45841771364212036
cast,01856,0.3312894105911255
cast,01857,0.5240845084190369
cast,01858,0.314859539270401
cast,01859,0.41340529918670654
cast,01860,0.41202396154403687
cast,01861,0.4049593508243561
cast,01862,0.5467196106910706
cast,01863,0.5016354322433472
cast,01864,0.49106818437576294
cast,01865,0.3002946972846985
cast,01866,0.20316153764724731
cast,01867,0.3318060636520386
cast,01868,0.44837501645088196
cast,01869,0.45804324746131897
cast,01870,0.6697866320610046
cast,01871,0.359197199344635
cast,01872,0.5739089846611023
cast,01873,0.5966374278068542
cast,01874,0.5779743194580078
cast,01875,0.41407257318496704
cast,01876,0.5498560667037964
cast,01877,0.3663104176521301
cast,01878,0.601421058177948
cast,01879,0.5704224109649658
cast,01880,0.3966546654701233
cast,01881,0.3221364915370941
cast,01882,0.5171982049942017
cast,01883,0.4835350811481476
cast,01884,0.46600592136383057
cast,01885,0.27455922961235046
cast,01886,0.31409135460853577
cast,01887,0.5252395868301392
cast,01888,0.5296845436096191
cast,01889,0.39551353454589844
cast,01890,0.37194058299064636
cast,01891,0.6007665395736694
cast,01892,0.4587823748588562
cast,01893,0.35229068994522095
cast,01894,0.377204567193985
cast,01895,0.48678532242774963
cast,01896,0.355556845664978
cast,01897,0.283516526222229
cast,01898,0.6626873016357422
cast,01899,0.6013069748878479
cast,01900,0.5536512136459351
cast,01901,0.4649404287338257
cast,01902,0.32724905014038086
cast,01903,0.5042378902435303
cast,01904,0.40009433031082153
cast,01905,0.6297886371612549
cast,01906,0.29463207721710205
cast,01907,0.29290586709976196
cast,01908,0.29322054982185364
cast,01909,0.5202107429504395
cast,01910,0.4729751646518707
cast,01911,0.33185461163520813
cast,01912,0.6002440452575684
cast,01913,0.7770422101020813
cast,01914,0.22726616263389587
cast,01915,0.537355363368988
cast,01916,0.6860305070877075
cast,01917,0.37524449825286865
cast,01918,0.40719515085220337
cast,01919,0.4294765591621399
cast,01920,0.36427974700927734
cast,01921,0.39353957772254944
cast,01922,0.5783782005310059
cast,01923,0.4725397229194641
cast,01924,0.25581300258636475
cast,01925,0.3531496226787567
cast,01926,0.6352413892745972
cast,01927,0.44817280769348145
cast,01928,0.05435682833194733
cast,01929,0.5086185932159424
cast,01930,0.6982730627059937
cast,01931,0.47540873289108276
cast,01932,0.32671523094177246
cast,01933,0.458074688911438
cast,01934,0.5232027769088745
cast,01935,0.43797141313552856
cast,01936,0.39984169602394104
cast,01937,0.48515328764915466
cast,01938,0.44707149267196655
cast,01939,0.46963849663734436
cast,01940,0.6168771386146545
cast,01941,0.4130476117134094
cast,01942,0.41664665937423706
cast,01943,0.28387653827667236
cast,01944,0.5167851448059082
cast,01945,0.6401877999305725
cast,01946,0.3995009660720825
cast,01947,0.46306076645851135
cast,01948,0.5260589122772217
cast,01949,0.3313367962837219
cast,01950,0.34692421555519104
cast,01951,0.39485806226730347
cast,01952,0.42448949813842773
cast,01953,0.47924739122390747
cast,01954,0.5655550360679626
cast,01955,0.3301146924495697
cast,01956,0.4284634292125702
cast,01957,0.4764467477798462
cast,01958,0.4150369167327881
cast,01959,0.5421457886695862
cast,01960,0.3157865107059479
cast,01961,0.4440928101539612
cast,01962,0.5067434310913086
cast,01963,0.32629045844078064
cast,01964,0.46923649311065674
cast,01965,0.150441512465477
cast,01966,0.1220538541674614
cast,01967,0.28851771354675293
cast,01968,0.2588759660720825
cast,01969,0.3272596299648285
cast,01970,0.3453245759010315
cast,01971,0.24949470162391663
cast,01972,0.33488982915878296
cast,01973,0.16494181752204895
cast,01974,0.5585469603538513
cast,01975,0.7007083892822266
cast,01976,0.08286096155643463
cast,01977,0.43810760974884033
cast,01978,0.3275785446166992
cast,01979,0.3550478219985962
cast,01980,0.4277876317501068
cast,01981,0.1990877091884613
cast,01982,0.5835097432136536
cast,01983,0.5316382050514221
cast,01984,0.3311831057071686
cast,01985,0.2124614119529724
cast,01986,0.3733185827732086
cast,01987,0.5142268538475037
cast,01988,0.387584388256073
cast,01989,0.3424836993217468
cast,01990,0.5013552308082581
cast,01991,0.5693202018737793
cast,01992,0.2624185383319855
cast,01993,0.32552409172058105
cast,01994,0.5105597972869873
cast,01995,0.24512633681297302
cast,01996,0.3858150243759155
cast,01997,0.33426886796951294
cast,01998,0.27969449758529663
cast,01999,0.5859121084213257
cast,02000,0.3331335783004761
cast,02001,0.4432506859302521
cast,02002,0.4075922667980194
cast,02003,0.2951451241970062
cast,02004,0.3593350648880005
cast,02005,0.5798159241676331
cast,02006,0.3521781861782074
cast,02007,0.3649633526802063
cast,02008,0.1762407422065735
cast,02009,0.3853694498538971
cast,02010,0.44472068548202515
cast,02011,0.4423210024833679
cast,02012,0.5335507392883301
cast,02013,0.5132557153701782
cast,02014,0.418323278427124
cast,02015,0.3387157618999481
cast,02016,0.517610490322113
cast,02017,0.44930341839790344
cast,02018,0.37936168909072876
cast,02019,0.49189406633377075
cast,02020,0.35156214237213135
cast,02021,0.6732503175735474
cast,02022,0.2459040880203247
cast,02023,0.341301828622818
cast,02024,0.362076073884964
cast,02025,0.671056866645813
cast,02026,0.5841913819313049
cast,02027,0.34663325548171997
cast,02028,0.35485661029815674
cast,02029,0.3781835436820984
cast,02030,0.4747786521911621
cast,02031,0.360088586807251
cast,02032,0.4124348759651184
cast,02033,0.5378004312515259
cast,02034,0.5282312631607056
cast,02035,0.45001354813575745
cast,02036,0.461290180683136
cast,02037,0.4411845803260803
cast,02038,0.3835552930831909
cast,02039,0.6404260993003845
cast,02040,0.5812356472015381
cast,02041,0.2701825797557831
cast,02042,0.5389047861099243
cast,02043,0.4332730770111084
cast,02044,0.5288802981376648
cast,02045,0.5339835286140442
cast,02046,0.4823324680328369
cast,02047,0.36845457553863525
cast,02048,0.5663809776306152
cast,02049,0.29105597734451294
cast,02050,0.3252653181552887
cast,02051,0.3259015679359436
cast,02052,0.4643770158290863
cast,02053,0.368286669254303
cast,02054,0.6791194677352905
cast,02055,0.522752583026886
cast,02056,0.5155327320098877
cast,02057,0.19526061415672302
cast,02058,0.3284431993961334
cast,02059,0.42055779695510864
cast,02060,0.4289540648460388
cast,02061,0.3651348352432251
cast,02062,0.620009183883667
cast,02063,0.3201362192630768
cast,02064,0.43879902362823486
cast,02065,0.43188583850860596
cast,02066,0.3193943500518799
cast,02067,0.22068315744400024
cast,02068,0.5174551010131836
cast,02069,0.41176262497901917
cast,02070,0.5140811204910278
cast,02071,0.4197919964790344
cast,02072,0.6256396770477295
cast,02073,0.14200839400291443
cast,02074,0.5274090766906738
cast,02075,0.4207828640937805
cast,02076,0.25199395418167114
cast,02077,0.49669694900512695
cast,02078,0.305139422416687
cast,02079,0.522707462310791
cast,02080,0.5400832891464233
cast,02081,0.28186777234077454
cast,02082,0.46480870246887207
cast,02083,0.3815201222896576
cast,02084,0.36567622423171997
cast,02085,0.43317750096321106
cast,02086,0.31999534368515015
cast,02087,0.36351120471954346
cast,02088,0.5285935401916504
cast,02089,0.3948097229003906
cast,02090,0.43463417887687683
cast,02091,0.41892898082733154
cast,02092,0.5475161075592041
cast,02093,0.35708877444267273
cast,02094,0.5168130397796631
cast,02095,0.4028543531894684
cast,02096,0.4986056983470917
cast,02097,0.5105445384979248
cast,02098,0.4449918270111084
cast,02099,0.4732857942581177
cast,02100,0.48379194736480713
cast,02101,0.3604341149330139
cast,02102,0.2968100309371948
cast,02103,0.5519540309906006
cast,02104,0.5685014724731445
cast,02105,0.46361032128334045
cast,02106,0.504670262336731
cast,02107,0.4754442274570465
cast,02108,0.4076550006866455
cast,02109,0.6800496578216553
cast,02110,0.22887562215328217
cast,02111,0.5052703022956848
cast,02112,0.4112545847892761
cast,02113,0.40866848826408386
cast,02114,0.5447878837585449
cast,02115,0.41133928298950195
cast,02116,0.30956780910491943
cast,02117,0.6974936723709106
cast,02118,0.5091463923454285
cast,02119,0.41872671246528625
cast,02120,0.41690585017204285
cast,02121,0.41201525926589966
cast,02122,0.41490450501441956
cast,02123,0.3737468421459198
cast,02124,0.20559032261371613
cast,02125,0.527069091796875
cast,02126,0.6260953545570374
cast,02127,0.3337138295173645
cast,02128,0.442058265209198
cast,02129,0.4321792423725128
cast,02130,0.260300874710083
cast,02131,0.5019468069076538
cast,02132,0.29598918557167053
cast,02133,0.34562915563583374
cast,02134,0.4954688847064972
cast,02135,0.11250254511833191
cast,02136,0.5007660388946533
cast,02137,0.3684808909893036
cast,02138,0.4760349690914154
cast,02139,0.7147417068481445
cast,02140,0.3986431956291199
cast,02141,0.17420658469200134
cast,02142,0.3432057499885559
cast,02143,0.2642108201980591
cast,02144,0.5016281008720398
cast,02145,0.4816587567329407
cast,02146,0.393915057182312
cast,02147,0.6377159357070923
cast,02148,0.6039530038833618
cast,02149,0.32505613565444946
cast,02150,0.48065078258514404
cast,02151,0.37796032428741455
cast,02152,0.32187020778656006
cast,02153,0.3388938307762146
cast,02154,0.4047115445137024
cast,02155,0.29432886838912964
cast,02156,0.34822943806648254
cast,02157,0.4601798355579376
cast,02158,0.3183782398700714
cast,02159,0.22891834378242493
cast,02160,0.486686646938324
cast,02161,0.2622153162956238
cast,02162,0.5481796264648438
cast,02163,0.48614904284477234
cast,02164,0.4765550494194031
cast,02165,0.48168131709098816
cast,02166,0.502866268157959
cast,02167,0.466025173664093
cast,02168,0.556613564491272
cast,02169,0.43019556999206543
cast,02170,0.3783261179924011
cast,02171,0.5339603424072266
cast,02172,0.3220248222351074
cast,02173,0.3643667995929718
cast,02174,0.42896828055381775
cast,02175,0.5345780849456787
cast,02176,0.3586096465587616
cast,02177,0.5085182189941406
cast,02178,0.5430096983909607
cast,02179,0.5289973020553589
cast,02180,0.43955910205841064
cast,02181,0.48118627071380615
cast,02182,0.28341424465179443
cast,02183,0.3645004332065582
cast,02184,0.46596407890319824
cast,02185,0.2746551036834717
cast,02186,0.5064677000045776
cast,02187,0.5199360847473145
cast,02188,0.22123055160045624
cast,02189,0.5502815246582031
cast,02190,0.45724087953567505
cast,02191,0.46716904640197754
cast,02192,0.4238312840461731
cast,02193,0.3776726722717285
cast,02194,0.3508075177669525
cast,02195,0.49488648772239685
cast,02196,0.29915982484817505
cast,02197,0.2375325858592987
cast,02198,0.24441272020339966
cast,02199,0.4715501070022583
cast,02200,0.2635771632194519
cast,02201,0.5015844106674194
cast,02202,0.5602487325668335
cast,02203,0.2859373092651367
cast,02204,0.3497706353664398
cast,02205,0.27455615997314453
cast,02206,0.5056843757629395
cast,02207,0.31423673033714294
cast,02208,0.2768598198890686
cast,02209,0.6157890558242798
cast,02210,0.5212211608886719
cast,02211,0.3438369929790497
cast,02212,0.4730738401412964
cast,02213,0.2920605540275574
cast,02214,0.5063810348510742
cast,02215,0.42902636528015137
cast,02216,0.3658829629421234
cast,02217,0.5329774618148804
cast,02218,0.4977668821811676
cast,02219,0.3687291145324707
cast,02220,0.5827577114105225
cast,02221,0.46081387996673584
cast,02222,0.5390450954437256
cast,02223,0.3394917845726013
cast,02224,0.5984241962432861
cast,02225,0.6565500497817993
cast,02226,0.21550440788269043
cast,02227,0.4349515438079834
cast,02228,0.4092487096786499
cast,02229,0.2881004810333252
cast,02230,0.5072606801986694
cast,02231,0.2369072139263153
cast,02232,0.283844530582428
cast,02233,0.5084912776947021
cast,02234,0.5783548355102539
cast,02235,0.3520684838294983
cast,02236,0.27015507221221924
cast,02237,0.3250652253627777
cast,02238,0.4512398838996887
cast,02239,0.5184297561645508
cast,02240,0.5018006563186646
cast,02241,0.4507802128791809
cast,02242,0.35951828956604004
cast,02243,0.47411906719207764
cast,02244,0.3477623164653778
cast,02245,0.2220844179391861
cast,02246,0.3818541467189789
cast,02247,0.2969323396682739
cast,02248,0.693205714225769
cast,02249,0.37167972326278687
cast,02250,0.18230848014354706
cast,02251,0.33758190274238586
cast,02252,0.4586321711540222
cast,02253,0.5605452656745911
cast,02254,0.33513471484184265
cast,02255,0.38029131293296814
cast,02256,0.3150593042373657
cast,02257,0.3722333312034607
cast,02258,0.620021402835846
cast,02259,0.40948373079299927
cast,02260,0.2979244589805603
cast,02261,0.32574862241744995
cast,02262,0.5220195055007935
cast,02263,0.35468533635139465
cast,02264,0.5429220199584961
cast,02265,0.25437620282173157
cast,02266,0.5575480461120605
cast,02267,0.28990495204925537
cast,02268,0.5522489547729492
cast,02269,0.18716371059417725
cast,02270,0.49169203639030457
cast,02271,0.37493595480918884
cast,02272,0.35850101709365845
cast,02273,0.2221844494342804
cast,02274,0.40430617332458496
cast,02275,0.4315403401851654
cast,02276,0.33873865008354187
cast,02277,0.4476114511489868
cast,02278,0.3473507761955261
cast,02279,0.251844197511673
cast,02280,0.4040210247039795
cast,02281,0.6410841345787048
cast,02282,0.5973836183547974
cast,02283,0.15722784399986267
cast,02284,0.40871289372444153
cast,02285,0.5382755994796753
cast,02286,0.4368615448474884
cast,02287,0.522564172744751
cast,02288,0.5166401863098145
cast,02289,0.46491539478302
cast,02290,0.4875257611274719
cast,02291,0.44419780373573303
cast,02292,0.669520378112793
cast,02293,0.3627304434776306
cast,02294,0.37203148007392883
cast,02295,0.5583599209785461
cast,02296,0.360262393951416
cast,02297,0.4135913848876953
cast,02298,0.5447260141372681
cast,02299,0.23820722103118896
cast,02300,0.3198348879814148
cast,02301,0.3228600025177002
cast,02302,0.4475272297859192
cast,02303,0.5859841704368591
cast,02304,0.28433048725128174
cast,02305,0.36091578006744385
cast,02306,0.3921205401420593
cast,02307,0.2514897882938385
cast,02308,0.4727778434753418
cast,02309,0.3339288830757141
cast,02310,0.5365337133407593
cast,02311,0.4769648015499115
cast,02312,0.4106932282447815
cast,02313,0.446929395198822
cast,02314,0.28836116194725037
cast,02315,0.24545496702194214
cast,02316,0.4691486358642578
cast,02317,0.36746856570243835
cast,02318,0.4518459737300873
cast,02319,0.32676929235458374
cast,02320,0.31031396985054016
cast,02321,0.5484314560890198
cast,02322,0.5124903321266174
cast,02323,0.35220202803611755
cast,02324,0.6758873462677002
cast,02325,0.6144260168075562
cast,02326,0.09790126234292984
cast,02327,0.45640960335731506
cast,02328,0.4824855327606201
cast,02329,0.47237226366996765
cast,02330,0.383441686630249
cast,02331,0.4744291305541992
cast,02332,0.22912484407424927
cast,02333,0.5995800495147705
cast,02334,0.3755093514919281
cast,02335,0.613330602645874
cast,02336,0.4031607210636139
cast,02337,0.43303680419921875
cast,02338,0.27803853154182434
cast,02339,0.3488582372665405
cast,02340,0.30367133021354675
cast,02341,0.5296090841293335
cast,02342,0.29250168800354004
cast,02343,0.22165700793266296
cast,02344,0.6194865703582764
cast,02345,0.34422069787979126
cast,02346,0.22092720866203308
cast,02347,0.4083263576030731
cast,02348,0.3397868871688843
cast,02349,0.4379691779613495
cast,02350,0.32570093870162964
cast,02351,0.5014276504516602
cast,02352,0.43675172328948975
cast,02353,0.39521145820617676
cast,02354,0.4990454614162445
cast,02355,0.6213849186897278
cast,02356,0.5136100649833679
cast,02357,0.21079203486442566
cast,02358,0.30800896883010864
cast,02359,0.566813588142395
cast,02360,0.5805103778839111
cast,02361,0.383927583694458
cast,02362,0.33698558807373047
cast,02363,0.3439348638057709
cast,02364,0.5397796630859375
cast,02365,0.43681952357292175
cast,02366,0.3702683746814728
cast,02367,0.3527131974697113
cast,02368,0.4995907247066498
cast,02369,0.26614612340927124
cast,02370,0.42621609568595886
cast,02371,0.4640873372554779
cast,02372,0.3851061463356018
cast,02373,0.4286554753780365
cast,02374,0.3368656635284424
cast,02375,0.4198129177093506
cast,02376,0.3423258066177368
cast,02377,0.4517192840576172
cast,02378,0.3961530923843384
cast,02379,0.48095154762268066
cast,02380,0.5755923986434937
cast,02381,0.3895485997200012
cast,02382,0.4166167676448822
cast,02383,0.4922095835208893
cast,02384,0.3236085772514343
cast,02385,0.4071733355522156
cast,02386,0.4310886263847351
cast,02387,0.3247004449367523
cast,02388,0.44842055439949036
cast,02389,0.5730763077735901
cast,02390,0.4089412987232208
cast,02391,0.44699475169181824
cast,02392,0.45010268688201904
cast,02393,0.4536784291267395
cast,02394,0.47746533155441284
cast,02395,0.38148224353790283
cast,02396,0.1344422847032547
cast,02397,0.22583094239234924
cast,02398,0.15901455283164978
cast,02399,0.3395063579082489
cast,02400,0.38465994596481323
cast,02401,0.41452643275260925
cast,02402,0.4341866970062256
cast,02403,0.41175806522369385
cast,02404,0.5996080636978149
cast,02405,0.418321818113327
cast,02406,0.5183361768722534
cast,02407,0.39638057351112366
cast,02408,0.368255615234375
cast,02409,0.37105172872543335
cast,02410,0.6338260769844055
cast,02411,0.2807741165161133
cast,02412,0.4760688543319702
cast,02413,0.4841715097427368
cast,02414,0.4304702877998352
cast,02415,0.4932246506214142
cast,02416,0.6052831411361694
cast,02417,0.3202393651008606
cast,02418,0.5620608925819397
cast,02419,0.4156215488910675
cast,02420,0.49496889114379883
cast,02421,0.4821998178958893
cast,02422,0.7213830947875977
cast,02423,0.4775713086128235
cast,02424,0.6783044934272766
cast,02425,0.5542504787445068
cast,02426,0.4217383861541748
cast,02427,0.49213099479675293
cast,02428,0.4589096009731293
cast,02429,0.2339347004890442
cast,02430,0.23131652176380157
cast,02431,0.3451280891895294
cast,02432,0.20664232969284058
cast,02433,0.479749470949173
cast,02434,0.33281558752059937
cast,02435,0.5053733587265015
cast,02436,0.4628641903400421
cast,02437,0.4872526228427887
cast,02438,0.25889888405799866
cast,02439,0.5436668992042542
cast,02440,0.5915128588676453
cast,02441,0.5554567575454712
cast,02442,0.3520434498786926
cast,02443,0.3573230504989624
cast,02444,0.44904494285583496
cast,02445,0.38821670413017273
cast,02446,0.5008965730667114
cast,02447,0.5528757572174072
cast,02448,0.3693162500858307
cast,02449,0.5028700232505798
cast,02450,0.4598924219608307
cast,02451,0.29396605491638184
cast,02452,0.3896064758300781
cast,02453,0.39668676257133484
cast,02454,0.5549346804618835
cast,02455,0.6210177540779114
cast,02456,0.5529597997665405
cast,02457,0.42303138971328735
cast,02458,0.4306453466415405
cast,02459,0.6319910883903503
cast,02460,0.22472023963928223
cast,02461,0.5204041004180908
cast,02462,0.38725030422210693
cast,02463,0.28158360719680786
cast,02464,0.3387189209461212
cast,02465,0.5193672776222229
cast,02466,0.3811124861240387
cast,02467,0.4032912850379944
cast,02468,0.6337566375732422
cast,02469,0.39619046449661255
cast,02470,0.32887959480285645
cast,02471,0.2519066333770752
cast,02472,0.3800772726535797
cast,02473,0.5543564558029175
cast,02474,0.6043656468391418
cast,02475,0.488345205783844
cast,02476,0.5735477209091187
cast,02477,0.1542547345161438
cast,02478,0.35418763756752014
cast,02479,0.41225290298461914
cast,02480,0.3816532492637634
cast,02481,0.6064168214797974
cast,02482,0.5564908981323242
cast,02483,0.7366663217544556
cast,02484,0.4051908850669861
cast,02485,0.3162536323070526
cast,02486,0.5672479867935181
cast,02487,0.6607652902603149
cast,02488,0.38761910796165466
cast,02489,0.5624201893806458
cast,02490,0.3259041905403137
cast,02491,0.4367612600326538
cast,02492,0.3360474705696106
cast,02493,0.23723939061164856
cast,02494,0.40854811668395996
cast,02495,0.4703632593154907
cast,02496,0.5407733917236328
cast,02497,0.3234718441963196
cast,02498,0.47601044178009033
cast,02499,0.396869421005249
cast,02500,0.29176101088523865
cast,02501,0.32612043619155884
cast,02502,0.6252660155296326
cast,02503,0.48644810914993286
cast,02504,0.3612796664237976
cast,02505,0.4656774401664734
cast,02506,0.4550248682498932
cast,02507,0.3469340205192566
cast,02508,0.4183432459831238
cast,02509,0.38139763474464417
cast,02510,0.43152743577957153
cast,02511,0.44795066118240356
cast,02512,0.6013855934143066
cast,02513,0.2736530303955078
cast,02514,0.5460018515586853
cast,02515,0.38992685079574585
cast,02516,0.4224029779434204
cast,02517,0.38678425550460815
cast,02518,0.4770757555961609
cast,02519,0.4167743921279907
cast,02520,0.7741948366165161
cast,02521,0.5173755288124084
cast,02522,0.36171194911003113
cast,02523,0.2810344696044922
cast,02524,0.30293595790863037
cast,02525,0.42488256096839905
cast,02526,0.5417404174804688
cast,02527,0.30657288432121277
cast,02528,0.0945950448513031
cast,02529,0.3956926465034485
cast,02530,0.4168456792831421
cast,02531,0.4955829381942749
cast,02532,0.4568992853164673
cast,02533,0.5962080955505371
cast,02534,0.6080532073974609
cast,02535,0.21376454830169678
cast,02536,0.5748027563095093
cast,02537,0.5428282022476196
cast,02538,0.33433762192726135
cast,02539,0.41591861844062805
cast,02540,0.4011170566082001
cast,02541,0.5683494806289673
cast,02542,0.469989150762558
cast,02543,0.4720457196235657
cast,02544,0.360647588968277
cast,02545,0.45844510197639465
cast,02546,0.3829461932182312
cast,02547,0.49895337224006653
cast,02548,0.4625072181224823
cast,02549,0.40786823630332947
cast,02550,0.2586483955383301
cast,02551,0.5482655763626099
cast,02552,0.6151598691940308
cast,02553,0.5808187127113342
cast,02554,0.6337568759918213
cast,02555,0.2624000012874603
cast,02556,0.362166166305542
cast,02557,0.44804319739341736
cast,02558,0.435027539730072
cast,02559,0.25906050205230713
cast,02560,0.5606238842010498
cast,02561,0.4029204249382019
cast,02562,0.527741551399231
cast,02563,0.41041362285614014
cast,02564,0.3118683695793152
cast,02565,0.32751891016960144
cast,02566,0.6069298386573792
cast,02567,0.47489771246910095
cast,02568,0.5302393436431885
cast,02569,0.5022270679473877
cast,02570,0.33254769444465637
cast,02571,0.3239113688468933
cast,02572,0.31088629364967346
cast,02573,0.5608506202697754
cast,02574,0.41678208112716675
cast,02575,0.43176552653312683
cast,02576,0.542900800704956
cast,02577,0.38396674394607544
cast,02578,0.5451585054397583
cast,02579,0.5057839155197144
cast,02580,0.6643633842468262
cast,02581,0.40765029191970825
cast,02582,0.3198373317718506
cast,02583,0.4391602873802185
cast,02584,0.36613497138023376
cast,02585,0.41497647762298584
cast,02586,0.2566833198070526
cast,02587,0.43434542417526245
cast,02588,0.6445094347000122
cast,02589,0.5862010717391968
cast,02590,0.39143121242523193
cast,02591,0.30288028717041016
cast,02592,0.4956124722957611
cast,02593,0.4895237386226654
cast,02594,0.4001358151435852
cast,02595,0.5275300741195679
cast,02596,0.47916796803474426
cast,02597,0.5662487745285034
cast,02598,0.2566656172275543
cast,02599,0.4459455609321594
cast,02600,0.42969512939453125
cast,02601,0.4708538353443146
cast,02602,0.3398650884628296
cast,02603,0.5540667176246643
cast,02604,0.35336586833000183
cast,02605,0.3893169164657593
cast,02606,0.33353424072265625
cast,02607,0.3026897609233856
cast,02608,0.3291287422180176
cast,02609,0.39303696155548096
cast,02610,0.5074988603591919
cast,02611,0.3131924867630005
cast,02612,0.3267596960067749
cast,02613,0.3875192701816559
cast,02614,0.4023570418357849
cast,02615,0.3769732117652893
cast,02616,0.4810013175010681
cast,02617,0.492462694644928
cast,02618,0.2515079081058502
cast,02619,0.3997383713722229
cast,02620,0.5815364122390747
cast,02621,0.5096626281738281
cast,02622,0.26613807678222656
cast,02623,0.4765474200248718
cast,02624,0.27595603466033936
cast,02625,0.12459280341863632
cast,02626,0.20121312141418457
cast,02627,0.4133496880531311
cast,02628,0.42198237776756287
cast,02629,0.2741376459598541
cast,02630,0.26902350783348083
cast,02631,0.285092830657959
cast,02632,0.6860243082046509
cast,02633,0.4127851128578186
cast,02634,0.4604608714580536
cast,02635,0.36000192165374756
cast,02636,0.3889559805393219
cast,02637,0.4885973632335663
cast,02638,0.5662059783935547
cast,02639,0.4037865400314331
cast,02640,0.6086938977241516
cast,02641,0.3834289312362671
cast,02642,0.4800695776939392
cast,02643,0.3623606562614441
cast,02644,0.3523714542388916
cast,02645,0.42622286081314087
cast,02646,0.317678302526474
cast,02647,0.43107831478118896
cast,02648,0.4401087760925293
cast,02649,0.4849918484687805
cast,02650,0.2958962023258209
cast,02651,0.5412620306015015
cast,02652,0.36443549394607544
cast,02653,0.47431308031082153
cast,02654,0.4242420792579651
cast,02655,0.36381274461746216
cast,02656,0.3272974193096161
cast,02657,0.5884412527084351
cast,02658,0.3255784213542938
cast,02659,0.5326960682868958
cast,02660,0.5806211829185486
cast,02661,0.25388267636299133
cast,02662,0.4029659926891327
cast,02663,0.6309307813644409
cast,02664,0.3935924172401428
cast,02665,0.4284861385822296
cast,02666,0.279747873544693
cast,02667,0.5666972398757935
cast,02668,0.37430018186569214
cast,02669,0.5359122157096863
cast,02670,0.3056070804595947
cast,02671,0.41981735825538635
cast,02672,0.53916335105896
cast,02673,0.5187000036239624
cast,02674,0.4318704307079315
cast,02675,0.45752406120300293
cast,02676,0.43128085136413574
cast,02677,0.2670915126800537
cast,02678,0.47550302743911743
cast,02679,0.42644909024238586
cast,02680,0.45092111825942993
cast,02681,0.16991618275642395
cast,02682,0.29625967144966125
cast,02683,0.5262771844863892
cast,02684,0.542564332485199
cast,02685,0.6118541955947876
cast,02686,0.313928484916687
cast,02687,0.46760597825050354
cast,02688,0.3011080324649811
cast,02689,0.3077259659767151
cast,02690,0.4429251551628113
cast,02691,0.576518177986145
cast,02692,0.2977437973022461
cast,02693,0.34703758358955383
cast,02694,0.4214939475059509
cast,02695,0.5590616464614868
cast,02696,0.391329288482666
cast,02697,0.5120980143547058
cast,02698,0.2694937586784363
cast,02699,0.21662814915180206
cast,02700,0.4612862467765808
cast,02701,0.41076576709747314
cast,02702,0.4899197220802307
cast,02703,0.6755012273788452
cast,02704,0.10876519232988358
cast,02705,0.28027623891830444
cast,02706,0.5035638809204102
cast,02707,0.3187828063964844
cast,02708,0.3284154236316681
cast,02709,0.514157772064209
cast,02710,0.4504935145378113
cast,02711,0.42364010214805603
cast,02712,0.46367284655570984
cast,02713,0.343769907951355
cast,02714,0.4186481833457947
cast,02715,0.40206557512283325
cast,02716,0.4370836019515991
cast,02717,0.4089571237564087
cast,02718,0.3034394383430481
cast,02719,0.4651607871055603
cast,02720,0.4406472444534302
cast,02721,0.4523237347602844
cast,02722,0.44163769483566284
cast,02723,0.4292149543762207
cast,02724,0.6122546195983887
cast,02725,0.2539346218109131
cast,02726,0.26045453548431396
cast,02727,0.4589022397994995
cast,02728,0.16780242323875427
cast,02729,0.25095248222351074
cast,02730,0.493682324886322
cast,02731,0.22869259119033813
cast,02732,0.2834148406982422
cast,02733,0.2924945652484894
cast,02734,0.2174677848815918
cast,02735,0.31332623958587646
cast,02736,0.3789539337158203
cast,02737,0.4674932360649109
cast,02738,0.3998728394508362
cast,02739,0.339313268661499
cast,02740,0.3192978501319885
cast,02741,0.5935245752334595
cast,02742,0.4688342213630676
cast,02743,0.508658230304718
cast,02744,0.3832382559776306
cast,02745,0.2680858373641968
cast,02746,0.5094799995422363
cast,02747,0.4219164252281189
cast,02748,0.5041381120681763
cast,02749,0.7089923024177551
cast,02750,0.36697468161582947
cast,02751,0.37483692169189453
cast,02752,0.42240408062934875
cast,02753,0.31148529052734375
cast,02754,0.41745010018348694
cast,02755,0.5451544523239136
cast,02756,0.5662912130355835
cast,02757,0.4569399356842041
cast,02758,0.5583260655403137
cast,02759,0.3004054129123688
cast,02760,0.3504405617713928
cast,02761,0.38079771399497986
cast,02762,0.6254258155822754
cast,02763,0.22664999961853027
cast,02764,0.37539517879486084
cast,02765,0.3539949655532837
cast,02766,0.5143789052963257
cast,02767,0.36514872312545776
cast,02768,0.5506582260131836
cast,02769,0.32051602005958557
cast,02770,0.39927244186401367
cast,02771,0.4570385813713074
cast,02772,0.2671564519405365
cast,02773,0.35427722334861755
cast,02774,0.41674554347991943
cast,02775,0.5636395215988159
cast,02776,0.2919979691505432
cast,02777,0.5512250065803528
cast,02778,0.39973145723342896
cast,02779,0.4856567978858948
cast,02780,0.5011879801750183
cast,02781,0.3623039126396179
cast,02782,0.5270383358001709
cast,02783,0.42179441452026367
cast,02784,0.5332789421081543
cast,02785,0.37258172035217285
cast,02786,0.5086457133293152
cast,02787,0.5322341918945312
cast,02788,0.453382670879364
cast,02789,0.331768274307251
cast,02790,0.47047314047813416
cast,02791,0.29028382897377014
cast,02792,0.3455389738082886
cast,02793,0.46845102310180664
cast,02794,0.3983347415924072
cast,02795,0.5607765913009644
cast,02796,0.15756326913833618
cast,02797,0.32442259788513184
cast,02798,0.41865551471710205
cast,02799,0.5330948829650879
cast,02800,0.4270536005496979
cast,02801,0.3603111505508423
cast,02802,0.34851861000061035
cast,02803,0.3999808430671692
cast,02804,0.3073345422744751
cast,02805,0.5064061284065247
cast,02806,0.518359363079071
cast,02807,0.5854579210281372
cast,02808,0.6009656190872192
cast,02809,0.39005160331726074
cast,02810,0.5425654649734497
cast,02811,0.36714231967926025
cast,02812,0.3778786361217499
cast,02813,0.39219802618026733
cast,02814,0.46854686737060547
cast,02815,0.5381779074668884
cast,02816,0.41488683223724365
cast,02817,0.3730921745300293
cast,02818,0.2806689739227295
cast,02819,0.3086372911930084
cast,02820,0.4480588436126709
cast,02821,0.3608277440071106
cast,02822,0.22308917343616486
cast,02823,0.38882383704185486
cast,02824,0.2614980936050415
cast,02825,0.4176724851131439
cast,02826,0.5010371208190918
cast,02827,0.5088649988174438
cast,02828,0.5102365016937256
cast,02829,0.4780595302581787
cast,02830,0.2631664276123047
cast,02831,0.43482938408851624
cast,02832,0.26127779483795166
cast,02833,0.4852203130722046
cast,02834,0.5901422500610352
cast,02835,0.3109426200389862
cast,02836,0.5155282616615295
cast,02837,0.5945989489555359
cast,02838,0.36221131682395935
cast,02839,0.5876880884170532
cast,02840,0.4202197790145874
cast,02841,0.5170365571975708
cast,02842,0.4060157537460327
cast,02843,0.3086445927619934
cast,02844,0.34589266777038574
cast,02845,0.19233915209770203
cast,02846,0.3034053444862366
cast,02847,0.3924003839492798
cast,02848,0.5252065658569336
cast,02849,0.46392327547073364
cast,02850,0.22725525498390198
cast,02851,0.269912451505661
cast,02852,0.45729777216911316
cast,02853,0.2804117500782013
cast,02854,0.3993220329284668
cast,02855,0.31315767765045166
cast,02856,0.38620832562446594
cast,02857,0.4077901840209961
cast,02858,0.4317314028739929
cast,02859,0.2693903148174286
cast,02860,0.5639618635177612
cast,02861,0.46530836820602417
cast,02862,0.593363344669342
cast,02863,0.4375593066215515
cast,02864,0.4835212826728821
cast,02865,0.424662709236145
cast,02866,0.44380268454551697
cast,02867,0.5217001438140869
cast,02868,0.3672417998313904
cast,02869,0.4534347653388977
cast,02870,0.30779075622558594
cast,02871,0.5555177927017212
cast,02872,0.34237152338027954
cast,02873,0.479340136051178
cast,02874,0.36446014046669006
cast,02875,0.6319124698638916
cast,02876,0.7474163174629211
cast,02877,0.6082208752632141
cast,02878,0.4272672235965729
cast,02879,0.2426447719335556
cast,02880,0.2901533842086792
cast,02881,0.49003782868385315
cast,02882,0.33776676654815674
cast,02883,0.30785244703292847
cast,02884,0.46865713596343994
cast,02885,0.4327981472015381
cast,02886,0.19053107500076294
cast,02887,0.4548270106315613
cast,02888,0.20156101882457733
cast,02889,0.39520496129989624
cast,02890,0.40147751569747925
cast,02891,0.47656363248825073
cast,02892,0.5860334634780884
cast,02893,0.38003796339035034
cast,02894,0.6418887376785278
cast,02895,0.5985451936721802
cast,02896,0.6119649410247803
cast,02897,0.6306799650192261
cast,02898,0.37159761786460876
cast,02899,0.26075664162635803
cast,02900,0.3979523777961731
cast,02901,0.3197838366031647
cast,02902,0.43484631180763245
cast,02903,0.4643285572528839
cast,02904,0.24536854028701782
cast,02905,0.42973679304122925
cast,02906,0.5707945823669434
cast,02907,0.3879312574863434
cast,02908,0.4067121744155884
cast,02909,0.4901670813560486
cast,02910,0.4323652684688568
cast,02911,0.46378093957901
cast,02912,0.3336607813835144
cast,02913,0.5158681273460388
cast,02914,0.40082263946533203
cast,02915,0.44582101702690125
cast,02916,0.4294334352016449
cast,02917,0.4823896884918213
cast,02918,0.43239930272102356
cast,02919,0.4741207957267761
cast,02920,0.5721755027770996
cast,02921,0.38665199279785156
cast,02922,0.4075349271297455
cast,02923,0.31047284603118896
cast,02924,0.34188443422317505
cast,02925,0.5215478539466858
cast,02926,0.34173130989074707
cast,02927,0.5582275390625
cast,02928,0.4373213052749634
cast,02929,0.46268630027770996
cast,02930,0.5051219463348389
cast,02931,0.5043696761131287
cast,02932,0.5635568499565125
cast,02933,0.529102623462677
cast,02934,0.4643554091453552
cast,02935,0.43866732716560364
cast,02936,0.4390886425971985
cast,02937,0.10427667200565338
cast,02938,0.40466511249542236
cast,02939,0.39455127716064453
cast,02940,0.5965588092803955
cast,02941,0.3498823046684265
cast,02942,0.614342212677002
cast,02943,0.30138033628463745
cast,02944,0.2763879597187042
cast,02945,0.3873756527900696
cast,02946,0.5037376880645752
cast,02947,0.42615318298339844
cast,02948,0.3231130838394165
cast,02949,0.41675683856010437
cast,02950,0.641977071762085
cast,02951,0.5944954752922058
cast,02952,0.23499253392219543
cast,02953,0.3655083477497101
cast,02954,0.48046839237213135
cast,02955,0.4783756732940674
cast,02956,0.39213934540748596
cast,02957,0.33107790350914
cast,02958,0.6093619465827942
cast,02959,0.4079330861568451
cast,02960,0.43597090244293213
cast,02961,0.6690276265144348
cast,02962,0.28824296593666077
cast,02963,0.16542643308639526
cast,02964,0.47394096851348877
cast,02965,0.6523616313934326
cast,02966,0.5184898376464844
cast,02967,0.1562315970659256
cast,02968,0.43758171796798706
cast,02969,0.428058385848999
cast,02970,0.3716067969799042
cast,02971,0.5218431949615479
cast,02972,0.4734531342983246
cast,02973,0.41422179341316223
cast,02974,0.46810293197631836
cast,02975,0.44605177640914917
cast,02976,0.3956948518753052
cast,02977,0.43856608867645264
cast,02978,0.37674081325531006
cast,02979,0.603632926940918
cast,02980,0.1997602880001068
cast,02981,0.6306461095809937
cast,02982,0.41246309876441956
cast,02983,0.4937855303287506
cast,02984,0.44458848237991333
cast,02985,0.39469948410987854
cast,02986,0.657640278339386
cast,02987,0.32211846113204956
cast,02988,0.3911513686180115
cast,02989,0.36549094319343567
cast,02990,0.3647080361843109
cast,02991,0.6776782274246216
cast,02992,0.4266120195388794
cast,02993,0.3243279755115509
cast,02994,0.4094398021697998
cast,02995,0.6564204096794128
cast,02996,0.44149425625801086
cast,02997,0.5119496583938599
cast,02998,0.2817220091819763
cast,02999,0.2142731100320816
cast,03000,0.5521466732025146
cast,03001,0.2803400158882141
cast,03002,0.3267388343811035
cast,03003,0.2413821667432785
cast,03004,0.4133862257003784
cast,03005,0.4689493477344513
cast,03006,0.491968035697937
cast,03007,0.4513630270957947
cast,03008,0.42088860273361206
cast,03009,0.16498544812202454
cast,03010,0.5684546232223511
cast,03011,0.40441957116127014
cast,03012,0.3936322033405304
cast,03013,0.47530239820480347
cast,03014,0.3512122631072998
cast,03015,0.2841664254665375
cast,03016,0.42818117141723633
cast,03017,0.382534384727478
cast,03018,0.33360427618026733
cast,03019,0.5843491554260254
cast,03020,0.5761119723320007
cast,03021,0.4977821409702301
cast,03022,0.5773172378540039
cast,03023,0.39136773347854614
cast,03024,0.5378977060317993
cast,03025,0.5190097093582153
cast,03026,0.3396205008029938
cast,03027,0.2999206781387329
cast,03028,0.5767295956611633
cast,03029,0.2862324118614197
cast,03030,0.4946524500846863
cast,03031,0.1654740422964096
cast,03032,0.5057708024978638
cast,03033,0.3795730471611023
cast,03034,0.4438006281852722
cast,03035,0.4428636133670807
cast,03036,0.5504308938980103
cast,03037,0.33702439069747925
cast,03038,0.36926132440567017
cast,03039,0.1227944865822792
cast,03040,0.3999856412410736
cast,03041,0.4459957778453827
cast,03042,0.29647180438041687
cast,03043,0.46091949939727783
cast,03044,0.3708755075931549
cast,03045,0.388266384601593
cast,03046,0.38804012537002563
cast,03047,0.3135048747062683
cast,03048,0.33787018060684204
cast,03049,0.316758394241333
cast,03050,0.48629266023635864
cast,03051,0.34759581089019775
cast,03052,0.33734962344169617
cast,03053,0.2718108296394348
cast,03054,0.349048376083374
cast,03055,0.4626833200454712
cast,03056,0.446325421333313
cast,03057,0.5061839818954468
cast,03058,0.46526867151260376
cast,03059,0.41838687658309937
cast,03060,0.4393949806690216
cast,03061,0.4207788109779358
cast,03062,0.5062119960784912
cast,03063,0.5276626348495483
cast,03064,0.531704306602478
cast,03065,0.39114904403686523
cast,03066,0.24374666810035706
cast,03067,0.4963011145591736
cast,03068,0.37956374883651733
cast,03069,0.27427613735198975
cast,03070,0.2568654417991638
cast,03071,0.559198260307312
cast,03072,0.10991604626178741
cast,03073,0.5368434190750122
cast,03074,0.5730275511741638
cast,03075,0.4120798707008362
cast,03076,0.4415281414985657
cast,03077,0.2935839593410492
cast,03078,0.32500123977661133
cast,03079,0.6025538444519043
cast,03080,0.36363500356674194
cast,03081,0.32864463329315186
cast,03082,0.4069802761077881
cast,03083,0.3858553171157837
cast,03084,0.4218326807022095
cast,03085,0.3736359179019928
cast,03086,0.40264347195625305
cast,03087,0.28294044733047485
cast,03088,0.49444103240966797
cast,03089,0.286082923412323
cast,03090,0.2795822024345398
cast,03091,0.49814265966415405
cast,03092,0.4948701858520508
cast,03093,0.5281038880348206
cast,03094,0.2891983389854431
cast,03095,0.3168395161628723
cast,03096,0.26718467473983765
cast,03097,0.38755425810813904
cast,03098,0.23978909850120544
cast,03099,0.6007236242294312
cast,03100,0.4529040455818176
cast,03101,0.4592316150665283
cast,03102,0.43681690096855164
cast,03103,0.21040032804012299
cast,03104,0.3365456461906433
cast,03105,0.48840683698654175
cast,03106,0.45503130555152893
cast,03107,0.4433284401893616
cast,03108,0.38296204805374146
cast,03109,0.5870304107666016
cast,03110,0.49588149785995483
cast,03111,0.26964181661605835
cast,03112,0.5769699811935425
cast,03113,0.41311073303222656
cast,03114,0.546701192855835
cast,03115,0.45117247104644775
cast,03116,0.2568283975124359
cast,03117,0.6299718618392944
cast,03118,0.23356075584888458
cast,03119,0.3954736590385437
cast,03120,0.5850904583930969
cast,03121,0.5734295845031738
cast,03122,0.3080019950866699
cast,03123,0.4985426366329193
cast,03124,0.6145806908607483
cast,03125,0.40744006633758545
cast,03126,0.3293290436267853
cast,03127,0.5597468018531799
cast,03128,0.43404167890548706
cast,03129,0.4777666926383972
cast,03130,0.33614447712898254
cast,03131,0.5701137781143188
cast,03132,0.4324902594089508
cast,03133,0.22082963585853577
cast,03134,0.5119331479072571
cast,03135,0.39086687564849854
cast,03136,0.4855342507362366
cast,03137,0.4143867492675781
cast,03138,0.3183266222476959
cast,03139,0.4923848509788513
cast,03140,0.3582853376865387
cast,03141,0.2670601010322571
cast,03142,0.13553887605667114
cast,03143,0.530341625213623
cast,03144,0.4663802981376648
cast,03145,0.4541114270687103
cast,03146,0.5879476070404053
cast,03147,0.6695818305015564
cast,03148,0.5453221797943115
cast,03149,0.51717209815979
cast,03150,0.36377209424972534
cast,03151,0.3509342670440674
cast,03152,0.4624154269695282
cast,03153,0.33788633346557617
cast,03154,0.396576851606369
cast,03155,0.31593090295791626
cast,03156,0.2210935801267624
cast,03157,0.3159574866294861
cast,03158,0.3896753191947937
cast,03159,0.2547255754470825
cast,03160,0.5426394939422607
cast,03161,0.4072522521018982
cast,03162,0.18238365650177002
cast,03163,0.5770525932312012
cast,03164,0.40535667538642883
cast,03165,0.5367297530174255
cast,03166,0.29225021600723267
cast,03167,0.42367440462112427
cast,03168,0.3862452805042267
cast,03169,0.4338783025741577
cast,03170,0.4921225309371948
cast,03171,0.46987080574035645
cast,03172,0.6045773029327393
cast,03173,0.6277456283569336
cast,03174,0.547062337398529
cast,03175,0.3355264365673065
cast,03176,0.26161471009254456
cast,03177,0.6854779720306396
cast,03178,0.4460070729255676
cast,03179,0.5496882200241089
cast,03180,0.2058054804801941
cast,03181,0.3407618999481201
cast,03182,0.5406991839408875
cast,03183,0.6620606184005737
cast,03184,0.43057525157928467
cast,03185,0.29562047123908997
cast,03186,0.48122817277908325
cast,03187,0.39064645767211914
cast,03188,0.4020306468009949
cast,03189,0.30597221851348877
cast,03190,0.3456065356731415
cast,03191,0.23646768927574158
cast,03192,0.3812796473503113
cast,03193,0.3721557557582855
cast,03194,0.7219856381416321
cast,03195,0.6308667659759521
cast,03196,0.5695825815200806
cast,03197,0.4320659935474396
cast,03198,0.5456863045692444
cast,03199,0.2855253517627716
cast,03200,0.5684864521026611
cast,03201,0.4933479130268097
cast,03202,0.5047195553779602
cast,03203,0.5428253412246704
cast,03204,0.4107532799243927
cast,03205,0.260559618473053
cast,03206,0.4059826135635376
cast,03207,0.3667701482772827
cast,03208,0.22029119729995728
cast,03209,0.5646263360977173
cast,03210,0.3624737858772278
cast,03211,0.36229029297828674
cast,03212,0.39217883348464966
cast,03213,0.36290645599365234
cast,03214,0.42982253432273865
cast,03215,0.4409206509590149
cast,03216,0.30691638588905334
cast,03217,0.6054760813713074
cast,03218,0.24586957693099976
cast,03219,0.5616127252578735
cast,03220,0.4877292513847351
cast,03221,0.4530944228172302
cast,03222,0.6013968586921692
cast,03223,0.49785763025283813
cast,03224,0.4607521593570709
cast,03225,0.31493452191352844
cast,03226,0.40165793895721436
cast,03227,0.5279081463813782
cast,03228,0.3115657567977905
cast,03229,0.5063077807426453
cast,03230,0.5133877992630005
cast,03231,0.5242935419082642
cast,03232,0.33939146995544434
cast,03233,0.42178624868392944
cast,03234,0.48500120639801025
cast,03235,0.43886029720306396
cast,03236,0.4295870065689087
cast,03237,0.5162432193756104
cast,03238,0.4940648674964905
cast,03239,0.42803120613098145
cast,03240,0.35332560539245605
cast,03241,0.24600611627101898
cast,03242,0.44845831394195557
cast,03243,0.39936015009880066
cast,03244,0.4117874801158905
cast,03245,0.40400707721710205
cast,03246,0.4444827735424042
cast,03247,0.42398786544799805
cast,03248,0.46122217178344727
cast,03249,0.5666272044181824
cast,03250,0.4996345639228821
cast,03251,0.34787675738334656
cast,03252,0.3696301281452179
cast,03253,0.425449013710022
cast,03254,0.37549155950546265
cast,03255,0.49252593517303467
cast,03256,0.4683327078819275
cast,03257,0.6044989228248596
cast,03258,0.4647568464279175
cast,03259,0.5517879724502563
cast,03260,0.3269939422607422
cast,03261,0.4931882321834564
cast,03262,0.3904186189174652
cast,03263,0.4136893153190613
cast,03264,0.45103129744529724
cast,03265,0.31490784883499146
cast,03266,0.31400924921035767
cast,03267,0.4068482220172882
cast,03268,0.5362600088119507
cast,03269,0.46053794026374817
cast,03270,0.4313628673553467
cast,03271,0.5159887075424194
cast,03272,0.5917634963989258
cast,03273,0.33663538098335266
cast,03274,0.5752221345901489
cast,03275,0.6879760026931763
cast,03276,0.4212062656879425
cast,03277,0.37193578481674194
cast,03278,0.515865683555603
cast,03279,0.5315328240394592
cast,03280,0.252857506275177
cast,03281,0.3354370594024658
cast,03282,0.280575156211853
cast,03283,0.6135047078132629
cast,03284,0.502747654914856
cast,03285,0.5249927043914795
cast,03286,0.4996147155761719
cast,03287,0.6620944738388062
cast,03288,0.46316036581993103
cast,03289,0.36962419748306274
cast,03290,0.5424803495407104
cast,03291,0.49744945764541626
cast,03292,0.4050397276878357
cast,03293,0.3894372880458832
cast,03294,0.2208998203277588
cast,03295,0.3807886838912964
cast,03296,0.3505687117576599
cast,03297,0.3901209235191345
cast,03298,0.524810254573822
cast,03299,0.5449721217155457
cast,03300,0.3753376603126526
cast,03301,0.6999235153198242
cast,03302,0.36549681425094604
cast,03303,0.4485337734222412
cast,03304,0.3780009150505066
cast,03305,0.41160327196121216
cast,03306,0.4911358654499054
cast,03307,0.3591870665550232
cast,03308,0.6013988256454468
cast,03309,0.4859282374382019
cast,03310,0.6631674766540527
cast,03311,0.3229736089706421
cast,03312,0.5338681936264038
cast,03313,0.49170172214508057
cast,03314,0.5308529138565063
cast,03315,0.1919832080602646
cast,03316,0.6493684649467468
cast,03317,0.5965564846992493
cast,03318,0.4534466862678528
cast,03319,0.5708757638931274
cast,03320,0.5210616588592529
cast,03321,0.5324236154556274
cast,03322,0.5611994862556458
cast,03323,0.3635147213935852
cast,03324,0.22016730904579163
cast,03325,0.5510718822479248
cast,03326,0.4043732285499573
cast,03327,0.3380506932735443
cast,03328,0.5399855375289917
cast,03329,0.4312126040458679
cast,03330,0.3065737783908844
cast,03331,0.2572764754295349
cast,03332,0.5954365730285645
cast,03333,0.5016672015190125
cast,03334,0.6299084424972534
cast,03335,0.22985966503620148
cast,03336,0.33736252784729004
cast,03337,0.42519617080688477
cast,03338,0.37264132499694824
cast,03339,0.4686134159564972
cast,03340,0.23762688040733337
cast,03341,0.16539031267166138
cast,03342,0.3686273396015167
cast,03343,0.6419684886932373
cast,03344,0.43545854091644287
cast,03345,0.44830289483070374
cast,03346,0.4425429701805115
cast,03347,0.5505061745643616
cast,03348,0.5769591927528381
cast,03349,0.3448719382286072
cast,03350,0.4526335895061493
cast,03351,0.2815380096435547
cast,03352,0.4163891673088074
cast,03353,0.41943061351776123
cast,03354,0.5980255603790283
cast,03355,0.2466653734445572
cast,03356,0.42252442240715027
cast,03357,0.4486791789531708
cast,03358,0.2850223183631897
cast,03359,0.40527331829071045
cast,03360,0.38637423515319824
cast,03361,0.39475852251052856
cast,03362,0.5026654005050659
cast,03363,0.6284072399139404
cast,03364,0.31716015934944153
cast,03365,0.39925646781921387
cast,03366,0.5587607026100159
cast,03367,0.34168779850006104
cast,03368,0.32999879121780396
cast,03369,0.39715006947517395
cast,03370,0.4300040602684021
cast,03371,0.2967170476913452
cast,03372,0.4283455014228821
cast,03373,0.21416109800338745
cast,03374,0.6070233583450317
cast,03375,0.505475640296936
cast,03376,0.6137031316757202
cast,03377,0.3930497467517853
cast,03378,0.26263439655303955
cast,03379,0.1773960292339325
cast,03380,0.42944130301475525
cast,03381,0.276249498128891
cast,03382,0.4344301223754883
cast,03383,0.2976354956626892
cast,03384,0.5603265762329102
cast,03385,0.26558437943458557
cast,03386,0.4639221727848053
cast,03387,0.2950681447982788
cast,03388,0.5397568941116333
cast,03389,0.574061393737793
cast,03390,0.3680884540081024
cast,03391,0.16937771439552307
cast,03392,0.2243269830942154
cast,03393,0.3065701127052307
cast,03394,0.43889179825782776
cast,03395,0.28030288219451904
cast,03396,0.38584980368614197
cast,03397,0.5715383291244507
cast,03398,0.4259583055973053
cast,03399,0.6090141534805298
cast,03400,0.47211897373199463
cast,03401,0.5222023725509644
cast,03402,0.30892133712768555
cast,03403,0.364707350730896
cast,03404,0.6420495510101318
cast,03405,0.5669927597045898
cast,03406,0.36625316739082336
cast,03407,0.5131047964096069
cast,03408,0.3508910536766052
cast,03409,0.40783369541168213
cast,03410,0.40224942564964294
cast,03411,0.7795926332473755
cast,03412,0.40756314992904663
cast,03413,0.49626004695892334
cast,03414,0.392907977104187
cast,03415,0.27876996994018555
cast,03416,0.39063215255737305
cast,03417,0.7138117551803589
cast,03418,0.26519063115119934
cast,03419,0.23938383162021637
cast,03420,0.3940218687057495
cast,03421,0.5556432008743286
cast,03422,0.33073562383651733
cast,03423,0.5191828012466431
cast,03424,0.4584064781665802
cast,03425,0.5086256265640259
cast,03426,0.3806461691856384
cast,03427,0.4233313202857971
cast,03428,0.23977094888687134
cast,03429,0.24115894734859467
cast,03430,0.4495653808116913
cast,03431,0.38725394010543823
cast,03432,0.47302401065826416
cast,03433,0.5287513136863708
cast,03434,0.47467103600502014
cast,03435,0.2517177164554596
cast,03436,0.5330241322517395
cast,03437,0.33053526282310486
cast,03438,0.5649852752685547
cast,03439,0.4710247218608856
cast,03440,0.32429876923561096
cast,03441,0.5450827479362488
cast,03442,0.3743552267551422
cast,03443,0.47533726692199707
cast,03444,0.3260476291179657
cast,03445,0.29130423069000244
cast,03446,0.36014509201049805
cast,03447,0.3499312996864319
cast,03448,0.45118674635887146
cast,03449,0.35749560594558716
cast,03450,0.501184344291687
cast,03451,0.41626250743865967
cast,03452,0.34442993998527527
cast,03453,0.12662558257579803
cast,03454,0.580151379108429
cast,03455,0.4747700095176697
cast,03456,0.4340553879737854
cast,03457,0.5353800058364868
cast,03458,0.4037981331348419
cast,03459,0.35796838998794556
cast,03460,0.3607761263847351
cast,03461,0.315870463848114
cast,03462,0.5883800983428955
cast,03463,0.5121818780899048
cast,03464,0.5349705219268799
cast,03465,0.3800767958164215
cast,03466,0.39956504106521606
cast,03467,0.6017196178436279
cast,03468,0.45354366302490234
cast,03469,0.3583970069885254
cast,03470,0.36495620012283325
cast,03471,0.5582122802734375
cast,03472,0.4270917773246765
cast,03473,0.3987613320350647
cast,03474,0.4637798070907593
cast,03475,0.4153030514717102
cast,03476,0.3909021317958832
cast,03477,0.37174224853515625
cast,03478,0.3386939764022827
cast,03479,0.2976542115211487
cast,03480,0.2997392416000366
cast,03481,0.3034361004829407
cast,03482,0.3680480718612671
cast,03483,0.5099707841873169
cast,03484,0.20467105507850647
cast,03485,0.42171669006347656
cast,03486,0.329827219247818
cast,03487,0.47894081473350525
cast,03488,0.3765748143196106
cast,03489,0.21575790643692017
cast,03490,0.6264876127243042
cast,03491,0.5109236240386963
cast,03492,0.16690759360790253
cast,03493,0.6823766231536865
cast,03494,0.3319953978061676
cast,03495,0.7858932018280029
cast,03496,0.48272472620010376
cast,03497,0.404568612575531
cast,03498,0.3524243235588074
cast,03499,0.3945819139480591
cast,03500,0.5775946378707886
cast,03501,0.5563800930976868
cast,03502,0.33516791462898254
cast,03503,0.5300823450088501
cast,03504,0.33220428228378296
cast,03505,0.3661533296108246
cast,03506,0.3096619248390198
cast,03507,0.4137614369392395
cast,03508,0.6765265464782715
cast,03509,0.35182327032089233
cast,03510,0.3177807033061981
cast,03511,0.5109399557113647
cast,03512,0.2772049903869629
cast,03513,0.24922898411750793
cast,03514,0.6207715272903442
cast,03515,0.48909810185432434
cast,03516,0.2424456626176834
cast,03517,0.20212793350219727
cast,03518,0.5760406255722046
cast,03519,0.5893535017967224
cast,03520,0.2638012170791626
cast,03521,0.5127314925193787
cast,03522,0.553949236869812
cast,03523,0.6333427429199219
cast,03524,0.5835024118423462
cast,03525,0.27321428060531616
cast,03526,0.3795611560344696
cast,03527,0.553138792514801
cast,03528,0.3681837320327759
cast,03529,0.4906066656112671
cast,03530,0.3045514225959778
cast,03531,0.3939461410045624
cast,03532,0.394398033618927
cast,03533,0.27543187141418457
cast,03534,0.41290050745010376
cast,03535,0.2766417860984802
cast,03536,0.29799050092697144
cast,03537,0.4191482663154602
cast,03538,0.4901154041290283
cast,03539,0.4790743589401245
cast,03540,0.6622289419174194
cast,03541,0.4260735511779785
cast,03542,0.32414382696151733
cast,03543,0.45992523431777954
cast,03544,0.5177486538887024
cast,03545,0.33826887607574463
cast,03546,0.30531609058380127
cast,03547,0.41829273104667664
cast,03548,0.3265783190727234
cast,03549,0.3799712061882019
cast,03550,0.6425027847290039
cast,03551,0.37548086047172546
cast,03552,0.3871203064918518
cast,03553,0.3686264753341675
cast,03554,0.2627527415752411
cast,03555,0.3568350374698639
cast,03556,0.3037779927253723
cast,03557,0.6264142394065857
cast,03558,0.20371967554092407
cast,03559,0.40767738223075867
cast,03560,0.47199901938438416
cast,03561,0.31738755106925964
cast,03562,0.17598481476306915
cast,03563,0.6914087533950806
cast,03564,0.4620070457458496
cast,03565,0.48576098680496216
cast,03566,0.6118875741958618
cast,03567,0.6408480405807495
cast,03568,0.2833499610424042
cast,03569,0.4660836458206177
cast,03570,0.3808925151824951
cast,03571,0.40657156705856323
cast,03572,0.3290977478027344
cast,03573,0.3592955470085144
cast,03574,0.26919791102409363
cast,03575,0.4494447708129883
cast,03576,0.4308694899082184
cast,03577,0.286933958530426
cast,03578,0.44886642694473267
cast,03579,0.7408517599105835
cast,03580,0.5113765001296997
cast,03581,0.4565955698490143
cast,03582,0.3698115348815918
cast,03583,0.44831863045692444
cast,03584,0.4820994734764099
cast,03585,0.5714946985244751
cast,03586,0.3567993640899658
cast,03587,0.4631612002849579
cast,03588,0.48413094878196716
cast,03589,0.43907177448272705
cast,03590,0.45159274339675903
cast,03591,0.22319385409355164
cast,03592,0.39456379413604736
cast,03593,0.3444145619869232
cast,03594,0.34172293543815613
cast,03595,0.3599473237991333
cast,03596,0.3143444359302521
cast,03597,0.5618820786476135
cast,03598,0.299221009016037
cast,03599,0.5630053281784058
cast,03600,0.3789612054824829
cast,03601,0.3692798614501953
cast,03602,0.42033785581588745
cast,03603,0.2590910494327545
cast,03604,0.6404252052307129
cast,03605,0.3926656246185303
cast,03606,0.40479645133018494
cast,03607,0.49292853474617004
cast,03608,0.4351562559604645
cast,03609,0.3525003492832184
cast,03610,0.5239088535308838
cast,03611,0.6013180017471313
cast,03612,0.44025474786758423
cast,03613,0.2315874546766281
cast,03614,0.48609960079193115
cast,03615,0.18199117481708527
cast,03616,0.3834459185600281
cast,03617,0.19917386770248413
cast,03618,0.27154386043548584
cast,03619,0.4573822021484375
cast,03620,0.5757462978363037
cast,03621,0.43125659227371216
cast,03622,0.4564839005470276
cast,03623,0.39360398054122925
cast,03624,0.36290812492370605
cast,03625,0.508020281791687
cast,03626,0.24084006249904633
cast,03627,0.424049973487854
cast,03628,0.31900984048843384
cast,03629,0.4547792673110962
cast,03630,0.36522120237350464
cast,03631,0.45965147018432617
cast,03632,0.41707363724708557
cast,03633,0.42418038845062256
cast,03634,0.3798576593399048
cast,03635,0.21067984402179718
cast,03636,0.4314415752887726
cast,03637,0.4335767924785614
cast,03638,0.4721156358718872
cast,03639,0.4780784547328949
cast,03640,0.35760974884033203
cast,03641,0.3451524078845978
cast,03642,0.609463095664978
cast,03643,0.4155677855014801
cast,03644,0.3407570719718933
cast,03645,0.49335867166519165
cast,03646,0.48500388860702515
cast,03647,0.4590591788291931
cast,03648,0.40605074167251587
cast,03649,0.7345907688140869
cast,03650,0.2824859023094177
cast,03651,0.43603307008743286
cast,03652,0.5129120945930481
cast,03653,0.41434967517852783
cast,03654,0.4892331659793854
cast,03655,0.4043112099170685
cast,03656,0.24883493781089783
cast,03657,0.3775639832019806
cast,03658,0.6377279758453369
cast,03659,0.29768288135528564
cast,03660,0.5237842798233032
cast,03661,0.45719802379608154
cast,03662,0.45554471015930176
cast,03663,0.4739927053451538
cast,03664,0.48310455679893494
cast,03665,0.41710180044174194
cast,03666,0.3194490671157837
cast,03667,0.36763060092926025
cast,03668,0.3996870219707489
cast,03669,0.29968899488449097
cast,03670,0.3409498929977417
cast,03671,0.3834300935268402
cast,03672,0.2958351969718933
cast,03673,0.35559988021850586
cast,03674,0.3903048038482666
cast,03675,0.2709514796733856
cast,03676,0.41954928636550903
cast,03677,0.15338651835918427
cast,03678,0.41319504380226135
cast,03679,0.39055106043815613
cast,03680,0.5710763931274414
cast,03681,0.4094751477241516
cast,03682,0.30899935960769653
cast,03683,0.35275036096572876
cast,03684,0.4438166618347168
cast,03685,0.6002521514892578
cast,03686,0.5867941975593567
cast,03687,0.4142090082168579
cast,03688,0.5703853368759155
cast,03689,0.34883248805999756
cast,03690,0.33579087257385254
cast,03691,0.483478307723999
cast,03692,0.6443138122558594
cast,03693,0.6096530556678772
cast,03694,0.560925304889679
cast,03695,0.2711019814014435
cast,03696,0.6278880834579468
cast,03697,0.3529309332370758
cast,03698,0.5621268153190613
cast,03699,0.0999702662229538
cast,03700,0.35530292987823486
cast,03701,0.4924587607383728
cast,03702,0.35301774740219116
cast,03703,0.5094411969184875
cast,03704,0.3317272365093231
cast,03705,0.5544213056564331
cast,03706,0.5377182364463806
cast,03707,0.3919749855995178
cast,03708,0.39861124753952026
cast,03709,0.5146306157112122
cast,03710,0.22309991717338562
cast,03711,0.5699670910835266
cast,03712,0.5565605163574219
cast,03713,0.5405386686325073
cast,03714,0.4060022830963135
cast,03715,0.27529263496398926
cast,03716,0.509421706199646
cast,03717,0.5543718934059143
cast,03718,0.40073585510253906
cast,03719,0.5360045433044434
cast,03720,0.5059589147567749
cast,03721,0.25330740213394165
cast,03722,0.4346282482147217
cast,03723,0.43727928400039673
cast,03724,0.42315244674682617
cast,03725,0.5880004167556763
cast,03726,0.4970618188381195
cast,03727,0.6972528696060181
cast,03728,0.342815101146698
cast,03729,0.5022934675216675
cast,03730,0.38813841342926025
cast,03731,0.4592870771884918
cast,03732,0.6046557426452637
cast,03733,0.5001633167266846
cast,03734,0.46692001819610596
cast,03735,0.4931586980819702
cast,03736,0.48783767223358154
cast,03737,0.5043588876724243
cast,03738,0.6881998777389526
cast,03739,0.32926756143569946
cast,03740,0.46112972497940063
cast,03741,0.4065360426902771
cast,03742,0.29435065388679504
cast,03743,0.5714540481567383
cast,03744,0.3724554777145386
cast,03745,0.5897522568702698
cast,03746,0.09453941136598587
cast,03747,0.4131094217300415
cast,03748,0.45432040095329285
cast,03749,0.4688323438167572
cast,03750,0.290720671415329
cast,03751,0.34654074907302856
cast,03752,0.28859812021255493
cast,03753,0.3727179765701294
cast,03754,0.4668767750263214
cast,03755,0.6088525652885437
cast,03756,0.5612566471099854
cast,03757,0.39072558283805847
cast,03758,0.6863662600517273
cast,03759,0.3072967529296875
cast,03760,0.4563923478126526
cast,03761,0.3654986321926117
cast,03762,0.3126245141029358
cast,03763,0.4444134831428528
cast,03764,0.4451753795146942
cast,03765,0.5624551177024841
cast,03766,0.36974310874938965
cast,03767,0.27712708711624146
cast,03768,0.43125447630882263
cast,03769,0.43764448165893555
cast,03770,0.3669050931930542
cast,03771,0.5748741030693054
cast,03772,0.4299682676792145
cast,03773,0.5987635850906372
cast,03774,0.8087390661239624
cast,03775,0.3176678419113159
cast,03776,0.48554855585098267
cast,03777,0.5222231149673462
cast,03778,0.4106441140174866
cast,03779,0.5036831498146057
cast,03780,0.32873114943504333
cast,03781,0.1948806643486023
cast,03782,0.44251471757888794
cast,03783,0.4025788903236389
cast,03784,0.39697515964508057
cast,03785,0.569605827331543
cast,03786,0.4427204132080078
cast,03787,0.2525207996368408
cast,03788,0.31338632106781006
cast,03789,0.2191324681043625
cast,03790,0.42194777727127075
cast,03791,0.4406047463417053
cast,03792,0.07155890017747879
cast,03793,0.7640407085418701
cast,03794,0.6700781583786011
cast,03795,0.2943097949028015
cast,03796,0.5150651931762695
cast,03797,0.3625378906726837
cast,03798,0.5315167307853699
cast,03799,0.22701823711395264
cast,03800,0.5819498300552368
cast,03801,0.24072763323783875
cast,03802,0.3431313633918762
cast,03803,0.26115304231643677
cast,03804,0.3090851902961731
cast,03805,0.33712345361709595
cast,03806,0.38050103187561035
cast,03807,0.45134782791137695
cast,03808,0.1891360580921173
cast,03809,0.33658158779144287
cast,03810,0.3528692126274109
cast,03811,0.44615840911865234
cast,03812,0.5025862455368042
cast,03813,0.38089460134506226
cast,03814,0.3868061304092407
cast,03815,0.36607205867767334
cast,03816,0.41967353224754333
cast,03817,0.38487502932548523
cast,03818,0.33148956298828125
cast,03819,0.3021113872528076
cast,03820,0.13698473572731018
cast,03821,0.49735477566719055
cast,03822,0.32922375202178955
cast,03823,0.5971719622612
cast,03824,0.4270240068435669
cast,03825,0.38565418124198914
cast,03826,0.2897512912750244
cast,03827,0.5002261400222778
cast,03828,0.2872413396835327
cast,03829,0.48183056712150574
cast,03830,0.551083505153656
cast,03831,0.44990143179893494
cast,03832,0.40480250120162964
cast,03833,0.5138447284698486
cast,03834,0.5507601499557495
cast,03835,0.377738893032074
cast,03836,0.3523874282836914
cast,03837,0.4320107698440552
cast,03838,0.7045400738716125
cast,03839,0.3931063115596771
cast,03840,0.5031158924102783
cast,03841,0.5672279596328735
cast,03842,0.1773986518383026
cast,03843,0.5884299874305725
cast,03844,0.253513902425766
cast,03845,0.4626425802707672
cast,03846,0.27584558725357056
cast,03847,0.4233631193637848
cast,03848,0.19048528373241425
cast,03849,0.3199905753135681
cast,03850,0.5686902403831482
cast,03851,0.46955353021621704
cast,03852,0.3128167390823364
cast,03853,0.5346729755401611
cast,03854,0.4798010289669037
cast,03855,0.6479791402816772
cast,03856,0.444919615983963
cast,03857,0.41859763860702515
cast,03858,0.464518666267395
cast,03859,0.39057451486587524
cast,03860,0.4870530664920807
cast,03861,0.37944158911705017
cast,03862,0.4453415870666504
cast,03863,0.5578397512435913
cast,03864,0.6713413000106812
cast,03865,0.4122893810272217
cast,03866,0.3814730942249298
cast,03867,0.2997758388519287
cast,03868,0.6190652847290039
cast,03869,0.42895323038101196
cast,03870,0.53053218126297
cast,03871,0.5434319972991943
cast,03872,0.4058723449707031
cast,03873,0.41311705112457275
cast,03874,0.529465913772583
cast,03875,0.28765252232551575
cast,03876,0.5160130858421326
cast,03877,0.4004378914833069
cast,03878,0.6744352579116821
cast,03879,0.5563017129898071
cast,03880,0.5911004543304443
cast,03881,0.41293346881866455
cast,03882,0.6062658429145813
cast,03883,0.5204284191131592
cast,03884,0.4239908754825592
cast,03885,0.4854506850242615
cast,03886,0.47921502590179443
cast,03887,0.5370718240737915
cast,03888,0.21278497576713562
cast,03889,0.5166546106338501
cast,03890,0.6110618710517883
cast,03891,0.5552451014518738
cast,03892,0.4320511817932129
cast,03893,0.42361173033714294
cast,03894,0.4705638885498047
cast,03895,0.696710467338562
cast,03896,0.2953907251358032
cast,03897,0.5247552394866943
cast,03898,0.5029393434524536
cast,03899,0.4125364422798157
cast,03900,0.41637343168258667
cast,03901,0.4955146014690399
cast,03902,0.41888296604156494
cast,03903,0.44072669744491577
cast,03904,0.5384058356285095
cast,03905,0.3808756470680237
cast,03906,0.43752071261405945
cast,03907,0.3504562973976135
cast,03908,0.2838921546936035
cast,03909,0.3697507977485657
cast,03910,0.610190212726593
cast,03911,0.5578300952911377
cast,03912,0.4097591042518616
cast,03913,0.2882804274559021
cast,03914,0.2644082307815552
cast,03915,0.2716136574745178
cast,03916,0.4528227150440216
cast,03917,0.2748582065105438
cast,03918,0.21051955223083496
cast,03919,0.47996222972869873
cast,03920,0.6158567667007446
cast,03921,0.5822705030441284
cast,03922,0.349128782749176
cast,03923,0.5552680492401123
cast,03924,0.5356534719467163
cast,03925,0.4476190507411957
cast,03926,0.25185802578926086
cast,03927,0.5390400886535645
cast,03928,0.4762186110019684
cast,03929,0.39757388830184937
cast,03930,0.20058897137641907
cast,03931,0.49567100405693054
cast,03932,0.4122694730758667
cast,03933,0.5166735649108887
cast,03934,0.448639452457428
cast,03935,0.3693161606788635
cast,03936,0.39167314767837524
cast,03937,0.4810238480567932
cast,03938,0.4294048249721527
cast,03939,0.33726873993873596
cast,03940,0.5363876223564148
cast,03941,0.5379108190536499
cast,03942,0.45731908082962036
cast,03943,0.41987890005111694
cast,03944,0.39956140518188477
cast,03945,0.2169969379901886
cast,03946,0.3841460645198822
cast,03947,0.5209373235702515
cast,03948,0.601914644241333
cast,03949,0.5288423299789429
cast,03950,0.5202551484107971
cast,03951,0.5106445550918579
cast,03952,0.2630215883255005
cast,03953,0.48374223709106445
cast,03954,0.36136025190353394
cast,03955,0.33420178294181824
cast,03956,0.4465024173259735
cast,03957,0.46084046363830566
cast,03958,0.525614857673645
cast,03959,0.399661660194397
cast,03960,0.4304368495941162
cast,03961,0.4882640838623047
cast,03962,0.37885624170303345
cast,03963,0.33934152126312256
cast,03964,0.4302424490451813
cast,03965,0.49354615807533264
cast,03966,0.4248202443122864
cast,03967,0.5117082595825195
cast,03968,0.4809703230857849
cast,03969,0.36547207832336426
cast,03970,0.6309610605239868
cast,03971,0.4570848047733307
cast,03972,0.3701537847518921
cast,03973,0.5734741687774658
cast,03974,0.5288741588592529
cast,03975,0.4077959656715393
cast,03976,0.36075955629348755
cast,03977,0.5338343381881714
cast,03978,0.39526474475860596
cast,03979,0.6191120147705078
cast,03980,0.3796960413455963
cast,03981,0.41211438179016113
cast,03982,0.3932994604110718
cast,03983,0.42936933040618896
cast,03984,0.40873098373413086
cast,03985,0.5826479196548462
cast,03986,0.2575141489505768
cast,03987,0.48746180534362793
cast,03988,0.5346375703811646
cast,03989,0.5139119625091553
cast,03990,0.2786477208137512
cast,03991,0.1947399079799652
cast,03992,0.41061267256736755
cast,03993,0.4270867705345154
cast,03994,0.4246711730957031
cast,03995,0.45335671305656433
cast,03996,0.6073067784309387
cast,03997,0.41943544149398804
cast,03998,0.5528571009635925
cast,03999,0.4100661873817444
cast,04000,0.6219526529312134
cast,04001,0.6078425645828247
cast,04002,0.49630206823349
cast,04003,0.45776310563087463
cast,04004,0.3477764427661896
cast,04005,0.5269714593887329
cast,04006,0.4879779815673828
cast,04007,0.5130853652954102
cast,04008,0.4988023042678833
cast,04009,0.40339991450309753
cast,04010,0.35350149869918823
cast,04011,0.4497908353805542
cast,04012,0.49648088216781616
cast,04013,0.3996293544769287
cast,04014,0.4681205749511719
cast,04015,0.2599000930786133
cast,04016,0.3708590865135193
cast,04017,0.7499006986618042
cast,04018,0.472825825214386
cast,04019,0.35697734355926514
cast,04020,0.5581728219985962
cast,04021,0.5932698845863342
cast,04022,0.2905678153038025
cast,04023,0.3559529483318329
cast,04024,0.33119097352027893
cast,04025,0.44694504141807556
cast,04026,0.43740344047546387
cast,04027,0.45415985584259033
cast,04028,0.31620875000953674
cast,04029,0.36576777696609497
cast,04030,0.4586277902126312
cast,04031,0.4353930950164795
cast,04032,0.42892521619796753
cast,04033,0.5476081371307373
cast,04034,0.4756428897380829
cast,04035,0.567894697189331
cast,04036,0.2583653926849365
cast,04037,0.4929967224597931
cast,04038,0.5383802652359009
cast,04039,0.4014081358909607
cast,04040,0.35954147577285767
cast,04041,0.7701274156570435
cast,04042,0.2084139585494995
cast,04043,0.544583261013031
cast,04044,0.44027411937713623
cast,04045,0.5545699596405029
cast,04046,0.26457923650741577
cast,04047,0.5626750588417053
cast,04048,0.642298698425293
cast,04049,0.5137916803359985
cast,04050,0.35230234265327454
cast,04051,0.4746806025505066
cast,04052,0.3490522503852844
cast,04053,0.310728520154953
cast,04054,0.3474392294883728
cast,04055,0.5458023548126221
cast,04056,0.47577789425849915
cast,04057,0.35973870754241943
cast,04058,0.3946272134780884
cast,04059,0.24991989135742188
cast,04060,0.4594264030456543
cast,04061,0.3954281210899353
cast,04062,0.19093933701515198
cast,04063,0.3847283124923706
cast,04064,0.444973886013031
cast,04065,0.436850905418396
cast,04066,0.2894958257675171
cast,04067,0.4216358959674835
cast,04068,0.37116897106170654
cast,04069,0.356589674949646
cast,04070,0.6291502714157104
cast,04071,0.5695440173149109
cast,04072,0.2845817506313324
cast,04073,0.4907219409942627
cast,04074,0.5166316032409668
cast,04075,0.4656146764755249
cast,04076,0.36321866512298584
cast,04077,0.20698125660419464
cast,04078,0.2851516902446747
cast,04079,0.25686341524124146
cast,04080,0.41457557678222656
cast,04081,0.5557243824005127
cast,04082,0.44825461506843567
cast,04083,0.40920665860176086
cast,04084,0.23416393995285034
cast,04085,0.5081384181976318
cast,04086,0.4799971580505371
cast,04087,0.5117319822311401
cast,04088,0.353374719619751
cast,04089,0.5048011541366577
cast,04090,0.4029121696949005
cast,04091,0.5374859571456909
cast,04092,0.5575315952301025
cast,04093,0.4651145935058594
cast,04094,0.5489944219589233
cast,04095,0.361255407333374
cast,04096,0.48440665006637573
cast,04097,0.4809047281742096
cast,04098,0.38352125883102417
cast,04099,0.47548919916152954
cast,04100,0.4825272560119629
cast,04101,0.5767921209335327
cast,04102,0.3469780385494232
cast,04103,0.4610673189163208
cast,04104,0.3283640444278717
cast,04105,0.5135645866394043
cast,04106,0.5840904712677002
cast,04107,0.502326488494873
cast,04108,0.4657277762889862
cast,04109,0.3630194067955017
cast,04110,0.5129592418670654
cast,04111,0.24911227822303772
cast,04112,0.26213958859443665
cast,04113,0.3343430757522583
cast,04114,0.454757958650589
cast,04115,0.22700953483581543
cast,04116,0.6787211298942566
cast,04117,0.43170493841171265
cast,04118,0.27209925651550293
cast,04119,0.5717792510986328
cast,04120,0.5024116039276123
cast,04121,0.13498054444789886
cast,04122,0.3147334158420563
cast,04123,0.4725719690322876
cast,04124,0.4441524147987366
cast,04125,0.4243353307247162
cast,04126,0.4192286431789398
cast,04127,0.4985663890838623
cast,04128,0.35078468918800354
cast,04129,0.3296797275543213
cast,04130,0.3695700764656067
cast,04131,0.53886878490448
cast,04132,0.2711836099624634
cast,04133,0.37962058186531067
cast,04134,0.3768380880355835
cast,04135,0.4165465235710144
cast,04136,0.3679978549480438
cast,04137,0.6988375782966614
cast,04138,0.31048935651779175
cast,04139,0.4912724792957306
cast,04140,0.40572983026504517
cast,04141,0.21493782103061676
cast,04142,0.5095536708831787
cast,04143,0.5398284792900085
cast,04144,0.38566333055496216
cast,04145,0.39216870069503784
cast,04146,0.47914522886276245
cast,04147,0.49046093225479126
cast,04148,0.3062358796596527
cast,04149,0.46576935052871704
cast,04150,0.519616425037384
cast,04151,0.33996522426605225
cast,04152,0.507262110710144
cast,04153,0.4724249541759491
cast,04154,0.4094412326812744
cast,04155,0.5461681485176086
cast,04156,0.32189851999282837
cast,04157,0.30508026480674744
cast,04158,0.3502298891544342
cast,04159,0.2561177909374237
cast,04160,0.4329916536808014
cast,04161,0.42373499274253845
cast,04162,0.3242001235485077
cast,04163,0.33705970644950867
cast,04164,0.4687209725379944
cast,04165,0.3991551995277405
cast,04166,0.2262597382068634
cast,04167,0.31455448269844055
cast,04168,0.5802944302558899
cast,04169,0.510863721370697
cast,04170,0.37227845191955566
cast,04171,0.41593948006629944
cast,04172,0.5218820571899414
cast,04173,0.5674396753311157
cast,04174,0.5390169024467468
cast,04175,0.31426143646240234
cast,04176,0.48111528158187866
cast,04177,0.3195987045764923
cast,04178,0.421298623085022
cast,04179,0.4737532138824463
cast,04180,0.42766743898391724
cast,04181,0.3032514750957489
cast,04182,0.38521337509155273
cast,04183,0.48519614338874817
cast,04184,0.37768036127090454
cast,04185,0.5199666023254395
cast,04186,0.39976149797439575
cast,04187,0.46569448709487915
cast,04188,0.24811720848083496
cast,04189,0.46579328179359436
cast,04190,0.11522303521633148
cast,04191,0.5512484312057495
cast,04192,0.4841618835926056
cast,04193,0.49196454882621765
cast,04194,0.4336046576499939
cast,04195,0.4827924370765686
cast,04196,0.5756797790527344
cast,04197,0.38051027059555054
cast,04198,0.3392607569694519
cast,04199,0.3909980356693268
cast,04200,0.19519902765750885
cast,04201,0.36230677366256714
cast,04202,0.4515398144721985
cast,04203,0.35546356439590454
cast,04204,0.43396472930908203
cast,04205,0.15164314210414886
cast,04206,0.6350955963134766
cast,04207,0.5148775577545166
cast,04208,0.25834691524505615
cast,04209,0.4243616461753845
cast,04210,0.47091370820999146
cast,04211,0.33062267303466797
cast,04212,0.6851493120193481
cast,04213,0.5277012586593628
cast,04214,0.2645057141780853
cast,04215,0.3010216951370239
cast,04216,0.23560655117034912
cast,04217,0.3167535960674286
cast,04218,0.5144962668418884
cast,04219,0.5740671753883362
cast,04220,0.6099070906639099
cast,04221,0.44797104597091675
cast,04222,0.2647162973880768
cast,04223,0.42131346464157104
cast,04224,0.5419780015945435
cast,04225,0.17688453197479248
cast,04226,0.36065924167633057
cast,04227,0.3873954713344574
cast,04228,0.47375059127807617
cast,04229,0.44758903980255127
cast,04230,0.4841657876968384
cast,04231,0.31423503160476685
cast,04232,0.29940861463546753
cast,04233,0.32784149050712585
cast,04234,0.530001163482666
cast,04235,0.45883607864379883
cast,04236,0.3665204644203186
cast,04237,0.39161738753318787
cast,04238,0.25434964895248413
cast,04239,0.17531536519527435
cast,04240,0.49071744084358215
cast,04241,0.3694300353527069
cast,04242,0.32310980558395386
cast,04243,0.4976576864719391
cast,04244,0.4283261001110077
cast,04245,0.5862307548522949
cast,04246,0.3949112892150879
cast,04247,0.3988414406776428
cast,04248,0.2815204858779907
cast,04249,0.4840673506259918
cast,04250,0.47420886158943176
cast,04251,0.26943671703338623
cast,04252,0.39445579051971436
cast,04253,0.33761829137802124
cast,04254,0.343976229429245
cast,04255,0.43792325258255005
cast,04256,0.5600463151931763
cast,04257,0.38713324069976807
cast,04258,0.29270297288894653
cast,04259,0.45216450095176697
cast,04260,0.28822189569473267
cast,04261,0.24240247905254364
cast,04262,0.3049849271774292
cast,04263,0.4343864619731903
cast,04264,0.47490960359573364
cast,04265,0.2867428660392761
cast,04266,0.6164303421974182
cast,04267,0.29378175735473633
cast,04268,0.5517568588256836
cast,04269,0.4054221510887146
cast,04270,0.463980495929718
cast,04271,0.5255715250968933
cast,04272,0.44085007905960083
cast,04273,0.44223615527153015
cast,04274,0.379128098487854
cast,04275,0.29390865564346313
cast,04276,0.5568865537643433
cast,04277,0.39405557513237
cast,04278,0.5454164743423462
cast,04279,0.3061414062976837
cast,04280,0.3427988290786743
cast,04281,0.4382438659667969
cast,04282,0.37007445096969604
cast,04283,0.051372040063142776
cast,04284,0.4110346734523773
cast,04285,0.5860999822616577
cast,04286,0.2472209632396698
cast,04287,0.30277469754219055
cast,04288,0.2579287886619568
cast,04289,0.5716503858566284
cast,04290,0.4825098216533661
cast,04291,0.5710246562957764
cast,04292,0.12417089194059372
cast,04293,0.45588505268096924
cast,04294,0.4150449335575104
cast,04295,0.35021477937698364
cast,04296,0.5169258117675781
cast,04297,0.4722305238246918
cast,04298,0.3947198987007141
cast,04299,0.5239264965057373
cast,04300,0.5445060729980469
cast,04301,0.3623794913291931
cast,04302,0.7450070381164551
cast,04303,0.6102908253669739
cast,04304,0.3317442536354065
cast,04305,0.3913649916648865
cast,04306,0.4437272548675537
cast,04307,0.4429522156715393
cast,04308,0.5680345296859741
cast,04309,0.4047268033027649
cast,04310,0.19891470670700073
cast,04311,0.5497120022773743
cast,04312,0.34203043580055237
cast,04313,0.6323564052581787
cast,04314,0.26139479875564575
cast,04315,0.45145460963249207
cast,04316,0.36496779322624207
cast,04317,0.5372481346130371
cast,04318,0.6926525235176086
cast,04319,0.3162609338760376
cast,04320,0.6439123153686523
cast,04321,0.3498634099960327
cast,04322,0.4238467812538147
cast,04323,0.5311523079872131
cast,04324,0.4358517825603485
cast,04325,0.4111882448196411
cast,04326,0.3554205894470215
cast,04327,0.32167837023735046
cast,04328,0.45512452721595764
cast,04329,0.5335747003555298
cast,04330,0.45127999782562256
cast,04331,0.19280913472175598
cast,04332,0.38565593957901
cast,04333,0.3612824082374573
cast,04334,0.43085893988609314
cast,04335,0.5791376829147339
cast,04336,0.2144031822681427
cast,04337,0.24300611019134521
cast,04338,0.5478091239929199
cast,04339,0.4695449471473694
cast,04340,0.42541736364364624
cast,04341,0.5186215043067932
cast,04342,0.5835732221603394
cast,04343,0.44116848707199097
cast,04344,0.526664137840271
cast,04345,0.5058316588401794
cast,04346,0.6478316783905029
cast,04347,0.36909645795822144
cast,04348,0.24422678351402283
cast,04349,0.5863083004951477
cast,04350,0.3894707262516022
cast,04351,0.41401755809783936
cast,04352,0.3394036889076233
cast,04353,0.37538281083106995
cast,04354,0.5325338840484619
cast,04355,0.2526356279850006
cast,04356,0.43272680044174194
cast,04357,0.38445234298706055
cast,04358,0.29319173097610474
cast,04359,0.44492509961128235
cast,04360,0.713294506072998
cast,04361,0.2869877517223358
cast,04362,0.421469509601593
cast,04363,0.46443313360214233
cast,04364,0.464072048664093
cast,04365,0.38648533821105957
cast,04366,0.29502201080322266
cast,04367,0.43369561433792114
cast,04368,0.47993379831314087
cast,04369,0.6095205545425415
cast,04370,0.32344937324523926
cast,04371,0.45404818654060364
cast,04372,0.43730878829956055
cast,04373,0.4883195459842682
cast,04374,0.48389261960983276
cast,04375,0.30725276470184326
cast,04376,0.4674931764602661
cast,04377,0.4396877586841583
cast,04378,0.3417077958583832
cast,04379,0.4582745432853699
cast,04380,0.4607158899307251
cast,04381,0.40122759342193604
cast,04382,0.34667056798934937
cast,04383,0.299972265958786
cast,04384,0.4965685307979584
cast,04385,0.2606513798236847
cast,04386,0.7365987300872803
cast,04387,0.6746525764465332
cast,04388,0.6362231969833374
cast,04389,0.6985599994659424
cast,04390,0.6252435445785522
cast,04391,0.38391226530075073
cast,04392,0.5088075399398804
cast,04393,0.4769604802131653
cast,04394,0.5042713284492493
cast,04395,0.508098840713501
cast,04396,0.5570815205574036
cast,04397,0.5421920418739319
cast,04398,0.4134777784347534
cast,04399,0.4123731255531311
cast,04400,0.5127236843109131
cast,04401,0.258718878030777
cast,04402,0.3558426797389984
cast,04403,0.2853550314903259
cast,04404,0.12812088429927826
cast,04405,0.5488576889038086
cast,04406,0.48464179039001465
cast,04407,0.6079655885696411
cast,04408,0.5723954439163208
cast,04409,0.45401519536972046
cast,04410,0.2866970896720886
cast,04411,0.19215208292007446
cast,04412,0.6006449460983276
cast,04413,0.2890487313270569
cast,04414,0.1701749563217163
cast,04415,0.6342096328735352
cast,04416,0.2873525023460388
cast,04417,0.3485417366027832
cast,04418,0.497925341129303
cast,04419,0.5995304584503174
cast,04420,0.46202462911605835
cast,04421,0.36519649624824524
cast,04422,0.49593764543533325
cast,04423,0.576433539390564
cast,04424,0.5975860357284546
cast,04425,0.2683565616607666
cast,04426,0.5341600775718689
cast,04427,0.4775596857070923
cast,04428,0.5129194259643555
cast,04429,0.5142108798027039
cast,04430,0.25093719363212585
cast,04431,0.417194128036499
cast,04432,0.19507399201393127
cast,04433,0.3119029104709625
cast,04434,0.4062274694442749
cast,04435,0.6112662553787231
cast,04436,0.6487147808074951
cast,04437,0.5375168323516846
cast,04438,0.6897175312042236
cast,04439,0.4740417003631592
cast,04440,0.29364877939224243
cast,04441,0.34095990657806396
cast,04442,0.21008166670799255
cast,04443,0.21923530101776123
cast,04444,0.5269294381141663
cast,04445,0.4353611469268799
cast,04446,0.40300869941711426
cast,04447,0.32496851682662964
cast,04448,0.5168943405151367
cast,04449,0.2740854322910309
cast,04450,0.43028056621551514
cast,04451,0.2498852163553238
cast,04452,0.48475781083106995
cast,04453,0.5306858420372009
cast,04454,0.5177844762802124
cast,04455,0.405961811542511
cast,04456,0.2532665729522705
cast,04457,0.2624325156211853
cast,04458,0.45854559540748596
cast,04459,0.404840350151062
cast,04460,0.4155879616737366
cast,04461,0.4630255699157715
cast,04462,0.4429280459880829
cast,04463,0.4079759120941162
cast,04464,0.5274403691291809
cast,04465,0.2936088442802429
cast,04466,0.4264300465583801
cast,04467,0.5005909204483032
cast,04468,0.5089799165725708
cast,04469,0.6095640659332275
cast,04470,0.29399827122688293
cast,04471,0.6617774963378906
cast,04472,0.5153820514678955
cast,04473,0.45347750186920166
cast,04474,0.43036729097366333
cast,04475,0.43283480405807495
cast,04476,0.48927855491638184
cast,04477,0.5024409890174866
cast,04478,0.3145116865634918
cast,04479,0.41914334893226624
cast,04480,0.44586238265037537
cast,04481,0.2766771912574768
cast,04482,0.2363983690738678
cast,04483,0.39899423718452454
cast,04484,0.39407870173454285
cast,04485,0.37438932061195374
cast,04486,0.2128455936908722
cast,04487,0.5601006746292114
cast,04488,0.45959770679473877
cast,04489,0.5828282833099365
cast,04490,0.39518800377845764
cast,04491,0.3688881993293762
cast,04492,0.41567856073379517
cast,04493,0.48496851325035095
cast,04494,0.5018237829208374
cast,04495,0.5182813405990601
cast,04496,0.6463046669960022
cast,04497,0.4669269323348999
cast,04498,0.37196916341781616
cast,04499,0.47337856888771057
cast,04500,0.42515766620635986
cast,04501,0.2631118595600128
cast,04502,0.7789596915245056
cast,04503,0.4980839490890503
cast,04504,0.5291750431060791
cast,04505,0.23579327762126923
cast,04506,0.5491318702697754
cast,04507,0.573782742023468
cast,04508,0.23604784905910492
cast,04509,0.364163339138031
cast,04510,0.44323569536209106
cast,04511,0.43587827682495117
cast,04512,0.4754676818847656
cast,04513,0.6577634811401367
cast,04514,0.3802012801170349
cast,04515,0.439296692609787
cast,04516,0.3052818179130554
cast,04517,0.3961626887321472
cast,04518,0.4307807981967926
cast,04519,0.4610791504383087
cast,04520,0.49672526121139526
cast,04521,0.12514641880989075
cast,04522,0.44571787118911743
cast,04523,0.1773800551891327
cast,04524,0.6145344972610474
cast,04525,0.2479393035173416
cast,04526,0.5422474145889282
cast,04527,0.3526727557182312
cast,04528,0.2445756047964096
cast,04529,0.5524623394012451
cast,04530,0.4284094572067261
cast,04531,0.47601258754730225
cast,04532,0.4364604353904724
cast,04533,0.46397173404693604
cast,04534,0.454668253660202
cast,04535,0.28845465183258057
cast,04536,0.3828445076942444
cast,04537,0.4813957214355469
cast,04538,0.5494892597198486
cast,04539,0.5740121603012085
cast,04540,0.48981767892837524
cast,04541,0.44002565741539
cast,04542,0.5226173400878906
cast,04543,0.37734514474868774
cast,04544,0.5128965973854065
cast,04545,0.236893430352211
cast,04546,0.4961619973182678
cast,04547,0.6792575716972351
cast,04548,0.41625794768333435
cast,04549,0.40893489122390747
cast,04550,0.2730308473110199
cast,04551,0.5114203691482544
cast,04552,0.3300216794013977
cast,04553,0.39878416061401367
cast,04554,0.3651982247829437
cast,04555,0.44262200593948364
cast,04556,0.3546837568283081
cast,04557,0.29059329628944397
cast,04558,0.38442128896713257
cast,04559,0.4037700891494751
cast,04560,0.340597927570343
cast,04561,0.332963764667511
cast,04562,0.6997808814048767
cast,04563,0.5530866384506226
cast,04564,0.40854284167289734
cast,04565,0.45573562383651733
cast,04566,0.29833871126174927
cast,04567,0.4889671504497528
cast,04568,0.4683537185192108
cast,04569,0.5136687755584717
cast,04570,0.3352009654045105
cast,04571,0.49917322397232056
cast,04572,0.5166721343994141
cast,04573,0.38828420639038086
cast,04574,0.3818437457084656
cast,04575,0.0521591454744339
cast,04576,0.33417558670043945
cast,04577,0.5225691795349121
cast,04578,0.2565210461616516
cast,04579,0.4383276402950287
cast,04580,0.29790154099464417
cast,04581,0.4496844708919525
cast,04582,0.49702346324920654
cast,04583,0.23840820789337158
cast,04584,0.2661125063896179
cast,04585,0.23536282777786255
cast,04586,0.47957783937454224
cast,04587,0.31293588876724243
cast,04588,0.4136892557144165
cast,04589,0.5359923839569092
cast,04590,0.35362833738327026
cast,04591,0.5512879490852356
cast,04592,0.3683284521102905
cast,04593,0.2556430697441101
cast,04594,0.26406919956207275
cast,04595,0.46977370977401733
cast,04596,0.620968759059906
cast,04597,0.40068110823631287
cast,04598,0.3585484027862549
cast,04599,0.3400405943393707
cast,04600,0.37669867277145386
cast,04601,0.2764388918876648
cast,04602,0.5445665717124939
cast,04603,0.49552980065345764
cast,04604,0.5630956888198853
cast,04605,0.20389389991760254
cast,04606,0.19073602557182312
cast,04607,0.24039295315742493
cast,04608,0.3960980176925659
cast,04609,0.6242327690124512
cast,04610,0.3567664623260498
cast,04611,0.2692970335483551
cast,04612,0.5052783489227295
cast,04613,0.4088415503501892
cast,04614,0.2847123146057129
cast,04615,0.2776508927345276
cast,04616,0.6071398854255676
cast,04617,0.5335131883621216
cast,04618,0.28692856431007385
cast,04619,0.5574531555175781
cast,04620,0.5420190095901489
cast,04621,0.439532607793808
cast,04622,0.10821809619665146
cast,04623,0.24056994915008545
cast,04624,0.4419991970062256
cast,04625,0.23782840371131897
cast,04626,0.6271853446960449
cast,04627,0.47934266924858093
cast,04628,0.42867785692214966
cast,04629,0.3691038489341736
cast,04630,0.46721920371055603
cast,04631,0.42526721954345703
cast,04632,0.19601601362228394
cast,04633,0.3302551507949829
cast,04634,0.4090878367424011
cast,04635,0.46280038356781006
cast,04636,0.6302748918533325
cast,04637,0.39876967668533325
cast,04638,0.6105506420135498
cast,04639,0.4496460556983948
cast,04640,0.45034539699554443
cast,04641,0.6211895942687988
cast,04642,0.4158051311969757
cast,04643,0.30447256565093994
cast,04644,0.4922514259815216
cast,04645,0.42192745208740234
cast,04646,0.4282822012901306
cast,04647,0.4049009084701538
cast,04648,0.707281231880188
cast,04649,0.28898632526397705
cast,04650,0.29971984028816223
cast,04651,0.5055879354476929
cast,04652,0.5407973527908325
cast,04653,0.3433646261692047
cast,04654,0.5971679091453552
cast,04655,0.18025189638137817
cast,04656,0.5085326433181763
cast,04657,0.5657437443733215
cast,04658,0.49593108892440796
cast,04659,0.5400158166885376
cast,04660,0.4096333980560303
cast,04661,0.20567737519741058
cast,04662,0.21463432908058167
cast,04663,0.1551211178302765
cast,04664,0.36497461795806885
cast,04665,0.38419419527053833
cast,04666,0.2958269417285919
cast,04667,0.4374716579914093
cast,04668,0.24713946878910065
cast,04669,0.5042771100997925
cast,04670,0.39246201515197754
cast,04671,0.4301110506057739
cast,04672,0.1500762403011322
cast,04673,0.43464183807373047
cast,04674,0.48453837633132935
cast,04675,0.5183078050613403
cast,04676,0.4781123399734497
cast,04677,0.6009767055511475
cast,04678,0.5863033533096313
cast,04679,0.3742046058177948
cast,04680,0.4503396153450012
cast,04681,0.494666188955307
cast,04682,0.4841802716255188
cast,04683,0.45095396041870117
cast,04684,0.46629148721694946
cast,04685,0.5461153984069824
cast,04686,0.41216057538986206
cast,04687,0.4341118335723877
cast,04688,0.3619093894958496
cast,04689,0.5183730125427246
cast,04690,0.27102845907211304
cast,04691,0.2880550026893616
cast,04692,0.48801615834236145
cast,04693,0.3179595172405243
cast,04694,0.39686304330825806
cast,04695,0.26880645751953125
cast,04696,0.38788890838623047
cast,04697,0.3941182494163513
cast,04698,0.4780852198600769
cast,04699,0.42168816924095154
cast,04700,0.20921353995800018
cast,04701,0.1801755726337433
cast,04702,0.5407992601394653
cast,04703,0.5054630041122437
cast,04704,0.46949368715286255
cast,04705,0.31591692566871643
cast,04706,0.2658744156360626
cast,04707,0.1250731498003006
cast,04708,0.4858298897743225
cast,04709,0.3133329153060913
cast,04710,0.36567479372024536
cast,04711,0.5174224376678467
cast,04712,0.28814414143562317
cast,04713,0.37103015184402466
cast,04714,0.24326732754707336
cast,04715,0.44469738006591797
cast,04716,0.6067994832992554
cast,04717,0.5108162760734558
cast,04718,0.4282835125923157
cast,04719,0.5660176873207092
cast,04720,0.4991092383861542
cast,04721,0.36158841848373413
cast,04722,0.5896332859992981
cast,04723,0.37887051701545715
cast,04724,0.45786821842193604
cast,04725,0.5749585628509521
cast,04726,0.17328380048274994
cast,04727,0.3501909077167511
cast,04728,0.48833608627319336
cast,04729,0.6502852439880371
cast,04730,0.2847135663032532
cast,04731,0.3146173357963562
cast,04732,0.5090945959091187
cast,04733,0.40649521350860596
cast,04734,0.4600558876991272
cast,04735,0.32653868198394775
cast,04736,0.48017382621765137
cast,04737,0.20678408443927765
cast,04738,0.3763456344604492
cast,04739,0.4587550163269043
cast,04740,0.32743510603904724
cast,04741,0.4045478105545044
cast,04742,0.41345643997192383
cast,04743,0.5499163269996643
cast,04744,0.2858733534812927
cast,04745,0.11422055959701538
cast,04746,0.34040045738220215
cast,04747,0.5400046706199646
cast,04748,0.3772072494029999
cast,04749,0.4241151213645935
cast,04750,0.4918261170387268
cast,04751,0.2103547751903534
cast,04752,0.45504385232925415
cast,04753,0.4738624691963196
cast,04754,0.37470540404319763
cast,04755,0.5661157369613647
cast,04756,0.6979912519454956
cast,04757,0.4870961904525757
cast,04758,0.3178839087486267
cast,04759,0.32578498125076294
cast,04760,0.2563788592815399
cast,04761,0.3441600203514099
cast,04762,0.3438466787338257
cast,04763,0.2687940001487732
cast,04764,0.31920862197875977
cast,04765,0.4466870427131653
cast,04766,0.38946107029914856
cast,04767,0.39620739221572876
cast,04768,0.33258405327796936
cast,04769,0.41033777594566345
cast,04770,0.4788956642150879
cast,04771,0.19155701994895935
cast,04772,0.20320233702659607
cast,04773,0.3055860698223114
cast,04774,0.555121898651123
cast,04775,0.3731013238430023
cast,04776,0.510486364364624
cast,04777,0.44397681951522827
cast,04778,0.4507107138633728
cast,04779,0.2203799933195114
cast,04780,0.38648897409439087
cast,04781,0.4637836217880249
cast,04782,0.26914018392562866
cast,04783,0.5500509738922119
cast,04784,0.4295591115951538
cast,04785,0.4467794895172119
cast,04786,0.364681601524353
cast,04787,0.45513755083084106
cast,04788,0.464290589094162
cast,04789,0.3421110510826111
cast,04790,0.5544840097427368
cast,04791,0.23947495222091675
cast,04792,0.46434155106544495
cast,04793,0.30654823780059814
cast,04794,0.32148322463035583
cast,04795,0.42352157831192017
cast,04796,0.44870227575302124
cast,04797,0.6123176217079163
cast,04798,0.6047718524932861
cast,04799,0.4945998191833496
cast,04800,0.5162694454193115
cast,04801,0.5024574398994446
cast,04802,0.512535810470581
cast,04803,0.5438135266304016
cast,04804,0.20632222294807434
cast,04805,0.3327150344848633
cast,04806,0.45842111110687256
cast,04807,0.3815732002258301
cast,04808,0.4715467095375061
cast,04809,0.26877373456954956
cast,04810,0.37959280610084534
cast,04811,0.604304313659668
cast,04812,0.3561049997806549
cast,04813,0.35870927572250366
cast,04814,0.13010281324386597
cast,04815,0.47174662351608276
cast,04816,0.5483553409576416
cast,04817,0.5091516971588135
cast,04818,0.07267794758081436
cast,04819,0.3775147795677185
cast,04820,0.46182534098625183
cast,04821,0.5185209512710571
cast,04822,0.5845774412155151
cast,04823,0.34801608324050903
cast,04824,0.35496246814727783
cast,04825,0.406758189201355
cast,04826,0.3380703032016754
cast,04827,0.3628544211387634
cast,04828,0.3261311948299408
cast,04829,0.37839341163635254
cast,04830,0.2959786653518677
cast,04831,0.14472636580467224
cast,04832,0.5270496606826782
cast,04833,0.4724349081516266
cast,04834,0.5121766328811646
cast,04835,0.5812727808952332
cast,04836,0.4340353012084961
cast,04837,0.5312362909317017
cast,04838,0.36871135234832764
cast,04839,0.43403056263923645
cast,04840,0.26257050037384033
cast,04841,0.3376888334751129
cast,04842,0.40289223194122314
cast,04843,0.5652481317520142
cast,04844,0.6674976348876953
cast,04845,0.585283637046814
cast,04846,0.49152234196662903
cast,04847,0.39194566011428833
cast,04848,0.21763065457344055
cast,04849,0.43200305104255676
cast,04850,0.42399483919143677
cast,04851,0.3666756749153137
cast,04852,0.475955605506897
cast,04853,0.38211822509765625
cast,04854,0.31993356347084045
cast,04855,0.6553653478622437
cast,04856,0.7106978893280029
cast,04857,0.5014157295227051
cast,04858,0.4196307957172394
cast,04859,0.5068610310554504
cast,04860,0.3447847366333008
cast,04861,0.2853294014930725
cast,04862,0.6084253787994385
cast,04863,0.5520844459533691
cast,04864,0.2741086483001709
cast,04865,0.38030970096588135
cast,04866,0.45646077394485474
cast,04867,0.4437127709388733
cast,04868,0.5127429962158203
cast,04869,0.5395709872245789
cast,04870,0.4392654001712799
cast,04871,0.1592053323984146
cast,04872,0.5053757429122925
cast,04873,0.5306820273399353
cast,04874,0.4708751440048218
cast,04875,0.6254515051841736
cast,04876,0.34456220269203186
cast,04877,0.40177300572395325
cast,04878,0.3641664981842041
cast,04879,0.3997946083545685
cast,04880,0.38588327169418335
cast,04881,0.39594560861587524
cast,04882,0.138925701379776
cast,04883,0.22194278240203857
cast,04884,0.2522965967655182
cast,04885,0.47150546312332153
cast,04886,0.5530414581298828
cast,04887,0.6033723950386047
cast,04888,0.469961017370224
cast,04889,0.46398240327835083
cast,04890,0.5089709758758545
cast,04891,0.44476065039634705
cast,04892,0.328538179397583
cast,04893,0.542472243309021
cast,04894,0.5701066255569458
cast,04895,0.4421751797199249
cast,04896,0.3748258054256439
cast,04897,0.5538140535354614
cast,04898,0.5225439071655273
cast,04899,0.46488845348358154
cast,04900,0.16188105940818787
cast,04901,0.4892948865890503
cast,04902,0.5171119570732117
cast,04903,0.46967944502830505
cast,04904,0.31059199571609497
cast,04905,0.4727625250816345
cast,04906,0.6496241092681885
cast,04907,0.5352462530136108
cast,04908,0.6618759632110596
cast,04909,0.4648113250732422
cast,04910,0.4093993008136749
cast,04911,0.27808499336242676
cast,04912,0.5718110799789429
cast,04913,0.39294564723968506
cast,04914,0.442911833524704
cast,04915,0.3609987497329712
cast,04916,0.49952149391174316
cast,04917,0.3832971751689911
cast,04918,0.48982760310173035
cast,04919,0.4970458149909973
cast,04920,0.31229591369628906
cast,04921,0.46917805075645447
cast,04922,0.38337376713752747
cast,04923,0.5156359672546387
cast,04924,0.3968161344528198
cast,04925,0.2949633002281189
cast,04926,0.47947555780410767
cast,04927,0.6274117827415466
cast,04928,0.5487448573112488
cast,04929,0.5407954454421997
cast,04930,0.26879897713661194
cast,04931,0.49535900354385376
cast,04932,0.48633551597595215
cast,04933,0.27387917041778564
cast,04934,0.5269007682800293
cast,04935,0.4155462980270386
cast,04936,0.23071779310703278
cast,04937,0.5480058789253235
cast,04938,0.3381016254425049
cast,04939,0.44776642322540283
cast,04940,0.5850246548652649
cast,04941,0.4877971410751343
cast,04942,0.36784493923187256
cast,04943,0.6547000408172607
cast,04944,0.5803508758544922
cast,04945,0.5159286856651306
cast,04946,0.4752122163772583
cast,04947,0.4727945327758789
cast,04948,0.4064446687698364
cast,04949,0.5229262113571167
cast,04950,0.5172592401504517
cast,04951,0.5268361568450928
cast,04952,0.3926262855529785
cast,04953,0.5498520135879517
cast,04954,0.4197760224342346
cast,04955,0.4076392948627472
cast,04956,0.47254830598831177
cast,04957,0.34179574251174927
cast,04958,0.4142833948135376
cast,04959,0.29887664318084717
cast,04960,0.2608582377433777
cast,04961,0.40608909726142883
cast,04962,0.43459552526474
cast,04963,0.4241001009941101
cast,04964,0.43291640281677246
cast,04965,0.5106335878372192
cast,04966,0.5029516220092773
cast,04967,0.27478623390197754
cast,04968,0.4516603648662567
cast,04969,0.4590713679790497
cast,04970,0.5694073438644409
cast,04971,0.3093910217285156
cast,04972,0.34266072511672974
cast,04973,0.4210824966430664
cast,04974,0.5127322673797607
cast,04975,0.35816824436187744
cast,04976,0.706997275352478
cast,04977,0.38238030672073364
cast,04978,0.4430694580078125
cast,04979,0.47245922684669495
cast,04980,0.39801573753356934
cast,04981,0.33063584566116333
cast,04982,0.4718839228153229
cast,04983,0.4776354432106018
cast,04984,0.6632612943649292
cast,04985,0.4911365509033203
cast,04986,0.6053330302238464
cast,04987,0.3173849582672119
cast,04988,0.41066989302635193
cast,04989,0.3513508439064026
cast,04990,0.566798210144043
cast,04991,0.19266901910305023
cast,04992,0.4758619964122772
cast,04993,0.38067519664764404
cast,04994,0.3711567223072052
cast,04995,0.5113743543624878
cast,04996,0.5873478651046753
cast,04997,0.32743918895721436
cast,04998,0.44876545667648315
cast,04999,0.4304450750350952
