method,output,cell,content,style,ssim,lpips,e_ssim,l_c,l_s
ccstytr,000000001818__Abstract_Expressionism__paul-jenkins_not_detected_235703.png,000000001818__Abstract_Expressionism__paul-jenkins_not_detected_235703,000000001818,Abstract_Expressionism__paul-jenkins_not_detected_235703,0.45047757029533386,0.33778613805770874,0.5361945539633085,1.3534514904022217,0.9582862854003906
ccstytr,000000001818__Art_Nouveau_Modern__nicholas-roerich_oze-1914.png,000000001818__Art_Nouveau_Modern__nicholas-roerich_oze-1914,000000001818,Art_Nouveau_Modern__nicholas-roerich_oze-1914,0.3990175724029541,0.41989433765411377,0.522762424852404,1.6374565362930298,1.0441007614135742
ccstytr,000000001818__Baroque__rembrandt_portrait-of-nicolas-van-bambeeck-1641.png,000000001818__Baroque__rembrandt_portrait-of-nicolas-van-bambeeck-1641,000000001818,Baroque__rembrandt_portrait-of-nicolas-van-bambeeck-1641,0.2624693810939789,0.46080052852630615,0.4834835897978055,1.4134984016418457,0.70862877368927
ccstytr,000000001818__Color_Field_Painting__leon-berkowitz_dark-light-rose-gold-1978.png,000000001818__Color_Field_Painting__leon-berkowitz_dark-light-rose-gold-1978,000000001818,Color_Field_Painting__leon-berkowitz_dark-light-rose-gold-1978,0.1939041167497635,0.754644513130188,0.2628093282076267,2.566525459289551,0.7775591015815735
ccstytr,000000001818__Cubism__salvador-dali_cubist-composition-portrait-of-a-seated-person-holding-a-letter.png,000000001818__Cubism__salvador-dali_cubist-composition-portrait-of-a-seated-person-holding-a-letter,000000001818,Cubism__salvador-dali_cubist-composition-portrait-of-a-seated-person-holding-a-letter,0.34401440620422363,0.6182960867881775,0.4553619077442965,1.4230287075042725,0.6380018591880798
ccstytr,000000001818__Early_Renaissance__pietro-perugino_st-jerome-who-attends-two-unfairly-hanged-1473.png,000000001818__Early_Renaissance__pietro-perugino_st-jerome-who-attends-two-unfairly-hanged-1473,000000001818,Early_Renaissance__pietro-perugino_st-jerome-who-attends-two-unfairly-hanged-1473,0.5597825646400452,0.39961719512939453,0.6224571343249762,1.6979258060455322,0.8771202564239502
ccstytr,000000001818__Expressionism__amedeo-modigliani_germaine-survage-with-earrings-1918.png,000000001818__Expressionism__amedeo-modigliani_germaine-survage-with-earrings-1918,000000001818,Expressionism__amedeo-modigliani_germaine-survage-with-earrings-1918,0.40035486221313477,0.515312671661377,0.4810587471748326,1.4918925762176514,0.596271812915802
ccstytr,000000001818__High_Renaissance__raphael_madonna-and-child-enthroned-with-saints-1505.png,000000001818__High_Renaissance__raphael_madonna-and-child-enthroned-with-saints-1505,000000001818,High_Renaissance__raphael_madonna-and-child-enthroned-with-saints-1505,0.49884018301963806,0.47047290205955505,0.5348552378769276,2.1428909301757812,1.9165315628051758
ccstytr,000000001818__Impressionism__pierre-auguste-renoir_leaving-the-bath-1890.png,000000001818__Impressionism__pierre-auguste-renoir_leaving-the-bath-1890,000000001818,Impressionism__pierre-auguste-renoir_leaving-the-bath-1890,0.343219518661499,0.5228486061096191,0.40569953221265787,1.8746942281723022,0.6198160648345947
ccstytr,000000001818__Mannerism_Late_Renaissance__tintoretto_st-mark-rescuing-a-saracen-from-shipwreck-1566.png,000000001818__Mannerism_Late_Renaissance__tintoretto_st-mark-rescuing-a-saracen-from-shipwreck-1566,000000001818,Mannerism_Late_Renaissance__tintoretto_st-mark-rescuing-a-saracen-from-shipwreck-1566,0.546623170375824,0.3737833499908447,0.6221452034915592,1.5983084440231323,1.0641543865203857
ccstytr,000000001818__Minimalism__mario-schifano_untitled-1963.png,000000001818__Minimalism__mario-schifano_untitled-1963,000000001818,Minimalism__mario-schifano_untitled-1963,0.1608179658651352,0.9705508351325989,0.18256400464116895,2.377842903137207,1.4934061765670776
ccstytr,000000001818__Naive_Art_Primitivism__marc-chagall_the-young-samuel-the-priest-s-servant-heard-that-he-is-called-by-god-eli-and-he-were-sleeping.png,000000001818__Naive_Art_Primitivism__marc-chagall_the-young-samuel-the-priest-s-servant-heard-that-he-is-called-by-god-eli-and-he-were-sleeping,000000001818,Naive_Art_Primitivism__marc-chagall_the-young-samuel-the-priest-s-servant-heard-that-he-is-called-by-god-eli-and-he-were-sleeping,0.49162986874580383,0.39748549461364746,0.519582048762251,1.7636821269989014,0.6004123091697693
ccstytr,000000001818__Northern_Renaissance__albrecht-durer_lamentation-over-christ-1507.png,000000001818__Northern_Renaissance__albrecht-durer_lamentation-over-christ-1507,000000001818,Northern_Renaissance__albrecht-durer_lamentation-over-christ-1507,0.5201860070228577,0.4362025260925293,0.4958056440290123,2.118309259414673,1.2483296394348145
ccstytr,000000001818__Pop_Art__peter-max_composition-red-green-1979.png,000000001818__Pop_Art__peter-max_composition-red-green-1979,000000001818,Pop_Art__peter-max_composition-red-green-1979,0.2874748706817627,0.5363579988479614,0.3063691171124564,2.4192843437194824,1.8947674036026
ccstytr,000000001818__Post_Impressionism__vincent-van-gogh_restaurant-de-la-sirene-at-asnieres-1887.png,000000001818__Post_Impressionism__vincent-van-gogh_restaurant-de-la-sirene-at-asnieres-1887,000000001818,Post_Impressionism__vincent-van-gogh_restaurant-de-la-sirene-at-asnieres-1887,0.4953077733516693,0.5065773129463196,0.5072224763185704,2.073810577392578,0.9794058799743652
ccstytr,000000001818__Realism__vincent-van-gogh_cottage-with-peasant-coming-home-1885(1).png,000000001818__Realism__vincent-van-gogh_cottage-with-peasant-coming-home-1885(1),000000001818,Realism__vincent-van-gogh_cottage-with-peasant-coming-home-1885(1),0.51213139295578,0.3791748583316803,0.5929879770210817,1.4486992359161377,0.5864763259887695
ccstytr,000000001818__Rococo__dmitry-levitzky_portrait-of-baron-a-n-stroganoff.png,000000001818__Rococo__dmitry-levitzky_portrait-of-baron-a-n-stroganoff,000000001818,Rococo__dmitry-levitzky_portrait-of-baron-a-n-stroganoff,0.2689224183559418,0.4866805672645569,0.4571263365570553,1.4597694873809814,0.7495632171630859
ccstytr,000000001818__Romanticism__gustave-dore_paradise-lost-4.png,000000001818__Romanticism__gustave-dore_paradise-lost-4,000000001818,Romanticism__gustave-dore_paradise-lost-4,0.4862104654312134,0.29834192991256714,0.6572533422270919,1.1796398162841797,1.0948028564453125
ccstytr,000000001818__Symbolism__nicholas-roerich_language-of-forest-1922.png,000000001818__Symbolism__nicholas-roerich_language-of-forest-1922,000000001818,Symbolism__nicholas-roerich_language-of-forest-1922,0.4859110116958618,0.47448402643203735,0.6009969771783916,1.9783086776733398,0.8266801834106445
ccstytr,000000001818__Ukiyo_e__kitagawa-utamaro_not_detected_233134.png,000000001818__Ukiyo_e__kitagawa-utamaro_not_detected_233134,000000001818,Ukiyo_e__kitagawa-utamaro_not_detected_233134,0.4081782400608063,0.518731951713562,0.43281793602308044,2.1391124725341797,1.2156459093093872
ccstytr,000000009448__Abstract_Expressionism__paul-jenkins_not_detected_235703.png,000000009448__Abstract_Expressionism__paul-jenkins_not_detected_235703,000000009448,Abstract_Expressionism__paul-jenkins_not_detected_235703,0.504707396030426,0.3198421597480774,0.6041634533132398,0.9677938222885132,0.9645031690597534
ccstytr,000000009448__Art_Nouveau_Modern__nicholas-roerich_oze-1914.png,000000009448__Art_Nouveau_Modern__nicholas-roerich_oze-1914,000000009448,Art_Nouveau_Modern__nicholas-roerich_oze-1914,0.48625555634498596,0.4303894639015198,0.6139045619566085,1.1885056495666504,1.014374017715454
ccstytr,000000009448__Baroque__rembrandt_portrait-of-nicolas-van-bambeeck-1641.png,000000009448__Baroque__rembrandt_portrait-of-nicolas-van-bambeeck-1641,000000009448,Baroque__rembrandt_portrait-of-nicolas-van-bambeeck-1641,0.3215945363044739,0.5739833116531372,0.5559742160748455,1.141698956489563,0.592795729637146
ccstytr,000000009448__Color_Field_Painting__leon-berkowitz_dark-light-rose-gold-1978.png,000000009448__Color_Field_Painting__leon-berkowitz_dark-light-rose-gold-1978,000000009448,Color_Field_Painting__leon-berkowitz_dark-light-rose-gold-1978,0.3395344913005829,0.6793956160545349,0.39300066059825906,1.8429145812988281,0.9228826761245728
ccstytr,000000009448__Cubism__salvador-dali_cubist-composition-portrait-of-a-seated-person-holding-a-letter.png,000000009448__Cubism__salvador-dali_cubist-composition-portrait-of-a-seated-person-holding-a-letter,000000009448,Cubism__salvador-dali_cubist-composition-portrait-of-a-seated-person-holding-a-letter,0.4421643018722534,0.6311984062194824,0.566664897433642,1.1844974756240845,0.6290572881698608
ccstytr,000000009448__Early_Renaissance__pietro-perugino_st-jerome-who-attends-two-unfairly-hanged-1473.png,000000009448__Early_Renaissance__pietro-perugino_st-jerome-who-attends-two-unfairly-hanged-1473,000000009448,Early_Renaissance__pietro-perugino_st-jerome-who-attends-two-unfairly-hanged-1473,0.51324063539505,0.4771820604801178,0.5482169618530961,1.3183609247207642,0.8563073873519897
ccstytr,000000009448__Expressionism__amedeo-modigliani_germaine-survage-with-earrings-1918.png,000000009448__Expressionism__amedeo-modigliani_germaine-survage-with-earrings-1918,000000009448,Expressionism__amedeo-modigliani_germaine-survage-with-earrings-1918,0.4375312626361847,0.6073138117790222,0.5527842814071748,1.257228136062622,0.6207246780395508
ccstytr,000000009448__High_Renaissance__raphael_madonna-and-child-enthroned-with-saints-1505.png,000000009448__High_Renaissance__raphael_madonna-and-child-enthroned-with-saints-1505,000000009448,High_Renaissance__raphael_madonna-and-child-enthroned-with-saints-1505,0.5060335993766785,0.4455772042274475,0.616604742172922,1.3899366855621338,1.4231427907943726
ccstytr,000000009448__Impressionism__pierre-auguste-renoir_leaving-the-bath-1890.png,000000009448__Impressionism__pierre-auguste-renoir_leaving-the-bath-1890,000000009448,Impressionism__pierre-auguste-renoir_leaving-the-bath-1890,0.4275994300842285,0.5784102082252502,0.4817808026630963,1.4814612865447998,0.6158031225204468
ccstytr,000000009448__Mannerism_Late_Renaissance__tintoretto_st-mark-rescuing-a-saracen-from-shipwreck-1566.png,000000009448__Mannerism_Late_Renaissance__tintoretto_st-mark-rescuing-a-saracen-from-shipwreck-1566,000000009448,Mannerism_Late_Renaissance__tintoretto_st-mark-rescuing-a-saracen-from-shipwreck-1566,0.4507483243942261,0.4836360812187195,0.5455062013991894,1.4247939586639404,0.9703111052513123
ccstytr,000000009448__Minimalism__mario-schifano_untitled-1963.png,000000009448__Minimalism__mario-schifano_untitled-1963,000000009448,Minimalism__mario-schifano_untitled-1963,0.28930726647377014,0.9764203429222107,0.3978942129667898,1.7673516273498535,1.2931522130966187
ccstytr,000000009448__Naive_Art_Primitivism__marc-chagall_the-young-samuel-the-priest-s-servant-heard-that-he-is-called-by-god-eli-and-he-were-sleeping.png,000000009448__Naive_Art_Primitivism__marc-chagall_the-young-samuel-the-priest-s-servant-heard-that-he-is-called-by-god-eli-and-he-were-sleeping,000000009448,Naive_Art_Primitivism__marc-chagall_the-young-samuel-the-priest-s-servant-heard-that-he-is-called-by-god-eli-and-he-were-sleeping,0.4806162416934967,0.49080321192741394,0.46100209143965715,1.497056484222412,0.7030061483383179
ccstytr,000000009448__Northern_Renaissance__albrecht-durer_lamentation-over-christ-1507.png,000000009448__Northern_Renaissance__albrecht-durer_lamentation-over-christ-1507,000000009448,Northern_Renaissance__albrecht-durer_lamentation-over-christ-1507,0.37452903389930725,0.5124034285545349,0.347120913067208,1.8726156949996948,1.1530520915985107
ccstytr,000000009448__Pop_Art__peter-max_composition-red-green-1979.png,000000009448__Pop_Art__peter-max_composition-red-green-1979,000000009448,Pop_Art__peter-max_composition-red-green-1979,0.4160928726196289,0.4592059254646301,0.5709664407259483,1.4471793174743652,2.1869618892669678
ccstytr,000000009448__Post_Impressionism__vincent-van-gogh_restaurant-de-la-sirene-at-asnieres-1887.png,000000009448__Post_Impressionism__vincent-van-gogh_restaurant-de-la-sirene-at-asnieres-1887,000000009448,Post_Impressionism__vincent-van-gogh_restaurant-de-la-sirene-at-asnieres-1887,0.44932523369789124,0.5962520837783813,0.435511360550567,1.7743346691131592,1.0936367511749268
ccstytr,000000009448__Realism__vincent-van-gogh_cottage-with-peasant-coming-home-1885(1).png,000000009448__Realism__vincent-van-gogh_cottage-with-peasant-coming-home-1885(1),000000009448,Realism__vincent-van-gogh_cottage-with-peasant-coming-home-1885(1),0.5201786756515503,0.5174398422241211,0.557141403183697,1.4067747592926025,0.5949118137359619
ccstytr,000000009448__Rococo__dmitry-levitzky_portrait-of-baron-a-n-stroganoff.png,000000009448__Rococo__dmitry-levitzky_portrait-of-baron-a-n-stroganoff,000000009448,Rococo__dmitry-levitzky_portrait-of-baron-a-n-stroganoff,0.33027154207229614,0.5697345733642578,0.5789938355544777,1.1095597743988037,0.5848284959793091
ccstytr,000000009448__Romanticism__gustave-dore_paradise-lost-4.png,000000009448__Romanticism__gustave-dore_paradise-lost-4,000000009448,Romanticism__gustave-dore_paradise-lost-4,0.45629414916038513,0.4276639223098755,0.5533808765553719,1.1495728492736816,0.9029644131660461
ccstytr,000000009448__Symbolism__nicholas-roerich_language-of-forest-1922.png,000000009448__Symbolism__nicholas-roerich_language-of-forest-1922,000000009448,Symbolism__nicholas-roerich_language-of-forest-1922,0.49834147095680237,0.48523640632629395,0.5517799978606028,1.5240812301635742,0.8482341766357422
ccstytr,000000009448__Ukiyo_e__kitagawa-utamaro_not_detected_233134.png,000000009448__Ukiyo_e__kitagawa-utamaro_not_detected_233134,000000009448,Ukiyo_e__kitagawa-utamaro_not_detected_233134,0.47817564010620117,0.5177220106124878,0.5635515776537395,1.4370110034942627,1.0400824546813965
ccstytr,000000072795__Abstract_Expressionism__paul-jenkins_not_detected_235703.png,000000072795__Abstract_Expressionism__paul-jenkins_not_detected_235703,000000072795,Abstract_Expressionism__paul-jenkins_not_detected_235703,0.5779359340667725,0.33092057704925537,0.5114111530817157,1.3459844589233398,1.3954026699066162
ccstytr,000000072795__Art_Nouveau_Modern__nicholas-roerich_oze-1914.png,000000072795__Art_Nouveau_Modern__nicholas-roerich_oze-1914,000000072795,Art_Nouveau_Modern__nicholas-roerich_oze-1914,0.626858651638031,0.32396072149276733,0.6593702473843797,0.9337610006332397,1.0541188716888428
ccstytr,000000072795__Baroque__rembrandt_portrait-of-nicolas-van-bambeeck-1641.png,000000072795__Baroque__rembrandt_portrait-of-nicolas-van-bambeeck-1641,000000072795,Baroque__rembrandt_portrait-of-nicolas-van-bambeeck-1641,0.47346267104148865,0.3607856035232544,0.5717023217845799,1.1039772033691406,0.6874682903289795
ccstytr,000000072795__Color_Field_Painting__leon-berkowitz_dark-light-rose-gold-1978.png,000000072795__Color_Field_Painting__leon-berkowitz_dark-light-rose-gold-1978,000000072795,Color_Field_Painting__leon-berkowitz_dark-light-rose-gold-1978,0.3369195759296417,0.7956061363220215,0.36135080716040757,2.3532276153564453,0.8083950877189636
ccstytr,000000072795__Cubism__salvador-dali_cubist-composition-portrait-of-a-seated-person-holding-a-letter.png,000000072795__Cubism__salvador-dali_cubist-composition-portrait-of-a-seated-person-holding-a-letter,000000072795,Cubism__salvador-dali_cubist-composition-portrait-of-a-seated-person-holding-a-letter,0.4951135218143463,0.4827708601951599,0.5250367486055634,1.1895124912261963,0.8090215921401978
ccstytr,000000072795__Early_Renaissance__pietro-perugino_st-jerome-who-attends-two-unfairly-hanged-1473.png,000000072795__Early_Renaissance__pietro-perugino_st-jerome-who-attends-two-unfairly-hanged-1473,000000072795,Early_Renaissance__pietro-perugino_st-jerome-who-attends-two-unfairly-hanged-1473,0.6424273252487183,0.35815274715423584,0.6366956084740409,1.275381088256836,1.3084123134613037
ccstytr,000000072795__Expressionism__amedeo-modigliani_germaine-survage-with-earrings-1918.png,000000072795__Expressionism__amedeo-modigliani_germaine-survage-with-earrings-1918,000000072795,Expressionism__amedeo-modigliani_germaine-survage-with-earrings-1918,0.5714008808135986,0.4731764793395996,0.5736224071738435,1.2536523342132568,0.8466436862945557
ccstytr,000000072795__High_Renaissance__raphael_madonna-and-child-enthroned-with-saints-1505.png,000000072795__High_Renaissance__raphael_madonna-and-child-enthroned-with-saints-1505,000000072795,High_Renaissance__raphael_madonna-and-child-enthroned-with-saints-1505,0.633847177028656,0.34452980756759644,0.6270216025625153,1.460044026374817,1.5403752326965332
ccstytr,000000072795__Impressionism__pierre-auguste-renoir_leaving-the-bath-1890.png,000000072795__Impressionism__pierre-auguste-renoir_leaving-the-bath-1890,000000072795,Impressionism__pierre-auguste-renoir_leaving-the-bath-1890,0.4740261137485504,0.47403568029403687,0.48295868842588935,1.5183119773864746,0.6888777017593384
ccstytr,000000072795__Mannerism_Late_Renaissance__tintoretto_st-mark-rescuing-a-saracen-from-shipwreck-1566.png,000000072795__Mannerism_Late_Renaissance__tintoretto_st-mark-rescuing-a-saracen-from-shipwreck-1566,000000072795,Mannerism_Late_Renaissance__tintoretto_st-mark-rescuing-a-saracen-from-shipwreck-1566,0.7667142748832703,0.2964588701725006,0.7434654554203696,1.0258891582489014,1.1397117376327515
ccstytr,000000072795__Minimalism__mario-schifano_untitled-1963.png,000000072795__Minimalism__mario-schifano_untitled-1963,000000072795,Minimalism__mario-schifano_untitled-1963,0.26806703209877014,0.8261067867279053,0.2562699504051779,1.9690964221954346,1.256136178970337
ccstytr,000000072795__Naive_Art_Primitivism__marc-chagall_the-young-samuel-the-priest-s-servant-heard-that-he-is-called-by-god-eli-and-he-were-sleeping.png,000000072795__Naive_Art_Primitivism__marc-chagall_the-young-samuel-the-priest-s-servant-heard-that-he-is-called-by-god-eli-and-he-were-sleeping,000000072795,Naive_Art_Primitivism__marc-chagall_the-young-samuel-the-priest-s-servant-heard-that-he-is-called-by-god-eli-and-he-were-sleeping,0.5041511654853821,0.40298914909362793,0.5411214406158711,1.3872491121292114,0.8178308606147766
ccstytr,000000072795__Northern_Renaissance__albrecht-durer_lamentation-over-christ-1507.png,000000072795__Northern_Renaissance__albrecht-durer_lamentation-over-christ-1507,000000072795,Northern_Renaissance__albrecht-durer_lamentation-over-christ-1507,0.4570619761943817,0.45403048396110535,0.42751437696201894,1.8755016326904297,1.2478656768798828
ccstytr,000000072795__Pop_Art__peter-max_composition-red-green-1979.png,000000072795__Pop_Art__peter-max_composition-red-green-1979,000000072795,Pop_Art__peter-max_composition-red-green-1979,0.29945090413093567,0.4618721306324005,0.3517362504781215,2.0514087677001953,1.877825379371643
ccstytr,000000072795__Post_Impressionism__vincent-van-gogh_restaurant-de-la-sirene-at-asnieres-1887.png,000000072795__Post_Impressionism__vincent-van-gogh_restaurant-de-la-sirene-at-asnieres-1887,000000072795,Post_Impressionism__vincent-van-gogh_restaurant-de-la-sirene-at-asnieres-1887,0.5180755853652954,0.5219331383705139,0.5175249424752056,1.7342965602874756,1.1669068336486816
ccstytr,000000072795__Realism__vincent-van-gogh_cottage-with-peasant-coming-home-1885(1).png,000000072795__Realism__vincent-van-gogh_cottage-with-peasant-coming-home-1885(1),000000072795,Realism__vincent-van-gogh_cottage-with-peasant-coming-home-1885(1),0.6172897815704346,0.2827754020690918,0.6759426254255629,1.0060207843780518,0.7200415134429932
ccstytr,000000072795__Rococo__dmitry-levitzky_portrait-of-baron-a-n-stroganoff.png,000000072795__Rococo__dmitry-levitzky_portrait-of-baron-a-n-stroganoff,000000072795,Rococo__dmitry-levitzky_portrait-of-baron-a-n-stroganoff,0.4859633147716522,0.354539155960083,0.6022884514588897,1.0913805961608887,0.8432402610778809
ccstytr,000000072795__Romanticism__gustave-dore_paradise-lost-4.png,000000072795__Romanticism__gustave-dore_paradise-lost-4,000000072795,Romanticism__gustave-dore_paradise-lost-4,0.7314877510070801,0.28458601236343384,0.7500236692533798,1.0121920108795166,1.0788533687591553
ccstytr,000000072795__Symbolism__nicholas-roerich_language-of-forest-1922.png,000000072795__Symbolism__nicholas-roerich_language-of-forest-1922,000000072795,Symbolism__nicholas-roerich_language-of-forest-1922,0.6094537973403931,0.3961254358291626,0.6613504281722999,1.3691809177398682,1.395884394645691
ccstytr,000000072795__Ukiyo_e__kitagawa-utamaro_not_detected_233134.png,000000072795__Ukiyo_e__kitagawa-utamaro_not_detected_233134,000000072795,Ukiyo_e__kitagawa-utamaro_not_detected_233134,0.40007659792900085,0.5209982395172119,0.44312721581673165,1.9005314111709595,1.4417471885681152
ccstytr,000000078420__Abstract_Expressionism__paul-jenkins_not_detected_235703.png,000000078420__Abstract_Expressionism__paul-jenkins_not_detected_235703,000000078420,Abstract_Expressionism__paul-jenkins_not_detected_235703,0.7618298530578613,0.3502867519855499,0.798027649686474,1.0463104248046875,1.2528626918792725
ccstytr,000000078420__Art_Nouveau_Modern__nicholas-roerich_oze-1914.png,000000078420__Art_Nouveau_Modern__nicholas-roerich_oze-1914,000000078420,Art_Nouveau_Modern__nicholas-roerich_oze-1914,0.6934013366699219,0.37822169065475464,0.7280128537459248,1.155839443206787,1.0378737449645996
ccstytr,000000078420__Baroque__rembrandt_portrait-of-nicolas-van-bambeeck-1641.png,000000078420__Baroque__rembrandt_portrait-of-nicolas-van-bambeeck-1641,000000078420,Baroque__rembrandt_portrait-of-nicolas-van-bambeeck-1641,0.6008833050727844,0.4166747033596039,0.6652174886571808,1.2103352546691895,0.8977373242378235
ccstytr,000000078420__Color_Field_Painting__leon-berkowitz_dark-light-rose-gold-1978.png,000000078420__Color_Field_Painting__leon-berkowitz_dark-light-rose-gold-1978,000000078420,Color_Field_Painting__leon-berkowitz_dark-light-rose-gold-1978,0.48067712783813477,0.6383742094039917,0.502728247707088,2.3007843494415283,0.9078580737113953
ccstytr,000000078420__Cubism__salvador-dali_cubist-composition-portrait-of-a-seated-person-holding-a-letter.png,000000078420__Cubism__salvador-dali_cubist-composition-portrait-of-a-seated-person-holding-a-letter,000000078420,Cubism__salvador-dali_cubist-composition-portrait-of-a-seated-person-holding-a-letter,0.6558637619018555,0.601017951965332,0.7530815124637692,1.150816798210144,0.6757172346115112
ccstytr,000000078420__Early_Renaissance__pietro-perugino_st-jerome-who-attends-two-unfairly-hanged-1473.png,000000078420__Early_Renaissance__pietro-perugino_st-jerome-who-attends-two-unfairly-hanged-1473,000000078420,Early_Renaissance__pietro-perugino_st-jerome-who-attends-two-unfairly-hanged-1473,0.6403041481971741,0.3878207802772522,0.5635048729176829,1.6246240139007568,1.0342199802398682
ccstytr,000000078420__Expressionism__amedeo-modigliani_germaine-survage-with-earrings-1918.png,000000078420__Expressionism__amedeo-modigliani_germaine-survage-with-earrings-1918,000000078420,Expressionism__amedeo-modigliani_germaine-survage-with-earrings-1918,0.7068893313407898,0.3859335482120514,0.6962726296989898,1.2605438232421875,0.837920069694519
ccstytr,000000078420__High_Renaissance__raphael_madonna-and-child-enthroned-with-saints-1505.png,000000078420__High_Renaissance__raphael_madonna-and-child-enthroned-with-saints-1505,000000078420,High_Renaissance__raphael_madonna-and-child-enthroned-with-saints-1505,0.6641286015510559,0.3678103983402252,0.6042777072302444,1.6012463569641113,1.9181835651397705
ccstytr,000000078420__Impressionism__pierre-auguste-renoir_leaving-the-bath-1890.png,000000078420__Impressionism__pierre-auguste-renoir_leaving-the-bath-1890,000000078420,Impressionism__pierre-auguste-renoir_leaving-the-bath-1890,0.6065264344215393,0.42322900891304016,0.635452234459966,1.5354617834091187,0.8513602018356323
ccstytr,000000078420__Mannerism_Late_Renaissance__tintoretto_st-mark-rescuing-a-saracen-from-shipwreck-1566.png,000000078420__Mannerism_Late_Renaissance__tintoretto_st-mark-rescuing-a-saracen-from-shipwreck-1566,000000078420,Mannerism_Late_Renaissance__tintoretto_st-mark-rescuing-a-saracen-from-shipwreck-1566,0.6679179072380066,0.35361018776893616,0.5901200804876711,1.449758768081665,1.4547481536865234
ccstytr,000000078420__Minimalism__mario-schifano_untitled-1963.png,000000078420__Minimalism__mario-schifano_untitled-1963,000000078420,Minimalism__mario-schifano_untitled-1963,0.441904217004776,0.7467445135116577,0.547916654633614,1.965325951576233,1.3706445693969727
ccstytr,000000078420__Naive_Art_Primitivism__marc-chagall_the-young-samuel-the-priest-s-servant-heard-that-he-is-called-by-god-eli-and-he-were-sleeping.png,000000078420__Naive_Art_Primitivism__marc-chagall_the-young-samuel-the-priest-s-servant-heard-that-he-is-called-by-god-eli-and-he-were-sleeping,000000078420,Naive_Art_Primitivism__marc-chagall_the-young-samuel-the-priest-s-servant-heard-that-he-is-called-by-god-eli-and-he-were-sleeping,0.4544529914855957,0.493740439414978,0.4096441065693001,1.8293497562408447,0.7060530185699463
ccstytr,000000078420__Northern_Renaissance__albrecht-durer_lamentation-over-christ-1507.png,000000078420__Northern_Renaissance__albrecht-durer_lamentation-over-christ-1507,000000078420,Northern_Renaissance__albrecht-durer_lamentation-over-christ-1507,0.4124602973461151,0.5011504292488098,0.3077592253419391,1.8765394687652588,1.3088289499282837
ccstytr,000000078420__Pop_Art__peter-max_composition-red-green-1979.png,000000078420__Pop_Art__peter-max_composition-red-green-1979,000000078420,Pop_Art__peter-max_composition-red-green-1979,0.4780513346195221,0.4061310887336731,0.6477310448610388,1.8073660135269165,1.7892855405807495
ccstytr,000000078420__Post_Impressionism__vincent-van-gogh_restaurant-de-la-sirene-at-asnieres-1887.png,000000078420__Post_Impressionism__vincent-van-gogh_restaurant-de-la-sirene-at-asnieres-1887,000000078420,Post_Impressionism__vincent-van-gogh_restaurant-de-la-sirene-at-asnieres-1887,0.4759519100189209,0.5004408359527588,0.37775210241118984,2.0156946182250977,1.0903115272521973
ccstytr,000000078420__Realism__vincent-van-gogh_cottage-with-peasant-coming-home-1885(1).png,000000078420__Realism__vincent-van-gogh_cottage-with-peasant-coming-home-1885(1),000000078420,Realism__vincent-van-gogh_cottage-with-peasant-coming-home-1885(1),0.6535806655883789,0.3651880919933319,0.6431202061791625,1.2874823808670044,0.7566455602645874
ccstytr,000000078420__Rococo__dmitry-levitzky_portrait-of-baron-a-n-stroganoff.png,000000078420__Rococo__dmitry-levitzky_portrait-of-baron-a-n-stroganoff,000000078420,Rococo__dmitry-levitzky_portrait-of-baron-a-n-stroganoff,0.6200928688049316,0.3485342860221863,0.6992812656586206,1.116511344909668,0.8938223123550415
ccstytr,000000078420__Romanticism__gustave-dore_paradise-lost-4.png,000000078420__Romanticism__gustave-dore_paradise-lost-4,000000078420,Romanticism__gustave-dore_paradise-lost-4,0.6378242373466492,0.42753344774246216,0.556720965179148,1.3512687683105469,1.2666354179382324
ccstytr,000000078420__Symbolism__nicholas-roerich_language-of-forest-1922.png,000000078420__Symbolism__nicholas-roerich_language-of-forest-1922,000000078420,Symbolism__nicholas-roerich_language-of-forest-1922,0.6159012913703918,0.4272705018520355,0.5767553173299786,1.669159173965454,1.0998799800872803
ccstytr,000000078420__Ukiyo_e__kitagawa-utamaro_not_detected_233134.png,000000078420__Ukiyo_e__kitagawa-utamaro_not_detected_233134,000000078420,Ukiyo_e__kitagawa-utamaro_not_detected_233134,0.5231190919876099,0.39264869689941406,0.6156747679256689,1.5994020700454712,1.0360376834869385
ccstytr,000000085682__Abstract_Expressionism__paul-jenkins_not_detected_235703.png,000000085682__Abstract_Expressionism__paul-jenkins_not_detected_235703,000000085682,Abstract_Expressionism__paul-jenkins_not_detected_235703,0.7915444374084473,0.3068731427192688,0.701342394708668,1.3982455730438232,1.0132648944854736
ccstytr,000000085682__Art_Nouveau_Modern__nicholas-roerich_oze-1914.png,000000085682__Art_Nouveau_Modern__nicholas-roerich_oze-1914,000000085682,Art_Nouveau_Modern__nicholas-roerich_oze-1914,0.7796089053153992,0.4084222912788391,0.7434168309314482,1.3478796482086182,1.1291706562042236
ccstytr,000000085682__Baroque__rembrandt_portrait-of-nicolas-van-bambeeck-1641.png,000000085682__Baroque__rembrandt_portrait-of-nicolas-van-bambeeck-1641,000000085682,Baroque__rembrandt_portrait-of-nicolas-van-bambeeck-1641,0.5777814984321594,0.5250859260559082,0.6362756783717021,1.2483839988708496,0.6621204614639282
ccstytr,000000085682__Color_Field_Painting__leon-berkowitz_dark-light-rose-gold-1978.png,000000085682__Color_Field_Painting__leon-berkowitz_dark-light-rose-gold-1978,000000085682,Color_Field_Painting__leon-berkowitz_dark-light-rose-gold-1978,0.5215835571289062,0.744124174118042,0.41269872954081155,2.258012056350708,0.795865535736084
ccstytr,000000085682__Cubism__salvador-dali_cubist-composition-portrait-of-a-seated-person-holding-a-letter.png,000000085682__Cubism__salvador-dali_cubist-composition-portrait-of-a-seated-person-holding-a-letter,000000085682,Cubism__salvador-dali_cubist-composition-portrait-of-a-seated-person-holding-a-letter,0.7278067469596863,0.6299538612365723,0.6341338041573652,1.3883073329925537,0.7903404831886292
ccstytr,000000085682__Early_Renaissance__pietro-perugino_st-jerome-who-attends-two-unfairly-hanged-1473.png,000000085682__Early_Renaissance__pietro-perugino_st-jerome-who-attends-two-unfairly-hanged-1473,000000085682,Early_Renaissance__pietro-perugino_st-jerome-who-attends-two-unfairly-hanged-1473,0.7127688527107239,0.4689962565898895,0.6082284510624876,1.4116908311843872,1.0966453552246094
ccstytr,000000085682__Expressionism__amedeo-modigliani_germaine-survage-with-earrings-1918.png,000000085682__Expressionism__amedeo-modigliani_germaine-survage-with-earrings-1918,000000085682,Expressionism__amedeo-modigliani_germaine-survage-with-earrings-1918,0.6814229488372803,0.652166485786438,0.6287207504489617,1.410872459411621,0.6899651288986206
ccstytr,000000085682__High_Renaissance__raphael_madonna-and-child-enthroned-with-saints-1505.png,000000085682__High_Renaissance__raphael_madonna-and-child-enthroned-with-saints-1505,000000085682,High_Renaissance__raphael_madonna-and-child-enthroned-with-saints-1505,0.681100070476532,0.49168431758880615,0.5803843772633002,1.8924716711044312,1.7012611627578735
ccstytr,000000085682__Impressionism__pierre-auguste-renoir_leaving-the-bath-1890.png,000000085682__Impressionism__pierre-auguste-renoir_leaving-the-bath-1890,000000085682,Impressionism__pierre-auguste-renoir_leaving-the-bath-1890,0.6411722302436829,0.6178258657455444,0.5315460776048315,1.6514922380447388,0.7081429958343506
ccstytr,000000085682__Mannerism_Late_Renaissance__tintoretto_st-mark-rescuing-a-saracen-from-shipwreck-1566.png,000000085682__Mannerism_Late_Renaissance__tintoretto_st-mark-rescuing-a-saracen-from-shipwreck-1566,000000085682,Mannerism_Late_Renaissance__tintoretto_st-mark-rescuing-a-saracen-from-shipwreck-1566,0.6242620944976807,0.5008527040481567,0.5398782312831777,1.6546943187713623,0.9750291109085083
ccstytr,000000085682__Minimalism__mario-schifano_untitled-1963.png,000000085682__Minimalism__mario-schifano_untitled-1963,000000085682,Minimalism__mario-schifano_untitled-1963,0.4945615530014038,0.9114943742752075,0.49550160878044774,1.9756364822387695,1.1450302600860596
ccstytr,000000085682__Naive_Art_Primitivism__marc-chagall_the-young-samuel-the-priest-s-servant-heard-that-he-is-called-by-god-eli-and-he-were-sleeping.png,000000085682__Naive_Art_Primitivism__marc-chagall_the-young-samuel-the-priest-s-servant-heard-that-he-is-called-by-god-eli-and-he-were-sleeping,000000085682,Naive_Art_Primitivism__marc-chagall_the-young-samuel-the-priest-s-servant-heard-that-he-is-called-by-god-eli-and-he-were-sleeping,0.589749276638031,0.4456631541252136,0.5424048846200814,1.3519806861877441,0.6047168970108032
ccstytr,000000085682__Northern_Renaissance__albrecht-durer_lamentation-over-christ-1507.png,000000085682__Northern_Renaissance__albrecht-durer_lamentation-over-christ-1507,000000085682,Northern_Renaissance__albrecht-durer_lamentation-over-christ-1507,0.45939016342163086,0.506217360496521,0.4193099951388645,2.0976362228393555,1.1850917339324951
ccstytr,000000085682__Pop_Art__peter-max_composition-red-green-1979.png,000000085682__Pop_Art__peter-max_composition-red-green-1979,000000085682,Pop_Art__peter-max_composition-red-green-1979,0.5535987615585327,0.5261619091033936,0.6035804174859516,2.155937910079956,1.8561300039291382
ccstytr,000000085682__Post_Impressionism__vincent-van-gogh_restaurant-de-la-sirene-at-asnieres-1887.png,000000085682__Post_Impressionism__vincent-van-gogh_restaurant-de-la-sirene-at-asnieres-1887,000000085682,Post_Impressionism__vincent-van-gogh_restaurant-de-la-sirene-at-asnieres-1887,0.5560670495033264,0.5975581407546997,0.49065857921420364,1.7598727941513062,0.8178157210350037
ccstytr,000000085682__Realism__vincent-van-gogh_cottage-with-peasant-coming-home-1885(1).png,000000085682__Realism__vincent-van-gogh_cottage-with-peasant-coming-home-1885(1),000000085682,Realism__vincent-van-gogh_cottage-with-peasant-coming-home-1885(1),0.751582682132721,0.4114101231098175,0.6580300777252941,1.0978602170944214,0.46628183126449585
ccstytr,000000085682__Rococo__dmitry-levitzky_portrait-of-baron-a-n-stroganoff.png,000000085682__Rococo__dmitry-levitzky_portrait-of-baron-a-n-stroganoff,000000085682,Rococo__dmitry-levitzky_portrait-of-baron-a-n-stroganoff,0.5865945219993591,0.5415005087852478,0.6867990510478903,1.3213948011398315,0.6720519065856934
ccstytr,000000085682__Romanticism__gustave-dore_paradise-lost-4.png,000000085682__Romanticism__gustave-dore_paradise-lost-4,000000085682,Romanticism__gustave-dore_paradise-lost-4,0.6456983685493469,0.4074593186378479,0.553249063993854,1.2112562656402588,0.9623575806617737
ccstytr,000000085682__Symbolism__nicholas-roerich_language-of-forest-1922.png,000000085682__Symbolism__nicholas-roerich_language-of-forest-1922,000000085682,Symbolism__nicholas-roerich_language-of-forest-1922,0.667168378829956,0.491946280002594,0.5807860703130849,1.629008412361145,0.9524122476577759
ccstytr,000000085682__Ukiyo_e__kitagawa-utamaro_not_detected_233134.png,000000085682__Ukiyo_e__kitagawa-utamaro_not_detected_233134,000000085682,Ukiyo_e__kitagawa-utamaro_not_detected_233134,0.5834906697273254,0.6152515411376953,0.5571704128256082,1.9778892993927002,1.4278395175933838
ccstytr,000000094157__Abstract_Expressionism__paul-jenkins_not_detected_235703.png,000000094157__Abstract_Expressionism__paul-jenkins_not_detected_235703,000000094157,Abstract_Expressionism__paul-jenkins_not_detected_235703,0.6487187743186951,0.42958828806877136,0.531059362020275,1.6198409795761108,1.218018889427185
ccstytr,000000094157__Art_Nouveau_Modern__nicholas-roerich_oze-1914.png,000000094157__Art_Nouveau_Modern__nicholas-roerich_oze-1914,000000094157,Art_Nouveau_Modern__nicholas-roerich_oze-1914,0.6682755351066589,0.4241426885128021,0.5852394416585175,1.4285820722579956,0.9196574687957764
ccstytr,000000094157__Baroque__rembrandt_portrait-of-nicolas-van-bambeeck-1641.png,000000094157__Baroque__rembrandt_portrait-of-nicolas-van-bambeeck-1641,000000094157,Baroque__rembrandt_portrait-of-nicolas-van-bambeeck-1641,0.4481460750102997,0.526035487651825,0.49015912854618826,1.2538716793060303,0.6866135597229004
ccstytr,000000094157__Color_Field_Painting__leon-berkowitz_dark-light-rose-gold-1978.png,000000094157__Color_Field_Painting__leon-berkowitz_dark-light-rose-gold-1978,000000094157,Color_Field_Painting__leon-berkowitz_dark-light-rose-gold-1978,0.5332306623458862,0.6980642080307007,0.36218677247697817,2.0093233585357666,0.8204848766326904
ccstytr,000000094157__Cubism__salvador-dali_cubist-composition-portrait-of-a-seated-person-holding-a-letter.png,000000094157__Cubism__salvador-dali_cubist-composition-portrait-of-a-seated-person-holding-a-letter,000000094157,Cubism__salvador-dali_cubist-composition-portrait-of-a-seated-person-holding-a-letter,0.6774742007255554,0.6379654407501221,0.5425901885324896,1.3348069190979004,0.8564602136611938
ccstytr,000000094157__Early_Renaissance__pietro-perugino_st-jerome-who-attends-two-unfairly-hanged-1473.png,000000094157__Early_Renaissance__pietro-perugino_st-jerome-who-attends-two-unfairly-hanged-1473,000000094157,Early_Renaissance__pietro-perugino_st-jerome-who-attends-two-unfairly-hanged-1473,0.6233623027801514,0.47250136733055115,0.4727934246353433,1.5657832622528076,1.3505784273147583
ccstytr,000000094157__Expressionism__amedeo-modigliani_germaine-survage-with-earrings-1918.png,000000094157__Expressionism__amedeo-modigliani_germaine-survage-with-earrings-1918,000000094157,Expressionism__amedeo-modigliani_germaine-survage-with-earrings-1918,0.6358516812324524,0.6150668859481812,0.5077365354421622,1.5526599884033203,0.8041497468948364
ccstytr,000000094157__High_Renaissance__raphael_madonna-and-child-enthroned-with-saints-1505.png,000000094157__High_Renaissance__raphael_madonna-and-child-enthroned-with-saints-1505,000000094157,High_Renaissance__raphael_madonna-and-child-enthroned-with-saints-1505,0.6614287495613098,0.44706857204437256,0.5721884517174685,1.6730999946594238,1.4148495197296143
ccstytr,000000094157__Impressionism__pierre-auguste-renoir_leaving-the-bath-1890.png,000000094157__Impressionism__pierre-auguste-renoir_leaving-the-bath-1890,000000094157,Impressionism__pierre-auguste-renoir_leaving-the-bath-1890,0.6233329772949219,0.5653195977210999,0.43736483748283106,1.621354103088379,0.7180033922195435
ccstytr,000000094157__Mannerism_Late_Renaissance__tintoretto_st-mark-rescuing-a-saracen-from-shipwreck-1566.png,000000094157__Mannerism_Late_Renaissance__tintoretto_st-mark-rescuing-a-saracen-from-shipwreck-1566,000000094157,Mannerism_Late_Renaissance__tintoretto_st-mark-rescuing-a-saracen-from-shipwreck-1566,0.5146645903587341,0.49458807706832886,0.4414706883199263,1.756958246231079,1.036668062210083
ccstytr,000000094157__Minimalism__mario-schifano_untitled-1963.png,000000094157__Minimalism__mario-schifano_untitled-1963,000000094157,Minimalism__mario-schifano_untitled-1963,0.587451159954071,0.8127184510231018,0.5628566006476783,1.5963823795318604,1.076313853263855
ccstytr,000000094157__Naive_Art_Primitivism__marc-chagall_the-young-samuel-the-priest-s-servant-heard-that-he-is-called-by-god-eli-and-he-were-sleeping.png,000000094157__Naive_Art_Primitivism__marc-chagall_the-young-samuel-the-priest-s-servant-heard-that-he-is-called-by-god-eli-and-he-were-sleeping,000000094157,Naive_Art_Primitivism__marc-chagall_the-young-samuel-the-priest-s-servant-heard-that-he-is-called-by-god-eli-and-he-were-sleeping,0.5941935181617737,0.4373811185359955,0.4456190810623144,1.3162760734558105,0.7617368102073669
ccstytr,000000094157__Northern_Renaissance__albrecht-durer_lamentation-over-christ-1507.png,000000094157__Northern_Renaissance__albrecht-durer_lamentation-over-christ-1507,000000094157,Northern_Renaissance__albrecht-durer_lamentation-over-christ-1507,0.4772104322910309,0.512664258480072,0.3656235722315735,2.035083055496216,1.2031950950622559
ccstytr,000000094157__Pop_Art__peter-max_composition-red-green-1979.png,000000094157__Pop_Art__peter-max_composition-red-green-1979,000000094157,Pop_Art__peter-max_composition-red-green-1979,0.6153717041015625,0.4574553370475769,0.576583604507687,2.1335670948028564,1.6180813312530518
ccstytr,000000094157__Post_Impressionism__vincent-van-gogh_restaurant-de-la-sirene-at-asnieres-1887.png,000000094157__Post_Impressionism__vincent-van-gogh_restaurant-de-la-sirene-at-asnieres-1887,000000094157,Post_Impressionism__vincent-van-gogh_restaurant-de-la-sirene-at-asnieres-1887,0.5746493935585022,0.5646681189537048,0.4053690398374729,1.6408264636993408,1.0030920505523682
ccstytr,000000094157__Realism__vincent-van-gogh_cottage-with-peasant-coming-home-1885(1).png,000000094157__Realism__vincent-van-gogh_cottage-with-peasant-coming-home-1885(1),000000094157,Realism__vincent-van-gogh_cottage-with-peasant-coming-home-1885(1),0.7567198872566223,0.37957024574279785,0.5625610598175089,1.061014175415039,0.7063170671463013
ccstytr,000000094157__Rococo__dmitry-levitzky_portrait-of-baron-a-n-stroganoff.png,000000094157__Rococo__dmitry-levitzky_portrait-of-baron-a-n-stroganoff,000000094157,Rococo__dmitry-levitzky_portrait-of-baron-a-n-stroganoff,0.46287813782691956,0.5177769660949707,0.5252642588337729,1.3762085437774658,0.7503063082695007
ccstytr,000000094157__Romanticism__gustave-dore_paradise-lost-4.png,000000094157__Romanticism__gustave-dore_paradise-lost-4,000000094157,Romanticism__gustave-dore_paradise-lost-4,0.48092159628868103,0.4485187828540802,0.45994873935818537,1.3219590187072754,1.0341013669967651
ccstytr,000000094157__Symbolism__nicholas-roerich_language-of-forest-1922.png,000000094157__Symbolism__nicholas-roerich_language-of-forest-1922,000000094157,Symbolism__nicholas-roerich_language-of-forest-1922,0.6225166916847229,0.4582887887954712,0.48307047487218,1.629613995552063,1.281200647354126
ccstytr,000000094157__Ukiyo_e__kitagawa-utamaro_not_detected_233134.png,000000094157__Ukiyo_e__kitagawa-utamaro_not_detected_233134,000000094157,Ukiyo_e__kitagawa-utamaro_not_detected_233134,0.6240609288215637,0.5760173797607422,0.4903027574724283,2.02783203125,1.5847148895263672
ccstytr,000000098633__Abstract_Expressionism__paul-jenkins_not_detected_235703.png,000000098633__Abstract_Expressionism__paul-jenkins_not_detected_235703,000000098633,Abstract_Expressionism__paul-jenkins_not_detected_235703,0.8118932247161865,0.28785252571105957,0.8722439182086762,0.9546472430229187,1.029134750366211
ccstytr,000000098633__Art_Nouveau_Modern__nicholas-roerich_oze-1914.png,000000098633__Art_Nouveau_Modern__nicholas-roerich_oze-1914,000000098633,Art_Nouveau_Modern__nicholas-roerich_oze-1914,0.7187841534614563,0.3501717746257782,0.6720071582253754,1.1984726190567017,0.74040687084198
ccstytr,000000098633__Baroque__rembrandt_portrait-of-nicolas-van-bambeeck-1641.png,000000098633__Baroque__rembrandt_portrait-of-nicolas-van-bambeeck-1641,000000098633,Baroque__rembrandt_portrait-of-nicolas-van-bambeeck-1641,0.6884061694145203,0.4222077429294586,0.7119591888446245,1.105410099029541,0.5563037991523743
ccstytr,000000098633__Color_Field_Painting__leon-berkowitz_dark-light-rose-gold-1978.png,000000098633__Color_Field_Painting__leon-berkowitz_dark-light-rose-gold-1978,000000098633,Color_Field_Painting__leon-berkowitz_dark-light-rose-gold-1978,0.5713105797767639,0.6235727667808533,0.6025688677426683,1.9175187349319458,0.9189842939376831
ccstytr,000000098633__Cubism__salvador-dali_cubist-composition-portrait-of-a-seated-person-holding-a-letter.png,000000098633__Cubism__salvador-dali_cubist-composition-portrait-of-a-seated-person-holding-a-letter,000000098633,Cubism__salvador-dali_cubist-composition-portrait-of-a-seated-person-holding-a-letter,0.7388116717338562,0.5911474227905273,0.8291303838927326,1.0984976291656494,0.499724805355072
ccstytr,000000098633__Early_Renaissance__pietro-perugino_st-jerome-who-attends-two-unfairly-hanged-1473.png,000000098633__Early_Renaissance__pietro-perugino_st-jerome-who-attends-two-unfairly-hanged-1473,000000098633,Early_Renaissance__pietro-perugino_st-jerome-who-attends-two-unfairly-hanged-1473,0.6079491972923279,0.3798714280128479,0.530985081575718,1.4755818843841553,0.9519310593605042
ccstytr,000000098633__Expressionism__amedeo-modigliani_germaine-survage-with-earrings-1918.png,000000098633__Expressionism__amedeo-modigliani_germaine-survage-with-earrings-1918,000000098633,Expressionism__amedeo-modigliani_germaine-survage-with-earrings-1918,0.7503884434700012,0.4485562741756439,0.7164257601596725,1.0265755653381348,0.5632593035697937
ccstytr,000000098633__High_Renaissance__raphael_madonna-and-child-enthroned-with-saints-1505.png,000000098633__High_Renaissance__raphael_madonna-and-child-enthroned-with-saints-1505,000000098633,High_Renaissance__raphael_madonna-and-child-enthroned-with-saints-1505,0.6114601492881775,0.3928370177745819,0.5629102141001465,1.6752907037734985,1.3732635974884033
ccstytr,000000098633__Impressionism__pierre-auguste-renoir_leaving-the-bath-1890.png,000000098633__Impressionism__pierre-auguste-renoir_leaving-the-bath-1890,000000098633,Impressionism__pierre-auguste-renoir_leaving-the-bath-1890,0.666222870349884,0.4377480745315552,0.6950455959786064,1.284452199935913,0.5700350999832153
ccstytr,000000098633__Mannerism_Late_Renaissance__tintoretto_st-mark-rescuing-a-saracen-from-shipwreck-1566.png,000000098633__Mannerism_Late_Renaissance__tintoretto_st-mark-rescuing-a-saracen-from-shipwreck-1566,000000098633,Mannerism_Late_Renaissance__tintoretto_st-mark-rescuing-a-saracen-from-shipwreck-1566,0.5929415822029114,0.39686059951782227,0.498048490561599,1.4853696823120117,0.8181679248809814
ccstytr,000000098633__Minimalism__mario-schifano_untitled-1963.png,000000098633__Minimalism__mario-schifano_untitled-1963,000000098633,Minimalism__mario-schifano_untitled-1963,0.547875702381134,0.7923331260681152,0.7038655214563574,1.7449121475219727,1.2596275806427002
ccstytr,000000098633__Naive_Art_Primitivism__marc-chagall_the-young-samuel-the-priest-s-servant-heard-that-he-is-called-by-god-eli-and-he-were-sleeping.png,000000098633__Naive_Art_Primitivism__marc-chagall_the-young-samuel-the-priest-s-servant-heard-that-he-is-called-by-god-eli-and-he-were-sleeping,000000098633,Naive_Art_Primitivism__marc-chagall_the-young-samuel-the-priest-s-servant-heard-that-he-is-called-by-god-eli-and-he-were-sleeping,0.4320095479488373,0.514458417892456,0.35603710622987034,1.7688531875610352,0.5395393371582031
ccstytr,000000098633__Northern_Renaissance__albrecht-durer_lamentation-over-christ-1507.png,000000098633__Northern_Renaissance__albrecht-durer_lamentation-over-christ-1507,000000098633,Northern_Renaissance__albrecht-durer_lamentation-over-christ-1507,0.3594225347042084,0.5590522289276123,0.30852211160015397,2.170576333999634,1.1380671262741089
ccstytr,000000098633__Pop_Art__peter-max_composition-red-green-1979.png,000000098633__Pop_Art__peter-max_composition-red-green-1979,000000098633,Pop_Art__peter-max_composition-red-green-1979,0.5245065093040466,0.4250755310058594,0.6674161561195283,1.8049430847167969,1.5386441946029663
ccstytr,000000098633__Post_Impressionism__vincent-van-gogh_restaurant-de-la-sirene-at-asnieres-1887.png,000000098633__Post_Impressionism__vincent-van-gogh_restaurant-de-la-sirene-at-asnieres-1887,000000098633,Post_Impressionism__vincent-van-gogh_restaurant-de-la-sirene-at-asnieres-1887,0.4116484224796295,0.6174921989440918,0.31268131466670585,2.1579840183258057,1.0755982398986816
ccstytr,000000098633__Realism__vincent-van-gogh_cottage-with-peasant-coming-home-1885(1).png,000000098633__Realism__vincent-van-gogh_cottage-with-peasant-coming-home-1885(1),000000098633,Realism__vincent-van-gogh_cottage-with-peasant-coming-home-1885(1),0.6258043646812439,0.43127626180648804,0.5833499621599655,1.4854649305343628,0.44605839252471924
ccstytr,000000098633__Rococo__dmitry-levitzky_portrait-of-baron-a-n-stroganoff.png,000000098633__Rococo__dmitry-levitzky_portrait-of-baron-a-n-stroganoff,000000098633,Rococo__dmitry-levitzky_portrait-of-baron-a-n-stroganoff,0.7145213484764099,0.34898215532302856,0.7579843395492383,0.8716796636581421,0.6246872544288635
ccstytr,000000098633__Romanticism__gustave-dore_paradise-lost-4.png,000000098633__Romanticism__gustave-dore_paradise-lost-4,000000098633,Romanticism__gustave-dore_paradise-lost-4,0.6025483012199402,0.4517577886581421,0.45656625210668444,1.4630059003829956,0.9490721225738525
ccstytr,000000098633__Symbolism__nicholas-roerich_language-of-forest-1922.png,000000098633__Symbolism__nicholas-roerich_language-of-forest-1922,000000098633,Symbolism__nicholas-roerich_language-of-forest-1922,0.5728941559791565,0.45149514079093933,0.48040969365047387,1.7321621179580688,0.8559028506278992
ccstytr,000000098633__Ukiyo_e__kitagawa-utamaro_not_detected_233134.png,000000098633__Ukiyo_e__kitagawa-utamaro_not_detected_233134,000000098633,Ukiyo_e__kitagawa-utamaro_not_detected_233134,0.5209788084030151,0.4666261076927185,0.5895698277375093,1.6296989917755127,1.0844162702560425
ccstytr,000000106912__Abstract_Expressionism__paul-jenkins_not_detected_235703.png,000000106912__Abstract_Expressionism__paul-jenkins_not_detected_235703,000000106912,Abstract_Expressionism__paul-jenkins_not_detected_235703,0.7262781262397766,0.3722243905067444,0.7537683783630259,1.412636399269104,1.1115792989730835
ccstytr,000000106912__Art_Nouveau_Modern__nicholas-roerich_oze-1914.png,000000106912__Art_Nouveau_Modern__nicholas-roerich_oze-1914,000000106912,Art_Nouveau_Modern__nicholas-roerich_oze-1914,0.6850551962852478,0.43878570199012756,0.6522613729185412,1.393144130706787,1.0025595426559448
ccstytr,000000106912__Baroque__rembrandt_portrait-of-nicolas-van-bambeeck-1641.png,000000106912__Baroque__rembrandt_portrait-of-nicolas-van-bambeeck-1641,000000106912,Baroque__rembrandt_portrait-of-nicolas-van-bambeeck-1641,0.5476954579353333,0.4818744361400604,0.7209826153062275,1.0592944622039795,0.5868217945098877
ccstytr,000000106912__Color_Field_Painting__leon-berkowitz_dark-light-rose-gold-1978.png,000000106912__Color_Field_Painting__leon-berkowitz_dark-light-rose-gold-1978,000000106912,Color_Field_Painting__leon-berkowitz_dark-light-rose-gold-1978,0.6384541988372803,0.6179884076118469,0.5789895139854628,1.8501229286193848,0.7774529457092285
ccstytr,000000106912__Cubism__salvador-dali_cubist-composition-portrait-of-a-seated-person-holding-a-letter.png,000000106912__Cubism__salvador-dali_cubist-composition-portrait-of-a-seated-person-holding-a-letter,000000106912,Cubism__salvador-dali_cubist-composition-portrait-of-a-seated-person-holding-a-letter,0.7671831250190735,0.6123809814453125,0.7492235372093878,1.1961350440979004,0.764780580997467
ccstytr,000000106912__Early_Renaissance__pietro-perugino_st-jerome-who-attends-two-unfairly-hanged-1473.png,000000106912__Early_Renaissance__pietro-perugino_st-jerome-who-attends-two-unfairly-hanged-1473,000000106912,Early_Renaissance__pietro-perugino_st-jerome-who-attends-two-unfairly-hanged-1473,0.5614414811134338,0.5023537874221802,0.48534642724203697,1.7921923398971558,1.174210548400879
ccstytr,000000106912__Expressionism__amedeo-modigliani_germaine-survage-with-earrings-1918.png,000000106912__Expressionism__amedeo-modigliani_germaine-survage-with-earrings-1918,000000106912,Expressionism__amedeo-modigliani_germaine-survage-with-earrings-1918,0.6747074723243713,0.5775826573371887,0.6662330437100727,1.3742438554763794,0.7257953882217407
ccstytr,000000106912__High_Renaissance__raphael_madonna-and-child-enthroned-with-saints-1505.png,000000106912__High_Renaissance__raphael_madonna-and-child-enthroned-with-saints-1505,000000106912,High_Renaissance__raphael_madonna-and-child-enthroned-with-saints-1505,0.5780622959136963,0.49936652183532715,0.528333228616676,1.974090576171875,1.5353970527648926
ccstytr,000000106912__Impressionism__pierre-auguste-renoir_leaving-the-bath-1890.png,000000106912__Impressionism__pierre-auguste-renoir_leaving-the-bath-1890,000000106912,Impressionism__pierre-auguste-renoir_leaving-the-bath-1890,0.6837137341499329,0.5403439998626709,0.6310259765839505,1.4988853931427002,0.6420727968215942
ccstytr,000000106912__Mannerism_Late_Renaissance__tintoretto_st-mark-rescuing-a-saracen-from-shipwreck-1566.png,000000106912__Mannerism_Late_Renaissance__tintoretto_st-mark-rescuing-a-saracen-from-shipwreck-1566,000000106912,Mannerism_Late_Renaissance__tintoretto_st-mark-rescuing-a-saracen-from-shipwreck-1566,0.46527013182640076,0.5259997248649597,0.4783554432210777,1.8866963386535645,0.8944029211997986
ccstytr,000000106912__Minimalism__mario-schifano_untitled-1963.png,000000106912__Minimalism__mario-schifano_untitled-1963,000000106912,Minimalism__mario-schifano_untitled-1963,0.6935185790061951,0.7700411081314087,0.7541083386073055,1.3742210865020752,1.0170834064483643
ccstytr,000000106912__Naive_Art_Primitivism__marc-chagall_the-young-samuel-the-priest-s-servant-heard-that-he-is-called-by-god-eli-and-he-were-sleeping.png,000000106912__Naive_Art_Primitivism__marc-chagall_the-young-samuel-the-priest-s-servant-heard-that-he-is-called-by-god-eli-and-he-were-sleeping,000000106912,Naive_Art_Primitivism__marc-chagall_the-young-samuel-the-priest-s-servant-heard-that-he-is-called-by-god-eli-and-he-were-sleeping,0.5029218792915344,0.5192703008651733,0.3767998823409156,1.536724328994751,0.6283214688301086
ccstytr,000000106912__Northern_Renaissance__albrecht-durer_lamentation-over-christ-1507.png,000000106912__Northern_Renaissance__albrecht-durer_lamentation-over-christ-1507,000000106912,Northern_Renaissance__albrecht-durer_lamentation-over-christ-1507,0.3527389466762543,0.5947836637496948,0.26399597007810194,2.266489028930664,1.4252347946166992
ccstytr,000000106912__Pop_Art__peter-max_composition-red-green-1979.png,000000106912__Pop_Art__peter-max_composition-red-green-1979,000000106912,Pop_Art__peter-max_composition-red-green-1979,0.6388667225837708,0.4782233238220215,0.6965411809167508,2.1568965911865234,1.9064463376998901
ccstytr,000000106912__Post_Impressionism__vincent-van-gogh_restaurant-de-la-sirene-at-asnieres-1887.png,000000106912__Post_Impressionism__vincent-van-gogh_restaurant-de-la-sirene-at-asnieres-1887,000000106912,Post_Impressionism__vincent-van-gogh_restaurant-de-la-sirene-at-asnieres-1887,0.4539720118045807,0.6215802431106567,0.3288316608005008,1.9262113571166992,0.9200007319450378
ccstytr,000000106912__Realism__vincent-van-gogh_cottage-with-peasant-coming-home-1885(1).png,000000106912__Realism__vincent-van-gogh_cottage-with-peasant-coming-home-1885(1),000000106912,Realism__vincent-van-gogh_cottage-with-peasant-coming-home-1885(1),0.679561197757721,0.44411760568618774,0.5721602192757405,1.256495475769043,0.4736013412475586
ccstytr,000000106912__Rococo__dmitry-levitzky_portrait-of-baron-a-n-stroganoff.png,000000106912__Rococo__dmitry-levitzky_portrait-of-baron-a-n-stroganoff,000000106912,Rococo__dmitry-levitzky_portrait-of-baron-a-n-stroganoff,0.560234010219574,0.48785099387168884,0.7371440687581787,1.1637275218963623,0.7974661588668823
ccstytr,000000106912__Romanticism__gustave-dore_paradise-lost-4.png,000000106912__Romanticism__gustave-dore_paradise-lost-4,000000106912,Romanticism__gustave-dore_paradise-lost-4,0.469084233045578,0.4978376030921936,0.44089799682169195,1.4269819259643555,0.7902560234069824
ccstytr,000000106912__Symbolism__nicholas-roerich_language-of-forest-1922.png,000000106912__Symbolism__nicholas-roerich_language-of-forest-1922,000000106912,Symbolism__nicholas-roerich_language-of-forest-1922,0.5689122080802917,0.5223742723464966,0.48425460116014496,1.9257090091705322,0.9452733397483826
ccstytr,000000106912__Ukiyo_e__kitagawa-utamaro_not_detected_233134.png,000000106912__Ukiyo_e__kitagawa-utamaro_not_detected_233134,000000106912,Ukiyo_e__kitagawa-utamaro_not_detected_233134,0.6076995730400085,0.5716599225997925,0.5568922863379225,1.9442815780639648,1.153248906135559
ccstytr,000000116208__Abstract_Expressionism__paul-jenkins_not_detected_235703.png,000000116208__Abstract_Expressionism__paul-jenkins_not_detected_235703,000000116208,Abstract_Expressionism__paul-jenkins_not_detected_235703,0.6526344418525696,0.2803560197353363,0.6348556391183754,1.076484203338623,1.1704037189483643
ccstytr,000000116208__Art_Nouveau_Modern__nicholas-roerich_oze-1914.png,000000116208__Art_Nouveau_Modern__nicholas-roerich_oze-1914,000000116208,Art_Nouveau_Modern__nicholas-roerich_oze-1914,0.6416947841644287,0.3121090531349182,0.7324644285269429,0.9791394472122192,0.8204045295715332
ccstytr,000000116208__Baroque__rembrandt_portrait-of-nicolas-van-bambeeck-1641.png,000000116208__Baroque__rembrandt_portrait-of-nicolas-van-bambeeck-1641,000000116208,Baroque__rembrandt_portrait-of-nicolas-van-bambeeck-1641,0.4479074776172638,0.4042496681213379,0.617271889700456,1.2548224925994873,0.7791755199432373
ccstytr,000000116208__Color_Field_Painting__leon-berkowitz_dark-light-rose-gold-1978.png,000000116208__Color_Field_Painting__leon-berkowitz_dark-light-rose-gold-1978,000000116208,Color_Field_Painting__leon-berkowitz_dark-light-rose-gold-1978,0.35001125931739807,0.7286898493766785,0.38605277227037454,2.4194839000701904,0.9600012302398682
ccstytr,000000116208__Cubism__salvador-dali_cubist-composition-portrait-of-a-seated-person-holding-a-letter.png,000000116208__Cubism__salvador-dali_cubist-composition-portrait-of-a-seated-person-holding-a-letter,000000116208,Cubism__salvador-dali_cubist-composition-portrait-of-a-seated-person-holding-a-letter,0.5503320097923279,0.5116809010505676,0.6186521592510953,1.1778889894485474,0.5085580348968506
ccstytr,000000116208__Early_Renaissance__pietro-perugino_st-jerome-who-attends-two-unfairly-hanged-1473.png,000000116208__Early_Renaissance__pietro-perugino_st-jerome-who-attends-two-unfairly-hanged-1473,000000116208,Early_Renaissance__pietro-perugino_st-jerome-who-attends-two-unfairly-hanged-1473,0.7372989058494568,0.2681735157966614,0.745140744298187,1.0288300514221191,1.0362298488616943
ccstytr,000000116208__Expressionism__amedeo-modigliani_germaine-survage-with-earrings-1918.png,000000116208__Expressionism__amedeo-modigliani_germaine-survage-with-earrings-1918,000000116208,Expressionism__amedeo-modigliani_germaine-survage-with-earrings-1918,0.607563316822052,0.4187133312225342,0.6650868554246065,1.1705284118652344,0.6452131271362305
ccstytr,000000116208__High_Renaissance__raphael_madonna-and-child-enthroned-with-saints-1505.png,000000116208__High_Renaissance__raphael_madonna-and-child-enthroned-with-saints-1505,000000116208,High_Renaissance__raphael_madonna-and-child-enthroned-with-saints-1505,0.7395609021186829,0.28362035751342773,0.7580306648943458,1.2032227516174316,1.5026828050613403
ccstytr,000000116208__Impressionism__pierre-auguste-renoir_leaving-the-bath-1890.png,000000116208__Impressionism__pierre-auguste-renoir_leaving-the-bath-1890,000000116208,Impressionism__pierre-auguste-renoir_leaving-the-bath-1890,0.535987138748169,0.4183090031147003,0.5617932171793237,1.4631969928741455,0.6066980361938477
ccstytr,000000116208__Mannerism_Late_Renaissance__tintoretto_st-mark-rescuing-a-saracen-from-shipwreck-1566.png,000000116208__Mannerism_Late_Renaissance__tintoretto_st-mark-rescuing-a-saracen-from-shipwreck-1566,000000116208,Mannerism_Late_Renaissance__tintoretto_st-mark-rescuing-a-saracen-from-shipwreck-1566,0.7403013110160828,0.27460646629333496,0.7533367999427332,1.0159573554992676,0.9721554517745972
ccstytr,000000116208__Minimalism__mario-schifano_untitled-1963.png,000000116208__Minimalism__mario-schifano_untitled-1963,000000116208,Minimalism__mario-schifano_untitled-1963,0.30741992592811584,0.8385164737701416,0.3193177251298531,2.0541374683380127,1.3970953226089478
ccstytr,000000116208__Naive_Art_Primitivism__marc-chagall_the-young-samuel-the-priest-s-servant-heard-that-he-is-called-by-god-eli-and-he-were-sleeping.png,000000116208__Naive_Art_Primitivism__marc-chagall_the-young-samuel-the-priest-s-servant-heard-that-he-is-called-by-god-eli-and-he-were-sleeping,000000116208,Naive_Art_Primitivism__marc-chagall_the-young-samuel-the-priest-s-servant-heard-that-he-is-called-by-god-eli-and-he-were-sleeping,0.5478788018226624,0.4234594702720642,0.5554060711000027,1.646275520324707,0.7268732786178589
ccstytr,000000116208__Northern_Renaissance__albrecht-durer_lamentation-over-christ-1507.png,000000116208__Northern_Renaissance__albrecht-durer_lamentation-over-christ-1507,000000116208,Northern_Renaissance__albrecht-durer_lamentation-over-christ-1507,0.5358035564422607,0.41930651664733887,0.46725493817531855,1.7746315002441406,1.0458869934082031
ccstytr,000000116208__Pop_Art__peter-max_composition-red-green-1979.png,000000116208__Pop_Art__peter-max_composition-red-green-1979,000000116208,Pop_Art__peter-max_composition-red-green-1979,0.4224916994571686,0.3675747215747833,0.5094848053282205,1.6756484508514404,1.4464080333709717
ccstytr,000000116208__Post_Impressionism__vincent-van-gogh_restaurant-de-la-sirene-at-asnieres-1887.png,000000116208__Post_Impressionism__vincent-van-gogh_restaurant-de-la-sirene-at-asnieres-1887,000000116208,Post_Impressionism__vincent-van-gogh_restaurant-de-la-sirene-at-asnieres-1887,0.5740974545478821,0.4846487045288086,0.5648909968617302,1.8263611793518066,1.1889936923980713
ccstytr,000000116208__Realism__vincent-van-gogh_cottage-with-peasant-coming-home-1885(1).png,000000116208__Realism__vincent-van-gogh_cottage-with-peasant-coming-home-1885(1),000000116208,Realism__vincent-van-gogh_cottage-with-peasant-coming-home-1885(1),0.6805571913719177,0.3092051148414612,0.7395253598423014,1.1431782245635986,0.5673481225967407
ccstytr,000000116208__Rococo__dmitry-levitzky_portrait-of-baron-a-n-stroganoff.png,000000116208__Rococo__dmitry-levitzky_portrait-of-baron-a-n-stroganoff,000000116208,Rococo__dmitry-levitzky_portrait-of-baron-a-n-stroganoff,0.46179553866386414,0.3723698556423187,0.6441973645021484,1.0940747261047363,0.7343971729278564
ccstytr,000000116208__Romanticism__gustave-dore_paradise-lost-4.png,000000116208__Romanticism__gustave-dore_paradise-lost-4,000000116208,Romanticism__gustave-dore_paradise-lost-4,0.6525954604148865,0.34024032950401306,0.6872701909923773,1.2467966079711914,1.1207449436187744
ccstytr,000000116208__Symbolism__nicholas-roerich_language-of-forest-1922.png,000000116208__Symbolism__nicholas-roerich_language-of-forest-1922,000000116208,Symbolism__nicholas-roerich_language-of-forest-1922,0.6901864409446716,0.33802586793899536,0.7590768554295205,1.184457540512085,1.0068215131759644
ccstytr,000000116208__Ukiyo_e__kitagawa-utamaro_not_detected_233134.png,000000116208__Ukiyo_e__kitagawa-utamaro_not_detected_233134,000000116208,Ukiyo_e__kitagawa-utamaro_not_detected_233134,0.543671190738678,0.39262503385543823,0.6484198388683846,1.4246383905410767,1.093382716178894
ccstytr,000000135872__Abstract_Expressionism__paul-jenkins_not_detected_235703.png,000000135872__Abstract_Expressionism__paul-jenkins_not_detected_235703,000000135872,Abstract_Expressionism__paul-jenkins_not_detected_235703,0.8081663250923157,0.2696920931339264,0.8277287990996354,0.8929089307785034,0.9317834377288818
ccstytr,000000135872__Art_Nouveau_Modern__nicholas-roerich_oze-1914.png,000000135872__Art_Nouveau_Modern__nicholas-roerich_oze-1914,000000135872,Art_Nouveau_Modern__nicholas-roerich_oze-1914,0.7601870894432068,0.37845075130462646,0.7658112556687727,1.0995402336120605,0.9128949642181396
ccstytr,000000135872__Baroque__rembrandt_portrait-of-nicolas-van-bambeeck-1641.png,000000135872__Baroque__rembrandt_portrait-of-nicolas-van-bambeeck-1641,000000135872,Baroque__rembrandt_portrait-of-nicolas-van-bambeeck-1641,0.6341807842254639,0.3389293849468231,0.6828249016221917,1.0297341346740723,0.6368468999862671
ccstytr,000000135872__Color_Field_Painting__leon-berkowitz_dark-light-rose-gold-1978.png,000000135872__Color_Field_Painting__leon-berkowitz_dark-light-rose-gold-1978,000000135872,Color_Field_Painting__leon-berkowitz_dark-light-rose-gold-1978,0.5347705483436584,0.6926850080490112,0.4923733421911829,2.0183463096618652,1.0100364685058594
ccstytr,000000135872__Cubism__salvador-dali_cubist-composition-portrait-of-a-seated-person-holding-a-letter.png,000000135872__Cubism__salvador-dali_cubist-composition-portrait-of-a-seated-person-holding-a-letter,000000135872,Cubism__salvador-dali_cubist-composition-portrait-of-a-seated-person-holding-a-letter,0.6985669732093811,0.5207406878471375,0.7428530318457575,1.1434955596923828,0.5501741170883179
ccstytr,000000135872__Early_Renaissance__pietro-perugino_st-jerome-who-attends-two-unfairly-hanged-1473.png,000000135872__Early_Renaissance__pietro-perugino_st-jerome-who-attends-two-unfairly-hanged-1473,000000135872,Early_Renaissance__pietro-perugino_st-jerome-who-attends-two-unfairly-hanged-1473,0.7097867131233215,0.3495323061943054,0.6164617880759027,1.1357369422912598,0.9359959959983826
ccstytr,000000135872__Expressionism__amedeo-modigliani_germaine-survage-with-earrings-1918.png,000000135872__Expressionism__amedeo-modigliani_germaine-survage-with-earrings-1918,000000135872,Expressionism__amedeo-modigliani_germaine-survage-with-earrings-1918,0.7204300761222839,0.47513723373413086,0.6992598800036497,1.178638219833374,0.6879342198371887
ccstytr,000000135872__High_Renaissance__raphael_madonna-and-child-enthroned-with-saints-1505.png,000000135872__High_Renaissance__raphael_madonna-and-child-enthroned-with-saints-1505,000000135872,High_Renaissance__raphael_madonna-and-child-enthroned-with-saints-1505,0.7251817584037781,0.3039078712463379,0.6816419166875343,1.0749108791351318,1.5572185516357422
ccstytr,000000135872__Impressionism__pierre-auguste-renoir_leaving-the-bath-1890.png,000000135872__Impressionism__pierre-auguste-renoir_leaving-the-bath-1890,000000135872,Impressionism__pierre-auguste-renoir_leaving-the-bath-1890,0.6324131488800049,0.46567291021347046,0.6190773123336785,1.457064151763916,0.6930580139160156
ccstytr,000000135872__Mannerism_Late_Renaissance__tintoretto_st-mark-rescuing-a-saracen-from-shipwreck-1566.png,000000135872__Mannerism_Late_Renaissance__tintoretto_st-mark-rescuing-a-saracen-from-shipwreck-1566,000000135872,Mannerism_Late_Renaissance__tintoretto_st-mark-rescuing-a-saracen-from-shipwreck-1566,0.6957480311393738,0.3646107316017151,0.6236024431669376,1.2532230615615845,1.1061680316925049
ccstytr,000000135872__Minimalism__mario-schifano_untitled-1963.png,000000135872__Minimalism__mario-schifano_untitled-1963,000000135872,Minimalism__mario-schifano_untitled-1963,0.4737943708896637,0.7718599438667297,0.5288673169616492,1.733567476272583,1.1991655826568604
ccstytr,000000135872__Naive_Art_Primitivism__marc-chagall_the-young-samuel-the-priest-s-servant-heard-that-he-is-called-by-god-eli-and-he-were-sleeping.png,000000135872__Naive_Art_Primitivism__marc-chagall_the-young-samuel-the-priest-s-servant-heard-that-he-is-called-by-god-eli-and-he-were-sleeping,000000135872,Naive_Art_Primitivism__marc-chagall_the-young-samuel-the-priest-s-servant-heard-that-he-is-called-by-god-eli-and-he-were-sleeping,0.47880950570106506,0.4482514262199402,0.4265645804571695,1.4787766933441162,0.7464573383331299
ccstytr,000000135872__Northern_Renaissance__albrecht-durer_lamentation-over-christ-1507.png,000000135872__Northern_Renaissance__albrecht-durer_lamentation-over-christ-1507,000000135872,Northern_Renaissance__albrecht-durer_lamentation-over-christ-1507,0.4123011827468872,0.4766126871109009,0.37275226503791525,1.793100357055664,1.0983085632324219
ccstytr,000000135872__Pop_Art__peter-max_composition-red-green-1979.png,000000135872__Pop_Art__peter-max_composition-red-green-1979,000000135872,Pop_Art__peter-max_composition-red-green-1979,0.49612364172935486,0.39250072836875916,0.655236416066886,1.5382580757141113,1.6190253496170044
ccstytr,000000135872__Post_Impressionism__vincent-van-gogh_restaurant-de-la-sirene-at-asnieres-1887.png,000000135872__Post_Impressionism__vincent-van-gogh_restaurant-de-la-sirene-at-asnieres-1887,000000135872,Post_Impressionism__vincent-van-gogh_restaurant-de-la-sirene-at-asnieres-1887,0.490344375371933,0.5359295010566711,0.4147714855189139,1.6523939371109009,1.0709282159805298
ccstytr,000000135872__Realism__vincent-van-gogh_cottage-with-peasant-coming-home-1885(1).png,000000135872__Realism__vincent-van-gogh_cottage-with-peasant-coming-home-1885(1),000000135872,Realism__vincent-van-gogh_cottage-with-peasant-coming-home-1885(1),0.6605967879295349,0.3548637628555298,0.6435379474234859,1.1703903675079346,0.5550036430358887
ccstytr,000000135872__Rococo__dmitry-levitzky_portrait-of-baron-a-n-stroganoff.png,000000135872__Rococo__dmitry-levitzky_portrait-of-baron-a-n-stroganoff,000000135872,Rococo__dmitry-levitzky_portrait-of-baron-a-n-stroganoff,0.6428108811378479,0.35287272930145264,0.7096823738912437,1.0775015354156494,0.6627216339111328
ccstytr,000000135872__Romanticism__gustave-dore_paradise-lost-4.png,000000135872__Romanticism__gustave-dore_paradise-lost-4,000000135872,Romanticism__gustave-dore_paradise-lost-4,0.6896421313285828,0.3447989523410797,0.5745454317620465,1.0600805282592773,0.9323807954788208
ccstytr,000000135872__Symbolism__nicholas-roerich_language-of-forest-1922.png,000000135872__Symbolism__nicholas-roerich_language-of-forest-1922,000000135872,Symbolism__nicholas-roerich_language-of-forest-1922,0.6740633845329285,0.387440025806427,0.6598812501309846,1.2394509315490723,1.0063090324401855
ccstytr,000000135872__Ukiyo_e__kitagawa-utamaro_not_detected_233134.png,000000135872__Ukiyo_e__kitagawa-utamaro_not_detected_233134,000000135872,Ukiyo_e__kitagawa-utamaro_not_detected_233134,0.5344424843788147,0.48062416911125183,0.6272159424657169,1.541996717453003,1.1352829933166504
ccstytr,000000196442__Abstract_Expressionism__paul-jenkins_not_detected_235703.png,000000196442__Abstract_Expressionism__paul-jenkins_not_detected_235703,000000196442,Abstract_Expressionism__paul-jenkins_not_detected_235703,0.5991974472999573,0.4672089219093323,0.688722542812274,1.7173829078674316,0.8599506616592407
ccstytr,000000196442__Art_Nouveau_Modern__nicholas-roerich_oze-1914.png,000000196442__Art_Nouveau_Modern__nicholas-roerich_oze-1914,000000196442,Art_Nouveau_Modern__nicholas-roerich_oze-1914,0.5230264663696289,0.513450026512146,0.44495339549819496,1.7558826208114624,0.9431130886077881
ccstytr,000000196442__Baroque__rembrandt_portrait-of-nicolas-van-bambeeck-1641.png,000000196442__Baroque__rembrandt_portrait-of-nicolas-van-bambeeck-1641,000000196442,Baroque__rembrandt_portrait-of-nicolas-van-bambeeck-1641,0.4262523353099823,0.5849878787994385,0.5816440259159317,1.2910966873168945,0.6135365962982178
ccstytr,000000196442__Color_Field_Painting__leon-berkowitz_dark-light-rose-gold-1978.png,000000196442__Color_Field_Painting__leon-berkowitz_dark-light-rose-gold-1978,000000196442,Color_Field_Painting__leon-berkowitz_dark-light-rose-gold-1978,0.6362519264221191,0.7371091246604919,0.5195771946007771,1.898285150527954,0.7103642225265503
ccstytr,000000196442__Cubism__salvador-dali_cubist-composition-portrait-of-a-seated-person-holding-a-letter.png,000000196442__Cubism__salvador-dali_cubist-composition-portrait-of-a-seated-person-holding-a-letter,000000196442,Cubism__salvador-dali_cubist-composition-portrait-of-a-seated-person-holding-a-letter,0.7101738452911377,0.6661773920059204,0.6541700977003319,1.2297472953796387,0.8300377130508423
ccstytr,000000196442__Early_Renaissance__pietro-perugino_st-jerome-who-attends-two-unfairly-hanged-1473.png,000000196442__Early_Renaissance__pietro-perugino_st-jerome-who-attends-two-unfairly-hanged-1473,000000196442,Early_Renaissance__pietro-perugino_st-jerome-who-attends-two-unfairly-hanged-1473,0.4032001793384552,0.60628741979599,0.28524592332774784,2.2237026691436768,0.9102922677993774
ccstytr,000000196442__Expressionism__amedeo-modigliani_germaine-survage-with-earrings-1918.png,000000196442__Expressionism__amedeo-modigliani_germaine-survage-with-earrings-1918,000000196442,Expressionism__amedeo-modigliani_germaine-survage-with-earrings-1918,0.5766057372093201,0.684421181678772,0.4814199496306473,1.5555164813995361,0.6360504627227783
ccstytr,000000196442__High_Renaissance__raphael_madonna-and-child-enthroned-with-saints-1505.png,000000196442__High_Renaissance__raphael_madonna-and-child-enthroned-with-saints-1505,000000196442,High_Renaissance__raphael_madonna-and-child-enthroned-with-saints-1505,0.379740834236145,0.6042425632476807,0.2758856358333846,2.548938751220703,1.4513452053070068
ccstytr,000000196442__Impressionism__pierre-auguste-renoir_leaving-the-bath-1890.png,000000196442__Impressionism__pierre-auguste-renoir_leaving-the-bath-1890,000000196442,Impressionism__pierre-auguste-renoir_leaving-the-bath-1890,0.6555635333061218,0.6262422204017639,0.5453410015675687,1.5907721519470215,0.6062780618667603
ccstytr,000000196442__Mannerism_Late_Renaissance__tintoretto_st-mark-rescuing-a-saracen-from-shipwreck-1566.png,000000196442__Mannerism_Late_Renaissance__tintoretto_st-mark-rescuing-a-saracen-from-shipwreck-1566,000000196442,Mannerism_Late_Renaissance__tintoretto_st-mark-rescuing-a-saracen-from-shipwreck-1566,0.29368704557418823,0.6028085947036743,0.3010066405590187,2.222774028778076,0.7872879505157471
ccstytr,000000196442__Minimalism__mario-schifano_untitled-1963.png,000000196442__Minimalism__mario-schifano_untitled-1963,000000196442,Minimalism__mario-schifano_untitled-1963,0.801730215549469,0.8294010758399963,0.9003045184946591,1.4085114002227783,1.113825798034668
ccstytr,000000196442__Naive_Art_Primitivism__marc-chagall_the-young-samuel-the-priest-s-servant-heard-that-he-is-called-by-god-eli-and-he-were-sleeping.png,000000196442__Naive_Art_Primitivism__marc-chagall_the-young-samuel-the-priest-s-servant-heard-that-he-is-called-by-god-eli-and-he-were-sleeping,000000196442,Naive_Art_Primitivism__marc-chagall_the-young-samuel-the-priest-s-servant-heard-that-he-is-called-by-god-eli-and-he-were-sleeping,0.42988061904907227,0.5601692199707031,0.20016389239267812,1.7018890380859375,0.5111988186836243
ccstytr,000000196442__Northern_Renaissance__albrecht-durer_lamentation-over-christ-1507.png,000000196442__Northern_Renaissance__albrecht-durer_lamentation-over-christ-1507,000000196442,Northern_Renaissance__albrecht-durer_lamentation-over-christ-1507,0.24327631294727325,0.6217390894889832,0.1376798875608615,2.653136730194092,1.2272710800170898
ccstytr,000000196442__Pop_Art__peter-max_composition-red-green-1979.png,000000196442__Pop_Art__peter-max_composition-red-green-1979,000000196442,Pop_Art__peter-max_composition-red-green-1979,0.7059575915336609,0.5315267443656921,0.6506649786825363,2.248490810394287,1.509111762046814
ccstytr,000000196442__Post_Impressionism__vincent-van-gogh_restaurant-de-la-sirene-at-asnieres-1887.png,000000196442__Post_Impressionism__vincent-van-gogh_restaurant-de-la-sirene-at-asnieres-1887,000000196442,Post_Impressionism__vincent-van-gogh_restaurant-de-la-sirene-at-asnieres-1887,0.35299572348594666,0.672855019569397,0.14589234440747795,2.1818103790283203,0.8358755111694336
ccstytr,000000196442__Realism__vincent-van-gogh_cottage-with-peasant-coming-home-1885(1).png,000000196442__Realism__vincent-van-gogh_cottage-with-peasant-coming-home-1885(1),000000196442,Realism__vincent-van-gogh_cottage-with-peasant-coming-home-1885(1),0.5672821402549744,0.4798828959465027,0.33813501553425096,1.4043850898742676,0.4785231947898865
ccstytr,000000196442__Rococo__dmitry-levitzky_portrait-of-baron-a-n-stroganoff.png,000000196442__Rococo__dmitry-levitzky_portrait-of-baron-a-n-stroganoff,000000196442,Rococo__dmitry-levitzky_portrait-of-baron-a-n-stroganoff,0.43742379546165466,0.5972366333007812,0.5463888144033632,1.4164798259735107,0.6494641304016113
ccstytr,000000196442__Romanticism__gustave-dore_paradise-lost-4.png,000000196442__Romanticism__gustave-dore_paradise-lost-4,000000196442,Romanticism__gustave-dore_paradise-lost-4,0.3056226968765259,0.571670651435852,0.2560272217661342,1.7813178300857544,0.7726911306381226
ccstytr,000000196442__Symbolism__nicholas-roerich_language-of-forest-1922.png,000000196442__Symbolism__nicholas-roerich_language-of-forest-1922,000000196442,Symbolism__nicholas-roerich_language-of-forest-1922,0.44596371054649353,0.5966379642486572,0.26793472599880586,2.2807815074920654,0.8389327526092529
ccstytr,000000196442__Ukiyo_e__kitagawa-utamaro_not_detected_233134.png,000000196442__Ukiyo_e__kitagawa-utamaro_not_detected_233134,000000196442,Ukiyo_e__kitagawa-utamaro_not_detected_233134,0.5323344469070435,0.653145432472229,0.337438499359174,2.2787623405456543,1.2649239301681519
ccstytr,000000210388__Abstract_Expressionism__paul-jenkins_not_detected_235703.png,000000210388__Abstract_Expressionism__paul-jenkins_not_detected_235703,000000210388,Abstract_Expressionism__paul-jenkins_not_detected_235703,0.6699642539024353,0.4341331422328949,0.5890835664978328,1.1400058269500732,0.8550105094909668
ccstytr,000000210388__Art_Nouveau_Modern__nicholas-roerich_oze-1914.png,000000210388__Art_Nouveau_Modern__nicholas-roerich_oze-1914,000000210388,Art_Nouveau_Modern__nicholas-roerich_oze-1914,0.5585326552391052,0.5201141238212585,0.47452834703522173,1.3578169345855713,1.0550308227539062
ccstytr,000000210388__Baroque__rembrandt_portrait-of-nicolas-van-bambeeck-1641.png,000000210388__Baroque__rembrandt_portrait-of-nicolas-van-bambeeck-1641,000000210388,Baroque__rembrandt_portrait-of-nicolas-van-bambeeck-1641,0.4539073407649994,0.5803636312484741,0.43504278643998595,1.157189130783081,0.6504592895507812
ccstytr,000000210388__Color_Field_Painting__leon-berkowitz_dark-light-rose-gold-1978.png,000000210388__Color_Field_Painting__leon-berkowitz_dark-light-rose-gold-1978,000000210388,Color_Field_Painting__leon-berkowitz_dark-light-rose-gold-1978,0.5776905417442322,0.7447412610054016,0.36049015481857427,1.8988747596740723,0.8736262321472168
ccstytr,000000210388__Cubism__salvador-dali_cubist-composition-portrait-of-a-seated-person-holding-a-letter.png,000000210388__Cubism__salvador-dali_cubist-composition-portrait-of-a-seated-person-holding-a-letter,000000210388,Cubism__salvador-dali_cubist-composition-portrait-of-a-seated-person-holding-a-letter,0.6872801184654236,0.6816984415054321,0.5138638642577016,1.2068451642990112,0.7467219829559326
ccstytr,000000210388__Early_Renaissance__pietro-perugino_st-jerome-who-attends-two-unfairly-hanged-1473.png,000000210388__Early_Renaissance__pietro-perugino_st-jerome-who-attends-two-unfairly-hanged-1473,000000210388,Early_Renaissance__pietro-perugino_st-jerome-who-attends-two-unfairly-hanged-1473,0.5017111301422119,0.5352009534835815,0.35479391711414726,1.432960033416748,0.8819198608398438
ccstytr,000000210388__Expressionism__amedeo-modigliani_germaine-survage-with-earrings-1918.png,000000210388__Expressionism__amedeo-modigliani_germaine-survage-with-earrings-1918,000000210388,Expressionism__amedeo-modigliani_germaine-survage-with-earrings-1918,0.5923683047294617,0.6643795371055603,0.4359500183232576,1.2445781230926514,0.6246304512023926
ccstytr,000000210388__High_Renaissance__raphael_madonna-and-child-enthroned-with-saints-1505.png,000000210388__High_Renaissance__raphael_madonna-and-child-enthroned-with-saints-1505,000000210388,High_Renaissance__raphael_madonna-and-child-enthroned-with-saints-1505,0.5176284909248352,0.5227808952331543,0.4025286856318224,1.7846683263778687,1.548282504081726
ccstytr,000000210388__Impressionism__pierre-auguste-renoir_leaving-the-bath-1890.png,000000210388__Impressionism__pierre-auguste-renoir_leaving-the-bath-1890,000000210388,Impressionism__pierre-auguste-renoir_leaving-the-bath-1890,0.6043266654014587,0.6195569038391113,0.4190746240808727,1.4615455865859985,0.638383150100708
ccstytr,000000210388__Mannerism_Late_Renaissance__tintoretto_st-mark-rescuing-a-saracen-from-shipwreck-1566.png,000000210388__Mannerism_Late_Renaissance__tintoretto_st-mark-rescuing-a-saracen-from-shipwreck-1566,000000210388,Mannerism_Late_Renaissance__tintoretto_st-mark-rescuing-a-saracen-from-shipwreck-1566,0.38305044174194336,0.5586767196655273,0.3187460969351147,1.6780195236206055,0.8242515325546265
ccstytr,000000210388__Minimalism__mario-schifano_untitled-1963.png,000000210388__Minimalism__mario-schifano_untitled-1963,000000210388,Minimalism__mario-schifano_untitled-1963,0.6999468803405762,0.8302019238471985,0.7468585803424511,1.6451129913330078,1.0211106538772583
ccstytr,000000210388__Naive_Art_Primitivism__marc-chagall_the-young-samuel-the-priest-s-servant-heard-that-he-is-called-by-god-eli-and-he-were-sleeping.png,000000210388__Naive_Art_Primitivism__marc-chagall_the-young-samuel-the-priest-s-servant-heard-that-he-is-called-by-god-eli-and-he-were-sleeping,000000210388,Naive_Art_Primitivism__marc-chagall_the-young-samuel-the-priest-s-servant-heard-that-he-is-called-by-god-eli-and-he-were-sleeping,0.43428078293800354,0.5395712852478027,0.28045047660450434,1.4086482524871826,0.5858376622200012
ccstytr,000000210388__Northern_Renaissance__albrecht-durer_lamentation-over-christ-1507.png,000000210388__Northern_Renaissance__albrecht-durer_lamentation-over-christ-1507,000000210388,Northern_Renaissance__albrecht-durer_lamentation-over-christ-1507,0.32921645045280457,0.5719808340072632,0.24177885447511485,2.02748966217041,1.2822675704956055
ccstytr,000000210388__Pop_Art__peter-max_composition-red-green-1979.png,000000210388__Pop_Art__peter-max_composition-red-green-1979,000000210388,Pop_Art__peter-max_composition-red-green-1979,0.7038375735282898,0.4594806432723999,0.6723506978162296,1.8202375173568726,1.7795603275299072
ccstytr,000000210388__Post_Impressionism__vincent-van-gogh_restaurant-de-la-sirene-at-asnieres-1887.png,000000210388__Post_Impressionism__vincent-van-gogh_restaurant-de-la-sirene-at-asnieres-1887,000000210388,Post_Impressionism__vincent-van-gogh_restaurant-de-la-sirene-at-asnieres-1887,0.4072411060333252,0.6554093360900879,0.248402371846167,1.7960748672485352,0.9829118251800537
ccstytr,000000210388__Realism__vincent-van-gogh_cottage-with-peasant-coming-home-1885(1).png,000000210388__Realism__vincent-van-gogh_cottage-with-peasant-coming-home-1885(1),000000210388,Realism__vincent-van-gogh_cottage-with-peasant-coming-home-1885(1),0.6010521054267883,0.4942520260810852,0.40644289212339685,1.1741694211959839,0.47497063875198364
ccstytr,000000210388__Rococo__dmitry-levitzky_portrait-of-baron-a-n-stroganoff.png,000000210388__Rococo__dmitry-levitzky_portrait-of-baron-a-n-stroganoff,000000210388,Rococo__dmitry-levitzky_portrait-of-baron-a-n-stroganoff,0.4687398672103882,0.5814610719680786,0.4581934355842943,1.188788652420044,0.5520849823951721
ccstytr,000000210388__Romanticism__gustave-dore_paradise-lost-4.png,000000210388__Romanticism__gustave-dore_paradise-lost-4,000000210388,Romanticism__gustave-dore_paradise-lost-4,0.3669942319393158,0.5454612970352173,0.31304078062298446,1.3445463180541992,0.7744979858398438
ccstytr,000000210388__Symbolism__nicholas-roerich_language-of-forest-1922.png,000000210388__Symbolism__nicholas-roerich_language-of-forest-1922,000000210388,Symbolism__nicholas-roerich_language-of-forest-1922,0.5189594626426697,0.5528485178947449,0.3764249665411947,1.6396092176437378,0.9807892441749573
ccstytr,000000210388__Ukiyo_e__kitagawa-utamaro_not_detected_233134.png,000000210388__Ukiyo_e__kitagawa-utamaro_not_detected_233134,000000210388,Ukiyo_e__kitagawa-utamaro_not_detected_233134,0.612729012966156,0.6003603339195251,0.44629719102850324,1.6743696928024292,1.4178919792175293
ccstytr,000000226171__Abstract_Expressionism__paul-jenkins_not_detected_235703.png,000000226171__Abstract_Expressionism__paul-jenkins_not_detected_235703,000000226171,Abstract_Expressionism__paul-jenkins_not_detected_235703,0.7419314980506897,0.3816923499107361,0.7967915869293968,1.2281028032302856,0.8950496912002563
ccstytr,000000226171__Art_Nouveau_Modern__nicholas-roerich_oze-1914.png,000000226171__Art_Nouveau_Modern__nicholas-roerich_oze-1914,000000226171,Art_Nouveau_Modern__nicholas-roerich_oze-1914,0.6455429196357727,0.5213824510574341,0.6804503897962739,1.423069953918457,0.8469319343566895
ccstytr,000000226171__Baroque__rembrandt_portrait-of-nicolas-van-bambeeck-1641.png,000000226171__Baroque__rembrandt_portrait-of-nicolas-van-bambeeck-1641,000000226171,Baroque__rembrandt_portrait-of-nicolas-van-bambeeck-1641,0.5587127208709717,0.34132716059684753,0.6948495757100397,1.141598105430603,0.6528528332710266
ccstytr,000000226171__Color_Field_Painting__leon-berkowitz_dark-light-rose-gold-1978.png,000000226171__Color_Field_Painting__leon-berkowitz_dark-light-rose-gold-1978,000000226171,Color_Field_Painting__leon-berkowitz_dark-light-rose-gold-1978,0.5019596815109253,0.7497451901435852,0.5232847023614429,2.1683740615844727,0.8763296604156494
ccstytr,000000226171__Cubism__salvador-dali_cubist-composition-portrait-of-a-seated-person-holding-a-letter.png,000000226171__Cubism__salvador-dali_cubist-composition-portrait-of-a-seated-person-holding-a-letter,000000226171,Cubism__salvador-dali_cubist-composition-portrait-of-a-seated-person-holding-a-letter,0.656032383441925,0.4624793231487274,0.7429730831248945,1.254155158996582,0.6139451265335083
ccstytr,000000226171__Early_Renaissance__pietro-perugino_st-jerome-who-attends-two-unfairly-hanged-1473.png,000000226171__Early_Renaissance__pietro-perugino_st-jerome-who-attends-two-unfairly-hanged-1473,000000226171,Early_Renaissance__pietro-perugino_st-jerome-who-attends-two-unfairly-hanged-1473,0.6461060643196106,0.4111698865890503,0.613232254606769,1.4158542156219482,0.9321233630180359
ccstytr,000000226171__Expressionism__amedeo-modigliani_germaine-survage-with-earrings-1918.png,000000226171__Expressionism__amedeo-modigliani_germaine-survage-with-earrings-1918,000000226171,Expressionism__amedeo-modigliani_germaine-survage-with-earrings-1918,0.668215274810791,0.4885127544403076,0.6965372160890767,1.414696455001831,0.6924877166748047
ccstytr,000000226171__High_Renaissance__raphael_madonna-and-child-enthroned-with-saints-1505.png,000000226171__High_Renaissance__raphael_madonna-and-child-enthroned-with-saints-1505,000000226171,High_Renaissance__raphael_madonna-and-child-enthroned-with-saints-1505,0.6663321852684021,0.34346461296081543,0.6747229529650313,1.2548677921295166,1.347748875617981
ccstytr,000000226171__Impressionism__pierre-auguste-renoir_leaving-the-bath-1890.png,000000226171__Impressionism__pierre-auguste-renoir_leaving-the-bath-1890,000000226171,Impressionism__pierre-auguste-renoir_leaving-the-bath-1890,0.6018545627593994,0.47011488676071167,0.6289907441921633,1.5359063148498535,0.6959264278411865
ccstytr,000000226171__Mannerism_Late_Renaissance__tintoretto_st-mark-rescuing-a-saracen-from-shipwreck-1566.png,000000226171__Mannerism_Late_Renaissance__tintoretto_st-mark-rescuing-a-saracen-from-shipwreck-1566,000000226171,Mannerism_Late_Renaissance__tintoretto_st-mark-rescuing-a-saracen-from-shipwreck-1566,0.5878188610076904,0.4560287296772003,0.5630057840036513,1.6697402000427246,0.9776827096939087
ccstytr,000000226171__Minimalism__mario-schifano_untitled-1963.png,000000226171__Minimalism__mario-schifano_untitled-1963,000000226171,Minimalism__mario-schifano_untitled-1963,0.47886011004447937,0.6248090267181396,0.587506688380608,1.6346627473831177,1.060181975364685
ccstytr,000000226171__Naive_Art_Primitivism__marc-chagall_the-young-samuel-the-priest-s-servant-heard-that-he-is-called-by-god-eli-and-he-were-sleeping.png,000000226171__Naive_Art_Primitivism__marc-chagall_the-young-samuel-the-priest-s-servant-heard-that-he-is-called-by-god-eli-and-he-were-sleeping,000000226171,Naive_Art_Primitivism__marc-chagall_the-young-samuel-the-priest-s-servant-heard-that-he-is-called-by-god-eli-and-he-were-sleeping,0.4573853015899658,0.5366261005401611,0.39196299452379874,1.7282323837280273,0.7222373485565186
ccstytr,000000226171__Northern_Renaissance__albrecht-durer_lamentation-over-christ-1507.png,000000226171__Northern_Renaissance__albrecht-durer_lamentation-over-christ-1507,000000226171,Northern_Renaissance__albrecht-durer_lamentation-over-christ-1507,0.37414565682411194,0.5583165287971497,0.3097735921922806,2.0848803520202637,1.0743422508239746
ccstytr,000000226171__Pop_Art__peter-max_composition-red-green-1979.png,000000226171__Pop_Art__peter-max_composition-red-green-1979,000000226171,Pop_Art__peter-max_composition-red-green-1979,0.4828019440174103,0.42231327295303345,0.6305940512688373,1.9082882404327393,1.53578782081604
ccstytr,000000226171__Post_Impressionism__vincent-van-gogh_restaurant-de-la-sirene-at-asnieres-1887.png,000000226171__Post_Impressionism__vincent-van-gogh_restaurant-de-la-sirene-at-asnieres-1887,000000226171,Post_Impressionism__vincent-van-gogh_restaurant-de-la-sirene-at-asnieres-1887,0.4736660420894623,0.5587092638015747,0.3891070694011255,1.8489571809768677,0.9873257875442505
ccstytr,000000226171__Realism__vincent-van-gogh_cottage-with-peasant-coming-home-1885(1).png,000000226171__Realism__vincent-van-gogh_cottage-with-peasant-coming-home-1885(1),000000226171,Realism__vincent-van-gogh_cottage-with-peasant-coming-home-1885(1),0.6340063214302063,0.3834055960178375,0.6406285768764566,1.3655428886413574,0.5615695714950562
ccstytr,000000226171__Rococo__dmitry-levitzky_portrait-of-baron-a-n-stroganoff.png,000000226171__Rococo__dmitry-levitzky_portrait-of-baron-a-n-stroganoff,000000226171,Rococo__dmitry-levitzky_portrait-of-baron-a-n-stroganoff,0.5696730613708496,0.346204936504364,0.7125835958044524,1.1890194416046143,0.7596690058708191
ccstytr,000000226171__Romanticism__gustave-dore_paradise-lost-4.png,000000226171__Romanticism__gustave-dore_paradise-lost-4,000000226171,Romanticism__gustave-dore_paradise-lost-4,0.6011672616004944,0.4242454767227173,0.5207891880430441,1.325122356414795,0.8546977043151855
ccstytr,000000226171__Symbolism__nicholas-roerich_language-of-forest-1922.png,000000226171__Symbolism__nicholas-roerich_language-of-forest-1922,000000226171,Symbolism__nicholas-roerich_language-of-forest-1922,0.626471221446991,0.5032713413238525,0.621718844259478,1.5702910423278809,0.9936789274215698
ccstytr,000000226171__Ukiyo_e__kitagawa-utamaro_not_detected_233134.png,000000226171__Ukiyo_e__kitagawa-utamaro_not_detected_233134,000000226171,Ukiyo_e__kitagawa-utamaro_not_detected_233134,0.5084969997406006,0.521467924118042,0.5779122944768076,1.8569557666778564,1.195896863937378
ccstytr,000000235857__Abstract_Expressionism__paul-jenkins_not_detected_235703.png,000000235857__Abstract_Expressionism__paul-jenkins_not_detected_235703,000000235857,Abstract_Expressionism__paul-jenkins_not_detected_235703,0.5868747234344482,0.37713927030563354,0.5148860453619963,1.4135587215423584,1.058612585067749
ccstytr,000000235857__Art_Nouveau_Modern__nicholas-roerich_oze-1914.png,000000235857__Art_Nouveau_Modern__nicholas-roerich_oze-1914,000000235857,Art_Nouveau_Modern__nicholas-roerich_oze-1914,0.5787883400917053,0.5116952061653137,0.622915273732352,1.5479416847229004,1.165679931640625
ccstytr,000000235857__Baroque__rembrandt_portrait-of-nicolas-van-bambeeck-1641.png,000000235857__Baroque__rembrandt_portrait-of-nicolas-van-bambeeck-1641,000000235857,Baroque__rembrandt_portrait-of-nicolas-van-bambeeck-1641,0.4046846628189087,0.30485981702804565,0.6475294246197684,1.1027123928070068,0.6943199038505554
ccstytr,000000235857__Color_Field_Painting__leon-berkowitz_dark-light-rose-gold-1978.png,000000235857__Color_Field_Painting__leon-berkowitz_dark-light-rose-gold-1978,000000235857,Color_Field_Painting__leon-berkowitz_dark-light-rose-gold-1978,0.39279475808143616,0.758185625076294,0.4111980548292648,2.296189785003662,0.7258526682853699
ccstytr,000000235857__Cubism__salvador-dali_cubist-composition-portrait-of-a-seated-person-holding-a-letter.png,000000235857__Cubism__salvador-dali_cubist-composition-portrait-of-a-seated-person-holding-a-letter,000000235857,Cubism__salvador-dali_cubist-composition-portrait-of-a-seated-person-holding-a-letter,0.5562859177589417,0.43121981620788574,0.5676133232431715,1.2493863105773926,0.8433704376220703
ccstytr,000000235857__Early_Renaissance__pietro-perugino_st-jerome-who-attends-two-unfairly-hanged-1473.png,000000235857__Early_Renaissance__pietro-perugino_st-jerome-who-attends-two-unfairly-hanged-1473,000000235857,Early_Renaissance__pietro-perugino_st-jerome-who-attends-two-unfairly-hanged-1473,0.7153494358062744,0.36791324615478516,0.6918474439138308,1.4306089878082275,0.8687178492546082
ccstytr,000000235857__Expressionism__amedeo-modigliani_germaine-survage-with-earrings-1918.png,000000235857__Expressionism__amedeo-modigliani_germaine-survage-with-earrings-1918,000000235857,Expressionism__amedeo-modigliani_germaine-survage-with-earrings-1918,0.6404697895050049,0.38485702872276306,0.6465415181629245,1.2561798095703125,0.6780487298965454
ccstytr,000000235857__High_Renaissance__raphael_madonna-and-child-enthroned-with-saints-1505.png,000000235857__High_Renaissance__raphael_madonna-and-child-enthroned-with-saints-1505,000000235857,High_Renaissance__raphael_madonna-and-child-enthroned-with-saints-1505,0.5749557614326477,0.47213706374168396,0.5213916220069235,2.040330648422241,1.6755297183990479
ccstytr,000000235857__Impressionism__pierre-auguste-renoir_leaving-the-bath-1890.png,000000235857__Impressionism__pierre-auguste-renoir_leaving-the-bath-1890,000000235857,Impressionism__pierre-auguste-renoir_leaving-the-bath-1890,0.5910393595695496,0.3694014549255371,0.5692135705445149,1.3448320627212524,0.5760153532028198
ccstytr,000000235857__Mannerism_Late_Renaissance__tintoretto_st-mark-rescuing-a-saracen-from-shipwreck-1566.png,000000235857__Mannerism_Late_Renaissance__tintoretto_st-mark-rescuing-a-saracen-from-shipwreck-1566,000000235857,Mannerism_Late_Renaissance__tintoretto_st-mark-rescuing-a-saracen-from-shipwreck-1566,0.6278855204582214,0.3919565677642822,0.6398480711898452,1.6089200973510742,0.7304314374923706
ccstytr,000000235857__Minimalism__mario-schifano_untitled-1963.png,000000235857__Minimalism__mario-schifano_untitled-1963,000000235857,Minimalism__mario-schifano_untitled-1963,0.3358999192714691,0.6677675843238831,0.23227346144577304,1.966058373451233,1.1720422506332397
ccstytr,000000235857__Naive_Art_Primitivism__marc-chagall_the-young-samuel-the-priest-s-servant-heard-that-he-is-called-by-god-eli-and-he-were-sleeping.png,000000235857__Naive_Art_Primitivism__marc-chagall_the-young-samuel-the-priest-s-servant-heard-that-he-is-called-by-god-eli-and-he-were-sleeping,000000235857,Naive_Art_Primitivism__marc-chagall_the-young-samuel-the-priest-s-servant-heard-that-he-is-called-by-god-eli-and-he-were-sleeping,0.6767681241035461,0.40250101685523987,0.6834831304517645,1.3924806118011475,0.6093096733093262
ccstytr,000000235857__Northern_Renaissance__albrecht-durer_lamentation-over-christ-1507.png,000000235857__Northern_Renaissance__albrecht-durer_lamentation-over-christ-1507,000000235857,Northern_Renaissance__albrecht-durer_lamentation-over-christ-1507,0.46661612391471863,0.5566114187240601,0.3948663036080581,2.3339152336120605,1.3551371097564697
ccstytr,000000235857__Pop_Art__peter-max_composition-red-green-1979.png,000000235857__Pop_Art__peter-max_composition-red-green-1979,000000235857,Pop_Art__peter-max_composition-red-green-1979,0.3970824182033539,0.4539761543273926,0.36296293198268437,2.2459487915039062,1.7534548044204712
ccstytr,000000235857__Post_Impressionism__vincent-van-gogh_restaurant-de-la-sirene-at-asnieres-1887.png,000000235857__Post_Impressionism__vincent-van-gogh_restaurant-de-la-sirene-at-asnieres-1887,000000235857,Post_Impressionism__vincent-van-gogh_restaurant-de-la-sirene-at-asnieres-1887,0.6364530920982361,0.4969085156917572,0.5789148885864827,1.9553581476211548,0.9443060159683228
ccstytr,000000235857__Realism__vincent-van-gogh_cottage-with-peasant-coming-home-1885(1).png,000000235857__Realism__vincent-van-gogh_cottage-with-peasant-coming-home-1885(1),000000235857,Realism__vincent-van-gogh_cottage-with-peasant-coming-home-1885(1),0.7328920364379883,0.2752520442008972,0.725223951524053,1.1134834289550781,0.5129403471946716
ccstytr,000000235857__Rococo__dmitry-levitzky_portrait-of-baron-a-n-stroganoff.png,000000235857__Rococo__dmitry-levitzky_portrait-of-baron-a-n-stroganoff,000000235857,Rococo__dmitry-levitzky_portrait-of-baron-a-n-stroganoff,0.41175928711891174,0.29452937841415405,0.6651773761531456,1.0566885471343994,0.8406400680541992
ccstytr,000000235857__Romanticism__gustave-dore_paradise-lost-4.png,000000235857__Romanticism__gustave-dore_paradise-lost-4,000000235857,Romanticism__gustave-dore_paradise-lost-4,0.6047001481056213,0.36896592378616333,0.6959748812478302,1.3114725351333618,0.9035225510597229
ccstytr,000000235857__Symbolism__nicholas-roerich_language-of-forest-1922.png,000000235857__Symbolism__nicholas-roerich_language-of-forest-1922,000000235857,Symbolism__nicholas-roerich_language-of-forest-1922,0.6401171684265137,0.4989914298057556,0.6468524224474559,1.8396919965744019,0.8090550899505615
ccstytr,000000235857__Ukiyo_e__kitagawa-utamaro_not_detected_233134.png,000000235857__Ukiyo_e__kitagawa-utamaro_not_detected_233134,000000235857,Ukiyo_e__kitagawa-utamaro_not_detected_233134,0.5183959603309631,0.5179433822631836,0.5102242059991957,2.09952712059021,1.3346210718154907
ccstytr,000000272364__Abstract_Expressionism__paul-jenkins_not_detected_235703.png,000000272364__Abstract_Expressionism__paul-jenkins_not_detected_235703,000000272364,Abstract_Expressionism__paul-jenkins_not_detected_235703,0.5797503590583801,0.29814383387565613,0.5614665586945806,1.1975739002227783,1.151261329650879
ccstytr,000000272364__Art_Nouveau_Modern__nicholas-roerich_oze-1914.png,000000272364__Art_Nouveau_Modern__nicholas-roerich_oze-1914,000000272364,Art_Nouveau_Modern__nicholas-roerich_oze-1914,0.5656459927558899,0.30391746759414673,0.606425058774075,1.1901006698608398,1.0790177583694458
ccstytr,000000272364__Baroque__rembrandt_portrait-of-nicolas-van-bambeeck-1641.png,000000272364__Baroque__rembrandt_portrait-of-nicolas-van-bambeeck-1641,000000272364,Baroque__rembrandt_portrait-of-nicolas-van-bambeeck-1641,0.31161463260650635,0.457030713558197,0.5406519885315566,1.378371000289917,0.8532822132110596
ccstytr,000000272364__Color_Field_Painting__leon-berkowitz_dark-light-rose-gold-1978.png,000000272364__Color_Field_Painting__leon-berkowitz_dark-light-rose-gold-1978,000000272364,Color_Field_Painting__leon-berkowitz_dark-light-rose-gold-1978,0.31040820479393005,0.7129207253456116,0.29173175942098123,2.5836992263793945,0.8934234380722046
ccstytr,000000272364__Cubism__salvador-dali_cubist-composition-portrait-of-a-seated-person-holding-a-letter.png,000000272364__Cubism__salvador-dali_cubist-composition-portrait-of-a-seated-person-holding-a-letter,000000272364,Cubism__salvador-dali_cubist-composition-portrait-of-a-seated-person-holding-a-letter,0.5151796936988831,0.5594319701194763,0.531624522747363,1.2364238500595093,0.5201437473297119
ccstytr,000000272364__Early_Renaissance__pietro-perugino_st-jerome-who-attends-two-unfairly-hanged-1473.png,000000272364__Early_Renaissance__pietro-perugino_st-jerome-who-attends-two-unfairly-hanged-1473,000000272364,Early_Renaissance__pietro-perugino_st-jerome-who-attends-two-unfairly-hanged-1473,0.7240726351737976,0.2779775857925415,0.6986561784275616,1.1279730796813965,0.9097249507904053
ccstytr,000000272364__Expressionism__amedeo-modigliani_germaine-survage-with-earrings-1918.png,000000272364__Expressionism__amedeo-modigliani_germaine-survage-with-earrings-1918,000000272364,Expressionism__amedeo-modigliani_germaine-survage-with-earrings-1918,0.5486299991607666,0.4353334307670593,0.5781137579749358,1.2707222700119019,0.687636137008667
ccstytr,000000272364__High_Renaissance__raphael_madonna-and-child-enthroned-with-saints-1505.png,000000272364__High_Renaissance__raphael_madonna-and-child-enthroned-with-saints-1505,000000272364,High_Renaissance__raphael_madonna-and-child-enthroned-with-saints-1505,0.7285556197166443,0.30546486377716064,0.7062412724121715,1.3957895040512085,1.9008262157440186
ccstytr,000000272364__Impressionism__pierre-auguste-renoir_leaving-the-bath-1890.png,000000272364__Impressionism__pierre-auguste-renoir_leaving-the-bath-1890,000000272364,Impressionism__pierre-auguste-renoir_leaving-the-bath-1890,0.5185557007789612,0.42786547541618347,0.46409239710715583,1.5514206886291504,0.725743293762207
ccstytr,000000272364__Mannerism_Late_Renaissance__tintoretto_st-mark-rescuing-a-saracen-from-shipwreck-1566.png,000000272364__Mannerism_Late_Renaissance__tintoretto_st-mark-rescuing-a-saracen-from-shipwreck-1566,000000272364,Mannerism_Late_Renaissance__tintoretto_st-mark-rescuing-a-saracen-from-shipwreck-1566,0.601055920124054,0.28917860984802246,0.639044057285929,1.170668125152588,1.0337493419647217
ccstytr,000000272364__Minimalism__mario-schifano_untitled-1963.png,000000272364__Minimalism__mario-schifano_untitled-1963,000000272364,Minimalism__mario-schifano_untitled-1963,0.2988490164279938,0.8998567461967468,0.21431293562617515,2.3258931636810303,1.5027389526367188
ccstytr,000000272364__Naive_Art_Primitivism__marc-chagall_the-young-samuel-the-priest-s-servant-heard-that-he-is-called-by-god-eli-and-he-were-sleeping.png,000000272364__Naive_Art_Primitivism__marc-chagall_the-young-samuel-the-priest-s-servant-heard-that-he-is-called-by-god-eli-and-he-were-sleeping,000000272364,Naive_Art_Primitivism__marc-chagall_the-young-samuel-the-priest-s-servant-heard-that-he-is-called-by-god-eli-and-he-were-sleeping,0.6314324736595154,0.38220393657684326,0.5469059638115353,1.7209129333496094,0.7394657731056213
ccstytr,000000272364__Northern_Renaissance__albrecht-durer_lamentation-over-christ-1507.png,000000272364__Northern_Renaissance__albrecht-durer_lamentation-over-christ-1507,000000272364,Northern_Renaissance__albrecht-durer_lamentation-over-christ-1507,0.6679922938346863,0.39128515124320984,0.5637415823521903,1.973128318786621,1.0976886749267578
ccstytr,000000272364__Pop_Art__peter-max_composition-red-green-1979.png,000000272364__Pop_Art__peter-max_composition-red-green-1979,000000272364,Pop_Art__peter-max_composition-red-green-1979,0.4772564172744751,0.35992035269737244,0.4038582771897674,1.843475103378296,1.8174073696136475
ccstytr,000000272364__Post_Impressionism__vincent-van-gogh_restaurant-de-la-sirene-at-asnieres-1887.png,000000272364__Post_Impressionism__vincent-van-gogh_restaurant-de-la-sirene-at-asnieres-1887,000000272364,Post_Impressionism__vincent-van-gogh_restaurant-de-la-sirene-at-asnieres-1887,0.6710432171821594,0.46321743726730347,0.5955815091979035,1.9404983520507812,1.1363065242767334
ccstytr,000000272364__Realism__vincent-van-gogh_cottage-with-peasant-coming-home-1885(1).png,000000272364__Realism__vincent-van-gogh_cottage-with-peasant-coming-home-1885(1),000000272364,Realism__vincent-van-gogh_cottage-with-peasant-coming-home-1885(1),0.7176945209503174,0.30763518810272217,0.672551611087216,1.1979222297668457,0.6229395866394043
ccstytr,000000272364__Rococo__dmitry-levitzky_portrait-of-baron-a-n-stroganoff.png,000000272364__Rococo__dmitry-levitzky_portrait-of-baron-a-n-stroganoff,000000272364,Rococo__dmitry-levitzky_portrait-of-baron-a-n-stroganoff,0.3260807693004608,0.4206986427307129,0.576514390526218,1.2211837768554688,0.7845031023025513
ccstytr,000000272364__Romanticism__gustave-dore_paradise-lost-4.png,000000272364__Romanticism__gustave-dore_paradise-lost-4,000000272364,Romanticism__gustave-dore_paradise-lost-4,0.5052189826965332,0.3444940745830536,0.6299182417370995,1.3473851680755615,1.1922574043273926
ccstytr,000000272364__Symbolism__nicholas-roerich_language-of-forest-1922.png,000000272364__Symbolism__nicholas-roerich_language-of-forest-1922,000000272364,Symbolism__nicholas-roerich_language-of-forest-1922,0.686589777469635,0.3296639323234558,0.6929098030314563,1.3553615808486938,0.8054782152175903
ccstytr,000000272364__Ukiyo_e__kitagawa-utamaro_not_detected_233134.png,000000272364__Ukiyo_e__kitagawa-utamaro_not_detected_233134,000000272364,Ukiyo_e__kitagawa-utamaro_not_detected_233134,0.6423811912536621,0.3954439163208008,0.6211334414995694,1.6851372718811035,1.2198907136917114
ccstytr,000000273132__Abstract_Expressionism__paul-jenkins_not_detected_235703.png,000000273132__Abstract_Expressionism__paul-jenkins_not_detected_235703,000000273132,Abstract_Expressionism__paul-jenkins_not_detected_235703,0.7947044968605042,0.2617250680923462,0.8781218446175086,1.1557481288909912,0.9767890572547913
ccstytr,000000273132__Art_Nouveau_Modern__nicholas-roerich_oze-1914.png,000000273132__Art_Nouveau_Modern__nicholas-roerich_oze-1914,000000273132,Art_Nouveau_Modern__nicholas-roerich_oze-1914,0.7857904434204102,0.37332141399383545,0.7435443881699471,1.3924460411071777,0.8437538146972656
ccstytr,000000273132__Baroque__rembrandt_portrait-of-nicolas-van-bambeeck-1641.png,000000273132__Baroque__rembrandt_portrait-of-nicolas-van-bambeeck-1641,000000273132,Baroque__rembrandt_portrait-of-nicolas-van-bambeeck-1641,0.549940824508667,0.38916245102882385,0.8000374374551138,1.0644556283950806,0.6785300374031067
ccstytr,000000273132__Color_Field_Painting__leon-berkowitz_dark-light-rose-gold-1978.png,000000273132__Color_Field_Painting__leon-berkowitz_dark-light-rose-gold-1978,000000273132,Color_Field_Painting__leon-berkowitz_dark-light-rose-gold-1978,0.5936904549598694,0.7336134910583496,0.6148945634859115,2.191438674926758,0.8831185698509216
ccstytr,000000273132__Cubism__salvador-dali_cubist-composition-portrait-of-a-seated-person-holding-a-letter.png,000000273132__Cubism__salvador-dali_cubist-composition-portrait-of-a-seated-person-holding-a-letter,000000273132,Cubism__salvador-dali_cubist-composition-portrait-of-a-seated-person-holding-a-letter,0.8648610711097717,0.4353402853012085,0.908627560713541,0.9296431541442871,0.6422887444496155
ccstytr,000000273132__Early_Renaissance__pietro-perugino_st-jerome-who-attends-two-unfairly-hanged-1473.png,000000273132__Early_Renaissance__pietro-perugino_st-jerome-who-attends-two-unfairly-hanged-1473,000000273132,Early_Renaissance__pietro-perugino_st-jerome-who-attends-two-unfairly-hanged-1473,0.6807258129119873,0.44986140727996826,0.5618271916058256,1.7249364852905273,0.9783672094345093
ccstytr,000000273132__Expressionism__amedeo-modigliani_germaine-survage-with-earrings-1918.png,000000273132__Expressionism__amedeo-modigliani_germaine-survage-with-earrings-1918,000000273132,Expressionism__amedeo-modigliani_germaine-survage-with-earrings-1918,0.758786141872406,0.5224805474281311,0.8108851132099427,1.2374974489212036,0.8096476793289185
ccstytr,000000273132__High_Renaissance__raphael_madonna-and-child-enthroned-with-saints-1505.png,000000273132__High_Renaissance__raphael_madonna-and-child-enthroned-with-saints-1505,000000273132,High_Renaissance__raphael_madonna-and-child-enthroned-with-saints-1505,0.6363376975059509,0.4273392856121063,0.533500789025744,1.867856740951538,1.3649760484695435
ccstytr,000000273132__Impressionism__pierre-auguste-renoir_leaving-the-bath-1890.png,000000273132__Impressionism__pierre-auguste-renoir_leaving-the-bath-1890,000000273132,Impressionism__pierre-auguste-renoir_leaving-the-bath-1890,0.7865144610404968,0.5168529152870178,0.7917910016052685,1.6155190467834473,0.7352544665336609
ccstytr,000000273132__Mannerism_Late_Renaissance__tintoretto_st-mark-rescuing-a-saracen-from-shipwreck-1566.png,000000273132__Mannerism_Late_Renaissance__tintoretto_st-mark-rescuing-a-saracen-from-shipwreck-1566,000000273132,Mannerism_Late_Renaissance__tintoretto_st-mark-rescuing-a-saracen-from-shipwreck-1566,0.5711843967437744,0.43343737721443176,0.5894640351204212,1.7173359394073486,1.0287531614303589
ccstytr,000000273132__Minimalism__mario-schifano_untitled-1963.png,000000273132__Minimalism__mario-schifano_untitled-1963,000000273132,Minimalism__mario-schifano_untitled-1963,0.601814329624176,0.7724068760871887,0.6321604745774922,1.6875451803207397,1.1165361404418945
ccstytr,000000273132__Naive_Art_Primitivism__marc-chagall_the-young-samuel-the-priest-s-servant-heard-that-he-is-called-by-god-eli-and-he-were-sleeping.png,000000273132__Naive_Art_Primitivism__marc-chagall_the-young-samuel-the-priest-s-servant-heard-that-he-is-called-by-god-eli-and-he-were-sleeping,000000273132,Naive_Art_Primitivism__marc-chagall_the-young-samuel-the-priest-s-servant-heard-that-he-is-called-by-god-eli-and-he-were-sleeping,0.6455454230308533,0.4099222421646118,0.44580222929126473,1.5593007802963257,0.7226322889328003
ccstytr,000000273132__Northern_Renaissance__albrecht-durer_lamentation-over-christ-1507.png,000000273132__Northern_Renaissance__albrecht-durer_lamentation-over-christ-1507,000000273132,Northern_Renaissance__albrecht-durer_lamentation-over-christ-1507,0.43297067284584045,0.43950405716896057,0.28731547795613854,1.9430780410766602,1.4302666187286377
ccstytr,000000273132__Pop_Art__peter-max_composition-red-green-1979.png,000000273132__Pop_Art__peter-max_composition-red-green-1979,000000273132,Pop_Art__peter-max_composition-red-green-1979,0.6116209030151367,0.4550125002861023,0.6536992284310387,2.1810247898101807,1.3868718147277832
ccstytr,000000273132__Post_Impressionism__vincent-van-gogh_restaurant-de-la-sirene-at-asnieres-1887.png,000000273132__Post_Impressionism__vincent-van-gogh_restaurant-de-la-sirene-at-asnieres-1887,000000273132,Post_Impressionism__vincent-van-gogh_restaurant-de-la-sirene-at-asnieres-1887,0.5750810503959656,0.5438365936279297,0.3750949218758374,1.8304015398025513,1.0788617134094238
ccstytr,000000273132__Realism__vincent-van-gogh_cottage-with-peasant-coming-home-1885(1).png,000000273132__Realism__vincent-van-gogh_cottage-with-peasant-coming-home-1885(1),000000273132,Realism__vincent-van-gogh_cottage-with-peasant-coming-home-1885(1),0.857035219669342,0.27673017978668213,0.7609459627283814,0.9857791662216187,0.6686440110206604
ccstytr,000000273132__Rococo__dmitry-levitzky_portrait-of-baron-a-n-stroganoff.png,000000273132__Rococo__dmitry-levitzky_portrait-of-baron-a-n-stroganoff,000000273132,Rococo__dmitry-levitzky_portrait-of-baron-a-n-stroganoff,0.5670268535614014,0.4052552282810211,0.8167764809907168,1.1080520153045654,0.8157317638397217
ccstytr,000000273132__Romanticism__gustave-dore_paradise-lost-4.png,000000273132__Romanticism__gustave-dore_paradise-lost-4,000000273132,Romanticism__gustave-dore_paradise-lost-4,0.57392817735672,0.33660537004470825,0.5673413888783816,1.285984754562378,0.8219180703163147
ccstytr,000000273132__Symbolism__nicholas-roerich_language-of-forest-1922.png,000000273132__Symbolism__nicholas-roerich_language-of-forest-1922,000000273132,Symbolism__nicholas-roerich_language-of-forest-1922,0.6966622471809387,0.46800991892814636,0.5587387860383856,1.7881882190704346,1.0268635749816895
ccstytr,000000273132__Ukiyo_e__kitagawa-utamaro_not_detected_233134.png,000000273132__Ukiyo_e__kitagawa-utamaro_not_detected_233134,000000273132,Ukiyo_e__kitagawa-utamaro_not_detected_233134,0.6289533972740173,0.5213268995285034,0.5815423227293195,1.930182695388794,1.1485148668289185
ccstytr,000000277051__Abstract_Expressionism__paul-jenkins_not_detected_235703.png,000000277051__Abstract_Expressionism__paul-jenkins_not_detected_235703,000000277051,Abstract_Expressionism__paul-jenkins_not_detected_235703,0.8338692784309387,0.3265300691127777,0.8644129211966027,0.8680248260498047,0.9707027077674866
ccstytr,000000277051__Art_Nouveau_Modern__nicholas-roerich_oze-1914.png,000000277051__Art_Nouveau_Modern__nicholas-roerich_oze-1914,000000277051,Art_Nouveau_Modern__nicholas-roerich_oze-1914,0.7807021737098694,0.36138400435447693,0.7050779880444008,1.1017217636108398,0.8960241079330444
ccstytr,000000277051__Baroque__rembrandt_portrait-of-nicolas-van-bambeeck-1641.png,000000277051__Baroque__rembrandt_portrait-of-nicolas-van-bambeeck-1641,000000277051,Baroque__rembrandt_portrait-of-nicolas-van-bambeeck-1641,0.6197752356529236,0.5065361261367798,0.7077148306503338,1.000866413116455,0.6342160701751709
ccstytr,000000277051__Color_Field_Painting__leon-berkowitz_dark-light-rose-gold-1978.png,000000277051__Color_Field_Painting__leon-berkowitz_dark-light-rose-gold-1978,000000277051,Color_Field_Painting__leon-berkowitz_dark-light-rose-gold-1978,0.6469456553459167,0.6083282828330994,0.5572143176610839,1.8445111513137817,0.9000335335731506
ccstytr,000000277051__Cubism__salvador-dali_cubist-composition-portrait-of-a-seated-person-holding-a-letter.png,000000277051__Cubism__salvador-dali_cubist-composition-portrait-of-a-seated-person-holding-a-letter,000000277051,Cubism__salvador-dali_cubist-composition-portrait-of-a-seated-person-holding-a-letter,0.8075754046440125,0.6717543601989746,0.8121052152829908,1.0247626304626465,0.5709309577941895
ccstytr,000000277051__Early_Renaissance__pietro-perugino_st-jerome-who-attends-two-unfairly-hanged-1473.png,000000277051__Early_Renaissance__pietro-perugino_st-jerome-who-attends-two-unfairly-hanged-1473,000000277051,Early_Renaissance__pietro-perugino_st-jerome-who-attends-two-unfairly-hanged-1473,0.7113400101661682,0.35714614391326904,0.5565400914149046,1.1025235652923584,0.8467237949371338
ccstytr,000000277051__Expressionism__amedeo-modigliani_germaine-survage-with-earrings-1918.png,000000277051__Expressionism__amedeo-modigliani_germaine-survage-with-earrings-1918,000000277051,Expressionism__amedeo-modigliani_germaine-survage-with-earrings-1918,0.7891620993614197,0.46923547983169556,0.7252812495678311,0.9193849563598633,0.5925113558769226
ccstytr,000000277051__High_Renaissance__raphael_madonna-and-child-enthroned-with-saints-1505.png,000000277051__High_Renaissance__raphael_madonna-and-child-enthroned-with-saints-1505,000000277051,High_Renaissance__raphael_madonna-and-child-enthroned-with-saints-1505,0.6659749150276184,0.3988513946533203,0.5169058095179655,1.4969897270202637,1.3259048461914062
ccstytr,000000277051__Impressionism__pierre-auguste-renoir_leaving-the-bath-1890.png,000000277051__Impressionism__pierre-auguste-renoir_leaving-the-bath-1890,000000277051,Impressionism__pierre-auguste-renoir_leaving-the-bath-1890,0.7679999470710754,0.4498848617076874,0.6854880242463643,1.0850251913070679,0.6534601449966431
ccstytr,000000277051__Mannerism_Late_Renaissance__tintoretto_st-mark-rescuing-a-saracen-from-shipwreck-1566.png,000000277051__Mannerism_Late_Renaissance__tintoretto_st-mark-rescuing-a-saracen-from-shipwreck-1566,000000277051,Mannerism_Late_Renaissance__tintoretto_st-mark-rescuing-a-saracen-from-shipwreck-1566,0.5744776129722595,0.43925148248672485,0.5057991800805135,1.3850486278533936,0.8995378017425537
ccstytr,000000277051__Minimalism__mario-schifano_untitled-1963.png,000000277051__Minimalism__mario-schifano_untitled-1963,000000277051,Minimalism__mario-schifano_untitled-1963,0.6332526803016663,0.8466641306877136,0.7124520454837804,1.5501331090927124,1.1131463050842285
ccstytr,000000277051__Naive_Art_Primitivism__marc-chagall_the-young-samuel-the-priest-s-servant-heard-that-he-is-called-by-god-eli-and-he-were-sleeping.png,000000277051__Naive_Art_Primitivism__marc-chagall_the-young-samuel-the-priest-s-servant-heard-that-he-is-called-by-god-eli-and-he-were-sleeping,000000277051,Naive_Art_Primitivism__marc-chagall_the-young-samuel-the-priest-s-servant-heard-that-he-is-called-by-god-eli-and-he-were-sleeping,0.4923630952835083,0.5219753384590149,0.36383179472999916,1.5722944736480713,0.6082534193992615
ccstytr,000000277051__Northern_Renaissance__albrecht-durer_lamentation-over-christ-1507.png,000000277051__Northern_Renaissance__albrecht-durer_lamentation-over-christ-1507,000000277051,Northern_Renaissance__albrecht-durer_lamentation-over-christ-1507,0.358720064163208,0.6071574091911316,0.23288731520002648,2.1945481300354004,1.031328797340393
ccstytr,000000277051__Pop_Art__peter-max_composition-red-green-1979.png,000000277051__Pop_Art__peter-max_composition-red-green-1979,000000277051,Pop_Art__peter-max_composition-red-green-1979,0.6108034253120422,0.44136106967926025,0.6975396212448627,1.7996211051940918,1.764414668083191
ccstytr,000000277051__Post_Impressionism__vincent-van-gogh_restaurant-de-la-sirene-at-asnieres-1887.png,000000277051__Post_Impressionism__vincent-van-gogh_restaurant-de-la-sirene-at-asnieres-1887,000000277051,Post_Impressionism__vincent-van-gogh_restaurant-de-la-sirene-at-asnieres-1887,0.47712793946266174,0.5972763299942017,0.3089007904721444,1.9085334539413452,0.9345805644989014
ccstytr,000000277051__Realism__vincent-van-gogh_cottage-with-peasant-coming-home-1885(1).png,000000277051__Realism__vincent-van-gogh_cottage-with-peasant-coming-home-1885(1),000000277051,Realism__vincent-van-gogh_cottage-with-peasant-coming-home-1885(1),0.7089676856994629,0.46106868982315063,0.5790078471588249,1.2006860971450806,0.5577346086502075
ccstytr,000000277051__Rococo__dmitry-levitzky_portrait-of-baron-a-n-stroganoff.png,000000277051__Rococo__dmitry-levitzky_portrait-of-baron-a-n-stroganoff,000000277051,Rococo__dmitry-levitzky_portrait-of-baron-a-n-stroganoff,0.6404409408569336,0.4402138590812683,0.7376138475117141,0.8347602486610413,0.6377506852149963
ccstytr,000000277051__Romanticism__gustave-dore_paradise-lost-4.png,000000277051__Romanticism__gustave-dore_paradise-lost-4,000000277051,Romanticism__gustave-dore_paradise-lost-4,0.5619774460792542,0.5115785598754883,0.42274607675710546,1.355533480644226,0.8481930494308472
ccstytr,000000277051__Symbolism__nicholas-roerich_language-of-forest-1922.png,000000277051__Symbolism__nicholas-roerich_language-of-forest-1922,000000277051,Symbolism__nicholas-roerich_language-of-forest-1922,0.6755073070526123,0.3932839035987854,0.5195655533319434,1.3979361057281494,0.9164260029792786
ccstytr,000000277051__Ukiyo_e__kitagawa-utamaro_not_detected_233134.png,000000277051__Ukiyo_e__kitagawa-utamaro_not_detected_233134,000000277051,Ukiyo_e__kitagawa-utamaro_not_detected_233134,0.5924646854400635,0.49429887533187866,0.5224264744142461,1.6714835166931152,0.9793756008148193
ccstytr,000000296969__Abstract_Expressionism__paul-jenkins_not_detected_235703.png,000000296969__Abstract_Expressionism__paul-jenkins_not_detected_235703,000000296969,Abstract_Expressionism__paul-jenkins_not_detected_235703,0.4814341962337494,0.4257742464542389,0.34105015969589536,1.8784143924713135,1.054046630859375
ccstytr,000000296969__Art_Nouveau_Modern__nicholas-roerich_oze-1914.png,000000296969__Art_Nouveau_Modern__nicholas-roerich_oze-1914,000000296969,Art_Nouveau_Modern__nicholas-roerich_oze-1914,0.5491275191307068,0.40634557604789734,0.5241245739848918,1.5275919437408447,1.1754950284957886
ccstytr,000000296969__Baroque__rembrandt_portrait-of-nicolas-van-bambeeck-1641.png,000000296969__Baroque__rembrandt_portrait-of-nicolas-van-bambeeck-1641,000000296969,Baroque__rembrandt_portrait-of-nicolas-van-bambeeck-1641,0.3308570384979248,0.3651910126209259,0.44981233726082115,1.3521301746368408,0.8503360152244568
ccstytr,000000296969__Color_Field_Painting__leon-berkowitz_dark-light-rose-gold-1978.png,000000296969__Color_Field_Painting__leon-berkowitz_dark-light-rose-gold-1978,000000296969,Color_Field_Painting__leon-berkowitz_dark-light-rose-gold-1978,0.2877310514450073,0.7558138966560364,0.2681752250641017,2.4212584495544434,0.7534524202346802
ccstytr,000000296969__Cubism__salvador-dali_cubist-composition-portrait-of-a-seated-person-holding-a-letter.png,000000296969__Cubism__salvador-dali_cubist-composition-portrait-of-a-seated-person-holding-a-letter,000000296969,Cubism__salvador-dali_cubist-composition-portrait-of-a-seated-person-holding-a-letter,0.47043004631996155,0.4811590909957886,0.38130187080788813,1.3952502012252808,0.8273502588272095
ccstytr,000000296969__Early_Renaissance__pietro-perugino_st-jerome-who-attends-two-unfairly-hanged-1473.png,000000296969__Early_Renaissance__pietro-perugino_st-jerome-who-attends-two-unfairly-hanged-1473,000000296969,Early_Renaissance__pietro-perugino_st-jerome-who-attends-two-unfairly-hanged-1473,0.6748949885368347,0.4031057357788086,0.5787585228586417,1.7423758506774902,1.0483843088150024
ccstytr,000000296969__Expressionism__amedeo-modigliani_germaine-survage-with-earrings-1918.png,000000296969__Expressionism__amedeo-modigliani_germaine-survage-with-earrings-1918,000000296969,Expressionism__amedeo-modigliani_germaine-survage-with-earrings-1918,0.5362025499343872,0.45591917634010315,0.5087015994217984,1.4684417247772217,0.802128791809082
ccstytr,000000296969__High_Renaissance__raphael_madonna-and-child-enthroned-with-saints-1505.png,000000296969__High_Renaissance__raphael_madonna-and-child-enthroned-with-saints-1505,000000296969,High_Renaissance__raphael_madonna-and-child-enthroned-with-saints-1505,0.5614718794822693,0.4879518151283264,0.4044287964101555,2.2938485145568848,1.7764191627502441
ccstytr,000000296969__Impressionism__pierre-auguste-renoir_leaving-the-bath-1890.png,000000296969__Impressionism__pierre-auguste-renoir_leaving-the-bath-1890,000000296969,Impressionism__pierre-auguste-renoir_leaving-the-bath-1890,0.48699402809143066,0.44139665365219116,0.40670885536235174,1.581228494644165,0.7302278280258179
ccstytr,000000296969__Mannerism_Late_Renaissance__tintoretto_st-mark-rescuing-a-saracen-from-shipwreck-1566.png,000000296969__Mannerism_Late_Renaissance__tintoretto_st-mark-rescuing-a-saracen-from-shipwreck-1566,000000296969,Mannerism_Late_Renaissance__tintoretto_st-mark-rescuing-a-saracen-from-shipwreck-1566,0.6510137915611267,0.33856135606765747,0.6152612137304837,1.529476523399353,1.1002986431121826
ccstytr,000000296969__Minimalism__mario-schifano_untitled-1963.png,000000296969__Minimalism__mario-schifano_untitled-1963,000000296969,Minimalism__mario-schifano_untitled-1963,0.22548651695251465,0.814011812210083,0.1093003643448538,2.271381378173828,1.3748290538787842
ccstytr,000000296969__Naive_Art_Primitivism__marc-chagall_the-young-samuel-the-priest-s-servant-heard-that-he-is-called-by-god-eli-and-he-were-sleeping.png,000000296969__Naive_Art_Primitivism__marc-chagall_the-young-samuel-the-priest-s-servant-heard-that-he-is-called-by-god-eli-and-he-were-sleeping,000000296969,Naive_Art_Primitivism__marc-chagall_the-young-samuel-the-priest-s-servant-heard-that-he-is-called-by-god-eli-and-he-were-sleeping,0.6702318787574768,0.339931458234787,0.64015280252625,1.3805623054504395,0.6995577812194824
ccstytr,000000296969__Northern_Renaissance__albrecht-durer_lamentation-over-christ-1507.png,000000296969__Northern_Renaissance__albrecht-durer_lamentation-over-christ-1507,000000296969,Northern_Renaissance__albrecht-durer_lamentation-over-christ-1507,0.5519031882286072,0.5059200525283813,0.42878975919396356,2.516019344329834,1.1920527219772339
ccstytr,000000296969__Pop_Art__peter-max_composition-red-green-1979.png,000000296969__Pop_Art__peter-max_composition-red-green-1979,000000296969,Pop_Art__peter-max_composition-red-green-1979,0.3299579918384552,0.5155203342437744,0.2097571044944145,2.531576156616211,1.651835560798645
ccstytr,000000296969__Post_Impressionism__vincent-van-gogh_restaurant-de-la-sirene-at-asnieres-1887.png,000000296969__Post_Impressionism__vincent-van-gogh_restaurant-de-la-sirene-at-asnieres-1887,000000296969,Post_Impressionism__vincent-van-gogh_restaurant-de-la-sirene-at-asnieres-1887,0.6251023411750793,0.48352041840553284,0.5484263906350888,2.017524003982544,1.073800802230835
ccstytr,000000296969__Realism__vincent-van-gogh_cottage-with-peasant-coming-home-1885(1).png,000000296969__Realism__vincent-van-gogh_cottage-with-peasant-coming-home-1885(1),000000296969,Realism__vincent-van-gogh_cottage-with-peasant-coming-home-1885(1),0.722689151763916,0.23351821303367615,0.6604200758816058,1.1374379396438599,0.5634596347808838
ccstytr,000000296969__Rococo__dmitry-levitzky_portrait-of-baron-a-n-stroganoff.png,000000296969__Rococo__dmitry-levitzky_portrait-of-baron-a-n-stroganoff,000000296969,Rococo__dmitry-levitzky_portrait-of-baron-a-n-stroganoff,0.33813735842704773,0.3710518181324005,0.47667296854212926,1.4122430086135864,0.7608928084373474
ccstytr,000000296969__Romanticism__gustave-dore_paradise-lost-4.png,000000296969__Romanticism__gustave-dore_paradise-lost-4,000000296969,Romanticism__gustave-dore_paradise-lost-4,0.5974505543708801,0.3196825683116913,0.6742275309962011,1.310813546180725,1.0598342418670654
ccstytr,000000296969__Symbolism__nicholas-roerich_language-of-forest-1922.png,000000296969__Symbolism__nicholas-roerich_language-of-forest-1922,000000296969,Symbolism__nicholas-roerich_language-of-forest-1922,0.629654049873352,0.4665446877479553,0.5860409595122169,1.9342708587646484,0.9945858716964722
ccstytr,000000296969__Ukiyo_e__kitagawa-utamaro_not_detected_233134.png,000000296969__Ukiyo_e__kitagawa-utamaro_not_detected_233134,000000296969,Ukiyo_e__kitagawa-utamaro_not_detected_233134,0.4565279185771942,0.5388683676719666,0.3563693501418341,2.444143295288086,1.59175443649292
ccstytr,000000302107__Abstract_Expressionism__paul-jenkins_not_detected_235703.png,000000302107__Abstract_Expressionism__paul-jenkins_not_detected_235703,000000302107,Abstract_Expressionism__paul-jenkins_not_detected_235703,0.6863687634468079,0.3404451310634613,0.7312159200432394,1.1343787908554077,1.0471519231796265
ccstytr,000000302107__Art_Nouveau_Modern__nicholas-roerich_oze-1914.png,000000302107__Art_Nouveau_Modern__nicholas-roerich_oze-1914,000000302107,Art_Nouveau_Modern__nicholas-roerich_oze-1914,0.7183742523193359,0.3256198763847351,0.7913781417783408,0.978012204170227,0.895311713218689
ccstytr,000000302107__Baroque__rembrandt_portrait-of-nicolas-van-bambeeck-1641.png,000000302107__Baroque__rembrandt_portrait-of-nicolas-van-bambeeck-1641,000000302107,Baroque__rembrandt_portrait-of-nicolas-van-bambeeck-1641,0.4369564354419708,0.40773898363113403,0.7204884939740264,1.1230356693267822,0.6507662534713745
ccstytr,000000302107__Color_Field_Painting__leon-berkowitz_dark-light-rose-gold-1978.png,000000302107__Color_Field_Painting__leon-berkowitz_dark-light-rose-gold-1978,000000302107,Color_Field_Painting__leon-berkowitz_dark-light-rose-gold-1978,0.5116593241691589,0.7138566970825195,0.5487235544344552,2.229336738586426,0.8270043134689331
ccstytr,000000302107__Cubism__salvador-dali_cubist-composition-portrait-of-a-seated-person-holding-a-letter.png,000000302107__Cubism__salvador-dali_cubist-composition-portrait-of-a-seated-person-holding-a-letter,000000302107,Cubism__salvador-dali_cubist-composition-portrait-of-a-seated-person-holding-a-letter,0.735255241394043,0.513507604598999,0.8107104194201478,1.0812205076217651,0.6134419441223145
ccstytr,000000302107__Early_Renaissance__pietro-perugino_st-jerome-who-attends-two-unfairly-hanged-1473.png,000000302107__Early_Renaissance__pietro-perugino_st-jerome-who-attends-two-unfairly-hanged-1473,000000302107,Early_Renaissance__pietro-perugino_st-jerome-who-attends-two-unfairly-hanged-1473,0.6556780338287354,0.39071738719940186,0.6148383642246745,1.374299168586731,0.9734190702438354
ccstytr,000000302107__Expressionism__amedeo-modigliani_germaine-survage-with-earrings-1918.png,000000302107__Expressionism__amedeo-modigliani_germaine-survage-with-earrings-1918,000000302107,Expressionism__amedeo-modigliani_germaine-survage-with-earrings-1918,0.6964743733406067,0.4465678036212921,0.7675318058804985,1.1410856246948242,0.6802618503570557
ccstytr,000000302107__High_Renaissance__raphael_madonna-and-child-enthroned-with-saints-1505.png,000000302107__High_Renaissance__raphael_madonna-and-child-enthroned-with-saints-1505,000000302107,High_Renaissance__raphael_madonna-and-child-enthroned-with-saints-1505,0.6586063504219055,0.365234375,0.6341829936143266,1.414287805557251,1.3188303709030151
ccstytr,000000302107__Impressionism__pierre-auguste-renoir_leaving-the-bath-1890.png,000000302107__Impressionism__pierre-auguste-renoir_leaving-the-bath-1890,000000302107,Impressionism__pierre-auguste-renoir_leaving-the-bath-1890,0.712792158126831,0.42030763626098633,0.716414707613468,1.3550230264663696,0.6389052867889404
ccstytr,000000302107__Mannerism_Late_Renaissance__tintoretto_st-mark-rescuing-a-saracen-from-shipwreck-1566.png,000000302107__Mannerism_Late_Renaissance__tintoretto_st-mark-rescuing-a-saracen-from-shipwreck-1566,000000302107,Mannerism_Late_Renaissance__tintoretto_st-mark-rescuing-a-saracen-from-shipwreck-1566,0.5537890791893005,0.38302117586135864,0.6264857721376185,1.2780699729919434,0.91294264793396
ccstytr,000000302107__Minimalism__mario-schifano_untitled-1963.png,000000302107__Minimalism__mario-schifano_untitled-1963,000000302107,Minimalism__mario-schifano_untitled-1963,0.5368151068687439,0.7773090600967407,0.4735573753625989,1.830716609954834,1.2154613733291626
ccstytr,000000302107__Naive_Art_Primitivism__marc-chagall_the-young-samuel-the-priest-s-servant-heard-that-he-is-called-by-god-eli-and-he-were-sleeping.png,000000302107__Naive_Art_Primitivism__marc-chagall_the-young-samuel-the-priest-s-servant-heard-that-he-is-called-by-god-eli-and-he-were-sleeping,000000302107,Naive_Art_Primitivism__marc-chagall_the-young-samuel-the-priest-s-servant-heard-that-he-is-called-by-god-eli-and-he-were-sleeping,0.6148917078971863,0.4674306809902191,0.45247613330137154,1.625844955444336,0.5954027771949768
ccstytr,000000302107__Northern_Renaissance__albrecht-durer_lamentation-over-christ-1507.png,000000302107__Northern_Renaissance__albrecht-durer_lamentation-over-christ-1507,000000302107,Northern_Renaissance__albrecht-durer_lamentation-over-christ-1507,0.44236859679222107,0.5274553298950195,0.32844584204224925,2.09224271774292,1.0508322715759277
ccstytr,000000302107__Pop_Art__peter-max_composition-red-green-1979.png,000000302107__Pop_Art__peter-max_composition-red-green-1979,000000302107,Pop_Art__peter-max_composition-red-green-1979,0.6258291602134705,0.39376771450042725,0.5875979490954979,1.753310203552246,1.6912072896957397
ccstytr,000000302107__Post_Impressionism__vincent-van-gogh_restaurant-de-la-sirene-at-asnieres-1887.png,000000302107__Post_Impressionism__vincent-van-gogh_restaurant-de-la-sirene-at-asnieres-1887,000000302107,Post_Impressionism__vincent-van-gogh_restaurant-de-la-sirene-at-asnieres-1887,0.5735978484153748,0.5444110631942749,0.4149251544412559,1.9103304147720337,0.9627578258514404
ccstytr,000000302107__Realism__vincent-van-gogh_cottage-with-peasant-coming-home-1885(1).png,000000302107__Realism__vincent-van-gogh_cottage-with-peasant-coming-home-1885(1),000000302107,Realism__vincent-van-gogh_cottage-with-peasant-coming-home-1885(1),0.8171648979187012,0.29460376501083374,0.7297891575385234,1.1109120845794678,0.535831093788147
ccstytr,000000302107__Rococo__dmitry-levitzky_portrait-of-baron-a-n-stroganoff.png,000000302107__Rococo__dmitry-levitzky_portrait-of-baron-a-n-stroganoff,000000302107,Rococo__dmitry-levitzky_portrait-of-baron-a-n-stroganoff,0.45686331391334534,0.36018455028533936,0.7572050805981642,1.0013478994369507,0.6884866952896118
ccstytr,000000302107__Romanticism__gustave-dore_paradise-lost-4.png,000000302107__Romanticism__gustave-dore_paradise-lost-4,000000302107,Romanticism__gustave-dore_paradise-lost-4,0.519198477268219,0.41545796394348145,0.5305490535823276,1.34676992893219,0.8658183813095093
ccstytr,000000302107__Symbolism__nicholas-roerich_language-of-forest-1922.png,000000302107__Symbolism__nicholas-roerich_language-of-forest-1922,000000302107,Symbolism__nicholas-roerich_language-of-forest-1922,0.6668675541877747,0.42793938517570496,0.5949895144792378,1.5432778596878052,1.0054736137390137
ccstytr,000000302107__Ukiyo_e__kitagawa-utamaro_not_detected_233134.png,000000302107__Ukiyo_e__kitagawa-utamaro_not_detected_233134,000000302107,Ukiyo_e__kitagawa-utamaro_not_detected_233134,0.6992924213409424,0.4397730231285095,0.6584425746476436,1.43650484085083,1.0773698091506958
ccstytr,000000322944__Abstract_Expressionism__paul-jenkins_not_detected_235703.png,000000322944__Abstract_Expressionism__paul-jenkins_not_detected_235703,000000322944,Abstract_Expressionism__paul-jenkins_not_detected_235703,0.7484460473060608,0.3004329204559326,0.8253887189008983,0.8463116884231567,1.39215886592865
ccstytr,000000322944__Art_Nouveau_Modern__nicholas-roerich_oze-1914.png,000000322944__Art_Nouveau_Modern__nicholas-roerich_oze-1914,000000322944,Art_Nouveau_Modern__nicholas-roerich_oze-1914,0.6638327240943909,0.3659563362598419,0.6198854148179368,1.1305277347564697,0.8805528879165649
ccstytr,000000322944__Baroque__rembrandt_portrait-of-nicolas-van-bambeeck-1641.png,000000322944__Baroque__rembrandt_portrait-of-nicolas-van-bambeeck-1641,000000322944,Baroque__rembrandt_portrait-of-nicolas-van-bambeeck-1641,0.7179810404777527,0.4413447976112366,0.6313550684896329,0.8669723272323608,0.5120067596435547
ccstytr,000000322944__Color_Field_Painting__leon-berkowitz_dark-light-rose-gold-1978.png,000000322944__Color_Field_Painting__leon-berkowitz_dark-light-rose-gold-1978,000000322944,Color_Field_Painting__leon-berkowitz_dark-light-rose-gold-1978,0.4684669077396393,0.6587314605712891,0.4384148260588684,1.892822265625,0.8801672458648682
ccstytr,000000322944__Cubism__salvador-dali_cubist-composition-portrait-of-a-seated-person-holding-a-letter.png,000000322944__Cubism__salvador-dali_cubist-composition-portrait-of-a-seated-person-holding-a-letter,000000322944,Cubism__salvador-dali_cubist-composition-portrait-of-a-seated-person-holding-a-letter,0.6286921501159668,0.6566710472106934,0.675411643709388,0.9661731123924255,0.7614742517471313
ccstytr,000000322944__Early_Renaissance__pietro-perugino_st-jerome-who-attends-two-unfairly-hanged-1473.png,000000322944__Early_Renaissance__pietro-perugino_st-jerome-who-attends-two-unfairly-hanged-1473,000000322944,Early_Renaissance__pietro-perugino_st-jerome-who-attends-two-unfairly-hanged-1473,0.5175372958183289,0.4712423086166382,0.4862785844682946,1.4299960136413574,0.9552356004714966
ccstytr,000000322944__Expressionism__amedeo-modigliani_germaine-survage-with-earrings-1918.png,000000322944__Expressionism__amedeo-modigliani_germaine-survage-with-earrings-1918,000000322944,Expressionism__amedeo-modigliani_germaine-survage-with-earrings-1918,0.6459276676177979,0.5410218834877014,0.5946131582217808,0.9336531162261963,0.6360765695571899
ccstytr,000000322944__High_Renaissance__raphael_madonna-and-child-enthroned-with-saints-1505.png,000000322944__High_Renaissance__raphael_madonna-and-child-enthroned-with-saints-1505,000000322944,High_Renaissance__raphael_madonna-and-child-enthroned-with-saints-1505,0.5361550450325012,0.43338650465011597,0.5215694882929918,1.5847315788269043,1.376247763633728
ccstytr,000000322944__Impressionism__pierre-auguste-renoir_leaving-the-bath-1890.png,000000322944__Impressionism__pierre-auguste-renoir_leaving-the-bath-1890,000000322944,Impressionism__pierre-auguste-renoir_leaving-the-bath-1890,0.5461699366569519,0.5157144069671631,0.5145937407042304,1.2480909824371338,0.6001400947570801
ccstytr,000000322944__Mannerism_Late_Renaissance__tintoretto_st-mark-rescuing-a-saracen-from-shipwreck-1566.png,000000322944__Mannerism_Late_Renaissance__tintoretto_st-mark-rescuing-a-saracen-from-shipwreck-1566,000000322944,Mannerism_Late_Renaissance__tintoretto_st-mark-rescuing-a-saracen-from-shipwreck-1566,0.6140351891517639,0.43513455986976624,0.511202595642946,1.3684911727905273,0.8684473037719727
ccstytr,000000322944__Minimalism__mario-schifano_untitled-1963.png,000000322944__Minimalism__mario-schifano_untitled-1963,000000322944,Minimalism__mario-schifano_untitled-1963,0.4082127511501312,0.8904367089271545,0.6571628337845054,1.6874102354049683,1.2959896326065063
ccstytr,000000322944__Naive_Art_Primitivism__marc-chagall_the-young-samuel-the-priest-s-servant-heard-that-he-is-called-by-god-eli-and-he-were-sleeping.png,000000322944__Naive_Art_Primitivism__marc-chagall_the-young-samuel-the-priest-s-servant-heard-that-he-is-called-by-god-eli-and-he-were-sleeping,000000322944,Naive_Art_Primitivism__marc-chagall_the-young-samuel-the-priest-s-servant-heard-that-he-is-called-by-god-eli-and-he-were-sleeping,0.3676343858242035,0.5170807242393494,0.3327314235108155,1.6013171672821045,0.693912148475647
ccstytr,000000322944__Northern_Renaissance__albrecht-durer_lamentation-over-christ-1507.png,000000322944__Northern_Renaissance__albrecht-durer_lamentation-over-christ-1507,000000322944,Northern_Renaissance__albrecht-durer_lamentation-over-christ-1507,0.31578728556632996,0.5424391031265259,0.291079607972643,1.936973214149475,1.143031358718872
ccstytr,000000322944__Pop_Art__peter-max_composition-red-green-1979.png,000000322944__Pop_Art__peter-max_composition-red-green-1979,000000322944,Pop_Art__peter-max_composition-red-green-1979,0.3632534444332123,0.5523003339767456,0.5702131854713685,1.8340619802474976,1.4119672775268555
ccstytr,000000322944__Post_Impressionism__vincent-van-gogh_restaurant-de-la-sirene-at-asnieres-1887.png,000000322944__Post_Impressionism__vincent-van-gogh_restaurant-de-la-sirene-at-asnieres-1887,000000322944,Post_Impressionism__vincent-van-gogh_restaurant-de-la-sirene-at-asnieres-1887,0.37307682633399963,0.6136032342910767,0.3060800476919543,1.898216962814331,1.1521555185317993
ccstytr,000000322944__Realism__vincent-van-gogh_cottage-with-peasant-coming-home-1885(1).png,000000322944__Realism__vincent-van-gogh_cottage-with-peasant-coming-home-1885(1),000000322944,Realism__vincent-van-gogh_cottage-with-peasant-coming-home-1885(1),0.5036832094192505,0.4811133146286011,0.4846762561007034,1.2878824472427368,0.7034497857093811
ccstytr,000000322944__Rococo__dmitry-levitzky_portrait-of-baron-a-n-stroganoff.png,000000322944__Rococo__dmitry-levitzky_portrait-of-baron-a-n-stroganoff,000000322944,Rococo__dmitry-levitzky_portrait-of-baron-a-n-stroganoff,0.7279995083808899,0.42875245213508606,0.6910789053089581,0.842585563659668,0.55736243724823
ccstytr,000000322944__Romanticism__gustave-dore_paradise-lost-4.png,000000322944__Romanticism__gustave-dore_paradise-lost-4,000000322944,Romanticism__gustave-dore_paradise-lost-4,0.6308097839355469,0.4322551488876343,0.4871363341557134,1.1193697452545166,0.929290771484375
ccstytr,000000322944__Symbolism__nicholas-roerich_language-of-forest-1922.png,000000322944__Symbolism__nicholas-roerich_language-of-forest-1922,000000322944,Symbolism__nicholas-roerich_language-of-forest-1922,0.4902776777744293,0.4882839620113373,0.4553246292585687,1.7142763137817383,1.0338988304138184
ccstytr,000000322944__Ukiyo_e__kitagawa-utamaro_not_detected_233134.png,000000322944__Ukiyo_e__kitagawa-utamaro_not_detected_233134,000000322944,Ukiyo_e__kitagawa-utamaro_not_detected_233134,0.38337671756744385,0.5513027906417847,0.4210814404206109,1.5816924571990967,1.6189216375350952
ccstytr,000000329447__Abstract_Expressionism__paul-jenkins_not_detected_235703.png,000000329447__Abstract_Expressionism__paul-jenkins_not_detected_235703,000000329447,Abstract_Expressionism__paul-jenkins_not_detected_235703,0.6310672163963318,0.31119635701179504,0.5787517738411317,1.072846531867981,1.272632360458374
ccstytr,000000329447__Art_Nouveau_Modern__nicholas-roerich_oze-1914.png,000000329447__Art_Nouveau_Modern__nicholas-roerich_oze-1914,000000329447,Art_Nouveau_Modern__nicholas-roerich_oze-1914,0.6031495928764343,0.4376392960548401,0.6979880600542219,1.276684045791626,1.2178986072540283
ccstytr,000000329447__Baroque__rembrandt_portrait-of-nicolas-van-bambeeck-1641.png,000000329447__Baroque__rembrandt_portrait-of-nicolas-van-bambeeck-1641,000000329447,Baroque__rembrandt_portrait-of-nicolas-van-bambeeck-1641,0.45499956607818604,0.31428444385528564,0.6113497721501909,0.9861990213394165,0.7933788299560547
ccstytr,000000329447__Color_Field_Painting__leon-berkowitz_dark-light-rose-gold-1978.png,000000329447__Color_Field_Painting__leon-berkowitz_dark-light-rose-gold-1978,000000329447,Color_Field_Painting__leon-berkowitz_dark-light-rose-gold-1978,0.32966896891593933,0.8462380170822144,0.3871616141398508,2.4876608848571777,0.7719486355781555
ccstytr,000000329447__Cubism__salvador-dali_cubist-composition-portrait-of-a-seated-person-holding-a-letter.png,000000329447__Cubism__salvador-dali_cubist-composition-portrait-of-a-seated-person-holding-a-letter,000000329447,Cubism__salvador-dali_cubist-composition-portrait-of-a-seated-person-holding-a-letter,0.5274083614349365,0.36330336332321167,0.5757110027397342,1.0242384672164917,0.7910452485084534
ccstytr,000000329447__Early_Renaissance__pietro-perugino_st-jerome-who-attends-two-unfairly-hanged-1473.png,000000329447__Early_Renaissance__pietro-perugino_st-jerome-who-attends-two-unfairly-hanged-1473,000000329447,Early_Renaissance__pietro-perugino_st-jerome-who-attends-two-unfairly-hanged-1473,0.7362318634986877,0.330587774515152,0.7517441869781657,1.0376214981079102,1.042468547821045
ccstytr,000000329447__Expressionism__amedeo-modigliani_germaine-survage-with-earrings-1918.png,000000329447__Expressionism__amedeo-modigliani_germaine-survage-with-earrings-1918,000000329447,Expressionism__amedeo-modigliani_germaine-survage-with-earrings-1918,0.5965810418128967,0.4712338447570801,0.6526028166261088,1.171771764755249,0.7348487973213196
ccstytr,000000329447__High_Renaissance__raphael_madonna-and-child-enthroned-with-saints-1505.png,000000329447__High_Renaissance__raphael_madonna-and-child-enthroned-with-saints-1505,000000329447,High_Renaissance__raphael_madonna-and-child-enthroned-with-saints-1505,0.6503946781158447,0.4042149484157562,0.6198713712860385,1.5157169103622437,1.583425760269165
ccstytr,000000329447__Impressionism__pierre-auguste-renoir_leaving-the-bath-1890.png,000000329447__Impressionism__pierre-auguste-renoir_leaving-the-bath-1890,000000329447,Impressionism__pierre-auguste-renoir_leaving-the-bath-1890,0.5165930986404419,0.45536768436431885,0.5600635088375593,1.37135648727417,0.6425426006317139
ccstytr,000000329447__Mannerism_Late_Renaissance__tintoretto_st-mark-rescuing-a-saracen-from-shipwreck-1566.png,000000329447__Mannerism_Late_Renaissance__tintoretto_st-mark-rescuing-a-saracen-from-shipwreck-1566,000000329447,Mannerism_Late_Renaissance__tintoretto_st-mark-rescuing-a-saracen-from-shipwreck-1566,0.7369399666786194,0.3485789895057678,0.7361544078644523,1.1775259971618652,1.0279128551483154
ccstytr,000000329447__Minimalism__mario-schifano_untitled-1963.png,000000329447__Minimalism__mario-schifano_untitled-1963,000000329447,Minimalism__mario-schifano_untitled-1963,0.2747482359409332,0.7633857131004333,0.24325396179921102,2.015894651412964,1.214339256286621
ccstytr,000000329447__Naive_Art_Primitivism__marc-chagall_the-young-samuel-the-priest-s-servant-heard-that-he-is-called-by-god-eli-and-he-were-sleeping.png,000000329447__Naive_Art_Primitivism__marc-chagall_the-young-samuel-the-priest-s-servant-heard-that-he-is-called-by-god-eli-and-he-were-sleeping,000000329447,Naive_Art_Primitivism__marc-chagall_the-young-samuel-the-priest-s-servant-heard-that-he-is-called-by-god-eli-and-he-were-sleeping,0.5457630753517151,0.435450941324234,0.5429690972229904,1.484001636505127,0.7224085927009583
ccstytr,000000329447__Northern_Renaissance__albrecht-durer_lamentation-over-christ-1507.png,000000329447__Northern_Renaissance__albrecht-durer_lamentation-over-christ-1507,000000329447,Northern_Renaissance__albrecht-durer_lamentation-over-christ-1507,0.483445405960083,0.49809136986732483,0.4259173248387247,1.9505681991577148,1.1859983205795288
ccstytr,000000329447__Pop_Art__peter-max_composition-red-green-1979.png,000000329447__Pop_Art__peter-max_composition-red-green-1979,000000329447,Pop_Art__peter-max_composition-red-green-1979,0.35826802253723145,0.4475301504135132,0.3915301050171873,2.0172924995422363,1.5674521923065186
ccstytr,000000329447__Post_Impressionism__vincent-van-gogh_restaurant-de-la-sirene-at-asnieres-1887.png,000000329447__Post_Impressionism__vincent-van-gogh_restaurant-de-la-sirene-at-asnieres-1887,000000329447,Post_Impressionism__vincent-van-gogh_restaurant-de-la-sirene-at-asnieres-1887,0.5526532530784607,0.5300628542900085,0.5288417440293229,1.7337844371795654,1.1630557775497437
ccstytr,000000329447__Realism__vincent-van-gogh_cottage-with-peasant-coming-home-1885(1).png,000000329447__Realism__vincent-van-gogh_cottage-with-peasant-coming-home-1885(1),000000329447,Realism__vincent-van-gogh_cottage-with-peasant-coming-home-1885(1),0.6648629307746887,0.26783639192581177,0.7164904738627476,1.0221199989318848,0.7749060392379761
ccstytr,000000329447__Rococo__dmitry-levitzky_portrait-of-baron-a-n-stroganoff.png,000000329447__Rococo__dmitry-levitzky_portrait-of-baron-a-n-stroganoff,000000329447,Rococo__dmitry-levitzky_portrait-of-baron-a-n-stroganoff,0.4631001949310303,0.3269188404083252,0.6634484787717659,1.0161139965057373,0.8127777576446533
ccstytr,000000329447__Romanticism__gustave-dore_paradise-lost-4.png,000000329447__Romanticism__gustave-dore_paradise-lost-4,000000329447,Romanticism__gustave-dore_paradise-lost-4,0.6840505599975586,0.3046487867832184,0.7156393280026185,1.0287150144577026,1.1023132801055908
ccstytr,000000329447__Symbolism__nicholas-roerich_language-of-forest-1922.png,000000329447__Symbolism__nicholas-roerich_language-of-forest-1922,000000329447,Symbolism__nicholas-roerich_language-of-forest-1922,0.6476622223854065,0.461575984954834,0.6987639059716793,1.5094020366668701,1.0242916345596313
ccstytr,000000329447__Ukiyo_e__kitagawa-utamaro_not_detected_233134.png,000000329447__Ukiyo_e__kitagawa-utamaro_not_detected_233134,000000329447,Ukiyo_e__kitagawa-utamaro_not_detected_233134,0.4571772813796997,0.5439252853393555,0.4834361610773471,1.8748915195465088,1.3692885637283325
ccstytr,000000338625__Abstract_Expressionism__paul-jenkins_not_detected_235703.png,000000338625__Abstract_Expressionism__paul-jenkins_not_detected_235703,000000338625,Abstract_Expressionism__paul-jenkins_not_detected_235703,0.6977303624153137,0.3292998671531677,0.6689333514218377,1.3262463808059692,1.3031740188598633
ccstytr,000000338625__Art_Nouveau_Modern__nicholas-roerich_oze-1914.png,000000338625__Art_Nouveau_Modern__nicholas-roerich_oze-1914,000000338625,Art_Nouveau_Modern__nicholas-roerich_oze-1914,0.697666347026825,0.29746881127357483,0.7183088999363747,1.2630935907363892,1.0029892921447754
ccstytr,000000338625__Baroque__rembrandt_portrait-of-nicolas-van-bambeeck-1641.png,000000338625__Baroque__rembrandt_portrait-of-nicolas-van-bambeeck-1641,000000338625,Baroque__rembrandt_portrait-of-nicolas-van-bambeeck-1641,0.4520038366317749,0.45947614312171936,0.6070143799013643,1.3408756256103516,0.8612819910049438
ccstytr,000000338625__Color_Field_Painting__leon-berkowitz_dark-light-rose-gold-1978.png,000000338625__Color_Field_Painting__leon-berkowitz_dark-light-rose-gold-1978,000000338625,Color_Field_Painting__leon-berkowitz_dark-light-rose-gold-1978,0.46955767273902893,0.6557746529579163,0.4314121616516971,2.311150312423706,0.9823410511016846
ccstytr,000000338625__Cubism__salvador-dali_cubist-composition-portrait-of-a-seated-person-holding-a-letter.png,000000338625__Cubism__salvador-dali_cubist-composition-portrait-of-a-seated-person-holding-a-letter,000000338625,Cubism__salvador-dali_cubist-composition-portrait-of-a-seated-person-holding-a-letter,0.6585752367973328,0.6363367438316345,0.6506016988296005,1.4266746044158936,0.7558884620666504
ccstytr,000000338625__Early_Renaissance__pietro-perugino_st-jerome-who-attends-two-unfairly-hanged-1473.png,000000338625__Early_Renaissance__pietro-perugino_st-jerome-who-attends-two-unfairly-hanged-1473,000000338625,Early_Renaissance__pietro-perugino_st-jerome-who-attends-two-unfairly-hanged-1473,0.7610700726509094,0.32013893127441406,0.7036713542864701,1.2174732685089111,1.6149516105651855
ccstytr,000000338625__Expressionism__amedeo-modigliani_germaine-survage-with-earrings-1918.png,000000338625__Expressionism__amedeo-modigliani_germaine-survage-with-earrings-1918,000000338625,Expressionism__amedeo-modigliani_germaine-survage-with-earrings-1918,0.6636185050010681,0.49630987644195557,0.6437530688985122,1.445176362991333,0.8721456527709961
ccstytr,000000338625__High_Renaissance__raphael_madonna-and-child-enthroned-with-saints-1505.png,000000338625__High_Renaissance__raphael_madonna-and-child-enthroned-with-saints-1505,000000338625,High_Renaissance__raphael_madonna-and-child-enthroned-with-saints-1505,0.9110320210456848,0.07694964110851288,0.9691018132497352,0.23999306559562683,3.738577365875244
ccstytr,000000338625__Impressionism__pierre-auguste-renoir_leaving-the-bath-1890.png,000000338625__Impressionism__pierre-auguste-renoir_leaving-the-bath-1890,000000338625,Impressionism__pierre-auguste-renoir_leaving-the-bath-1890,0.6283295750617981,0.47549042105674744,0.5588430525883044,1.6663026809692383,0.9171102643013
ccstytr,000000338625__Mannerism_Late_Renaissance__tintoretto_st-mark-rescuing-a-saracen-from-shipwreck-1566.png,000000338625__Mannerism_Late_Renaissance__tintoretto_st-mark-rescuing-a-saracen-from-shipwreck-1566,000000338625,Mannerism_Late_Renaissance__tintoretto_st-mark-rescuing-a-saracen-from-shipwreck-1566,0.6238705515861511,0.35040751099586487,0.6271672526973159,1.4195141792297363,1.4900423288345337
ccstytr,000000338625__Minimalism__mario-schifano_untitled-1963.png,000000338625__Minimalism__mario-schifano_untitled-1963,000000338625,Minimalism__mario-schifano_untitled-1963,0.4637344777584076,0.86378413438797,0.4283248351888102,1.8784565925598145,1.226828694343567
ccstytr,000000338625__Naive_Art_Primitivism__marc-chagall_the-young-samuel-the-priest-s-servant-heard-that-he-is-called-by-god-eli-and-he-were-sleeping.png,000000338625__Naive_Art_Primitivism__marc-chagall_the-young-samuel-the-priest-s-servant-heard-that-he-is-called-by-god-eli-and-he-were-sleeping,000000338625,Naive_Art_Primitivism__marc-chagall_the-young-samuel-the-priest-s-servant-heard-that-he-is-called-by-god-eli-and-he-were-sleeping,0.6321778893470764,0.3944733142852783,0.5215892974686532,1.5777496099472046,0.7610977292060852
ccstytr,000000338625__Northern_Renaissance__albrecht-durer_lamentation-over-christ-1507.png,000000338625__Northern_Renaissance__albrecht-durer_lamentation-over-christ-1507,000000338625,Northern_Renaissance__albrecht-durer_lamentation-over-christ-1507,0.548713743686676,0.4165603220462799,0.44969849577829685,1.7616989612579346,1.363073706626892
ccstytr,000000338625__Pop_Art__peter-max_composition-red-green-1979.png,000000338625__Pop_Art__peter-max_composition-red-green-1979,000000338625,Pop_Art__peter-max_composition-red-green-1979,0.5883362889289856,0.41664862632751465,0.6106298510250889,1.7453532218933105,1.7658480405807495
ccstytr,000000338625__Post_Impressionism__vincent-van-gogh_restaurant-de-la-sirene-at-asnieres-1887.png,000000338625__Post_Impressionism__vincent-van-gogh_restaurant-de-la-sirene-at-asnieres-1887,000000338625,Post_Impressionism__vincent-van-gogh_restaurant-de-la-sirene-at-asnieres-1887,0.6497461199760437,0.44808340072631836,0.5522369099998382,1.612682819366455,1.0315016508102417
ccstytr,000000338625__Realism__vincent-van-gogh_cottage-with-peasant-coming-home-1885(1).png,000000338625__Realism__vincent-van-gogh_cottage-with-peasant-coming-home-1885(1),000000338625,Realism__vincent-van-gogh_cottage-with-peasant-coming-home-1885(1),0.7951914668083191,0.32655224204063416,0.713158417148455,1.1788616180419922,0.6352181434631348
ccstytr,000000338625__Rococo__dmitry-levitzky_portrait-of-baron-a-n-stroganoff.png,000000338625__Rococo__dmitry-levitzky_portrait-of-baron-a-n-stroganoff,000000338625,Rococo__dmitry-levitzky_portrait-of-baron-a-n-stroganoff,0.46421948075294495,0.45014718174934387,0.6332585333075468,1.3306726217269897,0.8252577781677246
ccstytr,000000338625__Romanticism__gustave-dore_paradise-lost-4.png,000000338625__Romanticism__gustave-dore_paradise-lost-4,000000338625,Romanticism__gustave-dore_paradise-lost-4,0.5898541808128357,0.35119980573654175,0.6041236438194114,1.2949340343475342,1.0901330709457397
ccstytr,000000338625__Symbolism__nicholas-roerich_language-of-forest-1922.png,000000338625__Symbolism__nicholas-roerich_language-of-forest-1922,000000338625,Symbolism__nicholas-roerich_language-of-forest-1922,0.7606160044670105,0.30206841230392456,0.7299246619225086,1.1558881998062134,1.6908438205718994
ccstytr,000000338625__Ukiyo_e__kitagawa-utamaro_not_detected_233134.png,000000338625__Ukiyo_e__kitagawa-utamaro_not_detected_233134,000000338625,Ukiyo_e__kitagawa-utamaro_not_detected_233134,0.6892719268798828,0.40380603075027466,0.6977661107896224,1.5318729877471924,1.2652816772460938
ccstytr,000000356968__Abstract_Expressionism__paul-jenkins_not_detected_235703.png,000000356968__Abstract_Expressionism__paul-jenkins_not_detected_235703,000000356968,Abstract_Expressionism__paul-jenkins_not_detected_235703,0.5909674167633057,0.4147418439388275,0.4992743271352334,1.555817723274231,0.9180098176002502
ccstytr,000000356968__Art_Nouveau_Modern__nicholas-roerich_oze-1914.png,000000356968__Art_Nouveau_Modern__nicholas-roerich_oze-1914,000000356968,Art_Nouveau_Modern__nicholas-roerich_oze-1914,0.6320672631263733,0.44266676902770996,0.6056429428643902,1.4434514045715332,1.1126877069473267
ccstytr,000000356968__Baroque__rembrandt_portrait-of-nicolas-van-bambeeck-1641.png,000000356968__Baroque__rembrandt_portrait-of-nicolas-van-bambeeck-1641,000000356968,Baroque__rembrandt_portrait-of-nicolas-van-bambeeck-1641,0.4225630462169647,0.2990036904811859,0.55215518808471,1.039231538772583,0.6748083829879761
ccstytr,000000356968__Color_Field_Painting__leon-berkowitz_dark-light-rose-gold-1978.png,000000356968__Color_Field_Painting__leon-berkowitz_dark-light-rose-gold-1978,000000356968,Color_Field_Painting__leon-berkowitz_dark-light-rose-gold-1978,0.4123854637145996,0.7116202116012573,0.4157931266713618,2.2549662590026855,0.7265303134918213
ccstytr,000000356968__Cubism__salvador-dali_cubist-composition-portrait-of-a-seated-person-holding-a-letter.png,000000356968__Cubism__salvador-dali_cubist-composition-portrait-of-a-seated-person-holding-a-letter,000000356968,Cubism__salvador-dali_cubist-composition-portrait-of-a-seated-person-holding-a-letter,0.5812333226203918,0.4756526052951813,0.5249210928358938,1.2035928964614868,0.7315295934677124
ccstytr,000000356968__Early_Renaissance__pietro-perugino_st-jerome-who-attends-two-unfairly-hanged-1473.png,000000356968__Early_Renaissance__pietro-perugino_st-jerome-who-attends-two-unfairly-hanged-1473,000000356968,Early_Renaissance__pietro-perugino_st-jerome-who-attends-two-unfairly-hanged-1473,0.7282052040100098,0.3453991115093231,0.6839187002024801,1.3950698375701904,0.7722790241241455
ccstytr,000000356968__Expressionism__amedeo-modigliani_germaine-survage-with-earrings-1918.png,000000356968__Expressionism__amedeo-modigliani_germaine-survage-with-earrings-1918,000000356968,Expressionism__amedeo-modigliani_germaine-survage-with-earrings-1918,0.6682710647583008,0.32275280356407166,0.6410772324227535,1.1572918891906738,0.6634238958358765
ccstytr,000000356968__High_Renaissance__raphael_madonna-and-child-enthroned-with-saints-1505.png,000000356968__High_Renaissance__raphael_madonna-and-child-enthroned-with-saints-1505,000000356968,High_Renaissance__raphael_madonna-and-child-enthroned-with-saints-1505,0.5919454097747803,0.4600450396537781,0.5092174277551738,2.0332555770874023,1.5902769565582275
ccstytr,000000356968__Impressionism__pierre-auguste-renoir_leaving-the-bath-1890.png,000000356968__Impressionism__pierre-auguste-renoir_leaving-the-bath-1890,000000356968,Impressionism__pierre-auguste-renoir_leaving-the-bath-1890,0.62774658203125,0.31118810176849365,0.5818760823369824,1.2321362495422363,0.521757960319519
ccstytr,000000356968__Mannerism_Late_Renaissance__tintoretto_st-mark-rescuing-a-saracen-from-shipwreck-1566.png,000000356968__Mannerism_Late_Renaissance__tintoretto_st-mark-rescuing-a-saracen-from-shipwreck-1566,000000356968,Mannerism_Late_Renaissance__tintoretto_st-mark-rescuing-a-saracen-from-shipwreck-1566,0.6587046980857849,0.31670522689819336,0.6920105377717855,1.3655481338500977,0.9236489534378052
ccstytr,000000356968__Minimalism__mario-schifano_untitled-1963.png,000000356968__Minimalism__mario-schifano_untitled-1963,000000356968,Minimalism__mario-schifano_untitled-1963,0.3317650258541107,0.7050735950469971,0.22599658793765326,1.9924863576889038,1.311303734779358
ccstytr,000000356968__Naive_Art_Primitivism__marc-chagall_the-young-samuel-the-priest-s-servant-heard-that-he-is-called-by-god-eli-and-he-were-sleeping.png,000000356968__Naive_Art_Primitivism__marc-chagall_the-young-samuel-the-priest-s-servant-heard-that-he-is-called-by-god-eli-and-he-were-sleeping,000000356968,Naive_Art_Primitivism__marc-chagall_the-young-samuel-the-priest-s-servant-heard-that-he-is-called-by-god-eli-and-he-were-sleeping,0.7143743634223938,0.34585362672805786,0.71508973734858,1.3124219179153442,0.6737893223762512
ccstytr,000000356968__Northern_Renaissance__albrecht-durer_lamentation-over-christ-1507.png,000000356968__Northern_Renaissance__albrecht-durer_lamentation-over-christ-1507,000000356968,Northern_Renaissance__albrecht-durer_lamentation-over-christ-1507,0.46507322788238525,0.5438704490661621,0.36808823854808465,2.336787223815918,1.2157750129699707
ccstytr,000000356968__Pop_Art__peter-max_composition-red-green-1979.png,000000356968__Pop_Art__peter-max_composition-red-green-1979,000000356968,Pop_Art__peter-max_composition-red-green-1979,0.3929918110370636,0.47071659564971924,0.3590463452433089,2.1697466373443604,1.7011048793792725
ccstytr,000000356968__Post_Impressionism__vincent-van-gogh_restaurant-de-la-sirene-at-asnieres-1887.png,000000356968__Post_Impressionism__vincent-van-gogh_restaurant-de-la-sirene-at-asnieres-1887,000000356968,Post_Impressionism__vincent-van-gogh_restaurant-de-la-sirene-at-asnieres-1887,0.658987820148468,0.4328233599662781,0.589409177238897,1.8011317253112793,1.1159510612487793
ccstytr,000000356968__Realism__vincent-van-gogh_cottage-with-peasant-coming-home-1885(1).png,000000356968__Realism__vincent-van-gogh_cottage-with-peasant-coming-home-1885(1),000000356968,Realism__vincent-van-gogh_cottage-with-peasant-coming-home-1885(1),0.7633593678474426,0.2569732964038849,0.7266066889106793,1.0724284648895264,0.5123321413993835
ccstytr,000000356968__Rococo__dmitry-levitzky_portrait-of-baron-a-n-stroganoff.png,000000356968__Rococo__dmitry-levitzky_portrait-of-baron-a-n-stroganoff,000000356968,Rococo__dmitry-levitzky_portrait-of-baron-a-n-stroganoff,0.43195652961730957,0.27922749519348145,0.6034613775958622,1.0485535860061646,0.7675434947013855
ccstytr,000000356968__Romanticism__gustave-dore_paradise-lost-4.png,000000356968__Romanticism__gustave-dore_paradise-lost-4,000000356968,Romanticism__gustave-dore_paradise-lost-4,0.6353890299797058,0.31749069690704346,0.7565055979138101,1.1704072952270508,1.0152459144592285
ccstytr,000000356968__Symbolism__nicholas-roerich_language-of-forest-1922.png,000000356968__Symbolism__nicholas-roerich_language-of-forest-1922,000000356968,Symbolism__nicholas-roerich_language-of-forest-1922,0.6827865242958069,0.4545069932937622,0.6501491500099649,1.7715821266174316,0.7860581874847412
ccstytr,000000356968__Ukiyo_e__kitagawa-utamaro_not_detected_233134.png,000000356968__Ukiyo_e__kitagawa-utamaro_not_detected_233134,000000356968,Ukiyo_e__kitagawa-utamaro_not_detected_233134,0.5183804035186768,0.4830487072467804,0.4839288472278044,2.1228883266448975,1.2608104944229126
ccstytr,000000376264__Abstract_Expressionism__paul-jenkins_not_detected_235703.png,000000376264__Abstract_Expressionism__paul-jenkins_not_detected_235703,000000376264,Abstract_Expressionism__paul-jenkins_not_detected_235703,0.6306619644165039,0.2785463333129883,0.6952297057554065,0.8139474391937256,1.33204984664917
ccstytr,000000376264__Art_Nouveau_Modern__nicholas-roerich_oze-1914.png,000000376264__Art_Nouveau_Modern__nicholas-roerich_oze-1914,000000376264,Art_Nouveau_Modern__nicholas-roerich_oze-1914,0.5692261457443237,0.3574967086315155,0.7012529301649416,1.04282808303833,0.8157389760017395
ccstytr,000000376264__Baroque__rembrandt_portrait-of-nicolas-van-bambeeck-1641.png,000000376264__Baroque__rembrandt_portrait-of-nicolas-van-bambeeck-1641,000000376264,Baroque__rembrandt_portrait-of-nicolas-van-bambeeck-1641,0.4231501519680023,0.40063053369522095,0.6032142267604412,1.127984881401062,0.8330330848693848
ccstytr,000000376264__Color_Field_Painting__leon-berkowitz_dark-light-rose-gold-1978.png,000000376264__Color_Field_Painting__leon-berkowitz_dark-light-rose-gold-1978,000000376264,Color_Field_Painting__leon-berkowitz_dark-light-rose-gold-1978,0.35216793417930603,0.6865022778511047,0.3831377835587429,2.1280009746551514,1.1567177772521973
ccstytr,000000376264__Cubism__salvador-dali_cubist-composition-portrait-of-a-seated-person-holding-a-letter.png,000000376264__Cubism__salvador-dali_cubist-composition-portrait-of-a-seated-person-holding-a-letter,000000376264,Cubism__salvador-dali_cubist-composition-portrait-of-a-seated-person-holding-a-letter,0.5062527656555176,0.5473769307136536,0.6233093374810904,1.1342147588729858,0.6480026245117188
ccstytr,000000376264__Early_Renaissance__pietro-perugino_st-jerome-who-attends-two-unfairly-hanged-1473.png,000000376264__Early_Renaissance__pietro-perugino_st-jerome-who-attends-two-unfairly-hanged-1473,000000376264,Early_Renaissance__pietro-perugino_st-jerome-who-attends-two-unfairly-hanged-1473,0.6812908053398132,0.2770448327064514,0.686116843121974,0.9353278875350952,1.1039681434631348
ccstytr,000000376264__Expressionism__amedeo-modigliani_germaine-survage-with-earrings-1918.png,000000376264__Expressionism__amedeo-modigliani_germaine-survage-with-earrings-1918,000000376264,Expressionism__amedeo-modigliani_germaine-survage-with-earrings-1918,0.5669419765472412,0.42361578345298767,0.6392898670015986,1.087947130203247,0.8431210517883301
ccstytr,000000376264__High_Renaissance__raphael_madonna-and-child-enthroned-with-saints-1505.png,000000376264__High_Renaissance__raphael_madonna-and-child-enthroned-with-saints-1505,000000376264,High_Renaissance__raphael_madonna-and-child-enthroned-with-saints-1505,0.6809251308441162,0.257229745388031,0.740562708538701,0.9058325886726379,1.9000837802886963
ccstytr,000000376264__Impressionism__pierre-auguste-renoir_leaving-the-bath-1890.png,000000376264__Impressionism__pierre-auguste-renoir_leaving-the-bath-1890,000000376264,Impressionism__pierre-auguste-renoir_leaving-the-bath-1890,0.4954937994480133,0.43121200799942017,0.5366869869071564,1.4140894412994385,0.8805954456329346
ccstytr,000000376264__Mannerism_Late_Renaissance__tintoretto_st-mark-rescuing-a-saracen-from-shipwreck-1566.png,000000376264__Mannerism_Late_Renaissance__tintoretto_st-mark-rescuing-a-saracen-from-shipwreck-1566,000000376264,Mannerism_Late_Renaissance__tintoretto_st-mark-rescuing-a-saracen-from-shipwreck-1566,0.660792350769043,0.3115617036819458,0.6773385355726079,1.1035702228546143,1.2396564483642578
ccstytr,000000376264__Minimalism__mario-schifano_untitled-1963.png,000000376264__Minimalism__mario-schifano_untitled-1963,000000376264,Minimalism__mario-schifano_untitled-1963,0.32336246967315674,0.7795584201812744,0.37042012925237433,1.8399243354797363,1.3473674058914185
ccstytr,000000376264__Naive_Art_Primitivism__marc-chagall_the-young-samuel-the-priest-s-servant-heard-that-he-is-called-by-god-eli-and-he-were-sleeping.png,000000376264__Naive_Art_Primitivism__marc-chagall_the-young-samuel-the-priest-s-servant-heard-that-he-is-called-by-god-eli-and-he-were-sleeping,000000376264,Naive_Art_Primitivism__marc-chagall_the-young-samuel-the-priest-s-servant-heard-that-he-is-called-by-god-eli-and-he-were-sleeping,0.4994756877422333,0.42633184790611267,0.48003578718579043,1.5363571643829346,0.7659964561462402
ccstytr,000000376264__Northern_Renaissance__albrecht-durer_lamentation-over-christ-1507.png,000000376264__Northern_Renaissance__albrecht-durer_lamentation-over-christ-1507,000000376264,Northern_Renaissance__albrecht-durer_lamentation-over-christ-1507,0.4978278875350952,0.3985193371772766,0.4809354010236244,1.5069658756256104,1.3807286024093628
ccstytr,000000376264__Pop_Art__peter-max_composition-red-green-1979.png,000000376264__Pop_Art__peter-max_composition-red-green-1979,000000376264,Pop_Art__peter-max_composition-red-green-1979,0.4474188983440399,0.3456364572048187,0.5666925313205287,1.347672939300537,1.5833449363708496
ccstytr,000000376264__Post_Impressionism__vincent-van-gogh_restaurant-de-la-sirene-at-asnieres-1887.png,000000376264__Post_Impressionism__vincent-van-gogh_restaurant-de-la-sirene-at-asnieres-1887,000000376264,Post_Impressionism__vincent-van-gogh_restaurant-de-la-sirene-at-asnieres-1887,0.5458188652992249,0.45771685242652893,0.5167523991957166,1.5541285276412964,1.393651008605957
ccstytr,000000376264__Realism__vincent-van-gogh_cottage-with-peasant-coming-home-1885(1).png,000000376264__Realism__vincent-van-gogh_cottage-with-peasant-coming-home-1885(1),000000376264,Realism__vincent-van-gogh_cottage-with-peasant-coming-home-1885(1),0.6016250252723694,0.3548359274864197,0.6537575542547808,1.2498897314071655,0.6611523628234863
ccstytr,000000376264__Rococo__dmitry-levitzky_portrait-of-baron-a-n-stroganoff.png,000000376264__Rococo__dmitry-levitzky_portrait-of-baron-a-n-stroganoff,000000376264,Rococo__dmitry-levitzky_portrait-of-baron-a-n-stroganoff,0.43743252754211426,0.3642578423023224,0.6328874049105789,0.9983980655670166,0.7951017618179321
ccstytr,000000376264__Romanticism__gustave-dore_paradise-lost-4.png,000000376264__Romanticism__gustave-dore_paradise-lost-4,000000376264,Romanticism__gustave-dore_paradise-lost-4,0.5904123187065125,0.3548874258995056,0.5698697406173728,1.1412686109542847,1.1700748205184937
ccstytr,000000376264__Symbolism__nicholas-roerich_language-of-forest-1922.png,000000376264__Symbolism__nicholas-roerich_language-of-forest-1922,000000376264,Symbolism__nicholas-roerich_language-of-forest-1922,0.6435971856117249,0.3285994231700897,0.7102880769953843,1.0234344005584717,1.3052935600280762
ccstytr,000000376264__Ukiyo_e__kitagawa-utamaro_not_detected_233134.png,000000376264__Ukiyo_e__kitagawa-utamaro_not_detected_233134,000000376264,Ukiyo_e__kitagawa-utamaro_not_detected_233134,0.5296744704246521,0.3647974729537964,0.6249207769139005,1.222337007522583,1.1312274932861328
ccstytr,000000398905__Abstract_Expressionism__paul-jenkins_not_detected_235703.png,000000398905__Abstract_Expressionism__paul-jenkins_not_detected_235703,000000398905,Abstract_Expressionism__paul-jenkins_not_detected_235703,0.7177398800849915,0.24613946676254272,0.8846340823273032,0.7295874953269958,0.7448012232780457
ccstytr,000000398905__Art_Nouveau_Modern__nicholas-roerich_oze-1914.png,000000398905__Art_Nouveau_Modern__nicholas-roerich_oze-1914,000000398905,Art_Nouveau_Modern__nicholas-roerich_oze-1914,0.5717207789421082,0.41975870728492737,0.6097404486018381,1.3138262033462524,0.8065457344055176
ccstytr,000000398905__Baroque__rembrandt_portrait-of-nicolas-van-bambeeck-1641.png,000000398905__Baroque__rembrandt_portrait-of-nicolas-van-bambeeck-1641,000000398905,Baroque__rembrandt_portrait-of-nicolas-van-bambeeck-1641,0.5487270951271057,0.48553556203842163,0.6683593557271545,1.0106868743896484,0.5238085985183716
ccstytr,000000398905__Color_Field_Painting__leon-berkowitz_dark-light-rose-gold-1978.png,000000398905__Color_Field_Painting__leon-berkowitz_dark-light-rose-gold-1978,000000398905,Color_Field_Painting__leon-berkowitz_dark-light-rose-gold-1978,0.44600340723991394,0.6933668851852417,0.47713633601932987,2.0664992332458496,0.8767521381378174
ccstytr,000000398905__Cubism__salvador-dali_cubist-composition-portrait-of-a-seated-person-holding-a-letter.png,000000398905__Cubism__salvador-dali_cubist-composition-portrait-of-a-seated-person-holding-a-letter,000000398905,Cubism__salvador-dali_cubist-composition-portrait-of-a-seated-person-holding-a-letter,0.583112895488739,0.6687014698982239,0.7015953071329842,1.2665104866027832,0.5688740015029907
ccstytr,000000398905__Early_Renaissance__pietro-perugino_st-jerome-who-attends-two-unfairly-hanged-1473.png,000000398905__Early_Renaissance__pietro-perugino_st-jerome-who-attends-two-unfairly-hanged-1473,000000398905,Early_Renaissance__pietro-perugino_st-jerome-who-attends-two-unfairly-hanged-1473,0.5218294262886047,0.42856329679489136,0.4622637935103475,1.181958794593811,0.8564227819442749
ccstytr,000000398905__Expressionism__amedeo-modigliani_germaine-survage-with-earrings-1918.png,000000398905__Expressionism__amedeo-modigliani_germaine-survage-with-earrings-1918,000000398905,Expressionism__amedeo-modigliani_germaine-survage-with-earrings-1918,0.5727779865264893,0.5894790291786194,0.6205248862248801,1.1990220546722412,0.4931223392486572
ccstytr,000000398905__High_Renaissance__raphael_madonna-and-child-enthroned-with-saints-1505.png,000000398905__High_Renaissance__raphael_madonna-and-child-enthroned-with-saints-1505,000000398905,High_Renaissance__raphael_madonna-and-child-enthroned-with-saints-1505,0.5411563515663147,0.41198480129241943,0.5471345375634814,1.467808723449707,1.3846964836120605
ccstytr,000000398905__Impressionism__pierre-auguste-renoir_leaving-the-bath-1890.png,000000398905__Impressionism__pierre-auguste-renoir_leaving-the-bath-1890,000000398905,Impressionism__pierre-auguste-renoir_leaving-the-bath-1890,0.49717655777931213,0.561506986618042,0.55078935655103,1.5470941066741943,0.5932437181472778
ccstytr,000000398905__Mannerism_Late_Renaissance__tintoretto_st-mark-rescuing-a-saracen-from-shipwreck-1566.png,000000398905__Mannerism_Late_Renaissance__tintoretto_st-mark-rescuing-a-saracen-from-shipwreck-1566,000000398905,Mannerism_Late_Renaissance__tintoretto_st-mark-rescuing-a-saracen-from-shipwreck-1566,0.459394246339798,0.46948888897895813,0.42955204122778357,1.5549051761627197,0.8693028688430786
ccstytr,000000398905__Minimalism__mario-schifano_untitled-1963.png,000000398905__Minimalism__mario-schifano_untitled-1963,000000398905,Minimalism__mario-schifano_untitled-1963,0.45244428515434265,0.889456033706665,0.7200878527004078,1.8118520975112915,1.0604135990142822
ccstytr,000000398905__Naive_Art_Primitivism__marc-chagall_the-young-samuel-the-priest-s-servant-heard-that-he-is-called-by-god-eli-and-he-were-sleeping.png,000000398905__Naive_Art_Primitivism__marc-chagall_the-young-samuel-the-priest-s-servant-heard-that-he-is-called-by-god-eli-and-he-were-sleeping,000000398905,Naive_Art_Primitivism__marc-chagall_the-young-samuel-the-priest-s-servant-heard-that-he-is-called-by-god-eli-and-he-were-sleeping,0.34614476561546326,0.5385036468505859,0.29537117704530125,1.6723577976226807,0.575782299041748
ccstytr,000000398905__Northern_Renaissance__albrecht-durer_lamentation-over-christ-1507.png,000000398905__Northern_Renaissance__albrecht-durer_lamentation-over-christ-1507,000000398905,Northern_Renaissance__albrecht-durer_lamentation-over-christ-1507,0.3167392313480377,0.5417541265487671,0.2539203212707157,1.9832875728607178,1.0875864028930664
ccstytr,000000398905__Pop_Art__peter-max_composition-red-green-1979.png,000000398905__Pop_Art__peter-max_composition-red-green-1979,000000398905,Pop_Art__peter-max_composition-red-green-1979,0.4692744314670563,0.47808098793029785,0.6357352282415497,1.9884867668151855,1.4206422567367554
ccstytr,000000398905__Post_Impressionism__vincent-van-gogh_restaurant-de-la-sirene-at-asnieres-1887.png,000000398905__Post_Impressionism__vincent-van-gogh_restaurant-de-la-sirene-at-asnieres-1887,000000398905,Post_Impressionism__vincent-van-gogh_restaurant-de-la-sirene-at-asnieres-1887,0.3578587472438812,0.626285195350647,0.2838264819375818,1.88897705078125,0.9842696189880371
ccstytr,000000398905__Realism__vincent-van-gogh_cottage-with-peasant-coming-home-1885(1).png,000000398905__Realism__vincent-van-gogh_cottage-with-peasant-coming-home-1885(1),000000398905,Realism__vincent-van-gogh_cottage-with-peasant-coming-home-1885(1),0.4920770823955536,0.48970842361450195,0.4886669287924034,1.3598721027374268,0.4110044240951538
ccstytr,000000398905__Rococo__dmitry-levitzky_portrait-of-baron-a-n-stroganoff.png,000000398905__Rococo__dmitry-levitzky_portrait-of-baron-a-n-stroganoff,000000398905,Rococo__dmitry-levitzky_portrait-of-baron-a-n-stroganoff,0.5601310133934021,0.4780884385108948,0.6885634523742246,1.0014351606369019,0.500633955001831
ccstytr,000000398905__Romanticism__gustave-dore_paradise-lost-4.png,000000398905__Romanticism__gustave-dore_paradise-lost-4,000000398905,Romanticism__gustave-dore_paradise-lost-4,0.47049057483673096,0.46699854731559753,0.39865724300132077,1.287541151046753,0.7959691882133484
ccstytr,000000398905__Symbolism__nicholas-roerich_language-of-forest-1922.png,000000398905__Symbolism__nicholas-roerich_language-of-forest-1922,000000398905,Symbolism__nicholas-roerich_language-of-forest-1922,0.4829196035861969,0.4497451186180115,0.4670249222561452,1.5088434219360352,0.8931301832199097
ccstytr,000000398905__Ukiyo_e__kitagawa-utamaro_not_detected_233134.png,000000398905__Ukiyo_e__kitagawa-utamaro_not_detected_233134,000000398905,Ukiyo_e__kitagawa-utamaro_not_detected_233134,0.4335303008556366,0.5755833983421326,0.4783711048298381,1.865166425704956,1.0685834884643555
ccstytr,000000417911__Abstract_Expressionism__paul-jenkins_not_detected_235703.png,000000417911__Abstract_Expressionism__paul-jenkins_not_detected_235703,000000417911,Abstract_Expressionism__paul-jenkins_not_detected_235703,0.6897551417350769,0.3877723813056946,0.7042199815550634,1.4968111515045166,0.8889079093933105
ccstytr,000000417911__Art_Nouveau_Modern__nicholas-roerich_oze-1914.png,000000417911__Art_Nouveau_Modern__nicholas-roerich_oze-1914,000000417911,Art_Nouveau_Modern__nicholas-roerich_oze-1914,0.6998600363731384,0.48117807507514954,0.7023939033145589,1.5464376211166382,1.0620458126068115
ccstytr,000000417911__Baroque__rembrandt_portrait-of-nicolas-van-bambeeck-1641.png,000000417911__Baroque__rembrandt_portrait-of-nicolas-van-bambeeck-1641,000000417911,Baroque__rembrandt_portrait-of-nicolas-van-bambeeck-1641,0.45307818055152893,0.3639357388019562,0.7682345790115405,1.1216058731079102,0.7558913230895996
ccstytr,000000417911__Color_Field_Painting__leon-berkowitz_dark-light-rose-gold-1978.png,000000417911__Color_Field_Painting__leon-berkowitz_dark-light-rose-gold-1978,000000417911,Color_Field_Painting__leon-berkowitz_dark-light-rose-gold-1978,0.5779419541358948,0.7309290170669556,0.5818134473955782,1.8704371452331543,0.8551597595214844
ccstytr,000000417911__Cubism__salvador-dali_cubist-composition-portrait-of-a-seated-person-holding-a-letter.png,000000417911__Cubism__salvador-dali_cubist-composition-portrait-of-a-seated-person-holding-a-letter,000000417911,Cubism__salvador-dali_cubist-composition-portrait-of-a-seated-person-holding-a-letter,0.7579870223999023,0.44171541929244995,0.8224669885846158,1.1353960037231445,0.9383668899536133
ccstytr,000000417911__Early_Renaissance__pietro-perugino_st-jerome-who-attends-two-unfairly-hanged-1473.png,000000417911__Early_Renaissance__pietro-perugino_st-jerome-who-attends-two-unfairly-hanged-1473,000000417911,Early_Renaissance__pietro-perugino_st-jerome-who-attends-two-unfairly-hanged-1473,0.6683230996131897,0.4872586131095886,0.633624521853281,1.8032186031341553,1.0725877285003662
ccstytr,000000417911__Expressionism__amedeo-modigliani_germaine-survage-with-earrings-1918.png,000000417911__Expressionism__amedeo-modigliani_germaine-survage-with-earrings-1918,000000417911,Expressionism__amedeo-modigliani_germaine-survage-with-earrings-1918,0.6988231539726257,0.5343824625015259,0.7555113539558626,1.2711552381515503,0.7842453718185425
ccstytr,000000417911__High_Renaissance__raphael_madonna-and-child-enthroned-with-saints-1505.png,000000417911__High_Renaissance__raphael_madonna-and-child-enthroned-with-saints-1505,000000417911,High_Renaissance__raphael_madonna-and-child-enthroned-with-saints-1505,0.5876056551933289,0.5170535445213318,0.552034141964143,2.2386794090270996,1.8105003833770752
ccstytr,000000417911__Impressionism__pierre-auguste-renoir_leaving-the-bath-1890.png,000000417911__Impressionism__pierre-auguste-renoir_leaving-the-bath-1890,000000417911,Impressionism__pierre-auguste-renoir_leaving-the-bath-1890,0.7301063537597656,0.5163750648498535,0.5892516385552928,1.5112204551696777,0.7939046025276184
ccstytr,000000417911__Mannerism_Late_Renaissance__tintoretto_st-mark-rescuing-a-saracen-from-shipwreck-1566.png,000000417911__Mannerism_Late_Renaissance__tintoretto_st-mark-rescuing-a-saracen-from-shipwreck-1566,000000417911,Mannerism_Late_Renaissance__tintoretto_st-mark-rescuing-a-saracen-from-shipwreck-1566,0.496073454618454,0.4920997619628906,0.5736676475112017,1.9021294116973877,1.146641492843628
ccstytr,000000417911__Minimalism__mario-schifano_untitled-1963.png,000000417911__Minimalism__mario-schifano_untitled-1963,000000417911,Minimalism__mario-schifano_untitled-1963,0.6110996603965759,0.6809796094894409,0.568015684373181,1.3964241743087769,0.9078532457351685
ccstytr,000000417911__Naive_Art_Primitivism__marc-chagall_the-young-samuel-the-priest-s-servant-heard-that-he-is-called-by-god-eli-and-he-were-sleeping.png,000000417911__Naive_Art_Primitivism__marc-chagall_the-young-samuel-the-priest-s-servant-heard-that-he-is-called-by-god-eli-and-he-were-sleeping,000000417911,Naive_Art_Primitivism__marc-chagall_the-young-samuel-the-priest-s-servant-heard-that-he-is-called-by-god-eli-and-he-were-sleeping,0.7216483950614929,0.4330110549926758,0.3946302126652827,1.439659833908081,0.7261091470718384
ccstytr,000000417911__Northern_Renaissance__albrecht-durer_lamentation-over-christ-1507.png,000000417911__Northern_Renaissance__albrecht-durer_lamentation-over-christ-1507,000000417911,Northern_Renaissance__albrecht-durer_lamentation-over-christ-1507,0.43573546409606934,0.5494651794433594,0.348567076980549,2.4570207595825195,1.373727560043335
ccstytr,000000417911__Pop_Art__peter-max_composition-red-green-1979.png,000000417911__Pop_Art__peter-max_composition-red-green-1979,000000417911,Pop_Art__peter-max_composition-red-green-1979,0.6599137783050537,0.44575783610343933,0.5721318411802181,2.31022572517395,1.979310393333435
ccstytr,000000417911__Post_Impressionism__vincent-van-gogh_restaurant-de-la-sirene-at-asnieres-1887.png,000000417911__Post_Impressionism__vincent-van-gogh_restaurant-de-la-sirene-at-asnieres-1887,000000417911,Post_Impressionism__vincent-van-gogh_restaurant-de-la-sirene-at-asnieres-1887,0.5989332795143127,0.597912073135376,0.37836889785405076,1.9706233739852905,0.972495436668396
ccstytr,000000417911__Realism__vincent-van-gogh_cottage-with-peasant-coming-home-1885(1).png,000000417911__Realism__vincent-van-gogh_cottage-with-peasant-coming-home-1885(1),000000417911,Realism__vincent-van-gogh_cottage-with-peasant-coming-home-1885(1),0.8452425003051758,0.29536277055740356,0.7553943727516524,1.1363009214401245,0.6025127172470093
ccstytr,000000417911__Rococo__dmitry-levitzky_portrait-of-baron-a-n-stroganoff.png,000000417911__Rococo__dmitry-levitzky_portrait-of-baron-a-n-stroganoff,000000417911,Rococo__dmitry-levitzky_portrait-of-baron-a-n-stroganoff,0.4669950306415558,0.3747437298297882,0.7853762193026036,1.1180232763290405,0.7689650654792786
ccstytr,000000417911__Romanticism__gustave-dore_paradise-lost-4.png,000000417911__Romanticism__gustave-dore_paradise-lost-4,000000417911,Romanticism__gustave-dore_paradise-lost-4,0.5259549021720886,0.360726922750473,0.6116566000270509,1.201495885848999,0.6526171565055847
ccstytr,000000417911__Symbolism__nicholas-roerich_language-of-forest-1922.png,000000417911__Symbolism__nicholas-roerich_language-of-forest-1922,000000417911,Symbolism__nicholas-roerich_language-of-forest-1922,0.6481490731239319,0.5585808753967285,0.5639954536844763,2.111968755722046,0.9176406860351562
ccstytr,000000417911__Ukiyo_e__kitagawa-utamaro_not_detected_233134.png,000000417911__Ukiyo_e__kitagawa-utamaro_not_detected_233134,000000417911,Ukiyo_e__kitagawa-utamaro_not_detected_233134,0.6676966547966003,0.5799798965454102,0.6099155946091667,2.234541893005371,1.436928629875183
ccstytr,000000427034__Abstract_Expressionism__paul-jenkins_not_detected_235703.png,000000427034__Abstract_Expressionism__paul-jenkins_not_detected_235703,000000427034,Abstract_Expressionism__paul-jenkins_not_detected_235703,0.8115406632423401,0.29077452421188354,0.8176496021480586,0.7171463370323181,0.9102131128311157
ccstytr,000000427034__Art_Nouveau_Modern__nicholas-roerich_oze-1914.png,000000427034__Art_Nouveau_Modern__nicholas-roerich_oze-1914,000000427034,Art_Nouveau_Modern__nicholas-roerich_oze-1914,0.7379657626152039,0.37196242809295654,0.7446119994803198,1.004549264907837,0.8129061460494995
ccstytr,000000427034__Baroque__rembrandt_portrait-of-nicolas-van-bambeeck-1641.png,000000427034__Baroque__rembrandt_portrait-of-nicolas-van-bambeeck-1641,000000427034,Baroque__rembrandt_portrait-of-nicolas-van-bambeeck-1641,0.5757689476013184,0.38661402463912964,0.666791364433766,0.8554480671882629,0.6503662467002869
ccstytr,000000427034__Color_Field_Painting__leon-berkowitz_dark-light-rose-gold-1978.png,000000427034__Color_Field_Painting__leon-berkowitz_dark-light-rose-gold-1978,000000427034,Color_Field_Painting__leon-berkowitz_dark-light-rose-gold-1978,0.5298885703086853,0.6266247630119324,0.4811664677514802,1.8018985986709595,1.0363436937332153
ccstytr,000000427034__Cubism__salvador-dali_cubist-composition-portrait-of-a-seated-person-holding-a-letter.png,000000427034__Cubism__salvador-dali_cubist-composition-portrait-of-a-seated-person-holding-a-letter,000000427034,Cubism__salvador-dali_cubist-composition-portrait-of-a-seated-person-holding-a-letter,0.7244988083839417,0.5826096534729004,0.7547799956062836,0.9844304323196411,0.5325435996055603
ccstytr,000000427034__Early_Renaissance__pietro-perugino_st-jerome-who-attends-two-unfairly-hanged-1473.png,000000427034__Early_Renaissance__pietro-perugino_st-jerome-who-attends-two-unfairly-hanged-1473,000000427034,Early_Renaissance__pietro-perugino_st-jerome-who-attends-two-unfairly-hanged-1473,0.7506101727485657,0.2920815348625183,0.6440827807201568,0.8747050166130066,0.8394700884819031
ccstytr,000000427034__Expressionism__amedeo-modigliani_germaine-survage-with-earrings-1918.png,000000427034__Expressionism__amedeo-modigliani_germaine-survage-with-earrings-1918,000000427034,Expressionism__amedeo-modigliani_germaine-survage-with-earrings-1918,0.7466341853141785,0.40701863169670105,0.715281423264899,0.9519537687301636,0.5341205596923828
ccstytr,000000427034__High_Renaissance__raphael_madonna-and-child-enthroned-with-saints-1505.png,000000427034__High_Renaissance__raphael_madonna-and-child-enthroned-with-saints-1505,000000427034,High_Renaissance__raphael_madonna-and-child-enthroned-with-saints-1505,0.7631926536560059,0.2696877717971802,0.7149549193323347,1.0087637901306152,1.4977896213531494
ccstytr,000000427034__Impressionism__pierre-auguste-renoir_leaving-the-bath-1890.png,000000427034__Impressionism__pierre-auguste-renoir_leaving-the-bath-1890,000000427034,Impressionism__pierre-auguste-renoir_leaving-the-bath-1890,0.6681963801383972,0.41234666109085083,0.6296597813982356,1.2029638290405273,0.6299318671226501
ccstytr,000000427034__Mannerism_Late_Renaissance__tintoretto_st-mark-rescuing-a-saracen-from-shipwreck-1566.png,000000427034__Mannerism_Late_Renaissance__tintoretto_st-mark-rescuing-a-saracen-from-shipwreck-1566,000000427034,Mannerism_Late_Renaissance__tintoretto_st-mark-rescuing-a-saracen-from-shipwreck-1566,0.643057644367218,0.36324506998062134,0.578935682055421,1.19999361038208,0.9908180236816406
ccstytr,000000427034__Minimalism__mario-schifano_untitled-1963.png,000000427034__Minimalism__mario-schifano_untitled-1963,000000427034,Minimalism__mario-schifano_untitled-1963,0.5339990258216858,0.7295629978179932,0.5894414042324897,1.4985675811767578,1.160430908203125
ccstytr,000000427034__Naive_Art_Primitivism__marc-chagall_the-young-samuel-the-priest-s-servant-heard-that-he-is-called-by-god-eli-and-he-were-sleeping.png,000000427034__Naive_Art_Primitivism__marc-chagall_the-young-samuel-the-priest-s-servant-heard-that-he-is-called-by-god-eli-and-he-were-sleeping,000000427034,Naive_Art_Primitivism__marc-chagall_the-young-samuel-the-priest-s-servant-heard-that-he-is-called-by-god-eli-and-he-were-sleeping,0.49933043122291565,0.4895779490470886,0.4179168644405241,1.4594719409942627,0.669816255569458
ccstytr,000000427034__Northern_Renaissance__albrecht-durer_lamentation-over-christ-1507.png,000000427034__Northern_Renaissance__albrecht-durer_lamentation-over-christ-1507,000000427034,Northern_Renaissance__albrecht-durer_lamentation-over-christ-1507,0.4072903096675873,0.5105937123298645,0.2936104873613401,1.7981774806976318,1.0372029542922974
ccstytr,000000427034__Pop_Art__peter-max_composition-red-green-1979.png,000000427034__Pop_Art__peter-max_composition-red-green-1979,000000427034,Pop_Art__peter-max_composition-red-green-1979,0.5656844973564148,0.38523226976394653,0.6591882926856273,1.6991323232650757,1.4872047901153564
ccstytr,000000427034__Post_Impressionism__vincent-van-gogh_restaurant-de-la-sirene-at-asnieres-1887.png,000000427034__Post_Impressionism__vincent-van-gogh_restaurant-de-la-sirene-at-asnieres-1887,000000427034,Post_Impressionism__vincent-van-gogh_restaurant-de-la-sirene-at-asnieres-1887,0.5194898247718811,0.5010679364204407,0.3934490236020389,1.603583574295044,1.203147053718567
ccstytr,000000427034__Realism__vincent-van-gogh_cottage-with-peasant-coming-home-1885(1).png,000000427034__Realism__vincent-van-gogh_cottage-with-peasant-coming-home-1885(1),000000427034,Realism__vincent-van-gogh_cottage-with-peasant-coming-home-1885(1),0.726496696472168,0.3763962388038635,0.6620039736096809,1.06369149684906,0.55306077003479
ccstytr,000000427034__Rococo__dmitry-levitzky_portrait-of-baron-a-n-stroganoff.png,000000427034__Rococo__dmitry-levitzky_portrait-of-baron-a-n-stroganoff,000000427034,Rococo__dmitry-levitzky_portrait-of-baron-a-n-stroganoff,0.5905913710594177,0.35502052307128906,0.6943220383610792,0.8289796113967896,0.6247085332870483
ccstytr,000000427034__Romanticism__gustave-dore_paradise-lost-4.png,000000427034__Romanticism__gustave-dore_paradise-lost-4,000000427034,Romanticism__gustave-dore_paradise-lost-4,0.6283665299415588,0.4170559048652649,0.5322010107763907,1.0579404830932617,0.8538885116577148
ccstytr,000000427034__Symbolism__nicholas-roerich_language-of-forest-1922.png,000000427034__Symbolism__nicholas-roerich_language-of-forest-1922,000000427034,Symbolism__nicholas-roerich_language-of-forest-1922,0.6829193234443665,0.3807528018951416,0.6480122542043933,1.1926963329315186,0.877721905708313
ccstytr,000000427034__Ukiyo_e__kitagawa-utamaro_not_detected_233134.png,000000427034__Ukiyo_e__kitagawa-utamaro_not_detected_233134,000000427034,Ukiyo_e__kitagawa-utamaro_not_detected_233134,0.5921239256858826,0.431861937046051,0.5902699627989937,1.5685638189315796,0.9232771992683411
ccstytr,000000435003__Abstract_Expressionism__paul-jenkins_not_detected_235703.png,000000435003__Abstract_Expressionism__paul-jenkins_not_detected_235703,000000435003,Abstract_Expressionism__paul-jenkins_not_detected_235703,0.7094283699989319,0.27035513520240784,0.6430013180466944,1.0396592617034912,1.0827897787094116
ccstytr,000000435003__Art_Nouveau_Modern__nicholas-roerich_oze-1914.png,000000435003__Art_Nouveau_Modern__nicholas-roerich_oze-1914,000000435003,Art_Nouveau_Modern__nicholas-roerich_oze-1914,0.6766188144683838,0.345176637172699,0.6799158177461307,1.18619704246521,0.902193546295166
ccstytr,000000435003__Baroque__rembrandt_portrait-of-nicolas-van-bambeeck-1641.png,000000435003__Baroque__rembrandt_portrait-of-nicolas-van-bambeeck-1641,000000435003,Baroque__rembrandt_portrait-of-nicolas-van-bambeeck-1641,0.4794216454029083,0.38246166706085205,0.6204585068526858,1.148209810256958,0.7186890840530396
ccstytr,000000435003__Color_Field_Painting__leon-berkowitz_dark-light-rose-gold-1978.png,000000435003__Color_Field_Painting__leon-berkowitz_dark-light-rose-gold-1978,000000435003,Color_Field_Painting__leon-berkowitz_dark-light-rose-gold-1978,0.4337712228298187,0.691428542137146,0.40168203322552987,2.245952606201172,0.9324029684066772
ccstytr,000000435003__Cubism__salvador-dali_cubist-composition-portrait-of-a-seated-person-holding-a-letter.png,000000435003__Cubism__salvador-dali_cubist-composition-portrait-of-a-seated-person-holding-a-letter,000000435003,Cubism__salvador-dali_cubist-composition-portrait-of-a-seated-person-holding-a-letter,0.616154670715332,0.5397557020187378,0.5837807268004646,1.2439613342285156,0.4921194016933441
ccstytr,000000435003__Early_Renaissance__pietro-perugino_st-jerome-who-attends-two-unfairly-hanged-1473.png,000000435003__Early_Renaissance__pietro-perugino_st-jerome-who-attends-two-unfairly-hanged-1473,000000435003,Early_Renaissance__pietro-perugino_st-jerome-who-attends-two-unfairly-hanged-1473,0.7562406659126282,0.2887834310531616,0.6922373972347889,1.083005666732788,1.1031060218811035
ccstytr,000000435003__Expressionism__amedeo-modigliani_germaine-survage-with-earrings-1918.png,000000435003__Expressionism__amedeo-modigliani_germaine-survage-with-earrings-1918,000000435003,Expressionism__amedeo-modigliani_germaine-survage-with-earrings-1918,0.659551739692688,0.4372587502002716,0.646440453761222,1.2217354774475098,0.7460915446281433
ccstytr,000000435003__High_Renaissance__raphael_madonna-and-child-enthroned-with-saints-1505.png,000000435003__High_Renaissance__raphael_madonna-and-child-enthroned-with-saints-1505,000000435003,High_Renaissance__raphael_madonna-and-child-enthroned-with-saints-1505,0.7732716202735901,0.22796685993671417,0.7302344795809396,0.9211905002593994,1.6956698894500732
ccstytr,000000435003__Impressionism__pierre-auguste-renoir_leaving-the-bath-1890.png,000000435003__Impressionism__pierre-auguste-renoir_leaving-the-bath-1890,000000435003,Impressionism__pierre-auguste-renoir_leaving-the-bath-1890,0.6060187220573425,0.42126715183258057,0.5532617142261133,1.4385496377944946,0.7499832510948181
ccstytr,000000435003__Mannerism_Late_Renaissance__tintoretto_st-mark-rescuing-a-saracen-from-shipwreck-1566.png,000000435003__Mannerism_Late_Renaissance__tintoretto_st-mark-rescuing-a-saracen-from-shipwreck-1566,000000435003,Mannerism_Late_Renaissance__tintoretto_st-mark-rescuing-a-saracen-from-shipwreck-1566,0.6957880854606628,0.3254479467868805,0.6543498556168513,1.2559263706207275,1.3640750646591187
ccstytr,000000435003__Minimalism__mario-schifano_untitled-1963.png,000000435003__Minimalism__mario-schifano_untitled-1963,000000435003,Minimalism__mario-schifano_untitled-1963,0.37384653091430664,0.820573091506958,0.25455460774834004,1.861718773841858,1.2869913578033447
ccstytr,000000435003__Naive_Art_Primitivism__marc-chagall_the-young-samuel-the-priest-s-servant-heard-that-he-is-called-by-god-eli-and-he-were-sleeping.png,000000435003__Naive_Art_Primitivism__marc-chagall_the-young-samuel-the-priest-s-servant-heard-that-he-is-called-by-god-eli-and-he-were-sleeping,000000435003,Naive_Art_Primitivism__marc-chagall_the-young-samuel-the-priest-s-servant-heard-that-he-is-called-by-god-eli-and-he-were-sleeping,0.5674225091934204,0.4053632318973541,0.5231543617142285,1.5589063167572021,0.7667762041091919
ccstytr,000000435003__Northern_Renaissance__albrecht-durer_lamentation-over-christ-1507.png,000000435003__Northern_Renaissance__albrecht-durer_lamentation-over-christ-1507,000000435003,Northern_Renaissance__albrecht-durer_lamentation-over-christ-1507,0.5050408840179443,0.4008699059486389,0.4582577771712792,1.7214162349700928,1.2090096473693848
ccstytr,000000435003__Pop_Art__peter-max_composition-red-green-1979.png,000000435003__Pop_Art__peter-max_composition-red-green-1979,000000435003,Pop_Art__peter-max_composition-red-green-1979,0.4663538932800293,0.37600138783454895,0.43717538098685277,1.632007360458374,1.6567107439041138
ccstytr,000000435003__Post_Impressionism__vincent-van-gogh_restaurant-de-la-sirene-at-asnieres-1887.png,000000435003__Post_Impressionism__vincent-van-gogh_restaurant-de-la-sirene-at-asnieres-1887,000000435003,Post_Impressionism__vincent-van-gogh_restaurant-de-la-sirene-at-asnieres-1887,0.5992110371589661,0.4591565430164337,0.5506548019596249,1.6469635963439941,1.0780638456344604
ccstytr,000000435003__Realism__vincent-van-gogh_cottage-with-peasant-coming-home-1885(1).png,000000435003__Realism__vincent-van-gogh_cottage-with-peasant-coming-home-1885(1),000000435003,Realism__vincent-van-gogh_cottage-with-peasant-coming-home-1885(1),0.7018110752105713,0.34111523628234863,0.6658188011665638,1.2690482139587402,0.649705171585083
ccstytr,000000435003__Rococo__dmitry-levitzky_portrait-of-baron-a-n-stroganoff.png,000000435003__Rococo__dmitry-levitzky_portrait-of-baron-a-n-stroganoff,000000435003,Rococo__dmitry-levitzky_portrait-of-baron-a-n-stroganoff,0.48833438754081726,0.38035130500793457,0.6418556914686541,1.1378084421157837,0.7655317783355713
ccstytr,000000435003__Romanticism__gustave-dore_paradise-lost-4.png,000000435003__Romanticism__gustave-dore_paradise-lost-4,000000435003,Romanticism__gustave-dore_paradise-lost-4,0.6684141755104065,0.30128198862075806,0.6144091494046251,1.0993834733963013,1.0709805488586426
ccstytr,000000435003__Symbolism__nicholas-roerich_language-of-forest-1922.png,000000435003__Symbolism__nicholas-roerich_language-of-forest-1922,000000435003,Symbolism__nicholas-roerich_language-of-forest-1922,0.7224419116973877,0.34421348571777344,0.7050524557941755,1.2173340320587158,1.078880786895752
ccstytr,000000435003__Ukiyo_e__kitagawa-utamaro_not_detected_233134.png,000000435003__Ukiyo_e__kitagawa-utamaro_not_detected_233134,000000435003,Ukiyo_e__kitagawa-utamaro_not_detected_233134,0.5794786214828491,0.40771111845970154,0.6110171302523583,1.4678515195846558,0.9152603149414062
ccstytr,000000464251__Abstract_Expressionism__paul-jenkins_not_detected_235703.png,000000464251__Abstract_Expressionism__paul-jenkins_not_detected_235703,000000464251,Abstract_Expressionism__paul-jenkins_not_detected_235703,0.656464159488678,0.5379475355148315,0.8329550534376832,1.1337896585464478,0.939104437828064
ccstytr,000000464251__Art_Nouveau_Modern__nicholas-roerich_oze-1914.png,000000464251__Art_Nouveau_Modern__nicholas-roerich_oze-1914,000000464251,Art_Nouveau_Modern__nicholas-roerich_oze-1914,0.6523609757423401,0.6921393275260925,0.8005188248057408,1.3517353534698486,1.0474669933319092
ccstytr,000000464251__Baroque__rembrandt_portrait-of-nicolas-van-bambeeck-1641.png,000000464251__Baroque__rembrandt_portrait-of-nicolas-van-bambeeck-1641,000000464251,Baroque__rembrandt_portrait-of-nicolas-van-bambeeck-1641,0.5629357695579529,0.37660330533981323,0.748458271611835,1.0623390674591064,0.6206222772598267
ccstytr,000000464251__Color_Field_Painting__leon-berkowitz_dark-light-rose-gold-1978.png,000000464251__Color_Field_Painting__leon-berkowitz_dark-light-rose-gold-1978,000000464251,Color_Field_Painting__leon-berkowitz_dark-light-rose-gold-1978,0.4486732482910156,0.8146775364875793,0.5378739247760784,2.0538294315338135,0.8584834933280945
ccstytr,000000464251__Cubism__salvador-dali_cubist-composition-portrait-of-a-seated-person-holding-a-letter.png,000000464251__Cubism__salvador-dali_cubist-composition-portrait-of-a-seated-person-holding-a-letter,000000464251,Cubism__salvador-dali_cubist-composition-portrait-of-a-seated-person-holding-a-letter,0.6121442914009094,0.47885429859161377,0.8009735353539372,1.012481451034546,0.5831788778305054
ccstytr,000000464251__Early_Renaissance__pietro-perugino_st-jerome-who-attends-two-unfairly-hanged-1473.png,000000464251__Early_Renaissance__pietro-perugino_st-jerome-who-attends-two-unfairly-hanged-1473,000000464251,Early_Renaissance__pietro-perugino_st-jerome-who-attends-two-unfairly-hanged-1473,0.6340736746788025,0.4984528422355652,0.6807878140437292,1.403848648071289,0.8202322721481323
ccstytr,000000464251__Expressionism__amedeo-modigliani_germaine-survage-with-earrings-1918.png,000000464251__Expressionism__amedeo-modigliani_germaine-survage-with-earrings-1918,000000464251,Expressionism__amedeo-modigliani_germaine-survage-with-earrings-1918,0.6955038905143738,0.3638579249382019,0.7679375884584363,1.128777265548706,0.5338262319564819
ccstytr,000000464251__High_Renaissance__raphael_madonna-and-child-enthroned-with-saints-1505.png,000000464251__High_Renaissance__raphael_madonna-and-child-enthroned-with-saints-1505,000000464251,High_Renaissance__raphael_madonna-and-child-enthroned-with-saints-1505,0.6011990308761597,0.5563277006149292,0.6615092846425453,1.5409975051879883,1.3806575536727905
ccstytr,000000464251__Impressionism__pierre-auguste-renoir_leaving-the-bath-1890.png,000000464251__Impressionism__pierre-auguste-renoir_leaving-the-bath-1890,000000464251,Impressionism__pierre-auguste-renoir_leaving-the-bath-1890,0.5930742621421814,0.43074506521224976,0.6950876531123877,1.350271463394165,0.5505500435829163
ccstytr,000000464251__Mannerism_Late_Renaissance__tintoretto_st-mark-rescuing-a-saracen-from-shipwreck-1566.png,000000464251__Mannerism_Late_Renaissance__tintoretto_st-mark-rescuing-a-saracen-from-shipwreck-1566,000000464251,Mannerism_Late_Renaissance__tintoretto_st-mark-rescuing-a-saracen-from-shipwreck-1566,0.6132070422172546,0.5261777639389038,0.6722455967478688,1.4878734350204468,0.9453204870223999
ccstytr,000000464251__Minimalism__mario-schifano_untitled-1963.png,000000464251__Minimalism__mario-schifano_untitled-1963,000000464251,Minimalism__mario-schifano_untitled-1963,0.4000902473926544,0.4806136190891266,0.4951624578724021,1.69862961769104,1.095165729522705
ccstytr,000000464251__Naive_Art_Primitivism__marc-chagall_the-young-samuel-the-priest-s-servant-heard-that-he-is-called-by-god-eli-and-he-were-sleeping.png,000000464251__Naive_Art_Primitivism__marc-chagall_the-young-samuel-the-priest-s-servant-heard-that-he-is-called-by-god-eli-and-he-were-sleeping,000000464251,Naive_Art_Primitivism__marc-chagall_the-young-samuel-the-priest-s-servant-heard-that-he-is-called-by-god-eli-and-he-were-sleeping,0.4374181032180786,0.7058738470077515,0.44718270981656194,1.7723395824432373,0.6257073879241943
ccstytr,000000464251__Northern_Renaissance__albrecht-durer_lamentation-over-christ-1507.png,000000464251__Northern_Renaissance__albrecht-durer_lamentation-over-christ-1507,000000464251,Northern_Renaissance__albrecht-durer_lamentation-over-christ-1507,0.3428588807582855,0.7541325092315674,0.31963581383510675,2.1331820487976074,1.222469687461853
ccstytr,000000464251__Pop_Art__peter-max_composition-red-green-1979.png,000000464251__Pop_Art__peter-max_composition-red-green-1979,000000464251,Pop_Art__peter-max_composition-red-green-1979,0.42756760120391846,0.5222324132919312,0.6221939586566921,1.7181264162063599,1.8656291961669922
ccstytr,000000464251__Post_Impressionism__vincent-van-gogh_restaurant-de-la-sirene-at-asnieres-1887.png,000000464251__Post_Impressionism__vincent-van-gogh_restaurant-de-la-sirene-at-asnieres-1887,000000464251,Post_Impressionism__vincent-van-gogh_restaurant-de-la-sirene-at-asnieres-1887,0.44371554255485535,0.6348302364349365,0.43033889470131925,1.9230085611343384,0.9258778095245361
ccstytr,000000464251__Realism__vincent-van-gogh_cottage-with-peasant-coming-home-1885(1).png,000000464251__Realism__vincent-van-gogh_cottage-with-peasant-coming-home-1885(1),000000464251,Realism__vincent-van-gogh_cottage-with-peasant-coming-home-1885(1),0.6079866290092468,0.495307981967926,0.7254451567708807,1.3476704359054565,0.4214482009410858
ccstytr,000000464251__Rococo__dmitry-levitzky_portrait-of-baron-a-n-stroganoff.png,000000464251__Rococo__dmitry-levitzky_portrait-of-baron-a-n-stroganoff,000000464251,Rococo__dmitry-levitzky_portrait-of-baron-a-n-stroganoff,0.6045000553131104,0.2869158387184143,0.7895975126777572,0.8875928521156311,0.7343578338623047
ccstytr,000000464251__Romanticism__gustave-dore_paradise-lost-4.png,000000464251__Romanticism__gustave-dore_paradise-lost-4,000000464251,Romanticism__gustave-dore_paradise-lost-4,0.5687967538833618,0.61278235912323,0.6228923284431168,1.43051278591156,0.8863084316253662
ccstytr,000000464251__Symbolism__nicholas-roerich_language-of-forest-1922.png,000000464251__Symbolism__nicholas-roerich_language-of-forest-1922,000000464251,Symbolism__nicholas-roerich_language-of-forest-1922,0.5968807339668274,0.6861963272094727,0.6686562066943594,1.5835726261138916,0.791046142578125
ccstytr,000000464251__Ukiyo_e__kitagawa-utamaro_not_detected_233134.png,000000464251__Ukiyo_e__kitagawa-utamaro_not_detected_233134,000000464251,Ukiyo_e__kitagawa-utamaro_not_detected_233134,0.4673355519771576,0.5667468905448914,0.612811972310707,1.7578790187835693,1.0750364065170288
ccstytr,000000464786__Abstract_Expressionism__paul-jenkins_not_detected_235703.png,000000464786__Abstract_Expressionism__paul-jenkins_not_detected_235703,000000464786,Abstract_Expressionism__paul-jenkins_not_detected_235703,0.822888195514679,0.37517696619033813,0.8370924429111045,1.3746275901794434,0.8517854809761047
ccstytr,000000464786__Art_Nouveau_Modern__nicholas-roerich_oze-1914.png,000000464786__Art_Nouveau_Modern__nicholas-roerich_oze-1914,000000464786,Art_Nouveau_Modern__nicholas-roerich_oze-1914,0.6630874276161194,0.5710271596908569,0.535359793871611,2.1751248836517334,1.0422106981277466
ccstytr,000000464786__Baroque__rembrandt_portrait-of-nicolas-van-bambeeck-1641.png,000000464786__Baroque__rembrandt_portrait-of-nicolas-van-bambeeck-1641,000000464786,Baroque__rembrandt_portrait-of-nicolas-van-bambeeck-1641,0.5967288613319397,0.4804226756095886,0.661976523242426,1.6563661098480225,0.7060868740081787
ccstytr,000000464786__Color_Field_Painting__leon-berkowitz_dark-light-rose-gold-1978.png,000000464786__Color_Field_Painting__leon-berkowitz_dark-light-rose-gold-1978,000000464786,Color_Field_Painting__leon-berkowitz_dark-light-rose-gold-1978,0.6016010642051697,0.7130380868911743,0.5471563179641937,2.3092398643493652,0.6744019389152527
ccstytr,000000464786__Cubism__salvador-dali_cubist-composition-portrait-of-a-seated-person-holding-a-letter.png,000000464786__Cubism__salvador-dali_cubist-composition-portrait-of-a-seated-person-holding-a-letter,000000464786,Cubism__salvador-dali_cubist-composition-portrait-of-a-seated-person-holding-a-letter,0.8004202246665955,0.622512698173523,0.7666670063463948,1.4900121688842773,0.5803354978561401
ccstytr,000000464786__Early_Renaissance__pietro-perugino_st-jerome-who-attends-two-unfairly-hanged-1473.png,000000464786__Early_Renaissance__pietro-perugino_st-jerome-who-attends-two-unfairly-hanged-1473,000000464786,Early_Renaissance__pietro-perugino_st-jerome-who-attends-two-unfairly-hanged-1473,0.6481133103370667,0.4577665328979492,0.41464721722118236,2.0073347091674805,0.929219126701355
ccstytr,000000464786__Expressionism__amedeo-modigliani_germaine-survage-with-earrings-1918.png,000000464786__Expressionism__amedeo-modigliani_germaine-survage-with-earrings-1918,000000464786,Expressionism__amedeo-modigliani_germaine-survage-with-earrings-1918,0.7553112506866455,0.4878922998905182,0.6499805948562662,1.564831018447876,0.5617004036903381
ccstytr,000000464786__High_Renaissance__raphael_madonna-and-child-enthroned-with-saints-1505.png,000000464786__High_Renaissance__raphael_madonna-and-child-enthroned-with-saints-1505,000000464786,High_Renaissance__raphael_madonna-and-child-enthroned-with-saints-1505,0.58828204870224,0.531405508518219,0.44449259673568786,2.499270439147949,1.8492382764816284
ccstytr,000000464786__Impressionism__pierre-auguste-renoir_leaving-the-bath-1890.png,000000464786__Impressionism__pierre-auguste-renoir_leaving-the-bath-1890,000000464786,Impressionism__pierre-auguste-renoir_leaving-the-bath-1890,0.7403729557991028,0.4750237464904785,0.6274414518410947,1.7556416988372803,0.6396085023880005
ccstytr,000000464786__Mannerism_Late_Renaissance__tintoretto_st-mark-rescuing-a-saracen-from-shipwreck-1566.png,000000464786__Mannerism_Late_Renaissance__tintoretto_st-mark-rescuing-a-saracen-from-shipwreck-1566,000000464786,Mannerism_Late_Renaissance__tintoretto_st-mark-rescuing-a-saracen-from-shipwreck-1566,0.5086248517036438,0.537194550037384,0.43510001818035915,2.2656426429748535,0.9153851270675659
ccstytr,000000464786__Minimalism__mario-schifano_untitled-1963.png,000000464786__Minimalism__mario-schifano_untitled-1963,000000464786,Minimalism__mario-schifano_untitled-1963,0.6052559018135071,0.7962621450424194,0.6959866492928741,2.267632246017456,1.303831934928894
ccstytr,000000464786__Naive_Art_Primitivism__marc-chagall_the-young-samuel-the-priest-s-servant-heard-that-he-is-called-by-god-eli-and-he-were-sleeping.png,000000464786__Naive_Art_Primitivism__marc-chagall_the-young-samuel-the-priest-s-servant-heard-that-he-is-called-by-god-eli-and-he-were-sleeping,000000464786,Naive_Art_Primitivism__marc-chagall_the-young-samuel-the-priest-s-servant-heard-that-he-is-called-by-god-eli-and-he-were-sleeping,0.4472982585430145,0.609346866607666,0.2807122202735465,2.3327770233154297,0.5140376687049866
ccstytr,000000464786__Northern_Renaissance__albrecht-durer_lamentation-over-christ-1507.png,000000464786__Northern_Renaissance__albrecht-durer_lamentation-over-christ-1507,000000464786,Northern_Renaissance__albrecht-durer_lamentation-over-christ-1507,0.3400537073612213,0.6702350378036499,0.22271572510870075,2.831674098968506,1.3717737197875977
ccstytr,000000464786__Pop_Art__peter-max_composition-red-green-1979.png,000000464786__Pop_Art__peter-max_composition-red-green-1979,000000464786,Pop_Art__peter-max_composition-red-green-1979,0.5949887633323669,0.44578927755355835,0.6450196141765683,2.2368385791778564,1.6491038799285889
ccstytr,000000464786__Post_Impressionism__vincent-van-gogh_restaurant-de-la-sirene-at-asnieres-1887.png,000000464786__Post_Impressionism__vincent-van-gogh_restaurant-de-la-sirene-at-asnieres-1887,000000464786,Post_Impressionism__vincent-van-gogh_restaurant-de-la-sirene-at-asnieres-1887,0.4201008081436157,0.6708673238754272,0.2374090367111812,2.7155661582946777,0.8887097239494324
ccstytr,000000464786__Realism__vincent-van-gogh_cottage-with-peasant-coming-home-1885(1).png,000000464786__Realism__vincent-van-gogh_cottage-with-peasant-coming-home-1885(1),000000464786,Realism__vincent-van-gogh_cottage-with-peasant-coming-home-1885(1),0.647656261920929,0.5248571634292603,0.45621912029096673,2.1299147605895996,0.4934884309768677
ccstytr,000000464786__Rococo__dmitry-levitzky_portrait-of-baron-a-n-stroganoff.png,000000464786__Rococo__dmitry-levitzky_portrait-of-baron-a-n-stroganoff,000000464786,Rococo__dmitry-levitzky_portrait-of-baron-a-n-stroganoff,0.6123073101043701,0.4094209671020508,0.6678669375872881,1.447090983390808,0.5944117307662964
ccstytr,000000464786__Romanticism__gustave-dore_paradise-lost-4.png,000000464786__Romanticism__gustave-dore_paradise-lost-4,000000464786,Romanticism__gustave-dore_paradise-lost-4,0.5018966794013977,0.5819243788719177,0.37952217455892745,2.087979793548584,0.89300137758255
ccstytr,000000464786__Symbolism__nicholas-roerich_language-of-forest-1922.png,000000464786__Symbolism__nicholas-roerich_language-of-forest-1922,000000464786,Symbolism__nicholas-roerich_language-of-forest-1922,0.565496027469635,0.6059122085571289,0.4020673359230834,2.520897150039673,0.9877351522445679
ccstytr,000000464786__Ukiyo_e__kitagawa-utamaro_not_detected_233134.png,000000464786__Ukiyo_e__kitagawa-utamaro_not_detected_233134,000000464786,Ukiyo_e__kitagawa-utamaro_not_detected_233134,0.552864134311676,0.5769643187522888,0.46757029496623115,2.4036152362823486,1.3003336191177368
ccstytr,000000475387__Abstract_Expressionism__paul-jenkins_not_detected_235703.png,000000475387__Abstract_Expressionism__paul-jenkins_not_detected_235703,000000475387,Abstract_Expressionism__paul-jenkins_not_detected_235703,0.5625322461128235,0.3434509038925171,0.5055667852805309,1.4529008865356445,1.3556416034698486
ccstytr,000000475387__Art_Nouveau_Modern__nicholas-roerich_oze-1914.png,000000475387__Art_Nouveau_Modern__nicholas-roerich_oze-1914,000000475387,Art_Nouveau_Modern__nicholas-roerich_oze-1914,0.5675143599510193,0.3052768409252167,0.6260526422218855,1.2435722351074219,0.9771136045455933
ccstytr,000000475387__Baroque__rembrandt_portrait-of-nicolas-van-bambeeck-1641.png,000000475387__Baroque__rembrandt_portrait-of-nicolas-van-bambeeck-1641,000000475387,Baroque__rembrandt_portrait-of-nicolas-van-bambeeck-1641,0.3398526906967163,0.46919575333595276,0.5337862477046688,1.4561518430709839,0.9103570580482483
ccstytr,000000475387__Color_Field_Painting__leon-berkowitz_dark-light-rose-gold-1978.png,000000475387__Color_Field_Painting__leon-berkowitz_dark-light-rose-gold-1978,000000475387,Color_Field_Painting__leon-berkowitz_dark-light-rose-gold-1978,0.32439833879470825,0.6849199533462524,0.32323187574323814,2.468449354171753,1.0537526607513428
ccstytr,000000475387__Cubism__salvador-dali_cubist-composition-portrait-of-a-seated-person-holding-a-letter.png,000000475387__Cubism__salvador-dali_cubist-composition-portrait-of-a-seated-person-holding-a-letter,000000475387,Cubism__salvador-dali_cubist-composition-portrait-of-a-seated-person-holding-a-letter,0.4897916615009308,0.656175971031189,0.4740348780227507,1.56594717502594,0.6788007020950317
ccstytr,000000475387__Early_Renaissance__pietro-perugino_st-jerome-who-attends-two-unfairly-hanged-1473.png,000000475387__Early_Renaissance__pietro-perugino_st-jerome-who-attends-two-unfairly-hanged-1473,000000475387,Early_Renaissance__pietro-perugino_st-jerome-who-attends-two-unfairly-hanged-1473,0.7359992861747742,0.2747029662132263,0.7304666500123218,1.192680835723877,1.4058939218521118
ccstytr,000000475387__Expressionism__amedeo-modigliani_germaine-survage-with-earrings-1918.png,000000475387__Expressionism__amedeo-modigliani_germaine-survage-with-earrings-1918,000000475387,Expressionism__amedeo-modigliani_germaine-survage-with-earrings-1918,0.5483260750770569,0.4796730577945709,0.55477677584312,1.558767318725586,0.8699401617050171
ccstytr,000000475387__High_Renaissance__raphael_madonna-and-child-enthroned-with-saints-1505.png,000000475387__High_Renaissance__raphael_madonna-and-child-enthroned-with-saints-1505,000000475387,High_Renaissance__raphael_madonna-and-child-enthroned-with-saints-1505,0.7495529651641846,0.2246144860982895,0.7329915740832333,1.02602219581604,1.7639135122299194
ccstytr,000000475387__Impressionism__pierre-auguste-renoir_leaving-the-bath-1890.png,000000475387__Impressionism__pierre-auguste-renoir_leaving-the-bath-1890,000000475387,Impressionism__pierre-auguste-renoir_leaving-the-bath-1890,0.49760279059410095,0.4750429093837738,0.45008192475927783,1.78129243850708,0.924275279045105
ccstytr,000000475387__Mannerism_Late_Renaissance__tintoretto_st-mark-rescuing-a-saracen-from-shipwreck-1566.png,000000475387__Mannerism_Late_Renaissance__tintoretto_st-mark-rescuing-a-saracen-from-shipwreck-1566,000000475387,Mannerism_Late_Renaissance__tintoretto_st-mark-rescuing-a-saracen-from-shipwreck-1566,0.6447534561157227,0.30878472328186035,0.672517762849481,1.3585395812988281,1.324955701828003
ccstytr,000000475387__Minimalism__mario-schifano_untitled-1963.png,000000475387__Minimalism__mario-schifano_untitled-1963,000000475387,Minimalism__mario-schifano_untitled-1963,0.28429511189460754,0.9374309778213501,0.1903175552573334,2.1892738342285156,1.3594896793365479
ccstytr,000000475387__Naive_Art_Primitivism__marc-chagall_the-young-samuel-the-priest-s-servant-heard-that-he-is-called-by-god-eli-and-he-were-sleeping.png,000000475387__Naive_Art_Primitivism__marc-chagall_the-young-samuel-the-priest-s-servant-heard-that-he-is-called-by-god-eli-and-he-were-sleeping,000000475387,Naive_Art_Primitivism__marc-chagall_the-young-samuel-the-priest-s-servant-heard-that-he-is-called-by-god-eli-and-he-were-sleeping,0.617052435874939,0.3806535005569458,0.5918670562848332,1.694717288017273,0.8615670204162598
ccstytr,000000475387__Northern_Renaissance__albrecht-durer_lamentation-over-christ-1507.png,000000475387__Northern_Renaissance__albrecht-durer_lamentation-over-christ-1507,000000475387,Northern_Renaissance__albrecht-durer_lamentation-over-christ-1507,0.6043620705604553,0.3863542675971985,0.5260119414272695,1.8047490119934082,1.2290635108947754
ccstytr,000000475387__Pop_Art__peter-max_composition-red-green-1979.png,000000475387__Pop_Art__peter-max_composition-red-green-1979,000000475387,Pop_Art__peter-max_composition-red-green-1979,0.4212433397769928,0.4395821988582611,0.36699013076901554,2.005894422531128,1.7146005630493164
ccstytr,000000475387__Post_Impressionism__vincent-van-gogh_restaurant-de-la-sirene-at-asnieres-1887.png,000000475387__Post_Impressionism__vincent-van-gogh_restaurant-de-la-sirene-at-asnieres-1887,000000475387,Post_Impressionism__vincent-van-gogh_restaurant-de-la-sirene-at-asnieres-1887,0.654832661151886,0.4333120286464691,0.639691258879893,1.7059378623962402,1.13836669921875
ccstytr,000000475387__Realism__vincent-van-gogh_cottage-with-peasant-coming-home-1885(1).png,000000475387__Realism__vincent-van-gogh_cottage-with-peasant-coming-home-1885(1),000000475387,Realism__vincent-van-gogh_cottage-with-peasant-coming-home-1885(1),0.6899787783622742,0.3324274718761444,0.659603506919478,1.2719199657440186,0.6524460911750793
ccstytr,000000475387__Rococo__dmitry-levitzky_portrait-of-baron-a-n-stroganoff.png,000000475387__Rococo__dmitry-levitzky_portrait-of-baron-a-n-stroganoff,000000475387,Rococo__dmitry-levitzky_portrait-of-baron-a-n-stroganoff,0.35137733817100525,0.4569895565509796,0.5625413906737708,1.424682855606079,0.8516354560852051
ccstytr,000000475387__Romanticism__gustave-dore_paradise-lost-4.png,000000475387__Romanticism__gustave-dore_paradise-lost-4,000000475387,Romanticism__gustave-dore_paradise-lost-4,0.5770202279090881,0.313864529132843,0.7014151187169105,1.2738394737243652,1.248657464981079
ccstytr,000000475387__Symbolism__nicholas-roerich_language-of-forest-1922.png,000000475387__Symbolism__nicholas-roerich_language-of-forest-1922,000000475387,Symbolism__nicholas-roerich_language-of-forest-1922,0.7015977501869202,0.2719112038612366,0.74448718407791,1.1259772777557373,1.3481777906417847
ccstytr,000000475387__Ukiyo_e__kitagawa-utamaro_not_detected_233134.png,000000475387__Ukiyo_e__kitagawa-utamaro_not_detected_233134,000000475387,Ukiyo_e__kitagawa-utamaro_not_detected_233134,0.5630398392677307,0.41768673062324524,0.5554714842104956,1.75113844871521,1.0835423469543457
ccstytr,000000484029__Abstract_Expressionism__paul-jenkins_not_detected_235703.png,000000484029__Abstract_Expressionism__paul-jenkins_not_detected_235703,000000484029,Abstract_Expressionism__paul-jenkins_not_detected_235703,0.7413525581359863,0.30042529106140137,0.6917652628556229,1.2237164974212646,1.1236214637756348
ccstytr,000000484029__Art_Nouveau_Modern__nicholas-roerich_oze-1914.png,000000484029__Art_Nouveau_Modern__nicholas-roerich_oze-1914,000000484029,Art_Nouveau_Modern__nicholas-roerich_oze-1914,0.7073302268981934,0.3682100772857666,0.685697704869237,1.275388240814209,0.9491342902183533
ccstytr,000000484029__Baroque__rembrandt_portrait-of-nicolas-van-bambeeck-1641.png,000000484029__Baroque__rembrandt_portrait-of-nicolas-van-bambeeck-1641,000000484029,Baroque__rembrandt_portrait-of-nicolas-van-bambeeck-1641,0.5879765152931213,0.4882630705833435,0.5928950877069384,1.3811516761779785,0.7026163935661316
ccstytr,000000484029__Color_Field_Painting__leon-berkowitz_dark-light-rose-gold-1978.png,000000484029__Color_Field_Painting__leon-berkowitz_dark-light-rose-gold-1978,000000484029,Color_Field_Painting__leon-berkowitz_dark-light-rose-gold-1978,0.47118672728538513,0.7105244398117065,0.43268930231734737,2.197856903076172,0.9555506706237793
ccstytr,000000484029__Cubism__salvador-dali_cubist-composition-portrait-of-a-seated-person-holding-a-letter.png,000000484029__Cubism__salvador-dali_cubist-composition-portrait-of-a-seated-person-holding-a-letter,000000484029,Cubism__salvador-dali_cubist-composition-portrait-of-a-seated-person-holding-a-letter,0.6328713893890381,0.6085824370384216,0.6488967106382963,1.461852788925171,0.6707804203033447
ccstytr,000000484029__Early_Renaissance__pietro-perugino_st-jerome-who-attends-two-unfairly-hanged-1473.png,000000484029__Early_Renaissance__pietro-perugino_st-jerome-who-attends-two-unfairly-hanged-1473,000000484029,Early_Renaissance__pietro-perugino_st-jerome-who-attends-two-unfairly-hanged-1473,0.7154013514518738,0.34266912937164307,0.6377987781741388,1.1200000047683716,1.0709244012832642
ccstytr,000000484029__Expressionism__amedeo-modigliani_germaine-survage-with-earrings-1918.png,000000484029__Expressionism__amedeo-modigliani_germaine-survage-with-earrings-1918,000000484029,Expressionism__amedeo-modigliani_germaine-survage-with-earrings-1918,0.6300925612449646,0.5654840469360352,0.5891600863038606,1.537046194076538,0.6746994256973267
ccstytr,000000484029__High_Renaissance__raphael_madonna-and-child-enthroned-with-saints-1505.png,000000484029__High_Renaissance__raphael_madonna-and-child-enthroned-with-saints-1505,000000484029,High_Renaissance__raphael_madonna-and-child-enthroned-with-saints-1505,0.8848760724067688,0.13935992121696472,0.9388839135924187,0.3840895891189575,2.8599066734313965
ccstytr,000000484029__Impressionism__pierre-auguste-renoir_leaving-the-bath-1890.png,000000484029__Impressionism__pierre-auguste-renoir_leaving-the-bath-1890,000000484029,Impressionism__pierre-auguste-renoir_leaving-the-bath-1890,0.5568968653678894,0.5532074570655823,0.5283027818745435,1.7695958614349365,0.7473027110099792
ccstytr,000000484029__Mannerism_Late_Renaissance__tintoretto_st-mark-rescuing-a-saracen-from-shipwreck-1566.png,000000484029__Mannerism_Late_Renaissance__tintoretto_st-mark-rescuing-a-saracen-from-shipwreck-1566,000000484029,Mannerism_Late_Renaissance__tintoretto_st-mark-rescuing-a-saracen-from-shipwreck-1566,0.6504051685333252,0.43461179733276367,0.5567206714188818,1.581343173980713,1.0643877983093262
ccstytr,000000484029__Minimalism__mario-schifano_untitled-1963.png,000000484029__Minimalism__mario-schifano_untitled-1963,000000484029,Minimalism__mario-schifano_untitled-1963,0.42018067836761475,0.8727927207946777,0.5092009314029372,1.9434629678726196,1.193864107131958
ccstytr,000000484029__Naive_Art_Primitivism__marc-chagall_the-young-samuel-the-priest-s-servant-heard-that-he-is-called-by-god-eli-and-he-were-sleeping.png,000000484029__Naive_Art_Primitivism__marc-chagall_the-young-samuel-the-priest-s-servant-heard-that-he-is-called-by-god-eli-and-he-were-sleeping,000000484029,Naive_Art_Primitivism__marc-chagall_the-young-samuel-the-priest-s-servant-heard-that-he-is-called-by-god-eli-and-he-were-sleeping,0.4615345895290375,0.4653802812099457,0.42017225323344237,1.6903111934661865,0.706750750541687
ccstytr,000000484029__Northern_Renaissance__albrecht-durer_lamentation-over-christ-1507.png,000000484029__Northern_Renaissance__albrecht-durer_lamentation-over-christ-1507,000000484029,Northern_Renaissance__albrecht-durer_lamentation-over-christ-1507,0.40052762627601624,0.4781210422515869,0.33814376319620465,1.9035966396331787,1.0596916675567627
ccstytr,000000484029__Pop_Art__peter-max_composition-red-green-1979.png,000000484029__Pop_Art__peter-max_composition-red-green-1979,000000484029,Pop_Art__peter-max_composition-red-green-1979,0.4666953980922699,0.4163661301136017,0.6301824400883012,1.7459540367126465,1.6343834400177002
ccstytr,000000484029__Post_Impressionism__vincent-van-gogh_restaurant-de-la-sirene-at-asnieres-1887.png,000000484029__Post_Impressionism__vincent-van-gogh_restaurant-de-la-sirene-at-asnieres-1887,000000484029,Post_Impressionism__vincent-van-gogh_restaurant-de-la-sirene-at-asnieres-1887,0.4887876510620117,0.5364280939102173,0.4224344376553216,1.7694048881530762,1.0399832725524902
ccstytr,000000484029__Realism__vincent-van-gogh_cottage-with-peasant-coming-home-1885(1).png,000000484029__Realism__vincent-van-gogh_cottage-with-peasant-coming-home-1885(1),000000484029,Realism__vincent-van-gogh_cottage-with-peasant-coming-home-1885(1),0.639661967754364,0.4008515477180481,0.6014258527310454,1.333094835281372,0.559554934501648
ccstytr,000000484029__Rococo__dmitry-levitzky_portrait-of-baron-a-n-stroganoff.png,000000484029__Rococo__dmitry-levitzky_portrait-of-baron-a-n-stroganoff,000000484029,Rococo__dmitry-levitzky_portrait-of-baron-a-n-stroganoff,0.597868025302887,0.4766671061515808,0.6137035696286336,1.3075623512268066,0.7954967021942139
ccstytr,000000484029__Romanticism__gustave-dore_paradise-lost-4.png,000000484029__Romanticism__gustave-dore_paradise-lost-4,000000484029,Romanticism__gustave-dore_paradise-lost-4,0.6726813316345215,0.37515342235565186,0.5510251344369858,1.291231632232666,0.9690465331077576
ccstytr,000000484029__Symbolism__nicholas-roerich_language-of-forest-1922.png,000000484029__Symbolism__nicholas-roerich_language-of-forest-1922,000000484029,Symbolism__nicholas-roerich_language-of-forest-1922,0.6782285571098328,0.3652874529361725,0.6572830058420012,1.2233048677444458,0.9568371772766113
ccstytr,000000484029__Ukiyo_e__kitagawa-utamaro_not_detected_233134.png,000000484029__Ukiyo_e__kitagawa-utamaro_not_detected_233134,000000484029,Ukiyo_e__kitagawa-utamaro_not_detected_233134,0.5088430047035217,0.5075086355209351,0.5785263848953803,1.820896863937378,1.0340352058410645
ccstytr,000000485844__Abstract_Expressionism__paul-jenkins_not_detected_235703.png,000000485844__Abstract_Expressionism__paul-jenkins_not_detected_235703,000000485844,Abstract_Expressionism__paul-jenkins_not_detected_235703,0.7481300234794617,0.3407740592956543,0.7641295313255652,1.2558720111846924,0.9099454879760742
ccstytr,000000485844__Art_Nouveau_Modern__nicholas-roerich_oze-1914.png,000000485844__Art_Nouveau_Modern__nicholas-roerich_oze-1914,000000485844,Art_Nouveau_Modern__nicholas-roerich_oze-1914,0.6720988154411316,0.3655761480331421,0.6583860297313856,1.589926838874817,0.8574014902114868
ccstytr,000000485844__Baroque__rembrandt_portrait-of-nicolas-van-bambeeck-1641.png,000000485844__Baroque__rembrandt_portrait-of-nicolas-van-bambeeck-1641,000000485844,Baroque__rembrandt_portrait-of-nicolas-van-bambeeck-1641,0.5497191548347473,0.5060281157493591,0.6026395532195892,1.3096356391906738,0.633172869682312
ccstytr,000000485844__Color_Field_Painting__leon-berkowitz_dark-light-rose-gold-1978.png,000000485844__Color_Field_Painting__leon-berkowitz_dark-light-rose-gold-1978,000000485844,Color_Field_Painting__leon-berkowitz_dark-light-rose-gold-1978,0.4220552146434784,0.6618630290031433,0.3996330736208517,2.3812010288238525,1.1011296510696411
ccstytr,000000485844__Cubism__salvador-dali_cubist-composition-portrait-of-a-seated-person-holding-a-letter.png,000000485844__Cubism__salvador-dali_cubist-composition-portrait-of-a-seated-person-holding-a-letter,000000485844,Cubism__salvador-dali_cubist-composition-portrait-of-a-seated-person-holding-a-letter,0.6259834170341492,0.7218214273452759,0.6831963279186855,1.4316496849060059,0.6515613198280334
ccstytr,000000485844__Early_Renaissance__pietro-perugino_st-jerome-who-attends-two-unfairly-hanged-1473.png,000000485844__Early_Renaissance__pietro-perugino_st-jerome-who-attends-two-unfairly-hanged-1473,000000485844,Early_Renaissance__pietro-perugino_st-jerome-who-attends-two-unfairly-hanged-1473,0.73539799451828,0.3853915333747864,0.6723973781819482,1.3719470500946045,0.9210761189460754
ccstytr,000000485844__Expressionism__amedeo-modigliani_germaine-survage-with-earrings-1918.png,000000485844__Expressionism__amedeo-modigliani_germaine-survage-with-earrings-1918,000000485844,Expressionism__amedeo-modigliani_germaine-survage-with-earrings-1918,0.6380079388618469,0.5988234877586365,0.6251842625458117,1.5551917552947998,0.6728498935699463
ccstytr,000000485844__High_Renaissance__raphael_madonna-and-child-enthroned-with-saints-1505.png,000000485844__High_Renaissance__raphael_madonna-and-child-enthroned-with-saints-1505,000000485844,High_Renaissance__raphael_madonna-and-child-enthroned-with-saints-1505,0.706475555896759,0.3725632429122925,0.6888479468524747,1.6118624210357666,1.2803014516830444
ccstytr,000000485844__Impressionism__pierre-auguste-renoir_leaving-the-bath-1890.png,000000485844__Impressionism__pierre-auguste-renoir_leaving-the-bath-1890,000000485844,Impressionism__pierre-auguste-renoir_leaving-the-bath-1890,0.5680219531059265,0.5857091546058655,0.5228999907685379,1.8892558813095093,0.7933852672576904
ccstytr,000000485844__Mannerism_Late_Renaissance__tintoretto_st-mark-rescuing-a-saracen-from-shipwreck-1566.png,000000485844__Mannerism_Late_Renaissance__tintoretto_st-mark-rescuing-a-saracen-from-shipwreck-1566,000000485844,Mannerism_Late_Renaissance__tintoretto_st-mark-rescuing-a-saracen-from-shipwreck-1566,0.6680927276611328,0.4529694616794586,0.5843497288065517,1.7589833736419678,1.0216026306152344
ccstytr,000000485844__Minimalism__mario-schifano_untitled-1963.png,000000485844__Minimalism__mario-schifano_untitled-1963,000000485844,Minimalism__mario-schifano_untitled-1963,0.3886633813381195,0.947829008102417,0.46235238470255763,1.874523639678955,1.0130844116210938
ccstytr,000000485844__Naive_Art_Primitivism__marc-chagall_the-young-samuel-the-priest-s-servant-heard-that-he-is-called-by-god-eli-and-he-were-sleeping.png,000000485844__Naive_Art_Primitivism__marc-chagall_the-young-samuel-the-priest-s-servant-heard-that-he-is-called-by-god-eli-and-he-were-sleeping,000000485844,Naive_Art_Primitivism__marc-chagall_the-young-samuel-the-priest-s-servant-heard-that-he-is-called-by-god-eli-and-he-were-sleeping,0.5085430145263672,0.47473761439323425,0.3826815420648805,1.7627553939819336,0.6719151139259338
ccstytr,000000485844__Northern_Renaissance__albrecht-durer_lamentation-over-christ-1507.png,000000485844__Northern_Renaissance__albrecht-durer_lamentation-over-christ-1507,000000485844,Northern_Renaissance__albrecht-durer_lamentation-over-christ-1507,0.43455901741981506,0.509767472743988,0.34798434147297436,2.0935816764831543,1.1900495290756226
ccstytr,000000485844__Pop_Art__peter-max_composition-red-green-1979.png,000000485844__Pop_Art__peter-max_composition-red-green-1979,000000485844,Pop_Art__peter-max_composition-red-green-1979,0.44501617550849915,0.5247169733047485,0.5415851973198771,2.0884411334991455,1.418548345565796
ccstytr,000000485844__Post_Impressionism__vincent-van-gogh_restaurant-de-la-sirene-at-asnieres-1887.png,000000485844__Post_Impressionism__vincent-van-gogh_restaurant-de-la-sirene-at-asnieres-1887,000000485844,Post_Impressionism__vincent-van-gogh_restaurant-de-la-sirene-at-asnieres-1887,0.5405896902084351,0.5630195140838623,0.41780864432311776,1.8003265857696533,1.0673373937606812
ccstytr,000000485844__Realism__vincent-van-gogh_cottage-with-peasant-coming-home-1885(1).png,000000485844__Realism__vincent-van-gogh_cottage-with-peasant-coming-home-1885(1),000000485844,Realism__vincent-van-gogh_cottage-with-peasant-coming-home-1885(1),0.6758986115455627,0.4462614059448242,0.6277603130592017,1.4031469821929932,0.4866776168346405
ccstytr,000000485844__Rococo__dmitry-levitzky_portrait-of-baron-a-n-stroganoff.png,000000485844__Rococo__dmitry-levitzky_portrait-of-baron-a-n-stroganoff,000000485844,Rococo__dmitry-levitzky_portrait-of-baron-a-n-stroganoff,0.5603141784667969,0.5187699794769287,0.6286197035601088,1.363572597503662,0.7139282822608948
ccstytr,000000485844__Romanticism__gustave-dore_paradise-lost-4.png,000000485844__Romanticism__gustave-dore_paradise-lost-4,000000485844,Romanticism__gustave-dore_paradise-lost-4,0.6885496973991394,0.37891286611557007,0.5604846764984502,1.2508788108825684,0.8693798780441284
ccstytr,000000485844__Symbolism__nicholas-roerich_language-of-forest-1922.png,000000485844__Symbolism__nicholas-roerich_language-of-forest-1922,000000485844,Symbolism__nicholas-roerich_language-of-forest-1922,0.6698026657104492,0.3905388116836548,0.6621000085401026,1.576479196548462,0.9491196274757385
ccstytr,000000485844__Ukiyo_e__kitagawa-utamaro_not_detected_233134.png,000000485844__Ukiyo_e__kitagawa-utamaro_not_detected_233134,000000485844,Ukiyo_e__kitagawa-utamaro_not_detected_233134,0.4804450571537018,0.5758342742919922,0.48459317098404364,2.1386218070983887,1.2631378173828125
ccstytr,000000510329__Abstract_Expressionism__paul-jenkins_not_detected_235703.png,000000510329__Abstract_Expressionism__paul-jenkins_not_detected_235703,000000510329,Abstract_Expressionism__paul-jenkins_not_detected_235703,0.7613326907157898,0.2907383441925049,0.772121929504615,1.0880632400512695,1.0328457355499268
ccstytr,000000510329__Art_Nouveau_Modern__nicholas-roerich_oze-1914.png,000000510329__Art_Nouveau_Modern__nicholas-roerich_oze-1914,000000510329,Art_Nouveau_Modern__nicholas-roerich_oze-1914,0.7374826073646545,0.3400903344154358,0.7868906099445097,1.0722328424453735,1.09305739402771
ccstytr,000000510329__Baroque__rembrandt_portrait-of-nicolas-van-bambeeck-1641.png,000000510329__Baroque__rembrandt_portrait-of-nicolas-van-bambeeck-1641,000000510329,Baroque__rembrandt_portrait-of-nicolas-van-bambeeck-1641,0.5394867658615112,0.36913904547691345,0.7377652611380384,0.9983526468276978,0.6772619485855103
ccstytr,000000510329__Color_Field_Painting__leon-berkowitz_dark-light-rose-gold-1978.png,000000510329__Color_Field_Painting__leon-berkowitz_dark-light-rose-gold-1978,000000510329,Color_Field_Painting__leon-berkowitz_dark-light-rose-gold-1978,0.5019256472587585,0.6820712089538574,0.5508434889399235,2.1897356510162354,0.9030216932296753
ccstytr,000000510329__Cubism__salvador-dali_cubist-composition-portrait-of-a-seated-person-holding-a-letter.png,000000510329__Cubism__salvador-dali_cubist-composition-portrait-of-a-seated-person-holding-a-letter,000000510329,Cubism__salvador-dali_cubist-composition-portrait-of-a-seated-person-holding-a-letter,0.7108159065246582,0.5221196413040161,0.7665566228963259,1.0645508766174316,0.6660448312759399
ccstytr,000000510329__Early_Renaissance__pietro-perugino_st-jerome-who-attends-two-unfairly-hanged-1473.png,000000510329__Early_Renaissance__pietro-perugino_st-jerome-who-attends-two-unfairly-hanged-1473,000000510329,Early_Renaissance__pietro-perugino_st-jerome-who-attends-two-unfairly-hanged-1473,0.772083580493927,0.2846130132675171,0.7073063554577314,0.9854907989501953,1.0087496042251587
ccstytr,000000510329__Expressionism__amedeo-modigliani_germaine-survage-with-earrings-1918.png,000000510329__Expressionism__amedeo-modigliani_germaine-survage-with-earrings-1918,000000510329,Expressionism__amedeo-modigliani_germaine-survage-with-earrings-1918,0.7385390400886536,0.4236437678337097,0.791023681023583,1.055612564086914,0.7077257037162781
ccstytr,000000510329__High_Renaissance__raphael_madonna-and-child-enthroned-with-saints-1505.png,000000510329__High_Renaissance__raphael_madonna-and-child-enthroned-with-saints-1505,000000510329,High_Renaissance__raphael_madonna-and-child-enthroned-with-saints-1505,0.7073188424110413,0.332892507314682,0.6586677033133111,1.3934680223464966,1.1902599334716797
ccstytr,000000510329__Impressionism__pierre-auguste-renoir_leaving-the-bath-1890.png,000000510329__Impressionism__pierre-auguste-renoir_leaving-the-bath-1890,000000510329,Impressionism__pierre-auguste-renoir_leaving-the-bath-1890,0.6823086738586426,0.4128260016441345,0.6991799118103764,1.3295893669128418,0.6238669157028198
ccstytr,000000510329__Mannerism_Late_Renaissance__tintoretto_st-mark-rescuing-a-saracen-from-shipwreck-1566.png,000000510329__Mannerism_Late_Renaissance__tintoretto_st-mark-rescuing-a-saracen-from-shipwreck-1566,000000510329,Mannerism_Late_Renaissance__tintoretto_st-mark-rescuing-a-saracen-from-shipwreck-1566,0.6712600588798523,0.3204120099544525,0.6682536857347484,1.142858862876892,0.9704004526138306
ccstytr,000000510329__Minimalism__mario-schifano_untitled-1963.png,000000510329__Minimalism__mario-schifano_untitled-1963,000000510329,Minimalism__mario-schifano_untitled-1963,0.4813767671585083,0.7888187766075134,0.48839429489106334,1.816025972366333,1.1653227806091309
ccstytr,000000510329__Naive_Art_Primitivism__marc-chagall_the-young-samuel-the-priest-s-servant-heard-that-he-is-called-by-god-eli-and-he-were-sleeping.png,000000510329__Naive_Art_Primitivism__marc-chagall_the-young-samuel-the-priest-s-servant-heard-that-he-is-called-by-god-eli-and-he-were-sleeping,000000510329,Naive_Art_Primitivism__marc-chagall_the-young-samuel-the-priest-s-servant-heard-that-he-is-called-by-god-eli-and-he-were-sleeping,0.6495235562324524,0.3560290038585663,0.5698829270019881,1.3158588409423828,0.673924446105957
ccstytr,000000510329__Northern_Renaissance__albrecht-durer_lamentation-over-christ-1507.png,000000510329__Northern_Renaissance__albrecht-durer_lamentation-over-christ-1507,000000510329,Northern_Renaissance__albrecht-durer_lamentation-over-christ-1507,0.5026237368583679,0.4143693149089813,0.3799616572574788,1.7669312953948975,0.9890346527099609
ccstytr,000000510329__Pop_Art__peter-max_composition-red-green-1979.png,000000510329__Pop_Art__peter-max_composition-red-green-1979,000000510329,Pop_Art__peter-max_composition-red-green-1979,0.5519921779632568,0.3794165551662445,0.624484011427778,1.8381898403167725,1.777151346206665
ccstytr,000000510329__Post_Impressionism__vincent-van-gogh_restaurant-de-la-sirene-at-asnieres-1887.png,000000510329__Post_Impressionism__vincent-van-gogh_restaurant-de-la-sirene-at-asnieres-1887,000000510329,Post_Impressionism__vincent-van-gogh_restaurant-de-la-sirene-at-asnieres-1887,0.6328747868537903,0.43451645970344543,0.5194455307258447,1.5310215950012207,0.9885382652282715
ccstytr,000000510329__Realism__vincent-van-gogh_cottage-with-peasant-coming-home-1885(1).png,000000510329__Realism__vincent-van-gogh_cottage-with-peasant-coming-home-1885(1),000000510329,Realism__vincent-van-gogh_cottage-with-peasant-coming-home-1885(1),0.8394239544868469,0.22194480895996094,0.8270381794331229,0.8020857572555542,0.5693801045417786
ccstytr,000000510329__Rococo__dmitry-levitzky_portrait-of-baron-a-n-stroganoff.png,000000510329__Rococo__dmitry-levitzky_portrait-of-baron-a-n-stroganoff,000000510329,Rococo__dmitry-levitzky_portrait-of-baron-a-n-stroganoff,0.5496876239776611,0.36838656663894653,0.7735600513826516,1.0471858978271484,0.712237536907196
ccstytr,000000510329__Romanticism__gustave-dore_paradise-lost-4.png,000000510329__Romanticism__gustave-dore_paradise-lost-4,000000510329,Romanticism__gustave-dore_paradise-lost-4,0.6684554219245911,0.30585336685180664,0.6746483019711508,1.0095446109771729,0.8813260197639465
ccstytr,000000510329__Symbolism__nicholas-roerich_language-of-forest-1922.png,000000510329__Symbolism__nicholas-roerich_language-of-forest-1922,000000510329,Symbolism__nicholas-roerich_language-of-forest-1922,0.723792552947998,0.36927330493927,0.6911692682949974,1.315824270248413,1.0664138793945312
ccstytr,000000510329__Ukiyo_e__kitagawa-utamaro_not_detected_233134.png,000000510329__Ukiyo_e__kitagawa-utamaro_not_detected_233134,000000510329,Ukiyo_e__kitagawa-utamaro_not_detected_233134,0.6376833319664001,0.4051467776298523,0.680825987533921,1.526543140411377,1.1599091291427612
ccstytr,000000520659__Abstract_Expressionism__paul-jenkins_not_detected_235703.png,000000520659__Abstract_Expressionism__paul-jenkins_not_detected_235703,000000520659,Abstract_Expressionism__paul-jenkins_not_detected_235703,0.6350664496421814,0.35807257890701294,0.6014497756217824,1.4431666135787964,1.138528823852539
ccstytr,000000520659__Art_Nouveau_Modern__nicholas-roerich_oze-1914.png,000000520659__Art_Nouveau_Modern__nicholas-roerich_oze-1914,000000520659,Art_Nouveau_Modern__nicholas-roerich_oze-1914,0.6481292843818665,0.40569543838500977,0.7124080774225025,1.3153108358383179,0.8793163299560547
ccstytr,000000520659__Baroque__rembrandt_portrait-of-nicolas-van-bambeeck-1641.png,000000520659__Baroque__rembrandt_portrait-of-nicolas-van-bambeeck-1641,000000520659,Baroque__rembrandt_portrait-of-nicolas-van-bambeeck-1641,0.48587098717689514,0.39804548025131226,0.5879511815255426,1.5082883834838867,0.6592880487442017
ccstytr,000000520659__Color_Field_Painting__leon-berkowitz_dark-light-rose-gold-1978.png,000000520659__Color_Field_Painting__leon-berkowitz_dark-light-rose-gold-1978,000000520659,Color_Field_Painting__leon-berkowitz_dark-light-rose-gold-1978,0.36053410172462463,0.8387939929962158,0.3910651078235313,2.6486008167266846,0.8700587749481201
ccstytr,000000520659__Cubism__salvador-dali_cubist-composition-portrait-of-a-seated-person-holding-a-letter.png,000000520659__Cubism__salvador-dali_cubist-composition-portrait-of-a-seated-person-holding-a-letter,000000520659,Cubism__salvador-dali_cubist-composition-portrait-of-a-seated-person-holding-a-letter,0.5313610434532166,0.47537466883659363,0.5738224299241357,1.5063705444335938,0.6405472755432129
ccstytr,000000520659__Early_Renaissance__pietro-perugino_st-jerome-who-attends-two-unfairly-hanged-1473.png,000000520659__Early_Renaissance__pietro-perugino_st-jerome-who-attends-two-unfairly-hanged-1473,000000520659,Early_Renaissance__pietro-perugino_st-jerome-who-attends-two-unfairly-hanged-1473,0.6953587532043457,0.3869093060493469,0.6996833224750629,1.3981986045837402,1.1002675294876099
ccstytr,000000520659__Expressionism__amedeo-modigliani_germaine-survage-with-earrings-1918.png,000000520659__Expressionism__amedeo-modigliani_germaine-survage-with-earrings-1918,000000520659,Expressionism__amedeo-modigliani_germaine-survage-with-earrings-1918,0.5896565914154053,0.5501264333724976,0.6054120179708185,1.6426903009414673,0.7237977385520935
ccstytr,000000520659__High_Renaissance__raphael_madonna-and-child-enthroned-with-saints-1505.png,000000520659__High_Renaissance__raphael_madonna-and-child-enthroned-with-saints-1505,000000520659,High_Renaissance__raphael_madonna-and-child-enthroned-with-saints-1505,0.7373733520507812,0.3179493844509125,0.736751756591267,1.2641050815582275,1.430225133895874
ccstytr,000000520659__Impressionism__pierre-auguste-renoir_leaving-the-bath-1890.png,000000520659__Impressionism__pierre-auguste-renoir_leaving-the-bath-1890,000000520659,Impressionism__pierre-auguste-renoir_leaving-the-bath-1890,0.5029645562171936,0.5172767639160156,0.5200205238903385,1.8281266689300537,0.682488739490509
ccstytr,000000520659__Mannerism_Late_Renaissance__tintoretto_st-mark-rescuing-a-saracen-from-shipwreck-1566.png,000000520659__Mannerism_Late_Renaissance__tintoretto_st-mark-rescuing-a-saracen-from-shipwreck-1566,000000520659,Mannerism_Late_Renaissance__tintoretto_st-mark-rescuing-a-saracen-from-shipwreck-1566,0.7515451312065125,0.3597530126571655,0.7432324617912447,1.3695729970932007,0.9789870977401733
ccstytr,000000520659__Minimalism__mario-schifano_untitled-1963.png,000000520659__Minimalism__mario-schifano_untitled-1963,000000520659,Minimalism__mario-schifano_untitled-1963,0.3080989420413971,0.8241509795188904,0.3040119899657813,2.3145346641540527,1.2323899269104004
ccstytr,000000520659__Naive_Art_Primitivism__marc-chagall_the-young-samuel-the-priest-s-servant-heard-that-he-is-called-by-god-eli-and-he-were-sleeping.png,000000520659__Naive_Art_Primitivism__marc-chagall_the-young-samuel-the-priest-s-servant-heard-that-he-is-called-by-god-eli-and-he-were-sleeping,000000520659,Naive_Art_Primitivism__marc-chagall_the-young-samuel-the-priest-s-servant-heard-that-he-is-called-by-god-eli-and-he-were-sleeping,0.4882623255252838,0.4829871654510498,0.48794502995738065,1.8177454471588135,0.6964094638824463
ccstytr,000000520659__Northern_Renaissance__albrecht-durer_lamentation-over-christ-1507.png,000000520659__Northern_Renaissance__albrecht-durer_lamentation-over-christ-1507,000000520659,Northern_Renaissance__albrecht-durer_lamentation-over-christ-1507,0.5013159513473511,0.46163973212242126,0.4491695597137205,1.9748008251190186,1.112203598022461
ccstytr,000000520659__Pop_Art__peter-max_composition-red-green-1979.png,000000520659__Pop_Art__peter-max_composition-red-green-1979,000000520659,Pop_Art__peter-max_composition-red-green-1979,0.3777167797088623,0.4367937445640564,0.46090530291360243,1.9818766117095947,1.7515959739685059
ccstytr,000000520659__Post_Impressionism__vincent-van-gogh_restaurant-de-la-sirene-at-asnieres-1887.png,000000520659__Post_Impressionism__vincent-van-gogh_restaurant-de-la-sirene-at-asnieres-1887,000000520659,Post_Impressionism__vincent-van-gogh_restaurant-de-la-sirene-at-asnieres-1887,0.5250479578971863,0.5589248538017273,0.5127355724458806,1.973564863204956,0.9597780108451843
ccstytr,000000520659__Realism__vincent-van-gogh_cottage-with-peasant-coming-home-1885(1).png,000000520659__Realism__vincent-van-gogh_cottage-with-peasant-coming-home-1885(1),000000520659,Realism__vincent-van-gogh_cottage-with-peasant-coming-home-1885(1),0.6372829079627991,0.3343229591846466,0.685695680184033,1.40714693069458,0.491325706243515
ccstytr,000000520659__Rococo__dmitry-levitzky_portrait-of-baron-a-n-stroganoff.png,000000520659__Rococo__dmitry-levitzky_portrait-of-baron-a-n-stroganoff,000000520659,Rococo__dmitry-levitzky_portrait-of-baron-a-n-stroganoff,0.4965289533138275,0.3989323377609253,0.6151804271920215,1.4539692401885986,0.7198055982589722
ccstytr,000000520659__Romanticism__gustave-dore_paradise-lost-4.png,000000520659__Romanticism__gustave-dore_paradise-lost-4,000000520659,Romanticism__gustave-dore_paradise-lost-4,0.6802949905395508,0.34244078397750854,0.6795596776805035,1.4091789722442627,0.9565939903259277
ccstytr,000000520659__Symbolism__nicholas-roerich_language-of-forest-1922.png,000000520659__Symbolism__nicholas-roerich_language-of-forest-1922,000000520659,Symbolism__nicholas-roerich_language-of-forest-1922,0.6751371026039124,0.42002466320991516,0.7340568899005032,1.4082956314086914,0.999923825263977
ccstytr,000000520659__Ukiyo_e__kitagawa-utamaro_not_detected_233134.png,000000520659__Ukiyo_e__kitagawa-utamaro_not_detected_233134,000000520659,Ukiyo_e__kitagawa-utamaro_not_detected_233134,0.4747137725353241,0.5240843296051025,0.5530263839515206,1.8886616230010986,1.20585036277771
ccstytr,000000529105__Abstract_Expressionism__paul-jenkins_not_detected_235703.png,000000529105__Abstract_Expressionism__paul-jenkins_not_detected_235703,000000529105,Abstract_Expressionism__paul-jenkins_not_detected_235703,0.4323299825191498,0.5893018841743469,0.30007282740106217,2.179677724838257,1.024282455444336
ccstytr,000000529105__Art_Nouveau_Modern__nicholas-roerich_oze-1914.png,000000529105__Art_Nouveau_Modern__nicholas-roerich_oze-1914,000000529105,Art_Nouveau_Modern__nicholas-roerich_oze-1914,0.5111994743347168,0.6901447772979736,0.47814231295730747,2.0147435665130615,1.006474494934082
ccstytr,000000529105__Baroque__rembrandt_portrait-of-nicolas-van-bambeeck-1641.png,000000529105__Baroque__rembrandt_portrait-of-nicolas-van-bambeeck-1641,000000529105,Baroque__rembrandt_portrait-of-nicolas-van-bambeeck-1641,0.3621470630168915,0.4025076627731323,0.37602621434194833,1.3704333305358887,0.6106370687484741
ccstytr,000000529105__Color_Field_Painting__leon-berkowitz_dark-light-rose-gold-1978.png,000000529105__Color_Field_Painting__leon-berkowitz_dark-light-rose-gold-1978,000000529105,Color_Field_Painting__leon-berkowitz_dark-light-rose-gold-1978,0.3182359039783478,0.9199315309524536,0.3241116593688442,2.3746039867401123,0.6353033781051636
ccstytr,000000529105__Cubism__salvador-dali_cubist-composition-portrait-of-a-seated-person-holding-a-letter.png,000000529105__Cubism__salvador-dali_cubist-composition-portrait-of-a-seated-person-holding-a-letter,000000529105,Cubism__salvador-dali_cubist-composition-portrait-of-a-seated-person-holding-a-letter,0.465774267911911,0.4134140610694885,0.4074519444098464,1.4754228591918945,0.829038679599762
ccstytr,000000529105__Early_Renaissance__pietro-perugino_st-jerome-who-attends-two-unfairly-hanged-1473.png,000000529105__Early_Renaissance__pietro-perugino_st-jerome-who-attends-two-unfairly-hanged-1473,000000529105,Early_Renaissance__pietro-perugino_st-jerome-who-attends-two-unfairly-hanged-1473,0.5293838381767273,0.6309715509414673,0.47749141487631175,2.2711822986602783,1.0282211303710938
ccstytr,000000529105__Expressionism__amedeo-modigliani_germaine-survage-with-earrings-1918.png,000000529105__Expressionism__amedeo-modigliani_germaine-survage-with-earrings-1918,000000529105,Expressionism__amedeo-modigliani_germaine-survage-with-earrings-1918,0.5141305923461914,0.6475980281829834,0.4743985532056482,1.8612666130065918,0.6321622729301453
ccstytr,000000529105__High_Renaissance__raphael_madonna-and-child-enthroned-with-saints-1505.png,000000529105__High_Renaissance__raphael_madonna-and-child-enthroned-with-saints-1505,000000529105,High_Renaissance__raphael_madonna-and-child-enthroned-with-saints-1505,0.44736775755882263,0.6562361717224121,0.35038546411665966,2.5651984214782715,1.937079906463623
ccstytr,000000529105__Impressionism__pierre-auguste-renoir_leaving-the-bath-1890.png,000000529105__Impressionism__pierre-auguste-renoir_leaving-the-bath-1890,000000529105,Impressionism__pierre-auguste-renoir_leaving-the-bath-1890,0.4806637763977051,0.6065886616706848,0.4123145797151974,1.8822544813156128,0.5094444155693054
ccstytr,000000529105__Mannerism_Late_Renaissance__tintoretto_st-mark-rescuing-a-saracen-from-shipwreck-1566.png,000000529105__Mannerism_Late_Renaissance__tintoretto_st-mark-rescuing-a-saracen-from-shipwreck-1566,000000529105,Mannerism_Late_Renaissance__tintoretto_st-mark-rescuing-a-saracen-from-shipwreck-1566,0.5565945506095886,0.5750424861907959,0.5269581222605134,2.1555418968200684,0.7365434765815735
ccstytr,000000529105__Minimalism__mario-schifano_untitled-1963.png,000000529105__Minimalism__mario-schifano_untitled-1963,000000529105,Minimalism__mario-schifano_untitled-1963,0.24278931319713593,0.7521544694900513,0.14852437201420654,2.170956611633301,1.3433164358139038
ccstytr,000000529105__Naive_Art_Primitivism__marc-chagall_the-young-samuel-the-priest-s-servant-heard-that-he-is-called-by-god-eli-and-he-were-sleeping.png,000000529105__Naive_Art_Primitivism__marc-chagall_the-young-samuel-the-priest-s-servant-heard-that-he-is-called-by-god-eli-and-he-were-sleeping,000000529105,Naive_Art_Primitivism__marc-chagall_the-young-samuel-the-priest-s-servant-heard-that-he-is-called-by-god-eli-and-he-were-sleeping,0.6075056195259094,0.5301493406295776,0.6240151269572276,1.6470999717712402,0.5619551539421082
ccstytr,000000529105__Northern_Renaissance__albrecht-durer_lamentation-over-christ-1507.png,000000529105__Northern_Renaissance__albrecht-durer_lamentation-over-christ-1507,000000529105,Northern_Renaissance__albrecht-durer_lamentation-over-christ-1507,0.424539715051651,0.64292311668396,0.3474298998912847,2.675168991088867,1.3749842643737793
ccstytr,000000529105__Pop_Art__peter-max_composition-red-green-1979.png,000000529105__Pop_Art__peter-max_composition-red-green-1979,000000529105,Pop_Art__peter-max_composition-red-green-1979,0.27443352341651917,0.6300795078277588,0.21341473711008074,2.693478584289551,1.779724359512329
ccstytr,000000529105__Post_Impressionism__vincent-van-gogh_restaurant-de-la-sirene-at-asnieres-1887.png,000000529105__Post_Impressionism__vincent-van-gogh_restaurant-de-la-sirene-at-asnieres-1887,000000529105,Post_Impressionism__vincent-van-gogh_restaurant-de-la-sirene-at-asnieres-1887,0.5351834893226624,0.6678190231323242,0.47885723404666847,2.2953004837036133,0.9271798133850098
ccstytr,000000529105__Realism__vincent-van-gogh_cottage-with-peasant-coming-home-1885(1).png,000000529105__Realism__vincent-van-gogh_cottage-with-peasant-coming-home-1885(1),000000529105,Realism__vincent-van-gogh_cottage-with-peasant-coming-home-1885(1),0.6175763010978699,0.42311012744903564,0.5792190955713628,1.6079282760620117,0.49590033292770386
ccstytr,000000529105__Rococo__dmitry-levitzky_portrait-of-baron-a-n-stroganoff.png,000000529105__Rococo__dmitry-levitzky_portrait-of-baron-a-n-stroganoff,000000529105,Rococo__dmitry-levitzky_portrait-of-baron-a-n-stroganoff,0.3627365529537201,0.47447341680526733,0.3847620113237507,1.6459870338439941,0.6379219889640808
ccstytr,000000529105__Romanticism__gustave-dore_paradise-lost-4.png,000000529105__Romanticism__gustave-dore_paradise-lost-4,000000529105,Romanticism__gustave-dore_paradise-lost-4,0.5809868574142456,0.44890540838241577,0.687628346980536,1.5604290962219238,0.984880805015564
ccstytr,000000529105__Symbolism__nicholas-roerich_language-of-forest-1922.png,000000529105__Symbolism__nicholas-roerich_language-of-forest-1922,000000529105,Symbolism__nicholas-roerich_language-of-forest-1922,0.5013587474822998,0.7223472595214844,0.4734424120059804,2.4269142150878906,0.8867047429084778
ccstytr,000000529105__Ukiyo_e__kitagawa-utamaro_not_detected_233134.png,000000529105__Ukiyo_e__kitagawa-utamaro_not_detected_233134,000000529105,Ukiyo_e__kitagawa-utamaro_not_detected_233134,0.39194488525390625,0.7254889011383057,0.34112032280622406,2.517411470413208,1.4584355354309082
ccstytr,000000529966__Abstract_Expressionism__paul-jenkins_not_detected_235703.png,000000529966__Abstract_Expressionism__paul-jenkins_not_detected_235703,000000529966,Abstract_Expressionism__paul-jenkins_not_detected_235703,0.6510078310966492,0.3934609293937683,0.7135187886361183,0.9108743071556091,1.3395026922225952
ccstytr,000000529966__Art_Nouveau_Modern__nicholas-roerich_oze-1914.png,000000529966__Art_Nouveau_Modern__nicholas-roerich_oze-1914,000000529966,Art_Nouveau_Modern__nicholas-roerich_oze-1914,0.548783540725708,0.5185307860374451,0.5536004311054453,1.623108148574829,0.9518272876739502
ccstytr,000000529966__Baroque__rembrandt_portrait-of-nicolas-van-bambeeck-1641.png,000000529966__Baroque__rembrandt_portrait-of-nicolas-van-bambeeck-1641,000000529966,Baroque__rembrandt_portrait-of-nicolas-van-bambeeck-1641,0.40413427352905273,0.5470947027206421,0.507214632018266,1.3023282289505005,0.8166018128395081
ccstytr,000000529966__Color_Field_Painting__leon-berkowitz_dark-light-rose-gold-1978.png,000000529966__Color_Field_Painting__leon-berkowitz_dark-light-rose-gold-1978,000000529966,Color_Field_Painting__leon-berkowitz_dark-light-rose-gold-1978,0.5440976023674011,0.6265581250190735,0.4406658595143021,1.994443655014038,1.1069544553756714
ccstytr,000000529966__Cubism__salvador-dali_cubist-composition-portrait-of-a-seated-person-holding-a-letter.png,000000529966__Cubism__salvador-dali_cubist-composition-portrait-of-a-seated-person-holding-a-letter,000000529966,Cubism__salvador-dali_cubist-composition-portrait-of-a-seated-person-holding-a-letter,0.6590574383735657,0.6859059929847717,0.6322029094326715,1.145036220550537,0.7100613117218018
ccstytr,000000529966__Early_Renaissance__pietro-perugino_st-jerome-who-attends-two-unfairly-hanged-1473.png,000000529966__Early_Renaissance__pietro-perugino_st-jerome-who-attends-two-unfairly-hanged-1473,000000529966,Early_Renaissance__pietro-perugino_st-jerome-who-attends-two-unfairly-hanged-1473,0.5321390628814697,0.46289920806884766,0.4492975823300606,1.5444869995117188,1.2107115983963013
ccstytr,000000529966__Expressionism__amedeo-modigliani_germaine-survage-with-earrings-1918.png,000000529966__Expressionism__amedeo-modigliani_germaine-survage-with-earrings-1918,000000529966,Expressionism__amedeo-modigliani_germaine-survage-with-earrings-1918,0.6102553606033325,0.5049843788146973,0.5461087072277399,1.2148993015289307,0.8481502532958984
ccstytr,000000529966__High_Renaissance__raphael_madonna-and-child-enthroned-with-saints-1505.png,000000529966__High_Renaissance__raphael_madonna-and-child-enthroned-with-saints-1505,000000529966,High_Renaissance__raphael_madonna-and-child-enthroned-with-saints-1505,0.5044848322868347,0.502009391784668,0.4623291384360959,1.8323150873184204,1.5755010843276978
ccstytr,000000529966__Impressionism__pierre-auguste-renoir_leaving-the-bath-1890.png,000000529966__Impressionism__pierre-auguste-renoir_leaving-the-bath-1890,000000529966,Impressionism__pierre-auguste-renoir_leaving-the-bath-1890,0.625332772731781,0.49624139070510864,0.5186880569145939,1.416894793510437,0.7935146689414978
ccstytr,000000529966__Mannerism_Late_Renaissance__tintoretto_st-mark-rescuing-a-saracen-from-shipwreck-1566.png,000000529966__Mannerism_Late_Renaissance__tintoretto_st-mark-rescuing-a-saracen-from-shipwreck-1566,000000529966,Mannerism_Late_Renaissance__tintoretto_st-mark-rescuing-a-saracen-from-shipwreck-1566,0.3938044011592865,0.5141084790229797,0.44775292381110143,1.776320219039917,1.096574306488037
ccstytr,000000529966__Minimalism__mario-schifano_untitled-1963.png,000000529966__Minimalism__mario-schifano_untitled-1963,000000529966,Minimalism__mario-schifano_untitled-1963,0.6358309388160706,0.7968952059745789,0.6300113450138264,1.710506796836853,1.3184961080551147
ccstytr,000000529966__Naive_Art_Primitivism__marc-chagall_the-young-samuel-the-priest-s-servant-heard-that-he-is-called-by-god-eli-and-he-were-sleeping.png,000000529966__Naive_Art_Primitivism__marc-chagall_the-young-samuel-the-priest-s-servant-heard-that-he-is-called-by-god-eli-and-he-were-sleeping,000000529966,Naive_Art_Primitivism__marc-chagall_the-young-samuel-the-priest-s-servant-heard-that-he-is-called-by-god-eli-and-he-were-sleeping,0.4792725741863251,0.5760100483894348,0.35928784795713153,1.8851892948150635,0.8076762557029724
ccstytr,000000529966__Northern_Renaissance__albrecht-durer_lamentation-over-christ-1507.png,000000529966__Northern_Renaissance__albrecht-durer_lamentation-over-christ-1507,000000529966,Northern_Renaissance__albrecht-durer_lamentation-over-christ-1507,0.36644306778907776,0.6139054298400879,0.30269071696935834,2.2122182846069336,1.286287546157837
ccstytr,000000529966__Pop_Art__peter-max_composition-red-green-1979.png,000000529966__Pop_Art__peter-max_composition-red-green-1979,000000529966,Pop_Art__peter-max_composition-red-green-1979,0.7380239367485046,0.33271199464797974,0.74343779458909,1.3496264219284058,2.0565803050994873
ccstytr,000000529966__Post_Impressionism__vincent-van-gogh_restaurant-de-la-sirene-at-asnieres-1887.png,000000529966__Post_Impressionism__vincent-van-gogh_restaurant-de-la-sirene-at-asnieres-1887,000000529966,Post_Impressionism__vincent-van-gogh_restaurant-de-la-sirene-at-asnieres-1887,0.4569835364818573,0.6181662082672119,0.33778817428030083,2.126479387283325,1.388430118560791
ccstytr,000000529966__Realism__vincent-van-gogh_cottage-with-peasant-coming-home-1885(1).png,000000529966__Realism__vincent-van-gogh_cottage-with-peasant-coming-home-1885(1),000000529966,Realism__vincent-van-gogh_cottage-with-peasant-coming-home-1885(1),0.5943396091461182,0.5087938904762268,0.5021542957114635,1.5499365329742432,0.7906596064567566
ccstytr,000000529966__Rococo__dmitry-levitzky_portrait-of-baron-a-n-stroganoff.png,000000529966__Rococo__dmitry-levitzky_portrait-of-baron-a-n-stroganoff,000000529966,Rococo__dmitry-levitzky_portrait-of-baron-a-n-stroganoff,0.420592337846756,0.5021083354949951,0.5366287642385709,1.166118860244751,0.8280161619186401
ccstytr,000000529966__Romanticism__gustave-dore_paradise-lost-4.png,000000529966__Romanticism__gustave-dore_paradise-lost-4,000000529966,Romanticism__gustave-dore_paradise-lost-4,0.3596228063106537,0.5756471157073975,0.40972869588342564,1.575087308883667,1.1354386806488037
ccstytr,000000529966__Symbolism__nicholas-roerich_language-of-forest-1922.png,000000529966__Symbolism__nicholas-roerich_language-of-forest-1922,000000529966,Symbolism__nicholas-roerich_language-of-forest-1922,0.5347881317138672,0.5268738865852356,0.46371618596486164,1.8685133457183838,0.9707072973251343
ccstytr,000000529966__Ukiyo_e__kitagawa-utamaro_not_detected_233134.png,000000529966__Ukiyo_e__kitagawa-utamaro_not_detected_233134,000000529966,Ukiyo_e__kitagawa-utamaro_not_detected_233134,0.6494367718696594,0.45715758204460144,0.5587018566030874,1.5548899173736572,1.52288818359375
ccstytr,000000546475__Abstract_Expressionism__paul-jenkins_not_detected_235703.png,000000546475__Abstract_Expressionism__paul-jenkins_not_detected_235703,000000546475,Abstract_Expressionism__paul-jenkins_not_detected_235703,0.7929801940917969,0.3828642964363098,0.8615175959868903,1.0027889013290405,0.9787936806678772
ccstytr,000000546475__Art_Nouveau_Modern__nicholas-roerich_oze-1914.png,000000546475__Art_Nouveau_Modern__nicholas-roerich_oze-1914,000000546475,Art_Nouveau_Modern__nicholas-roerich_oze-1914,0.7617864608764648,0.4847820997238159,0.7490041880015622,1.2297430038452148,0.8922329545021057
ccstytr,000000546475__Baroque__rembrandt_portrait-of-nicolas-van-bambeeck-1641.png,000000546475__Baroque__rembrandt_portrait-of-nicolas-van-bambeeck-1641,000000546475,Baroque__rembrandt_portrait-of-nicolas-van-bambeeck-1641,0.6324062943458557,0.3360925614833832,0.7701771754747202,1.0102224349975586,0.5077312588691711
ccstytr,000000546475__Color_Field_Painting__leon-berkowitz_dark-light-rose-gold-1978.png,000000546475__Color_Field_Painting__leon-berkowitz_dark-light-rose-gold-1978,000000546475,Color_Field_Painting__leon-berkowitz_dark-light-rose-gold-1978,0.5614068508148193,0.671654224395752,0.5493790772102222,1.9339184761047363,0.9631316661834717
ccstytr,000000546475__Cubism__salvador-dali_cubist-composition-portrait-of-a-seated-person-holding-a-letter.png,000000546475__Cubism__salvador-dali_cubist-composition-portrait-of-a-seated-person-holding-a-letter,000000546475,Cubism__salvador-dali_cubist-composition-portrait-of-a-seated-person-holding-a-letter,0.7655320763587952,0.48554909229278564,0.8378333208118148,1.0584067106246948,0.6071882247924805
ccstytr,000000546475__Early_Renaissance__pietro-perugino_st-jerome-who-attends-two-unfairly-hanged-1473.png,000000546475__Early_Renaissance__pietro-perugino_st-jerome-who-attends-two-unfairly-hanged-1473,000000546475,Early_Renaissance__pietro-perugino_st-jerome-who-attends-two-unfairly-hanged-1473,0.6535501480102539,0.4165583848953247,0.5200577084336553,1.3576518297195435,0.9676029682159424
ccstytr,000000546475__Expressionism__amedeo-modigliani_germaine-survage-with-earrings-1918.png,000000546475__Expressionism__amedeo-modigliani_germaine-survage-with-earrings-1918,000000546475,Expressionism__amedeo-modigliani_germaine-survage-with-earrings-1918,0.7497450709342957,0.35447901487350464,0.7347378576339286,1.0405502319335938,0.6674416065216064
ccstytr,000000546475__High_Renaissance__raphael_madonna-and-child-enthroned-with-saints-1505.png,000000546475__High_Renaissance__raphael_madonna-and-child-enthroned-with-saints-1505,000000546475,High_Renaissance__raphael_madonna-and-child-enthroned-with-saints-1505,0.6461525559425354,0.4217168092727661,0.5749025828344073,1.4986040592193604,1.301952838897705
ccstytr,000000546475__Impressionism__pierre-auguste-renoir_leaving-the-bath-1890.png,000000546475__Impressionism__pierre-auguste-renoir_leaving-the-bath-1890,000000546475,Impressionism__pierre-auguste-renoir_leaving-the-bath-1890,0.6955263614654541,0.38111647963523865,0.6891580547255238,1.258320927619934,0.6758838295936584
ccstytr,000000546475__Mannerism_Late_Renaissance__tintoretto_st-mark-rescuing-a-saracen-from-shipwreck-1566.png,000000546475__Mannerism_Late_Renaissance__tintoretto_st-mark-rescuing-a-saracen-from-shipwreck-1566,000000546475,Mannerism_Late_Renaissance__tintoretto_st-mark-rescuing-a-saracen-from-shipwreck-1566,0.6189570426940918,0.44340211153030396,0.5379990758496668,1.4639019966125488,0.9221459031105042
ccstytr,000000546475__Minimalism__mario-schifano_untitled-1963.png,000000546475__Minimalism__mario-schifano_untitled-1963,000000546475,Minimalism__mario-schifano_untitled-1963,0.526913583278656,0.5803737640380859,0.6522172400580214,1.6135995388031006,1.2427481412887573
ccstytr,000000546475__Naive_Art_Primitivism__marc-chagall_the-young-samuel-the-priest-s-servant-heard-that-he-is-called-by-god-eli-and-he-were-sleeping.png,000000546475__Naive_Art_Primitivism__marc-chagall_the-young-samuel-the-priest-s-servant-heard-that-he-is-called-by-god-eli-and-he-were-sleeping,000000546475,Naive_Art_Primitivism__marc-chagall_the-young-samuel-the-priest-s-servant-heard-that-he-is-called-by-god-eli-and-he-were-sleeping,0.4739129841327667,0.5577526688575745,0.3666377709782438,1.6475427150726318,0.6624943017959595
ccstytr,000000546475__Northern_Renaissance__albrecht-durer_lamentation-over-christ-1507.png,000000546475__Northern_Renaissance__albrecht-durer_lamentation-over-christ-1507,000000546475,Northern_Renaissance__albrecht-durer_lamentation-over-christ-1507,0.3766563832759857,0.6154241561889648,0.28523909529767716,2.050143241882324,1.057775855064392
ccstytr,000000546475__Pop_Art__peter-max_composition-red-green-1979.png,000000546475__Pop_Art__peter-max_composition-red-green-1979,000000546475,Pop_Art__peter-max_composition-red-green-1979,0.5063556432723999,0.4098352789878845,0.6466652549197788,1.765892744064331,1.6305724382400513
ccstytr,000000546475__Post_Impressionism__vincent-van-gogh_restaurant-de-la-sirene-at-asnieres-1887.png,000000546475__Post_Impressionism__vincent-van-gogh_restaurant-de-la-sirene-at-asnieres-1887,000000546475,Post_Impressionism__vincent-van-gogh_restaurant-de-la-sirene-at-asnieres-1887,0.4794329106807709,0.5492448806762695,0.3517355294686388,1.9160113334655762,1.0791114568710327
ccstytr,000000546475__Realism__vincent-van-gogh_cottage-with-peasant-coming-home-1885(1).png,000000546475__Realism__vincent-van-gogh_cottage-with-peasant-coming-home-1885(1),000000546475,Realism__vincent-van-gogh_cottage-with-peasant-coming-home-1885(1),0.6634023189544678,0.4110845923423767,0.570223662357256,1.394925594329834,0.5460459589958191
ccstytr,000000546475__Rococo__dmitry-levitzky_portrait-of-baron-a-n-stroganoff.png,000000546475__Rococo__dmitry-levitzky_portrait-of-baron-a-n-stroganoff,000000546475,Rococo__dmitry-levitzky_portrait-of-baron-a-n-stroganoff,0.6491455435752869,0.26113587617874146,0.7971637565676643,0.904920220375061,0.5226125717163086
ccstytr,000000546475__Romanticism__gustave-dore_paradise-lost-4.png,000000546475__Romanticism__gustave-dore_paradise-lost-4,000000546475,Romanticism__gustave-dore_paradise-lost-4,0.6062591671943665,0.49870777130126953,0.4627944487123194,1.3388457298278809,0.8944578766822815
ccstytr,000000546475__Symbolism__nicholas-roerich_language-of-forest-1922.png,000000546475__Symbolism__nicholas-roerich_language-of-forest-1922,000000546475,Symbolism__nicholas-roerich_language-of-forest-1922,0.631572425365448,0.5275036096572876,0.547055343976933,1.6835756301879883,0.8886876106262207
ccstytr,000000546475__Ukiyo_e__kitagawa-utamaro_not_detected_233134.png,000000546475__Ukiyo_e__kitagawa-utamaro_not_detected_233134,000000546475,Ukiyo_e__kitagawa-utamaro_not_detected_233134,0.534113347530365,0.45012810826301575,0.555012009131201,1.6681464910507202,1.2153511047363281
ccstytr,000000560178__Abstract_Expressionism__paul-jenkins_not_detected_235703.png,000000560178__Abstract_Expressionism__paul-jenkins_not_detected_235703,000000560178,Abstract_Expressionism__paul-jenkins_not_detected_235703,0.7642880082130432,0.36463314294815063,0.8176371563181949,1.452571153640747,0.6693956851959229
ccstytr,000000560178__Art_Nouveau_Modern__nicholas-roerich_oze-1914.png,000000560178__Art_Nouveau_Modern__nicholas-roerich_oze-1914,000000560178,Art_Nouveau_Modern__nicholas-roerich_oze-1914,0.6564427018165588,0.5585237145423889,0.5830227901006675,1.8900642395019531,0.8616999387741089
ccstytr,000000560178__Baroque__rembrandt_portrait-of-nicolas-van-bambeeck-1641.png,000000560178__Baroque__rembrandt_portrait-of-nicolas-van-bambeeck-1641,000000560178,Baroque__rembrandt_portrait-of-nicolas-van-bambeeck-1641,0.6393143534660339,0.4887272119522095,0.7297595529610664,1.3686063289642334,0.5649007558822632
ccstytr,000000560178__Color_Field_Painting__leon-berkowitz_dark-light-rose-gold-1978.png,000000560178__Color_Field_Painting__leon-berkowitz_dark-light-rose-gold-1978,000000560178,Color_Field_Painting__leon-berkowitz_dark-light-rose-gold-1978,0.6351260542869568,0.793441653251648,0.5840523340122886,2.099642276763916,0.6635685563087463
ccstytr,000000560178__Cubism__salvador-dali_cubist-composition-portrait-of-a-seated-person-holding-a-letter.png,000000560178__Cubism__salvador-dali_cubist-composition-portrait-of-a-seated-person-holding-a-letter,000000560178,Cubism__salvador-dali_cubist-composition-portrait-of-a-seated-person-holding-a-letter,0.7968237996101379,0.5374600887298584,0.7620510461892831,1.349959135055542,0.5979586243629456
ccstytr,000000560178__Early_Renaissance__pietro-perugino_st-jerome-who-attends-two-unfairly-hanged-1473.png,000000560178__Early_Renaissance__pietro-perugino_st-jerome-who-attends-two-unfairly-hanged-1473,000000560178,Early_Renaissance__pietro-perugino_st-jerome-who-attends-two-unfairly-hanged-1473,0.5393794178962708,0.5544973611831665,0.4034449347884742,1.9728143215179443,0.8145713806152344
ccstytr,000000560178__Expressionism__amedeo-modigliani_germaine-survage-with-earrings-1918.png,000000560178__Expressionism__amedeo-modigliani_germaine-survage-with-earrings-1918,000000560178,Expressionism__amedeo-modigliani_germaine-survage-with-earrings-1918,0.6745915412902832,0.6224663853645325,0.6344836174650291,1.4627482891082764,0.4830856919288635
ccstytr,000000560178__High_Renaissance__raphael_madonna-and-child-enthroned-with-saints-1505.png,000000560178__High_Renaissance__raphael_madonna-and-child-enthroned-with-saints-1505,000000560178,High_Renaissance__raphael_madonna-and-child-enthroned-with-saints-1505,0.5273166298866272,0.5832067728042603,0.4254467444597935,2.348299026489258,1.561414122581482
ccstytr,000000560178__Impressionism__pierre-auguste-renoir_leaving-the-bath-1890.png,000000560178__Impressionism__pierre-auguste-renoir_leaving-the-bath-1890,000000560178,Impressionism__pierre-auguste-renoir_leaving-the-bath-1890,0.7006579041481018,0.5307106971740723,0.6448938069681867,1.4343771934509277,0.500424861907959
ccstytr,000000560178__Mannerism_Late_Renaissance__tintoretto_st-mark-rescuing-a-saracen-from-shipwreck-1566.png,000000560178__Mannerism_Late_Renaissance__tintoretto_st-mark-rescuing-a-saracen-from-shipwreck-1566,000000560178,Mannerism_Late_Renaissance__tintoretto_st-mark-rescuing-a-saracen-from-shipwreck-1566,0.47941914200782776,0.5763275623321533,0.4666456638059873,2.0951125621795654,0.7093285322189331
ccstytr,000000560178__Minimalism__mario-schifano_untitled-1963.png,000000560178__Minimalism__mario-schifano_untitled-1963,000000560178,Minimalism__mario-schifano_untitled-1963,0.6408751010894775,0.8655084371566772,0.828034925062894,1.9962267875671387,1.1037673950195312
ccstytr,000000560178__Naive_Art_Primitivism__marc-chagall_the-young-samuel-the-priest-s-servant-heard-that-he-is-called-by-god-eli-and-he-were-sleeping.png,000000560178__Naive_Art_Primitivism__marc-chagall_the-young-samuel-the-priest-s-servant-heard-that-he-is-called-by-god-eli-and-he-were-sleeping,000000560178,Naive_Art_Primitivism__marc-chagall_the-young-samuel-the-priest-s-servant-heard-that-he-is-called-by-god-eli-and-he-were-sleeping,0.4130387604236603,0.6144794821739197,0.26848004106191536,1.9749891757965088,0.5191007256507874
ccstytr,000000560178__Northern_Renaissance__albrecht-durer_lamentation-over-christ-1507.png,000000560178__Northern_Renaissance__albrecht-durer_lamentation-over-christ-1507,000000560178,Northern_Renaissance__albrecht-durer_lamentation-over-christ-1507,0.3016027510166168,0.6735298037528992,0.2018104957024038,2.624159574508667,1.3276088237762451
ccstytr,000000560178__Pop_Art__peter-max_composition-red-green-1979.png,000000560178__Pop_Art__peter-max_composition-red-green-1979,000000560178,Pop_Art__peter-max_composition-red-green-1979,0.5553308129310608,0.5157628059387207,0.6392734431803189,2.299950122833252,1.4576658010482788
ccstytr,000000560178__Post_Impressionism__vincent-van-gogh_restaurant-de-la-sirene-at-asnieres-1887.png,000000560178__Post_Impressionism__vincent-van-gogh_restaurant-de-la-sirene-at-asnieres-1887,000000560178,Post_Impressionism__vincent-van-gogh_restaurant-de-la-sirene-at-asnieres-1887,0.3814747631549835,0.7338666915893555,0.22414218600096786,2.4212796688079834,0.8221770524978638
ccstytr,000000560178__Realism__vincent-van-gogh_cottage-with-peasant-coming-home-1885(1).png,000000560178__Realism__vincent-van-gogh_cottage-with-peasant-coming-home-1885(1),000000560178,Realism__vincent-van-gogh_cottage-with-peasant-coming-home-1885(1),0.5971019268035889,0.5334546566009521,0.4567289136748364,1.918939471244812,0.42117831110954285
ccstytr,000000560178__Rococo__dmitry-levitzky_portrait-of-baron-a-n-stroganoff.png,000000560178__Rococo__dmitry-levitzky_portrait-of-baron-a-n-stroganoff,000000560178,Rococo__dmitry-levitzky_portrait-of-baron-a-n-stroganoff,0.6473364233970642,0.4685799777507782,0.7584681206688111,1.1931381225585938,0.6026498079299927
ccstytr,000000560178__Romanticism__gustave-dore_paradise-lost-4.png,000000560178__Romanticism__gustave-dore_paradise-lost-4,000000560178,Romanticism__gustave-dore_paradise-lost-4,0.4822218716144562,0.5653326511383057,0.4176682261107042,1.9203259944915771,0.7453092336654663
ccstytr,000000560178__Symbolism__nicholas-roerich_language-of-forest-1922.png,000000560178__Symbolism__nicholas-roerich_language-of-forest-1922,000000560178,Symbolism__nicholas-roerich_language-of-forest-1922,0.5557792782783508,0.5910807847976685,0.41780053616865376,2.2053093910217285,0.7810415029525757
ccstytr,000000560178__Ukiyo_e__kitagawa-utamaro_not_detected_233134.png,000000560178__Ukiyo_e__kitagawa-utamaro_not_detected_233134,000000560178,Ukiyo_e__kitagawa-utamaro_not_detected_233134,0.49219202995300293,0.6805346012115479,0.4369007819452572,2.3670101165771484,1.270891785621643
ccstytr,000000572517__Abstract_Expressionism__paul-jenkins_not_detected_235703.png,000000572517__Abstract_Expressionism__paul-jenkins_not_detected_235703,000000572517,Abstract_Expressionism__paul-jenkins_not_detected_235703,0.733452558517456,0.32436665892601013,0.5365921219209677,1.242455244064331,1.0077134370803833
ccstytr,000000572517__Art_Nouveau_Modern__nicholas-roerich_oze-1914.png,000000572517__Art_Nouveau_Modern__nicholas-roerich_oze-1914,000000572517,Art_Nouveau_Modern__nicholas-roerich_oze-1914,0.7690918445587158,0.3703175187110901,0.7392378126986102,1.1315059661865234,1.2046282291412354
ccstytr,000000572517__Baroque__rembrandt_portrait-of-nicolas-van-bambeeck-1641.png,000000572517__Baroque__rembrandt_portrait-of-nicolas-van-bambeeck-1641,000000572517,Baroque__rembrandt_portrait-of-nicolas-van-bambeeck-1641,0.583260178565979,0.23484282195568085,0.7715241832669386,0.8220474720001221,0.6360006332397461
ccstytr,000000572517__Color_Field_Painting__leon-berkowitz_dark-light-rose-gold-1978.png,000000572517__Color_Field_Painting__leon-berkowitz_dark-light-rose-gold-1978,000000572517,Color_Field_Painting__leon-berkowitz_dark-light-rose-gold-1978,0.49216118454933167,0.7281733751296997,0.4720117596540465,2.1367549896240234,0.759680986404419
ccstytr,000000572517__Cubism__salvador-dali_cubist-composition-portrait-of-a-seated-person-holding-a-letter.png,000000572517__Cubism__salvador-dali_cubist-composition-portrait-of-a-seated-person-holding-a-letter,000000572517,Cubism__salvador-dali_cubist-composition-portrait-of-a-seated-person-holding-a-letter,0.6999123692512512,0.36516958475112915,0.6693800975269142,0.9068044424057007,0.7291661500930786
ccstytr,000000572517__Early_Renaissance__pietro-perugino_st-jerome-who-attends-two-unfairly-hanged-1473.png,000000572517__Early_Renaissance__pietro-perugino_st-jerome-who-attends-two-unfairly-hanged-1473,000000572517,Early_Renaissance__pietro-perugino_st-jerome-who-attends-two-unfairly-hanged-1473,0.7715256214141846,0.322498619556427,0.7300741749339767,1.1776361465454102,0.9101169109344482
ccstytr,000000572517__Expressionism__amedeo-modigliani_germaine-survage-with-earrings-1918.png,000000572517__Expressionism__amedeo-modigliani_germaine-survage-with-earrings-1918,000000572517,Expressionism__amedeo-modigliani_germaine-survage-with-earrings-1918,0.7642515301704407,0.36315494775772095,0.7672473012660268,0.9160873889923096,0.6882431507110596
ccstytr,000000572517__High_Renaissance__raphael_madonna-and-child-enthroned-with-saints-1505.png,000000572517__High_Renaissance__raphael_madonna-and-child-enthroned-with-saints-1505,000000572517,High_Renaissance__raphael_madonna-and-child-enthroned-with-saints-1505,0.6686129570007324,0.40933069586753845,0.5848742615586039,1.8161592483520508,1.482790470123291
ccstytr,000000572517__Impressionism__pierre-auguste-renoir_leaving-the-bath-1890.png,000000572517__Impressionism__pierre-auguste-renoir_leaving-the-bath-1890,000000572517,Impressionism__pierre-auguste-renoir_leaving-the-bath-1890,0.686163604259491,0.36528247594833374,0.6451746764540287,1.119227409362793,0.5865892171859741
ccstytr,000000572517__Mannerism_Late_Renaissance__tintoretto_st-mark-rescuing-a-saracen-from-shipwreck-1566.png,000000572517__Mannerism_Late_Renaissance__tintoretto_st-mark-rescuing-a-saracen-from-shipwreck-1566,000000572517,Mannerism_Late_Renaissance__tintoretto_st-mark-rescuing-a-saracen-from-shipwreck-1566,0.7876110076904297,0.2764257490634918,0.7963617906690597,1.0251836776733398,1.086000680923462
ccstytr,000000572517__Minimalism__mario-schifano_untitled-1963.png,000000572517__Minimalism__mario-schifano_untitled-1963,000000572517,Minimalism__mario-schifano_untitled-1963,0.3963576555252075,0.7195466756820679,0.2607884216582611,1.8786802291870117,1.2722408771514893
ccstytr,000000572517__Naive_Art_Primitivism__marc-chagall_the-young-samuel-the-priest-s-servant-heard-that-he-is-called-by-god-eli-and-he-were-sleeping.png,000000572517__Naive_Art_Primitivism__marc-chagall_the-young-samuel-the-priest-s-servant-heard-that-he-is-called-by-god-eli-and-he-were-sleeping,000000572517,Naive_Art_Primitivism__marc-chagall_the-young-samuel-the-priest-s-servant-heard-that-he-is-called-by-god-eli-and-he-were-sleeping,0.6403552889823914,0.3380686640739441,0.659632550705684,1.1615684032440186,0.7181507349014282
ccstytr,000000572517__Northern_Renaissance__albrecht-durer_lamentation-over-christ-1507.png,000000572517__Northern_Renaissance__albrecht-durer_lamentation-over-christ-1507,000000572517,Northern_Renaissance__albrecht-durer_lamentation-over-christ-1507,0.4582245349884033,0.45004144310951233,0.40450073837270095,1.9521660804748535,1.1151937246322632
ccstytr,000000572517__Pop_Art__peter-max_composition-red-green-1979.png,000000572517__Pop_Art__peter-max_composition-red-green-1979,000000572517,Pop_Art__peter-max_composition-red-green-1979,0.4149644076824188,0.4716736078262329,0.3795788476476186,2.1651015281677246,1.6208572387695312
ccstytr,000000572517__Post_Impressionism__vincent-van-gogh_restaurant-de-la-sirene-at-asnieres-1887.png,000000572517__Post_Impressionism__vincent-van-gogh_restaurant-de-la-sirene-at-asnieres-1887,000000572517,Post_Impressionism__vincent-van-gogh_restaurant-de-la-sirene-at-asnieres-1887,0.602037250995636,0.44362640380859375,0.5581563465553325,1.52912175655365,1.000913381576538
ccstytr,000000572517__Realism__vincent-van-gogh_cottage-with-peasant-coming-home-1885(1).png,000000572517__Realism__vincent-van-gogh_cottage-with-peasant-coming-home-1885(1),000000572517,Realism__vincent-van-gogh_cottage-with-peasant-coming-home-1885(1),0.8049397468566895,0.1854245960712433,0.8215098328423752,0.7141852378845215,0.7112451791763306
ccstytr,000000572517__Rococo__dmitry-levitzky_portrait-of-baron-a-n-stroganoff.png,000000572517__Rococo__dmitry-levitzky_portrait-of-baron-a-n-stroganoff,000000572517,Rococo__dmitry-levitzky_portrait-of-baron-a-n-stroganoff,0.5940144658088684,0.26189953088760376,0.8018650908888137,0.8731610774993896,0.7366039156913757
ccstytr,000000572517__Romanticism__gustave-dore_paradise-lost-4.png,000000572517__Romanticism__gustave-dore_paradise-lost-4,000000572517,Romanticism__gustave-dore_paradise-lost-4,0.7907555103302002,0.20960648357868195,0.8170956671232106,0.7626651525497437,1.0177714824676514
ccstytr,000000572517__Symbolism__nicholas-roerich_language-of-forest-1922.png,000000572517__Symbolism__nicholas-roerich_language-of-forest-1922,000000572517,Symbolism__nicholas-roerich_language-of-forest-1922,0.7260505557060242,0.43770280480384827,0.7128263531211814,1.5267977714538574,0.8153049945831299
ccstytr,000000572517__Ukiyo_e__kitagawa-utamaro_not_detected_233134.png,000000572517__Ukiyo_e__kitagawa-utamaro_not_detected_233134,000000572517,Ukiyo_e__kitagawa-utamaro_not_detected_233134,0.5225804448127747,0.48688504099845886,0.5360743801777014,1.895709753036499,1.3768470287322998
aesfa,000000001818__Abstract_Expressionism__paul-jenkins_not_detected_235703.png,000000001818__Abstract_Expressionism__paul-jenkins_not_detected_235703,000000001818,Abstract_Expressionism__paul-jenkins_not_detected_235703,0.24891191720962524,0.5900590419769287,0.2582158390261944,2.707063674926758,1.0948470830917358
aesfa,000000001818__Art_Nouveau_Modern__nicholas-roerich_oze-1914.png,000000001818__Art_Nouveau_Modern__nicholas-roerich_oze-1914,000000001818,Art_Nouveau_Modern__nicholas-roerich_oze-1914,0.28925201296806335,0.570648729801178,0.360866467061108,2.5111067295074463,1.1653773784637451
aesfa,000000001818__Baroque__rembrandt_portrait-of-nicolas-van-bambeeck-1641.png,000000001818__Baroque__rembrandt_portrait-of-nicolas-van-bambeeck-1641,000000001818,Baroque__rembrandt_portrait-of-nicolas-van-bambeeck-1641,0.1734490543603897,0.6599833965301514,0.23081822589893747,2.7568278312683105,0.8409186601638794
aesfa,000000001818__Color_Field_Painting__leon-berkowitz_dark-light-rose-gold-1978.png,000000001818__Color_Field_Painting__leon-berkowitz_dark-light-rose-gold-1978,000000001818,Color_Field_Painting__leon-berkowitz_dark-light-rose-gold-1978,0.12213440984487534,0.8552795648574829,0.17903137107036898,3.444890022277832,1.042534351348877
aesfa,000000001818__Cubism__salvador-dali_cubist-composition-portrait-of-a-seated-person-holding-a-letter.png,000000001818__Cubism__salvador-dali_cubist-composition-portrait-of-a-seated-person-holding-a-letter,000000001818,Cubism__salvador-dali_cubist-composition-portrait-of-a-seated-person-holding-a-letter,0.27415910363197327,0.7390809059143066,0.3133111911281749,2.4826574325561523,0.9533460140228271
aesfa,000000001818__Early_Renaissance__pietro-perugino_st-jerome-who-attends-two-unfairly-hanged-1473.png,000000001818__Early_Renaissance__pietro-perugino_st-jerome-who-attends-two-unfairly-hanged-1473,000000001818,Early_Renaissance__pietro-perugino_st-jerome-who-attends-two-unfairly-hanged-1473,0.3924730718135834,0.5637696981430054,0.46726067367501795,2.538569450378418,1.5727620124816895
aesfa,000000001818__Expressionism__amedeo-modigliani_germaine-survage-with-earrings-1918.png,000000001818__Expressionism__amedeo-modigliani_germaine-survage-with-earrings-1918,000000001818,Expressionism__amedeo-modigliani_germaine-survage-with-earrings-1918,0.2800936996936798,0.6720154285430908,0.33211965185486475,2.385836124420166,0.9465775489807129
aesfa,000000001818__High_Renaissance__raphael_madonna-and-child-enthroned-with-saints-1505.png,000000001818__High_Renaissance__raphael_madonna-and-child-enthroned-with-saints-1505,000000001818,High_Renaissance__raphael_madonna-and-child-enthroned-with-saints-1505,0.38650739192962646,0.5644441843032837,0.47364352026877526,2.6777350902557373,2.767807960510254
aesfa,000000001818__Impressionism__pierre-auguste-renoir_leaving-the-bath-1890.png,000000001818__Impressionism__pierre-auguste-renoir_leaving-the-bath-1890,000000001818,Impressionism__pierre-auguste-renoir_leaving-the-bath-1890,0.2534480690956116,0.648231029510498,0.27701321202463364,2.7255163192749023,0.9122475981712341
aesfa,000000001818__Mannerism_Late_Renaissance__tintoretto_st-mark-rescuing-a-saracen-from-shipwreck-1566.png,000000001818__Mannerism_Late_Renaissance__tintoretto_st-mark-rescuing-a-saracen-from-shipwreck-1566,000000001818,Mannerism_Late_Renaissance__tintoretto_st-mark-rescuing-a-saracen-from-shipwreck-1566,0.38236090540885925,0.5173280239105225,0.41472827890470904,2.4522972106933594,1.4296867847442627
aesfa,000000001818__Minimalism__mario-schifano_untitled-1963.png,000000001818__Minimalism__mario-schifano_untitled-1963,000000001818,Minimalism__mario-schifano_untitled-1963,0.10083982348442078,1.100843071937561,0.109638230636181,3.3598811626434326,1.2860333919525146
aesfa,000000001818__Naive_Art_Primitivism__marc-chagall_the-young-samuel-the-priest-s-servant-heard-that-he-is-called-by-god-eli-and-he-were-sleeping.png,000000001818__Naive_Art_Primitivism__marc-chagall_the-young-samuel-the-priest-s-servant-heard-that-he-is-called-by-god-eli-and-he-were-sleeping,000000001818,Naive_Art_Primitivism__marc-chagall_the-young-samuel-the-priest-s-servant-heard-that-he-is-called-by-god-eli-and-he-were-sleeping,0.3323633372783661,0.5028226375579834,0.33921312630776845,2.384077548980713,1.1956145763397217
aesfa,000000001818__Northern_Renaissance__albrecht-durer_lamentation-over-christ-1507.png,000000001818__Northern_Renaissance__albrecht-durer_lamentation-over-christ-1507,000000001818,Northern_Renaissance__albrecht-durer_lamentation-over-christ-1507,0.3818047046661377,0.4867543578147888,0.410036955152889,2.4193575382232666,2.350123882293701
aesfa,000000001818__Pop_Art__peter-max_composition-red-green-1979.png,000000001818__Pop_Art__peter-max_composition-red-green-1979,000000001818,Pop_Art__peter-max_composition-red-green-1979,0.21144962310791016,0.6588572263717651,0.24542222962402507,2.962702751159668,2.3870697021484375
aesfa,000000001818__Post_Impressionism__vincent-van-gogh_restaurant-de-la-sirene-at-asnieres-1887.png,000000001818__Post_Impressionism__vincent-van-gogh_restaurant-de-la-sirene-at-asnieres-1887,000000001818,Post_Impressionism__vincent-van-gogh_restaurant-de-la-sirene-at-asnieres-1887,0.3471125662326813,0.5904024839401245,0.3763311412313032,2.6298718452453613,1.8522406816482544
aesfa,000000001818__Realism__vincent-van-gogh_cottage-with-peasant-coming-home-1885(1).png,000000001818__Realism__vincent-van-gogh_cottage-with-peasant-coming-home-1885(1),000000001818,Realism__vincent-van-gogh_cottage-with-peasant-coming-home-1885(1),0.34758877754211426,0.5251848697662354,0.379456378209192,2.300640821456909,0.6288237571716309
aesfa,000000001818__Rococo__dmitry-levitzky_portrait-of-baron-a-n-stroganoff.png,000000001818__Rococo__dmitry-levitzky_portrait-of-baron-a-n-stroganoff,000000001818,Rococo__dmitry-levitzky_portrait-of-baron-a-n-stroganoff,0.1967708319425583,0.6627846360206604,0.28453077220947687,2.623281478881836,0.8348665237426758
aesfa,000000001818__Romanticism__gustave-dore_paradise-lost-4.png,000000001818__Romanticism__gustave-dore_paradise-lost-4,000000001818,Romanticism__gustave-dore_paradise-lost-4,0.3103877604007721,0.48405835032463074,0.36730984565249164,2.2282333374023438,1.6966218948364258
aesfa,000000001818__Symbolism__nicholas-roerich_language-of-forest-1922.png,000000001818__Symbolism__nicholas-roerich_language-of-forest-1922,000000001818,Symbolism__nicholas-roerich_language-of-forest-1922,0.3449205160140991,0.5894787311553955,0.47454065995665046,2.6248602867126465,1.7937383651733398
aesfa,000000001818__Ukiyo_e__kitagawa-utamaro_not_detected_233134.png,000000001818__Ukiyo_e__kitagawa-utamaro_not_detected_233134,000000001818,Ukiyo_e__kitagawa-utamaro_not_detected_233134,0.31337693333625793,0.5889801979064941,0.4080911695233726,2.5291740894317627,2.156926155090332
aesfa,000000009448__Abstract_Expressionism__paul-jenkins_not_detected_235703.png,000000009448__Abstract_Expressionism__paul-jenkins_not_detected_235703,000000009448,Abstract_Expressionism__paul-jenkins_not_detected_235703,0.29052624106407166,0.5998414158821106,0.43316218298145504,2.484363079071045,1.0350309610366821
aesfa,000000009448__Art_Nouveau_Modern__nicholas-roerich_oze-1914.png,000000009448__Art_Nouveau_Modern__nicholas-roerich_oze-1914,000000009448,Art_Nouveau_Modern__nicholas-roerich_oze-1914,0.3710702359676361,0.5751940011978149,0.5283013654602496,2.1399221420288086,1.2671436071395874
aesfa,000000009448__Baroque__rembrandt_portrait-of-nicolas-van-bambeeck-1641.png,000000009448__Baroque__rembrandt_portrait-of-nicolas-van-bambeeck-1641,000000009448,Baroque__rembrandt_portrait-of-nicolas-van-bambeeck-1641,0.2315928190946579,0.7198946475982666,0.4335890738221904,2.5135550498962402,1.021008014678955
aesfa,000000009448__Color_Field_Painting__leon-berkowitz_dark-light-rose-gold-1978.png,000000009448__Color_Field_Painting__leon-berkowitz_dark-light-rose-gold-1978,000000009448,Color_Field_Painting__leon-berkowitz_dark-light-rose-gold-1978,0.21630637347698212,0.8018479347229004,0.2906843709254992,3.0841116905212402,1.422736406326294
aesfa,000000009448__Cubism__salvador-dali_cubist-composition-portrait-of-a-seated-person-holding-a-letter.png,000000009448__Cubism__salvador-dali_cubist-composition-portrait-of-a-seated-person-holding-a-letter,000000009448,Cubism__salvador-dali_cubist-composition-portrait-of-a-seated-person-holding-a-letter,0.33499813079833984,0.758502721786499,0.43934555694159166,2.2007994651794434,0.9033498167991638
aesfa,000000009448__Early_Renaissance__pietro-perugino_st-jerome-who-attends-two-unfairly-hanged-1473.png,000000009448__Early_Renaissance__pietro-perugino_st-jerome-who-attends-two-unfairly-hanged-1473,000000009448,Early_Renaissance__pietro-perugino_st-jerome-who-attends-two-unfairly-hanged-1473,0.3230562210083008,0.635403037071228,0.37847254555778626,2.4086146354675293,1.3635448217391968
aesfa,000000009448__Expressionism__amedeo-modigliani_germaine-survage-with-earrings-1918.png,000000009448__Expressionism__amedeo-modigliani_germaine-survage-with-earrings-1918,000000009448,Expressionism__amedeo-modigliani_germaine-survage-with-earrings-1918,0.3050709664821625,0.7610024213790894,0.425452059805331,2.243678092956543,0.9091811180114746
aesfa,000000009448__High_Renaissance__raphael_madonna-and-child-enthroned-with-saints-1505.png,000000009448__High_Renaissance__raphael_madonna-and-child-enthroned-with-saints-1505,000000009448,High_Renaissance__raphael_madonna-and-child-enthroned-with-saints-1505,0.3782719671726227,0.5919130444526672,0.49800835329288967,2.3156280517578125,2.34906268119812
aesfa,000000009448__Impressionism__pierre-auguste-renoir_leaving-the-bath-1890.png,000000009448__Impressionism__pierre-auguste-renoir_leaving-the-bath-1890,000000009448,Impressionism__pierre-auguste-renoir_leaving-the-bath-1890,0.3056775629520416,0.7082770466804504,0.35493085435222366,2.4183802604675293,0.8411563634872437
aesfa,000000009448__Mannerism_Late_Renaissance__tintoretto_st-mark-rescuing-a-saracen-from-shipwreck-1566.png,000000009448__Mannerism_Late_Renaissance__tintoretto_st-mark-rescuing-a-saracen-from-shipwreck-1566,000000009448,Mannerism_Late_Renaissance__tintoretto_st-mark-rescuing-a-saracen-from-shipwreck-1566,0.29169583320617676,0.6165867447853088,0.4014151485008969,2.3044064044952393,1.359928011894226
aesfa,000000009448__Minimalism__mario-schifano_untitled-1963.png,000000009448__Minimalism__mario-schifano_untitled-1963,000000009448,Minimalism__mario-schifano_untitled-1963,0.21056610345840454,1.10653817653656,0.29533161922881185,3.0128049850463867,1.4413518905639648
aesfa,000000009448__Naive_Art_Primitivism__marc-chagall_the-young-samuel-the-priest-s-servant-heard-that-he-is-called-by-god-eli-and-he-were-sleeping.png,000000009448__Naive_Art_Primitivism__marc-chagall_the-young-samuel-the-priest-s-servant-heard-that-he-is-called-by-god-eli-and-he-were-sleeping,000000009448,Naive_Art_Primitivism__marc-chagall_the-young-samuel-the-priest-s-servant-heard-that-he-is-called-by-god-eli-and-he-were-sleeping,0.2710271179676056,0.6080685257911682,0.249679855246292,2.390538215637207,1.238027572631836
aesfa,000000009448__Northern_Renaissance__albrecht-durer_lamentation-over-christ-1507.png,000000009448__Northern_Renaissance__albrecht-durer_lamentation-over-christ-1507,000000009448,Northern_Renaissance__albrecht-durer_lamentation-over-christ-1507,0.25110867619514465,0.5843400955200195,0.27770037215252386,2.3598570823669434,2.540590763092041
aesfa,000000009448__Pop_Art__peter-max_composition-red-green-1979.png,000000009448__Pop_Art__peter-max_composition-red-green-1979,000000009448,Pop_Art__peter-max_composition-red-green-1979,0.30854809284210205,0.6164889335632324,0.4626411376159139,2.5256271362304688,2.36163067817688
aesfa,000000009448__Post_Impressionism__vincent-van-gogh_restaurant-de-la-sirene-at-asnieres-1887.png,000000009448__Post_Impressionism__vincent-van-gogh_restaurant-de-la-sirene-at-asnieres-1887,000000009448,Post_Impressionism__vincent-van-gogh_restaurant-de-la-sirene-at-asnieres-1887,0.28857848048210144,0.695884644985199,0.2751142639126796,2.4740681648254395,2.076092481613159
aesfa,000000009448__Realism__vincent-van-gogh_cottage-with-peasant-coming-home-1885(1).png,000000009448__Realism__vincent-van-gogh_cottage-with-peasant-coming-home-1885(1),000000009448,Realism__vincent-van-gogh_cottage-with-peasant-coming-home-1885(1),0.345481276512146,0.6219345331192017,0.4365003787956092,2.171090602874756,0.7271691560745239
aesfa,000000009448__Rococo__dmitry-levitzky_portrait-of-baron-a-n-stroganoff.png,000000009448__Rococo__dmitry-levitzky_portrait-of-baron-a-n-stroganoff,000000009448,Rococo__dmitry-levitzky_portrait-of-baron-a-n-stroganoff,0.24916565418243408,0.7260056734085083,0.4681467781736494,2.339430809020996,0.8929489850997925
aesfa,000000009448__Romanticism__gustave-dore_paradise-lost-4.png,000000009448__Romanticism__gustave-dore_paradise-lost-4,000000009448,Romanticism__gustave-dore_paradise-lost-4,0.2603149116039276,0.6060183048248291,0.3293462555646627,2.2960023880004883,1.4329144954681396
aesfa,000000009448__Symbolism__nicholas-roerich_language-of-forest-1922.png,000000009448__Symbolism__nicholas-roerich_language-of-forest-1922,000000009448,Symbolism__nicholas-roerich_language-of-forest-1922,0.3397853374481201,0.6069787740707397,0.39233863167978494,2.3308591842651367,1.5152772665023804
aesfa,000000009448__Ukiyo_e__kitagawa-utamaro_not_detected_233134.png,000000009448__Ukiyo_e__kitagawa-utamaro_not_detected_233134,000000009448,Ukiyo_e__kitagawa-utamaro_not_detected_233134,0.3520728349685669,0.6143580079078674,0.48823255716296027,2.099358081817627,1.8993982076644897
aesfa,000000072795__Abstract_Expressionism__paul-jenkins_not_detected_235703.png,000000072795__Abstract_Expressionism__paul-jenkins_not_detected_235703,000000072795,Abstract_Expressionism__paul-jenkins_not_detected_235703,0.32638823986053467,0.6115888357162476,0.31064674925794195,2.719452142715454,1.4929842948913574
aesfa,000000072795__Art_Nouveau_Modern__nicholas-roerich_oze-1914.png,000000072795__Art_Nouveau_Modern__nicholas-roerich_oze-1914,000000072795,Art_Nouveau_Modern__nicholas-roerich_oze-1914,0.46376410126686096,0.5962539911270142,0.47799800459267516,2.4047584533691406,1.1228679418563843
aesfa,000000072795__Baroque__rembrandt_portrait-of-nicolas-van-bambeeck-1641.png,000000072795__Baroque__rembrandt_portrait-of-nicolas-van-bambeeck-1641,000000072795,Baroque__rembrandt_portrait-of-nicolas-van-bambeeck-1641,0.34438005089759827,0.6097099781036377,0.33980283686710716,2.7273101806640625,0.992002010345459
aesfa,000000072795__Color_Field_Painting__leon-berkowitz_dark-light-rose-gold-1978.png,000000072795__Color_Field_Painting__leon-berkowitz_dark-light-rose-gold-1978,000000072795,Color_Field_Painting__leon-berkowitz_dark-light-rose-gold-1978,0.23712266981601715,0.8985322117805481,0.26401355187368,3.442190170288086,1.086115837097168
aesfa,000000072795__Cubism__salvador-dali_cubist-composition-portrait-of-a-seated-person-holding-a-letter.png,000000072795__Cubism__salvador-dali_cubist-composition-portrait-of-a-seated-person-holding-a-letter,000000072795,Cubism__salvador-dali_cubist-composition-portrait-of-a-seated-person-holding-a-letter,0.3832886517047882,0.6642331480979919,0.39051597856132686,2.574636220932007,1.0845552682876587
aesfa,000000072795__Early_Renaissance__pietro-perugino_st-jerome-who-attends-two-unfairly-hanged-1473.png,000000072795__Early_Renaissance__pietro-perugino_st-jerome-who-attends-two-unfairly-hanged-1473,000000072795,Early_Renaissance__pietro-perugino_st-jerome-who-attends-two-unfairly-hanged-1473,0.39948132634162903,0.6262772083282471,0.4050524116568709,2.6845407485961914,1.8141307830810547
aesfa,000000072795__Expressionism__amedeo-modigliani_germaine-survage-with-earrings-1918.png,000000072795__Expressionism__amedeo-modigliani_germaine-survage-with-earrings-1918,000000072795,Expressionism__amedeo-modigliani_germaine-survage-with-earrings-1918,0.36184731125831604,0.720134437084198,0.3945649574882745,2.582629442214966,1.0199971199035645
aesfa,000000072795__High_Renaissance__raphael_madonna-and-child-enthroned-with-saints-1505.png,000000072795__High_Renaissance__raphael_madonna-and-child-enthroned-with-saints-1505,000000072795,High_Renaissance__raphael_madonna-and-child-enthroned-with-saints-1505,0.4562460482120514,0.5629794597625732,0.48672461841132547,2.4709439277648926,2.180213689804077
aesfa,000000072795__Impressionism__pierre-auguste-renoir_leaving-the-bath-1890.png,000000072795__Impressionism__pierre-auguste-renoir_leaving-the-bath-1890,000000072795,Impressionism__pierre-auguste-renoir_leaving-the-bath-1890,0.3290465176105499,0.6955963373184204,0.3384067777803836,2.8245272636413574,0.7969607710838318
aesfa,000000072795__Mannerism_Late_Renaissance__tintoretto_st-mark-rescuing-a-saracen-from-shipwreck-1566.png,000000072795__Mannerism_Late_Renaissance__tintoretto_st-mark-rescuing-a-saracen-from-shipwreck-1566,000000072795,Mannerism_Late_Renaissance__tintoretto_st-mark-rescuing-a-saracen-from-shipwreck-1566,0.4844526946544647,0.5471792817115784,0.46900098778893934,2.383476734161377,1.2586307525634766
aesfa,000000072795__Minimalism__mario-schifano_untitled-1963.png,000000072795__Minimalism__mario-schifano_untitled-1963,000000072795,Minimalism__mario-schifano_untitled-1963,0.19366319477558136,1.0102074146270752,0.15929197912538742,3.381565570831299,1.3371777534484863
aesfa,000000072795__Naive_Art_Primitivism__marc-chagall_the-young-samuel-the-priest-s-servant-heard-that-he-is-called-by-god-eli-and-he-were-sleeping.png,000000072795__Naive_Art_Primitivism__marc-chagall_the-young-samuel-the-priest-s-servant-heard-that-he-is-called-by-god-eli-and-he-were-sleeping,000000072795,Naive_Art_Primitivism__marc-chagall_the-young-samuel-the-priest-s-servant-heard-that-he-is-called-by-god-eli-and-he-were-sleeping,0.3227865993976593,0.6016908884048462,0.2915571108731027,2.5668516159057617,1.1142477989196777
aesfa,000000072795__Northern_Renaissance__albrecht-durer_lamentation-over-christ-1507.png,000000072795__Northern_Renaissance__albrecht-durer_lamentation-over-christ-1507,000000072795,Northern_Renaissance__albrecht-durer_lamentation-over-christ-1507,0.32864120602607727,0.5884528160095215,0.3104488118610895,2.5925915241241455,2.4037230014801025
aesfa,000000072795__Pop_Art__peter-max_composition-red-green-1979.png,000000072795__Pop_Art__peter-max_composition-red-green-1979,000000072795,Pop_Art__peter-max_composition-red-green-1979,0.2258080691099167,0.6442075967788696,0.2691507307237239,2.943286418914795,2.392913818359375
aesfa,000000072795__Post_Impressionism__vincent-van-gogh_restaurant-de-la-sirene-at-asnieres-1887.png,000000072795__Post_Impressionism__vincent-van-gogh_restaurant-de-la-sirene-at-asnieres-1887,000000072795,Post_Impressionism__vincent-van-gogh_restaurant-de-la-sirene-at-asnieres-1887,0.3495297431945801,0.6638705730438232,0.29889753571167316,2.6106464862823486,1.847765564918518
aesfa,000000072795__Realism__vincent-van-gogh_cottage-with-peasant-coming-home-1885(1).png,000000072795__Realism__vincent-van-gogh_cottage-with-peasant-coming-home-1885(1),000000072795,Realism__vincent-van-gogh_cottage-with-peasant-coming-home-1885(1),0.3949766159057617,0.5272606015205383,0.41311465181421014,2.2670998573303223,0.6208851933479309
aesfa,000000072795__Rococo__dmitry-levitzky_portrait-of-baron-a-n-stroganoff.png,000000072795__Rococo__dmitry-levitzky_portrait-of-baron-a-n-stroganoff,000000072795,Rococo__dmitry-levitzky_portrait-of-baron-a-n-stroganoff,0.3672775328159332,0.6240044236183167,0.38670995452752455,2.683823823928833,1.1841318607330322
aesfa,000000072795__Romanticism__gustave-dore_paradise-lost-4.png,000000072795__Romanticism__gustave-dore_paradise-lost-4,000000072795,Romanticism__gustave-dore_paradise-lost-4,0.4318819046020508,0.5534308552742004,0.3802652887625607,2.389798402786255,1.4493978023529053
aesfa,000000072795__Symbolism__nicholas-roerich_language-of-forest-1922.png,000000072795__Symbolism__nicholas-roerich_language-of-forest-1922,000000072795,Symbolism__nicholas-roerich_language-of-forest-1922,0.3952105939388275,0.6259886026382446,0.4236622795858482,2.539937734603882,1.6807591915130615
aesfa,000000072795__Ukiyo_e__kitagawa-utamaro_not_detected_233134.png,000000072795__Ukiyo_e__kitagawa-utamaro_not_detected_233134,000000072795,Ukiyo_e__kitagawa-utamaro_not_detected_233134,0.3142912685871124,0.6520118713378906,0.3930126571050656,2.623434543609619,2.3413445949554443
aesfa,000000078420__Abstract_Expressionism__paul-jenkins_not_detected_235703.png,000000078420__Abstract_Expressionism__paul-jenkins_not_detected_235703,000000078420,Abstract_Expressionism__paul-jenkins_not_detected_235703,0.5533995628356934,0.651521623134613,0.5944344995797863,2.5837464332580566,0.9704307317733765
aesfa,000000078420__Art_Nouveau_Modern__nicholas-roerich_oze-1914.png,000000078420__Art_Nouveau_Modern__nicholas-roerich_oze-1914,000000078420,Art_Nouveau_Modern__nicholas-roerich_oze-1914,0.5230479836463928,0.6135943531990051,0.5702313317063444,2.4438424110412598,1.0102628469467163
aesfa,000000078420__Baroque__rembrandt_portrait-of-nicolas-van-bambeeck-1641.png,000000078420__Baroque__rembrandt_portrait-of-nicolas-van-bambeeck-1641,000000078420,Baroque__rembrandt_portrait-of-nicolas-van-bambeeck-1641,0.469414085149765,0.6571937799453735,0.5569850827989707,2.686269760131836,0.7629640102386475
aesfa,000000078420__Color_Field_Painting__leon-berkowitz_dark-light-rose-gold-1978.png,000000078420__Color_Field_Painting__leon-berkowitz_dark-light-rose-gold-1978,000000078420,Color_Field_Painting__leon-berkowitz_dark-light-rose-gold-1978,0.34546175599098206,0.7682778239250183,0.34337493675329994,3.3872599601745605,1.1680644750595093
aesfa,000000078420__Cubism__salvador-dali_cubist-composition-portrait-of-a-seated-person-holding-a-letter.png,000000078420__Cubism__salvador-dali_cubist-composition-portrait-of-a-seated-person-holding-a-letter,000000078420,Cubism__salvador-dali_cubist-composition-portrait-of-a-seated-person-holding-a-letter,0.5475366711616516,0.7797383069992065,0.5874024663922726,2.3578238487243652,0.7965971827507019
aesfa,000000078420__Early_Renaissance__pietro-perugino_st-jerome-who-attends-two-unfairly-hanged-1473.png,000000078420__Early_Renaissance__pietro-perugino_st-jerome-who-attends-two-unfairly-hanged-1473,000000078420,Early_Renaissance__pietro-perugino_st-jerome-who-attends-two-unfairly-hanged-1473,0.45987415313720703,0.6034443378448486,0.38185022444658373,2.6307554244995117,1.4330213069915771
aesfa,000000078420__Expressionism__amedeo-modigliani_germaine-survage-with-earrings-1918.png,000000078420__Expressionism__amedeo-modigliani_germaine-survage-with-earrings-1918,000000078420,Expressionism__amedeo-modigliani_germaine-survage-with-earrings-1918,0.554808497428894,0.5988515615463257,0.5340968838758214,2.310638427734375,0.7870090007781982
aesfa,000000078420__High_Renaissance__raphael_madonna-and-child-enthroned-with-saints-1505.png,000000078420__High_Renaissance__raphael_madonna-and-child-enthroned-with-saints-1505,000000078420,High_Renaissance__raphael_madonna-and-child-enthroned-with-saints-1505,0.498018354177475,0.559575080871582,0.4767632140105727,2.492448091506958,2.500678062438965
aesfa,000000078420__Impressionism__pierre-auguste-renoir_leaving-the-bath-1890.png,000000078420__Impressionism__pierre-auguste-renoir_leaving-the-bath-1890,000000078420,Impressionism__pierre-auguste-renoir_leaving-the-bath-1890,0.4688730239868164,0.6208783984184265,0.4588017840553325,2.6378064155578613,0.6436948776245117
aesfa,000000078420__Mannerism_Late_Renaissance__tintoretto_st-mark-rescuing-a-saracen-from-shipwreck-1566.png,000000078420__Mannerism_Late_Renaissance__tintoretto_st-mark-rescuing-a-saracen-from-shipwreck-1566,000000078420,Mannerism_Late_Renaissance__tintoretto_st-mark-rescuing-a-saracen-from-shipwreck-1566,0.46516332030296326,0.561663806438446,0.3972031085041735,2.425048351287842,1.474043607711792
aesfa,000000078420__Minimalism__mario-schifano_untitled-1963.png,000000078420__Minimalism__mario-schifano_untitled-1963,000000078420,Minimalism__mario-schifano_untitled-1963,0.3670801818370819,0.9248197674751282,0.4161932139368329,3.1885433197021484,1.3832815885543823
aesfa,000000078420__Naive_Art_Primitivism__marc-chagall_the-young-samuel-the-priest-s-servant-heard-that-he-is-called-by-god-eli-and-he-were-sleeping.png,000000078420__Naive_Art_Primitivism__marc-chagall_the-young-samuel-the-priest-s-servant-heard-that-he-is-called-by-god-eli-and-he-were-sleeping,000000078420,Naive_Art_Primitivism__marc-chagall_the-young-samuel-the-priest-s-servant-heard-that-he-is-called-by-god-eli-and-he-were-sleeping,0.30141910910606384,0.6435104608535767,0.22193826163676153,2.6288833618164062,1.1054601669311523
aesfa,000000078420__Northern_Renaissance__albrecht-durer_lamentation-over-christ-1507.png,000000078420__Northern_Renaissance__albrecht-durer_lamentation-over-christ-1507,000000078420,Northern_Renaissance__albrecht-durer_lamentation-over-christ-1507,0.2906492054462433,0.6108361482620239,0.21170877780793526,2.5139217376708984,2.226402997970581
aesfa,000000078420__Pop_Art__peter-max_composition-red-green-1979.png,000000078420__Pop_Art__peter-max_composition-red-green-1979,000000078420,Pop_Art__peter-max_composition-red-green-1979,0.37246593832969666,0.6255457401275635,0.540286671136482,2.691223621368408,2.181100845336914
aesfa,000000078420__Post_Impressionism__vincent-van-gogh_restaurant-de-la-sirene-at-asnieres-1887.png,000000078420__Post_Impressionism__vincent-van-gogh_restaurant-de-la-sirene-at-asnieres-1887,000000078420,Post_Impressionism__vincent-van-gogh_restaurant-de-la-sirene-at-asnieres-1887,0.3208766281604767,0.6155257225036621,0.23052495296372227,2.6973204612731934,1.798731803894043
aesfa,000000078420__Realism__vincent-van-gogh_cottage-with-peasant-coming-home-1885(1).png,000000078420__Realism__vincent-van-gogh_cottage-with-peasant-coming-home-1885(1),000000078420,Realism__vincent-van-gogh_cottage-with-peasant-coming-home-1885(1),0.550401508808136,0.5249192714691162,0.5267778125173103,2.2416744232177734,0.586076021194458
aesfa,000000078420__Rococo__dmitry-levitzky_portrait-of-baron-a-n-stroganoff.png,000000078420__Rococo__dmitry-levitzky_portrait-of-baron-a-n-stroganoff,000000078420,Rococo__dmitry-levitzky_portrait-of-baron-a-n-stroganoff,0.5084280371665955,0.609494686126709,0.6149243791736075,2.5605616569519043,0.7555196285247803
aesfa,000000078420__Romanticism__gustave-dore_paradise-lost-4.png,000000078420__Romanticism__gustave-dore_paradise-lost-4,000000078420,Romanticism__gustave-dore_paradise-lost-4,0.4080375134944916,0.6429574489593506,0.3274506769959116,2.4342572689056396,1.4024507999420166
aesfa,000000078420__Symbolism__nicholas-roerich_language-of-forest-1922.png,000000078420__Symbolism__nicholas-roerich_language-of-forest-1922,000000078420,Symbolism__nicholas-roerich_language-of-forest-1922,0.4351271092891693,0.6265513300895691,0.373392943856573,2.524311065673828,1.349245548248291
aesfa,000000078420__Ukiyo_e__kitagawa-utamaro_not_detected_233134.png,000000078420__Ukiyo_e__kitagawa-utamaro_not_detected_233134,000000078420,Ukiyo_e__kitagawa-utamaro_not_detected_233134,0.41771575808525085,0.5294761657714844,0.5022292151790243,2.2371838092803955,1.7909519672393799
aesfa,000000085682__Abstract_Expressionism__paul-jenkins_not_detected_235703.png,000000085682__Abstract_Expressionism__paul-jenkins_not_detected_235703,000000085682,Abstract_Expressionism__paul-jenkins_not_detected_235703,0.5319924354553223,0.5883539915084839,0.48537424714770505,2.6561973094940186,1.0566093921661377
aesfa,000000085682__Art_Nouveau_Modern__nicholas-roerich_oze-1914.png,000000085682__Art_Nouveau_Modern__nicholas-roerich_oze-1914,000000085682,Art_Nouveau_Modern__nicholas-roerich_oze-1914,0.5780424475669861,0.6111853718757629,0.5129227708266255,2.6157376766204834,1.2714811563491821
aesfa,000000085682__Baroque__rembrandt_portrait-of-nicolas-van-bambeeck-1641.png,000000085682__Baroque__rembrandt_portrait-of-nicolas-van-bambeeck-1641,000000085682,Baroque__rembrandt_portrait-of-nicolas-van-bambeeck-1641,0.42330941557884216,0.7098453044891357,0.4517008505319711,2.5809037685394287,0.8202334046363831
aesfa,000000085682__Color_Field_Painting__leon-berkowitz_dark-light-rose-gold-1978.png,000000085682__Color_Field_Painting__leon-berkowitz_dark-light-rose-gold-1978,000000085682,Color_Field_Painting__leon-berkowitz_dark-light-rose-gold-1978,0.3440455198287964,0.8800005316734314,0.2628092468941029,3.378909111022949,1.0000051259994507
aesfa,000000085682__Cubism__salvador-dali_cubist-composition-portrait-of-a-seated-person-holding-a-letter.png,000000085682__Cubism__salvador-dali_cubist-composition-portrait-of-a-seated-person-holding-a-letter,000000085682,Cubism__salvador-dali_cubist-composition-portrait-of-a-seated-person-holding-a-letter,0.5285050272941589,0.7957746386528015,0.3985178076708571,2.690781593322754,0.997334361076355
aesfa,000000085682__Early_Renaissance__pietro-perugino_st-jerome-who-attends-two-unfairly-hanged-1473.png,000000085682__Early_Renaissance__pietro-perugino_st-jerome-who-attends-two-unfairly-hanged-1473,000000085682,Early_Renaissance__pietro-perugino_st-jerome-who-attends-two-unfairly-hanged-1473,0.4551672637462616,0.6656824946403503,0.3427425142234111,2.70808744430542,1.6546180248260498
aesfa,000000085682__Expressionism__amedeo-modigliani_germaine-survage-with-earrings-1918.png,000000085682__Expressionism__amedeo-modigliani_germaine-survage-with-earrings-1918,000000085682,Expressionism__amedeo-modigliani_germaine-survage-with-earrings-1918,0.48461389541625977,0.8021739721298218,0.3999271265488905,2.567554235458374,0.8689169883728027
aesfa,000000085682__High_Renaissance__raphael_madonna-and-child-enthroned-with-saints-1505.png,000000085682__High_Renaissance__raphael_madonna-and-child-enthroned-with-saints-1505,000000085682,High_Renaissance__raphael_madonna-and-child-enthroned-with-saints-1505,0.5130501389503479,0.6217572689056396,0.42983107038929375,2.7592523097991943,2.653693437576294
aesfa,000000085682__Impressionism__pierre-auguste-renoir_leaving-the-bath-1890.png,000000085682__Impressionism__pierre-auguste-renoir_leaving-the-bath-1890,000000085682,Impressionism__pierre-auguste-renoir_leaving-the-bath-1890,0.46032214164733887,0.7641590237617493,0.3333967538813107,2.849330425262451,0.7555481791496277
aesfa,000000085682__Mannerism_Late_Renaissance__tintoretto_st-mark-rescuing-a-saracen-from-shipwreck-1566.png,000000085682__Mannerism_Late_Renaissance__tintoretto_st-mark-rescuing-a-saracen-from-shipwreck-1566,000000085682,Mannerism_Late_Renaissance__tintoretto_st-mark-rescuing-a-saracen-from-shipwreck-1566,0.40075674653053284,0.6472097635269165,0.348572875385854,2.750317335128784,1.5229367017745972
aesfa,000000085682__Minimalism__mario-schifano_untitled-1963.png,000000085682__Minimalism__mario-schifano_untitled-1963,000000085682,Minimalism__mario-schifano_untitled-1963,0.3818848431110382,1.0595643520355225,0.39775790369045444,3.1178150177001953,1.163194179534912
aesfa,000000085682__Naive_Art_Primitivism__marc-chagall_the-young-samuel-the-priest-s-servant-heard-that-he-is-called-by-god-eli-and-he-were-sleeping.png,000000085682__Naive_Art_Primitivism__marc-chagall_the-young-samuel-the-priest-s-servant-heard-that-he-is-called-by-god-eli-and-he-were-sleeping,000000085682,Naive_Art_Primitivism__marc-chagall_the-young-samuel-the-priest-s-servant-heard-that-he-is-called-by-god-eli-and-he-were-sleeping,0.3215601444244385,0.6399914026260376,0.23275129095285543,2.67415189743042,1.1026304960250854
aesfa,000000085682__Northern_Renaissance__albrecht-durer_lamentation-over-christ-1507.png,000000085682__Northern_Renaissance__albrecht-durer_lamentation-over-christ-1507,000000085682,Northern_Renaissance__albrecht-durer_lamentation-over-christ-1507,0.2793631851673126,0.6285523772239685,0.2598371434904041,2.8172316551208496,2.5171899795532227
aesfa,000000085682__Pop_Art__peter-max_composition-red-green-1979.png,000000085682__Pop_Art__peter-max_composition-red-green-1979,000000085682,Pop_Art__peter-max_composition-red-green-1979,0.45807018876075745,0.6780862808227539,0.5314322263888721,2.8096370697021484,2.226562976837158
aesfa,000000085682__Post_Impressionism__vincent-van-gogh_restaurant-de-la-sirene-at-asnieres-1887.png,000000085682__Post_Impressionism__vincent-van-gogh_restaurant-de-la-sirene-at-asnieres-1887,000000085682,Post_Impressionism__vincent-van-gogh_restaurant-de-la-sirene-at-asnieres-1887,0.3457411825656891,0.7273920774459839,0.23451304852509125,2.855541229248047,1.7661170959472656
aesfa,000000085682__Realism__vincent-van-gogh_cottage-with-peasant-coming-home-1885(1).png,000000085682__Realism__vincent-van-gogh_cottage-with-peasant-coming-home-1885(1),000000085682,Realism__vincent-van-gogh_cottage-with-peasant-coming-home-1885(1),0.49004068970680237,0.6237582564353943,0.4066033205867592,2.486671209335327,0.475446879863739
aesfa,000000085682__Rococo__dmitry-levitzky_portrait-of-baron-a-n-stroganoff.png,000000085682__Rococo__dmitry-levitzky_portrait-of-baron-a-n-stroganoff,000000085682,Rococo__dmitry-levitzky_portrait-of-baron-a-n-stroganoff,0.44621697068214417,0.7100513577461243,0.480660729181981,2.56276273727417,0.8182888031005859
aesfa,000000085682__Romanticism__gustave-dore_paradise-lost-4.png,000000085682__Romanticism__gustave-dore_paradise-lost-4,000000085682,Romanticism__gustave-dore_paradise-lost-4,0.3732452094554901,0.6304764747619629,0.2697596046456432,2.610544204711914,1.4445455074310303
aesfa,000000085682__Symbolism__nicholas-roerich_language-of-forest-1922.png,000000085682__Symbolism__nicholas-roerich_language-of-forest-1922,000000085682,Symbolism__nicholas-roerich_language-of-forest-1922,0.44788751006126404,0.6672693490982056,0.3397562799757663,2.765357732772827,1.5140633583068848
aesfa,000000085682__Ukiyo_e__kitagawa-utamaro_not_detected_233134.png,000000085682__Ukiyo_e__kitagawa-utamaro_not_detected_233134,000000085682,Ukiyo_e__kitagawa-utamaro_not_detected_233134,0.43081822991371155,0.7152965664863586,0.42742200823244997,2.61124324798584,2.3248441219329834
aesfa,000000094157__Abstract_Expressionism__paul-jenkins_not_detected_235703.png,000000094157__Abstract_Expressionism__paul-jenkins_not_detected_235703,000000094157,Abstract_Expressionism__paul-jenkins_not_detected_235703,0.43447616696357727,0.6893892288208008,0.3216591628520936,2.8420286178588867,1.1328285932540894
aesfa,000000094157__Art_Nouveau_Modern__nicholas-roerich_oze-1914.png,000000094157__Art_Nouveau_Modern__nicholas-roerich_oze-1914,000000094157,Art_Nouveau_Modern__nicholas-roerich_oze-1914,0.48826703429222107,0.6277828216552734,0.5035353281843904,2.555138111114502,1.1240146160125732
aesfa,000000094157__Baroque__rembrandt_portrait-of-nicolas-van-bambeeck-1641.png,000000094157__Baroque__rembrandt_portrait-of-nicolas-van-bambeeck-1641,000000094157,Baroque__rembrandt_portrait-of-nicolas-van-bambeeck-1641,0.30833908915519714,0.6921202540397644,0.4365825954558389,2.6116960048675537,0.8604849576950073
aesfa,000000094157__Color_Field_Painting__leon-berkowitz_dark-light-rose-gold-1978.png,000000094157__Color_Field_Painting__leon-berkowitz_dark-light-rose-gold-1978,000000094157,Color_Field_Painting__leon-berkowitz_dark-light-rose-gold-1978,0.348058819770813,0.8361366987228394,0.21444371840369547,3.245896816253662,1.0826176404953003
aesfa,000000094157__Cubism__salvador-dali_cubist-composition-portrait-of-a-seated-person-holding-a-letter.png,000000094157__Cubism__salvador-dali_cubist-composition-portrait-of-a-seated-person-holding-a-letter,000000094157,Cubism__salvador-dali_cubist-composition-portrait-of-a-seated-person-holding-a-letter,0.48963698744773865,0.797597348690033,0.3338588149725593,2.62343692779541,1.048382043838501
aesfa,000000094157__Early_Renaissance__pietro-perugino_st-jerome-who-attends-two-unfairly-hanged-1473.png,000000094157__Early_Renaissance__pietro-perugino_st-jerome-who-attends-two-unfairly-hanged-1473,000000094157,Early_Renaissance__pietro-perugino_st-jerome-who-attends-two-unfairly-hanged-1473,0.41110023856163025,0.6725823879241943,0.2820892857927182,2.677311420440674,1.65384042263031
aesfa,000000094157__Expressionism__amedeo-modigliani_germaine-survage-with-earrings-1918.png,000000094157__Expressionism__amedeo-modigliani_germaine-survage-with-earrings-1918,000000094157,Expressionism__amedeo-modigliani_germaine-survage-with-earrings-1918,0.482883483171463,0.7949455976486206,0.33324062623329354,2.613908290863037,1.0170505046844482
aesfa,000000094157__High_Renaissance__raphael_madonna-and-child-enthroned-with-saints-1505.png,000000094157__High_Renaissance__raphael_madonna-and-child-enthroned-with-saints-1505,000000094157,High_Renaissance__raphael_madonna-and-child-enthroned-with-saints-1505,0.5104387402534485,0.6023898124694824,0.3851654585230122,2.530684471130371,2.214268684387207
aesfa,000000094157__Impressionism__pierre-auguste-renoir_leaving-the-bath-1890.png,000000094157__Impressionism__pierre-auguste-renoir_leaving-the-bath-1890,000000094157,Impressionism__pierre-auguste-renoir_leaving-the-bath-1890,0.44484254717826843,0.7492786049842834,0.27516758885654613,2.8128321170806885,0.7615595459938049
aesfa,000000094157__Mannerism_Late_Renaissance__tintoretto_st-mark-rescuing-a-saracen-from-shipwreck-1566.png,000000094157__Mannerism_Late_Renaissance__tintoretto_st-mark-rescuing-a-saracen-from-shipwreck-1566,000000094157,Mannerism_Late_Renaissance__tintoretto_st-mark-rescuing-a-saracen-from-shipwreck-1566,0.3540083169937134,0.6461653709411621,0.32373167146979726,2.7014381885528564,1.421426773071289
aesfa,000000094157__Minimalism__mario-schifano_untitled-1963.png,000000094157__Minimalism__mario-schifano_untitled-1963,000000094157,Minimalism__mario-schifano_untitled-1963,0.4750446379184723,0.9777225255966187,0.4812685364943593,2.964311122894287,1.1566218137741089
aesfa,000000094157__Naive_Art_Primitivism__marc-chagall_the-young-samuel-the-priest-s-servant-heard-that-he-is-called-by-god-eli-and-he-were-sleeping.png,000000094157__Naive_Art_Primitivism__marc-chagall_the-young-samuel-the-priest-s-servant-heard-that-he-is-called-by-god-eli-and-he-were-sleeping,000000094157,Naive_Art_Primitivism__marc-chagall_the-young-samuel-the-priest-s-servant-heard-that-he-is-called-by-god-eli-and-he-were-sleeping,0.3385550081729889,0.638235330581665,0.19292090258759445,2.6347739696502686,1.159841775894165
aesfa,000000094157__Northern_Renaissance__albrecht-durer_lamentation-over-christ-1507.png,000000094157__Northern_Renaissance__albrecht-durer_lamentation-over-christ-1507,000000094157,Northern_Renaissance__albrecht-durer_lamentation-over-christ-1507,0.31882336735725403,0.6264221668243408,0.21913748888277745,2.7071995735168457,2.444648504257202
aesfa,000000094157__Pop_Art__peter-max_composition-red-green-1979.png,000000094157__Pop_Art__peter-max_composition-red-green-1979,000000094157,Pop_Art__peter-max_composition-red-green-1979,0.5428313612937927,0.6529155373573303,0.5207393087643686,2.703464984893799,2.272141695022583
aesfa,000000094157__Post_Impressionism__vincent-van-gogh_restaurant-de-la-sirene-at-asnieres-1887.png,000000094157__Post_Impressionism__vincent-van-gogh_restaurant-de-la-sirene-at-asnieres-1887,000000094157,Post_Impressionism__vincent-van-gogh_restaurant-de-la-sirene-at-asnieres-1887,0.36703482270240784,0.6983880400657654,0.1944572089025609,2.6687848567962646,1.9307000637054443
aesfa,000000094157__Realism__vincent-van-gogh_cottage-with-peasant-coming-home-1885(1).png,000000094157__Realism__vincent-van-gogh_cottage-with-peasant-coming-home-1885(1),000000094157,Realism__vincent-van-gogh_cottage-with-peasant-coming-home-1885(1),0.5648971199989319,0.587098240852356,0.3636054437973792,2.212615489959717,0.62199866771698
aesfa,000000094157__Rococo__dmitry-levitzky_portrait-of-baron-a-n-stroganoff.png,000000094157__Rococo__dmitry-levitzky_portrait-of-baron-a-n-stroganoff,000000094157,Rococo__dmitry-levitzky_portrait-of-baron-a-n-stroganoff,0.3415355682373047,0.6957067251205444,0.4512217850451729,2.625570774078369,0.924134373664856
aesfa,000000094157__Romanticism__gustave-dore_paradise-lost-4.png,000000094157__Romanticism__gustave-dore_paradise-lost-4,000000094157,Romanticism__gustave-dore_paradise-lost-4,0.32060062885284424,0.6436346173286438,0.26994077096844254,2.563981056213379,1.403948187828064
aesfa,000000094157__Symbolism__nicholas-roerich_language-of-forest-1922.png,000000094157__Symbolism__nicholas-roerich_language-of-forest-1922,000000094157,Symbolism__nicholas-roerich_language-of-forest-1922,0.415353387594223,0.6607295274734497,0.2939604392697353,2.6809701919555664,1.5826449394226074
aesfa,000000094157__Ukiyo_e__kitagawa-utamaro_not_detected_233134.png,000000094157__Ukiyo_e__kitagawa-utamaro_not_detected_233134,000000094157,Ukiyo_e__kitagawa-utamaro_not_detected_233134,0.48005780577659607,0.6863806247711182,0.34869401270921435,2.5880937576293945,2.2535452842712402
aesfa,000000098633__Abstract_Expressionism__paul-jenkins_not_detected_235703.png,000000098633__Abstract_Expressionism__paul-jenkins_not_detected_235703,000000098633,Abstract_Expressionism__paul-jenkins_not_detected_235703,0.6012048125267029,0.6210644841194153,0.6848129600938032,2.5489797592163086,1.0681447982788086
aesfa,000000098633__Art_Nouveau_Modern__nicholas-roerich_oze-1914.png,000000098633__Art_Nouveau_Modern__nicholas-roerich_oze-1914,000000098633,Art_Nouveau_Modern__nicholas-roerich_oze-1914,0.49071478843688965,0.5908348560333252,0.49722852619857877,2.4741201400756836,0.9226086735725403
aesfa,000000098633__Baroque__rembrandt_portrait-of-nicolas-van-bambeeck-1641.png,000000098633__Baroque__rembrandt_portrait-of-nicolas-van-bambeeck-1641,000000098633,Baroque__rembrandt_portrait-of-nicolas-van-bambeeck-1641,0.505239725112915,0.6550024747848511,0.5608050592176993,2.467970371246338,0.6465880870819092
aesfa,000000098633__Color_Field_Painting__leon-berkowitz_dark-light-rose-gold-1978.png,000000098633__Color_Field_Painting__leon-berkowitz_dark-light-rose-gold-1978,000000098633,Color_Field_Painting__leon-berkowitz_dark-light-rose-gold-1978,0.38426586985588074,0.7764606475830078,0.3694763377198098,3.181476593017578,1.1488487720489502
aesfa,000000098633__Cubism__salvador-dali_cubist-composition-portrait-of-a-seated-person-holding-a-letter.png,000000098633__Cubism__salvador-dali_cubist-composition-portrait-of-a-seated-person-holding-a-letter,000000098633,Cubism__salvador-dali_cubist-composition-portrait-of-a-seated-person-holding-a-letter,0.5448977947235107,0.7639259099960327,0.46785762722289514,2.374661922454834,0.8386468887329102
aesfa,000000098633__Early_Renaissance__pietro-perugino_st-jerome-who-attends-two-unfairly-hanged-1473.png,000000098633__Early_Renaissance__pietro-perugino_st-jerome-who-attends-two-unfairly-hanged-1473,000000098633,Early_Renaissance__pietro-perugino_st-jerome-who-attends-two-unfairly-hanged-1473,0.3675675690174103,0.6058382987976074,0.29877640796167465,2.577467203140259,1.4488829374313354
aesfa,000000098633__Expressionism__amedeo-modigliani_germaine-survage-with-earrings-1918.png,000000098633__Expressionism__amedeo-modigliani_germaine-survage-with-earrings-1918,000000098633,Expressionism__amedeo-modigliani_germaine-survage-with-earrings-1918,0.5089607834815979,0.6815102100372314,0.42688197039736947,2.3283185958862305,0.7281111478805542
aesfa,000000098633__High_Renaissance__raphael_madonna-and-child-enthroned-with-saints-1505.png,000000098633__High_Renaissance__raphael_madonna-and-child-enthroned-with-saints-1505,000000098633,High_Renaissance__raphael_madonna-and-child-enthroned-with-saints-1505,0.4105265140533447,0.5854392647743225,0.3900113125437942,2.6693568229675293,2.3325273990631104
aesfa,000000098633__Impressionism__pierre-auguste-renoir_leaving-the-bath-1890.png,000000098633__Impressionism__pierre-auguste-renoir_leaving-the-bath-1890,000000098633,Impressionism__pierre-auguste-renoir_leaving-the-bath-1890,0.45400944352149963,0.6506711840629578,0.3692576297839259,2.475768566131592,0.548311710357666
aesfa,000000098633__Mannerism_Late_Renaissance__tintoretto_st-mark-rescuing-a-saracen-from-shipwreck-1566.png,000000098633__Mannerism_Late_Renaissance__tintoretto_st-mark-rescuing-a-saracen-from-shipwreck-1566,000000098633,Mannerism_Late_Renaissance__tintoretto_st-mark-rescuing-a-saracen-from-shipwreck-1566,0.3460768163204193,0.587539553642273,0.3110416022500056,2.527062177658081,1.1758235692977905
aesfa,000000098633__Minimalism__mario-schifano_untitled-1963.png,000000098633__Minimalism__mario-schifano_untitled-1963,000000098633,Minimalism__mario-schifano_untitled-1963,0.442324161529541,0.9797779321670532,0.5064242976452535,3.095524549484253,1.379808783531189
aesfa,000000098633__Naive_Art_Primitivism__marc-chagall_the-young-samuel-the-priest-s-servant-heard-that-he-is-called-by-god-eli-and-he-were-sleeping.png,000000098633__Naive_Art_Primitivism__marc-chagall_the-young-samuel-the-priest-s-servant-heard-that-he-is-called-by-god-eli-and-he-were-sleeping,000000098633,Naive_Art_Primitivism__marc-chagall_the-young-samuel-the-priest-s-servant-heard-that-he-is-called-by-god-eli-and-he-were-sleeping,0.22958922386169434,0.6651760339736938,0.15697995244764223,2.5941991806030273,1.1413447856903076
aesfa,000000098633__Northern_Renaissance__albrecht-durer_lamentation-over-christ-1507.png,000000098633__Northern_Renaissance__albrecht-durer_lamentation-over-christ-1507,000000098633,Northern_Renaissance__albrecht-durer_lamentation-over-christ-1507,0.19420242309570312,0.67876797914505,0.1726713567370151,2.7125561237335205,2.1799848079681396
aesfa,000000098633__Pop_Art__peter-max_composition-red-green-1979.png,000000098633__Pop_Art__peter-max_composition-red-green-1979,000000098633,Pop_Art__peter-max_composition-red-green-1979,0.4127514362335205,0.6559123992919922,0.5849614041369148,2.703270435333252,1.8409028053283691
aesfa,000000098633__Post_Impressionism__vincent-van-gogh_restaurant-de-la-sirene-at-asnieres-1887.png,000000098633__Post_Impressionism__vincent-van-gogh_restaurant-de-la-sirene-at-asnieres-1887,000000098633,Post_Impressionism__vincent-van-gogh_restaurant-de-la-sirene-at-asnieres-1887,0.23917138576507568,0.7054901123046875,0.15707634795425232,2.812998056411743,2.2131600379943848
aesfa,000000098633__Realism__vincent-van-gogh_cottage-with-peasant-coming-home-1885(1).png,000000098633__Realism__vincent-van-gogh_cottage-with-peasant-coming-home-1885(1),000000098633,Realism__vincent-van-gogh_cottage-with-peasant-coming-home-1885(1),0.4657978117465973,0.5863760709762573,0.4485886324323267,2.353543758392334,0.5572326183319092
aesfa,000000098633__Rococo__dmitry-levitzky_portrait-of-baron-a-n-stroganoff.png,000000098633__Rococo__dmitry-levitzky_portrait-of-baron-a-n-stroganoff,000000098633,Rococo__dmitry-levitzky_portrait-of-baron-a-n-stroganoff,0.5339049100875854,0.5946526527404785,0.5581903311339433,2.3553905487060547,0.7456376552581787
aesfa,000000098633__Romanticism__gustave-dore_paradise-lost-4.png,000000098633__Romanticism__gustave-dore_paradise-lost-4,000000098633,Romanticism__gustave-dore_paradise-lost-4,0.33235812187194824,0.6539739370346069,0.24757241016820716,2.523638963699341,1.303481936454773
aesfa,000000098633__Symbolism__nicholas-roerich_language-of-forest-1922.png,000000098633__Symbolism__nicholas-roerich_language-of-forest-1922,000000098633,Symbolism__nicholas-roerich_language-of-forest-1922,0.34415343403816223,0.639402449131012,0.2577633334885854,2.6438961029052734,1.5621955394744873
aesfa,000000098633__Ukiyo_e__kitagawa-utamaro_not_detected_233134.png,000000098633__Ukiyo_e__kitagawa-utamaro_not_detected_233134,000000098633,Ukiyo_e__kitagawa-utamaro_not_detected_233134,0.3645021617412567,0.6296389102935791,0.4098287311666245,2.3829092979431152,1.8801085948944092
aesfa,000000106912__Abstract_Expressionism__paul-jenkins_not_detected_235703.png,000000106912__Abstract_Expressionism__paul-jenkins_not_detected_235703,000000106912,Abstract_Expressionism__paul-jenkins_not_detected_235703,0.49397388100624084,0.6178489923477173,0.5603285550412913,2.8278138637542725,1.1460846662521362
aesfa,000000106912__Art_Nouveau_Modern__nicholas-roerich_oze-1914.png,000000106912__Art_Nouveau_Modern__nicholas-roerich_oze-1914,000000106912,Art_Nouveau_Modern__nicholas-roerich_oze-1914,0.5039297938346863,0.6739675998687744,0.5008756917547599,2.7920193672180176,1.1810717582702637
aesfa,000000106912__Baroque__rembrandt_portrait-of-nicolas-van-bambeeck-1641.png,000000106912__Baroque__rembrandt_portrait-of-nicolas-van-bambeeck-1641,000000106912,Baroque__rembrandt_portrait-of-nicolas-van-bambeeck-1641,0.4055241644382477,0.6781666278839111,0.5669634869815147,2.4655778408050537,0.7166908979415894
aesfa,000000106912__Color_Field_Painting__leon-berkowitz_dark-light-rose-gold-1978.png,000000106912__Color_Field_Painting__leon-berkowitz_dark-light-rose-gold-1978,000000106912,Color_Field_Painting__leon-berkowitz_dark-light-rose-gold-1978,0.4194297790527344,0.7774794697761536,0.3326790376934456,3.252906322479248,0.9535689353942871
aesfa,000000106912__Cubism__salvador-dali_cubist-composition-portrait-of-a-seated-person-holding-a-letter.png,000000106912__Cubism__salvador-dali_cubist-composition-portrait-of-a-seated-person-holding-a-letter,000000106912,Cubism__salvador-dali_cubist-composition-portrait-of-a-seated-person-holding-a-letter,0.5522524118423462,0.7869024276733398,0.47336526195544,2.654480457305908,0.9011008739471436
aesfa,000000106912__Early_Renaissance__pietro-perugino_st-jerome-who-attends-two-unfairly-hanged-1473.png,000000106912__Early_Renaissance__pietro-perugino_st-jerome-who-attends-two-unfairly-hanged-1473,000000106912,Early_Renaissance__pietro-perugino_st-jerome-who-attends-two-unfairly-hanged-1473,0.3509112298488617,0.7032751441001892,0.26236511806909213,2.9458467960357666,1.7632336616516113
aesfa,000000106912__Expressionism__amedeo-modigliani_germaine-survage-with-earrings-1918.png,000000106912__Expressionism__amedeo-modigliani_germaine-survage-with-earrings-1918,000000106912,Expressionism__amedeo-modigliani_germaine-survage-with-earrings-1918,0.4789503812789917,0.751366376876831,0.31210471494919906,2.7135252952575684,0.8989306688308716
aesfa,000000106912__High_Renaissance__raphael_madonna-and-child-enthroned-with-saints-1505.png,000000106912__High_Renaissance__raphael_madonna-and-child-enthroned-with-saints-1505,000000106912,High_Renaissance__raphael_madonna-and-child-enthroned-with-saints-1505,0.42711687088012695,0.6687781810760498,0.37967472062161683,2.8852739334106445,2.3176751136779785
aesfa,000000106912__Impressionism__pierre-auguste-renoir_leaving-the-bath-1890.png,000000106912__Impressionism__pierre-auguste-renoir_leaving-the-bath-1890,000000106912,Impressionism__pierre-auguste-renoir_leaving-the-bath-1890,0.4856750965118408,0.7208127379417419,0.3318566621086306,2.845921754837036,0.6714823246002197
aesfa,000000106912__Mannerism_Late_Renaissance__tintoretto_st-mark-rescuing-a-saracen-from-shipwreck-1566.png,000000106912__Mannerism_Late_Renaissance__tintoretto_st-mark-rescuing-a-saracen-from-shipwreck-1566,000000106912,Mannerism_Late_Renaissance__tintoretto_st-mark-rescuing-a-saracen-from-shipwreck-1566,0.29755282402038574,0.678641676902771,0.2752848868993475,2.8289742469787598,1.3524820804595947
aesfa,000000106912__Minimalism__mario-schifano_untitled-1963.png,000000106912__Minimalism__mario-schifano_untitled-1963,000000106912,Minimalism__mario-schifano_untitled-1963,0.567969024181366,0.9678739309310913,0.5963886872167223,2.854015588760376,1.1684715747833252
aesfa,000000106912__Naive_Art_Primitivism__marc-chagall_the-young-samuel-the-priest-s-servant-heard-that-he-is-called-by-god-eli-and-he-were-sleeping.png,000000106912__Naive_Art_Primitivism__marc-chagall_the-young-samuel-the-priest-s-servant-heard-that-he-is-called-by-god-eli-and-he-were-sleeping,000000106912,Naive_Art_Primitivism__marc-chagall_the-young-samuel-the-priest-s-servant-heard-that-he-is-called-by-god-eli-and-he-were-sleeping,0.28188279271125793,0.6848454475402832,0.1555837934759632,2.7654173374176025,1.1621301174163818
aesfa,000000106912__Northern_Renaissance__albrecht-durer_lamentation-over-christ-1507.png,000000106912__Northern_Renaissance__albrecht-durer_lamentation-over-christ-1507,000000106912,Northern_Renaissance__albrecht-durer_lamentation-over-christ-1507,0.23433731496334076,0.6980423331260681,0.17424748348011312,2.984315872192383,2.549940347671509
aesfa,000000106912__Pop_Art__peter-max_composition-red-green-1979.png,000000106912__Pop_Art__peter-max_composition-red-green-1979,000000106912,Pop_Art__peter-max_composition-red-green-1979,0.5510615706443787,0.655948281288147,0.6220669173498342,2.826399087905884,2.1718149185180664
aesfa,000000106912__Post_Impressionism__vincent-van-gogh_restaurant-de-la-sirene-at-asnieres-1887.png,000000106912__Post_Impressionism__vincent-van-gogh_restaurant-de-la-sirene-at-asnieres-1887,000000106912,Post_Impressionism__vincent-van-gogh_restaurant-de-la-sirene-at-asnieres-1887,0.3008827269077301,0.7310960292816162,0.16859791219922227,3.0127391815185547,1.8393605947494507
aesfa,000000106912__Realism__vincent-van-gogh_cottage-with-peasant-coming-home-1885(1).png,000000106912__Realism__vincent-van-gogh_cottage-with-peasant-coming-home-1885(1),000000106912,Realism__vincent-van-gogh_cottage-with-peasant-coming-home-1885(1),0.5113635659217834,0.6225857734680176,0.3998724549690425,2.4731943607330322,0.4400519132614136
aesfa,000000106912__Rococo__dmitry-levitzky_portrait-of-baron-a-n-stroganoff.png,000000106912__Rococo__dmitry-levitzky_portrait-of-baron-a-n-stroganoff,000000106912,Rococo__dmitry-levitzky_portrait-of-baron-a-n-stroganoff,0.4277053773403168,0.7133111953735352,0.5580888243458157,2.6854400634765625,0.7929593324661255
aesfa,000000106912__Romanticism__gustave-dore_paradise-lost-4.png,000000106912__Romanticism__gustave-dore_paradise-lost-4,000000106912,Romanticism__gustave-dore_paradise-lost-4,0.2822520434856415,0.6827648282051086,0.1946260519703887,2.5944368839263916,1.2707911729812622
aesfa,000000106912__Symbolism__nicholas-roerich_language-of-forest-1922.png,000000106912__Symbolism__nicholas-roerich_language-of-forest-1922,000000106912,Symbolism__nicholas-roerich_language-of-forest-1922,0.36814022064208984,0.7043543457984924,0.26531834756994294,2.92138671875,1.5371618270874023
aesfa,000000106912__Ukiyo_e__kitagawa-utamaro_not_detected_233134.png,000000106912__Ukiyo_e__kitagawa-utamaro_not_detected_233134,000000106912,Ukiyo_e__kitagawa-utamaro_not_detected_233134,0.4537331163883209,0.6834186315536499,0.3867426741227388,2.661187171936035,2.1022112369537354
aesfa,000000116208__Abstract_Expressionism__paul-jenkins_not_detected_235703.png,000000116208__Abstract_Expressionism__paul-jenkins_not_detected_235703,000000116208,Abstract_Expressionism__paul-jenkins_not_detected_235703,0.4102787971496582,0.5852258801460266,0.40459838093504796,2.6864259243011475,1.2576816082000732
aesfa,000000116208__Art_Nouveau_Modern__nicholas-roerich_oze-1914.png,000000116208__Art_Nouveau_Modern__nicholas-roerich_oze-1914,000000116208,Art_Nouveau_Modern__nicholas-roerich_oze-1914,0.4923868477344513,0.516374945640564,0.5645923774652877,2.1861419677734375,0.9157319068908691
aesfa,000000116208__Baroque__rembrandt_portrait-of-nicolas-van-bambeeck-1641.png,000000116208__Baroque__rembrandt_portrait-of-nicolas-van-bambeeck-1641,000000116208,Baroque__rembrandt_portrait-of-nicolas-van-bambeeck-1641,0.34374284744262695,0.626533567905426,0.41891900513880237,2.7410812377929688,0.8390971422195435
aesfa,000000116208__Color_Field_Painting__leon-berkowitz_dark-light-rose-gold-1978.png,000000116208__Color_Field_Painting__leon-berkowitz_dark-light-rose-gold-1978,000000116208,Color_Field_Painting__leon-berkowitz_dark-light-rose-gold-1978,0.24120865762233734,0.84552001953125,0.28870967468089165,3.4661142826080322,1.2024537324905396
aesfa,000000116208__Cubism__salvador-dali_cubist-composition-portrait-of-a-seated-person-holding-a-letter.png,000000116208__Cubism__salvador-dali_cubist-composition-portrait-of-a-seated-person-holding-a-letter,000000116208,Cubism__salvador-dali_cubist-composition-portrait-of-a-seated-person-holding-a-letter,0.4697860777378082,0.6714467406272888,0.4904879263150487,2.345856189727783,0.8924999833106995
aesfa,000000116208__Early_Renaissance__pietro-perugino_st-jerome-who-attends-two-unfairly-hanged-1473.png,000000116208__Early_Renaissance__pietro-perugino_st-jerome-who-attends-two-unfairly-hanged-1473,000000116208,Early_Renaissance__pietro-perugino_st-jerome-who-attends-two-unfairly-hanged-1473,0.5124772191047668,0.537745475769043,0.5167609981170871,2.3612723350524902,1.5723228454589844
aesfa,000000116208__Expressionism__amedeo-modigliani_germaine-survage-with-earrings-1918.png,000000116208__Expressionism__amedeo-modigliani_germaine-survage-with-earrings-1918,000000116208,Expressionism__amedeo-modigliani_germaine-survage-with-earrings-1918,0.458702951669693,0.6349847316741943,0.5045668157703497,2.3271329402923584,0.9025348424911499
aesfa,000000116208__High_Renaissance__raphael_madonna-and-child-enthroned-with-saints-1505.png,000000116208__High_Renaissance__raphael_madonna-and-child-enthroned-with-saints-1505,000000116208,High_Renaissance__raphael_madonna-and-child-enthroned-with-saints-1505,0.5593089461326599,0.48074567317962646,0.5843654253748031,2.2577662467956543,2.2484569549560547
aesfa,000000116208__Impressionism__pierre-auguste-renoir_leaving-the-bath-1890.png,000000116208__Impressionism__pierre-auguste-renoir_leaving-the-bath-1890,000000116208,Impressionism__pierre-auguste-renoir_leaving-the-bath-1890,0.41272127628326416,0.6218588352203369,0.42936682534352844,2.595613718032837,0.6481720805168152
aesfa,000000116208__Mannerism_Late_Renaissance__tintoretto_st-mark-rescuing-a-saracen-from-shipwreck-1566.png,000000116208__Mannerism_Late_Renaissance__tintoretto_st-mark-rescuing-a-saracen-from-shipwreck-1566,000000116208,Mannerism_Late_Renaissance__tintoretto_st-mark-rescuing-a-saracen-from-shipwreck-1566,0.511969268321991,0.4874684810638428,0.5216356211470669,2.1899638175964355,1.250425934791565
aesfa,000000116208__Minimalism__mario-schifano_untitled-1963.png,000000116208__Minimalism__mario-schifano_untitled-1963,000000116208,Minimalism__mario-schifano_untitled-1963,0.220925971865654,1.0004881620407104,0.20552200212316324,3.3293986320495605,1.4340674877166748
aesfa,000000116208__Naive_Art_Primitivism__marc-chagall_the-young-samuel-the-priest-s-servant-heard-that-he-is-called-by-god-eli-and-he-were-sleeping.png,000000116208__Naive_Art_Primitivism__marc-chagall_the-young-samuel-the-priest-s-servant-heard-that-he-is-called-by-god-eli-and-he-were-sleeping,000000116208,Naive_Art_Primitivism__marc-chagall_the-young-samuel-the-priest-s-servant-heard-that-he-is-called-by-god-eli-and-he-were-sleeping,0.37387096881866455,0.5867758989334106,0.33592583709386414,2.5904541015625,1.1760591268539429
aesfa,000000116208__Northern_Renaissance__albrecht-durer_lamentation-over-christ-1507.png,000000116208__Northern_Renaissance__albrecht-durer_lamentation-over-christ-1507,000000116208,Northern_Renaissance__albrecht-durer_lamentation-over-christ-1507,0.38534650206565857,0.5468219518661499,0.35622126252971714,2.422849655151367,2.1926562786102295
aesfa,000000116208__Pop_Art__peter-max_composition-red-green-1979.png,000000116208__Pop_Art__peter-max_composition-red-green-1979,000000116208,Pop_Art__peter-max_composition-red-green-1979,0.3108159303665161,0.6012529134750366,0.37091455611663426,2.7762346267700195,1.8413710594177246
aesfa,000000116208__Post_Impressionism__vincent-van-gogh_restaurant-de-la-sirene-at-asnieres-1887.png,000000116208__Post_Impressionism__vincent-van-gogh_restaurant-de-la-sirene-at-asnieres-1887,000000116208,Post_Impressionism__vincent-van-gogh_restaurant-de-la-sirene-at-asnieres-1887,0.40386834740638733,0.6109024286270142,0.35189884249379755,2.53570294380188,2.0890512466430664
aesfa,000000116208__Realism__vincent-van-gogh_cottage-with-peasant-coming-home-1885(1).png,000000116208__Realism__vincent-van-gogh_cottage-with-peasant-coming-home-1885(1),000000116208,Realism__vincent-van-gogh_cottage-with-peasant-coming-home-1885(1),0.4828982353210449,0.50568026304245,0.5307170130288589,2.3017194271087646,0.5702894330024719
aesfa,000000116208__Rococo__dmitry-levitzky_portrait-of-baron-a-n-stroganoff.png,000000116208__Rococo__dmitry-levitzky_portrait-of-baron-a-n-stroganoff,000000116208,Rococo__dmitry-levitzky_portrait-of-baron-a-n-stroganoff,0.3764510154724121,0.5816490054130554,0.48115930190638495,2.446193218231201,0.9086631536483765
aesfa,000000116208__Romanticism__gustave-dore_paradise-lost-4.png,000000116208__Romanticism__gustave-dore_paradise-lost-4,000000116208,Romanticism__gustave-dore_paradise-lost-4,0.4328382909297943,0.5618511438369751,0.40960238111491265,2.3912529945373535,1.3975613117218018
aesfa,000000116208__Symbolism__nicholas-roerich_language-of-forest-1922.png,000000116208__Symbolism__nicholas-roerich_language-of-forest-1922,000000116208,Symbolism__nicholas-roerich_language-of-forest-1922,0.4872802197933197,0.5410798788070679,0.5227847514463682,2.2817764282226562,1.5416815280914307
aesfa,000000116208__Ukiyo_e__kitagawa-utamaro_not_detected_233134.png,000000116208__Ukiyo_e__kitagawa-utamaro_not_detected_233134,000000116208,Ukiyo_e__kitagawa-utamaro_not_detected_233134,0.42401909828186035,0.5675879716873169,0.5360483923885963,2.308203935623169,1.9564093351364136
aesfa,000000135872__Abstract_Expressionism__paul-jenkins_not_detected_235703.png,000000135872__Abstract_Expressionism__paul-jenkins_not_detected_235703,000000135872,Abstract_Expressionism__paul-jenkins_not_detected_235703,0.48851051926612854,0.5562760829925537,0.5328585847828743,2.3856825828552246,0.9399944543838501
aesfa,000000135872__Art_Nouveau_Modern__nicholas-roerich_oze-1914.png,000000135872__Art_Nouveau_Modern__nicholas-roerich_oze-1914,000000135872,Art_Nouveau_Modern__nicholas-roerich_oze-1914,0.5830338597297668,0.5592209696769714,0.6026655634351181,2.396404266357422,1.138136386871338
aesfa,000000135872__Baroque__rembrandt_portrait-of-nicolas-van-bambeeck-1641.png,000000135872__Baroque__rembrandt_portrait-of-nicolas-van-bambeeck-1641,000000135872,Baroque__rembrandt_portrait-of-nicolas-van-bambeeck-1641,0.4747319221496582,0.5356512069702148,0.5682948905643964,2.4325711727142334,0.676891565322876
aesfa,000000135872__Color_Field_Painting__leon-berkowitz_dark-light-rose-gold-1978.png,000000135872__Color_Field_Painting__leon-berkowitz_dark-light-rose-gold-1978,000000135872,Color_Field_Painting__leon-berkowitz_dark-light-rose-gold-1978,0.361840158700943,0.83805251121521,0.34674896456327486,3.2963972091674805,1.1102595329284668
aesfa,000000135872__Cubism__salvador-dali_cubist-composition-portrait-of-a-seated-person-holding-a-letter.png,000000135872__Cubism__salvador-dali_cubist-composition-portrait-of-a-seated-person-holding-a-letter,000000135872,Cubism__salvador-dali_cubist-composition-portrait-of-a-seated-person-holding-a-letter,0.527457058429718,0.6747950911521912,0.515314747758469,2.3268556594848633,0.7689642906188965
aesfa,000000135872__Early_Renaissance__pietro-perugino_st-jerome-who-attends-two-unfairly-hanged-1473.png,000000135872__Early_Renaissance__pietro-perugino_st-jerome-who-attends-two-unfairly-hanged-1473,000000135872,Early_Renaissance__pietro-perugino_st-jerome-who-attends-two-unfairly-hanged-1473,0.4400946795940399,0.6037963628768921,0.3740887697446766,2.4385862350463867,1.398046612739563
aesfa,000000135872__Expressionism__amedeo-modigliani_germaine-survage-with-earrings-1918.png,000000135872__Expressionism__amedeo-modigliani_germaine-survage-with-earrings-1918,000000135872,Expressionism__amedeo-modigliani_germaine-survage-with-earrings-1918,0.5215564966201782,0.6780445575714111,0.5027161048098153,2.342494487762451,0.788618266582489
aesfa,000000135872__High_Renaissance__raphael_madonna-and-child-enthroned-with-saints-1505.png,000000135872__High_Renaissance__raphael_madonna-and-child-enthroned-with-saints-1505,000000135872,High_Renaissance__raphael_madonna-and-child-enthroned-with-saints-1505,0.5266459584236145,0.5127837061882019,0.4770361378554424,2.3523030281066895,2.151879072189331
aesfa,000000135872__Impressionism__pierre-auguste-renoir_leaving-the-bath-1890.png,000000135872__Impressionism__pierre-auguste-renoir_leaving-the-bath-1890,000000135872,Impressionism__pierre-auguste-renoir_leaving-the-bath-1890,0.4545014798641205,0.6511232852935791,0.4316292432843966,2.5995407104492188,0.5877249836921692
aesfa,000000135872__Mannerism_Late_Renaissance__tintoretto_st-mark-rescuing-a-saracen-from-shipwreck-1566.png,000000135872__Mannerism_Late_Renaissance__tintoretto_st-mark-rescuing-a-saracen-from-shipwreck-1566,000000135872,Mannerism_Late_Renaissance__tintoretto_st-mark-rescuing-a-saracen-from-shipwreck-1566,0.4397484362125397,0.557733416557312,0.39346122421624663,2.4238014221191406,1.2744603157043457
aesfa,000000135872__Minimalism__mario-schifano_untitled-1963.png,000000135872__Minimalism__mario-schifano_untitled-1963,000000135872,Minimalism__mario-schifano_untitled-1963,0.3895329535007477,0.9323871731758118,0.3791583858052805,2.9958853721618652,1.2165749073028564
aesfa,000000135872__Naive_Art_Primitivism__marc-chagall_the-young-samuel-the-priest-s-servant-heard-that-he-is-called-by-god-eli-and-he-were-sleeping.png,000000135872__Naive_Art_Primitivism__marc-chagall_the-young-samuel-the-priest-s-servant-heard-that-he-is-called-by-god-eli-and-he-were-sleeping,000000135872,Naive_Art_Primitivism__marc-chagall_the-young-samuel-the-priest-s-servant-heard-that-he-is-called-by-god-eli-and-he-were-sleeping,0.3012462556362152,0.60398268699646,0.24374921036222885,2.487455129623413,1.2405266761779785
aesfa,000000135872__Northern_Renaissance__albrecht-durer_lamentation-over-christ-1507.png,000000135872__Northern_Renaissance__albrecht-durer_lamentation-over-christ-1507,000000135872,Northern_Renaissance__albrecht-durer_lamentation-over-christ-1507,0.28349727392196655,0.5897136926651001,0.2568295098180195,2.556300640106201,2.288316488265991
aesfa,000000135872__Pop_Art__peter-max_composition-red-green-1979.png,000000135872__Pop_Art__peter-max_composition-red-green-1979,000000135872,Pop_Art__peter-max_composition-red-green-1979,0.39808812737464905,0.5669470429420471,0.549238031966453,2.3751275539398193,1.967739224433899
aesfa,000000135872__Post_Impressionism__vincent-van-gogh_restaurant-de-la-sirene-at-asnieres-1887.png,000000135872__Post_Impressionism__vincent-van-gogh_restaurant-de-la-sirene-at-asnieres-1887,000000135872,Post_Impressionism__vincent-van-gogh_restaurant-de-la-sirene-at-asnieres-1887,0.33472713828086853,0.6493595838546753,0.2379848082288228,2.5519392490386963,2.0647404193878174
aesfa,000000135872__Realism__vincent-van-gogh_cottage-with-peasant-coming-home-1885(1).png,000000135872__Realism__vincent-van-gogh_cottage-with-peasant-coming-home-1885(1),000000135872,Realism__vincent-van-gogh_cottage-with-peasant-coming-home-1885(1),0.5100823640823364,0.5221490859985352,0.524227211255593,2.1441564559936523,0.48505842685699463
aesfa,000000135872__Rococo__dmitry-levitzky_portrait-of-baron-a-n-stroganoff.png,000000135872__Rococo__dmitry-levitzky_portrait-of-baron-a-n-stroganoff,000000135872,Rococo__dmitry-levitzky_portrait-of-baron-a-n-stroganoff,0.5160015821456909,0.5568515658378601,0.6082495655794531,2.3443636894226074,0.7277509570121765
aesfa,000000135872__Romanticism__gustave-dore_paradise-lost-4.png,000000135872__Romanticism__gustave-dore_paradise-lost-4,000000135872,Romanticism__gustave-dore_paradise-lost-4,0.3987440764904022,0.5479552745819092,0.3328754946448534,2.296818733215332,1.3065463304519653
aesfa,000000135872__Symbolism__nicholas-roerich_language-of-forest-1922.png,000000135872__Symbolism__nicholas-roerich_language-of-forest-1922,000000135872,Symbolism__nicholas-roerich_language-of-forest-1922,0.44805362820625305,0.6012703776359558,0.3633849049115565,2.375758647918701,1.2815955877304077
aesfa,000000135872__Ukiyo_e__kitagawa-utamaro_not_detected_233134.png,000000135872__Ukiyo_e__kitagawa-utamaro_not_detected_233134,000000135872,Ukiyo_e__kitagawa-utamaro_not_detected_233134,0.4015916883945465,0.5954615473747253,0.47002691767510957,2.2318832874298096,1.9297233819961548
aesfa,000000196442__Abstract_Expressionism__paul-jenkins_not_detected_235703.png,000000196442__Abstract_Expressionism__paul-jenkins_not_detected_235703,000000196442,Abstract_Expressionism__paul-jenkins_not_detected_235703,0.40756306052207947,0.6450631618499756,0.5673465614204897,2.794415235519409,1.243105173110962
aesfa,000000196442__Art_Nouveau_Modern__nicholas-roerich_oze-1914.png,000000196442__Art_Nouveau_Modern__nicholas-roerich_oze-1914,000000196442,Art_Nouveau_Modern__nicholas-roerich_oze-1914,0.4188913106918335,0.6667940616607666,0.39430322791449884,2.955092430114746,1.1179672479629517
aesfa,000000196442__Baroque__rembrandt_portrait-of-nicolas-van-bambeeck-1641.png,000000196442__Baroque__rembrandt_portrait-of-nicolas-van-bambeeck-1641,000000196442,Baroque__rembrandt_portrait-of-nicolas-van-bambeeck-1641,0.31831854581832886,0.7370859980583191,0.4879297548462867,2.527661085128784,0.7525904178619385
aesfa,000000196442__Color_Field_Painting__leon-berkowitz_dark-light-rose-gold-1978.png,000000196442__Color_Field_Painting__leon-berkowitz_dark-light-rose-gold-1978,000000196442,Color_Field_Painting__leon-berkowitz_dark-light-rose-gold-1978,0.43097588419914246,0.8903417587280273,0.3081267754774555,3.1794896125793457,0.9183286428451538
aesfa,000000196442__Cubism__salvador-dali_cubist-composition-portrait-of-a-seated-person-holding-a-letter.png,000000196442__Cubism__salvador-dali_cubist-composition-portrait-of-a-seated-person-holding-a-letter,000000196442,Cubism__salvador-dali_cubist-composition-portrait-of-a-seated-person-holding-a-letter,0.5194652676582336,0.8109346628189087,0.2746965304980456,2.6392369270324707,1.0454738140106201
aesfa,000000196442__Early_Renaissance__pietro-perugino_st-jerome-who-attends-two-unfairly-hanged-1473.png,000000196442__Early_Renaissance__pietro-perugino_st-jerome-who-attends-two-unfairly-hanged-1473,000000196442,Early_Renaissance__pietro-perugino_st-jerome-who-attends-two-unfairly-hanged-1473,0.3018084466457367,0.7123153209686279,0.15440509552482284,2.9768428802490234,1.5313763618469238
aesfa,000000196442__Expressionism__amedeo-modigliani_germaine-survage-with-earrings-1918.png,000000196442__Expressionism__amedeo-modigliani_germaine-survage-with-earrings-1918,000000196442,Expressionism__amedeo-modigliani_germaine-survage-with-earrings-1918,0.42081761360168457,0.8068747520446777,0.2613457156204425,2.699042320251465,0.7930984497070312
aesfa,000000196442__High_Renaissance__raphael_madonna-and-child-enthroned-with-saints-1505.png,000000196442__High_Renaissance__raphael_madonna-and-child-enthroned-with-saints-1505,000000196442,High_Renaissance__raphael_madonna-and-child-enthroned-with-saints-1505,0.34820935130119324,0.6647036671638489,0.29445827583262246,3.1085758209228516,2.657217025756836
aesfa,000000196442__Impressionism__pierre-auguste-renoir_leaving-the-bath-1890.png,000000196442__Impressionism__pierre-auguste-renoir_leaving-the-bath-1890,000000196442,Impressionism__pierre-auguste-renoir_leaving-the-bath-1890,0.49062132835388184,0.7435729503631592,0.2679275278483169,2.7809715270996094,0.5625509023666382
aesfa,000000196442__Mannerism_Late_Renaissance__tintoretto_st-mark-rescuing-a-saracen-from-shipwreck-1566.png,000000196442__Mannerism_Late_Renaissance__tintoretto_st-mark-rescuing-a-saracen-from-shipwreck-1566,000000196442,Mannerism_Late_Renaissance__tintoretto_st-mark-rescuing-a-saracen-from-shipwreck-1566,0.2128385752439499,0.6871989965438843,0.18080362613791903,2.952591896057129,1.1763561964035034
aesfa,000000196442__Minimalism__mario-schifano_untitled-1963.png,000000196442__Minimalism__mario-schifano_untitled-1963,000000196442,Minimalism__mario-schifano_untitled-1963,0.6686203479766846,1.0232844352722168,0.733247472824702,2.8639450073242188,1.1955523490905762
aesfa,000000196442__Naive_Art_Primitivism__marc-chagall_the-young-samuel-the-priest-s-servant-heard-that-he-is-called-by-god-eli-and-he-were-sleeping.png,000000196442__Naive_Art_Primitivism__marc-chagall_the-young-samuel-the-priest-s-servant-heard-that-he-is-called-by-god-eli-and-he-were-sleeping,000000196442,Naive_Art_Primitivism__marc-chagall_the-young-samuel-the-priest-s-servant-heard-that-he-is-called-by-god-eli-and-he-were-sleeping,0.2692970037460327,0.6648812890052795,0.09792202635099276,2.6991329193115234,1.166961431503296
aesfa,000000196442__Northern_Renaissance__albrecht-durer_lamentation-over-christ-1507.png,000000196442__Northern_Renaissance__albrecht-durer_lamentation-over-christ-1507,000000196442,Northern_Renaissance__albrecht-durer_lamentation-over-christ-1507,0.2182559370994568,0.6630276441574097,0.14555732664872512,3.050569534301758,2.4455583095550537
aesfa,000000196442__Pop_Art__peter-max_composition-red-green-1979.png,000000196442__Pop_Art__peter-max_composition-red-green-1979,000000196442,Pop_Art__peter-max_composition-red-green-1979,0.6217468976974487,0.6579480767250061,0.60247397163984,2.957045078277588,1.991046667098999
aesfa,000000196442__Post_Impressionism__vincent-van-gogh_restaurant-de-la-sirene-at-asnieres-1887.png,000000196442__Post_Impressionism__vincent-van-gogh_restaurant-de-la-sirene-at-asnieres-1887,000000196442,Post_Impressionism__vincent-van-gogh_restaurant-de-la-sirene-at-asnieres-1887,0.26978424191474915,0.7464307546615601,0.10720429416263423,3.068559169769287,1.8275723457336426
aesfa,000000196442__Realism__vincent-van-gogh_cottage-with-peasant-coming-home-1885(1).png,000000196442__Realism__vincent-van-gogh_cottage-with-peasant-coming-home-1885(1),000000196442,Realism__vincent-van-gogh_cottage-with-peasant-coming-home-1885(1),0.4282355010509491,0.6154097318649292,0.2753419135282664,2.5513715744018555,0.42263877391815186
aesfa,000000196442__Rococo__dmitry-levitzky_portrait-of-baron-a-n-stroganoff.png,000000196442__Rococo__dmitry-levitzky_portrait-of-baron-a-n-stroganoff,000000196442,Rococo__dmitry-levitzky_portrait-of-baron-a-n-stroganoff,0.3376675844192505,0.7426636815071106,0.4196282606946981,2.6887145042419434,0.8477992415428162
aesfa,000000196442__Romanticism__gustave-dore_paradise-lost-4.png,000000196442__Romanticism__gustave-dore_paradise-lost-4,000000196442,Romanticism__gustave-dore_paradise-lost-4,0.19312381744384766,0.6874553561210632,0.15904441915532477,2.7223668098449707,1.3071362972259521
aesfa,000000196442__Symbolism__nicholas-roerich_language-of-forest-1922.png,000000196442__Symbolism__nicholas-roerich_language-of-forest-1922,000000196442,Symbolism__nicholas-roerich_language-of-forest-1922,0.3207525908946991,0.6991934776306152,0.1624433449129406,3.0225353240966797,1.3598182201385498
aesfa,000000196442__Ukiyo_e__kitagawa-utamaro_not_detected_233134.png,000000196442__Ukiyo_e__kitagawa-utamaro_not_detected_233134,000000196442,Ukiyo_e__kitagawa-utamaro_not_detected_233134,0.45283278822898865,0.7091068029403687,0.29226264675878516,2.878169059753418,2.2144153118133545
aesfa,000000210388__Abstract_Expressionism__paul-jenkins_not_detected_235703.png,000000210388__Abstract_Expressionism__paul-jenkins_not_detected_235703,000000210388,Abstract_Expressionism__paul-jenkins_not_detected_235703,0.46266961097717285,0.6175001859664917,0.4408635834587345,2.596153974533081,1.1685078144073486
aesfa,000000210388__Art_Nouveau_Modern__nicholas-roerich_oze-1914.png,000000210388__Art_Nouveau_Modern__nicholas-roerich_oze-1914,000000210388,Art_Nouveau_Modern__nicholas-roerich_oze-1914,0.4288065731525421,0.695878803730011,0.4281528880511825,2.7774059772491455,1.2321712970733643
aesfa,000000210388__Baroque__rembrandt_portrait-of-nicolas-van-bambeeck-1641.png,000000210388__Baroque__rembrandt_portrait-of-nicolas-van-bambeeck-1641,000000210388,Baroque__rembrandt_portrait-of-nicolas-van-bambeeck-1641,0.34481751918792725,0.7116938829421997,0.4888850541614482,2.44889760017395,0.6898313164710999
aesfa,000000210388__Color_Field_Painting__leon-berkowitz_dark-light-rose-gold-1978.png,000000210388__Color_Field_Painting__leon-berkowitz_dark-light-rose-gold-1978,000000210388,Color_Field_Painting__leon-berkowitz_dark-light-rose-gold-1978,0.39532363414764404,0.8713875412940979,0.2286213551066921,3.265317916870117,0.930708110332489
aesfa,000000210388__Cubism__salvador-dali_cubist-composition-portrait-of-a-seated-person-holding-a-letter.png,000000210388__Cubism__salvador-dali_cubist-composition-portrait-of-a-seated-person-holding-a-letter,000000210388,Cubism__salvador-dali_cubist-composition-portrait-of-a-seated-person-holding-a-letter,0.47640612721443176,0.8081345558166504,0.35111827934002765,2.683382272720337,0.8884910345077515
aesfa,000000210388__Early_Renaissance__pietro-perugino_st-jerome-who-attends-two-unfairly-hanged-1473.png,000000210388__Early_Renaissance__pietro-perugino_st-jerome-who-attends-two-unfairly-hanged-1473,000000210388,Early_Renaissance__pietro-perugino_st-jerome-who-attends-two-unfairly-hanged-1473,0.33418703079223633,0.703416109085083,0.24172156619097576,2.6344239711761475,1.5314347743988037
aesfa,000000210388__Expressionism__amedeo-modigliani_germaine-survage-with-earrings-1918.png,000000210388__Expressionism__amedeo-modigliani_germaine-survage-with-earrings-1918,000000210388,Expressionism__amedeo-modigliani_germaine-survage-with-earrings-1918,0.4458487033843994,0.8018546104431152,0.2906439850422623,2.4791758060455322,0.8292124271392822
aesfa,000000210388__High_Renaissance__raphael_madonna-and-child-enthroned-with-saints-1505.png,000000210388__High_Renaissance__raphael_madonna-and-child-enthroned-with-saints-1505,000000210388,High_Renaissance__raphael_madonna-and-child-enthroned-with-saints-1505,0.38016366958618164,0.6602984666824341,0.3283405141538382,2.8781344890594482,2.585075616836548
aesfa,000000210388__Impressionism__pierre-auguste-renoir_leaving-the-bath-1890.png,000000210388__Impressionism__pierre-auguste-renoir_leaving-the-bath-1890,000000210388,Impressionism__pierre-auguste-renoir_leaving-the-bath-1890,0.4410451352596283,0.7594633102416992,0.27014071611192864,2.814321994781494,0.5731176137924194
aesfa,000000210388__Mannerism_Late_Renaissance__tintoretto_st-mark-rescuing-a-saracen-from-shipwreck-1566.png,000000210388__Mannerism_Late_Renaissance__tintoretto_st-mark-rescuing-a-saracen-from-shipwreck-1566,000000210388,Mannerism_Late_Renaissance__tintoretto_st-mark-rescuing-a-saracen-from-shipwreck-1566,0.25400659441947937,0.6820142865180969,0.23744642886855302,2.727257251739502,1.3492209911346436
aesfa,000000210388__Minimalism__mario-schifano_untitled-1963.png,000000210388__Minimalism__mario-schifano_untitled-1963,000000210388,Minimalism__mario-schifano_untitled-1963,0.6060317158699036,0.9707496166229248,0.710474661659805,2.945011615753174,1.2034952640533447
aesfa,000000210388__Naive_Art_Primitivism__marc-chagall_the-young-samuel-the-priest-s-servant-heard-that-he-is-called-by-god-eli-and-he-were-sleeping.png,000000210388__Naive_Art_Primitivism__marc-chagall_the-young-samuel-the-priest-s-servant-heard-that-he-is-called-by-god-eli-and-he-were-sleeping,000000210388,Naive_Art_Primitivism__marc-chagall_the-young-samuel-the-priest-s-servant-heard-that-he-is-called-by-god-eli-and-he-were-sleeping,0.2750678062438965,0.6684327125549316,0.1493669445111307,2.5766537189483643,1.220365047454834
aesfa,000000210388__Northern_Renaissance__albrecht-durer_lamentation-over-christ-1507.png,000000210388__Northern_Renaissance__albrecht-durer_lamentation-over-christ-1507,000000210388,Northern_Renaissance__albrecht-durer_lamentation-over-christ-1507,0.24231649935245514,0.6586865782737732,0.18241156065143144,2.9722399711608887,2.4321112632751465
aesfa,000000210388__Pop_Art__peter-max_composition-red-green-1979.png,000000210388__Pop_Art__peter-max_composition-red-green-1979,000000210388,Pop_Art__peter-max_composition-red-green-1979,0.6420302987098694,0.6187864542007446,0.6239213844597448,2.634589195251465,1.9743402004241943
aesfa,000000210388__Post_Impressionism__vincent-van-gogh_restaurant-de-la-sirene-at-asnieres-1887.png,000000210388__Post_Impressionism__vincent-van-gogh_restaurant-de-la-sirene-at-asnieres-1887,000000210388,Post_Impressionism__vincent-van-gogh_restaurant-de-la-sirene-at-asnieres-1887,0.2834945321083069,0.7522530555725098,0.15431332445129173,2.9476890563964844,2.2273566722869873
aesfa,000000210388__Realism__vincent-van-gogh_cottage-with-peasant-coming-home-1885(1).png,000000210388__Realism__vincent-van-gogh_cottage-with-peasant-coming-home-1885(1),000000210388,Realism__vincent-van-gogh_cottage-with-peasant-coming-home-1885(1),0.46845749020576477,0.613527774810791,0.3049064802996138,2.433777332305908,0.5099421739578247
aesfa,000000210388__Rococo__dmitry-levitzky_portrait-of-baron-a-n-stroganoff.png,000000210388__Rococo__dmitry-levitzky_portrait-of-baron-a-n-stroganoff,000000210388,Rococo__dmitry-levitzky_portrait-of-baron-a-n-stroganoff,0.3647097647190094,0.7354103326797485,0.4884047391022285,2.5216920375823975,0.7194427251815796
aesfa,000000210388__Romanticism__gustave-dore_paradise-lost-4.png,000000210388__Romanticism__gustave-dore_paradise-lost-4,000000210388,Romanticism__gustave-dore_paradise-lost-4,0.23823630809783936,0.6851738095283508,0.18385391545737145,2.6013901233673096,1.2585697174072266
aesfa,000000210388__Symbolism__nicholas-roerich_language-of-forest-1922.png,000000210388__Symbolism__nicholas-roerich_language-of-forest-1922,000000210388,Symbolism__nicholas-roerich_language-of-forest-1922,0.334465354681015,0.7088196277618408,0.25206235655812714,2.811980724334717,1.3945412635803223
aesfa,000000210388__Ukiyo_e__kitagawa-utamaro_not_detected_233134.png,000000210388__Ukiyo_e__kitagawa-utamaro_not_detected_233134,000000210388,Ukiyo_e__kitagawa-utamaro_not_detected_233134,0.4595601558685303,0.7010669708251953,0.3065826664190732,2.584799289703369,2.2334985733032227
aesfa,000000226171__Abstract_Expressionism__paul-jenkins_not_detected_235703.png,000000226171__Abstract_Expressionism__paul-jenkins_not_detected_235703,000000226171,Abstract_Expressionism__paul-jenkins_not_detected_235703,0.48249801993370056,0.6776554584503174,0.5992660794512344,2.584982395172119,1.0212329626083374
aesfa,000000226171__Art_Nouveau_Modern__nicholas-roerich_oze-1914.png,000000226171__Art_Nouveau_Modern__nicholas-roerich_oze-1914,000000226171,Art_Nouveau_Modern__nicholas-roerich_oze-1914,0.49878349900245667,0.7068982124328613,0.5979832299174389,2.5771732330322266,1.169288158416748
aesfa,000000226171__Baroque__rembrandt_portrait-of-nicolas-van-bambeeck-1641.png,000000226171__Baroque__rembrandt_portrait-of-nicolas-van-bambeeck-1641,000000226171,Baroque__rembrandt_portrait-of-nicolas-van-bambeeck-1641,0.42129579186439514,0.5910410284996033,0.5958275777762122,2.5091335773468018,0.7048541307449341
aesfa,000000226171__Color_Field_Painting__leon-berkowitz_dark-light-rose-gold-1978.png,000000226171__Color_Field_Painting__leon-berkowitz_dark-light-rose-gold-1978,000000226171,Color_Field_Painting__leon-berkowitz_dark-light-rose-gold-1978,0.3552015721797943,0.8659515380859375,0.3503059374811786,3.366299629211426,1.0948413610458374
aesfa,000000226171__Cubism__salvador-dali_cubist-composition-portrait-of-a-seated-person-holding-a-letter.png,000000226171__Cubism__salvador-dali_cubist-composition-portrait-of-a-seated-person-holding-a-letter,000000226171,Cubism__salvador-dali_cubist-composition-portrait-of-a-seated-person-holding-a-letter,0.5032317042350769,0.6395114064216614,0.5372186194179526,2.5194194316864014,0.8194208145141602
aesfa,000000226171__Early_Renaissance__pietro-perugino_st-jerome-who-attends-two-unfairly-hanged-1473.png,000000226171__Early_Renaissance__pietro-perugino_st-jerome-who-attends-two-unfairly-hanged-1473,000000226171,Early_Renaissance__pietro-perugino_st-jerome-who-attends-two-unfairly-hanged-1473,0.4042419493198395,0.6544994711875916,0.34901031685495887,2.5889973640441895,1.3341764211654663
aesfa,000000226171__Expressionism__amedeo-modigliani_germaine-survage-with-earrings-1918.png,000000226171__Expressionism__amedeo-modigliani_germaine-survage-with-earrings-1918,000000226171,Expressionism__amedeo-modigliani_germaine-survage-with-earrings-1918,0.46892204880714417,0.6828205585479736,0.5051097828207917,2.579608678817749,0.7257121205329895
aesfa,000000226171__High_Renaissance__raphael_madonna-and-child-enthroned-with-saints-1505.png,000000226171__High_Renaissance__raphael_madonna-and-child-enthroned-with-saints-1505,000000226171,High_Renaissance__raphael_madonna-and-child-enthroned-with-saints-1505,0.47655490040779114,0.5841251611709595,0.49671045174365175,2.312260627746582,2.1187362670898438
aesfa,000000226171__Impressionism__pierre-auguste-renoir_leaving-the-bath-1890.png,000000226171__Impressionism__pierre-auguste-renoir_leaving-the-bath-1890,000000226171,Impressionism__pierre-auguste-renoir_leaving-the-bath-1890,0.43188461661338806,0.6730298399925232,0.4419150438111851,2.7243969440460205,0.5997577905654907
aesfa,000000226171__Mannerism_Late_Renaissance__tintoretto_st-mark-rescuing-a-saracen-from-shipwreck-1566.png,000000226171__Mannerism_Late_Renaissance__tintoretto_st-mark-rescuing-a-saracen-from-shipwreck-1566,000000226171,Mannerism_Late_Renaissance__tintoretto_st-mark-rescuing-a-saracen-from-shipwreck-1566,0.38813909888267517,0.6444270610809326,0.4010375224138357,2.647817611694336,1.2553391456604004
aesfa,000000226171__Minimalism__mario-schifano_untitled-1963.png,000000226171__Minimalism__mario-schifano_untitled-1963,000000226171,Minimalism__mario-schifano_untitled-1963,0.3876664638519287,0.8100042939186096,0.45331415679466625,2.985083818435669,1.2551854848861694
aesfa,000000226171__Naive_Art_Primitivism__marc-chagall_the-young-samuel-the-priest-s-servant-heard-that-he-is-called-by-god-eli-and-he-were-sleeping.png,000000226171__Naive_Art_Primitivism__marc-chagall_the-young-samuel-the-priest-s-servant-heard-that-he-is-called-by-god-eli-and-he-were-sleeping,000000226171,Naive_Art_Primitivism__marc-chagall_the-young-samuel-the-priest-s-servant-heard-that-he-is-called-by-god-eli-and-he-were-sleeping,0.27466559410095215,0.6952947974205017,0.19821528871355115,2.625988483428955,1.2441960573196411
aesfa,000000226171__Northern_Renaissance__albrecht-durer_lamentation-over-christ-1507.png,000000226171__Northern_Renaissance__albrecht-durer_lamentation-over-christ-1507,000000226171,Northern_Renaissance__albrecht-durer_lamentation-over-christ-1507,0.24600110948085785,0.6695345640182495,0.20718190664067596,2.7065513134002686,2.455746650695801
aesfa,000000226171__Pop_Art__peter-max_composition-red-green-1979.png,000000226171__Pop_Art__peter-max_composition-red-green-1979,000000226171,Pop_Art__peter-max_composition-red-green-1979,0.3818773925304413,0.6106987595558167,0.5736027374718209,2.6465249061584473,2.0389187335968018
aesfa,000000226171__Post_Impressionism__vincent-van-gogh_restaurant-de-la-sirene-at-asnieres-1887.png,000000226171__Post_Impressionism__vincent-van-gogh_restaurant-de-la-sirene-at-asnieres-1887,000000226171,Post_Impressionism__vincent-van-gogh_restaurant-de-la-sirene-at-asnieres-1887,0.2914504110813141,0.6783156991004944,0.20910677878831285,2.595095634460449,1.917429804801941
aesfa,000000226171__Realism__vincent-van-gogh_cottage-with-peasant-coming-home-1885(1).png,000000226171__Realism__vincent-van-gogh_cottage-with-peasant-coming-home-1885(1),000000226171,Realism__vincent-van-gogh_cottage-with-peasant-coming-home-1885(1),0.4769934117794037,0.5606499910354614,0.499173100856699,2.303159236907959,0.49632376432418823
aesfa,000000226171__Rococo__dmitry-levitzky_portrait-of-baron-a-n-stroganoff.png,000000226171__Rococo__dmitry-levitzky_portrait-of-baron-a-n-stroganoff,000000226171,Rococo__dmitry-levitzky_portrait-of-baron-a-n-stroganoff,0.44008052349090576,0.612114667892456,0.624739414008599,2.6129531860351562,0.8152831792831421
aesfa,000000226171__Romanticism__gustave-dore_paradise-lost-4.png,000000226171__Romanticism__gustave-dore_paradise-lost-4,000000226171,Romanticism__gustave-dore_paradise-lost-4,0.36248135566711426,0.6353751420974731,0.308878694137172,2.402920961380005,1.1712117195129395
aesfa,000000226171__Symbolism__nicholas-roerich_language-of-forest-1922.png,000000226171__Symbolism__nicholas-roerich_language-of-forest-1922,000000226171,Symbolism__nicholas-roerich_language-of-forest-1922,0.38964569568634033,0.7023599743843079,0.36956905054910805,2.5696654319763184,1.3847194910049438
aesfa,000000226171__Ukiyo_e__kitagawa-utamaro_not_detected_233134.png,000000226171__Ukiyo_e__kitagawa-utamaro_not_detected_233134,000000226171,Ukiyo_e__kitagawa-utamaro_not_detected_233134,0.38309016823768616,0.6459875106811523,0.44359353845640065,2.502126455307007,2.0989747047424316
aesfa,000000235857__Abstract_Expressionism__paul-jenkins_not_detected_235703.png,000000235857__Abstract_Expressionism__paul-jenkins_not_detected_235703,000000235857,Abstract_Expressionism__paul-jenkins_not_detected_235703,0.31583091616630554,0.6951103806495667,0.2953263119244523,2.798208475112915,1.1331689357757568
aesfa,000000235857__Art_Nouveau_Modern__nicholas-roerich_oze-1914.png,000000235857__Art_Nouveau_Modern__nicholas-roerich_oze-1914,000000235857,Art_Nouveau_Modern__nicholas-roerich_oze-1914,0.38911113142967224,0.7346552014350891,0.4080749479270089,2.710923671722412,1.1868798732757568
aesfa,000000235857__Baroque__rembrandt_portrait-of-nicolas-van-bambeeck-1641.png,000000235857__Baroque__rembrandt_portrait-of-nicolas-van-bambeeck-1641,000000235857,Baroque__rembrandt_portrait-of-nicolas-van-bambeeck-1641,0.253892719745636,0.6212261319160461,0.29805629140411144,2.7047600746154785,0.8083679676055908
aesfa,000000235857__Color_Field_Painting__leon-berkowitz_dark-light-rose-gold-1978.png,000000235857__Color_Field_Painting__leon-berkowitz_dark-light-rose-gold-1978,000000235857,Color_Field_Painting__leon-berkowitz_dark-light-rose-gold-1978,0.23433125019073486,0.8818384408950806,0.30007125769435017,3.3044166564941406,1.112011194229126
aesfa,000000235857__Cubism__salvador-dali_cubist-composition-portrait-of-a-seated-person-holding-a-letter.png,000000235857__Cubism__salvador-dali_cubist-composition-portrait-of-a-seated-person-holding-a-letter,000000235857,Cubism__salvador-dali_cubist-composition-portrait-of-a-seated-person-holding-a-letter,0.4069352149963379,0.6390078067779541,0.38862408756554195,2.5373594760894775,1.1292036771774292
aesfa,000000235857__Early_Renaissance__pietro-perugino_st-jerome-who-attends-two-unfairly-hanged-1473.png,000000235857__Early_Renaissance__pietro-perugino_st-jerome-who-attends-two-unfairly-hanged-1473,000000235857,Early_Renaissance__pietro-perugino_st-jerome-who-attends-two-unfairly-hanged-1473,0.4398895800113678,0.6467142105102539,0.41715988989675806,2.594958782196045,1.615486979484558
aesfa,000000235857__Expressionism__amedeo-modigliani_germaine-survage-with-earrings-1918.png,000000235857__Expressionism__amedeo-modigliani_germaine-survage-with-earrings-1918,000000235857,Expressionism__amedeo-modigliani_germaine-survage-with-earrings-1918,0.4351738393306732,0.6508690118789673,0.4467110841821549,2.4495701789855957,1.0261391401290894
aesfa,000000235857__High_Renaissance__raphael_madonna-and-child-enthroned-with-saints-1505.png,000000235857__High_Renaissance__raphael_madonna-and-child-enthroned-with-saints-1505,000000235857,High_Renaissance__raphael_madonna-and-child-enthroned-with-saints-1505,0.41470977663993835,0.6735252141952515,0.38255425738695525,2.838127374649048,2.388849973678589
aesfa,000000235857__Impressionism__pierre-auguste-renoir_leaving-the-bath-1890.png,000000235857__Impressionism__pierre-auguste-renoir_leaving-the-bath-1890,000000235857,Impressionism__pierre-auguste-renoir_leaving-the-bath-1890,0.39493170380592346,0.6554267406463623,0.39414354659101636,2.690905809402466,0.7734148502349854
aesfa,000000235857__Mannerism_Late_Renaissance__tintoretto_st-mark-rescuing-a-saracen-from-shipwreck-1566.png,000000235857__Mannerism_Late_Renaissance__tintoretto_st-mark-rescuing-a-saracen-from-shipwreck-1566,000000235857,Mannerism_Late_Renaissance__tintoretto_st-mark-rescuing-a-saracen-from-shipwreck-1566,0.3896885812282562,0.6167490482330322,0.408260991177399,2.525066375732422,1.1084967851638794
aesfa,000000235857__Minimalism__mario-schifano_untitled-1963.png,000000235857__Minimalism__mario-schifano_untitled-1963,000000235857,Minimalism__mario-schifano_untitled-1963,0.2124543935060501,0.882386326789856,0.13093590832644503,3.2780988216400146,1.3925708532333374
aesfa,000000235857__Naive_Art_Primitivism__marc-chagall_the-young-samuel-the-priest-s-servant-heard-that-he-is-called-by-god-eli-and-he-were-sleeping.png,000000235857__Naive_Art_Primitivism__marc-chagall_the-young-samuel-the-priest-s-servant-heard-that-he-is-called-by-god-eli-and-he-were-sleeping,000000235857,Naive_Art_Primitivism__marc-chagall_the-young-samuel-the-priest-s-servant-heard-that-he-is-called-by-god-eli-and-he-were-sleeping,0.38811442255973816,0.5959204435348511,0.342427580384709,2.276461362838745,1.0809695720672607
aesfa,000000235857__Northern_Renaissance__albrecht-durer_lamentation-over-christ-1507.png,000000235857__Northern_Renaissance__albrecht-durer_lamentation-over-christ-1507,000000235857,Northern_Renaissance__albrecht-durer_lamentation-over-christ-1507,0.2980607748031616,0.6575572490692139,0.2565950321161714,2.7429192066192627,2.504667282104492
aesfa,000000235857__Pop_Art__peter-max_composition-red-green-1979.png,000000235857__Pop_Art__peter-max_composition-red-green-1979,000000235857,Pop_Art__peter-max_composition-red-green-1979,0.27088654041290283,0.6687129139900208,0.24808780003385458,2.987701892852783,2.2602438926696777
aesfa,000000235857__Post_Impressionism__vincent-van-gogh_restaurant-de-la-sirene-at-asnieres-1887.png,000000235857__Post_Impressionism__vincent-van-gogh_restaurant-de-la-sirene-at-asnieres-1887,000000235857,Post_Impressionism__vincent-van-gogh_restaurant-de-la-sirene-at-asnieres-1887,0.3947765827178955,0.6360828876495361,0.30992268188674393,2.6785740852355957,1.8568979501724243
aesfa,000000235857__Realism__vincent-van-gogh_cottage-with-peasant-coming-home-1885(1).png,000000235857__Realism__vincent-van-gogh_cottage-with-peasant-coming-home-1885(1),000000235857,Realism__vincent-van-gogh_cottage-with-peasant-coming-home-1885(1),0.46979156136512756,0.5388938188552856,0.4646782488702389,2.323336124420166,0.48681044578552246
aesfa,000000235857__Rococo__dmitry-levitzky_portrait-of-baron-a-n-stroganoff.png,000000235857__Rococo__dmitry-levitzky_portrait-of-baron-a-n-stroganoff,000000235857,Rococo__dmitry-levitzky_portrait-of-baron-a-n-stroganoff,0.28421759605407715,0.6231490969657898,0.36552687002145556,2.587583541870117,0.9349379539489746
aesfa,000000235857__Romanticism__gustave-dore_paradise-lost-4.png,000000235857__Romanticism__gustave-dore_paradise-lost-4,000000235857,Romanticism__gustave-dore_paradise-lost-4,0.3380018174648285,0.6346865892410278,0.36322952604686587,2.530914783477783,1.3887518644332886
aesfa,000000235857__Symbolism__nicholas-roerich_language-of-forest-1922.png,000000235857__Symbolism__nicholas-roerich_language-of-forest-1922,000000235857,Symbolism__nicholas-roerich_language-of-forest-1922,0.4198879301548004,0.6992009282112122,0.41378188543332545,2.698915481567383,1.6304059028625488
aesfa,000000235857__Ukiyo_e__kitagawa-utamaro_not_detected_233134.png,000000235857__Ukiyo_e__kitagawa-utamaro_not_detected_233134,000000235857,Ukiyo_e__kitagawa-utamaro_not_detected_233134,0.36444807052612305,0.6520398855209351,0.39074816713470945,2.610867738723755,2.2694711685180664
aesfa,000000272364__Abstract_Expressionism__paul-jenkins_not_detected_235703.png,000000272364__Abstract_Expressionism__paul-jenkins_not_detected_235703,000000272364,Abstract_Expressionism__paul-jenkins_not_detected_235703,0.34414923191070557,0.6128044128417969,0.3039922119193595,2.8793082237243652,0.9245163202285767
aesfa,000000272364__Art_Nouveau_Modern__nicholas-roerich_oze-1914.png,000000272364__Art_Nouveau_Modern__nicholas-roerich_oze-1914,000000272364,Art_Nouveau_Modern__nicholas-roerich_oze-1914,0.41986918449401855,0.5349808931350708,0.45498479112483076,2.5100436210632324,1.231806755065918
aesfa,000000272364__Baroque__rembrandt_portrait-of-nicolas-van-bambeeck-1641.png,000000272364__Baroque__rembrandt_portrait-of-nicolas-van-bambeeck-1641,000000272364,Baroque__rembrandt_portrait-of-nicolas-van-bambeeck-1641,0.22845546901226044,0.6657533645629883,0.2878365873283966,2.907557487487793,0.8605431318283081
aesfa,000000272364__Color_Field_Painting__leon-berkowitz_dark-light-rose-gold-1978.png,000000272364__Color_Field_Painting__leon-berkowitz_dark-light-rose-gold-1978,000000272364,Color_Field_Painting__leon-berkowitz_dark-light-rose-gold-1978,0.2079901248216629,0.8193735480308533,0.215057622098013,3.5472657680511475,1.254266619682312
aesfa,000000272364__Cubism__salvador-dali_cubist-composition-portrait-of-a-seated-person-holding-a-letter.png,000000272364__Cubism__salvador-dali_cubist-composition-portrait-of-a-seated-person-holding-a-letter,000000272364,Cubism__salvador-dali_cubist-composition-portrait-of-a-seated-person-holding-a-letter,0.4432321786880493,0.7171518802642822,0.38948631553389035,2.5369913578033447,0.8694228529930115
aesfa,000000272364__Early_Renaissance__pietro-perugino_st-jerome-who-attends-two-unfairly-hanged-1473.png,000000272364__Early_Renaissance__pietro-perugino_st-jerome-who-attends-two-unfairly-hanged-1473,000000272364,Early_Renaissance__pietro-perugino_st-jerome-who-attends-two-unfairly-hanged-1473,0.5201753377914429,0.5434246063232422,0.5052615347825394,2.5391135215759277,1.397885799407959
aesfa,000000272364__Expressionism__amedeo-modigliani_germaine-survage-with-earrings-1918.png,000000272364__Expressionism__amedeo-modigliani_germaine-survage-with-earrings-1918,000000272364,Expressionism__amedeo-modigliani_germaine-survage-with-earrings-1918,0.43050655722618103,0.6504685878753662,0.4488197134468034,2.4661941528320312,0.9358806014060974
aesfa,000000272364__High_Renaissance__raphael_madonna-and-child-enthroned-with-saints-1505.png,000000272364__High_Renaissance__raphael_madonna-and-child-enthroned-with-saints-1505,000000272364,High_Renaissance__raphael_madonna-and-child-enthroned-with-saints-1505,0.5434802174568176,0.5073315501213074,0.5233070711471147,2.495307207107544,2.5948104858398438
aesfa,000000272364__Impressionism__pierre-auguste-renoir_leaving-the-bath-1890.png,000000272364__Impressionism__pierre-auguste-renoir_leaving-the-bath-1890,000000272364,Impressionism__pierre-auguste-renoir_leaving-the-bath-1890,0.4207797944545746,0.6168909072875977,0.3780267652390772,2.6774864196777344,0.760983943939209
aesfa,000000272364__Mannerism_Late_Renaissance__tintoretto_st-mark-rescuing-a-saracen-from-shipwreck-1566.png,000000272364__Mannerism_Late_Renaissance__tintoretto_st-mark-rescuing-a-saracen-from-shipwreck-1566,000000272364,Mannerism_Late_Renaissance__tintoretto_st-mark-rescuing-a-saracen-from-shipwreck-1566,0.43016377091407776,0.5029943585395813,0.4758860010292394,2.4338088035583496,1.2456824779510498
aesfa,000000272364__Minimalism__mario-schifano_untitled-1963.png,000000272364__Minimalism__mario-schifano_untitled-1963,000000272364,Minimalism__mario-schifano_untitled-1963,0.20785892009735107,1.060612440109253,0.14194864051547273,3.4685730934143066,1.4016445875167847
aesfa,000000272364__Naive_Art_Primitivism__marc-chagall_the-young-samuel-the-priest-s-servant-heard-that-he-is-called-by-god-eli-and-he-were-sleeping.png,000000272364__Naive_Art_Primitivism__marc-chagall_the-young-samuel-the-priest-s-servant-heard-that-he-is-called-by-god-eli-and-he-were-sleeping,000000272364,Naive_Art_Primitivism__marc-chagall_the-young-samuel-the-priest-s-servant-heard-that-he-is-called-by-god-eli-and-he-were-sleeping,0.47198811173439026,0.5349436402320862,0.37912748113839856,2.5689659118652344,1.2620526552200317
aesfa,000000272364__Northern_Renaissance__albrecht-durer_lamentation-over-christ-1507.png,000000272364__Northern_Renaissance__albrecht-durer_lamentation-over-christ-1507,000000272364,Northern_Renaissance__albrecht-durer_lamentation-over-christ-1507,0.5008458495140076,0.5005264282226562,0.40751794388227686,2.491469383239746,2.461885929107666
aesfa,000000272364__Pop_Art__peter-max_composition-red-green-1979.png,000000272364__Pop_Art__peter-max_composition-red-green-1979,000000272364,Pop_Art__peter-max_composition-red-green-1979,0.3361887037754059,0.6039844751358032,0.29279305857938775,2.950786590576172,1.854099988937378
aesfa,000000272364__Post_Impressionism__vincent-van-gogh_restaurant-de-la-sirene-at-asnieres-1887.png,000000272364__Post_Impressionism__vincent-van-gogh_restaurant-de-la-sirene-at-asnieres-1887,000000272364,Post_Impressionism__vincent-van-gogh_restaurant-de-la-sirene-at-asnieres-1887,0.5052945613861084,0.5860653519630432,0.4181207985404563,2.5940792560577393,2.0392632484436035
aesfa,000000272364__Realism__vincent-van-gogh_cottage-with-peasant-coming-home-1885(1).png,000000272364__Realism__vincent-van-gogh_cottage-with-peasant-coming-home-1885(1),000000272364,Realism__vincent-van-gogh_cottage-with-peasant-coming-home-1885(1),0.5394110679626465,0.48181796073913574,0.48476464674694886,2.2536096572875977,0.6662895679473877
aesfa,000000272364__Rococo__dmitry-levitzky_portrait-of-baron-a-n-stroganoff.png,000000272364__Rococo__dmitry-levitzky_portrait-of-baron-a-n-stroganoff,000000272364,Rococo__dmitry-levitzky_portrait-of-baron-a-n-stroganoff,0.2546692192554474,0.6363863348960876,0.37238360437652246,2.6941637992858887,0.9058734178543091
aesfa,000000272364__Romanticism__gustave-dore_paradise-lost-4.png,000000272364__Romanticism__gustave-dore_paradise-lost-4,000000272364,Romanticism__gustave-dore_paradise-lost-4,0.34602293372154236,0.5600998401641846,0.3867298380321038,2.615449905395508,1.5990657806396484
aesfa,000000272364__Symbolism__nicholas-roerich_language-of-forest-1922.png,000000272364__Symbolism__nicholas-roerich_language-of-forest-1922,000000272364,Symbolism__nicholas-roerich_language-of-forest-1922,0.49943819642066956,0.5367943644523621,0.5288466179383935,2.501380205154419,1.5562586784362793
aesfa,000000272364__Ukiyo_e__kitagawa-utamaro_not_detected_233134.png,000000272364__Ukiyo_e__kitagawa-utamaro_not_detected_233134,000000272364,Ukiyo_e__kitagawa-utamaro_not_detected_233134,0.49001288414001465,0.5432249307632446,0.4995600437947193,2.4389543533325195,1.9329140186309814
aesfa,000000273132__Abstract_Expressionism__paul-jenkins_not_detected_235703.png,000000273132__Abstract_Expressionism__paul-jenkins_not_detected_235703,000000273132,Abstract_Expressionism__paul-jenkins_not_detected_235703,0.5255613327026367,0.5402433276176453,0.5895055044681995,2.584967613220215,0.8488532304763794
aesfa,000000273132__Art_Nouveau_Modern__nicholas-roerich_oze-1914.png,000000273132__Art_Nouveau_Modern__nicholas-roerich_oze-1914,000000273132,Art_Nouveau_Modern__nicholas-roerich_oze-1914,0.5864022374153137,0.5476706027984619,0.5530481021170893,2.511392116546631,1.047120213508606
aesfa,000000273132__Baroque__rembrandt_portrait-of-nicolas-van-bambeeck-1641.png,000000273132__Baroque__rembrandt_portrait-of-nicolas-van-bambeeck-1641,000000273132,Baroque__rembrandt_portrait-of-nicolas-van-bambeeck-1641,0.40866923332214355,0.630402684211731,0.5806573511809731,2.6252496242523193,0.7242448329925537
aesfa,000000273132__Color_Field_Painting__leon-berkowitz_dark-light-rose-gold-1978.png,000000273132__Color_Field_Painting__leon-berkowitz_dark-light-rose-gold-1978,000000273132,Color_Field_Painting__leon-berkowitz_dark-light-rose-gold-1978,0.38106846809387207,0.8823655843734741,0.42910154984552634,3.29852032661438,1.0402907133102417
aesfa,000000273132__Cubism__salvador-dali_cubist-composition-portrait-of-a-seated-person-holding-a-letter.png,000000273132__Cubism__salvador-dali_cubist-composition-portrait-of-a-seated-person-holding-a-letter,000000273132,Cubism__salvador-dali_cubist-composition-portrait-of-a-seated-person-holding-a-letter,0.6727257370948792,0.6263983249664307,0.6739291128497008,2.2330164909362793,0.7971165180206299
aesfa,000000273132__Early_Renaissance__pietro-perugino_st-jerome-who-attends-two-unfairly-hanged-1473.png,000000273132__Early_Renaissance__pietro-perugino_st-jerome-who-attends-two-unfairly-hanged-1473,000000273132,Early_Renaissance__pietro-perugino_st-jerome-who-attends-two-unfairly-hanged-1473,0.48884400725364685,0.618072509765625,0.4035795216074266,2.616898775100708,1.5993585586547852
aesfa,000000273132__Expressionism__amedeo-modigliani_germaine-survage-with-earrings-1918.png,000000273132__Expressionism__amedeo-modigliani_germaine-survage-with-earrings-1918,000000273132,Expressionism__amedeo-modigliani_germaine-survage-with-earrings-1918,0.5575348734855652,0.7065459489822388,0.5623822368078533,2.341679096221924,0.8270946145057678
aesfa,000000273132__High_Renaissance__raphael_madonna-and-child-enthroned-with-saints-1505.png,000000273132__High_Renaissance__raphael_madonna-and-child-enthroned-with-saints-1505,000000273132,High_Renaissance__raphael_madonna-and-child-enthroned-with-saints-1505,0.5202465057373047,0.5417417287826538,0.4197711518371308,2.568244218826294,2.172560691833496
aesfa,000000273132__Impressionism__pierre-auguste-renoir_leaving-the-bath-1890.png,000000273132__Impressionism__pierre-auguste-renoir_leaving-the-bath-1890,000000273132,Impressionism__pierre-auguste-renoir_leaving-the-bath-1890,0.587762176990509,0.6729962825775146,0.5547233407883141,2.5825600624084473,0.71841961145401
aesfa,000000273132__Mannerism_Late_Renaissance__tintoretto_st-mark-rescuing-a-saracen-from-shipwreck-1566.png,000000273132__Mannerism_Late_Renaissance__tintoretto_st-mark-rescuing-a-saracen-from-shipwreck-1566,000000273132,Mannerism_Late_Renaissance__tintoretto_st-mark-rescuing-a-saracen-from-shipwreck-1566,0.4145967960357666,0.566458523273468,0.38301973177483956,2.4790239334106445,1.4414074420928955
aesfa,000000273132__Minimalism__mario-schifano_untitled-1963.png,000000273132__Minimalism__mario-schifano_untitled-1963,000000273132,Minimalism__mario-schifano_untitled-1963,0.44529494643211365,0.9941397309303284,0.40494959815987247,3.172795534133911,1.1265246868133545
aesfa,000000273132__Naive_Art_Primitivism__marc-chagall_the-young-samuel-the-priest-s-servant-heard-that-he-is-called-by-god-eli-and-he-were-sleeping.png,000000273132__Naive_Art_Primitivism__marc-chagall_the-young-samuel-the-priest-s-servant-heard-that-he-is-called-by-god-eli-and-he-were-sleeping,000000273132,Naive_Art_Primitivism__marc-chagall_the-young-samuel-the-priest-s-servant-heard-that-he-is-called-by-god-eli-and-he-were-sleeping,0.3932928740978241,0.5601320266723633,0.22968801519514764,2.39201021194458,1.2524702548980713
aesfa,000000273132__Northern_Renaissance__albrecht-durer_lamentation-over-christ-1507.png,000000273132__Northern_Renaissance__albrecht-durer_lamentation-over-christ-1507,000000273132,Northern_Renaissance__albrecht-durer_lamentation-over-christ-1507,0.3106183111667633,0.5275651216506958,0.20124637249853666,2.3970847129821777,2.264096975326538
aesfa,000000273132__Pop_Art__peter-max_composition-red-green-1979.png,000000273132__Pop_Art__peter-max_composition-red-green-1979,000000273132,Pop_Art__peter-max_composition-red-green-1979,0.4597585201263428,0.6052293181419373,0.49681816556299113,2.7907986640930176,2.2034249305725098
aesfa,000000273132__Post_Impressionism__vincent-van-gogh_restaurant-de-la-sirene-at-asnieres-1887.png,000000273132__Post_Impressionism__vincent-van-gogh_restaurant-de-la-sirene-at-asnieres-1887,000000273132,Post_Impressionism__vincent-van-gogh_restaurant-de-la-sirene-at-asnieres-1887,0.38797274231910706,0.6402711272239685,0.2319233064661226,2.441248893737793,2.062420606613159
aesfa,000000273132__Realism__vincent-van-gogh_cottage-with-peasant-coming-home-1885(1).png,000000273132__Realism__vincent-van-gogh_cottage-with-peasant-coming-home-1885(1),000000273132,Realism__vincent-van-gogh_cottage-with-peasant-coming-home-1885(1),0.5935911536216736,0.488036572933197,0.541801815639293,2.1854491233825684,0.5929312109947205
aesfa,000000273132__Rococo__dmitry-levitzky_portrait-of-baron-a-n-stroganoff.png,000000273132__Rococo__dmitry-levitzky_portrait-of-baron-a-n-stroganoff,000000273132,Rococo__dmitry-levitzky_portrait-of-baron-a-n-stroganoff,0.4498063325881958,0.6225438714027405,0.6322616651969425,2.484532594680786,0.7706498503684998
aesfa,000000273132__Romanticism__gustave-dore_paradise-lost-4.png,000000273132__Romanticism__gustave-dore_paradise-lost-4,000000273132,Romanticism__gustave-dore_paradise-lost-4,0.36626771092414856,0.5448272228240967,0.31632412800965004,2.319915771484375,1.28583824634552
aesfa,000000273132__Symbolism__nicholas-roerich_language-of-forest-1922.png,000000273132__Symbolism__nicholas-roerich_language-of-forest-1922,000000273132,Symbolism__nicholas-roerich_language-of-forest-1922,0.5070372819900513,0.5942630767822266,0.37336200702380445,2.483701705932617,1.4802117347717285
aesfa,000000273132__Ukiyo_e__kitagawa-utamaro_not_detected_233134.png,000000273132__Ukiyo_e__kitagawa-utamaro_not_detected_233134,000000273132,Ukiyo_e__kitagawa-utamaro_not_detected_233134,0.488077312707901,0.6130799055099487,0.4770361170527324,2.367633819580078,1.9397506713867188
aesfa,000000277051__Abstract_Expressionism__paul-jenkins_not_detected_235703.png,000000277051__Abstract_Expressionism__paul-jenkins_not_detected_235703,000000277051,Abstract_Expressionism__paul-jenkins_not_detected_235703,0.5336750149726868,0.6727379560470581,0.617732369187513,2.5259413719177246,0.8510783910751343
aesfa,000000277051__Art_Nouveau_Modern__nicholas-roerich_oze-1914.png,000000277051__Art_Nouveau_Modern__nicholas-roerich_oze-1914,000000277051,Art_Nouveau_Modern__nicholas-roerich_oze-1914,0.5754995942115784,0.6242209076881409,0.5142817505056064,2.4727988243103027,1.0087909698486328
aesfa,000000277051__Baroque__rembrandt_portrait-of-nicolas-van-bambeeck-1641.png,000000277051__Baroque__rembrandt_portrait-of-nicolas-van-bambeeck-1641,000000277051,Baroque__rembrandt_portrait-of-nicolas-van-bambeeck-1641,0.4605671167373657,0.7197139263153076,0.6359090604810111,2.466144561767578,0.6384647488594055
aesfa,000000277051__Color_Field_Painting__leon-berkowitz_dark-light-rose-gold-1978.png,000000277051__Color_Field_Painting__leon-berkowitz_dark-light-rose-gold-1978,000000277051,Color_Field_Painting__leon-berkowitz_dark-light-rose-gold-1978,0.443657249212265,0.7908843755722046,0.37989112500020733,3.316281318664551,0.950618326663971
aesfa,000000277051__Cubism__salvador-dali_cubist-composition-portrait-of-a-seated-person-holding-a-letter.png,000000277051__Cubism__salvador-dali_cubist-composition-portrait-of-a-seated-person-holding-a-letter,000000277051,Cubism__salvador-dali_cubist-composition-portrait-of-a-seated-person-holding-a-letter,0.6353031396865845,0.8462843894958496,0.539920225694389,2.3015575408935547,0.7107751965522766
aesfa,000000277051__Early_Renaissance__pietro-perugino_st-jerome-who-attends-two-unfairly-hanged-1473.png,000000277051__Early_Renaissance__pietro-perugino_st-jerome-who-attends-two-unfairly-hanged-1473,000000277051,Early_Renaissance__pietro-perugino_st-jerome-who-attends-two-unfairly-hanged-1473,0.46004557609558105,0.6376475095748901,0.28489705714089403,2.443938732147217,1.28226900100708
aesfa,000000277051__Expressionism__amedeo-modigliani_germaine-survage-with-earrings-1918.png,000000277051__Expressionism__amedeo-modigliani_germaine-survage-with-earrings-1918,000000277051,Expressionism__amedeo-modigliani_germaine-survage-with-earrings-1918,0.5838496088981628,0.7287611365318298,0.4895695547651312,2.255845546722412,0.7056427001953125
aesfa,000000277051__High_Renaissance__raphael_madonna-and-child-enthroned-with-saints-1505.png,000000277051__High_Renaissance__raphael_madonna-and-child-enthroned-with-saints-1505,000000277051,High_Renaissance__raphael_madonna-and-child-enthroned-with-saints-1505,0.5237728953361511,0.6095671057701111,0.4031052883934264,2.600917339324951,2.3498082160949707
aesfa,000000277051__Impressionism__pierre-auguste-renoir_leaving-the-bath-1890.png,000000277051__Impressionism__pierre-auguste-renoir_leaving-the-bath-1890,000000277051,Impressionism__pierre-auguste-renoir_leaving-the-bath-1890,0.5777243971824646,0.6917489171028137,0.44257466561446485,2.411237955093384,0.5611425638198853
aesfa,000000277051__Mannerism_Late_Renaissance__tintoretto_st-mark-rescuing-a-saracen-from-shipwreck-1566.png,000000277051__Mannerism_Late_Renaissance__tintoretto_st-mark-rescuing-a-saracen-from-shipwreck-1566,000000277051,Mannerism_Late_Renaissance__tintoretto_st-mark-rescuing-a-saracen-from-shipwreck-1566,0.3814300000667572,0.63504958152771,0.3075458774377975,2.4848995208740234,1.2177902460098267
aesfa,000000277051__Minimalism__mario-schifano_untitled-1963.png,000000277051__Minimalism__mario-schifano_untitled-1963,000000277051,Minimalism__mario-schifano_untitled-1963,0.5117936730384827,1.05208158493042,0.5516156828155071,3.0510661602020264,1.1931833028793335
aesfa,000000277051__Naive_Art_Primitivism__marc-chagall_the-young-samuel-the-priest-s-servant-heard-that-he-is-called-by-god-eli-and-he-were-sleeping.png,000000277051__Naive_Art_Primitivism__marc-chagall_the-young-samuel-the-priest-s-servant-heard-that-he-is-called-by-god-eli-and-he-were-sleeping,000000277051,Naive_Art_Primitivism__marc-chagall_the-young-samuel-the-priest-s-servant-heard-that-he-is-called-by-god-eli-and-he-were-sleeping,0.3072013556957245,0.6943365335464478,0.16785880340976056,2.569024085998535,1.187999963760376
aesfa,000000277051__Northern_Renaissance__albrecht-durer_lamentation-over-christ-1507.png,000000277051__Northern_Renaissance__albrecht-durer_lamentation-over-christ-1507,000000277051,Northern_Renaissance__albrecht-durer_lamentation-over-christ-1507,0.2535068392753601,0.7189024686813354,0.17051518758721523,2.822777271270752,2.354095935821533
aesfa,000000277051__Pop_Art__peter-max_composition-red-green-1979.png,000000277051__Pop_Art__peter-max_composition-red-green-1979,000000277051,Pop_Art__peter-max_composition-red-green-1979,0.48302721977233887,0.7051477432250977,0.5869628447980488,2.6821885108947754,2.0774283409118652
aesfa,000000277051__Post_Impressionism__vincent-van-gogh_restaurant-de-la-sirene-at-asnieres-1887.png,000000277051__Post_Impressionism__vincent-van-gogh_restaurant-de-la-sirene-at-asnieres-1887,000000277051,Post_Impressionism__vincent-van-gogh_restaurant-de-la-sirene-at-asnieres-1887,0.33197683095932007,0.7217320799827576,0.17081686628193904,2.8280553817749023,1.9593091011047363
aesfa,000000277051__Realism__vincent-van-gogh_cottage-with-peasant-coming-home-1885(1).png,000000277051__Realism__vincent-van-gogh_cottage-with-peasant-coming-home-1885(1),000000277051,Realism__vincent-van-gogh_cottage-with-peasant-coming-home-1885(1),0.5267571806907654,0.6398425102233887,0.41117440255109927,2.17663311958313,0.5495202541351318
aesfa,000000277051__Rococo__dmitry-levitzky_portrait-of-baron-a-n-stroganoff.png,000000277051__Rococo__dmitry-levitzky_portrait-of-baron-a-n-stroganoff,000000277051,Rococo__dmitry-levitzky_portrait-of-baron-a-n-stroganoff,0.5067577958106995,0.6791920065879822,0.6481695027493233,2.3419647216796875,0.6904149055480957
aesfa,000000277051__Romanticism__gustave-dore_paradise-lost-4.png,000000277051__Romanticism__gustave-dore_paradise-lost-4,000000277051,Romanticism__gustave-dore_paradise-lost-4,0.34616518020629883,0.7023044228553772,0.2781739935303761,2.4686548709869385,1.2102344036102295
aesfa,000000277051__Symbolism__nicholas-roerich_language-of-forest-1922.png,000000277051__Symbolism__nicholas-roerich_language-of-forest-1922,000000277051,Symbolism__nicholas-roerich_language-of-forest-1922,0.46375370025634766,0.6442121267318726,0.28177584215237256,2.530696392059326,1.3403609991073608
aesfa,000000277051__Ukiyo_e__kitagawa-utamaro_not_detected_233134.png,000000277051__Ukiyo_e__kitagawa-utamaro_not_detected_233134,000000277051,Ukiyo_e__kitagawa-utamaro_not_detected_233134,0.4556589126586914,0.6685961484909058,0.397309356998368,2.385864019393921,1.9682612419128418
aesfa,000000296969__Abstract_Expressionism__paul-jenkins_not_detected_235703.png,000000296969__Abstract_Expressionism__paul-jenkins_not_detected_235703,000000296969,Abstract_Expressionism__paul-jenkins_not_detected_235703,0.2695823907852173,0.6525878310203552,0.1613785993866082,2.8187215328216553,1.1188842058181763
aesfa,000000296969__Art_Nouveau_Modern__nicholas-roerich_oze-1914.png,000000296969__Art_Nouveau_Modern__nicholas-roerich_oze-1914,000000296969,Art_Nouveau_Modern__nicholas-roerich_oze-1914,0.3661731481552124,0.6253796815872192,0.3084598660481697,2.813025951385498,1.1412287950515747
aesfa,000000296969__Baroque__rembrandt_portrait-of-nicolas-van-bambeeck-1641.png,000000296969__Baroque__rembrandt_portrait-of-nicolas-van-bambeeck-1641,000000296969,Baroque__rembrandt_portrait-of-nicolas-van-bambeeck-1641,0.20827411115169525,0.6295969486236572,0.20458544427819245,2.7826497554779053,0.9092028141021729
aesfa,000000296969__Color_Field_Painting__leon-berkowitz_dark-light-rose-gold-1978.png,000000296969__Color_Field_Painting__leon-berkowitz_dark-light-rose-gold-1978,000000296969,Color_Field_Painting__leon-berkowitz_dark-light-rose-gold-1978,0.17819255590438843,0.8812066912651062,0.1746143817748372,3.5326709747314453,0.9909564256668091
aesfa,000000296969__Cubism__salvador-dali_cubist-composition-portrait-of-a-seated-person-holding-a-letter.png,000000296969__Cubism__salvador-dali_cubist-composition-portrait-of-a-seated-person-holding-a-letter,000000296969,Cubism__salvador-dali_cubist-composition-portrait-of-a-seated-person-holding-a-letter,0.35920360684394836,0.6677854061126709,0.29094030173903024,2.776392936706543,1.1127935647964478
aesfa,000000296969__Early_Renaissance__pietro-perugino_st-jerome-who-attends-two-unfairly-hanged-1473.png,000000296969__Early_Renaissance__pietro-perugino_st-jerome-who-attends-two-unfairly-hanged-1473,000000296969,Early_Renaissance__pietro-perugino_st-jerome-who-attends-two-unfairly-hanged-1473,0.4687996804714203,0.6299620866775513,0.4035927693224503,2.9307239055633545,1.7103161811828613
aesfa,000000296969__Expressionism__amedeo-modigliani_germaine-survage-with-earrings-1918.png,000000296969__Expressionism__amedeo-modigliani_germaine-survage-with-earrings-1918,000000296969,Expressionism__amedeo-modigliani_germaine-survage-with-earrings-1918,0.37131020426750183,0.6799207925796509,0.3180781686144144,2.7575268745422363,0.9704229831695557
aesfa,000000296969__High_Renaissance__raphael_madonna-and-child-enthroned-with-saints-1505.png,000000296969__High_Renaissance__raphael_madonna-and-child-enthroned-with-saints-1505,000000296969,High_Renaissance__raphael_madonna-and-child-enthroned-with-saints-1505,0.43529605865478516,0.6159133315086365,0.33817993366082766,3.0314817428588867,2.5899744033813477
aesfa,000000296969__Impressionism__pierre-auguste-renoir_leaving-the-bath-1890.png,000000296969__Impressionism__pierre-auguste-renoir_leaving-the-bath-1890,000000296969,Impressionism__pierre-auguste-renoir_leaving-the-bath-1890,0.34463071823120117,0.6642876863479614,0.2811546037771477,2.9282824993133545,0.8036252856254578
aesfa,000000296969__Mannerism_Late_Renaissance__tintoretto_st-mark-rescuing-a-saracen-from-shipwreck-1566.png,000000296969__Mannerism_Late_Renaissance__tintoretto_st-mark-rescuing-a-saracen-from-shipwreck-1566,000000296969,Mannerism_Late_Renaissance__tintoretto_st-mark-rescuing-a-saracen-from-shipwreck-1566,0.4204525649547577,0.5761828422546387,0.3880609099244308,2.8621182441711426,1.22343111038208
aesfa,000000296969__Minimalism__mario-schifano_untitled-1963.png,000000296969__Minimalism__mario-schifano_untitled-1963,000000296969,Minimalism__mario-schifano_untitled-1963,0.13439105451107025,0.9811321496963501,0.04790404654891521,3.395440101623535,1.4585992097854614
aesfa,000000296969__Naive_Art_Primitivism__marc-chagall_the-young-samuel-the-priest-s-servant-heard-that-he-is-called-by-god-eli-and-he-were-sleeping.png,000000296969__Naive_Art_Primitivism__marc-chagall_the-young-samuel-the-priest-s-servant-heard-that-he-is-called-by-god-eli-and-he-were-sleeping,000000296969,Naive_Art_Primitivism__marc-chagall_the-young-samuel-the-priest-s-servant-heard-that-he-is-called-by-god-eli-and-he-were-sleeping,0.4398286044597626,0.5429317951202393,0.34779659554851405,2.7289018630981445,1.0268924236297607
aesfa,000000296969__Northern_Renaissance__albrecht-durer_lamentation-over-christ-1507.png,000000296969__Northern_Renaissance__albrecht-durer_lamentation-over-christ-1507,000000296969,Northern_Renaissance__albrecht-durer_lamentation-over-christ-1507,0.41894158720970154,0.5830109119415283,0.3145941126979317,2.95745849609375,2.6827778816223145
aesfa,000000296969__Pop_Art__peter-max_composition-red-green-1979.png,000000296969__Pop_Art__peter-max_composition-red-green-1979,000000296969,Pop_Art__peter-max_composition-red-green-1979,0.2145138382911682,0.6585925221443176,0.13926277025350434,3.1432926654815674,2.2628376483917236
aesfa,000000296969__Post_Impressionism__vincent-van-gogh_restaurant-de-la-sirene-at-asnieres-1887.png,000000296969__Post_Impressionism__vincent-van-gogh_restaurant-de-la-sirene-at-asnieres-1887,000000296969,Post_Impressionism__vincent-van-gogh_restaurant-de-la-sirene-at-asnieres-1887,0.4418395757675171,0.6325148344039917,0.34286580363369823,3.0049777030944824,1.6643997430801392
aesfa,000000296969__Realism__vincent-van-gogh_cottage-with-peasant-coming-home-1885(1).png,000000296969__Realism__vincent-van-gogh_cottage-with-peasant-coming-home-1885(1),000000296969,Realism__vincent-van-gogh_cottage-with-peasant-coming-home-1885(1),0.4696255028247833,0.487730473279953,0.35828214089118765,2.5401573181152344,0.41902247071266174
aesfa,000000296969__Rococo__dmitry-levitzky_portrait-of-baron-a-n-stroganoff.png,000000296969__Rococo__dmitry-levitzky_portrait-of-baron-a-n-stroganoff,000000296969,Rococo__dmitry-levitzky_portrait-of-baron-a-n-stroganoff,0.23170065879821777,0.6307110786437988,0.278870290724317,2.795680284500122,0.9468539953231812
aesfa,000000296969__Romanticism__gustave-dore_paradise-lost-4.png,000000296969__Romanticism__gustave-dore_paradise-lost-4,000000296969,Romanticism__gustave-dore_paradise-lost-4,0.3637600839138031,0.5843519568443298,0.3533864172701083,2.755793571472168,1.4496498107910156
aesfa,000000296969__Symbolism__nicholas-roerich_language-of-forest-1922.png,000000296969__Symbolism__nicholas-roerich_language-of-forest-1922,000000296969,Symbolism__nicholas-roerich_language-of-forest-1922,0.4357509911060333,0.6402009725570679,0.41457256620650407,2.8856825828552246,1.7263548374176025
aesfa,000000296969__Ukiyo_e__kitagawa-utamaro_not_detected_233134.png,000000296969__Ukiyo_e__kitagawa-utamaro_not_detected_233134,000000296969,Ukiyo_e__kitagawa-utamaro_not_detected_233134,0.3501652777194977,0.6502701044082642,0.3004331854875544,2.988041877746582,2.5110831260681152
aesfa,000000302107__Abstract_Expressionism__paul-jenkins_not_detected_235703.png,000000302107__Abstract_Expressionism__paul-jenkins_not_detected_235703,000000302107,Abstract_Expressionism__paul-jenkins_not_detected_235703,0.38860297203063965,0.6538687944412231,0.47746012461000686,2.692119836807251,1.1790598630905151
aesfa,000000302107__Art_Nouveau_Modern__nicholas-roerich_oze-1914.png,000000302107__Art_Nouveau_Modern__nicholas-roerich_oze-1914,000000302107,Art_Nouveau_Modern__nicholas-roerich_oze-1914,0.5085482001304626,0.5775728225708008,0.5394087374388371,2.441619634628296,0.934902548789978
aesfa,000000302107__Baroque__rembrandt_portrait-of-nicolas-van-bambeeck-1641.png,000000302107__Baroque__rembrandt_portrait-of-nicolas-van-bambeeck-1641,000000302107,Baroque__rembrandt_portrait-of-nicolas-van-bambeeck-1641,0.3234662115573883,0.6523013114929199,0.5119314086804538,2.60068941116333,0.6520030498504639
aesfa,000000302107__Color_Field_Painting__leon-berkowitz_dark-light-rose-gold-1978.png,000000302107__Color_Field_Painting__leon-berkowitz_dark-light-rose-gold-1978,000000302107,Color_Field_Painting__leon-berkowitz_dark-light-rose-gold-1978,0.33606719970703125,0.835985004901886,0.3957683736403026,3.368648052215576,1.1256712675094604
aesfa,000000302107__Cubism__salvador-dali_cubist-composition-portrait-of-a-seated-person-holding-a-letter.png,000000302107__Cubism__salvador-dali_cubist-composition-portrait-of-a-seated-person-holding-a-letter,000000302107,Cubism__salvador-dali_cubist-composition-portrait-of-a-seated-person-holding-a-letter,0.5680878162384033,0.7058783769607544,0.5875562474791044,2.4176125526428223,0.8574371337890625
aesfa,000000302107__Early_Renaissance__pietro-perugino_st-jerome-who-attends-two-unfairly-hanged-1473.png,000000302107__Early_Renaissance__pietro-perugino_st-jerome-who-attends-two-unfairly-hanged-1473,000000302107,Early_Renaissance__pietro-perugino_st-jerome-who-attends-two-unfairly-hanged-1473,0.439961701631546,0.638473629951477,0.3896247223155553,2.767841339111328,1.5329488515853882
aesfa,000000302107__Expressionism__amedeo-modigliani_germaine-survage-with-earrings-1918.png,000000302107__Expressionism__amedeo-modigliani_germaine-survage-with-earrings-1918,000000302107,Expressionism__amedeo-modigliani_germaine-survage-with-earrings-1918,0.4893624484539032,0.6884583234786987,0.5302441572936483,2.475627899169922,0.7702332735061646
aesfa,000000302107__High_Renaissance__raphael_madonna-and-child-enthroned-with-saints-1505.png,000000302107__High_Renaissance__raphael_madonna-and-child-enthroned-with-saints-1505,000000302107,High_Renaissance__raphael_madonna-and-child-enthroned-with-saints-1505,0.5214592814445496,0.556251049041748,0.48258869395703735,2.5408451557159424,2.2078380584716797
aesfa,000000302107__Impressionism__pierre-auguste-renoir_leaving-the-bath-1890.png,000000302107__Impressionism__pierre-auguste-renoir_leaving-the-bath-1890,000000302107,Impressionism__pierre-auguste-renoir_leaving-the-bath-1890,0.5384048819541931,0.6521227359771729,0.48888640141908574,2.6521005630493164,0.6302803754806519
aesfa,000000302107__Mannerism_Late_Renaissance__tintoretto_st-mark-rescuing-a-saracen-from-shipwreck-1566.png,000000302107__Mannerism_Late_Renaissance__tintoretto_st-mark-rescuing-a-saracen-from-shipwreck-1566,000000302107,Mannerism_Late_Renaissance__tintoretto_st-mark-rescuing-a-saracen-from-shipwreck-1566,0.3830302953720093,0.5934879183769226,0.42544258639167387,2.525439739227295,1.1732280254364014
aesfa,000000302107__Minimalism__mario-schifano_untitled-1963.png,000000302107__Minimalism__mario-schifano_untitled-1963,000000302107,Minimalism__mario-schifano_untitled-1963,0.39843466877937317,0.9695487022399902,0.2845846257503933,3.1024961471557617,1.1617815494537354
aesfa,000000302107__Naive_Art_Primitivism__marc-chagall_the-young-samuel-the-priest-s-servant-heard-that-he-is-called-by-god-eli-and-he-were-sleeping.png,000000302107__Naive_Art_Primitivism__marc-chagall_the-young-samuel-the-priest-s-servant-heard-that-he-is-called-by-god-eli-and-he-were-sleeping,000000302107,Naive_Art_Primitivism__marc-chagall_the-young-samuel-the-priest-s-servant-heard-that-he-is-called-by-god-eli-and-he-were-sleeping,0.3767520487308502,0.6322300434112549,0.23922539339425603,2.645740032196045,1.0960649251937866
aesfa,000000302107__Northern_Renaissance__albrecht-durer_lamentation-over-christ-1507.png,000000302107__Northern_Renaissance__albrecht-durer_lamentation-over-christ-1507,000000302107,Northern_Renaissance__albrecht-durer_lamentation-over-christ-1507,0.3283064663410187,0.6171104311943054,0.24034390972861186,2.7154550552368164,2.2030506134033203
aesfa,000000302107__Pop_Art__peter-max_composition-red-green-1979.png,000000302107__Pop_Art__peter-max_composition-red-green-1979,000000302107,Pop_Art__peter-max_composition-red-green-1979,0.4579097032546997,0.6236721277236938,0.44542309705966987,2.7301597595214844,1.9373908042907715
aesfa,000000302107__Post_Impressionism__vincent-van-gogh_restaurant-de-la-sirene-at-asnieres-1887.png,000000302107__Post_Impressionism__vincent-van-gogh_restaurant-de-la-sirene-at-asnieres-1887,000000302107,Post_Impressionism__vincent-van-gogh_restaurant-de-la-sirene-at-asnieres-1887,0.39586350321769714,0.6807851791381836,0.25024000113161754,2.787118434906006,2.0806822776794434
aesfa,000000302107__Realism__vincent-van-gogh_cottage-with-peasant-coming-home-1885(1).png,000000302107__Realism__vincent-van-gogh_cottage-with-peasant-coming-home-1885(1),000000302107,Realism__vincent-van-gogh_cottage-with-peasant-coming-home-1885(1),0.525917112827301,0.5401157736778259,0.5121655972367001,2.387502670288086,0.5141057372093201
aesfa,000000302107__Rococo__dmitry-levitzky_portrait-of-baron-a-n-stroganoff.png,000000302107__Rococo__dmitry-levitzky_portrait-of-baron-a-n-stroganoff,000000302107,Rococo__dmitry-levitzky_portrait-of-baron-a-n-stroganoff,0.3486718237400055,0.6352418661117554,0.5579970660147922,2.5168039798736572,0.7073249816894531
aesfa,000000302107__Romanticism__gustave-dore_paradise-lost-4.png,000000302107__Romanticism__gustave-dore_paradise-lost-4,000000302107,Romanticism__gustave-dore_paradise-lost-4,0.3265325427055359,0.6281260848045349,0.3363550509824912,2.555537223815918,1.2647103071212769
aesfa,000000302107__Symbolism__nicholas-roerich_language-of-forest-1922.png,000000302107__Symbolism__nicholas-roerich_language-of-forest-1922,000000302107,Symbolism__nicholas-roerich_language-of-forest-1922,0.46434593200683594,0.6303893327713013,0.403288763743631,2.6550636291503906,1.4881939888000488
aesfa,000000302107__Ukiyo_e__kitagawa-utamaro_not_detected_233134.png,000000302107__Ukiyo_e__kitagawa-utamaro_not_detected_233134,000000302107,Ukiyo_e__kitagawa-utamaro_not_detected_233134,0.5122683644294739,0.6164799928665161,0.4853570717868908,2.3670034408569336,1.845409870147705
aesfa,000000322944__Abstract_Expressionism__paul-jenkins_not_detected_235703.png,000000322944__Abstract_Expressionism__paul-jenkins_not_detected_235703,000000322944,Abstract_Expressionism__paul-jenkins_not_detected_235703,0.5709394812583923,0.5769945383071899,0.5723569129479451,2.4848031997680664,0.9795755743980408
aesfa,000000322944__Art_Nouveau_Modern__nicholas-roerich_oze-1914.png,000000322944__Art_Nouveau_Modern__nicholas-roerich_oze-1914,000000322944,Art_Nouveau_Modern__nicholas-roerich_oze-1914,0.5573001503944397,0.5263491868972778,0.3873140039182666,2.4038302898406982,0.9672117233276367
aesfa,000000322944__Baroque__rembrandt_portrait-of-nicolas-van-bambeeck-1641.png,000000322944__Baroque__rembrandt_portrait-of-nicolas-van-bambeeck-1641,000000322944,Baroque__rembrandt_portrait-of-nicolas-van-bambeeck-1641,0.5972363352775574,0.622525691986084,0.5086797951396455,2.329375743865967,0.6326326131820679
aesfa,000000322944__Color_Field_Painting__leon-berkowitz_dark-light-rose-gold-1978.png,000000322944__Color_Field_Painting__leon-berkowitz_dark-light-rose-gold-1978,000000322944,Color_Field_Painting__leon-berkowitz_dark-light-rose-gold-1978,0.35068801045417786,0.7952651977539062,0.2644203651505163,3.2144861221313477,1.0933467149734497
aesfa,000000322944__Cubism__salvador-dali_cubist-composition-portrait-of-a-seated-person-holding-a-letter.png,000000322944__Cubism__salvador-dali_cubist-composition-portrait-of-a-seated-person-holding-a-letter,000000322944,Cubism__salvador-dali_cubist-composition-portrait-of-a-seated-person-holding-a-letter,0.5068153738975525,0.8021778464317322,0.46332541985707354,2.219119071960449,0.8614374399185181
aesfa,000000322944__Early_Renaissance__pietro-perugino_st-jerome-who-attends-two-unfairly-hanged-1473.png,000000322944__Early_Renaissance__pietro-perugino_st-jerome-who-attends-two-unfairly-hanged-1473,000000322944,Early_Renaissance__pietro-perugino_st-jerome-who-attends-two-unfairly-hanged-1473,0.36266669631004333,0.6633133292198181,0.2708839823471125,2.612809181213379,1.4069666862487793
aesfa,000000322944__Expressionism__amedeo-modigliani_germaine-survage-with-earrings-1918.png,000000322944__Expressionism__amedeo-modigliani_germaine-survage-with-earrings-1918,000000322944,Expressionism__amedeo-modigliani_germaine-survage-with-earrings-1918,0.471240758895874,0.7207213640213013,0.3317702209921524,2.2229552268981934,0.7054202556610107
aesfa,000000322944__High_Renaissance__raphael_madonna-and-child-enthroned-with-saints-1505.png,000000322944__High_Renaissance__raphael_madonna-and-child-enthroned-with-saints-1505,000000322944,High_Renaissance__raphael_madonna-and-child-enthroned-with-saints-1505,0.4052243232727051,0.5823760628700256,0.34596507403692206,2.6897149085998535,2.4382402896881104
aesfa,000000322944__Impressionism__pierre-auguste-renoir_leaving-the-bath-1890.png,000000322944__Impressionism__pierre-auguste-renoir_leaving-the-bath-1890,000000322944,Impressionism__pierre-auguste-renoir_leaving-the-bath-1890,0.41841232776641846,0.6919684410095215,0.32703013078936277,2.471618413925171,0.6047433018684387
aesfa,000000322944__Mannerism_Late_Renaissance__tintoretto_st-mark-rescuing-a-saracen-from-shipwreck-1566.png,000000322944__Mannerism_Late_Renaissance__tintoretto_st-mark-rescuing-a-saracen-from-shipwreck-1566,000000322944,Mannerism_Late_Renaissance__tintoretto_st-mark-rescuing-a-saracen-from-shipwreck-1566,0.429640531539917,0.5871260762214661,0.2742083093784337,2.4445033073425293,1.3317155838012695
aesfa,000000322944__Minimalism__mario-schifano_untitled-1963.png,000000322944__Minimalism__mario-schifano_untitled-1963,000000322944,Minimalism__mario-schifano_untitled-1963,0.32974255084991455,1.0353682041168213,0.5310137854365757,3.0122504234313965,1.3566007614135742
aesfa,000000322944__Naive_Art_Primitivism__marc-chagall_the-young-samuel-the-priest-s-servant-heard-that-he-is-called-by-god-eli-and-he-were-sleeping.png,000000322944__Naive_Art_Primitivism__marc-chagall_the-young-samuel-the-priest-s-servant-heard-that-he-is-called-by-god-eli-and-he-were-sleeping,000000322944,Naive_Art_Primitivism__marc-chagall_the-young-samuel-the-priest-s-servant-heard-that-he-is-called-by-god-eli-and-he-were-sleeping,0.21246440708637238,0.6586081385612488,0.1495891034109223,2.652057647705078,1.1353187561035156
aesfa,000000322944__Northern_Renaissance__albrecht-durer_lamentation-over-christ-1507.png,000000322944__Northern_Renaissance__albrecht-durer_lamentation-over-christ-1507,000000322944,Northern_Renaissance__albrecht-durer_lamentation-over-christ-1507,0.1825694441795349,0.6488936543464661,0.180887525525145,2.63399076461792,2.3341400623321533
aesfa,000000322944__Pop_Art__peter-max_composition-red-green-1979.png,000000322944__Pop_Art__peter-max_composition-red-green-1979,000000322944,Pop_Art__peter-max_composition-red-green-1979,0.28871795535087585,0.6942266225814819,0.5459796844097887,2.6884231567382812,1.8398871421813965
aesfa,000000322944__Post_Impressionism__vincent-van-gogh_restaurant-de-la-sirene-at-asnieres-1887.png,000000322944__Post_Impressionism__vincent-van-gogh_restaurant-de-la-sirene-at-asnieres-1887,000000322944,Post_Impressionism__vincent-van-gogh_restaurant-de-la-sirene-at-asnieres-1887,0.23117691278457642,0.7245867848396301,0.15058917913229536,2.8342881202697754,2.130903482437134
aesfa,000000322944__Realism__vincent-van-gogh_cottage-with-peasant-coming-home-1885(1).png,000000322944__Realism__vincent-van-gogh_cottage-with-peasant-coming-home-1885(1),000000322944,Realism__vincent-van-gogh_cottage-with-peasant-coming-home-1885(1),0.38144922256469727,0.6209580898284912,0.3871649760397765,2.302945852279663,0.6381136775016785
aesfa,000000322944__Rococo__dmitry-levitzky_portrait-of-baron-a-n-stroganoff.png,000000322944__Rococo__dmitry-levitzky_portrait-of-baron-a-n-stroganoff,000000322944,Rococo__dmitry-levitzky_portrait-of-baron-a-n-stroganoff,0.6182260513305664,0.6298664808273315,0.5111389038488284,2.2946548461914062,0.7207427024841309
aesfa,000000322944__Romanticism__gustave-dore_paradise-lost-4.png,000000322944__Romanticism__gustave-dore_paradise-lost-4,000000322944,Romanticism__gustave-dore_paradise-lost-4,0.399906724691391,0.5933041572570801,0.22912131334773828,2.2429323196411133,1.390578269958496
aesfa,000000322944__Symbolism__nicholas-roerich_language-of-forest-1922.png,000000322944__Symbolism__nicholas-roerich_language-of-forest-1922,000000322944,Symbolism__nicholas-roerich_language-of-forest-1922,0.34987911581993103,0.6377881169319153,0.2328132533142696,2.6255979537963867,1.5489888191223145
aesfa,000000322944__Ukiyo_e__kitagawa-utamaro_not_detected_233134.png,000000322944__Ukiyo_e__kitagawa-utamaro_not_detected_233134,000000322944,Ukiyo_e__kitagawa-utamaro_not_detected_233134,0.3060772120952606,0.6699542999267578,0.3679777419393317,2.3983678817749023,2.0282390117645264
aesfa,000000329447__Abstract_Expressionism__paul-jenkins_not_detected_235703.png,000000329447__Abstract_Expressionism__paul-jenkins_not_detected_235703,000000329447,Abstract_Expressionism__paul-jenkins_not_detected_235703,0.38594135642051697,0.6666752099990845,0.34735143935336493,2.58367919921875,1.0271331071853638
aesfa,000000329447__Art_Nouveau_Modern__nicholas-roerich_oze-1914.png,000000329447__Art_Nouveau_Modern__nicholas-roerich_oze-1914,000000329447,Art_Nouveau_Modern__nicholas-roerich_oze-1914,0.4524706304073334,0.6436694860458374,0.4830586996898401,2.417449474334717,1.2885596752166748
aesfa,000000329447__Baroque__rembrandt_portrait-of-nicolas-van-bambeeck-1641.png,000000329447__Baroque__rembrandt_portrait-of-nicolas-van-bambeeck-1641,000000329447,Baroque__rembrandt_portrait-of-nicolas-van-bambeeck-1641,0.33659628033638,0.5955021381378174,0.38423104291089466,2.500159740447998,0.7917656898498535
aesfa,000000329447__Color_Field_Painting__leon-berkowitz_dark-light-rose-gold-1978.png,000000329447__Color_Field_Painting__leon-berkowitz_dark-light-rose-gold-1978,000000329447,Color_Field_Painting__leon-berkowitz_dark-light-rose-gold-1978,0.2304850071668625,0.9359918832778931,0.29553114204236997,3.3936781883239746,1.1927032470703125
aesfa,000000329447__Cubism__salvador-dali_cubist-composition-portrait-of-a-seated-person-holding-a-letter.png,000000329447__Cubism__salvador-dali_cubist-composition-portrait-of-a-seated-person-holding-a-letter,000000329447,Cubism__salvador-dali_cubist-composition-portrait-of-a-seated-person-holding-a-letter,0.4255746603012085,0.5547518730163574,0.4359680859795274,2.258005142211914,1.0690299272537231
aesfa,000000329447__Early_Renaissance__pietro-perugino_st-jerome-who-attends-two-unfairly-hanged-1473.png,000000329447__Early_Renaissance__pietro-perugino_st-jerome-who-attends-two-unfairly-hanged-1473,000000329447,Early_Renaissance__pietro-perugino_st-jerome-who-attends-two-unfairly-hanged-1473,0.49835455417633057,0.5866518616676331,0.5037328706082796,2.2528162002563477,1.4286423921585083
aesfa,000000329447__Expressionism__amedeo-modigliani_germaine-survage-with-earrings-1918.png,000000329447__Expressionism__amedeo-modigliani_germaine-survage-with-earrings-1918,000000329447,Expressionism__amedeo-modigliani_germaine-survage-with-earrings-1918,0.4284428060054779,0.6743507385253906,0.4726213766386667,2.178719997406006,1.0941667556762695
aesfa,000000329447__High_Renaissance__raphael_madonna-and-child-enthroned-with-saints-1505.png,000000329447__High_Renaissance__raphael_madonna-and-child-enthroned-with-saints-1505,000000329447,High_Renaissance__raphael_madonna-and-child-enthroned-with-saints-1505,0.5024130344390869,0.5890564322471619,0.5063079956604583,2.4519143104553223,2.1388955116271973
aesfa,000000329447__Impressionism__pierre-auguste-renoir_leaving-the-bath-1890.png,000000329447__Impressionism__pierre-auguste-renoir_leaving-the-bath-1890,000000329447,Impressionism__pierre-auguste-renoir_leaving-the-bath-1890,0.37603506445884705,0.6708064079284668,0.4032061121178374,2.4900741577148438,0.8007557988166809
aesfa,000000329447__Mannerism_Late_Renaissance__tintoretto_st-mark-rescuing-a-saracen-from-shipwreck-1566.png,000000329447__Mannerism_Late_Renaissance__tintoretto_st-mark-rescuing-a-saracen-from-shipwreck-1566,000000329447,Mannerism_Late_Renaissance__tintoretto_st-mark-rescuing-a-saracen-from-shipwreck-1566,0.5003461241722107,0.5698421001434326,0.4853595979737668,2.242208242416382,1.0924752950668335
aesfa,000000329447__Minimalism__mario-schifano_untitled-1963.png,000000329447__Minimalism__mario-schifano_untitled-1963,000000329447,Minimalism__mario-schifano_untitled-1963,0.1840151697397232,0.944257378578186,0.13747145346461725,3.250523090362549,1.4159438610076904
aesfa,000000329447__Naive_Art_Primitivism__marc-chagall_the-young-samuel-the-priest-s-servant-heard-that-he-is-called-by-god-eli-and-he-were-sleeping.png,000000329447__Naive_Art_Primitivism__marc-chagall_the-young-samuel-the-priest-s-servant-heard-that-he-is-called-by-god-eli-and-he-were-sleeping,000000329447,Naive_Art_Primitivism__marc-chagall_the-young-samuel-the-priest-s-servant-heard-that-he-is-called-by-god-eli-and-he-were-sleeping,0.3656012713909149,0.5930559635162354,0.34255558392127383,2.313079833984375,1.2316638231277466
aesfa,000000329447__Northern_Renaissance__albrecht-durer_lamentation-over-christ-1507.png,000000329447__Northern_Renaissance__albrecht-durer_lamentation-over-christ-1507,000000329447,Northern_Renaissance__albrecht-durer_lamentation-over-christ-1507,0.3381071388721466,0.6003509759902954,0.33161298105082226,2.494960308074951,2.579639434814453
aesfa,000000329447__Pop_Art__peter-max_composition-red-green-1979.png,000000329447__Pop_Art__peter-max_composition-red-green-1979,000000329447,Pop_Art__peter-max_composition-red-green-1979,0.2501929998397827,0.6345477104187012,0.2843373397894567,2.8403656482696533,2.1552906036376953
aesfa,000000329447__Post_Impressionism__vincent-van-gogh_restaurant-de-la-sirene-at-asnieres-1887.png,000000329447__Post_Impressionism__vincent-van-gogh_restaurant-de-la-sirene-at-asnieres-1887,000000329447,Post_Impressionism__vincent-van-gogh_restaurant-de-la-sirene-at-asnieres-1887,0.38248467445373535,0.6604419350624084,0.34532331549084355,2.4884016513824463,2.006113052368164
aesfa,000000329447__Realism__vincent-van-gogh_cottage-with-peasant-coming-home-1885(1).png,000000329447__Realism__vincent-van-gogh_cottage-with-peasant-coming-home-1885(1),000000329447,Realism__vincent-van-gogh_cottage-with-peasant-coming-home-1885(1),0.4487084448337555,0.49577945470809937,0.49622702426245746,2.0264110565185547,0.6860008239746094
aesfa,000000329447__Rococo__dmitry-levitzky_portrait-of-baron-a-n-stroganoff.png,000000329447__Rococo__dmitry-levitzky_portrait-of-baron-a-n-stroganoff,000000329447,Rococo__dmitry-levitzky_portrait-of-baron-a-n-stroganoff,0.35805460810661316,0.6133105158805847,0.43868935559028877,2.4768052101135254,0.9764969348907471
aesfa,000000329447__Romanticism__gustave-dore_paradise-lost-4.png,000000329447__Romanticism__gustave-dore_paradise-lost-4,000000329447,Romanticism__gustave-dore_paradise-lost-4,0.45096173882484436,0.5556535720825195,0.4463350607019773,2.2003173828125,1.323538064956665
aesfa,000000329447__Symbolism__nicholas-roerich_language-of-forest-1922.png,000000329447__Symbolism__nicholas-roerich_language-of-forest-1922,000000329447,Symbolism__nicholas-roerich_language-of-forest-1922,0.4579443037509918,0.644657552242279,0.4930573798973081,2.378047466278076,1.6401081085205078
aesfa,000000329447__Ukiyo_e__kitagawa-utamaro_not_detected_233134.png,000000329447__Ukiyo_e__kitagawa-utamaro_not_detected_233134,000000329447,Ukiyo_e__kitagawa-utamaro_not_detected_233134,0.3578850328922272,0.6583702564239502,0.45835414561736804,2.3649134635925293,2.269666910171509
aesfa,000000338625__Abstract_Expressionism__paul-jenkins_not_detected_235703.png,000000338625__Abstract_Expressionism__paul-jenkins_not_detected_235703,000000338625,Abstract_Expressionism__paul-jenkins_not_detected_235703,0.43939968943595886,0.579945981502533,0.44566747187592354,2.6463863849639893,1.2135483026504517
aesfa,000000338625__Art_Nouveau_Modern__nicholas-roerich_oze-1914.png,000000338625__Art_Nouveau_Modern__nicholas-roerich_oze-1914,000000338625,Art_Nouveau_Modern__nicholas-roerich_oze-1914,0.5250905752182007,0.5068310499191284,0.567566949011041,2.3603787422180176,1.084456443786621
aesfa,000000338625__Baroque__rembrandt_portrait-of-nicolas-van-bambeeck-1641.png,000000338625__Baroque__rembrandt_portrait-of-nicolas-van-bambeeck-1641,000000338625,Baroque__rembrandt_portrait-of-nicolas-van-bambeeck-1641,0.3395436704158783,0.6432438492774963,0.47505009135587145,2.6539969444274902,0.7542604207992554
aesfa,000000338625__Color_Field_Painting__leon-berkowitz_dark-light-rose-gold-1978.png,000000338625__Color_Field_Painting__leon-berkowitz_dark-light-rose-gold-1978,000000338625,Color_Field_Painting__leon-berkowitz_dark-light-rose-gold-1978,0.3164132535457611,0.7853371500968933,0.30185487527031785,3.436217784881592,1.0791428089141846
aesfa,000000338625__Cubism__salvador-dali_cubist-composition-portrait-of-a-seated-person-holding-a-letter.png,000000338625__Cubism__salvador-dali_cubist-composition-portrait-of-a-seated-person-holding-a-letter,000000338625,Cubism__salvador-dali_cubist-composition-portrait-of-a-seated-person-holding-a-letter,0.5132085680961609,0.7721490859985352,0.48669924894864053,2.4886856079101562,0.8823035359382629
aesfa,000000338625__Early_Renaissance__pietro-perugino_st-jerome-who-attends-two-unfairly-hanged-1473.png,000000338625__Early_Renaissance__pietro-perugino_st-jerome-who-attends-two-unfairly-hanged-1473,000000338625,Early_Renaissance__pietro-perugino_st-jerome-who-attends-two-unfairly-hanged-1473,0.4854685962200165,0.5818438529968262,0.4142889381057515,2.5548410415649414,1.4718873500823975
aesfa,000000338625__Expressionism__amedeo-modigliani_germaine-survage-with-earrings-1918.png,000000338625__Expressionism__amedeo-modigliani_germaine-survage-with-earrings-1918,000000338625,Expressionism__amedeo-modigliani_germaine-survage-with-earrings-1918,0.4961104393005371,0.6817793846130371,0.4727160653185799,2.510859489440918,0.8514344692230225
aesfa,000000338625__High_Renaissance__raphael_madonna-and-child-enthroned-with-saints-1505.png,000000338625__High_Renaissance__raphael_madonna-and-child-enthroned-with-saints-1505,000000338625,High_Renaissance__raphael_madonna-and-child-enthroned-with-saints-1505,0.5889415740966797,0.4596686065196991,0.5504666694127308,2.107114553451538,2.4376144409179688
aesfa,000000338625__Impressionism__pierre-auguste-renoir_leaving-the-bath-1890.png,000000338625__Impressionism__pierre-auguste-renoir_leaving-the-bath-1890,000000338625,Impressionism__pierre-auguste-renoir_leaving-the-bath-1890,0.4569087028503418,0.6627724170684814,0.3826577957176566,2.766883611679077,0.6758612394332886
aesfa,000000338625__Mannerism_Late_Renaissance__tintoretto_st-mark-rescuing-a-saracen-from-shipwreck-1566.png,000000338625__Mannerism_Late_Renaissance__tintoretto_st-mark-rescuing-a-saracen-from-shipwreck-1566,000000338625,Mannerism_Late_Renaissance__tintoretto_st-mark-rescuing-a-saracen-from-shipwreck-1566,0.42897745966911316,0.5336867570877075,0.43365839983350496,2.45350980758667,1.416998028755188
aesfa,000000338625__Minimalism__mario-schifano_untitled-1963.png,000000338625__Minimalism__mario-schifano_untitled-1963,000000338625,Minimalism__mario-schifano_untitled-1963,0.36123669147491455,1.0369254350662231,0.30268905146139313,3.1160695552825928,1.3658738136291504
aesfa,000000338625__Naive_Art_Primitivism__marc-chagall_the-young-samuel-the-priest-s-servant-heard-that-he-is-called-by-god-eli-and-he-were-sleeping.png,000000338625__Naive_Art_Primitivism__marc-chagall_the-young-samuel-the-priest-s-servant-heard-that-he-is-called-by-god-eli-and-he-were-sleeping,000000338625,Naive_Art_Primitivism__marc-chagall_the-young-samuel-the-priest-s-servant-heard-that-he-is-called-by-god-eli-and-he-were-sleeping,0.38843831419944763,0.5782387256622314,0.2753310589921349,2.640900135040283,1.2018699645996094
aesfa,000000338625__Northern_Renaissance__albrecht-durer_lamentation-over-christ-1507.png,000000338625__Northern_Renaissance__albrecht-durer_lamentation-over-christ-1507,000000338625,Northern_Renaissance__albrecht-durer_lamentation-over-christ-1507,0.3659782409667969,0.5353987812995911,0.2836819570490277,2.4163246154785156,2.5621790885925293
aesfa,000000338625__Pop_Art__peter-max_composition-red-green-1979.png,000000338625__Pop_Art__peter-max_composition-red-green-1979,000000338625,Pop_Art__peter-max_composition-red-green-1979,0.45582541823387146,0.6113535165786743,0.48178218665079586,2.5886149406433105,2.008220672607422
aesfa,000000338625__Post_Impressionism__vincent-van-gogh_restaurant-de-la-sirene-at-asnieres-1887.png,000000338625__Post_Impressionism__vincent-van-gogh_restaurant-de-la-sirene-at-asnieres-1887,000000338625,Post_Impressionism__vincent-van-gogh_restaurant-de-la-sirene-at-asnieres-1887,0.4217675030231476,0.5798026323318481,0.2802710827281866,2.415255069732666,1.9606001377105713
aesfa,000000338625__Realism__vincent-van-gogh_cottage-with-peasant-coming-home-1885(1).png,000000338625__Realism__vincent-van-gogh_cottage-with-peasant-coming-home-1885(1),000000338625,Realism__vincent-van-gogh_cottage-with-peasant-coming-home-1885(1),0.5548058152198792,0.5124732255935669,0.5114700859082477,2.218693256378174,0.5948017239570618
aesfa,000000338625__Rococo__dmitry-levitzky_portrait-of-baron-a-n-stroganoff.png,000000338625__Rococo__dmitry-levitzky_portrait-of-baron-a-n-stroganoff,000000338625,Rococo__dmitry-levitzky_portrait-of-baron-a-n-stroganoff,0.3656942844390869,0.635628342628479,0.5218043863382116,2.651550054550171,0.8114719986915588
aesfa,000000338625__Romanticism__gustave-dore_paradise-lost-4.png,000000338625__Romanticism__gustave-dore_paradise-lost-4,000000338625,Romanticism__gustave-dore_paradise-lost-4,0.3688545227050781,0.5686966180801392,0.3222067827176303,2.470963716506958,1.261642336845398
aesfa,000000338625__Symbolism__nicholas-roerich_language-of-forest-1922.png,000000338625__Symbolism__nicholas-roerich_language-of-forest-1922,000000338625,Symbolism__nicholas-roerich_language-of-forest-1922,0.48564696311950684,0.5326772332191467,0.4238160707028575,2.317897081375122,1.4240920543670654
aesfa,000000338625__Ukiyo_e__kitagawa-utamaro_not_detected_233134.png,000000338625__Ukiyo_e__kitagawa-utamaro_not_detected_233134,000000338625,Ukiyo_e__kitagawa-utamaro_not_detected_233134,0.5013526678085327,0.5565623641014099,0.504435074454705,2.287600517272949,2.104478359222412
aesfa,000000356968__Abstract_Expressionism__paul-jenkins_not_detected_235703.png,000000356968__Abstract_Expressionism__paul-jenkins_not_detected_235703,000000356968,Abstract_Expressionism__paul-jenkins_not_detected_235703,0.3014039993286133,0.6899282932281494,0.2749398661357949,2.885136127471924,1.1708736419677734
aesfa,000000356968__Art_Nouveau_Modern__nicholas-roerich_oze-1914.png,000000356968__Art_Nouveau_Modern__nicholas-roerich_oze-1914,000000356968,Art_Nouveau_Modern__nicholas-roerich_oze-1914,0.4333318769931793,0.673439621925354,0.42154036698205255,2.6337125301361084,1.1324658393859863
aesfa,000000356968__Baroque__rembrandt_portrait-of-nicolas-van-bambeeck-1641.png,000000356968__Baroque__rembrandt_portrait-of-nicolas-van-bambeeck-1641,000000356968,Baroque__rembrandt_portrait-of-nicolas-van-bambeeck-1641,0.27362778782844543,0.604731023311615,0.32757600233674905,2.820068836212158,0.8639614582061768
aesfa,000000356968__Color_Field_Painting__leon-berkowitz_dark-light-rose-gold-1978.png,000000356968__Color_Field_Painting__leon-berkowitz_dark-light-rose-gold-1978,000000356968,Color_Field_Painting__leon-berkowitz_dark-light-rose-gold-1978,0.25334081053733826,0.8345361351966858,0.2907455261851687,3.3542063236236572,1.046068787574768
aesfa,000000356968__Cubism__salvador-dali_cubist-composition-portrait-of-a-seated-person-holding-a-letter.png,000000356968__Cubism__salvador-dali_cubist-composition-portrait-of-a-seated-person-holding-a-letter,000000356968,Cubism__salvador-dali_cubist-composition-portrait-of-a-seated-person-holding-a-letter,0.4232933819293976,0.6621190309524536,0.39646124379911424,2.524661064147949,1.0370606184005737
aesfa,000000356968__Early_Renaissance__pietro-perugino_st-jerome-who-attends-two-unfairly-hanged-1473.png,000000356968__Early_Renaissance__pietro-perugino_st-jerome-who-attends-two-unfairly-hanged-1473,000000356968,Early_Renaissance__pietro-perugino_st-jerome-who-attends-two-unfairly-hanged-1473,0.4452143609523773,0.6144217252731323,0.417539331094727,2.634727954864502,1.5383524894714355
aesfa,000000356968__Expressionism__amedeo-modigliani_germaine-survage-with-earrings-1918.png,000000356968__Expressionism__amedeo-modigliani_germaine-survage-with-earrings-1918,000000356968,Expressionism__amedeo-modigliani_germaine-survage-with-earrings-1918,0.42269229888916016,0.6062415838241577,0.42487213477321634,2.4816906452178955,0.8754075765609741
aesfa,000000356968__High_Renaissance__raphael_madonna-and-child-enthroned-with-saints-1505.png,000000356968__High_Renaissance__raphael_madonna-and-child-enthroned-with-saints-1505,000000356968,High_Renaissance__raphael_madonna-and-child-enthroned-with-saints-1505,0.4376521110534668,0.6313332319259644,0.391574054734804,2.7582454681396484,2.4647409915924072
aesfa,000000356968__Impressionism__pierre-auguste-renoir_leaving-the-bath-1890.png,000000356968__Impressionism__pierre-auguste-renoir_leaving-the-bath-1890,000000356968,Impressionism__pierre-auguste-renoir_leaving-the-bath-1890,0.41146397590637207,0.5963754653930664,0.38194987566724947,2.5923285484313965,0.6741118431091309
aesfa,000000356968__Mannerism_Late_Renaissance__tintoretto_st-mark-rescuing-a-saracen-from-shipwreck-1566.png,000000356968__Mannerism_Late_Renaissance__tintoretto_st-mark-rescuing-a-saracen-from-shipwreck-1566,000000356968,Mannerism_Late_Renaissance__tintoretto_st-mark-rescuing-a-saracen-from-shipwreck-1566,0.4147544801235199,0.5583783388137817,0.43425443825488086,2.5217232704162598,1.210227370262146
aesfa,000000356968__Minimalism__mario-schifano_untitled-1963.png,000000356968__Minimalism__mario-schifano_untitled-1963,000000356968,Minimalism__mario-schifano_untitled-1963,0.2156999111175537,0.9064733982086182,0.12730595173625983,3.343148708343506,1.2478134632110596
aesfa,000000356968__Naive_Art_Primitivism__marc-chagall_the-young-samuel-the-priest-s-servant-heard-that-he-is-called-by-god-eli-and-he-were-sleeping.png,000000356968__Naive_Art_Primitivism__marc-chagall_the-young-samuel-the-priest-s-servant-heard-that-he-is-called-by-god-eli-and-he-were-sleeping,000000356968,Naive_Art_Primitivism__marc-chagall_the-young-samuel-the-priest-s-servant-heard-that-he-is-called-by-god-eli-and-he-were-sleeping,0.3998129367828369,0.5531291961669922,0.32290392929839984,2.346834897994995,1.0519245862960815
aesfa,000000356968__Northern_Renaissance__albrecht-durer_lamentation-over-christ-1507.png,000000356968__Northern_Renaissance__albrecht-durer_lamentation-over-christ-1507,000000356968,Northern_Renaissance__albrecht-durer_lamentation-over-christ-1507,0.3202170431613922,0.6204931735992432,0.2610879274285981,2.7056350708007812,2.536628007888794
aesfa,000000356968__Pop_Art__peter-max_composition-red-green-1979.png,000000356968__Pop_Art__peter-max_composition-red-green-1979,000000356968,Pop_Art__peter-max_composition-red-green-1979,0.26385438442230225,0.6688644289970398,0.24405859237587693,2.926701545715332,2.2254035472869873
aesfa,000000356968__Post_Impressionism__vincent-van-gogh_restaurant-de-la-sirene-at-asnieres-1887.png,000000356968__Post_Impressionism__vincent-van-gogh_restaurant-de-la-sirene-at-asnieres-1887,000000356968,Post_Impressionism__vincent-van-gogh_restaurant-de-la-sirene-at-asnieres-1887,0.40550029277801514,0.5894689559936523,0.3102963175412814,2.649810314178467,1.738722324371338
aesfa,000000356968__Realism__vincent-van-gogh_cottage-with-peasant-coming-home-1885(1).png,000000356968__Realism__vincent-van-gogh_cottage-with-peasant-coming-home-1885(1),000000356968,Realism__vincent-van-gogh_cottage-with-peasant-coming-home-1885(1),0.44020649790763855,0.516815185546875,0.4378986896022784,2.3662142753601074,0.4310697019100189
aesfa,000000356968__Rococo__dmitry-levitzky_portrait-of-baron-a-n-stroganoff.png,000000356968__Rococo__dmitry-levitzky_portrait-of-baron-a-n-stroganoff,000000356968,Rococo__dmitry-levitzky_portrait-of-baron-a-n-stroganoff,0.29814961552619934,0.5956833362579346,0.37816749611941136,2.654425859451294,0.8240939378738403
aesfa,000000356968__Romanticism__gustave-dore_paradise-lost-4.png,000000356968__Romanticism__gustave-dore_paradise-lost-4,000000356968,Romanticism__gustave-dore_paradise-lost-4,0.3504253327846527,0.5976221561431885,0.36876579786536556,2.5473430156707764,1.3605588674545288
aesfa,000000356968__Symbolism__nicholas-roerich_language-of-forest-1922.png,000000356968__Symbolism__nicholas-roerich_language-of-forest-1922,000000356968,Symbolism__nicholas-roerich_language-of-forest-1922,0.44392988085746765,0.6539495587348938,0.4336107986359648,2.672079563140869,1.5013428926467896
aesfa,000000356968__Ukiyo_e__kitagawa-utamaro_not_detected_233134.png,000000356968__Ukiyo_e__kitagawa-utamaro_not_detected_233134,000000356968,Ukiyo_e__kitagawa-utamaro_not_detected_233134,0.36389613151550293,0.6031341552734375,0.3905711724776596,2.6013593673706055,2.2087085247039795
aesfa,000000376264__Abstract_Expressionism__paul-jenkins_not_detected_235703.png,000000376264__Abstract_Expressionism__paul-jenkins_not_detected_235703,000000376264,Abstract_Expressionism__paul-jenkins_not_detected_235703,0.41481947898864746,0.5547357797622681,0.45108454979013385,2.2520902156829834,1.3376086950302124
aesfa,000000376264__Art_Nouveau_Modern__nicholas-roerich_oze-1914.png,000000376264__Art_Nouveau_Modern__nicholas-roerich_oze-1914,000000376264,Art_Nouveau_Modern__nicholas-roerich_oze-1914,0.43645408749580383,0.5606685280799866,0.547827846903142,2.1076130867004395,0.9569337368011475
aesfa,000000376264__Baroque__rembrandt_portrait-of-nicolas-van-bambeeck-1641.png,000000376264__Baroque__rembrandt_portrait-of-nicolas-van-bambeeck-1641,000000376264,Baroque__rembrandt_portrait-of-nicolas-van-bambeeck-1641,0.32657644152641296,0.5900044441223145,0.39460443262908484,2.3597564697265625,0.9391669631004333
aesfa,000000376264__Color_Field_Painting__leon-berkowitz_dark-light-rose-gold-1978.png,000000376264__Color_Field_Painting__leon-berkowitz_dark-light-rose-gold-1978,000000376264,Color_Field_Painting__leon-berkowitz_dark-light-rose-gold-1978,0.24528785049915314,0.8304082155227661,0.28225799295520865,3.36232590675354,1.2872291803359985
aesfa,000000376264__Cubism__salvador-dali_cubist-composition-portrait-of-a-seated-person-holding-a-letter.png,000000376264__Cubism__salvador-dali_cubist-composition-portrait-of-a-seated-person-holding-a-letter,000000376264,Cubism__salvador-dali_cubist-composition-portrait-of-a-seated-person-holding-a-letter,0.4175058901309967,0.689932107925415,0.4737165003145965,2.147507667541504,0.9449489116668701
aesfa,000000376264__Early_Renaissance__pietro-perugino_st-jerome-who-attends-two-unfairly-hanged-1473.png,000000376264__Early_Renaissance__pietro-perugino_st-jerome-who-attends-two-unfairly-hanged-1473,000000376264,Early_Renaissance__pietro-perugino_st-jerome-who-attends-two-unfairly-hanged-1473,0.46663224697113037,0.5300686359405518,0.4772193319341568,2.0063464641571045,1.5418474674224854
aesfa,000000376264__Expressionism__amedeo-modigliani_germaine-survage-with-earrings-1918.png,000000376264__Expressionism__amedeo-modigliani_germaine-survage-with-earrings-1918,000000376264,Expressionism__amedeo-modigliani_germaine-survage-with-earrings-1918,0.43941769003868103,0.6096134185791016,0.4906952501670031,2.0842173099517822,1.005005955696106
aesfa,000000376264__High_Renaissance__raphael_madonna-and-child-enthroned-with-saints-1505.png,000000376264__High_Renaissance__raphael_madonna-and-child-enthroned-with-saints-1505,000000376264,High_Renaissance__raphael_madonna-and-child-enthroned-with-saints-1505,0.49132800102233887,0.4852699637413025,0.5740129013975533,1.9777787923812866,2.1836659908294678
aesfa,000000376264__Impressionism__pierre-auguste-renoir_leaving-the-bath-1890.png,000000376264__Impressionism__pierre-auguste-renoir_leaving-the-bath-1890,000000376264,Impressionism__pierre-auguste-renoir_leaving-the-bath-1890,0.37523186206817627,0.6290498375892639,0.39416270898026184,2.424683094024658,0.8586901426315308
aesfa,000000376264__Mannerism_Late_Renaissance__tintoretto_st-mark-rescuing-a-saracen-from-shipwreck-1566.png,000000376264__Mannerism_Late_Renaissance__tintoretto_st-mark-rescuing-a-saracen-from-shipwreck-1566,000000376264,Mannerism_Late_Renaissance__tintoretto_st-mark-rescuing-a-saracen-from-shipwreck-1566,0.4436293840408325,0.5006360411643982,0.45061700584434267,2.0311734676361084,1.3497920036315918
aesfa,000000376264__Minimalism__mario-schifano_untitled-1963.png,000000376264__Minimalism__mario-schifano_untitled-1963,000000376264,Minimalism__mario-schifano_untitled-1963,0.24336880445480347,0.9601736068725586,0.258297499661632,3.1231861114501953,1.4441196918487549
aesfa,000000376264__Naive_Art_Primitivism__marc-chagall_the-young-samuel-the-priest-s-servant-heard-that-he-is-called-by-god-eli-and-he-were-sleeping.png,000000376264__Naive_Art_Primitivism__marc-chagall_the-young-samuel-the-priest-s-servant-heard-that-he-is-called-by-god-eli-and-he-were-sleeping,000000376264,Naive_Art_Primitivism__marc-chagall_the-young-samuel-the-priest-s-servant-heard-that-he-is-called-by-god-eli-and-he-were-sleeping,0.3372296392917633,0.5758246779441833,0.3001614292050456,2.2987561225891113,1.3009142875671387
aesfa,000000376264__Northern_Renaissance__albrecht-durer_lamentation-over-christ-1507.png,000000376264__Northern_Renaissance__albrecht-durer_lamentation-over-christ-1507,000000376264,Northern_Renaissance__albrecht-durer_lamentation-over-christ-1507,0.3286985456943512,0.5356990098953247,0.33162956980810476,2.155611515045166,2.1146156787872314
aesfa,000000376264__Pop_Art__peter-max_composition-red-green-1979.png,000000376264__Pop_Art__peter-max_composition-red-green-1979,000000376264,Pop_Art__peter-max_composition-red-green-1979,0.33008137345314026,0.5615673661231995,0.43769436721548516,2.2834982872009277,1.8613615036010742
aesfa,000000376264__Post_Impressionism__vincent-van-gogh_restaurant-de-la-sirene-at-asnieres-1887.png,000000376264__Post_Impressionism__vincent-van-gogh_restaurant-de-la-sirene-at-asnieres-1887,000000376264,Post_Impressionism__vincent-van-gogh_restaurant-de-la-sirene-at-asnieres-1887,0.3648582398891449,0.5651266574859619,0.31213835680101354,2.1895313262939453,2.518098831176758
aesfa,000000376264__Realism__vincent-van-gogh_cottage-with-peasant-coming-home-1885(1).png,000000376264__Realism__vincent-van-gogh_cottage-with-peasant-coming-home-1885(1),000000376264,Realism__vincent-van-gogh_cottage-with-peasant-coming-home-1885(1),0.4682704508304596,0.4943724274635315,0.5086915271184494,2.013378620147705,0.8435825109481812
aesfa,000000376264__Rococo__dmitry-levitzky_portrait-of-baron-a-n-stroganoff.png,000000376264__Rococo__dmitry-levitzky_portrait-of-baron-a-n-stroganoff,000000376264,Rococo__dmitry-levitzky_portrait-of-baron-a-n-stroganoff,0.3505341112613678,0.5786948204040527,0.45528198004108056,2.133286476135254,1.0108098983764648
aesfa,000000376264__Romanticism__gustave-dore_paradise-lost-4.png,000000376264__Romanticism__gustave-dore_paradise-lost-4,000000376264,Romanticism__gustave-dore_paradise-lost-4,0.384355753660202,0.5508646965026855,0.3824608443875946,2.1538476943969727,1.5267096757888794
aesfa,000000376264__Symbolism__nicholas-roerich_language-of-forest-1922.png,000000376264__Symbolism__nicholas-roerich_language-of-forest-1922,000000376264,Symbolism__nicholas-roerich_language-of-forest-1922,0.4340881109237671,0.5291659832000732,0.4720451568032538,1.9558939933776855,1.7467131614685059
aesfa,000000376264__Ukiyo_e__kitagawa-utamaro_not_detected_233134.png,000000376264__Ukiyo_e__kitagawa-utamaro_not_detected_233134,000000376264,Ukiyo_e__kitagawa-utamaro_not_detected_233134,0.40875598788261414,0.5206539630889893,0.5260517091110299,1.92673659324646,1.8044588565826416
aesfa,000000398905__Abstract_Expressionism__paul-jenkins_not_detected_235703.png,000000398905__Abstract_Expressionism__paul-jenkins_not_detected_235703,000000398905,Abstract_Expressionism__paul-jenkins_not_detected_235703,0.5391567349433899,0.5630519390106201,0.6840774279032367,2.2048723697662354,0.7447608709335327
aesfa,000000398905__Art_Nouveau_Modern__nicholas-roerich_oze-1914.png,000000398905__Art_Nouveau_Modern__nicholas-roerich_oze-1914,000000398905,Art_Nouveau_Modern__nicholas-roerich_oze-1914,0.4213581383228302,0.5990282893180847,0.5060460084024899,2.6079344749450684,1.0928807258605957
aesfa,000000398905__Baroque__rembrandt_portrait-of-nicolas-van-bambeeck-1641.png,000000398905__Baroque__rembrandt_portrait-of-nicolas-van-bambeeck-1641,000000398905,Baroque__rembrandt_portrait-of-nicolas-van-bambeeck-1641,0.41269662976264954,0.6525214910507202,0.608976853161594,2.337656259536743,0.7100945115089417
aesfa,000000398905__Color_Field_Painting__leon-berkowitz_dark-light-rose-gold-1978.png,000000398905__Color_Field_Painting__leon-berkowitz_dark-light-rose-gold-1978,000000398905,Color_Field_Painting__leon-berkowitz_dark-light-rose-gold-1978,0.3027399480342865,0.8345369696617126,0.29706284277614853,3.365152359008789,1.0863646268844604
aesfa,000000398905__Cubism__salvador-dali_cubist-composition-portrait-of-a-seated-person-holding-a-letter.png,000000398905__Cubism__salvador-dali_cubist-composition-portrait-of-a-seated-person-holding-a-letter,000000398905,Cubism__salvador-dali_cubist-composition-portrait-of-a-seated-person-holding-a-letter,0.4449864625930786,0.8001502752304077,0.4719161283205652,2.4919567108154297,0.7230972647666931
aesfa,000000398905__Early_Renaissance__pietro-perugino_st-jerome-who-attends-two-unfairly-hanged-1473.png,000000398905__Early_Renaissance__pietro-perugino_st-jerome-who-attends-two-unfairly-hanged-1473,000000398905,Early_Renaissance__pietro-perugino_st-jerome-who-attends-two-unfairly-hanged-1473,0.32659292221069336,0.6338152885437012,0.28086770317183146,2.460707187652588,1.3244593143463135
aesfa,000000398905__Expressionism__amedeo-modigliani_germaine-survage-with-earrings-1918.png,000000398905__Expressionism__amedeo-modigliani_germaine-survage-with-earrings-1918,000000398905,Expressionism__amedeo-modigliani_germaine-survage-with-earrings-1918,0.4192861318588257,0.7426108717918396,0.41822644309143225,2.3444647789001465,0.7011772394180298
aesfa,000000398905__High_Renaissance__raphael_madonna-and-child-enthroned-with-saints-1505.png,000000398905__High_Renaissance__raphael_madonna-and-child-enthroned-with-saints-1505,000000398905,High_Renaissance__raphael_madonna-and-child-enthroned-with-saints-1505,0.3611936569213867,0.6041867136955261,0.3783756245348993,2.701371431350708,2.2428596019744873
aesfa,000000398905__Impressionism__pierre-auguste-renoir_leaving-the-bath-1890.png,000000398905__Impressionism__pierre-auguste-renoir_leaving-the-bath-1890,000000398905,Impressionism__pierre-auguste-renoir_leaving-the-bath-1890,0.3720669746398926,0.7106665968894958,0.37396601342049546,2.679028034210205,0.5658854842185974
aesfa,000000398905__Mannerism_Late_Renaissance__tintoretto_st-mark-rescuing-a-saracen-from-shipwreck-1566.png,000000398905__Mannerism_Late_Renaissance__tintoretto_st-mark-rescuing-a-saracen-from-shipwreck-1566,000000398905,Mannerism_Late_Renaissance__tintoretto_st-mark-rescuing-a-saracen-from-shipwreck-1566,0.2909885346889496,0.6172839403152466,0.29009628093621,2.5822970867156982,1.3561373949050903
aesfa,000000398905__Minimalism__mario-schifano_untitled-1963.png,000000398905__Minimalism__mario-schifano_untitled-1963,000000398905,Minimalism__mario-schifano_untitled-1963,0.3744373321533203,1.0401780605316162,0.6358165536212821,3.087144613265991,1.2097759246826172
aesfa,000000398905__Naive_Art_Primitivism__marc-chagall_the-young-samuel-the-priest-s-servant-heard-that-he-is-called-by-god-eli-and-he-were-sleeping.png,000000398905__Naive_Art_Primitivism__marc-chagall_the-young-samuel-the-priest-s-servant-heard-that-he-is-called-by-god-eli-and-he-were-sleeping,000000398905,Naive_Art_Primitivism__marc-chagall_the-young-samuel-the-priest-s-servant-heard-that-he-is-called-by-god-eli-and-he-were-sleeping,0.22082094848155975,0.6562728881835938,0.15866568822649363,2.4978885650634766,1.2152718305587769
aesfa,000000398905__Northern_Renaissance__albrecht-durer_lamentation-over-christ-1507.png,000000398905__Northern_Renaissance__albrecht-durer_lamentation-over-christ-1507,000000398905,Northern_Renaissance__albrecht-durer_lamentation-over-christ-1507,0.19460082054138184,0.6564474701881409,0.16805044754973528,2.743320941925049,2.2249159812927246
aesfa,000000398905__Pop_Art__peter-max_composition-red-green-1979.png,000000398905__Pop_Art__peter-max_composition-red-green-1979,000000398905,Pop_Art__peter-max_composition-red-green-1979,0.39173051714897156,0.6472861766815186,0.6001054720034852,2.565317392349243,1.8246774673461914
aesfa,000000398905__Post_Impressionism__vincent-van-gogh_restaurant-de-la-sirene-at-asnieres-1887.png,000000398905__Post_Impressionism__vincent-van-gogh_restaurant-de-la-sirene-at-asnieres-1887,000000398905,Post_Impressionism__vincent-van-gogh_restaurant-de-la-sirene-at-asnieres-1887,0.22967368364334106,0.7118930816650391,0.1584958904808525,2.774773597717285,2.144822359085083
aesfa,000000398905__Realism__vincent-van-gogh_cottage-with-peasant-coming-home-1885(1).png,000000398905__Realism__vincent-van-gogh_cottage-with-peasant-coming-home-1885(1),000000398905,Realism__vincent-van-gogh_cottage-with-peasant-coming-home-1885(1),0.4038126766681671,0.6100194454193115,0.3701942085163148,2.2401111125946045,0.5327606797218323
aesfa,000000398905__Rococo__dmitry-levitzky_portrait-of-baron-a-n-stroganoff.png,000000398905__Rococo__dmitry-levitzky_portrait-of-baron-a-n-stroganoff,000000398905,Rococo__dmitry-levitzky_portrait-of-baron-a-n-stroganoff,0.4344901740550995,0.6528701782226562,0.6224059988158889,2.304694652557373,0.7484027147293091
aesfa,000000398905__Romanticism__gustave-dore_paradise-lost-4.png,000000398905__Romanticism__gustave-dore_paradise-lost-4,000000398905,Romanticism__gustave-dore_paradise-lost-4,0.2803608775138855,0.6303492188453674,0.24229190899938777,2.395390510559082,1.2478413581848145
aesfa,000000398905__Symbolism__nicholas-roerich_language-of-forest-1922.png,000000398905__Symbolism__nicholas-roerich_language-of-forest-1922,000000398905,Symbolism__nicholas-roerich_language-of-forest-1922,0.3095901906490326,0.6315205693244934,0.27240439907318037,2.513458251953125,1.3196502923965454
aesfa,000000398905__Ukiyo_e__kitagawa-utamaro_not_detected_233134.png,000000398905__Ukiyo_e__kitagawa-utamaro_not_detected_233134,000000398905,Ukiyo_e__kitagawa-utamaro_not_detected_233134,0.32467934489250183,0.666070818901062,0.33245944563200613,2.459041118621826,1.933165431022644
aesfa,000000417911__Abstract_Expressionism__paul-jenkins_not_detected_235703.png,000000417911__Abstract_Expressionism__paul-jenkins_not_detected_235703,000000417911,Abstract_Expressionism__paul-jenkins_not_detected_235703,0.4380766451358795,0.6582155823707581,0.4908963993619641,2.59747052192688,0.8876051306724548
aesfa,000000417911__Art_Nouveau_Modern__nicholas-roerich_oze-1914.png,000000417911__Art_Nouveau_Modern__nicholas-roerich_oze-1914,000000417911,Art_Nouveau_Modern__nicholas-roerich_oze-1914,0.48874056339263916,0.6677141189575195,0.4628191657109371,2.665416717529297,1.1970244646072388
aesfa,000000417911__Baroque__rembrandt_portrait-of-nicolas-van-bambeeck-1641.png,000000417911__Baroque__rembrandt_portrait-of-nicolas-van-bambeeck-1641,000000417911,Baroque__rembrandt_portrait-of-nicolas-van-bambeeck-1641,0.29877063632011414,0.6188771724700928,0.4856995362794583,2.414853096008301,0.7374363541603088
aesfa,000000417911__Color_Field_Painting__leon-berkowitz_dark-light-rose-gold-1978.png,000000417911__Color_Field_Painting__leon-berkowitz_dark-light-rose-gold-1978,000000417911,Color_Field_Painting__leon-berkowitz_dark-light-rose-gold-1978,0.36139726638793945,0.8814390301704407,0.361864483122058,3.1098315715789795,1.2262686491012573
aesfa,000000417911__Cubism__salvador-dali_cubist-composition-portrait-of-a-seated-person-holding-a-letter.png,000000417911__Cubism__salvador-dali_cubist-composition-portrait-of-a-seated-person-holding-a-letter,000000417911,Cubism__salvador-dali_cubist-composition-portrait-of-a-seated-person-holding-a-letter,0.5424693822860718,0.6494059562683105,0.46153021850306136,2.5304665565490723,0.9892947673797607
aesfa,000000417911__Early_Renaissance__pietro-perugino_st-jerome-who-attends-two-unfairly-hanged-1473.png,000000417911__Early_Renaissance__pietro-perugino_st-jerome-who-attends-two-unfairly-hanged-1473,000000417911,Early_Renaissance__pietro-perugino_st-jerome-who-attends-two-unfairly-hanged-1473,0.43552687764167786,0.6479901075363159,0.38251567449648305,2.6877522468566895,1.6805338859558105
aesfa,000000417911__Expressionism__amedeo-modigliani_germaine-survage-with-earrings-1918.png,000000417911__Expressionism__amedeo-modigliani_germaine-survage-with-earrings-1918,000000417911,Expressionism__amedeo-modigliani_germaine-survage-with-earrings-1918,0.48989152908325195,0.7138018608093262,0.3950131482943678,2.422020435333252,0.8822576403617859
aesfa,000000417911__High_Renaissance__raphael_madonna-and-child-enthroned-with-saints-1505.png,000000417911__High_Renaissance__raphael_madonna-and-child-enthroned-with-saints-1505,000000417911,High_Renaissance__raphael_madonna-and-child-enthroned-with-saints-1505,0.4561590850353241,0.6439028978347778,0.4206336814574834,2.922646999359131,2.713273048400879
aesfa,000000417911__Impressionism__pierre-auguste-renoir_leaving-the-bath-1890.png,000000417911__Impressionism__pierre-auguste-renoir_leaving-the-bath-1890,000000417911,Impressionism__pierre-auguste-renoir_leaving-the-bath-1890,0.5142118334770203,0.6926383972167969,0.3305089663605932,2.580687999725342,0.8947750926017761
aesfa,000000417911__Mannerism_Late_Renaissance__tintoretto_st-mark-rescuing-a-saracen-from-shipwreck-1566.png,000000417911__Mannerism_Late_Renaissance__tintoretto_st-mark-rescuing-a-saracen-from-shipwreck-1566,000000417911,Mannerism_Late_Renaissance__tintoretto_st-mark-rescuing-a-saracen-from-shipwreck-1566,0.32850635051727295,0.6456172466278076,0.3617731075455735,2.6773834228515625,1.6093475818634033
aesfa,000000417911__Minimalism__mario-schifano_untitled-1963.png,000000417911__Minimalism__mario-schifano_untitled-1963,000000417911,Minimalism__mario-schifano_untitled-1963,0.4442778527736664,0.9104493260383606,0.29213473812063273,3.011019706726074,1.048322319984436
aesfa,000000417911__Naive_Art_Primitivism__marc-chagall_the-young-samuel-the-priest-s-servant-heard-that-he-is-called-by-god-eli-and-he-were-sleeping.png,000000417911__Naive_Art_Primitivism__marc-chagall_the-young-samuel-the-priest-s-servant-heard-that-he-is-called-by-god-eli-and-he-were-sleeping,000000417911,Naive_Art_Primitivism__marc-chagall_the-young-samuel-the-priest-s-servant-heard-that-he-is-called-by-god-eli-and-he-were-sleeping,0.390912264585495,0.5875893831253052,0.23721273589587896,2.37081241607666,1.3203424215316772
aesfa,000000417911__Northern_Renaissance__albrecht-durer_lamentation-over-christ-1507.png,000000417911__Northern_Renaissance__albrecht-durer_lamentation-over-christ-1507,000000417911,Northern_Renaissance__albrecht-durer_lamentation-over-christ-1507,0.2969072461128235,0.6246908903121948,0.2488767590039002,2.756298542022705,2.9736554622650146
aesfa,000000417911__Pop_Art__peter-max_composition-red-green-1979.png,000000417911__Pop_Art__peter-max_composition-red-green-1979,000000417911,Pop_Art__peter-max_composition-red-green-1979,0.505334198474884,0.6250778436660767,0.4520568164086627,2.812861919403076,2.5232958793640137
aesfa,000000417911__Post_Impressionism__vincent-van-gogh_restaurant-de-la-sirene-at-asnieres-1887.png,000000417911__Post_Impressionism__vincent-van-gogh_restaurant-de-la-sirene-at-asnieres-1887,000000417911,Post_Impressionism__vincent-van-gogh_restaurant-de-la-sirene-at-asnieres-1887,0.39116477966308594,0.6892605423927307,0.23132656092567233,2.74931001663208,1.7312204837799072
aesfa,000000417911__Realism__vincent-van-gogh_cottage-with-peasant-coming-home-1885(1).png,000000417911__Realism__vincent-van-gogh_cottage-with-peasant-coming-home-1885(1),000000417911,Realism__vincent-van-gogh_cottage-with-peasant-coming-home-1885(1),0.5296126008033752,0.5078883767127991,0.4584782390310552,2.2656784057617188,0.5783389210700989
aesfa,000000417911__Rococo__dmitry-levitzky_portrait-of-baron-a-n-stroganoff.png,000000417911__Rococo__dmitry-levitzky_portrait-of-baron-a-n-stroganoff,000000417911,Rococo__dmitry-levitzky_portrait-of-baron-a-n-stroganoff,0.33272385597229004,0.6263235211372375,0.5249107694686923,2.3889219760894775,0.8500615358352661
aesfa,000000417911__Romanticism__gustave-dore_paradise-lost-4.png,000000417911__Romanticism__gustave-dore_paradise-lost-4,000000417911,Romanticism__gustave-dore_paradise-lost-4,0.28875818848609924,0.6060845851898193,0.33277092836920374,2.416818141937256,1.2294518947601318
aesfa,000000417911__Symbolism__nicholas-roerich_language-of-forest-1922.png,000000417911__Symbolism__nicholas-roerich_language-of-forest-1922,000000417911,Symbolism__nicholas-roerich_language-of-forest-1922,0.4415013790130615,0.688532829284668,0.3448059362393598,2.8438405990600586,1.577440619468689
aesfa,000000417911__Ukiyo_e__kitagawa-utamaro_not_detected_233134.png,000000417911__Ukiyo_e__kitagawa-utamaro_not_detected_233134,000000417911,Ukiyo_e__kitagawa-utamaro_not_detected_233134,0.5053343772888184,0.6749827861785889,0.477196981600436,2.5849761962890625,2.5502731800079346
aesfa,000000427034__Abstract_Expressionism__paul-jenkins_not_detected_235703.png,000000427034__Abstract_Expressionism__paul-jenkins_not_detected_235703,000000427034,Abstract_Expressionism__paul-jenkins_not_detected_235703,0.5014703869819641,0.5729416608810425,0.5292268685925235,2.241436004638672,0.8196179866790771
aesfa,000000427034__Art_Nouveau_Modern__nicholas-roerich_oze-1914.png,000000427034__Art_Nouveau_Modern__nicholas-roerich_oze-1914,000000427034,Art_Nouveau_Modern__nicholas-roerich_oze-1914,0.5288192629814148,0.5808254480361938,0.4997655100635151,2.3437118530273438,1.0822007656097412
aesfa,000000427034__Baroque__rembrandt_portrait-of-nicolas-van-bambeeck-1641.png,000000427034__Baroque__rembrandt_portrait-of-nicolas-van-bambeeck-1641,000000427034,Baroque__rembrandt_portrait-of-nicolas-van-bambeeck-1641,0.4177771806716919,0.5964043140411377,0.5090966866062763,2.2434628009796143,0.6798849105834961
aesfa,000000427034__Color_Field_Painting__leon-berkowitz_dark-light-rose-gold-1978.png,000000427034__Color_Field_Painting__leon-berkowitz_dark-light-rose-gold-1978,000000427034,Color_Field_Painting__leon-berkowitz_dark-light-rose-gold-1978,0.35447362065315247,0.7796419262886047,0.31527868947427073,3.212310791015625,1.1960090398788452
aesfa,000000427034__Cubism__salvador-dali_cubist-composition-portrait-of-a-seated-person-holding-a-letter.png,000000427034__Cubism__salvador-dali_cubist-composition-portrait-of-a-seated-person-holding-a-letter,000000427034,Cubism__salvador-dali_cubist-composition-portrait-of-a-seated-person-holding-a-letter,0.5630244612693787,0.7367334365844727,0.498582011846761,2.2071242332458496,0.7618097066879272
aesfa,000000427034__Early_Renaissance__pietro-perugino_st-jerome-who-attends-two-unfairly-hanged-1473.png,000000427034__Early_Renaissance__pietro-perugino_st-jerome-who-attends-two-unfairly-hanged-1473,000000427034,Early_Renaissance__pietro-perugino_st-jerome-who-attends-two-unfairly-hanged-1473,0.4709806442260742,0.5686603784561157,0.36903307027054183,2.2141668796539307,1.3087897300720215
aesfa,000000427034__Expressionism__amedeo-modigliani_germaine-survage-with-earrings-1918.png,000000427034__Expressionism__amedeo-modigliani_germaine-survage-with-earrings-1918,000000427034,Expressionism__amedeo-modigliani_germaine-survage-with-earrings-1918,0.56277996301651,0.6024085283279419,0.47440172746429304,2.1068897247314453,0.6638615131378174
aesfa,000000427034__High_Renaissance__raphael_madonna-and-child-enthroned-with-saints-1505.png,000000427034__High_Renaissance__raphael_madonna-and-child-enthroned-with-saints-1505,000000427034,High_Renaissance__raphael_madonna-and-child-enthroned-with-saints-1505,0.537235677242279,0.5042195916175842,0.4824358809953642,2.1918487548828125,2.18760347366333
aesfa,000000427034__Impressionism__pierre-auguste-renoir_leaving-the-bath-1890.png,000000427034__Impressionism__pierre-auguste-renoir_leaving-the-bath-1890,000000427034,Impressionism__pierre-auguste-renoir_leaving-the-bath-1890,0.5012302994728088,0.6158517599105835,0.4236561841746146,2.3945419788360596,0.6249916553497314
aesfa,000000427034__Mannerism_Late_Renaissance__tintoretto_st-mark-rescuing-a-saracen-from-shipwreck-1566.png,000000427034__Mannerism_Late_Renaissance__tintoretto_st-mark-rescuing-a-saracen-from-shipwreck-1566,000000427034,Mannerism_Late_Renaissance__tintoretto_st-mark-rescuing-a-saracen-from-shipwreck-1566,0.3906666338443756,0.5540246963500977,0.33509186474378905,2.33189058303833,1.2265677452087402
aesfa,000000427034__Minimalism__mario-schifano_untitled-1963.png,000000427034__Minimalism__mario-schifano_untitled-1963,000000427034,Minimalism__mario-schifano_untitled-1963,0.4262806475162506,0.9148433804512024,0.4526751941864776,2.8710765838623047,1.2054016590118408
aesfa,000000427034__Naive_Art_Primitivism__marc-chagall_the-young-samuel-the-priest-s-servant-heard-that-he-is-called-by-god-eli-and-he-were-sleeping.png,000000427034__Naive_Art_Primitivism__marc-chagall_the-young-samuel-the-priest-s-servant-heard-that-he-is-called-by-god-eli-and-he-were-sleeping,000000427034,Naive_Art_Primitivism__marc-chagall_the-young-samuel-the-priest-s-servant-heard-that-he-is-called-by-god-eli-and-he-were-sleeping,0.33034196496009827,0.6296898126602173,0.20738727918376845,2.3617634773254395,1.2891007661819458
aesfa,000000427034__Northern_Renaissance__albrecht-durer_lamentation-over-christ-1507.png,000000427034__Northern_Renaissance__albrecht-durer_lamentation-over-christ-1507,000000427034,Northern_Renaissance__albrecht-durer_lamentation-over-christ-1507,0.2817678451538086,0.6281362771987915,0.22233219751055017,2.533876419067383,2.4574408531188965
aesfa,000000427034__Pop_Art__peter-max_composition-red-green-1979.png,000000427034__Pop_Art__peter-max_composition-red-green-1979,000000427034,Pop_Art__peter-max_composition-red-green-1979,0.4552403390407562,0.5923709869384766,0.5585795316793146,2.5157229900360107,2.1644792556762695
aesfa,000000427034__Post_Impressionism__vincent-van-gogh_restaurant-de-la-sirene-at-asnieres-1887.png,000000427034__Post_Impressionism__vincent-van-gogh_restaurant-de-la-sirene-at-asnieres-1887,000000427034,Post_Impressionism__vincent-van-gogh_restaurant-de-la-sirene-at-asnieres-1887,0.3638969361782074,0.6183403730392456,0.20364907025297288,2.4571070671081543,2.0209760665893555
aesfa,000000427034__Realism__vincent-van-gogh_cottage-with-peasant-coming-home-1885(1).png,000000427034__Realism__vincent-van-gogh_cottage-with-peasant-coming-home-1885(1),000000427034,Realism__vincent-van-gogh_cottage-with-peasant-coming-home-1885(1),0.5502825379371643,0.5321539640426636,0.48603733695231566,1.9968206882476807,0.602618396282196
aesfa,000000427034__Rococo__dmitry-levitzky_portrait-of-baron-a-n-stroganoff.png,000000427034__Rococo__dmitry-levitzky_portrait-of-baron-a-n-stroganoff,000000427034,Rococo__dmitry-levitzky_portrait-of-baron-a-n-stroganoff,0.4606674611568451,0.5770450830459595,0.5669288771974149,2.240269660949707,0.752571702003479
aesfa,000000427034__Romanticism__gustave-dore_paradise-lost-4.png,000000427034__Romanticism__gustave-dore_paradise-lost-4,000000427034,Romanticism__gustave-dore_paradise-lost-4,0.36023473739624023,0.6060800552368164,0.2763321800203524,2.123460292816162,1.322481393814087
aesfa,000000427034__Symbolism__nicholas-roerich_language-of-forest-1922.png,000000427034__Symbolism__nicholas-roerich_language-of-forest-1922,000000427034,Symbolism__nicholas-roerich_language-of-forest-1922,0.45661941170692444,0.5902575254440308,0.36189478233986994,2.3020005226135254,1.3130300045013428
aesfa,000000427034__Ukiyo_e__kitagawa-utamaro_not_detected_233134.png,000000427034__Ukiyo_e__kitagawa-utamaro_not_detected_233134,000000427034,Ukiyo_e__kitagawa-utamaro_not_detected_233134,0.4707687795162201,0.5649888515472412,0.44653270465243017,2.217625141143799,1.9924547672271729
aesfa,000000435003__Abstract_Expressionism__paul-jenkins_not_detected_235703.png,000000435003__Abstract_Expressionism__paul-jenkins_not_detected_235703,000000435003,Abstract_Expressionism__paul-jenkins_not_detected_235703,0.39192891120910645,0.5620476603507996,0.33848380667103495,2.604261875152588,1.0402884483337402
aesfa,000000435003__Art_Nouveau_Modern__nicholas-roerich_oze-1914.png,000000435003__Art_Nouveau_Modern__nicholas-roerich_oze-1914,000000435003,Art_Nouveau_Modern__nicholas-roerich_oze-1914,0.49799859523773193,0.550938069820404,0.4810749520839836,2.367915630340576,1.0728325843811035
aesfa,000000435003__Baroque__rembrandt_portrait-of-nicolas-van-bambeeck-1641.png,000000435003__Baroque__rembrandt_portrait-of-nicolas-van-bambeeck-1641,000000435003,Baroque__rembrandt_portrait-of-nicolas-van-bambeeck-1641,0.3481055200099945,0.5966163873672485,0.3516649528535926,2.6119866371154785,0.7913617491722107
aesfa,000000435003__Color_Field_Painting__leon-berkowitz_dark-light-rose-gold-1978.png,000000435003__Color_Field_Painting__leon-berkowitz_dark-light-rose-gold-1978,000000435003,Color_Field_Painting__leon-berkowitz_dark-light-rose-gold-1978,0.2874901592731476,0.8119176626205444,0.2923457452818733,3.4014463424682617,1.1217503547668457
aesfa,000000435003__Cubism__salvador-dali_cubist-composition-portrait-of-a-seated-person-holding-a-letter.png,000000435003__Cubism__salvador-dali_cubist-composition-portrait-of-a-seated-person-holding-a-letter,000000435003,Cubism__salvador-dali_cubist-composition-portrait-of-a-seated-person-holding-a-letter,0.4911319315433502,0.6761285066604614,0.4389344438932379,2.3329625129699707,0.8107727766036987
aesfa,000000435003__Early_Renaissance__pietro-perugino_st-jerome-who-attends-two-unfairly-hanged-1473.png,000000435003__Early_Renaissance__pietro-perugino_st-jerome-who-attends-two-unfairly-hanged-1473,000000435003,Early_Renaissance__pietro-perugino_st-jerome-who-attends-two-unfairly-hanged-1473,0.48758745193481445,0.5413051843643188,0.46382072305511834,2.3932268619537354,1.4210513830184937
aesfa,000000435003__Expressionism__amedeo-modigliani_germaine-survage-with-earrings-1918.png,000000435003__Expressionism__amedeo-modigliani_germaine-survage-with-earrings-1918,000000435003,Expressionism__amedeo-modigliani_germaine-survage-with-earrings-1918,0.4657125473022461,0.659838080406189,0.4562712119508469,2.409752607345581,0.8999695181846619
aesfa,000000435003__High_Renaissance__raphael_madonna-and-child-enthroned-with-saints-1505.png,000000435003__High_Renaissance__raphael_madonna-and-child-enthroned-with-saints-1505,000000435003,High_Renaissance__raphael_madonna-and-child-enthroned-with-saints-1505,0.540931761264801,0.46905508637428284,0.5097268311711084,2.0799527168273926,2.296293258666992
aesfa,000000435003__Impressionism__pierre-auguste-renoir_leaving-the-bath-1890.png,000000435003__Impressionism__pierre-auguste-renoir_leaving-the-bath-1890,000000435003,Impressionism__pierre-auguste-renoir_leaving-the-bath-1890,0.44674500823020935,0.6248219013214111,0.4034394685005731,2.6121296882629395,0.6870129108428955
aesfa,000000435003__Mannerism_Late_Renaissance__tintoretto_st-mark-rescuing-a-saracen-from-shipwreck-1566.png,000000435003__Mannerism_Late_Renaissance__tintoretto_st-mark-rescuing-a-saracen-from-shipwreck-1566,000000435003,Mannerism_Late_Renaissance__tintoretto_st-mark-rescuing-a-saracen-from-shipwreck-1566,0.4492206871509552,0.5128411054611206,0.4574407177428445,2.2904927730560303,1.5503201484680176
aesfa,000000435003__Minimalism__mario-schifano_untitled-1963.png,000000435003__Minimalism__mario-schifano_untitled-1963,000000435003,Minimalism__mario-schifano_untitled-1963,0.2791142463684082,0.9918490648269653,0.14448380391274468,3.2111964225769043,1.1662439107894897
aesfa,000000435003__Naive_Art_Primitivism__marc-chagall_the-young-samuel-the-priest-s-servant-heard-that-he-is-called-by-god-eli-and-he-were-sleeping.png,000000435003__Naive_Art_Primitivism__marc-chagall_the-young-samuel-the-priest-s-servant-heard-that-he-is-called-by-god-eli-and-he-were-sleeping,000000435003,Naive_Art_Primitivism__marc-chagall_the-young-samuel-the-priest-s-servant-heard-that-he-is-called-by-god-eli-and-he-were-sleeping,0.36040568351745605,0.5518579483032227,0.3265151657964857,2.4828293323516846,1.322730541229248
aesfa,000000435003__Northern_Renaissance__albrecht-durer_lamentation-over-christ-1507.png,000000435003__Northern_Renaissance__albrecht-durer_lamentation-over-christ-1507,000000435003,Northern_Renaissance__albrecht-durer_lamentation-over-christ-1507,0.3232729732990265,0.533161997795105,0.3092240668654481,2.3588109016418457,2.600379467010498
aesfa,000000435003__Pop_Art__peter-max_composition-red-green-1979.png,000000435003__Pop_Art__peter-max_composition-red-green-1979,000000435003,Pop_Art__peter-max_composition-red-green-1979,0.32906022667884827,0.5876738429069519,0.3034169937995491,2.6011252403259277,2.168137550354004
aesfa,000000435003__Post_Impressionism__vincent-van-gogh_restaurant-de-la-sirene-at-asnieres-1887.png,000000435003__Post_Impressionism__vincent-van-gogh_restaurant-de-la-sirene-at-asnieres-1887,000000435003,Post_Impressionism__vincent-van-gogh_restaurant-de-la-sirene-at-asnieres-1887,0.3923904597759247,0.5759844779968262,0.344264472016065,2.338268280029297,2.043457269668579
aesfa,000000435003__Realism__vincent-van-gogh_cottage-with-peasant-coming-home-1885(1).png,000000435003__Realism__vincent-van-gogh_cottage-with-peasant-coming-home-1885(1),000000435003,Realism__vincent-van-gogh_cottage-with-peasant-coming-home-1885(1),0.4840560853481293,0.5075276494026184,0.49250785286655696,2.2142436504364014,0.6330997347831726
aesfa,000000435003__Rococo__dmitry-levitzky_portrait-of-baron-a-n-stroganoff.png,000000435003__Rococo__dmitry-levitzky_portrait-of-baron-a-n-stroganoff,000000435003,Rococo__dmitry-levitzky_portrait-of-baron-a-n-stroganoff,0.37376081943511963,0.6010715365409851,0.39908773446997636,2.5221500396728516,0.9072922468185425
aesfa,000000435003__Romanticism__gustave-dore_paradise-lost-4.png,000000435003__Romanticism__gustave-dore_paradise-lost-4,000000435003,Romanticism__gustave-dore_paradise-lost-4,0.4034977853298187,0.5220019817352295,0.39570450070852636,2.2897424697875977,1.3775293827056885
aesfa,000000435003__Symbolism__nicholas-roerich_language-of-forest-1922.png,000000435003__Symbolism__nicholas-roerich_language-of-forest-1922,000000435003,Symbolism__nicholas-roerich_language-of-forest-1922,0.48655569553375244,0.5293965339660645,0.4678123121204801,2.176041603088379,1.4705140590667725
aesfa,000000435003__Ukiyo_e__kitagawa-utamaro_not_detected_233134.png,000000435003__Ukiyo_e__kitagawa-utamaro_not_detected_233134,000000435003,Ukiyo_e__kitagawa-utamaro_not_detected_233134,0.4155302047729492,0.5449374318122864,0.47967773588919793,2.192607879638672,1.8471800088882446
aesfa,000000464251__Abstract_Expressionism__paul-jenkins_not_detected_235703.png,000000464251__Abstract_Expressionism__paul-jenkins_not_detected_235703,000000464251,Abstract_Expressionism__paul-jenkins_not_detected_235703,0.4017772674560547,0.8195738792419434,0.5509804121353445,2.661606788635254,1.0495004653930664
aesfa,000000464251__Art_Nouveau_Modern__nicholas-roerich_oze-1914.png,000000464251__Art_Nouveau_Modern__nicholas-roerich_oze-1914,000000464251,Art_Nouveau_Modern__nicholas-roerich_oze-1914,0.5080869793891907,0.8718084096908569,0.6052617527372258,2.312098503112793,1.15182363986969
aesfa,000000464251__Baroque__rembrandt_portrait-of-nicolas-van-bambeeck-1641.png,000000464251__Baroque__rembrandt_portrait-of-nicolas-van-bambeeck-1641,000000464251,Baroque__rembrandt_portrait-of-nicolas-van-bambeeck-1641,0.4351920187473297,0.6478261351585388,0.5979085464497634,2.50850772857666,0.6986550688743591
aesfa,000000464251__Color_Field_Painting__leon-berkowitz_dark-light-rose-gold-1978.png,000000464251__Color_Field_Painting__leon-berkowitz_dark-light-rose-gold-1978,000000464251,Color_Field_Painting__leon-berkowitz_dark-light-rose-gold-1978,0.3348986804485321,0.9299105405807495,0.38963710670644647,3.3745946884155273,0.9761641621589661
aesfa,000000464251__Cubism__salvador-dali_cubist-composition-portrait-of-a-seated-person-holding-a-letter.png,000000464251__Cubism__salvador-dali_cubist-composition-portrait-of-a-seated-person-holding-a-letter,000000464251,Cubism__salvador-dali_cubist-composition-portrait-of-a-seated-person-holding-a-letter,0.5126973986625671,0.6864475011825562,0.5982883665253906,2.2590079307556152,0.8240538835525513
aesfa,000000464251__Early_Renaissance__pietro-perugino_st-jerome-who-attends-two-unfairly-hanged-1473.png,000000464251__Early_Renaissance__pietro-perugino_st-jerome-who-attends-two-unfairly-hanged-1473,000000464251,Early_Renaissance__pietro-perugino_st-jerome-who-attends-two-unfairly-hanged-1473,0.45750412344932556,0.7157740592956543,0.38280121415176327,2.4664697647094727,1.43129301071167
aesfa,000000464251__Expressionism__amedeo-modigliani_germaine-survage-with-earrings-1918.png,000000464251__Expressionism__amedeo-modigliani_germaine-survage-with-earrings-1918,000000464251,Expressionism__amedeo-modigliani_germaine-survage-with-earrings-1918,0.5192675590515137,0.6142698526382446,0.5653809314037727,2.2964813709259033,0.7962253093719482
aesfa,000000464251__High_Renaissance__raphael_madonna-and-child-enthroned-with-saints-1505.png,000000464251__High_Renaissance__raphael_madonna-and-child-enthroned-with-saints-1505,000000464251,High_Renaissance__raphael_madonna-and-child-enthroned-with-saints-1505,0.4931669533252716,0.7318444848060608,0.5012354505942864,2.4233715534210205,2.323976993560791
aesfa,000000464251__Impressionism__pierre-auguste-renoir_leaving-the-bath-1890.png,000000464251__Impressionism__pierre-auguste-renoir_leaving-the-bath-1890,000000464251,Impressionism__pierre-auguste-renoir_leaving-the-bath-1890,0.4694646894931793,0.6735436916351318,0.49005723472235224,2.5594170093536377,0.5875197052955627
aesfa,000000464251__Mannerism_Late_Renaissance__tintoretto_st-mark-rescuing-a-saracen-from-shipwreck-1566.png,000000464251__Mannerism_Late_Renaissance__tintoretto_st-mark-rescuing-a-saracen-from-shipwreck-1566,000000464251,Mannerism_Late_Renaissance__tintoretto_st-mark-rescuing-a-saracen-from-shipwreck-1566,0.4437766969203949,0.7221320867538452,0.4538619530450295,2.3840203285217285,1.3643012046813965
aesfa,000000464251__Minimalism__mario-schifano_untitled-1963.png,000000464251__Minimalism__mario-schifano_untitled-1963,000000464251,Minimalism__mario-schifano_untitled-1963,0.31600573658943176,0.6892517805099487,0.3217249767949017,3.1715025901794434,1.100834846496582
aesfa,000000464251__Naive_Art_Primitivism__marc-chagall_the-young-samuel-the-priest-s-servant-heard-that-he-is-called-by-god-eli-and-he-were-sleeping.png,000000464251__Naive_Art_Primitivism__marc-chagall_the-young-samuel-the-priest-s-servant-heard-that-he-is-called-by-god-eli-and-he-were-sleeping,000000464251,Naive_Art_Primitivism__marc-chagall_the-young-samuel-the-priest-s-servant-heard-that-he-is-called-by-god-eli-and-he-were-sleeping,0.30572134256362915,0.8452913165092468,0.2602495678461905,2.5216593742370605,1.2329983711242676
aesfa,000000464251__Northern_Renaissance__albrecht-durer_lamentation-over-christ-1507.png,000000464251__Northern_Renaissance__albrecht-durer_lamentation-over-christ-1507,000000464251,Northern_Renaissance__albrecht-durer_lamentation-over-christ-1507,0.2730952799320221,0.8419015407562256,0.24891286643357635,2.6346538066864014,2.4704418182373047
aesfa,000000464251__Pop_Art__peter-max_composition-red-green-1979.png,000000464251__Pop_Art__peter-max_composition-red-green-1979,000000464251,Pop_Art__peter-max_composition-red-green-1979,0.329289048910141,0.7303234934806824,0.47973289144395875,2.663496971130371,2.1315650939941406
aesfa,000000464251__Post_Impressionism__vincent-van-gogh_restaurant-de-la-sirene-at-asnieres-1887.png,000000464251__Post_Impressionism__vincent-van-gogh_restaurant-de-la-sirene-at-asnieres-1887,000000464251,Post_Impressionism__vincent-van-gogh_restaurant-de-la-sirene-at-asnieres-1887,0.32800230383872986,0.7398988604545593,0.2562637118979314,2.709658622741699,2.087801456451416
aesfa,000000464251__Realism__vincent-van-gogh_cottage-with-peasant-coming-home-1885(1).png,000000464251__Realism__vincent-van-gogh_cottage-with-peasant-coming-home-1885(1),000000464251,Realism__vincent-van-gogh_cottage-with-peasant-coming-home-1885(1),0.4605010747909546,0.6407585144042969,0.556217138273185,2.2409353256225586,0.4991670846939087
aesfa,000000464251__Rococo__dmitry-levitzky_portrait-of-baron-a-n-stroganoff.png,000000464251__Rococo__dmitry-levitzky_portrait-of-baron-a-n-stroganoff,000000464251,Rococo__dmitry-levitzky_portrait-of-baron-a-n-stroganoff,0.48349714279174805,0.5802233815193176,0.6398198274971623,2.326077938079834,0.8431420922279358
aesfa,000000464251__Romanticism__gustave-dore_paradise-lost-4.png,000000464251__Romanticism__gustave-dore_paradise-lost-4,000000464251,Romanticism__gustave-dore_paradise-lost-4,0.39108791947364807,0.7859451770782471,0.34508411122210375,2.3685128688812256,1.4361869096755981
aesfa,000000464251__Symbolism__nicholas-roerich_language-of-forest-1922.png,000000464251__Symbolism__nicholas-roerich_language-of-forest-1922,000000464251,Symbolism__nicholas-roerich_language-of-forest-1922,0.43328723311424255,0.853252112865448,0.40629716407772,2.538210391998291,1.346388816833496
aesfa,000000464251__Ukiyo_e__kitagawa-utamaro_not_detected_233134.png,000000464251__Ukiyo_e__kitagawa-utamaro_not_detected_233134,000000464251,Ukiyo_e__kitagawa-utamaro_not_detected_233134,0.3705403804779053,0.69210284948349,0.47217845595777,2.4041171073913574,2.160416841506958
aesfa,000000464786__Abstract_Expressionism__paul-jenkins_not_detected_235703.png,000000464786__Abstract_Expressionism__paul-jenkins_not_detected_235703,000000464786,Abstract_Expressionism__paul-jenkins_not_detected_235703,0.5691940784454346,0.7236592769622803,0.6315470127081371,2.719212532043457,0.9519212245941162
aesfa,000000464786__Art_Nouveau_Modern__nicholas-roerich_oze-1914.png,000000464786__Art_Nouveau_Modern__nicholas-roerich_oze-1914,000000464786,Art_Nouveau_Modern__nicholas-roerich_oze-1914,0.5043917298316956,0.7417964339256287,0.5022799354092438,3.090914249420166,1.246894359588623
aesfa,000000464786__Baroque__rembrandt_portrait-of-nicolas-van-bambeeck-1641.png,000000464786__Baroque__rembrandt_portrait-of-nicolas-van-bambeeck-1641,000000464786,Baroque__rembrandt_portrait-of-nicolas-van-bambeeck-1641,0.4530753195285797,0.6989765167236328,0.6234548095857603,2.874638080596924,0.7968018054962158
aesfa,000000464786__Color_Field_Painting__leon-berkowitz_dark-light-rose-gold-1978.png,000000464786__Color_Field_Painting__leon-berkowitz_dark-light-rose-gold-1978,000000464786,Color_Field_Painting__leon-berkowitz_dark-light-rose-gold-1978,0.4133091866970062,0.8677663803100586,0.3751801672812143,3.4444124698638916,0.9753182530403137
aesfa,000000464786__Cubism__salvador-dali_cubist-composition-portrait-of-a-seated-person-holding-a-letter.png,000000464786__Cubism__salvador-dali_cubist-composition-portrait-of-a-seated-person-holding-a-letter,000000464786,Cubism__salvador-dali_cubist-composition-portrait-of-a-seated-person-holding-a-letter,0.6320198774337769,0.7874629497528076,0.525431957850633,2.767653465270996,0.8410898447036743
aesfa,000000464786__Early_Renaissance__pietro-perugino_st-jerome-who-attends-two-unfairly-hanged-1473.png,000000464786__Early_Renaissance__pietro-perugino_st-jerome-who-attends-two-unfairly-hanged-1473,000000464786,Early_Renaissance__pietro-perugino_st-jerome-who-attends-two-unfairly-hanged-1473,0.4674665033817291,0.667557954788208,0.3094670492927565,2.7977190017700195,1.7774178981781006
aesfa,000000464786__Expressionism__amedeo-modigliani_germaine-survage-with-earrings-1918.png,000000464786__Expressionism__amedeo-modigliani_germaine-survage-with-earrings-1918,000000464786,Expressionism__amedeo-modigliani_germaine-survage-with-earrings-1918,0.5940783619880676,0.6960816979408264,0.4479988085316307,2.62324857711792,0.8677419424057007
aesfa,000000464786__High_Renaissance__raphael_madonna-and-child-enthroned-with-saints-1505.png,000000464786__High_Renaissance__raphael_madonna-and-child-enthroned-with-saints-1505,000000464786,High_Renaissance__raphael_madonna-and-child-enthroned-with-saints-1505,0.4668741524219513,0.6828722953796387,0.3745709101520763,3.158482789993286,2.9055724143981934
aesfa,000000464786__Impressionism__pierre-auguste-renoir_leaving-the-bath-1890.png,000000464786__Impressionism__pierre-auguste-renoir_leaving-the-bath-1890,000000464786,Impressionism__pierre-auguste-renoir_leaving-the-bath-1890,0.5691801309585571,0.6813411116600037,0.4271921409517996,2.809610366821289,0.7025973796844482
aesfa,000000464786__Mannerism_Late_Renaissance__tintoretto_st-mark-rescuing-a-saracen-from-shipwreck-1566.png,000000464786__Mannerism_Late_Renaissance__tintoretto_st-mark-rescuing-a-saracen-from-shipwreck-1566,000000464786,Mannerism_Late_Renaissance__tintoretto_st-mark-rescuing-a-saracen-from-shipwreck-1566,0.3565845489501953,0.6831976175308228,0.30650471352188113,3.0539371967315674,1.6592687368392944
aesfa,000000464786__Minimalism__mario-schifano_untitled-1963.png,000000464786__Minimalism__mario-schifano_untitled-1963,000000464786,Minimalism__mario-schifano_untitled-1963,0.50009685754776,0.935903787612915,0.5391442169469985,3.364828109741211,1.3587801456451416
aesfa,000000464786__Naive_Art_Primitivism__marc-chagall_the-young-samuel-the-priest-s-servant-heard-that-he-is-called-by-god-eli-and-he-were-sleeping.png,000000464786__Naive_Art_Primitivism__marc-chagall_the-young-samuel-the-priest-s-servant-heard-that-he-is-called-by-god-eli-and-he-were-sleeping,000000464786,Naive_Art_Primitivism__marc-chagall_the-young-samuel-the-priest-s-servant-heard-that-he-is-called-by-god-eli-and-he-were-sleeping,0.30492082238197327,0.7158463001251221,0.1500296262475995,2.856459856033325,1.2461504936218262
aesfa,000000464786__Northern_Renaissance__albrecht-durer_lamentation-over-christ-1507.png,000000464786__Northern_Renaissance__albrecht-durer_lamentation-over-christ-1507,000000464786,Northern_Renaissance__albrecht-durer_lamentation-over-christ-1507,0.25907719135284424,0.7414157390594482,0.16366863666938433,3.177000045776367,2.4846744537353516
aesfa,000000464786__Pop_Art__peter-max_composition-red-green-1979.png,000000464786__Pop_Art__peter-max_composition-red-green-1979,000000464786,Pop_Art__peter-max_composition-red-green-1979,0.46013355255126953,0.6960712671279907,0.5189749785112666,3.0472145080566406,2.2494561672210693
aesfa,000000464786__Post_Impressionism__vincent-van-gogh_restaurant-de-la-sirene-at-asnieres-1887.png,000000464786__Post_Impressionism__vincent-van-gogh_restaurant-de-la-sirene-at-asnieres-1887,000000464786,Post_Impressionism__vincent-van-gogh_restaurant-de-la-sirene-at-asnieres-1887,0.3029724657535553,0.754899799823761,0.15173357312376123,3.2224957942962646,2.304544448852539
aesfa,000000464786__Realism__vincent-van-gogh_cottage-with-peasant-coming-home-1885(1).png,000000464786__Realism__vincent-van-gogh_cottage-with-peasant-coming-home-1885(1),000000464786,Realism__vincent-van-gogh_cottage-with-peasant-coming-home-1885(1),0.5316612720489502,0.6464784741401672,0.3962502185115952,2.805149793624878,0.6923810243606567
aesfa,000000464786__Rococo__dmitry-levitzky_portrait-of-baron-a-n-stroganoff.png,000000464786__Rococo__dmitry-levitzky_portrait-of-baron-a-n-stroganoff,000000464786,Rococo__dmitry-levitzky_portrait-of-baron-a-n-stroganoff,0.487525075674057,0.654358983039856,0.6226423301083324,2.769500255584717,0.7750874161720276
aesfa,000000464786__Romanticism__gustave-dore_paradise-lost-4.png,000000464786__Romanticism__gustave-dore_paradise-lost-4,000000464786,Romanticism__gustave-dore_paradise-lost-4,0.332251638174057,0.7163625955581665,0.2221560399735768,2.842761278152466,1.4229629039764404
aesfa,000000464786__Symbolism__nicholas-roerich_language-of-forest-1922.png,000000464786__Symbolism__nicholas-roerich_language-of-forest-1922,000000464786,Symbolism__nicholas-roerich_language-of-forest-1922,0.42969968914985657,0.7533581256866455,0.2879644051725657,3.0309677124023438,1.9056308269500732
aesfa,000000464786__Ukiyo_e__kitagawa-utamaro_not_detected_233134.png,000000464786__Ukiyo_e__kitagawa-utamaro_not_detected_233134,000000464786,Ukiyo_e__kitagawa-utamaro_not_detected_233134,0.42594102025032043,0.6925878524780273,0.37152584428927987,2.8874740600585938,2.2992358207702637
aesfa,000000475387__Abstract_Expressionism__paul-jenkins_not_detected_235703.png,000000475387__Abstract_Expressionism__paul-jenkins_not_detected_235703,000000475387,Abstract_Expressionism__paul-jenkins_not_detected_235703,0.3158886730670929,0.6044719219207764,0.26132048673353375,2.807657241821289,1.5694271326065063
aesfa,000000475387__Art_Nouveau_Modern__nicholas-roerich_oze-1914.png,000000475387__Art_Nouveau_Modern__nicholas-roerich_oze-1914,000000475387,Art_Nouveau_Modern__nicholas-roerich_oze-1914,0.41198334097862244,0.5325233936309814,0.41431908713411236,2.4623842239379883,1.1210219860076904
aesfa,000000475387__Baroque__rembrandt_portrait-of-nicolas-van-bambeeck-1641.png,000000475387__Baroque__rembrandt_portrait-of-nicolas-van-bambeeck-1641,000000475387,Baroque__rembrandt_portrait-of-nicolas-van-bambeeck-1641,0.24206411838531494,0.6652422547340393,0.2469187061153665,2.800286054611206,0.9212849140167236
aesfa,000000475387__Color_Field_Painting__leon-berkowitz_dark-light-rose-gold-1978.png,000000475387__Color_Field_Painting__leon-berkowitz_dark-light-rose-gold-1978,000000475387,Color_Field_Painting__leon-berkowitz_dark-light-rose-gold-1978,0.21290379762649536,0.8178465962409973,0.23225954875397398,3.482548475265503,1.0782943964004517
aesfa,000000475387__Cubism__salvador-dali_cubist-composition-portrait-of-a-seated-person-holding-a-letter.png,000000475387__Cubism__salvador-dali_cubist-composition-portrait-of-a-seated-person-holding-a-letter,000000475387,Cubism__salvador-dali_cubist-composition-portrait-of-a-seated-person-holding-a-letter,0.3964713513851166,0.7716255187988281,0.3506497056621183,2.5596506595611572,1.0208103656768799
aesfa,000000475387__Early_Renaissance__pietro-perugino_st-jerome-who-attends-two-unfairly-hanged-1473.png,000000475387__Early_Renaissance__pietro-perugino_st-jerome-who-attends-two-unfairly-hanged-1473,000000475387,Early_Renaissance__pietro-perugino_st-jerome-who-attends-two-unfairly-hanged-1473,0.48762622475624084,0.5543962717056274,0.49048670338205796,2.4882359504699707,1.706382155418396
aesfa,000000475387__Expressionism__amedeo-modigliani_germaine-survage-with-earrings-1918.png,000000475387__Expressionism__amedeo-modigliani_germaine-survage-with-earrings-1918,000000475387,Expressionism__amedeo-modigliani_germaine-survage-with-earrings-1918,0.4023779630661011,0.6818158626556396,0.4047830491994778,2.5694305896759033,1.1287387609481812
aesfa,000000475387__High_Renaissance__raphael_madonna-and-child-enthroned-with-saints-1505.png,000000475387__High_Renaissance__raphael_madonna-and-child-enthroned-with-saints-1505,000000475387,High_Renaissance__raphael_madonna-and-child-enthroned-with-saints-1505,0.5237111449241638,0.4689989686012268,0.5029309459645295,2.222684860229492,2.1074788570404053
aesfa,000000475387__Impressionism__pierre-auguste-renoir_leaving-the-bath-1890.png,000000475387__Impressionism__pierre-auguste-renoir_leaving-the-bath-1890,000000475387,Impressionism__pierre-auguste-renoir_leaving-the-bath-1890,0.37260758876800537,0.6666440963745117,0.32987597971945465,2.8803036212921143,0.8814211487770081
aesfa,000000475387__Mannerism_Late_Renaissance__tintoretto_st-mark-rescuing-a-saracen-from-shipwreck-1566.png,000000475387__Mannerism_Late_Renaissance__tintoretto_st-mark-rescuing-a-saracen-from-shipwreck-1566,000000475387,Mannerism_Late_Renaissance__tintoretto_st-mark-rescuing-a-saracen-from-shipwreck-1566,0.43424463272094727,0.5010219216346741,0.4626271814850589,2.388432025909424,1.4587842226028442
aesfa,000000475387__Minimalism__mario-schifano_untitled-1963.png,000000475387__Minimalism__mario-schifano_untitled-1963,000000475387,Minimalism__mario-schifano_untitled-1963,0.1927872747182846,1.0882039070129395,0.10306275931871971,3.3266279697418213,1.3855507373809814
aesfa,000000475387__Naive_Art_Primitivism__marc-chagall_the-young-samuel-the-priest-s-servant-heard-that-he-is-called-by-god-eli-and-he-were-sleeping.png,000000475387__Naive_Art_Primitivism__marc-chagall_the-young-samuel-the-priest-s-servant-heard-that-he-is-called-by-god-eli-and-he-were-sleeping,000000475387,Naive_Art_Primitivism__marc-chagall_the-young-samuel-the-priest-s-servant-heard-that-he-is-called-by-god-eli-and-he-were-sleeping,0.41778564453125,0.5462175607681274,0.3748343705918082,2.594331741333008,1.2174673080444336
aesfa,000000475387__Northern_Renaissance__albrecht-durer_lamentation-over-christ-1507.png,000000475387__Northern_Renaissance__albrecht-durer_lamentation-over-christ-1507,000000475387,Northern_Renaissance__albrecht-durer_lamentation-over-christ-1507,0.412274032831192,0.510648250579834,0.3657979558756328,2.4233503341674805,2.300703525543213
aesfa,000000475387__Pop_Art__peter-max_composition-red-green-1979.png,000000475387__Pop_Art__peter-max_composition-red-green-1979,000000475387,Pop_Art__peter-max_composition-red-green-1979,0.2865009605884552,0.6419551372528076,0.24316946650685425,2.8717925548553467,2.350191593170166
aesfa,000000475387__Post_Impressionism__vincent-van-gogh_restaurant-de-la-sirene-at-asnieres-1887.png,000000475387__Post_Impressionism__vincent-van-gogh_restaurant-de-la-sirene-at-asnieres-1887,000000475387,Post_Impressionism__vincent-van-gogh_restaurant-de-la-sirene-at-asnieres-1887,0.4520042836666107,0.5517089366912842,0.42059423167456017,2.3812551498413086,1.9184986352920532
aesfa,000000475387__Realism__vincent-van-gogh_cottage-with-peasant-coming-home-1885(1).png,000000475387__Realism__vincent-van-gogh_cottage-with-peasant-coming-home-1885(1),000000475387,Realism__vincent-van-gogh_cottage-with-peasant-coming-home-1885(1),0.4775976240634918,0.5139549374580383,0.4595439326669914,2.330674648284912,0.6665290594100952
aesfa,000000475387__Rococo__dmitry-levitzky_portrait-of-baron-a-n-stroganoff.png,000000475387__Rococo__dmitry-levitzky_portrait-of-baron-a-n-stroganoff,000000475387,Rococo__dmitry-levitzky_portrait-of-baron-a-n-stroganoff,0.2664233148097992,0.6446171998977661,0.2950284332904118,2.6288275718688965,0.9797469973564148
aesfa,000000475387__Romanticism__gustave-dore_paradise-lost-4.png,000000475387__Romanticism__gustave-dore_paradise-lost-4,000000475387,Romanticism__gustave-dore_paradise-lost-4,0.3693166673183441,0.5405464172363281,0.40536341062838477,2.452486515045166,1.4767978191375732
aesfa,000000475387__Symbolism__nicholas-roerich_language-of-forest-1922.png,000000475387__Symbolism__nicholas-roerich_language-of-forest-1922,000000475387,Symbolism__nicholas-roerich_language-of-forest-1922,0.47340822219848633,0.5139733552932739,0.5111213872093561,2.360718250274658,1.6450148820877075
aesfa,000000475387__Ukiyo_e__kitagawa-utamaro_not_detected_233134.png,000000475387__Ukiyo_e__kitagawa-utamaro_not_detected_233134,000000475387,Ukiyo_e__kitagawa-utamaro_not_detected_233134,0.41989660263061523,0.5513840913772583,0.44699965856555607,2.399240732192993,1.937204360961914
aesfa,000000484029__Abstract_Expressionism__paul-jenkins_not_detected_235703.png,000000484029__Abstract_Expressionism__paul-jenkins_not_detected_235703,000000484029,Abstract_Expressionism__paul-jenkins_not_detected_235703,0.5042943954467773,0.6034663915634155,0.4942292515229163,2.441685914993286,1.2927629947662354
aesfa,000000484029__Art_Nouveau_Modern__nicholas-roerich_oze-1914.png,000000484029__Art_Nouveau_Modern__nicholas-roerich_oze-1914,000000484029,Art_Nouveau_Modern__nicholas-roerich_oze-1914,0.549318253993988,0.5566626787185669,0.5523335483563184,2.3129663467407227,1.076634407043457
aesfa,000000484029__Baroque__rembrandt_portrait-of-nicolas-van-bambeeck-1641.png,000000484029__Baroque__rembrandt_portrait-of-nicolas-van-bambeeck-1641,000000484029,Baroque__rembrandt_portrait-of-nicolas-van-bambeeck-1641,0.45638296008110046,0.6630874276161194,0.4853306689744603,2.484653949737549,0.830554187297821
aesfa,000000484029__Color_Field_Painting__leon-berkowitz_dark-light-rose-gold-1978.png,000000484029__Color_Field_Painting__leon-berkowitz_dark-light-rose-gold-1978,000000484029,Color_Field_Painting__leon-berkowitz_dark-light-rose-gold-1978,0.33387771248817444,0.8383760452270508,0.3097663540328092,3.259716033935547,1.192803978919983
aesfa,000000484029__Cubism__salvador-dali_cubist-composition-portrait-of-a-seated-person-holding-a-letter.png,000000484029__Cubism__salvador-dali_cubist-composition-portrait-of-a-seated-person-holding-a-letter,000000484029,Cubism__salvador-dali_cubist-composition-portrait-of-a-seated-person-holding-a-letter,0.5228232741355896,0.7434775829315186,0.49789628597433155,2.3628504276275635,0.9207930564880371
aesfa,000000484029__Early_Renaissance__pietro-perugino_st-jerome-who-attends-two-unfairly-hanged-1473.png,000000484029__Early_Renaissance__pietro-perugino_st-jerome-who-attends-two-unfairly-hanged-1473,000000484029,Early_Renaissance__pietro-perugino_st-jerome-who-attends-two-unfairly-hanged-1473,0.48055240511894226,0.5787550210952759,0.4097286316675756,2.2839560508728027,1.4916415214538574
aesfa,000000484029__Expressionism__amedeo-modigliani_germaine-survage-with-earrings-1918.png,000000484029__Expressionism__amedeo-modigliani_germaine-survage-with-earrings-1918,000000484029,Expressionism__amedeo-modigliani_germaine-survage-with-earrings-1918,0.4988747537136078,0.7136424779891968,0.4699866582443734,2.2775161266326904,0.9459470510482788
aesfa,000000484029__High_Renaissance__raphael_madonna-and-child-enthroned-with-saints-1505.png,000000484029__High_Renaissance__raphael_madonna-and-child-enthroned-with-saints-1505,000000484029,High_Renaissance__raphael_madonna-and-child-enthroned-with-saints-1505,0.562096118927002,0.4971162676811218,0.5360555580535916,2.0983052253723145,2.281630754470825
aesfa,000000484029__Impressionism__pierre-auguste-renoir_leaving-the-bath-1890.png,000000484029__Impressionism__pierre-auguste-renoir_leaving-the-bath-1890,000000484029,Impressionism__pierre-auguste-renoir_leaving-the-bath-1890,0.4328193664550781,0.7089544534683228,0.3747882289727489,2.635061264038086,0.814536452293396
aesfa,000000484029__Mannerism_Late_Renaissance__tintoretto_st-mark-rescuing-a-saracen-from-shipwreck-1566.png,000000484029__Mannerism_Late_Renaissance__tintoretto_st-mark-rescuing-a-saracen-from-shipwreck-1566,000000484029,Mannerism_Late_Renaissance__tintoretto_st-mark-rescuing-a-saracen-from-shipwreck-1566,0.4523826539516449,0.575019359588623,0.4227879581196319,2.357846736907959,1.4458270072937012
aesfa,000000484029__Minimalism__mario-schifano_untitled-1963.png,000000484029__Minimalism__mario-schifano_untitled-1963,000000484029,Minimalism__mario-schifano_untitled-1963,0.349494606256485,1.0156729221343994,0.38038232788236764,2.98915433883667,1.3493906259536743
aesfa,000000484029__Naive_Art_Primitivism__marc-chagall_the-young-samuel-the-priest-s-servant-heard-that-he-is-called-by-god-eli-and-he-were-sleeping.png,000000484029__Naive_Art_Primitivism__marc-chagall_the-young-samuel-the-priest-s-servant-heard-that-he-is-called-by-god-eli-and-he-were-sleeping,000000484029,Naive_Art_Primitivism__marc-chagall_the-young-samuel-the-priest-s-servant-heard-that-he-is-called-by-god-eli-and-he-were-sleeping,0.315399706363678,0.6197388768196106,0.24597548495554647,2.413273811340332,1.2761446237564087
aesfa,000000484029__Northern_Renaissance__albrecht-durer_lamentation-over-christ-1507.png,000000484029__Northern_Renaissance__albrecht-durer_lamentation-over-christ-1507,000000484029,Northern_Renaissance__albrecht-durer_lamentation-over-christ-1507,0.305915504693985,0.5825011730194092,0.25064816635326553,2.3313050270080566,2.4320530891418457
aesfa,000000484029__Pop_Art__peter-max_composition-red-green-1979.png,000000484029__Pop_Art__peter-max_composition-red-green-1979,000000484029,Pop_Art__peter-max_composition-red-green-1979,0.3977632224559784,0.6058381795883179,0.5483738329726012,2.482560634613037,1.9106276035308838
aesfa,000000484029__Post_Impressionism__vincent-van-gogh_restaurant-de-la-sirene-at-asnieres-1887.png,000000484029__Post_Impressionism__vincent-van-gogh_restaurant-de-la-sirene-at-asnieres-1887,000000484029,Post_Impressionism__vincent-van-gogh_restaurant-de-la-sirene-at-asnieres-1887,0.34578895568847656,0.6389414668083191,0.24684833656835006,2.3485774993896484,2.056730270385742
aesfa,000000484029__Realism__vincent-van-gogh_cottage-with-peasant-coming-home-1885(1).png,000000484029__Realism__vincent-van-gogh_cottage-with-peasant-coming-home-1885(1),000000484029,Realism__vincent-van-gogh_cottage-with-peasant-coming-home-1885(1),0.5387360453605652,0.5422788858413696,0.5174481889334117,2.0401763916015625,0.7063232660293579
aesfa,000000484029__Rococo__dmitry-levitzky_portrait-of-baron-a-n-stroganoff.png,000000484029__Rococo__dmitry-levitzky_portrait-of-baron-a-n-stroganoff,000000484029,Rococo__dmitry-levitzky_portrait-of-baron-a-n-stroganoff,0.4840332567691803,0.6434560418128967,0.5344733122440205,2.344111919403076,0.9336532354354858
aesfa,000000484029__Romanticism__gustave-dore_paradise-lost-4.png,000000484029__Romanticism__gustave-dore_paradise-lost-4,000000484029,Romanticism__gustave-dore_paradise-lost-4,0.428937166929245,0.5893599987030029,0.353774693365956,2.2266883850097656,1.3758336305618286
aesfa,000000484029__Symbolism__nicholas-roerich_language-of-forest-1922.png,000000484029__Symbolism__nicholas-roerich_language-of-forest-1922,000000484029,Symbolism__nicholas-roerich_language-of-forest-1922,0.46160057187080383,0.5616348385810852,0.40419676387587167,2.2202205657958984,1.4102554321289062
aesfa,000000484029__Ukiyo_e__kitagawa-utamaro_not_detected_233134.png,000000484029__Ukiyo_e__kitagawa-utamaro_not_detected_233134,000000484029,Ukiyo_e__kitagawa-utamaro_not_detected_233134,0.41690853238105774,0.6172798275947571,0.4707265519328005,2.1769442558288574,1.9987337589263916
aesfa,000000485844__Abstract_Expressionism__paul-jenkins_not_detected_235703.png,000000485844__Abstract_Expressionism__paul-jenkins_not_detected_235703,000000485844,Abstract_Expressionism__paul-jenkins_not_detected_235703,0.5070415735244751,0.577305018901825,0.4888141771317279,2.426675319671631,1.101057767868042
aesfa,000000485844__Art_Nouveau_Modern__nicholas-roerich_oze-1914.png,000000485844__Art_Nouveau_Modern__nicholas-roerich_oze-1914,000000485844,Art_Nouveau_Modern__nicholas-roerich_oze-1914,0.516079843044281,0.5231388807296753,0.45480456846831,2.448028564453125,1.1440593004226685
aesfa,000000485844__Baroque__rembrandt_portrait-of-nicolas-van-bambeeck-1641.png,000000485844__Baroque__rembrandt_portrait-of-nicolas-van-bambeeck-1641,000000485844,Baroque__rembrandt_portrait-of-nicolas-van-bambeeck-1641,0.40569519996643066,0.6661937832832336,0.44101299216061335,2.491971015930176,0.7851176857948303
aesfa,000000485844__Color_Field_Painting__leon-berkowitz_dark-light-rose-gold-1978.png,000000485844__Color_Field_Painting__leon-berkowitz_dark-light-rose-gold-1978,000000485844,Color_Field_Painting__leon-berkowitz_dark-light-rose-gold-1978,0.29440295696258545,0.8021342754364014,0.27459224190752135,3.3201184272766113,1.3656672239303589
aesfa,000000485844__Cubism__salvador-dali_cubist-composition-portrait-of-a-seated-person-holding-a-letter.png,000000485844__Cubism__salvador-dali_cubist-composition-portrait-of-a-seated-person-holding-a-letter,000000485844,Cubism__salvador-dali_cubist-composition-portrait-of-a-seated-person-holding-a-letter,0.5060286521911621,0.8371472358703613,0.4550294536429198,2.406768321990967,0.948874294757843
aesfa,000000485844__Early_Renaissance__pietro-perugino_st-jerome-who-attends-two-unfairly-hanged-1473.png,000000485844__Early_Renaissance__pietro-perugino_st-jerome-who-attends-two-unfairly-hanged-1473,000000485844,Early_Renaissance__pietro-perugino_st-jerome-who-attends-two-unfairly-hanged-1473,0.5340123772621155,0.5851746797561646,0.42038390539865694,2.301486015319824,1.2709591388702393
aesfa,000000485844__Expressionism__amedeo-modigliani_germaine-survage-with-earrings-1918.png,000000485844__Expressionism__amedeo-modigliani_germaine-survage-with-earrings-1918,000000485844,Expressionism__amedeo-modigliani_germaine-survage-with-earrings-1918,0.5093491077423096,0.7283655405044556,0.42405774179771477,2.411461353302002,0.9169858694076538
aesfa,000000485844__High_Renaissance__raphael_madonna-and-child-enthroned-with-saints-1505.png,000000485844__High_Renaissance__raphael_madonna-and-child-enthroned-with-saints-1505,000000485844,High_Renaissance__raphael_madonna-and-child-enthroned-with-saints-1505,0.5713507533073425,0.5136799216270447,0.49344248208340946,2.2285866737365723,2.212618112564087
aesfa,000000485844__Impressionism__pierre-auguste-renoir_leaving-the-bath-1890.png,000000485844__Impressionism__pierre-auguste-renoir_leaving-the-bath-1890,000000485844,Impressionism__pierre-auguste-renoir_leaving-the-bath-1890,0.43135586380958557,0.7037631869316101,0.35736815472561756,2.73248028755188,0.8589568138122559
aesfa,000000485844__Mannerism_Late_Renaissance__tintoretto_st-mark-rescuing-a-saracen-from-shipwreck-1566.png,000000485844__Mannerism_Late_Renaissance__tintoretto_st-mark-rescuing-a-saracen-from-shipwreck-1566,000000485844,Mannerism_Late_Renaissance__tintoretto_st-mark-rescuing-a-saracen-from-shipwreck-1566,0.4549911916255951,0.5682257413864136,0.3812918710356161,2.494770050048828,1.4386835098266602
aesfa,000000485844__Minimalism__mario-schifano_untitled-1963.png,000000485844__Minimalism__mario-schifano_untitled-1963,000000485844,Minimalism__mario-schifano_untitled-1963,0.3056872487068176,1.1078572273254395,0.3102322207703774,2.9612340927124023,1.071074366569519
aesfa,000000485844__Naive_Art_Primitivism__marc-chagall_the-young-samuel-the-priest-s-servant-heard-that-he-is-called-by-god-eli-and-he-were-sleeping.png,000000485844__Naive_Art_Primitivism__marc-chagall_the-young-samuel-the-priest-s-servant-heard-that-he-is-called-by-god-eli-and-he-were-sleeping,000000485844,Naive_Art_Primitivism__marc-chagall_the-young-samuel-the-priest-s-servant-heard-that-he-is-called-by-god-eli-and-he-were-sleeping,0.3638237416744232,0.5827927589416504,0.2725057433572316,2.5192761421203613,1.418842077255249
aesfa,000000485844__Northern_Renaissance__albrecht-durer_lamentation-over-christ-1507.png,000000485844__Northern_Renaissance__albrecht-durer_lamentation-over-christ-1507,000000485844,Northern_Renaissance__albrecht-durer_lamentation-over-christ-1507,0.34473133087158203,0.5783743858337402,0.281080534535827,2.4548966884613037,2.4674699306488037
aesfa,000000485844__Pop_Art__peter-max_composition-red-green-1979.png,000000485844__Pop_Art__peter-max_composition-red-green-1979,000000485844,Pop_Art__peter-max_composition-red-green-1979,0.3574013411998749,0.6642500758171082,0.4341583490465654,2.6012911796569824,1.9792900085449219
aesfa,000000485844__Post_Impressionism__vincent-van-gogh_restaurant-de-la-sirene-at-asnieres-1887.png,000000485844__Post_Impressionism__vincent-van-gogh_restaurant-de-la-sirene-at-asnieres-1887,000000485844,Post_Impressionism__vincent-van-gogh_restaurant-de-la-sirene-at-asnieres-1887,0.39844587445259094,0.6415417194366455,0.26417763942602074,2.368025541305542,2.1287524700164795
aesfa,000000485844__Realism__vincent-van-gogh_cottage-with-peasant-coming-home-1885(1).png,000000485844__Realism__vincent-van-gogh_cottage-with-peasant-coming-home-1885(1),000000485844,Realism__vincent-van-gogh_cottage-with-peasant-coming-home-1885(1),0.5636106133460999,0.5614079236984253,0.514579083263762,2.1639859676361084,0.6526449918746948
aesfa,000000485844__Rococo__dmitry-levitzky_portrait-of-baron-a-n-stroganoff.png,000000485844__Rococo__dmitry-levitzky_portrait-of-baron-a-n-stroganoff,000000485844,Rococo__dmitry-levitzky_portrait-of-baron-a-n-stroganoff,0.44656839966773987,0.6582609415054321,0.49357801936791534,2.3887434005737305,0.8830370903015137
aesfa,000000485844__Romanticism__gustave-dore_paradise-lost-4.png,000000485844__Romanticism__gustave-dore_paradise-lost-4,000000485844,Romanticism__gustave-dore_paradise-lost-4,0.4262198209762573,0.5697816014289856,0.3422311223390795,2.3059122562408447,1.337458610534668
aesfa,000000485844__Symbolism__nicholas-roerich_language-of-forest-1922.png,000000485844__Symbolism__nicholas-roerich_language-of-forest-1922,000000485844,Symbolism__nicholas-roerich_language-of-forest-1922,0.4821186065673828,0.565341055393219,0.4029805314580165,2.3529014587402344,1.4738719463348389
aesfa,000000485844__Ukiyo_e__kitagawa-utamaro_not_detected_233134.png,000000485844__Ukiyo_e__kitagawa-utamaro_not_detected_233134,000000485844,Ukiyo_e__kitagawa-utamaro_not_detected_233134,0.4064805805683136,0.6416967511177063,0.4270452495187221,2.450711727142334,2.24786639213562
aesfa,000000510329__Abstract_Expressionism__paul-jenkins_not_detected_235703.png,000000510329__Abstract_Expressionism__paul-jenkins_not_detected_235703,000000510329,Abstract_Expressionism__paul-jenkins_not_detected_235703,0.5109493732452393,0.6032878160476685,0.518398343429926,2.6651389598846436,1.1371537446975708
aesfa,000000510329__Art_Nouveau_Modern__nicholas-roerich_oze-1914.png,000000510329__Art_Nouveau_Modern__nicholas-roerich_oze-1914,000000510329,Art_Nouveau_Modern__nicholas-roerich_oze-1914,0.5090503096580505,0.5767875909805298,0.552644912072926,2.4482035636901855,1.157710313796997
aesfa,000000510329__Baroque__rembrandt_portrait-of-nicolas-van-bambeeck-1641.png,000000510329__Baroque__rembrandt_portrait-of-nicolas-van-bambeeck-1641,000000510329,Baroque__rembrandt_portrait-of-nicolas-van-bambeeck-1641,0.3849858343601227,0.6250386238098145,0.5018726700211499,2.601045846939087,0.808315634727478
aesfa,000000510329__Color_Field_Painting__leon-berkowitz_dark-light-rose-gold-1978.png,000000510329__Color_Field_Painting__leon-berkowitz_dark-light-rose-gold-1978,000000510329,Color_Field_Painting__leon-berkowitz_dark-light-rose-gold-1978,0.3263677656650543,0.8268327713012695,0.34479427823789194,3.4315378665924072,1.2346768379211426
aesfa,000000510329__Cubism__salvador-dali_cubist-composition-portrait-of-a-seated-person-holding-a-letter.png,000000510329__Cubism__salvador-dali_cubist-composition-portrait-of-a-seated-person-holding-a-letter,000000510329,Cubism__salvador-dali_cubist-composition-portrait-of-a-seated-person-holding-a-letter,0.5395100712776184,0.6945217251777649,0.5525342962889326,2.396303653717041,0.8908994197845459
aesfa,000000510329__Early_Renaissance__pietro-perugino_st-jerome-who-attends-two-unfairly-hanged-1473.png,000000510329__Early_Renaissance__pietro-perugino_st-jerome-who-attends-two-unfairly-hanged-1473,000000510329,Early_Renaissance__pietro-perugino_st-jerome-who-attends-two-unfairly-hanged-1473,0.4871196746826172,0.5875927209854126,0.4125200391555736,2.535151481628418,1.4462629556655884
aesfa,000000510329__Expressionism__amedeo-modigliani_germaine-survage-with-earrings-1918.png,000000510329__Expressionism__amedeo-modigliani_germaine-survage-with-earrings-1918,000000510329,Expressionism__amedeo-modigliani_germaine-survage-with-earrings-1918,0.5372087955474854,0.6468902826309204,0.5072819827117231,2.3372817039489746,0.8586487770080566
aesfa,000000510329__High_Renaissance__raphael_madonna-and-child-enthroned-with-saints-1505.png,000000510329__High_Renaissance__raphael_madonna-and-child-enthroned-with-saints-1505,000000510329,High_Renaissance__raphael_madonna-and-child-enthroned-with-saints-1505,0.5303630828857422,0.550804078578949,0.46150070844891955,2.5351154804229736,2.1666088104248047
aesfa,000000510329__Impressionism__pierre-auguste-renoir_leaving-the-bath-1890.png,000000510329__Impressionism__pierre-auguste-renoir_leaving-the-bath-1890,000000510329,Impressionism__pierre-auguste-renoir_leaving-the-bath-1890,0.4688940942287445,0.6452775001525879,0.4320146104155706,2.652014970779419,0.6690822839736938
aesfa,000000510329__Mannerism_Late_Renaissance__tintoretto_st-mark-rescuing-a-saracen-from-shipwreck-1566.png,000000510329__Mannerism_Late_Renaissance__tintoretto_st-mark-rescuing-a-saracen-from-shipwreck-1566,000000510329,Mannerism_Late_Renaissance__tintoretto_st-mark-rescuing-a-saracen-from-shipwreck-1566,0.4322090148925781,0.5505039691925049,0.4054170892582874,2.486891746520996,1.145241379737854
aesfa,000000510329__Minimalism__mario-schifano_untitled-1963.png,000000510329__Minimalism__mario-schifano_untitled-1963,000000510329,Minimalism__mario-schifano_untitled-1963,0.35107219219207764,0.9746198058128357,0.3316658933710418,3.19838809967041,1.3610517978668213
aesfa,000000510329__Naive_Art_Primitivism__marc-chagall_the-young-samuel-the-priest-s-servant-heard-that-he-is-called-by-god-eli-and-he-were-sleeping.png,000000510329__Naive_Art_Primitivism__marc-chagall_the-young-samuel-the-priest-s-servant-heard-that-he-is-called-by-god-eli-and-he-were-sleeping,000000510329,Naive_Art_Primitivism__marc-chagall_the-young-samuel-the-priest-s-servant-heard-that-he-is-called-by-god-eli-and-he-were-sleeping,0.377384752035141,0.5592638850212097,0.24519953871822467,2.4691615104675293,1.1718279123306274
aesfa,000000510329__Northern_Renaissance__albrecht-durer_lamentation-over-christ-1507.png,000000510329__Northern_Renaissance__albrecht-durer_lamentation-over-christ-1507,000000510329,Northern_Renaissance__albrecht-durer_lamentation-over-christ-1507,0.33106884360313416,0.5408645272254944,0.23408742829983975,2.5449318885803223,2.299168825149536
aesfa,000000510329__Pop_Art__peter-max_composition-red-green-1979.png,000000510329__Pop_Art__peter-max_composition-red-green-1979,000000510329,Pop_Art__peter-max_composition-red-green-1979,0.4157734215259552,0.6046445965766907,0.48680829581404156,2.7661728858947754,2.119249105453491
aesfa,000000510329__Post_Impressionism__vincent-van-gogh_restaurant-de-la-sirene-at-asnieres-1887.png,000000510329__Post_Impressionism__vincent-van-gogh_restaurant-de-la-sirene-at-asnieres-1887,000000510329,Post_Impressionism__vincent-van-gogh_restaurant-de-la-sirene-at-asnieres-1887,0.38546088337898254,0.589295506477356,0.22744588321784173,2.5405263900756836,1.775277853012085
aesfa,000000510329__Realism__vincent-van-gogh_cottage-with-peasant-coming-home-1885(1).png,000000510329__Realism__vincent-van-gogh_cottage-with-peasant-coming-home-1885(1),000000510329,Realism__vincent-van-gogh_cottage-with-peasant-coming-home-1885(1),0.6065466403961182,0.4677197337150574,0.5463402079205175,2.0711395740509033,0.5318288207054138
aesfa,000000510329__Rococo__dmitry-levitzky_portrait-of-baron-a-n-stroganoff.png,000000510329__Rococo__dmitry-levitzky_portrait-of-baron-a-n-stroganoff,000000510329,Rococo__dmitry-levitzky_portrait-of-baron-a-n-stroganoff,0.41574856638908386,0.610777735710144,0.5530527586093585,2.5535035133361816,0.9063240885734558
aesfa,000000510329__Romanticism__gustave-dore_paradise-lost-4.png,000000510329__Romanticism__gustave-dore_paradise-lost-4,000000510329,Romanticism__gustave-dore_paradise-lost-4,0.39192187786102295,0.565819501876831,0.3243774213952665,2.458038091659546,1.2346596717834473
aesfa,000000510329__Symbolism__nicholas-roerich_language-of-forest-1922.png,000000510329__Symbolism__nicholas-roerich_language-of-forest-1922,000000510329,Symbolism__nicholas-roerich_language-of-forest-1922,0.4625319540500641,0.593082070350647,0.4004513635057244,2.5705697536468506,1.4125678539276123
aesfa,000000510329__Ukiyo_e__kitagawa-utamaro_not_detected_233134.png,000000510329__Ukiyo_e__kitagawa-utamaro_not_detected_233134,000000510329,Ukiyo_e__kitagawa-utamaro_not_detected_233134,0.4609837532043457,0.5788013935089111,0.47629545100512727,2.4397497177124023,2.011143445968628
aesfa,000000520659__Abstract_Expressionism__paul-jenkins_not_detected_235703.png,000000520659__Abstract_Expressionism__paul-jenkins_not_detected_235703,000000520659,Abstract_Expressionism__paul-jenkins_not_detected_235703,0.401703804731369,0.658353328704834,0.37695095096160086,2.8324763774871826,1.3366601467132568
aesfa,000000520659__Art_Nouveau_Modern__nicholas-roerich_oze-1914.png,000000520659__Art_Nouveau_Modern__nicholas-roerich_oze-1914,000000520659,Art_Nouveau_Modern__nicholas-roerich_oze-1914,0.5051225423812866,0.6240440607070923,0.5323441229353979,2.5455477237701416,1.0759828090667725
aesfa,000000520659__Baroque__rembrandt_portrait-of-nicolas-van-bambeeck-1641.png,000000520659__Baroque__rembrandt_portrait-of-nicolas-van-bambeeck-1641,000000520659,Baroque__rembrandt_portrait-of-nicolas-van-bambeeck-1641,0.38107243180274963,0.6306655406951904,0.37574142032787855,2.8071155548095703,0.8984280824661255
aesfa,000000520659__Color_Field_Painting__leon-berkowitz_dark-light-rose-gold-1978.png,000000520659__Color_Field_Painting__leon-berkowitz_dark-light-rose-gold-1978,000000520659,Color_Field_Painting__leon-berkowitz_dark-light-rose-gold-1978,0.2629900276660919,0.9286800622940063,0.2985582177898295,3.534137010574341,0.9649208784103394
aesfa,000000520659__Cubism__salvador-dali_cubist-composition-portrait-of-a-seated-person-holding-a-letter.png,000000520659__Cubism__salvador-dali_cubist-composition-portrait-of-a-seated-person-holding-a-letter,000000520659,Cubism__salvador-dali_cubist-composition-portrait-of-a-seated-person-holding-a-letter,0.4465618133544922,0.6273094415664673,0.45092191155007644,2.584918737411499,1.0315022468566895
aesfa,000000520659__Early_Renaissance__pietro-perugino_st-jerome-who-attends-two-unfairly-hanged-1473.png,000000520659__Early_Renaissance__pietro-perugino_st-jerome-who-attends-two-unfairly-hanged-1473,000000520659,Early_Renaissance__pietro-perugino_st-jerome-who-attends-two-unfairly-hanged-1473,0.47429290413856506,0.6305655241012573,0.481792123104614,2.663966417312622,1.7160320281982422
aesfa,000000520659__Expressionism__amedeo-modigliani_germaine-survage-with-earrings-1918.png,000000520659__Expressionism__amedeo-modigliani_germaine-survage-with-earrings-1918,000000520659,Expressionism__amedeo-modigliani_germaine-survage-with-earrings-1918,0.4132138788700104,0.7394217252731323,0.46192368719741456,2.667026996612549,1.0179203748703003
aesfa,000000520659__High_Renaissance__raphael_madonna-and-child-enthroned-with-saints-1505.png,000000520659__High_Renaissance__raphael_madonna-and-child-enthroned-with-saints-1505,000000520659,High_Renaissance__raphael_madonna-and-child-enthroned-with-saints-1505,0.5350298285484314,0.541485607624054,0.5613247915204014,2.428189277648926,2.224709987640381
aesfa,000000520659__Impressionism__pierre-auguste-renoir_leaving-the-bath-1890.png,000000520659__Impressionism__pierre-auguste-renoir_leaving-the-bath-1890,000000520659,Impressionism__pierre-auguste-renoir_leaving-the-bath-1890,0.3749319314956665,0.721302330493927,0.39823216443234993,2.9085562229156494,0.7375088334083557
aesfa,000000520659__Mannerism_Late_Renaissance__tintoretto_st-mark-rescuing-a-saracen-from-shipwreck-1566.png,000000520659__Mannerism_Late_Renaissance__tintoretto_st-mark-rescuing-a-saracen-from-shipwreck-1566,000000520659,Mannerism_Late_Renaissance__tintoretto_st-mark-rescuing-a-saracen-from-shipwreck-1566,0.5102500915527344,0.5800124406814575,0.5139046159956621,2.5204272270202637,1.3073972463607788
aesfa,000000520659__Minimalism__mario-schifano_untitled-1963.png,000000520659__Minimalism__mario-schifano_untitled-1963,000000520659,Minimalism__mario-schifano_untitled-1963,0.22910769283771515,0.9806607961654663,0.18484695223528946,3.395216941833496,1.359569787979126
aesfa,000000520659__Naive_Art_Primitivism__marc-chagall_the-young-samuel-the-priest-s-servant-heard-that-he-is-called-by-god-eli-and-he-were-sleeping.png,000000520659__Naive_Art_Primitivism__marc-chagall_the-young-samuel-the-priest-s-servant-heard-that-he-is-called-by-god-eli-and-he-were-sleeping,000000520659,Naive_Art_Primitivism__marc-chagall_the-young-samuel-the-priest-s-servant-heard-that-he-is-called-by-god-eli-and-he-were-sleeping,0.34452927112579346,0.6412844061851501,0.3099883537012785,2.784306287765503,1.1284584999084473
aesfa,000000520659__Northern_Renaissance__albrecht-durer_lamentation-over-christ-1507.png,000000520659__Northern_Renaissance__albrecht-durer_lamentation-over-christ-1507,000000520659,Northern_Renaissance__albrecht-durer_lamentation-over-christ-1507,0.34722164273262024,0.5880744457244873,0.31514437849485005,2.666630506515503,2.4024362564086914
aesfa,000000520659__Pop_Art__peter-max_composition-red-green-1979.png,000000520659__Pop_Art__peter-max_composition-red-green-1979,000000520659,Pop_Art__peter-max_composition-red-green-1979,0.28263482451438904,0.6294690370559692,0.35586930264227007,2.8550500869750977,2.057321548461914
aesfa,000000520659__Post_Impressionism__vincent-van-gogh_restaurant-de-la-sirene-at-asnieres-1887.png,000000520659__Post_Impressionism__vincent-van-gogh_restaurant-de-la-sirene-at-asnieres-1887,000000520659,Post_Impressionism__vincent-van-gogh_restaurant-de-la-sirene-at-asnieres-1887,0.37263596057891846,0.6835161447525024,0.3317996286222362,2.698452949523926,1.8350008726119995
aesfa,000000520659__Realism__vincent-van-gogh_cottage-with-peasant-coming-home-1885(1).png,000000520659__Realism__vincent-van-gogh_cottage-with-peasant-coming-home-1885(1),000000520659,Realism__vincent-van-gogh_cottage-with-peasant-coming-home-1885(1),0.4177394211292267,0.5518007278442383,0.4808206167625112,2.5497024059295654,0.5822127461433411
aesfa,000000520659__Rococo__dmitry-levitzky_portrait-of-baron-a-n-stroganoff.png,000000520659__Rococo__dmitry-levitzky_portrait-of-baron-a-n-stroganoff,000000520659,Rococo__dmitry-levitzky_portrait-of-baron-a-n-stroganoff,0.4059534966945648,0.6454890370368958,0.4259054363675843,2.6832096576690674,0.9803385734558105
aesfa,000000520659__Romanticism__gustave-dore_paradise-lost-4.png,000000520659__Romanticism__gustave-dore_paradise-lost-4,000000520659,Romanticism__gustave-dore_paradise-lost-4,0.4414425790309906,0.5835056304931641,0.4071411137352021,2.5789918899536133,1.3985172510147095
aesfa,000000520659__Symbolism__nicholas-roerich_language-of-forest-1922.png,000000520659__Symbolism__nicholas-roerich_language-of-forest-1922,000000520659,Symbolism__nicholas-roerich_language-of-forest-1922,0.46311521530151367,0.6315144300460815,0.48898780464089375,2.5770535469055176,1.4064571857452393
aesfa,000000520659__Ukiyo_e__kitagawa-utamaro_not_detected_233134.png,000000520659__Ukiyo_e__kitagawa-utamaro_not_detected_233134,000000520659,Ukiyo_e__kitagawa-utamaro_not_detected_233134,0.36981403827667236,0.661745011806488,0.47652049375404165,2.5820364952087402,2.161484956741333
aesfa,000000529105__Abstract_Expressionism__paul-jenkins_not_detected_235703.png,000000529105__Abstract_Expressionism__paul-jenkins_not_detected_235703,000000529105,Abstract_Expressionism__paul-jenkins_not_detected_235703,0.23273921012878418,0.7523260712623596,0.18735991827958093,3.105409622192383,1.435025691986084
aesfa,000000529105__Art_Nouveau_Modern__nicholas-roerich_oze-1914.png,000000529105__Art_Nouveau_Modern__nicholas-roerich_oze-1914,000000529105,Art_Nouveau_Modern__nicholas-roerich_oze-1914,0.3406793177127838,0.799858033657074,0.29184711596602775,2.9306411743164062,1.3111900091171265
aesfa,000000529105__Baroque__rembrandt_portrait-of-nicolas-van-bambeeck-1641.png,000000529105__Baroque__rembrandt_portrait-of-nicolas-van-bambeeck-1641,000000529105,Baroque__rembrandt_portrait-of-nicolas-van-bambeeck-1641,0.21773450076580048,0.636834979057312,0.17891372738767022,2.8895263671875,0.8894872665405273
aesfa,000000529105__Color_Field_Painting__leon-berkowitz_dark-light-rose-gold-1978.png,000000529105__Color_Field_Painting__leon-berkowitz_dark-light-rose-gold-1978,000000529105,Color_Field_Painting__leon-berkowitz_dark-light-rose-gold-1978,0.1829090118408203,0.992821455001831,0.20716350935104672,3.370518207550049,0.9418817758560181
aesfa,000000529105__Cubism__salvador-dali_cubist-composition-portrait-of-a-seated-person-holding-a-letter.png,000000529105__Cubism__salvador-dali_cubist-composition-portrait-of-a-seated-person-holding-a-letter,000000529105,Cubism__salvador-dali_cubist-composition-portrait-of-a-seated-person-holding-a-letter,0.32302266359329224,0.5661512017250061,0.27919192440666657,2.8139429092407227,1.3663488626480103
aesfa,000000529105__Early_Renaissance__pietro-perugino_st-jerome-who-attends-two-unfairly-hanged-1473.png,000000529105__Early_Renaissance__pietro-perugino_st-jerome-who-attends-two-unfairly-hanged-1473,000000529105,Early_Renaissance__pietro-perugino_st-jerome-who-attends-two-unfairly-hanged-1473,0.352715402841568,0.7472207546234131,0.3424319666069407,2.978447437286377,2.041475772857666
aesfa,000000529105__Expressionism__amedeo-modigliani_germaine-survage-with-earrings-1918.png,000000529105__Expressionism__amedeo-modigliani_germaine-survage-with-earrings-1918,000000529105,Expressionism__amedeo-modigliani_germaine-survage-with-earrings-1918,0.32374393939971924,0.7911613583564758,0.3060107220320051,2.7762649059295654,1.1999680995941162
aesfa,000000529105__High_Renaissance__raphael_madonna-and-child-enthroned-with-saints-1505.png,000000529105__High_Renaissance__raphael_madonna-and-child-enthroned-with-saints-1505,000000529105,High_Renaissance__raphael_madonna-and-child-enthroned-with-saints-1505,0.3449607789516449,0.7344197630882263,0.2923402848887294,3.1237258911132812,2.865485429763794
aesfa,000000529105__Impressionism__pierre-auguste-renoir_leaving-the-bath-1890.png,000000529105__Impressionism__pierre-auguste-renoir_leaving-the-bath-1890,000000529105,Impressionism__pierre-auguste-renoir_leaving-the-bath-1890,0.30272147059440613,0.7587138414382935,0.26423555156333856,2.9551196098327637,0.9116436839103699
aesfa,000000529105__Mannerism_Late_Renaissance__tintoretto_st-mark-rescuing-a-saracen-from-shipwreck-1566.png,000000529105__Mannerism_Late_Renaissance__tintoretto_st-mark-rescuing-a-saracen-from-shipwreck-1566,000000529105,Mannerism_Late_Renaissance__tintoretto_st-mark-rescuing-a-saracen-from-shipwreck-1566,0.34655308723449707,0.7074809670448303,0.34445477586677253,2.94594144821167,1.441198706626892
aesfa,000000529105__Minimalism__mario-schifano_untitled-1963.png,000000529105__Minimalism__mario-schifano_untitled-1963,000000529105,Minimalism__mario-schifano_untitled-1963,0.1469188928604126,0.9142668843269348,0.07178920118035935,3.441777229309082,1.4027087688446045
aesfa,000000529105__Naive_Art_Primitivism__marc-chagall_the-young-samuel-the-priest-s-servant-heard-that-he-is-called-by-god-eli-and-he-were-sleeping.png,000000529105__Naive_Art_Primitivism__marc-chagall_the-young-samuel-the-priest-s-servant-heard-that-he-is-called-by-god-eli-and-he-were-sleeping,000000529105,Naive_Art_Primitivism__marc-chagall_the-young-samuel-the-priest-s-servant-heard-that-he-is-called-by-god-eli-and-he-were-sleeping,0.33394646644592285,0.671852707862854,0.2940909475742007,2.7198379039764404,1.0668526887893677
aesfa,000000529105__Northern_Renaissance__albrecht-durer_lamentation-over-christ-1507.png,000000529105__Northern_Renaissance__albrecht-durer_lamentation-over-christ-1507,000000529105,Northern_Renaissance__albrecht-durer_lamentation-over-christ-1507,0.2795787751674652,0.7035031318664551,0.23939724466526205,3.042825698852539,2.6972670555114746
aesfa,000000529105__Pop_Art__peter-max_composition-red-green-1979.png,000000529105__Pop_Art__peter-max_composition-red-green-1979,000000529105,Pop_Art__peter-max_composition-red-green-1979,0.18259507417678833,0.7236381769180298,0.1562239517046698,3.2725117206573486,2.537123680114746
aesfa,000000529105__Post_Impressionism__vincent-van-gogh_restaurant-de-la-sirene-at-asnieres-1887.png,000000529105__Post_Impressionism__vincent-van-gogh_restaurant-de-la-sirene-at-asnieres-1887,000000529105,Post_Impressionism__vincent-van-gogh_restaurant-de-la-sirene-at-asnieres-1887,0.33706775307655334,0.7638725638389587,0.2761945986727926,3.0328879356384277,1.8255101442337036
aesfa,000000529105__Realism__vincent-van-gogh_cottage-with-peasant-coming-home-1885(1).png,000000529105__Realism__vincent-van-gogh_cottage-with-peasant-coming-home-1885(1),000000529105,Realism__vincent-van-gogh_cottage-with-peasant-coming-home-1885(1),0.3499855101108551,0.6067203879356384,0.32635754408604767,2.719481945037842,0.5293106436729431
aesfa,000000529105__Rococo__dmitry-levitzky_portrait-of-baron-a-n-stroganoff.png,000000529105__Rococo__dmitry-levitzky_portrait-of-baron-a-n-stroganoff,000000529105,Rococo__dmitry-levitzky_portrait-of-baron-a-n-stroganoff,0.2334437519311905,0.699359118938446,0.21559917476575202,2.901597261428833,0.9115340709686279
aesfa,000000529105__Romanticism__gustave-dore_paradise-lost-4.png,000000529105__Romanticism__gustave-dore_paradise-lost-4,000000529105,Romanticism__gustave-dore_paradise-lost-4,0.3097653388977051,0.6512834429740906,0.3285991010057623,2.688894271850586,1.5398536920547485
aesfa,000000529105__Symbolism__nicholas-roerich_language-of-forest-1922.png,000000529105__Symbolism__nicholas-roerich_language-of-forest-1922,000000529105,Symbolism__nicholas-roerich_language-of-forest-1922,0.34523093700408936,0.8023881316184998,0.35209356366420913,3.053988456726074,1.9179611206054688
aesfa,000000529105__Ukiyo_e__kitagawa-utamaro_not_detected_233134.png,000000529105__Ukiyo_e__kitagawa-utamaro_not_detected_233134,000000529105,Ukiyo_e__kitagawa-utamaro_not_detected_233134,0.28564444184303284,0.7744823694229126,0.2882294801857679,2.971529960632324,2.735471487045288
aesfa,000000529966__Abstract_Expressionism__paul-jenkins_not_detected_235703.png,000000529966__Abstract_Expressionism__paul-jenkins_not_detected_235703,000000529966,Abstract_Expressionism__paul-jenkins_not_detected_235703,0.4540647268295288,0.6666728258132935,0.5502917063840197,2.198878765106201,1.07645845413208
aesfa,000000529966__Art_Nouveau_Modern__nicholas-roerich_oze-1914.png,000000529966__Art_Nouveau_Modern__nicholas-roerich_oze-1914,000000529966,Art_Nouveau_Modern__nicholas-roerich_oze-1914,0.43879440426826477,0.7058917284011841,0.4891638589774262,2.5557210445404053,1.2150574922561646
aesfa,000000529966__Baroque__rembrandt_portrait-of-nicolas-van-bambeeck-1641.png,000000529966__Baroque__rembrandt_portrait-of-nicolas-van-bambeeck-1641,000000529966,Baroque__rembrandt_portrait-of-nicolas-van-bambeeck-1641,0.31083765625953674,0.719857394695282,0.5626575230411947,2.4337692260742188,0.8248708248138428
aesfa,000000529966__Color_Field_Painting__leon-berkowitz_dark-light-rose-gold-1978.png,000000529966__Color_Field_Painting__leon-berkowitz_dark-light-rose-gold-1978,000000529966,Color_Field_Painting__leon-berkowitz_dark-light-rose-gold-1978,0.368483304977417,0.8142542243003845,0.3079958231745438,3.330742597579956,1.2106122970581055
aesfa,000000529966__Cubism__salvador-dali_cubist-composition-portrait-of-a-seated-person-holding-a-letter.png,000000529966__Cubism__salvador-dali_cubist-composition-portrait-of-a-seated-person-holding-a-letter,000000529966,Cubism__salvador-dali_cubist-composition-portrait-of-a-seated-person-holding-a-letter,0.5175606608390808,0.83696049451828,0.48198806545337647,2.2291650772094727,0.8619751334190369
aesfa,000000529966__Early_Renaissance__pietro-perugino_st-jerome-who-attends-two-unfairly-hanged-1473.png,000000529966__Early_Renaissance__pietro-perugino_st-jerome-who-attends-two-unfairly-hanged-1473,000000529966,Early_Renaissance__pietro-perugino_st-jerome-who-attends-two-unfairly-hanged-1473,0.3941256105899811,0.6445435285568237,0.30378929572836555,2.3829779624938965,1.5142264366149902
aesfa,000000529966__Expressionism__amedeo-modigliani_germaine-survage-with-earrings-1918.png,000000529966__Expressionism__amedeo-modigliani_germaine-survage-with-earrings-1918,000000529966,Expressionism__amedeo-modigliani_germaine-survage-with-earrings-1918,0.46533945202827454,0.7062533497810364,0.3658671279892676,2.2220215797424316,0.8226315975189209
aesfa,000000529966__High_Renaissance__raphael_madonna-and-child-enthroned-with-saints-1505.png,000000529966__High_Renaissance__raphael_madonna-and-child-enthroned-with-saints-1505,000000529966,High_Renaissance__raphael_madonna-and-child-enthroned-with-saints-1505,0.42531514167785645,0.652518093585968,0.3767923745336038,2.6537041664123535,2.5708556175231934
aesfa,000000529966__Impressionism__pierre-auguste-renoir_leaving-the-bath-1890.png,000000529966__Impressionism__pierre-auguste-renoir_leaving-the-bath-1890,000000529966,Impressionism__pierre-auguste-renoir_leaving-the-bath-1890,0.49117958545684814,0.6775914430618286,0.3497715679804578,2.3441171646118164,0.6404582262039185
aesfa,000000529966__Mannerism_Late_Renaissance__tintoretto_st-mark-rescuing-a-saracen-from-shipwreck-1566.png,000000529966__Mannerism_Late_Renaissance__tintoretto_st-mark-rescuing-a-saracen-from-shipwreck-1566,000000529966,Mannerism_Late_Renaissance__tintoretto_st-mark-rescuing-a-saracen-from-shipwreck-1566,0.2928931415081024,0.668861985206604,0.29797779893087234,2.5455970764160156,1.4133098125457764
aesfa,000000529966__Minimalism__mario-schifano_untitled-1963.png,000000529966__Minimalism__mario-schifano_untitled-1963,000000529966,Minimalism__mario-schifano_untitled-1963,0.5379730463027954,0.9587264657020569,0.5379867964106845,3.0819497108459473,1.3005294799804688
aesfa,000000529966__Naive_Art_Primitivism__marc-chagall_the-young-samuel-the-priest-s-servant-heard-that-he-is-called-by-god-eli-and-he-were-sleeping.png,000000529966__Naive_Art_Primitivism__marc-chagall_the-young-samuel-the-priest-s-servant-heard-that-he-is-called-by-god-eli-and-he-were-sleeping,000000529966,Naive_Art_Primitivism__marc-chagall_the-young-samuel-the-priest-s-servant-heard-that-he-is-called-by-god-eli-and-he-were-sleeping,0.31974756717681885,0.7214768528938293,0.1874217051350447,2.6094346046447754,1.2272672653198242
aesfa,000000529966__Northern_Renaissance__albrecht-durer_lamentation-over-christ-1507.png,000000529966__Northern_Renaissance__albrecht-durer_lamentation-over-christ-1507,000000529966,Northern_Renaissance__albrecht-durer_lamentation-over-christ-1507,0.2765466868877411,0.7240904569625854,0.19416910915458657,2.8050332069396973,2.5974669456481934
aesfa,000000529966__Pop_Art__peter-max_composition-red-green-1979.png,000000529966__Pop_Art__peter-max_composition-red-green-1979,000000529966,Pop_Art__peter-max_composition-red-green-1979,0.6306508183479309,0.593582272529602,0.6574271819397729,2.3232812881469727,2.223656177520752
aesfa,000000529966__Post_Impressionism__vincent-van-gogh_restaurant-de-la-sirene-at-asnieres-1887.png,000000529966__Post_Impressionism__vincent-van-gogh_restaurant-de-la-sirene-at-asnieres-1887,000000529966,Post_Impressionism__vincent-van-gogh_restaurant-de-la-sirene-at-asnieres-1887,0.3260279893875122,0.7561008930206299,0.17364907246955225,2.8913497924804688,2.0350263118743896
aesfa,000000529966__Realism__vincent-van-gogh_cottage-with-peasant-coming-home-1885(1).png,000000529966__Realism__vincent-van-gogh_cottage-with-peasant-coming-home-1885(1),000000529966,Realism__vincent-van-gogh_cottage-with-peasant-coming-home-1885(1),0.4912288188934326,0.6277952790260315,0.41228171311504885,2.256408929824829,0.7718492150306702
aesfa,000000529966__Rococo__dmitry-levitzky_portrait-of-baron-a-n-stroganoff.png,000000529966__Rococo__dmitry-levitzky_portrait-of-baron-a-n-stroganoff,000000529966,Rococo__dmitry-levitzky_portrait-of-baron-a-n-stroganoff,0.3412732183933258,0.678910493850708,0.5703199821816592,2.2678658962249756,0.9860706329345703
aesfa,000000529966__Romanticism__gustave-dore_paradise-lost-4.png,000000529966__Romanticism__gustave-dore_paradise-lost-4,000000529966,Romanticism__gustave-dore_paradise-lost-4,0.2516719698905945,0.7374135851860046,0.21310010661361078,2.4845097064971924,1.4035351276397705
aesfa,000000529966__Symbolism__nicholas-roerich_language-of-forest-1922.png,000000529966__Symbolism__nicholas-roerich_language-of-forest-1922,000000529966,Symbolism__nicholas-roerich_language-of-forest-1922,0.3970043361186981,0.687497615814209,0.2924181730033167,2.5539302825927734,1.545125961303711
aesfa,000000529966__Ukiyo_e__kitagawa-utamaro_not_detected_233134.png,000000529966__Ukiyo_e__kitagawa-utamaro_not_detected_233134,000000529966,Ukiyo_e__kitagawa-utamaro_not_detected_233134,0.5264643430709839,0.6428422927856445,0.4054969553255561,2.2412242889404297,1.9944658279418945
aesfa,000000546475__Abstract_Expressionism__paul-jenkins_not_detected_235703.png,000000546475__Abstract_Expressionism__paul-jenkins_not_detected_235703,000000546475,Abstract_Expressionism__paul-jenkins_not_detected_235703,0.5595724582672119,0.6615617871284485,0.6613804809936497,2.4598774909973145,1.000694751739502
aesfa,000000546475__Art_Nouveau_Modern__nicholas-roerich_oze-1914.png,000000546475__Art_Nouveau_Modern__nicholas-roerich_oze-1914,000000546475,Art_Nouveau_Modern__nicholas-roerich_oze-1914,0.5986922383308411,0.6676785349845886,0.5680767507967114,2.277174472808838,0.8950636386871338
aesfa,000000546475__Baroque__rembrandt_portrait-of-nicolas-van-bambeeck-1641.png,000000546475__Baroque__rembrandt_portrait-of-nicolas-van-bambeeck-1641,000000546475,Baroque__rembrandt_portrait-of-nicolas-van-bambeeck-1641,0.5180371403694153,0.5880298018455505,0.5774507724264747,2.3528621196746826,0.6056982278823853
aesfa,000000546475__Color_Field_Painting__leon-berkowitz_dark-light-rose-gold-1978.png,000000546475__Color_Field_Painting__leon-berkowitz_dark-light-rose-gold-1978,000000546475,Color_Field_Painting__leon-berkowitz_dark-light-rose-gold-1978,0.3975050151348114,0.8246159553527832,0.39227688529682453,3.226184606552124,1.109964370727539
aesfa,000000546475__Cubism__salvador-dali_cubist-composition-portrait-of-a-seated-person-holding-a-letter.png,000000546475__Cubism__salvador-dali_cubist-composition-portrait-of-a-seated-person-holding-a-letter,000000546475,Cubism__salvador-dali_cubist-composition-portrait-of-a-seated-person-holding-a-letter,0.6250075697898865,0.6593688726425171,0.6038033178317649,2.1916723251342773,0.7919623851776123
aesfa,000000546475__Early_Renaissance__pietro-perugino_st-jerome-who-attends-two-unfairly-hanged-1473.png,000000546475__Early_Renaissance__pietro-perugino_st-jerome-who-attends-two-unfairly-hanged-1473,000000546475,Early_Renaissance__pietro-perugino_st-jerome-who-attends-two-unfairly-hanged-1473,0.4333537817001343,0.6514322757720947,0.330327668164074,2.5247817039489746,1.378490686416626
aesfa,000000546475__Expressionism__amedeo-modigliani_germaine-survage-with-earrings-1918.png,000000546475__Expressionism__amedeo-modigliani_germaine-survage-with-earrings-1918,000000546475,Expressionism__amedeo-modigliani_germaine-survage-with-earrings-1918,0.5558983087539673,0.6006866693496704,0.43917851899052807,2.2838828563690186,0.6673349142074585
aesfa,000000546475__High_Renaissance__raphael_madonna-and-child-enthroned-with-saints-1505.png,000000546475__High_Renaissance__raphael_madonna-and-child-enthroned-with-saints-1505,000000546475,High_Renaissance__raphael_madonna-and-child-enthroned-with-saints-1505,0.505022406578064,0.6293414235115051,0.42157580965128644,2.466012954711914,2.2301344871520996
aesfa,000000546475__Impressionism__pierre-auguste-renoir_leaving-the-bath-1890.png,000000546475__Impressionism__pierre-auguste-renoir_leaving-the-bath-1890,000000546475,Impressionism__pierre-auguste-renoir_leaving-the-bath-1890,0.529224157333374,0.6068193316459656,0.4575777719301774,2.3703365325927734,0.5770865678787231
aesfa,000000546475__Mannerism_Late_Renaissance__tintoretto_st-mark-rescuing-a-saracen-from-shipwreck-1566.png,000000546475__Mannerism_Late_Renaissance__tintoretto_st-mark-rescuing-a-saracen-from-shipwreck-1566,000000546475,Mannerism_Late_Renaissance__tintoretto_st-mark-rescuing-a-saracen-from-shipwreck-1566,0.4233713150024414,0.6335253715515137,0.30383604881698373,2.4000649452209473,1.2006032466888428
aesfa,000000546475__Minimalism__mario-schifano_untitled-1963.png,000000546475__Minimalism__mario-schifano_untitled-1963,000000546475,Minimalism__mario-schifano_untitled-1963,0.42342403531074524,0.8116930723190308,0.4915175968547949,3.014263868331909,1.2618788480758667
aesfa,000000546475__Naive_Art_Primitivism__marc-chagall_the-young-samuel-the-priest-s-servant-heard-that-he-is-called-by-god-eli-and-he-were-sleeping.png,000000546475__Naive_Art_Primitivism__marc-chagall_the-young-samuel-the-priest-s-servant-heard-that-he-is-called-by-god-eli-and-he-were-sleeping,000000546475,Naive_Art_Primitivism__marc-chagall_the-young-samuel-the-priest-s-servant-heard-that-he-is-called-by-god-eli-and-he-were-sleeping,0.29925379157066345,0.7137548923492432,0.19637385680106842,2.547308921813965,1.1352077722549438
aesfa,000000546475__Northern_Renaissance__albrecht-durer_lamentation-over-christ-1507.png,000000546475__Northern_Renaissance__albrecht-durer_lamentation-over-christ-1507,000000546475,Northern_Renaissance__albrecht-durer_lamentation-over-christ-1507,0.2577631175518036,0.7269532680511475,0.19355070596114873,2.580221176147461,2.252315044403076
aesfa,000000546475__Pop_Art__peter-max_composition-red-green-1979.png,000000546475__Pop_Art__peter-max_composition-red-green-1979,000000546475,Pop_Art__peter-max_composition-red-green-1979,0.39484134316444397,0.6326813101768494,0.5411650414186255,2.5765016078948975,1.8954886198043823
aesfa,000000546475__Post_Impressionism__vincent-van-gogh_restaurant-de-la-sirene-at-asnieres-1887.png,000000546475__Post_Impressionism__vincent-van-gogh_restaurant-de-la-sirene-at-asnieres-1887,000000546475,Post_Impressionism__vincent-van-gogh_restaurant-de-la-sirene-at-asnieres-1887,0.32664743065834045,0.6713815927505493,0.21399017957337096,2.669227123260498,2.086092710494995
aesfa,000000546475__Realism__vincent-van-gogh_cottage-with-peasant-coming-home-1885(1).png,000000546475__Realism__vincent-van-gogh_cottage-with-peasant-coming-home-1885(1),000000546475,Realism__vincent-van-gogh_cottage-with-peasant-coming-home-1885(1),0.5016890168190002,0.5899722576141357,0.45487350920838393,2.361341953277588,0.5758181810379028
aesfa,000000546475__Rococo__dmitry-levitzky_portrait-of-baron-a-n-stroganoff.png,000000546475__Rococo__dmitry-levitzky_portrait-of-baron-a-n-stroganoff,000000546475,Rococo__dmitry-levitzky_portrait-of-baron-a-n-stroganoff,0.5441989302635193,0.5480700731277466,0.5893953020600056,2.240098476409912,0.6295747756958008
aesfa,000000546475__Romanticism__gustave-dore_paradise-lost-4.png,000000546475__Romanticism__gustave-dore_paradise-lost-4,000000546475,Romanticism__gustave-dore_paradise-lost-4,0.3818226158618927,0.6782114505767822,0.2528783171798833,2.2671802043914795,1.3448419570922852
aesfa,000000546475__Symbolism__nicholas-roerich_language-of-forest-1922.png,000000546475__Symbolism__nicholas-roerich_language-of-forest-1922,000000546475,Symbolism__nicholas-roerich_language-of-forest-1922,0.4402393400669098,0.6793769598007202,0.32744180618173063,2.4286766052246094,1.4464339017868042
aesfa,000000546475__Ukiyo_e__kitagawa-utamaro_not_detected_233134.png,000000546475__Ukiyo_e__kitagawa-utamaro_not_detected_233134,000000546475,Ukiyo_e__kitagawa-utamaro_not_detected_233134,0.4208258092403412,0.6113007664680481,0.4454985064837426,2.259465217590332,2.0149283409118652
aesfa,000000560178__Abstract_Expressionism__paul-jenkins_not_detected_235703.png,000000560178__Abstract_Expressionism__paul-jenkins_not_detected_235703,000000560178,Abstract_Expressionism__paul-jenkins_not_detected_235703,0.5499534606933594,0.7348518371582031,0.6424106453152765,2.768338680267334,0.8280079364776611
aesfa,000000560178__Art_Nouveau_Modern__nicholas-roerich_oze-1914.png,000000560178__Art_Nouveau_Modern__nicholas-roerich_oze-1914,000000560178,Art_Nouveau_Modern__nicholas-roerich_oze-1914,0.4930277168750763,0.7641667127609253,0.46130477377780865,3.1383235454559326,1.1051040887832642
aesfa,000000560178__Baroque__rembrandt_portrait-of-nicolas-van-bambeeck-1641.png,000000560178__Baroque__rembrandt_portrait-of-nicolas-van-bambeeck-1641,000000560178,Baroque__rembrandt_portrait-of-nicolas-van-bambeeck-1641,0.4887407720088959,0.7288565635681152,0.6272790121988661,2.655092716217041,0.6295273900032043
aesfa,000000560178__Color_Field_Painting__leon-berkowitz_dark-light-rose-gold-1978.png,000000560178__Color_Field_Painting__leon-berkowitz_dark-light-rose-gold-1978,000000560178,Color_Field_Painting__leon-berkowitz_dark-light-rose-gold-1978,0.4308881461620331,0.9485101699829102,0.37762277914585185,3.3564701080322266,0.939740002155304
aesfa,000000560178__Cubism__salvador-dali_cubist-composition-portrait-of-a-seated-person-holding-a-letter.png,000000560178__Cubism__salvador-dali_cubist-composition-portrait-of-a-seated-person-holding-a-letter,000000560178,Cubism__salvador-dali_cubist-composition-portrait-of-a-seated-person-holding-a-letter,0.5921443104743958,0.7295079231262207,0.5061029468369146,2.6798477172851562,0.8008657693862915
aesfa,000000560178__Early_Renaissance__pietro-perugino_st-jerome-who-attends-two-unfairly-hanged-1473.png,000000560178__Early_Renaissance__pietro-perugino_st-jerome-who-attends-two-unfairly-hanged-1473,000000560178,Early_Renaissance__pietro-perugino_st-jerome-who-attends-two-unfairly-hanged-1473,0.36785826086997986,0.775005578994751,0.2156075418112788,2.9539341926574707,1.6404719352722168
aesfa,000000560178__Expressionism__amedeo-modigliani_germaine-survage-with-earrings-1918.png,000000560178__Expressionism__amedeo-modigliani_germaine-survage-with-earrings-1918,000000560178,Expressionism__amedeo-modigliani_germaine-survage-with-earrings-1918,0.504335343837738,0.8489583730697632,0.3961380172112889,2.6458325386047363,0.7466264963150024
aesfa,000000560178__High_Renaissance__raphael_madonna-and-child-enthroned-with-saints-1505.png,000000560178__High_Renaissance__raphael_madonna-and-child-enthroned-with-saints-1505,000000560178,High_Renaissance__raphael_madonna-and-child-enthroned-with-saints-1505,0.396267294883728,0.7463245391845703,0.3219837539664287,3.2040441036224365,2.7203924655914307
aesfa,000000560178__Impressionism__pierre-auguste-renoir_leaving-the-bath-1890.png,000000560178__Impressionism__pierre-auguste-renoir_leaving-the-bath-1890,000000560178,Impressionism__pierre-auguste-renoir_leaving-the-bath-1890,0.5109124779701233,0.7780740261077881,0.40190840311663195,2.682107448577881,0.5883325338363647
aesfa,000000560178__Mannerism_Late_Renaissance__tintoretto_st-mark-rescuing-a-saracen-from-shipwreck-1566.png,000000560178__Mannerism_Late_Renaissance__tintoretto_st-mark-rescuing-a-saracen-from-shipwreck-1566,000000560178,Mannerism_Late_Renaissance__tintoretto_st-mark-rescuing-a-saracen-from-shipwreck-1566,0.307645320892334,0.7660857439041138,0.2559812337716549,3.0225207805633545,1.4232025146484375
aesfa,000000560178__Minimalism__mario-schifano_untitled-1963.png,000000560178__Minimalism__mario-schifano_untitled-1963,000000560178,Minimalism__mario-schifano_untitled-1963,0.5264126062393188,1.0581414699554443,0.6698471218405712,3.279451370239258,1.1518040895462036
aesfa,000000560178__Naive_Art_Primitivism__marc-chagall_the-young-samuel-the-priest-s-servant-heard-that-he-is-called-by-god-eli-and-he-were-sleeping.png,000000560178__Naive_Art_Primitivism__marc-chagall_the-young-samuel-the-priest-s-servant-heard-that-he-is-called-by-god-eli-and-he-were-sleeping,000000560178,Naive_Art_Primitivism__marc-chagall_the-young-samuel-the-priest-s-servant-heard-that-he-is-called-by-god-eli-and-he-were-sleeping,0.23065130412578583,0.7817531228065491,0.11412347844897293,2.950408935546875,1.181903600692749
aesfa,000000560178__Northern_Renaissance__albrecht-durer_lamentation-over-christ-1507.png,000000560178__Northern_Renaissance__albrecht-durer_lamentation-over-christ-1507,000000560178,Northern_Renaissance__albrecht-durer_lamentation-over-christ-1507,0.17875434458255768,0.7969110012054443,0.12752611091524232,3.2808837890625,2.499389410018921
aesfa,000000560178__Pop_Art__peter-max_composition-red-green-1979.png,000000560178__Pop_Art__peter-max_composition-red-green-1979,000000560178,Pop_Art__peter-max_composition-red-green-1979,0.43174585700035095,0.7447150945663452,0.5677178097801177,3.0761404037475586,2.2195205688476562
aesfa,000000560178__Post_Impressionism__vincent-van-gogh_restaurant-de-la-sirene-at-asnieres-1887.png,000000560178__Post_Impressionism__vincent-van-gogh_restaurant-de-la-sirene-at-asnieres-1887,000000560178,Post_Impressionism__vincent-van-gogh_restaurant-de-la-sirene-at-asnieres-1887,0.23965077102184296,0.8569908738136292,0.11740154173814182,3.2437849044799805,2.109981060028076
aesfa,000000560178__Realism__vincent-van-gogh_cottage-with-peasant-coming-home-1885(1).png,000000560178__Realism__vincent-van-gogh_cottage-with-peasant-coming-home-1885(1),000000560178,Realism__vincent-van-gogh_cottage-with-peasant-coming-home-1885(1),0.43198442459106445,0.7146910429000854,0.3335783448941903,2.834306240081787,0.5489473342895508
aesfa,000000560178__Rococo__dmitry-levitzky_portrait-of-baron-a-n-stroganoff.png,000000560178__Rococo__dmitry-levitzky_portrait-of-baron-a-n-stroganoff,000000560178,Rococo__dmitry-levitzky_portrait-of-baron-a-n-stroganoff,0.5135700702667236,0.751338541507721,0.5996792490916776,2.6081995964050293,0.6305656433105469
aesfa,000000560178__Romanticism__gustave-dore_paradise-lost-4.png,000000560178__Romanticism__gustave-dore_paradise-lost-4,000000560178,Romanticism__gustave-dore_paradise-lost-4,0.300169974565506,0.7639458179473877,0.1926242157287712,2.896298408508301,1.3695706129074097
aesfa,000000560178__Symbolism__nicholas-roerich_language-of-forest-1922.png,000000560178__Symbolism__nicholas-roerich_language-of-forest-1922,000000560178,Symbolism__nicholas-roerich_language-of-forest-1922,0.3609030544757843,0.7830681800842285,0.21014665403472668,3.060025215148926,1.6179914474487305
aesfa,000000560178__Ukiyo_e__kitagawa-utamaro_not_detected_233134.png,000000560178__Ukiyo_e__kitagawa-utamaro_not_detected_233134,000000560178,Ukiyo_e__kitagawa-utamaro_not_detected_233134,0.3593778610229492,0.8342500925064087,0.33164832344594763,2.9972400665283203,2.2682416439056396
aesfa,000000572517__Abstract_Expressionism__paul-jenkins_not_detected_235703.png,000000572517__Abstract_Expressionism__paul-jenkins_not_detected_235703,000000572517,Abstract_Expressionism__paul-jenkins_not_detected_235703,0.420524924993515,0.6048105359077454,0.3262066353796328,2.691762924194336,1.038501501083374
aesfa,000000572517__Art_Nouveau_Modern__nicholas-roerich_oze-1914.png,000000572517__Art_Nouveau_Modern__nicholas-roerich_oze-1914,000000572517,Art_Nouveau_Modern__nicholas-roerich_oze-1914,0.5271950960159302,0.5929637551307678,0.45317583673922396,2.587968587875366,1.1734453439712524
aesfa,000000572517__Baroque__rembrandt_portrait-of-nicolas-van-bambeeck-1641.png,000000572517__Baroque__rembrandt_portrait-of-nicolas-van-bambeeck-1641,000000572517,Baroque__rembrandt_portrait-of-nicolas-van-bambeeck-1641,0.38181400299072266,0.5352474451065063,0.31326105882819416,2.581514358520508,0.7914480566978455
aesfa,000000572517__Color_Field_Painting__leon-berkowitz_dark-light-rose-gold-1978.png,000000572517__Color_Field_Painting__leon-berkowitz_dark-light-rose-gold-1978,000000572517,Color_Field_Painting__leon-berkowitz_dark-light-rose-gold-1978,0.31167250871658325,0.8635944128036499,0.31380765729276383,3.291201591491699,1.1892812252044678
aesfa,000000572517__Cubism__salvador-dali_cubist-composition-portrait-of-a-seated-person-holding-a-letter.png,000000572517__Cubism__salvador-dali_cubist-composition-portrait-of-a-seated-person-holding-a-letter,000000572517,Cubism__salvador-dali_cubist-composition-portrait-of-a-seated-person-holding-a-letter,0.5180075764656067,0.5534359216690063,0.44735957222229145,2.283874034881592,0.9950087666511536
aesfa,000000572517__Early_Renaissance__pietro-perugino_st-jerome-who-attends-two-unfairly-hanged-1473.png,000000572517__Early_Renaissance__pietro-perugino_st-jerome-who-attends-two-unfairly-hanged-1473,000000572517,Early_Renaissance__pietro-perugino_st-jerome-who-attends-two-unfairly-hanged-1473,0.48485079407691956,0.5817968845367432,0.4448820734905011,2.548196315765381,1.5892302989959717
aesfa,000000572517__Expressionism__amedeo-modigliani_germaine-survage-with-earrings-1918.png,000000572517__Expressionism__amedeo-modigliani_germaine-survage-with-earrings-1918,000000572517,Expressionism__amedeo-modigliani_germaine-survage-with-earrings-1918,0.493232399225235,0.6260647177696228,0.45808230931465865,2.395733594894409,0.8948519825935364
aesfa,000000572517__High_Renaissance__raphael_madonna-and-child-enthroned-with-saints-1505.png,000000572517__High_Renaissance__raphael_madonna-and-child-enthroned-with-saints-1505,000000572517,High_Renaissance__raphael_madonna-and-child-enthroned-with-saints-1505,0.49988916516304016,0.556272566318512,0.42177700617164227,2.7219433784484863,2.498495578765869
aesfa,000000572517__Impressionism__pierre-auguste-renoir_leaving-the-bath-1890.png,000000572517__Impressionism__pierre-auguste-renoir_leaving-the-bath-1890,000000572517,Impressionism__pierre-auguste-renoir_leaving-the-bath-1890,0.45228564739227295,0.6219815015792847,0.3998284419997957,2.562960147857666,0.6387923955917358
aesfa,000000572517__Mannerism_Late_Renaissance__tintoretto_st-mark-rescuing-a-saracen-from-shipwreck-1566.png,000000572517__Mannerism_Late_Renaissance__tintoretto_st-mark-rescuing-a-saracen-from-shipwreck-1566,000000572517,Mannerism_Late_Renaissance__tintoretto_st-mark-rescuing-a-saracen-from-shipwreck-1566,0.47050341963768005,0.5135586261749268,0.46477974217484824,2.439624309539795,1.1802361011505127
aesfa,000000572517__Minimalism__mario-schifano_untitled-1963.png,000000572517__Minimalism__mario-schifano_untitled-1963,000000572517,Minimalism__mario-schifano_untitled-1963,0.2716183066368103,0.9011496305465698,0.13080671711852043,3.2151503562927246,1.4712674617767334
aesfa,000000572517__Naive_Art_Primitivism__marc-chagall_the-young-samuel-the-priest-s-servant-heard-that-he-is-called-by-god-eli-and-he-were-sleeping.png,000000572517__Naive_Art_Primitivism__marc-chagall_the-young-samuel-the-priest-s-servant-heard-that-he-is-called-by-god-eli-and-he-were-sleeping,000000572517,Naive_Art_Primitivism__marc-chagall_the-young-samuel-the-priest-s-servant-heard-that-he-is-called-by-god-eli-and-he-were-sleeping,0.35816439986228943,0.533016562461853,0.31124991860564083,2.502990245819092,1.1367181539535522
aesfa,000000572517__Northern_Renaissance__albrecht-durer_lamentation-over-christ-1507.png,000000572517__Northern_Renaissance__albrecht-durer_lamentation-over-christ-1507,000000572517,Northern_Renaissance__albrecht-durer_lamentation-over-christ-1507,0.2962764799594879,0.5404061079025269,0.2674130934826172,2.5955963134765625,2.3413243293762207
aesfa,000000572517__Pop_Art__peter-max_composition-red-green-1979.png,000000572517__Pop_Art__peter-max_composition-red-green-1979,000000572517,Pop_Art__peter-max_composition-red-green-1979,0.2856535017490387,0.6302797198295593,0.250556608517278,2.9945013523101807,2.230203628540039
aesfa,000000572517__Post_Impressionism__vincent-van-gogh_restaurant-de-la-sirene-at-asnieres-1887.png,000000572517__Post_Impressionism__vincent-van-gogh_restaurant-de-la-sirene-at-asnieres-1887,000000572517,Post_Impressionism__vincent-van-gogh_restaurant-de-la-sirene-at-asnieres-1887,0.3707420825958252,0.5968572497367859,0.30391904205448034,2.614407539367676,1.7185900211334229
aesfa,000000572517__Realism__vincent-van-gogh_cottage-with-peasant-coming-home-1885(1).png,000000572517__Realism__vincent-van-gogh_cottage-with-peasant-coming-home-1885(1),000000572517,Realism__vincent-van-gogh_cottage-with-peasant-coming-home-1885(1),0.4946187436580658,0.4539145231246948,0.46455983766283515,2.322500467300415,0.5058432221412659
aesfa,000000572517__Rococo__dmitry-levitzky_portrait-of-baron-a-n-stroganoff.png,000000572517__Rococo__dmitry-levitzky_portrait-of-baron-a-n-stroganoff,000000572517,Rococo__dmitry-levitzky_portrait-of-baron-a-n-stroganoff,0.4146878719329834,0.5464248657226562,0.3679821377115908,2.6218137741088867,0.8335201144218445
aesfa,000000572517__Romanticism__gustave-dore_paradise-lost-4.png,000000572517__Romanticism__gustave-dore_paradise-lost-4,000000572517,Romanticism__gustave-dore_paradise-lost-4,0.4339568316936493,0.4811263680458069,0.4028421952562239,2.194502353668213,1.2798901796340942
aesfa,000000572517__Symbolism__nicholas-roerich_language-of-forest-1922.png,000000572517__Symbolism__nicholas-roerich_language-of-forest-1922,000000572517,Symbolism__nicholas-roerich_language-of-forest-1922,0.47366857528686523,0.6174657344818115,0.45132216654660623,2.648268938064575,1.5423215627670288
aesfa,000000572517__Ukiyo_e__kitagawa-utamaro_not_detected_233134.png,000000572517__Ukiyo_e__kitagawa-utamaro_not_detected_233134,000000572517,Ukiyo_e__kitagawa-utamaro_not_detected_233134,0.36767879128456116,0.6161710619926453,0.40842561948442707,2.581538677215576,2.2243971824645996
