method,cell,content,style,hit
ccstytr,000000001818__Abstract_Expressionism__paul-jenkins_not_detected_235703,000000001818,Abstract_Expressionism__paul-jenkins_not_detected_235703,0
ccstytr,000000001818__Art_Nouveau_Modern__nicholas-roerich_oze-1914,000000001818,Art_Nouveau_Modern__nicholas-roerich_oze-1914,0
ccstytr,000000001818__Baroque__rembrandt_portrait-of-nicolas-van-bambeeck-1641,000000001818,Baroque__rembrandt_portrait-of-nicolas-van-bambeeck-1641,0
ccstytr,000000001818__Color_Field_Painting__leon-berkowitz_dark-light-rose-gold-1978,000000001818,Color_Field_Painting__leon-berkowitz_dark-light-rose-gold-1978,0
ccstytr,000000001818__Cubism__salvador-dali_cubist-composition-portrait-of-a-seated-person-holding-a-letter,000000001818,Cubism__salvador-dali_cubist-composition-portrait-of-a-seated-person-holding-a-letter,0
ccstytr,000000001818__Early_Renaissance__pietro-perugino_st-jerome-who-attends-two-unfairly-hanged-1473,000000001818,Early_Renaissance__pietro-perugino_st-jerome-who-attends-two-unfairly-hanged-1473,0
ccstytr,000000001818__Expressionism__amedeo-modigliani_germaine-survage-with-earrings-1918,000000001818,Expressionism__amedeo-modigliani_germaine-survage-with-earrings-1918,0
ccstytr,000000001818__High_Renaissance__raphael_madonna-and-child-enthroned-with-saints-1505,000000001818,High_Renaissance__raphael_madonna-and-child-enthroned-with-saints-1505,0
ccstytr,000000001818__Impressionism__pierre-auguste-renoir_leaving-the-bath-1890,000000001818,Impressionism__pierre-auguste-renoir_leaving-the-bath-1890,0
ccstytr,000000001818__Mannerism_Late_Renaissance__tintoretto_st-mark-rescuing-a-saracen-from-shipwreck-1566,000000001818,Mannerism_Late_Renaissance__tintoretto_st-mark-rescuing-a-saracen-from-shipwreck-1566,0
ccstytr,000000001818__Minimalism__mario-schifano_untitled-1963,000000001818,Minimalism__mario-schifano_untitled-1963,0
ccstytr,000000001818__Naive_Art_Primitivism__marc-chagall_the-young-samuel-the-priest-s-servant-heard-that-he-is-called-by-god-eli-and-he-were-sleeping,000000001818,Naive_Art_Primitivism__marc-chagall_the-young-samuel-the-priest-s-servant-heard-that-he-is-called-by-god-eli-and-he-were-sleeping,0
ccstytr,000000001818__Northern_Renaissance__albrecht-durer_lamentation-over-christ-1507,000000001818,Northern_Renaissance__albrecht-durer_lamentation-over-christ-1507,0
ccstytr,000000001818__Pop_Art__peter-max_composition-red-green-1979,000000001818,Pop_Art__peter-max_composition-red-green-1979,0
ccstytr,000000001818__Post_Impressionism__vincent-van-gogh_restaurant-de-la-sirene-at-asnieres-1887,000000001818,Post_Impressionism__vincent-van-gogh_restaurant-de-la-sirene-at-asnieres-1887,0
ccstytr,000000001818__Realism__vincent-van-gogh_cottage-with-peasant-coming-home-1885(1),000000001818,Realism__vincent-van-gogh_cottage-with-peasant-coming-home-1885(1),1
ccstytr,000000001818__Rococo__dmitry-levitzky_portrait-of-baron-a-n-stroganoff,000000001818,Rococo__dmitry-levitzky_portrait-of-baron-a-n-stroganoff,0
ccstytr,000000001818__Romanticism__gustave-dore_paradise-lost-4,000000001818,Romanticism__gustave-dore_paradise-lost-4,0
ccstytr,000000001818__Symbolism__nicholas-roerich_language-of-forest-1922,000000001818,Symbolism__nicholas-roerich_language-of-forest-1922,0
ccstytr,000000001818__Ukiyo_e__kitagawa-utamaro_not_detected_233134,000000001818,Ukiyo_e__kitagawa-utamaro_not_detected_233134,0
ccstytr,000000009448__Abstract_Expressionism__paul-jenkins_not_detected_235703,000000009448,Abstract_Expressionism__paul-jenkins_not_detected_235703,0
ccstytr,000000009448__Art_Nouveau_Modern__nicholas-roerich_oze-1914,000000009448,Art_Nouveau_Modern__nicholas-roerich_oze-1914,0
ccstytr,000000009448__Baroque__rembrandt_portrait-of-nicolas-van-bambeeck-1641,000000009448,Baroque__rembrandt_portrait-of-nicolas-van-bambeeck-1641,0
ccstytr,000000009448__Color_Field_Painting__leon-berkowitz_dark-light-rose-gold-1978,000000009448,Color_Field_Painting__leon-berkowitz_dark-light-rose-gold-1978,0
ccstytr,000000009448__Cubism__salvador-dali_cubist-composition-portrait-of-a-seated-person-holding-a-letter,000000009448,Cubism__salvador-dali_cubist-composition-portrait-of-a-seated-person-holding-a-letter,0
ccstytr,000000009448__Early_Renaissance__pietro-perugino_st-jerome-who-attends-two-unfairly-hanged-1473,000000009448,Early_Renaissance__pietro-perugino_st-jerome-who-attends-two-unfairly-hanged-1473,0
ccstytr,000000009448__Expressionism__amedeo-modigliani_germaine-survage-with-earrings-1918,000000009448,Expressionism__amedeo-modigliani_germaine-survage-with-earrings-1918,0
ccstytr,000000009448__High_Renaissance__raphael_madonna-and-child-enthroned-with-saints-1505,000000009448,High_Renaissance__raphael_madonna-and-child-enthroned-with-saints-1505,0
ccstytr,000000009448__Impressionism__pierre-auguste-renoir_leaving-the-bath-1890,000000009448,Impressionism__pierre-auguste-renoir_leaving-the-bath-1890,0
ccstytr,000000009448__Mannerism_Late_Renaissance__tintoretto_st-mark-rescuing-a-saracen-from-shipwreck-1566,000000009448,Mannerism_Late_Renaissance__tintoretto_st-mark-rescuing-a-saracen-from-shipwreck-1566,0
ccstytr,000000009448__Minimalism__mario-schifano_untitled-1963,000000009448,Minimalism__mario-schifano_untitled-1963,0
ccstytr,000000009448__Naive_Art_Primitivism__marc-chagall_the-young-samuel-the-priest-s-servant-heard-that-he-is-called-by-god-eli-and-he-were-sleeping,000000009448,Naive_Art_Primitivism__marc-chagall_the-young-samuel-the-priest-s-servant-heard-that-he-is-called-by-god-eli-and-he-were-sleeping,0
ccstytr,000000009448__Northern_Renaissance__albrecht-durer_lamentation-over-christ-1507,000000009448,Northern_Renaissance__albrecht-durer_lamentation-over-christ-1507,1
ccstytr,000000009448__Pop_Art__peter-max_composition-red-green-1979,000000009448,Pop_Art__peter-max_composition-red-green-1979,0
ccstytr,000000009448__Post_Impressionism__vincent-van-gogh_restaurant-de-la-sirene-at-asnieres-1887,000000009448,Post_Impressionism__vincent-van-gogh_restaurant-de-la-sirene-at-asnieres-1887,0
ccstytr,000000009448__Realism__vincent-van-gogh_cottage-with-peasant-coming-home-1885(1),000000009448,Realism__vincent-van-gogh_cottage-with-peasant-coming-home-1885(1),0
ccstytr,000000009448__Rococo__dmitry-levitzky_portrait-of-baron-a-n-stroganoff,000000009448,Rococo__dmitry-levitzky_portrait-of-baron-a-n-stroganoff,0
ccstytr,000000009448__Romanticism__gustave-dore_paradise-lost-4,000000009448,Romanticism__gustave-dore_paradise-lost-4,0
ccstytr,000000009448__Symbolism__nicholas-roerich_language-of-forest-1922,000000009448,Symbolism__nicholas-roerich_language-of-forest-1922,0
ccstytr,000000009448__Ukiyo_e__kitagawa-utamaro_not_detected_233134,000000009448,Ukiyo_e__kitagawa-utamaro_not_detected_233134,0
ccstytr,000000072795__Abstract_Expressionism__paul-jenkins_not_detected_235703,000000072795,Abstract_Expressionism__paul-jenkins_not_detected_235703,0
ccstytr,000000072795__Art_Nouveau_Modern__nicholas-roerich_oze-1914,000000072795,Art_Nouveau_Modern__nicholas-roerich_oze-1914,0
ccstytr,000000072795__Baroque__rembrandt_portrait-of-nicolas-van-bambeeck-1641,000000072795,Baroque__rembrandt_portrait-of-nicolas-van-bambeeck-1641,0
ccstytr,000000072795__Color_Field_Painting__leon-berkowitz_dark-light-rose-gold-1978,000000072795,Color_Field_Painting__leon-berkowitz_dark-light-rose-gold-1978,1
ccstytr,000000072795__Cubism__salvador-dali_cubist-composition-portrait-of-a-seated-person-holding-a-letter,000000072795,Cubism__salvador-dali_cubist-composition-portrait-of-a-seated-person-holding-a-letter,0
ccstytr,000000072795__Early_Renaissance__pietro-perugino_st-jerome-who-attends-two-unfairly-hanged-1473,000000072795,Early_Renaissance__pietro-perugino_st-jerome-who-attends-two-unfairly-hanged-1473,0
ccstytr,000000072795__Expressionism__amedeo-modigliani_germaine-survage-with-earrings-1918,000000072795,Expressionism__amedeo-modigliani_germaine-survage-with-earrings-1918,0
ccstytr,000000072795__High_Renaissance__raphael_madonna-and-child-enthroned-with-saints-1505,000000072795,High_Renaissance__raphael_madonna-and-child-enthroned-with-saints-1505,0
ccstytr,000000072795__Impressionism__pierre-auguste-renoir_leaving-the-bath-1890,000000072795,Impressionism__pierre-auguste-renoir_leaving-the-bath-1890,0
ccstytr,000000072795__Mannerism_Late_Renaissance__tintoretto_st-mark-rescuing-a-saracen-from-shipwreck-1566,000000072795,Mannerism_Late_Renaissance__tintoretto_st-mark-rescuing-a-saracen-from-shipwreck-1566,0
ccstytr,000000072795__Minimalism__mario-schifano_untitled-1963,000000072795,Minimalism__mario-schifano_untitled-1963,0
ccstytr,000000072795__Naive_Art_Primitivism__marc-chagall_the-young-samuel-the-priest-s-servant-heard-that-he-is-called-by-god-eli-and-he-were-sleeping,000000072795,Naive_Art_Primitivism__marc-chagall_the-young-samuel-the-priest-s-servant-heard-that-he-is-called-by-god-eli-and-he-were-sleeping,0
ccstytr,000000072795__Northern_Renaissance__albrecht-durer_lamentation-over-christ-1507,000000072795,Northern_Renaissance__albrecht-durer_lamentation-over-christ-1507,0
ccstytr,000000072795__Pop_Art__peter-max_composition-red-green-1979,000000072795,Pop_Art__peter-max_composition-red-green-1979,0
ccstytr,000000072795__Post_Impressionism__vincent-van-gogh_restaurant-de-la-sirene-at-asnieres-1887,000000072795,Post_Impressionism__vincent-van-gogh_restaurant-de-la-sirene-at-asnieres-1887,0
ccstytr,000000072795__Realism__vincent-van-gogh_cottage-with-peasant-coming-home-1885(1),000000072795,Realism__vincent-van-gogh_cottage-with-peasant-coming-home-1885(1),0
ccstytr,000000072795__Rococo__dmitry-levitzky_portrait-of-baron-a-n-stroganoff,000000072795,Rococo__dmitry-levitzky_portrait-of-baron-a-n-stroganoff,0
ccstytr,000000072795__Romanticism__gustave-dore_paradise-lost-4,000000072795,Romanticism__gustave-dore_paradise-lost-4,0
ccstytr,000000072795__Symbolism__nicholas-roerich_language-of-forest-1922,000000072795,Symbolism__nicholas-roerich_language-of-forest-1922,0
ccstytr,000000072795__Ukiyo_e__kitagawa-utamaro_not_detected_233134,000000072795,Ukiyo_e__kitagawa-utamaro_not_detected_233134,0
ccstytr,000000078420__Abstract_Expressionism__paul-jenkins_not_detected_235703,000000078420,Abstract_Expressionism__paul-jenkins_not_detected_235703,0
ccstytr,000000078420__Art_Nouveau_Modern__nicholas-roerich_oze-1914,000000078420,Art_Nouveau_Modern__nicholas-roerich_oze-1914,0
ccstytr,000000078420__Baroque__rembrandt_portrait-of-nicolas-van-bambeeck-1641,000000078420,Baroque__rembrandt_portrait-of-nicolas-van-bambeeck-1641,0
ccstytr,000000078420__Color_Field_Painting__leon-berkowitz_dark-light-rose-gold-1978,000000078420,Color_Field_Painting__leon-berkowitz_dark-light-rose-gold-1978,0
ccstytr,000000078420__Cubism__salvador-dali_cubist-composition-portrait-of-a-seated-person-holding-a-letter,000000078420,Cubism__salvador-dali_cubist-composition-portrait-of-a-seated-person-holding-a-letter,0
ccstytr,000000078420__Early_Renaissance__pietro-perugino_st-jerome-who-attends-two-unfairly-hanged-1473,000000078420,Early_Renaissance__pietro-perugino_st-jerome-who-attends-two-unfairly-hanged-1473,0
ccstytr,000000078420__Expressionism__amedeo-modigliani_germaine-survage-with-earrings-1918,000000078420,Expressionism__amedeo-modigliani_germaine-survage-with-earrings-1918,0
ccstytr,000000078420__High_Renaissance__raphael_madonna-and-child-enthroned-with-saints-1505,000000078420,High_Renaissance__raphael_madonna-and-child-enthroned-with-saints-1505,0
ccstytr,000000078420__Impressionism__pierre-auguste-renoir_leaving-the-bath-1890,000000078420,Impressionism__pierre-auguste-renoir_leaving-the-bath-1890,0
ccstytr,000000078420__Mannerism_Late_Renaissance__tintoretto_st-mark-rescuing-a-saracen-from-shipwreck-1566,000000078420,Mannerism_Late_Renaissance__tintoretto_st-mark-rescuing-a-saracen-from-shipwreck-1566,0
ccstytr,000000078420__Minimalism__mario-schifano_untitled-1963,000000078420,Minimalism__mario-schifano_untitled-1963,1
ccstytr,000000078420__Naive_Art_Primitivism__marc-chagall_the-young-samuel-the-priest-s-servant-heard-that-he-is-called-by-god-eli-and-he-were-sleeping,000000078420,Naive_Art_Primitivism__marc-chagall_the-young-samuel-the-priest-s-servant-heard-that-he-is-called-by-god-eli-and-he-were-sleeping,0
ccstytr,000000078420__Northern_Renaissance__albrecht-durer_lamentation-over-christ-1507,000000078420,Northern_Renaissance__albrecht-durer_lamentation-over-christ-1507,0
ccstytr,000000078420__Pop_Art__peter-max_composition-red-green-1979,000000078420,Pop_Art__peter-max_composition-red-green-1979,1
ccstytr,000000078420__Post_Impressionism__vincent-van-gogh_restaurant-de-la-sirene-at-asnieres-1887,000000078420,Post_Impressionism__vincent-van-gogh_restaurant-de-la-sirene-at-asnieres-1887,0
ccstytr,000000078420__Realism__vincent-van-gogh_cottage-with-peasant-coming-home-1885(1),000000078420,Realism__vincent-van-gogh_cottage-with-peasant-coming-home-1885(1),0
ccstytr,000000078420__Rococo__dmitry-levitzky_portrait-of-baron-a-n-stroganoff,000000078420,Rococo__dmitry-levitzky_portrait-of-baron-a-n-stroganoff,0
ccstytr,000000078420__Romanticism__gustave-dore_paradise-lost-4,000000078420,Romanticism__gustave-dore_paradise-lost-4,0
ccstytr,000000078420__Symbolism__nicholas-roerich_language-of-forest-1922,000000078420,Symbolism__nicholas-roerich_language-of-forest-1922,0
ccstytr,000000078420__Ukiyo_e__kitagawa-utamaro_not_detected_233134,000000078420,Ukiyo_e__kitagawa-utamaro_not_detected_233134,0
ccstytr,000000085682__Abstract_Expressionism__paul-jenkins_not_detected_235703,000000085682,Abstract_Expressionism__paul-jenkins_not_detected_235703,0
ccstytr,000000085682__Art_Nouveau_Modern__nicholas-roerich_oze-1914,000000085682,Art_Nouveau_Modern__nicholas-roerich_oze-1914,0
ccstytr,000000085682__Baroque__rembrandt_portrait-of-nicolas-van-bambeeck-1641,000000085682,Baroque__rembrandt_portrait-of-nicolas-van-bambeeck-1641,0
ccstytr,000000085682__Color_Field_Painting__leon-berkowitz_dark-light-rose-gold-1978,000000085682,Color_Field_Painting__leon-berkowitz_dark-light-rose-gold-1978,0
ccstytr,000000085682__Cubism__salvador-dali_cubist-composition-portrait-of-a-seated-person-holding-a-letter,000000085682,Cubism__salvador-dali_cubist-composition-portrait-of-a-seated-person-holding-a-letter,0
ccstytr,000000085682__Early_Renaissance__pietro-perugino_st-jerome-who-attends-two-unfairly-hanged-1473,000000085682,Early_Renaissance__pietro-perugino_st-jerome-who-attends-two-unfairly-hanged-1473,0
ccstytr,000000085682__Expressionism__amedeo-modigliani_germaine-survage-with-earrings-1918,000000085682,Expressionism__amedeo-modigliani_germaine-survage-with-earrings-1918,0
ccstytr,000000085682__High_Renaissance__raphael_madonna-and-child-enthroned-with-saints-1505,000000085682,High_Renaissance__raphael_madonna-and-child-enthroned-with-saints-1505,0
ccstytr,000000085682__Impressionism__pierre-auguste-renoir_leaving-the-bath-1890,000000085682,Impressionism__pierre-auguste-renoir_leaving-the-bath-1890,1
ccstytr,000000085682__Mannerism_Late_Renaissance__tintoretto_st-mark-rescuing-a-saracen-from-shipwreck-1566,000000085682,Mannerism_Late_Renaissance__tintoretto_st-mark-rescuing-a-saracen-from-shipwreck-1566,0
ccstytr,000000085682__Minimalism__mario-schifano_untitled-1963,000000085682,Minimalism__mario-schifano_untitled-1963,0
ccstytr,000000085682__Naive_Art_Primitivism__marc-chagall_the-young-samuel-the-priest-s-servant-heard-that-he-is-called-by-god-eli-and-he-were-sleeping,000000085682,Naive_Art_Primitivism__marc-chagall_the-young-samuel-the-priest-s-servant-heard-that-he-is-called-by-god-eli-and-he-were-sleeping,0
ccstytr,000000085682__Northern_Renaissance__albrecht-durer_lamentation-over-christ-1507,000000085682,Northern_Renaissance__albrecht-durer_lamentation-over-christ-1507,0
ccstytr,000000085682__Pop_Art__peter-max_composition-red-green-1979,000000085682,Pop_Art__peter-max_composition-red-green-1979,0
ccstytr,000000085682__Post_Impressionism__vincent-van-gogh_restaurant-de-la-sirene-at-asnieres-1887,000000085682,Post_Impressionism__vincent-van-gogh_restaurant-de-la-sirene-at-asnieres-1887,1
ccstytr,000000085682__Realism__vincent-van-gogh_cottage-with-peasant-coming-home-1885(1),000000085682,Realism__vincent-van-gogh_cottage-with-peasant-coming-home-1885(1),1
ccstytr,000000085682__Rococo__dmitry-levitzky_portrait-of-baron-a-n-stroganoff,000000085682,Rococo__dmitry-levitzky_portrait-of-baron-a-n-stroganoff,0
ccstytr,000000085682__Romanticism__gustave-dore_paradise-lost-4,000000085682,Romanticism__gustave-dore_paradise-lost-4,0
ccstytr,000000085682__Symbolism__nicholas-roerich_language-of-forest-1922,000000085682,Symbolism__nicholas-roerich_language-of-forest-1922,0
ccstytr,000000085682__Ukiyo_e__kitagawa-utamaro_not_detected_233134,000000085682,Ukiyo_e__kitagawa-utamaro_not_detected_233134,0
ccstytr,000000094157__Abstract_Expressionism__paul-jenkins_not_detected_235703,000000094157,Abstract_Expressionism__paul-jenkins_not_detected_235703,0
ccstytr,000000094157__Art_Nouveau_Modern__nicholas-roerich_oze-1914,000000094157,Art_Nouveau_Modern__nicholas-roerich_oze-1914,0
ccstytr,000000094157__Baroque__rembrandt_portrait-of-nicolas-van-bambeeck-1641,000000094157,Baroque__rembrandt_portrait-of-nicolas-van-bambeeck-1641,0
ccstytr,000000094157__Color_Field_Painting__leon-berkowitz_dark-light-rose-gold-1978,000000094157,Color_Field_Painting__leon-berkowitz_dark-light-rose-gold-1978,0
ccstytr,000000094157__Cubism__salvador-dali_cubist-composition-portrait-of-a-seated-person-holding-a-letter,000000094157,Cubism__salvador-dali_cubist-composition-portrait-of-a-seated-person-holding-a-letter,0
ccstytr,000000094157__Early_Renaissance__pietro-perugino_st-jerome-who-attends-two-unfairly-hanged-1473,000000094157,Early_Renaissance__pietro-perugino_st-jerome-who-attends-two-unfairly-hanged-1473,0
ccstytr,000000094157__Expressionism__amedeo-modigliani_germaine-survage-with-earrings-1918,000000094157,Expressionism__amedeo-modigliani_germaine-survage-with-earrings-1918,0
ccstytr,000000094157__High_Renaissance__raphael_madonna-and-child-enthroned-with-saints-1505,000000094157,High_Renaissance__raphael_madonna-and-child-enthroned-with-saints-1505,0
ccstytr,000000094157__Impressionism__pierre-auguste-renoir_leaving-the-bath-1890,000000094157,Impressionism__pierre-auguste-renoir_leaving-the-bath-1890,1
ccstytr,000000094157__Mannerism_Late_Renaissance__tintoretto_st-mark-rescuing-a-saracen-from-shipwreck-1566,000000094157,Mannerism_Late_Renaissance__tintoretto_st-mark-rescuing-a-saracen-from-shipwreck-1566,0
ccstytr,000000094157__Minimalism__mario-schifano_untitled-1963,000000094157,Minimalism__mario-schifano_untitled-1963,0
ccstytr,000000094157__Naive_Art_Primitivism__marc-chagall_the-young-samuel-the-priest-s-servant-heard-that-he-is-called-by-god-eli-and-he-were-sleeping,000000094157,Naive_Art_Primitivism__marc-chagall_the-young-samuel-the-priest-s-servant-heard-that-he-is-called-by-god-eli-and-he-were-sleeping,0
ccstytr,000000094157__Northern_Renaissance__albrecht-durer_lamentation-over-christ-1507,000000094157,Northern_Renaissance__albrecht-durer_lamentation-over-christ-1507,1
ccstytr,000000094157__Pop_Art__peter-max_composition-red-green-1979,000000094157,Pop_Art__peter-max_composition-red-green-1979,0
ccstytr,000000094157__Post_Impressionism__vincent-van-gogh_restaurant-de-la-sirene-at-asnieres-1887,000000094157,Post_Impressionism__vincent-van-gogh_restaurant-de-la-sirene-at-asnieres-1887,0
ccstytr,000000094157__Realism__vincent-van-gogh_cottage-with-peasant-coming-home-1885(1),000000094157,Realism__vincent-van-gogh_cottage-with-peasant-coming-home-1885(1),0
ccstytr,000000094157__Rococo__dmitry-levitzky_portrait-of-baron-a-n-stroganoff,000000094157,Rococo__dmitry-levitzky_portrait-of-baron-a-n-stroganoff,0
ccstytr,000000094157__Romanticism__gustave-dore_paradise-lost-4,000000094157,Romanticism__gustave-dore_paradise-lost-4,1
ccstytr,000000094157__Symbolism__nicholas-roerich_language-of-forest-1922,000000094157,Symbolism__nicholas-roerich_language-of-forest-1922,0
ccstytr,000000094157__Ukiyo_e__kitagawa-utamaro_not_detected_233134,000000094157,Ukiyo_e__kitagawa-utamaro_not_detected_233134,0
ccstytr,000000098633__Abstract_Expressionism__paul-jenkins_not_detected_235703,000000098633,Abstract_Expressionism__paul-jenkins_not_detected_235703,1
ccstytr,000000098633__Art_Nouveau_Modern__nicholas-roerich_oze-1914,000000098633,Art_Nouveau_Modern__nicholas-roerich_oze-1914,0
ccstytr,000000098633__Baroque__rembrandt_portrait-of-nicolas-van-bambeeck-1641,000000098633,Baroque__rembrandt_portrait-of-nicolas-van-bambeeck-1641,0
ccstytr,000000098633__Color_Field_Painting__leon-berkowitz_dark-light-rose-gold-1978,000000098633,Color_Field_Painting__leon-berkowitz_dark-light-rose-gold-1978,0
ccstytr,000000098633__Cubism__salvador-dali_cubist-composition-portrait-of-a-seated-person-holding-a-letter,000000098633,Cubism__salvador-dali_cubist-composition-portrait-of-a-seated-person-holding-a-letter,0
ccstytr,000000098633__Early_Renaissance__pietro-perugino_st-jerome-who-attends-two-unfairly-hanged-1473,000000098633,Early_Renaissance__pietro-perugino_st-jerome-who-attends-two-unfairly-hanged-1473,0
ccstytr,000000098633__Expressionism__amedeo-modigliani_germaine-survage-with-earrings-1918,000000098633,Expressionism__amedeo-modigliani_germaine-survage-with-earrings-1918,0
ccstytr,000000098633__High_Renaissance__raphael_madonna-and-child-enthroned-with-saints-1505,000000098633,High_Renaissance__raphael_madonna-and-child-enthroned-with-saints-1505,0
ccstytr,000000098633__Impressionism__pierre-auguste-renoir_leaving-the-bath-1890,000000098633,Impressionism__pierre-auguste-renoir_leaving-the-bath-1890,0
ccstytr,000000098633__Mannerism_Late_Renaissance__tintoretto_st-mark-rescuing-a-saracen-from-shipwreck-1566,000000098633,Mannerism_Late_Renaissance__tintoretto_st-mark-rescuing-a-saracen-from-shipwreck-1566,0
ccstytr,000000098633__Minimalism__mario-schifano_untitled-1963,000000098633,Minimalism__mario-schifano_untitled-1963,0
ccstytr,000000098633__Naive_Art_Primitivism__marc-chagall_the-young-samuel-the-priest-s-servant-heard-that-he-is-called-by-god-eli-and-he-were-sleeping,000000098633,Naive_Art_Primitivism__marc-chagall_the-young-samuel-the-priest-s-servant-heard-that-he-is-called-by-god-eli-and-he-were-sleeping,0
ccstytr,000000098633__Northern_Renaissance__albrecht-durer_lamentation-over-christ-1507,000000098633,Northern_Renaissance__albrecht-durer_lamentation-over-christ-1507,0
ccstytr,000000098633__Pop_Art__peter-max_composition-red-green-1979,000000098633,Pop_Art__peter-max_composition-red-green-1979,0
ccstytr,000000098633__Post_Impressionism__vincent-van-gogh_restaurant-de-la-sirene-at-asnieres-1887,000000098633,Post_Impressionism__vincent-van-gogh_restaurant-de-la-sirene-at-asnieres-1887,1
ccstytr,000000098633__Realism__vincent-van-gogh_cottage-with-peasant-coming-home-1885(1),000000098633,Realism__vincent-van-gogh_cottage-with-peasant-coming-home-1885(1),0
ccstytr,000000098633__Rococo__dmitry-levitzky_portrait-of-baron-a-n-stroganoff,000000098633,Rococo__dmitry-levitzky_portrait-of-baron-a-n-stroganoff,0
ccstytr,000000098633__Romanticism__gustave-dore_paradise-lost-4,000000098633,Romanticism__gustave-dore_paradise-lost-4,0
ccstytr,000000098633__Symbolism__nicholas-roerich_language-of-forest-1922,000000098633,Symbolism__nicholas-roerich_language-of-forest-1922,0
ccstytr,000000098633__Ukiyo_e__kitagawa-utamaro_not_detected_233134,000000098633,Ukiyo_e__kitagawa-utamaro_not_detected_233134,0
ccstytr,000000106912__Abstract_Expressionism__paul-jenkins_not_detected_235703,000000106912,Abstract_Expressionism__paul-jenkins_not_detected_235703,0
ccstytr,000000106912__Art_Nouveau_Modern__nicholas-roerich_oze-1914,000000106912,Art_Nouveau_Modern__nicholas-roerich_oze-1914,0
ccstytr,000000106912__Baroque__rembrandt_portrait-of-nicolas-van-bambeeck-1641,000000106912,Baroque__rembrandt_portrait-of-nicolas-van-bambeeck-1641,0
ccstytr,000000106912__Color_Field_Painting__leon-berkowitz_dark-light-rose-gold-1978,000000106912,Color_Field_Painting__leon-berkowitz_dark-light-rose-gold-1978,0
ccstytr,000000106912__Cubism__salvador-dali_cubist-composition-portrait-of-a-seated-person-holding-a-letter,000000106912,Cubism__salvador-dali_cubist-composition-portrait-of-a-seated-person-holding-a-letter,0
ccstytr,000000106912__Early_Renaissance__pietro-perugino_st-jerome-who-attends-two-unfairly-hanged-1473,000000106912,Early_Renaissance__pietro-perugino_st-jerome-who-attends-two-unfairly-hanged-1473,0
ccstytr,000000106912__Expressionism__amedeo-modigliani_germaine-survage-with-earrings-1918,000000106912,Expressionism__amedeo-modigliani_germaine-survage-with-earrings-1918,0
ccstytr,000000106912__High_Renaissance__raphael_madonna-and-child-enthroned-with-saints-1505,000000106912,High_Renaissance__raphael_madonna-and-child-enthroned-with-saints-1505,0
ccstytr,000000106912__Impressionism__pierre-auguste-renoir_leaving-the-bath-1890,000000106912,Impressionism__pierre-auguste-renoir_leaving-the-bath-1890,1
ccstytr,000000106912__Mannerism_Late_Renaissance__tintoretto_st-mark-rescuing-a-saracen-from-shipwreck-1566,000000106912,Mannerism_Late_Renaissance__tintoretto_st-mark-rescuing-a-saracen-from-shipwreck-1566,0
ccstytr,000000106912__Minimalism__mario-schifano_untitled-1963,000000106912,Minimalism__mario-schifano_untitled-1963,0
ccstytr,000000106912__Naive_Art_Primitivism__marc-chagall_the-young-samuel-the-priest-s-servant-heard-that-he-is-called-by-god-eli-and-he-were-sleeping,000000106912,Naive_Art_Primitivism__marc-chagall_the-young-samuel-the-priest-s-servant-heard-that-he-is-called-by-god-eli-and-he-were-sleeping,0
ccstytr,000000106912__Northern_Renaissance__albrecht-durer_lamentation-over-christ-1507,000000106912,Northern_Renaissance__albrecht-durer_lamentation-over-christ-1507,0
ccstytr,000000106912__Pop_Art__peter-max_composition-red-green-1979,000000106912,Pop_Art__peter-max_composition-red-green-1979,0
ccstytr,000000106912__Post_Impressionism__vincent-van-gogh_restaurant-de-la-sirene-at-asnieres-1887,000000106912,Post_Impressionism__vincent-van-gogh_restaurant-de-la-sirene-at-asnieres-1887,1
ccstytr,000000106912__Realism__vincent-van-gogh_cottage-with-peasant-coming-home-1885(1),000000106912,Realism__vincent-van-gogh_cottage-with-peasant-coming-home-1885(1),0
ccstytr,000000106912__Rococo__dmitry-levitzky_portrait-of-baron-a-n-stroganoff,000000106912,Rococo__dmitry-levitzky_portrait-of-baron-a-n-stroganoff,0
ccstytr,000000106912__Romanticism__gustave-dore_paradise-lost-4,000000106912,Romanticism__gustave-dore_paradise-lost-4,0
ccstytr,000000106912__Symbolism__nicholas-roerich_language-of-forest-1922,000000106912,Symbolism__nicholas-roerich_language-of-forest-1922,0
ccstytr,000000106912__Ukiyo_e__kitagawa-utamaro_not_detected_233134,000000106912,Ukiyo_e__kitagawa-utamaro_not_detected_233134,0
ccstytr,000000116208__Abstract_Expressionism__paul-jenkins_not_detected_235703,000000116208,Abstract_Expressionism__paul-jenkins_not_detected_235703,0
ccstytr,000000116208__Art_Nouveau_Modern__nicholas-roerich_oze-1914,000000116208,Art_Nouveau_Modern__nicholas-roerich_oze-1914,0
ccstytr,000000116208__Baroque__rembrandt_portrait-of-nicolas-van-bambeeck-1641,000000116208,Baroque__rembrandt_portrait-of-nicolas-van-bambeeck-1641,0
ccstytr,000000116208__Color_Field_Painting__leon-berkowitz_dark-light-rose-gold-1978,000000116208,Color_Field_Painting__leon-berkowitz_dark-light-rose-gold-1978,0
ccstytr,000000116208__Cubism__salvador-dali_cubist-composition-portrait-of-a-seated-person-holding-a-letter,000000116208,Cubism__salvador-dali_cubist-composition-portrait-of-a-seated-person-holding-a-letter,0
ccstytr,000000116208__Early_Renaissance__pietro-perugino_st-jerome-who-attends-two-unfairly-hanged-1473,000000116208,Early_Renaissance__pietro-perugino_st-jerome-who-attends-two-unfairly-hanged-1473,0
ccstytr,000000116208__Expressionism__amedeo-modigliani_germaine-survage-with-earrings-1918,000000116208,Expressionism__amedeo-modigliani_germaine-survage-with-earrings-1918,0
ccstytr,000000116208__High_Renaissance__raphael_madonna-and-child-enthroned-with-saints-1505,000000116208,High_Renaissance__raphael_madonna-and-child-enthroned-with-saints-1505,0
ccstytr,000000116208__Impressionism__pierre-auguste-renoir_leaving-the-bath-1890,000000116208,Impressionism__pierre-auguste-renoir_leaving-the-bath-1890,1
ccstytr,000000116208__Mannerism_Late_Renaissance__tintoretto_st-mark-rescuing-a-saracen-from-shipwreck-1566,000000116208,Mannerism_Late_Renaissance__tintoretto_st-mark-rescuing-a-saracen-from-shipwreck-1566,0
ccstytr,000000116208__Minimalism__mario-schifano_untitled-1963,000000116208,Minimalism__mario-schifano_untitled-1963,0
ccstytr,000000116208__Naive_Art_Primitivism__marc-chagall_the-young-samuel-the-priest-s-servant-heard-that-he-is-called-by-god-eli-and-he-were-sleeping,000000116208,Naive_Art_Primitivism__marc-chagall_the-young-samuel-the-priest-s-servant-heard-that-he-is-called-by-god-eli-and-he-were-sleeping,0
ccstytr,000000116208__Northern_Renaissance__albrecht-durer_lamentation-over-christ-1507,000000116208,Northern_Renaissance__albrecht-durer_lamentation-over-christ-1507,0
ccstytr,000000116208__Pop_Art__peter-max_composition-red-green-1979,000000116208,Pop_Art__peter-max_composition-red-green-1979,0
ccstytr,000000116208__Post_Impressionism__vincent-van-gogh_restaurant-de-la-sirene-at-asnieres-1887,000000116208,Post_Impressionism__vincent-van-gogh_restaurant-de-la-sirene-at-asnieres-1887,1
ccstytr,000000116208__Realism__vincent-van-gogh_cottage-with-peasant-coming-home-1885(1),000000116208,Realism__vincent-van-gogh_cottage-with-peasant-coming-home-1885(1),0
ccstytr,000000116208__Rococo__dmitry-levitzky_portrait-of-baron-a-n-stroganoff,000000116208,Rococo__dmitry-levitzky_portrait-of-baron-a-n-stroganoff,0
ccstytr,000000116208__Romanticism__gustave-dore_paradise-lost-4,000000116208,Romanticism__gustave-dore_paradise-lost-4,0
ccstytr,000000116208__Symbolism__nicholas-roerich_language-of-forest-1922,000000116208,Symbolism__nicholas-roerich_language-of-forest-1922,0
ccstytr,000000116208__Ukiyo_e__kitagawa-utamaro_not_detected_233134,000000116208,Ukiyo_e__kitagawa-utamaro_not_detected_233134,0
ccstytr,000000135872__Abstract_Expressionism__paul-jenkins_not_detected_235703,000000135872,Abstract_Expressionism__paul-jenkins_not_detected_235703,0
ccstytr,000000135872__Art_Nouveau_Modern__nicholas-roerich_oze-1914,000000135872,Art_Nouveau_Modern__nicholas-roerich_oze-1914,0
ccstytr,000000135872__Baroque__rembrandt_portrait-of-nicolas-van-bambeeck-1641,000000135872,Baroque__rembrandt_portrait-of-nicolas-van-bambeeck-1641,0
ccstytr,000000135872__Color_Field_Painting__leon-berkowitz_dark-light-rose-gold-1978,000000135872,Color_Field_Painting__leon-berkowitz_dark-light-rose-gold-1978,0
ccstytr,000000135872__Cubism__salvador-dali_cubist-composition-portrait-of-a-seated-person-holding-a-letter,000000135872,Cubism__salvador-dali_cubist-composition-portrait-of-a-seated-person-holding-a-letter,0
ccstytr,000000135872__Early_Renaissance__pietro-perugino_st-jerome-who-attends-two-unfairly-hanged-1473,000000135872,Early_Renaissance__pietro-perugino_st-jerome-who-attends-two-unfairly-hanged-1473,0
ccstytr,000000135872__Expressionism__amedeo-modigliani_germaine-survage-with-earrings-1918,000000135872,Expressionism__amedeo-modigliani_germaine-survage-with-earrings-1918,0
ccstytr,000000135872__High_Renaissance__raphael_madonna-and-child-enthroned-with-saints-1505,000000135872,High_Renaissance__raphael_madonna-and-child-enthroned-with-saints-1505,0
ccstytr,000000135872__Impressionism__pierre-auguste-renoir_leaving-the-bath-1890,000000135872,Impressionism__pierre-auguste-renoir_leaving-the-bath-1890,0
ccstytr,000000135872__Mannerism_Late_Renaissance__tintoretto_st-mark-rescuing-a-saracen-from-shipwreck-1566,000000135872,Mannerism_Late_Renaissance__tintoretto_st-mark-rescuing-a-saracen-from-shipwreck-1566,0
ccstytr,000000135872__Minimalism__mario-schifano_untitled-1963,000000135872,Minimalism__mario-schifano_untitled-1963,0
ccstytr,000000135872__Naive_Art_Primitivism__marc-chagall_the-young-samuel-the-priest-s-servant-heard-that-he-is-called-by-god-eli-and-he-were-sleeping,000000135872,Naive_Art_Primitivism__marc-chagall_the-young-samuel-the-priest-s-servant-heard-that-he-is-called-by-god-eli-and-he-were-sleeping,0
ccstytr,000000135872__Northern_Renaissance__albrecht-durer_lamentation-over-christ-1507,000000135872,Northern_Renaissance__albrecht-durer_lamentation-over-christ-1507,0
ccstytr,000000135872__Pop_Art__peter-max_composition-red-green-1979,000000135872,Pop_Art__peter-max_composition-red-green-1979,1
ccstytr,000000135872__Post_Impressionism__vincent-van-gogh_restaurant-de-la-sirene-at-asnieres-1887,000000135872,Post_Impressionism__vincent-van-gogh_restaurant-de-la-sirene-at-asnieres-1887,1
ccstytr,000000135872__Realism__vincent-van-gogh_cottage-with-peasant-coming-home-1885(1),000000135872,Realism__vincent-van-gogh_cottage-with-peasant-coming-home-1885(1),0
ccstytr,000000135872__Rococo__dmitry-levitzky_portrait-of-baron-a-n-stroganoff,000000135872,Rococo__dmitry-levitzky_portrait-of-baron-a-n-stroganoff,0
ccstytr,000000135872__Romanticism__gustave-dore_paradise-lost-4,000000135872,Romanticism__gustave-dore_paradise-lost-4,0
ccstytr,000000135872__Symbolism__nicholas-roerich_language-of-forest-1922,000000135872,Symbolism__nicholas-roerich_language-of-forest-1922,0
ccstytr,000000135872__Ukiyo_e__kitagawa-utamaro_not_detected_233134,000000135872,Ukiyo_e__kitagawa-utamaro_not_detected_233134,0
ccstytr,000000196442__Abstract_Expressionism__paul-jenkins_not_detected_235703,000000196442,Abstract_Expressionism__paul-jenkins_not_detected_235703,0
ccstytr,000000196442__Art_Nouveau_Modern__nicholas-roerich_oze-1914,000000196442,Art_Nouveau_Modern__nicholas-roerich_oze-1914,0
ccstytr,000000196442__Baroque__rembrandt_portrait-of-nicolas-van-bambeeck-1641,000000196442,Baroque__rembrandt_portrait-of-nicolas-van-bambeeck-1641,0
ccstytr,000000196442__Color_Field_Painting__leon-berkowitz_dark-light-rose-gold-1978,000000196442,Color_Field_Painting__leon-berkowitz_dark-light-rose-gold-1978,0
ccstytr,000000196442__Cubism__salvador-dali_cubist-composition-portrait-of-a-seated-person-holding-a-letter,000000196442,Cubism__salvador-dali_cubist-composition-portrait-of-a-seated-person-holding-a-letter,0
ccstytr,000000196442__Early_Renaissance__pietro-perugino_st-jerome-who-attends-two-unfairly-hanged-1473,000000196442,Early_Renaissance__pietro-perugino_st-jerome-who-attends-two-unfairly-hanged-1473,0
ccstytr,000000196442__Expressionism__amedeo-modigliani_germaine-survage-with-earrings-1918,000000196442,Expressionism__amedeo-modigliani_germaine-survage-with-earrings-1918,0
ccstytr,000000196442__High_Renaissance__raphael_madonna-and-child-enthroned-with-saints-1505,000000196442,High_Renaissance__raphael_madonna-and-child-enthroned-with-saints-1505,0
ccstytr,000000196442__Impressionism__pierre-auguste-renoir_leaving-the-bath-1890,000000196442,Impressionism__pierre-auguste-renoir_leaving-the-bath-1890,1
ccstytr,000000196442__Mannerism_Late_Renaissance__tintoretto_st-mark-rescuing-a-saracen-from-shipwreck-1566,000000196442,Mannerism_Late_Renaissance__tintoretto_st-mark-rescuing-a-saracen-from-shipwreck-1566,0
ccstytr,000000196442__Minimalism__mario-schifano_untitled-1963,000000196442,Minimalism__mario-schifano_untitled-1963,0
ccstytr,000000196442__Naive_Art_Primitivism__marc-chagall_the-young-samuel-the-priest-s-servant-heard-that-he-is-called-by-god-eli-and-he-were-sleeping,000000196442,Naive_Art_Primitivism__marc-chagall_the-young-samuel-the-priest-s-servant-heard-that-he-is-called-by-god-eli-and-he-were-sleeping,0
ccstytr,000000196442__Northern_Renaissance__albrecht-durer_lamentation-over-christ-1507,000000196442,Northern_Renaissance__albrecht-durer_lamentation-over-christ-1507,0
ccstytr,000000196442__Pop_Art__peter-max_composition-red-green-1979,000000196442,Pop_Art__peter-max_composition-red-green-1979,0
ccstytr,000000196442__Post_Impressionism__vincent-van-gogh_restaurant-de-la-sirene-at-asnieres-1887,000000196442,Post_Impressionism__vincent-van-gogh_restaurant-de-la-sirene-at-asnieres-1887,0
ccstytr,000000196442__Realism__vincent-van-gogh_cottage-with-peasant-coming-home-1885(1),000000196442,Realism__vincent-van-gogh_cottage-with-peasant-coming-home-1885(1),0
ccstytr,000000196442__Rococo__dmitry-levitzky_portrait-of-baron-a-n-stroganoff,000000196442,Rococo__dmitry-levitzky_portrait-of-baron-a-n-stroganoff,0
ccstytr,000000196442__Romanticism__gustave-dore_paradise-lost-4,000000196442,Romanticism__gustave-dore_paradise-lost-4,0
ccstytr,000000196442__Symbolism__nicholas-roerich_language-of-forest-1922,000000196442,Symbolism__nicholas-roerich_language-of-forest-1922,0
ccstytr,000000196442__Ukiyo_e__kitagawa-utamaro_not_detected_233134,000000196442,Ukiyo_e__kitagawa-utamaro_not_detected_233134,0
ccstytr,000000210388__Abstract_Expressionism__paul-jenkins_not_detected_235703,000000210388,Abstract_Expressionism__paul-jenkins_not_detected_235703,0
ccstytr,000000210388__Art_Nouveau_Modern__nicholas-roerich_oze-1914,000000210388,Art_Nouveau_Modern__nicholas-roerich_oze-1914,0
ccstytr,000000210388__Baroque__rembrandt_portrait-of-nicolas-van-bambeeck-1641,000000210388,Baroque__rembrandt_portrait-of-nicolas-van-bambeeck-1641,0
ccstytr,000000210388__Color_Field_Painting__leon-berkowitz_dark-light-rose-gold-1978,000000210388,Color_Field_Painting__leon-berkowitz_dark-light-rose-gold-1978,0
ccstytr,000000210388__Cubism__salvador-dali_cubist-composition-portrait-of-a-seated-person-holding-a-letter,000000210388,Cubism__salvador-dali_cubist-composition-portrait-of-a-seated-person-holding-a-letter,0
ccstytr,000000210388__Early_Renaissance__pietro-perugino_st-jerome-who-attends-two-unfairly-hanged-1473,000000210388,Early_Renaissance__pietro-perugino_st-jerome-who-attends-two-unfairly-hanged-1473,0
ccstytr,000000210388__Expressionism__amedeo-modigliani_germaine-survage-with-earrings-1918,000000210388,Expressionism__amedeo-modigliani_germaine-survage-with-earrings-1918,0
ccstytr,000000210388__High_Renaissance__raphael_madonna-and-child-enthroned-with-saints-1505,000000210388,High_Renaissance__raphael_madonna-and-child-enthroned-with-saints-1505,0
ccstytr,000000210388__Impressionism__pierre-auguste-renoir_leaving-the-bath-1890,000000210388,Impressionism__pierre-auguste-renoir_leaving-the-bath-1890,1
ccstytr,000000210388__Mannerism_Late_Renaissance__tintoretto_st-mark-rescuing-a-saracen-from-shipwreck-1566,000000210388,Mannerism_Late_Renaissance__tintoretto_st-mark-rescuing-a-saracen-from-shipwreck-1566,0
ccstytr,000000210388__Minimalism__mario-schifano_untitled-1963,000000210388,Minimalism__mario-schifano_untitled-1963,0
ccstytr,000000210388__Naive_Art_Primitivism__marc-chagall_the-young-samuel-the-priest-s-servant-heard-that-he-is-called-by-god-eli-and-he-were-sleeping,000000210388,Naive_Art_Primitivism__marc-chagall_the-young-samuel-the-priest-s-servant-heard-that-he-is-called-by-god-eli-and-he-were-sleeping,0
ccstytr,000000210388__Northern_Renaissance__albrecht-durer_lamentation-over-christ-1507,000000210388,Northern_Renaissance__albrecht-durer_lamentation-over-christ-1507,0
ccstytr,000000210388__Pop_Art__peter-max_composition-red-green-1979,000000210388,Pop_Art__peter-max_composition-red-green-1979,0
ccstytr,000000210388__Post_Impressionism__vincent-van-gogh_restaurant-de-la-sirene-at-asnieres-1887,000000210388,Post_Impressionism__vincent-van-gogh_restaurant-de-la-sirene-at-asnieres-1887,0
ccstytr,000000210388__Realism__vincent-van-gogh_cottage-with-peasant-coming-home-1885(1),000000210388,Realism__vincent-van-gogh_cottage-with-peasant-coming-home-1885(1),1
ccstytr,000000210388__Rococo__dmitry-levitzky_portrait-of-baron-a-n-stroganoff,000000210388,Rococo__dmitry-levitzky_portrait-of-baron-a-n-stroganoff,0
ccstytr,000000210388__Romanticism__gustave-dore_paradise-lost-4,000000210388,Romanticism__gustave-dore_paradise-lost-4,0
ccstytr,000000210388__Symbolism__nicholas-roerich_language-of-forest-1922,000000210388,Symbolism__nicholas-roerich_language-of-forest-1922,0
ccstytr,000000210388__Ukiyo_e__kitagawa-utamaro_not_detected_233134,000000210388,Ukiyo_e__kitagawa-utamaro_not_detected_233134,0
ccstytr,000000226171__Abstract_Expressionism__paul-jenkins_not_detected_235703,000000226171,Abstract_Expressionism__paul-jenkins_not_detected_235703,0
ccstytr,000000226171__Art_Nouveau_Modern__nicholas-roerich_oze-1914,000000226171,Art_Nouveau_Modern__nicholas-roerich_oze-1914,0
ccstytr,000000226171__Baroque__rembrandt_portrait-of-nicolas-van-bambeeck-1641,000000226171,Baroque__rembrandt_portrait-of-nicolas-van-bambeeck-1641,0
ccstytr,000000226171__Color_Field_Painting__leon-berkowitz_dark-light-rose-gold-1978,000000226171,Color_Field_Painting__leon-berkowitz_dark-light-rose-gold-1978,1
ccstytr,000000226171__Cubism__salvador-dali_cubist-composition-portrait-of-a-seated-person-holding-a-letter,000000226171,Cubism__salvador-dali_cubist-composition-portrait-of-a-seated-person-holding-a-letter,0
ccstytr,000000226171__Early_Renaissance__pietro-perugino_st-jerome-who-attends-two-unfairly-hanged-1473,000000226171,Early_Renaissance__pietro-perugino_st-jerome-who-attends-two-unfairly-hanged-1473,0
ccstytr,000000226171__Expressionism__amedeo-modigliani_germaine-survage-with-earrings-1918,000000226171,Expressionism__amedeo-modigliani_germaine-survage-with-earrings-1918,0
ccstytr,000000226171__High_Renaissance__raphael_madonna-and-child-enthroned-with-saints-1505,000000226171,High_Renaissance__raphael_madonna-and-child-enthroned-with-saints-1505,0
ccstytr,000000226171__Impressionism__pierre-auguste-renoir_leaving-the-bath-1890,000000226171,Impressionism__pierre-auguste-renoir_leaving-the-bath-1890,0
ccstytr,000000226171__Mannerism_Late_Renaissance__tintoretto_st-mark-rescuing-a-saracen-from-shipwreck-1566,000000226171,Mannerism_Late_Renaissance__tintoretto_st-mark-rescuing-a-saracen-from-shipwreck-1566,0
ccstytr,000000226171__Minimalism__mario-schifano_untitled-1963,000000226171,Minimalism__mario-schifano_untitled-1963,1
ccstytr,000000226171__Naive_Art_Primitivism__marc-chagall_the-young-samuel-the-priest-s-servant-heard-that-he-is-called-by-god-eli-and-he-were-sleeping,000000226171,Naive_Art_Primitivism__marc-chagall_the-young-samuel-the-priest-s-servant-heard-that-he-is-called-by-god-eli-and-he-were-sleeping,0
ccstytr,000000226171__Northern_Renaissance__albrecht-durer_lamentation-over-christ-1507,000000226171,Northern_Renaissance__albrecht-durer_lamentation-over-christ-1507,0
ccstytr,000000226171__Pop_Art__peter-max_composition-red-green-1979,000000226171,Pop_Art__peter-max_composition-red-green-1979,1
ccstytr,000000226171__Post_Impressionism__vincent-van-gogh_restaurant-de-la-sirene-at-asnieres-1887,000000226171,Post_Impressionism__vincent-van-gogh_restaurant-de-la-sirene-at-asnieres-1887,0
ccstytr,000000226171__Realism__vincent-van-gogh_cottage-with-peasant-coming-home-1885(1),000000226171,Realism__vincent-van-gogh_cottage-with-peasant-coming-home-1885(1),0
ccstytr,000000226171__Rococo__dmitry-levitzky_portrait-of-baron-a-n-stroganoff,000000226171,Rococo__dmitry-levitzky_portrait-of-baron-a-n-stroganoff,0
ccstytr,000000226171__Romanticism__gustave-dore_paradise-lost-4,000000226171,Romanticism__gustave-dore_paradise-lost-4,0
ccstytr,000000226171__Symbolism__nicholas-roerich_language-of-forest-1922,000000226171,Symbolism__nicholas-roerich_language-of-forest-1922,0
ccstytr,000000226171__Ukiyo_e__kitagawa-utamaro_not_detected_233134,000000226171,Ukiyo_e__kitagawa-utamaro_not_detected_233134,0
ccstytr,000000235857__Abstract_Expressionism__paul-jenkins_not_detected_235703,000000235857,Abstract_Expressionism__paul-jenkins_not_detected_235703,0
ccstytr,000000235857__Art_Nouveau_Modern__nicholas-roerich_oze-1914,000000235857,Art_Nouveau_Modern__nicholas-roerich_oze-1914,0
ccstytr,000000235857__Baroque__rembrandt_portrait-of-nicolas-van-bambeeck-1641,000000235857,Baroque__rembrandt_portrait-of-nicolas-van-bambeeck-1641,0
ccstytr,000000235857__Color_Field_Painting__leon-berkowitz_dark-light-rose-gold-1978,000000235857,Color_Field_Painting__leon-berkowitz_dark-light-rose-gold-1978,0
ccstytr,000000235857__Cubism__salvador-dali_cubist-composition-portrait-of-a-seated-person-holding-a-letter,000000235857,Cubism__salvador-dali_cubist-composition-portrait-of-a-seated-person-holding-a-letter,0
ccstytr,000000235857__Early_Renaissance__pietro-perugino_st-jerome-who-attends-two-unfairly-hanged-1473,000000235857,Early_Renaissance__pietro-perugino_st-jerome-who-attends-two-unfairly-hanged-1473,0
ccstytr,000000235857__Expressionism__amedeo-modigliani_germaine-survage-with-earrings-1918,000000235857,Expressionism__amedeo-modigliani_germaine-survage-with-earrings-1918,0
ccstytr,000000235857__High_Renaissance__raphael_madonna-and-child-enthroned-with-saints-1505,000000235857,High_Renaissance__raphael_madonna-and-child-enthroned-with-saints-1505,0
ccstytr,000000235857__Impressionism__pierre-auguste-renoir_leaving-the-bath-1890,000000235857,Impressionism__pierre-auguste-renoir_leaving-the-bath-1890,0
ccstytr,000000235857__Mannerism_Late_Renaissance__tintoretto_st-mark-rescuing-a-saracen-from-shipwreck-1566,000000235857,Mannerism_Late_Renaissance__tintoretto_st-mark-rescuing-a-saracen-from-shipwreck-1566,0
ccstytr,000000235857__Minimalism__mario-schifano_untitled-1963,000000235857,Minimalism__mario-schifano_untitled-1963,0
ccstytr,000000235857__Naive_Art_Primitivism__marc-chagall_the-young-samuel-the-priest-s-servant-heard-that-he-is-called-by-god-eli-and-he-were-sleeping,000000235857,Naive_Art_Primitivism__marc-chagall_the-young-samuel-the-priest-s-servant-heard-that-he-is-called-by-god-eli-and-he-were-sleeping,0
ccstytr,000000235857__Northern_Renaissance__albrecht-durer_lamentation-over-christ-1507,000000235857,Northern_Renaissance__albrecht-durer_lamentation-over-christ-1507,0
ccstytr,000000235857__Pop_Art__peter-max_composition-red-green-1979,000000235857,Pop_Art__peter-max_composition-red-green-1979,0
ccstytr,000000235857__Post_Impressionism__vincent-van-gogh_restaurant-de-la-sirene-at-asnieres-1887,000000235857,Post_Impressionism__vincent-van-gogh_restaurant-de-la-sirene-at-asnieres-1887,0
ccstytr,000000235857__Realism__vincent-van-gogh_cottage-with-peasant-coming-home-1885(1),000000235857,Realism__vincent-van-gogh_cottage-with-peasant-coming-home-1885(1),1
ccstytr,000000235857__Rococo__dmitry-levitzky_portrait-of-baron-a-n-stroganoff,000000235857,Rococo__dmitry-levitzky_portrait-of-baron-a-n-stroganoff,0
ccstytr,000000235857__Romanticism__gustave-dore_paradise-lost-4,000000235857,Romanticism__gustave-dore_paradise-lost-4,0
ccstytr,000000235857__Symbolism__nicholas-roerich_language-of-forest-1922,000000235857,Symbolism__nicholas-roerich_language-of-forest-1922,0
ccstytr,000000235857__Ukiyo_e__kitagawa-utamaro_not_detected_233134,000000235857,Ukiyo_e__kitagawa-utamaro_not_detected_233134,0
ccstytr,000000272364__Abstract_Expressionism__paul-jenkins_not_detected_235703,000000272364,Abstract_Expressionism__paul-jenkins_not_detected_235703,0
ccstytr,000000272364__Art_Nouveau_Modern__nicholas-roerich_oze-1914,000000272364,Art_Nouveau_Modern__nicholas-roerich_oze-1914,0
ccstytr,000000272364__Baroque__rembrandt_portrait-of-nicolas-van-bambeeck-1641,000000272364,Baroque__rembrandt_portrait-of-nicolas-van-bambeeck-1641,0
ccstytr,000000272364__Color_Field_Painting__leon-berkowitz_dark-light-rose-gold-1978,000000272364,Color_Field_Painting__leon-berkowitz_dark-light-rose-gold-1978,0
ccstytr,000000272364__Cubism__salvador-dali_cubist-composition-portrait-of-a-seated-person-holding-a-letter,000000272364,Cubism__salvador-dali_cubist-composition-portrait-of-a-seated-person-holding-a-letter,0
ccstytr,000000272364__Early_Renaissance__pietro-perugino_st-jerome-who-attends-two-unfairly-hanged-1473,000000272364,Early_Renaissance__pietro-perugino_st-jerome-who-attends-two-unfairly-hanged-1473,0
ccstytr,000000272364__Expressionism__amedeo-modigliani_germaine-survage-with-earrings-1918,000000272364,Expressionism__amedeo-modigliani_germaine-survage-with-earrings-1918,0
ccstytr,000000272364__High_Renaissance__raphael_madonna-and-child-enthroned-with-saints-1505,000000272364,High_Renaissance__raphael_madonna-and-child-enthroned-with-saints-1505,0
ccstytr,000000272364__Impressionism__pierre-auguste-renoir_leaving-the-bath-1890,000000272364,Impressionism__pierre-auguste-renoir_leaving-the-bath-1890,0
ccstytr,000000272364__Mannerism_Late_Renaissance__tintoretto_st-mark-rescuing-a-saracen-from-shipwreck-1566,000000272364,Mannerism_Late_Renaissance__tintoretto_st-mark-rescuing-a-saracen-from-shipwreck-1566,0
ccstytr,000000272364__Minimalism__mario-schifano_untitled-1963,000000272364,Minimalism__mario-schifano_untitled-1963,0
ccstytr,000000272364__Naive_Art_Primitivism__marc-chagall_the-young-samuel-the-priest-s-servant-heard-that-he-is-called-by-god-eli-and-he-were-sleeping,000000272364,Naive_Art_Primitivism__marc-chagall_the-young-samuel-the-priest-s-servant-heard-that-he-is-called-by-god-eli-and-he-were-sleeping,0
ccstytr,000000272364__Northern_Renaissance__albrecht-durer_lamentation-over-christ-1507,000000272364,Northern_Renaissance__albrecht-durer_lamentation-over-christ-1507,0
ccstytr,000000272364__Pop_Art__peter-max_composition-red-green-1979,000000272364,Pop_Art__peter-max_composition-red-green-1979,0
ccstytr,000000272364__Post_Impressionism__vincent-van-gogh_restaurant-de-la-sirene-at-asnieres-1887,000000272364,Post_Impressionism__vincent-van-gogh_restaurant-de-la-sirene-at-asnieres-1887,0
ccstytr,000000272364__Realism__vincent-van-gogh_cottage-with-peasant-coming-home-1885(1),000000272364,Realism__vincent-van-gogh_cottage-with-peasant-coming-home-1885(1),0
ccstytr,000000272364__Rococo__dmitry-levitzky_portrait-of-baron-a-n-stroganoff,000000272364,Rococo__dmitry-levitzky_portrait-of-baron-a-n-stroganoff,0
ccstytr,000000272364__Romanticism__gustave-dore_paradise-lost-4,000000272364,Romanticism__gustave-dore_paradise-lost-4,0
ccstytr,000000272364__Symbolism__nicholas-roerich_language-of-forest-1922,000000272364,Symbolism__nicholas-roerich_language-of-forest-1922,1
ccstytr,000000272364__Ukiyo_e__kitagawa-utamaro_not_detected_233134,000000272364,Ukiyo_e__kitagawa-utamaro_not_detected_233134,1
ccstytr,000000273132__Abstract_Expressionism__paul-jenkins_not_detected_235703,000000273132,Abstract_Expressionism__paul-jenkins_not_detected_235703,0
ccstytr,000000273132__Art_Nouveau_Modern__nicholas-roerich_oze-1914,000000273132,Art_Nouveau_Modern__nicholas-roerich_oze-1914,0
ccstytr,000000273132__Baroque__rembrandt_portrait-of-nicolas-van-bambeeck-1641,000000273132,Baroque__rembrandt_portrait-of-nicolas-van-bambeeck-1641,0
ccstytr,000000273132__Color_Field_Painting__leon-berkowitz_dark-light-rose-gold-1978,000000273132,Color_Field_Painting__leon-berkowitz_dark-light-rose-gold-1978,0
ccstytr,000000273132__Cubism__salvador-dali_cubist-composition-portrait-of-a-seated-person-holding-a-letter,000000273132,Cubism__salvador-dali_cubist-composition-portrait-of-a-seated-person-holding-a-letter,0
ccstytr,000000273132__Early_Renaissance__pietro-perugino_st-jerome-who-attends-two-unfairly-hanged-1473,000000273132,Early_Renaissance__pietro-perugino_st-jerome-who-attends-two-unfairly-hanged-1473,0
ccstytr,000000273132__Expressionism__amedeo-modigliani_germaine-survage-with-earrings-1918,000000273132,Expressionism__amedeo-modigliani_germaine-survage-with-earrings-1918,0
ccstytr,000000273132__High_Renaissance__raphael_madonna-and-child-enthroned-with-saints-1505,000000273132,High_Renaissance__raphael_madonna-and-child-enthroned-with-saints-1505,0
ccstytr,000000273132__Impressionism__pierre-auguste-renoir_leaving-the-bath-1890,000000273132,Impressionism__pierre-auguste-renoir_leaving-the-bath-1890,0
ccstytr,000000273132__Mannerism_Late_Renaissance__tintoretto_st-mark-rescuing-a-saracen-from-shipwreck-1566,000000273132,Mannerism_Late_Renaissance__tintoretto_st-mark-rescuing-a-saracen-from-shipwreck-1566,0
ccstytr,000000273132__Minimalism__mario-schifano_untitled-1963,000000273132,Minimalism__mario-schifano_untitled-1963,0
ccstytr,000000273132__Naive_Art_Primitivism__marc-chagall_the-young-samuel-the-priest-s-servant-heard-that-he-is-called-by-god-eli-and-he-were-sleeping,000000273132,Naive_Art_Primitivism__marc-chagall_the-young-samuel-the-priest-s-servant-heard-that-he-is-called-by-god-eli-and-he-were-sleeping,0
ccstytr,000000273132__Northern_Renaissance__albrecht-durer_lamentation-over-christ-1507,000000273132,Northern_Renaissance__albrecht-durer_lamentation-over-christ-1507,1
ccstytr,000000273132__Pop_Art__peter-max_composition-red-green-1979,000000273132,Pop_Art__peter-max_composition-red-green-1979,0
ccstytr,000000273132__Post_Impressionism__vincent-van-gogh_restaurant-de-la-sirene-at-asnieres-1887,000000273132,Post_Impressionism__vincent-van-gogh_restaurant-de-la-sirene-at-asnieres-1887,0
ccstytr,000000273132__Realism__vincent-van-gogh_cottage-with-peasant-coming-home-1885(1),000000273132,Realism__vincent-van-gogh_cottage-with-peasant-coming-home-1885(1),1
ccstytr,000000273132__Rococo__dmitry-levitzky_portrait-of-baron-a-n-stroganoff,000000273132,Rococo__dmitry-levitzky_portrait-of-baron-a-n-stroganoff,0
ccstytr,000000273132__Romanticism__gustave-dore_paradise-lost-4,000000273132,Romanticism__gustave-dore_paradise-lost-4,0
ccstytr,000000273132__Symbolism__nicholas-roerich_language-of-forest-1922,000000273132,Symbolism__nicholas-roerich_language-of-forest-1922,0
ccstytr,000000273132__Ukiyo_e__kitagawa-utamaro_not_detected_233134,000000273132,Ukiyo_e__kitagawa-utamaro_not_detected_233134,0
ccstytr,000000277051__Abstract_Expressionism__paul-jenkins_not_detected_235703,000000277051,Abstract_Expressionism__paul-jenkins_not_detected_235703,0
ccstytr,000000277051__Art_Nouveau_Modern__nicholas-roerich_oze-1914,000000277051,Art_Nouveau_Modern__nicholas-roerich_oze-1914,0
ccstytr,000000277051__Baroque__rembrandt_portrait-of-nicolas-van-bambeeck-1641,000000277051,Baroque__rembrandt_portrait-of-nicolas-van-bambeeck-1641,0
ccstytr,000000277051__Color_Field_Painting__leon-berkowitz_dark-light-rose-gold-1978,000000277051,Color_Field_Painting__leon-berkowitz_dark-light-rose-gold-1978,1
ccstytr,000000277051__Cubism__salvador-dali_cubist-composition-portrait-of-a-seated-person-holding-a-letter,000000277051,Cubism__salvador-dali_cubist-composition-portrait-of-a-seated-person-holding-a-letter,0
ccstytr,000000277051__Early_Renaissance__pietro-perugino_st-jerome-who-attends-two-unfairly-hanged-1473,000000277051,Early_Renaissance__pietro-perugino_st-jerome-who-attends-two-unfairly-hanged-1473,0
ccstytr,000000277051__Expressionism__amedeo-modigliani_germaine-survage-with-earrings-1918,000000277051,Expressionism__amedeo-modigliani_germaine-survage-with-earrings-1918,0
ccstytr,000000277051__High_Renaissance__raphael_madonna-and-child-enthroned-with-saints-1505,000000277051,High_Renaissance__raphael_madonna-and-child-enthroned-with-saints-1505,0
ccstytr,000000277051__Impressionism__pierre-auguste-renoir_leaving-the-bath-1890,000000277051,Impressionism__pierre-auguste-renoir_leaving-the-bath-1890,0
ccstytr,000000277051__Mannerism_Late_Renaissance__tintoretto_st-mark-rescuing-a-saracen-from-shipwreck-1566,000000277051,Mannerism_Late_Renaissance__tintoretto_st-mark-rescuing-a-saracen-from-shipwreck-1566,0
ccstytr,000000277051__Minimalism__mario-schifano_untitled-1963,000000277051,Minimalism__mario-schifano_untitled-1963,0
ccstytr,000000277051__Naive_Art_Primitivism__marc-chagall_the-young-samuel-the-priest-s-servant-heard-that-he-is-called-by-god-eli-and-he-were-sleeping,000000277051,Naive_Art_Primitivism__marc-chagall_the-young-samuel-the-priest-s-servant-heard-that-he-is-called-by-god-eli-and-he-were-sleeping,0
ccstytr,000000277051__Northern_Renaissance__albrecht-durer_lamentation-over-christ-1507,000000277051,Northern_Renaissance__albrecht-durer_lamentation-over-christ-1507,0
ccstytr,000000277051__Pop_Art__peter-max_composition-red-green-1979,000000277051,Pop_Art__peter-max_composition-red-green-1979,0
ccstytr,000000277051__Post_Impressionism__vincent-van-gogh_restaurant-de-la-sirene-at-asnieres-1887,000000277051,Post_Impressionism__vincent-van-gogh_restaurant-de-la-sirene-at-asnieres-1887,1
ccstytr,000000277051__Realism__vincent-van-gogh_cottage-with-peasant-coming-home-1885(1),000000277051,Realism__vincent-van-gogh_cottage-with-peasant-coming-home-1885(1),0
ccstytr,000000277051__Rococo__dmitry-levitzky_portrait-of-baron-a-n-stroganoff,000000277051,Rococo__dmitry-levitzky_portrait-of-baron-a-n-stroganoff,0
ccstytr,000000277051__Romanticism__gustave-dore_paradise-lost-4,000000277051,Romanticism__gustave-dore_paradise-lost-4,0
ccstytr,000000277051__Symbolism__nicholas-roerich_language-of-forest-1922,000000277051,Symbolism__nicholas-roerich_language-of-forest-1922,0
ccstytr,000000277051__Ukiyo_e__kitagawa-utamaro_not_detected_233134,000000277051,Ukiyo_e__kitagawa-utamaro_not_detected_233134,0
ccstytr,000000296969__Abstract_Expressionism__paul-jenkins_not_detected_235703,000000296969,Abstract_Expressionism__paul-jenkins_not_detected_235703,0
ccstytr,000000296969__Art_Nouveau_Modern__nicholas-roerich_oze-1914,000000296969,Art_Nouveau_Modern__nicholas-roerich_oze-1914,0
ccstytr,000000296969__Baroque__rembrandt_portrait-of-nicolas-van-bambeeck-1641,000000296969,Baroque__rembrandt_portrait-of-nicolas-van-bambeeck-1641,0
ccstytr,000000296969__Color_Field_Painting__leon-berkowitz_dark-light-rose-gold-1978,000000296969,Color_Field_Painting__leon-berkowitz_dark-light-rose-gold-1978,0
ccstytr,000000296969__Cubism__salvador-dali_cubist-composition-portrait-of-a-seated-person-holding-a-letter,000000296969,Cubism__salvador-dali_cubist-composition-portrait-of-a-seated-person-holding-a-letter,0
ccstytr,000000296969__Early_Renaissance__pietro-perugino_st-jerome-who-attends-two-unfairly-hanged-1473,000000296969,Early_Renaissance__pietro-perugino_st-jerome-who-attends-two-unfairly-hanged-1473,0
ccstytr,000000296969__Expressionism__amedeo-modigliani_germaine-survage-with-earrings-1918,000000296969,Expressionism__amedeo-modigliani_germaine-survage-with-earrings-1918,0
ccstytr,000000296969__High_Renaissance__raphael_madonna-and-child-enthroned-with-saints-1505,000000296969,High_Renaissance__raphael_madonna-and-child-enthroned-with-saints-1505,0
ccstytr,000000296969__Impressionism__pierre-auguste-renoir_leaving-the-bath-1890,000000296969,Impressionism__pierre-auguste-renoir_leaving-the-bath-1890,1
ccstytr,000000296969__Mannerism_Late_Renaissance__tintoretto_st-mark-rescuing-a-saracen-from-shipwreck-1566,000000296969,Mannerism_Late_Renaissance__tintoretto_st-mark-rescuing-a-saracen-from-shipwreck-1566,0
ccstytr,000000296969__Minimalism__mario-schifano_untitled-1963,000000296969,Minimalism__mario-schifano_untitled-1963,0
ccstytr,000000296969__Naive_Art_Primitivism__marc-chagall_the-young-samuel-the-priest-s-servant-heard-that-he-is-called-by-god-eli-and-he-were-sleeping,000000296969,Naive_Art_Primitivism__marc-chagall_the-young-samuel-the-priest-s-servant-heard-that-he-is-called-by-god-eli-and-he-were-sleeping,1
ccstytr,000000296969__Northern_Renaissance__albrecht-durer_lamentation-over-christ-1507,000000296969,Northern_Renaissance__albrecht-durer_lamentation-over-christ-1507,0
ccstytr,000000296969__Pop_Art__peter-max_composition-red-green-1979,000000296969,Pop_Art__peter-max_composition-red-green-1979,0
ccstytr,000000296969__Post_Impressionism__vincent-van-gogh_restaurant-de-la-sirene-at-asnieres-1887,000000296969,Post_Impressionism__vincent-van-gogh_restaurant-de-la-sirene-at-asnieres-1887,1
ccstytr,000000296969__Realism__vincent-van-gogh_cottage-with-peasant-coming-home-1885(1),000000296969,Realism__vincent-van-gogh_cottage-with-peasant-coming-home-1885(1),1
ccstytr,000000296969__Rococo__dmitry-levitzky_portrait-of-baron-a-n-stroganoff,000000296969,Rococo__dmitry-levitzky_portrait-of-baron-a-n-stroganoff,0
ccstytr,000000296969__Romanticism__gustave-dore_paradise-lost-4,000000296969,Romanticism__gustave-dore_paradise-lost-4,1
ccstytr,000000296969__Symbolism__nicholas-roerich_language-of-forest-1922,000000296969,Symbolism__nicholas-roerich_language-of-forest-1922,1
ccstytr,000000296969__Ukiyo_e__kitagawa-utamaro_not_detected_233134,000000296969,Ukiyo_e__kitagawa-utamaro_not_detected_233134,0
ccstytr,000000302107__Abstract_Expressionism__paul-jenkins_not_detected_235703,000000302107,Abstract_Expressionism__paul-jenkins_not_detected_235703,0
ccstytr,000000302107__Art_Nouveau_Modern__nicholas-roerich_oze-1914,000000302107,Art_Nouveau_Modern__nicholas-roerich_oze-1914,0
ccstytr,000000302107__Baroque__rembrandt_portrait-of-nicolas-van-bambeeck-1641,000000302107,Baroque__rembrandt_portrait-of-nicolas-van-bambeeck-1641,0
ccstytr,000000302107__Color_Field_Painting__leon-berkowitz_dark-light-rose-gold-1978,000000302107,Color_Field_Painting__leon-berkowitz_dark-light-rose-gold-1978,0
ccstytr,000000302107__Cubism__salvador-dali_cubist-composition-portrait-of-a-seated-person-holding-a-letter,000000302107,Cubism__salvador-dali_cubist-composition-portrait-of-a-seated-person-holding-a-letter,0
ccstytr,000000302107__Early_Renaissance__pietro-perugino_st-jerome-who-attends-two-unfairly-hanged-1473,000000302107,Early_Renaissance__pietro-perugino_st-jerome-who-attends-two-unfairly-hanged-1473,0
ccstytr,000000302107__Expressionism__amedeo-modigliani_germaine-survage-with-earrings-1918,000000302107,Expressionism__amedeo-modigliani_germaine-survage-with-earrings-1918,0
ccstytr,000000302107__High_Renaissance__raphael_madonna-and-child-enthroned-with-saints-1505,000000302107,High_Renaissance__raphael_madonna-and-child-enthroned-with-saints-1505,0
ccstytr,000000302107__Impressionism__pierre-auguste-renoir_leaving-the-bath-1890,000000302107,Impressionism__pierre-auguste-renoir_leaving-the-bath-1890,0
ccstytr,000000302107__Mannerism_Late_Renaissance__tintoretto_st-mark-rescuing-a-saracen-from-shipwreck-1566,000000302107,Mannerism_Late_Renaissance__tintoretto_st-mark-rescuing-a-saracen-from-shipwreck-1566,0
ccstytr,000000302107__Minimalism__mario-schifano_untitled-1963,000000302107,Minimalism__mario-schifano_untitled-1963,0
ccstytr,000000302107__Naive_Art_Primitivism__marc-chagall_the-young-samuel-the-priest-s-servant-heard-that-he-is-called-by-god-eli-and-he-were-sleeping,000000302107,Naive_Art_Primitivism__marc-chagall_the-young-samuel-the-priest-s-servant-heard-that-he-is-called-by-god-eli-and-he-were-sleeping,0
ccstytr,000000302107__Northern_Renaissance__albrecht-durer_lamentation-over-christ-1507,000000302107,Northern_Renaissance__albrecht-durer_lamentation-over-christ-1507,0
ccstytr,000000302107__Pop_Art__peter-max_composition-red-green-1979,000000302107,Pop_Art__peter-max_composition-red-green-1979,0
ccstytr,000000302107__Post_Impressionism__vincent-van-gogh_restaurant-de-la-sirene-at-asnieres-1887,000000302107,Post_Impressionism__vincent-van-gogh_restaurant-de-la-sirene-at-asnieres-1887,1
ccstytr,000000302107__Realism__vincent-van-gogh_cottage-with-peasant-coming-home-1885(1),000000302107,Realism__vincent-van-gogh_cottage-with-peasant-coming-home-1885(1),0
ccstytr,000000302107__Rococo__dmitry-levitzky_portrait-of-baron-a-n-stroganoff,000000302107,Rococo__dmitry-levitzky_portrait-of-baron-a-n-stroganoff,0
ccstytr,000000302107__Romanticism__gustave-dore_paradise-lost-4,000000302107,Romanticism__gustave-dore_paradise-lost-4,0
ccstytr,000000302107__Symbolism__nicholas-roerich_language-of-forest-1922,000000302107,Symbolism__nicholas-roerich_language-of-forest-1922,0
ccstytr,000000302107__Ukiyo_e__kitagawa-utamaro_not_detected_233134,000000302107,Ukiyo_e__kitagawa-utamaro_not_detected_233134,0
ccstytr,000000322944__Abstract_Expressionism__paul-jenkins_not_detected_235703,000000322944,Abstract_Expressionism__paul-jenkins_not_detected_235703,0
ccstytr,000000322944__Art_Nouveau_Modern__nicholas-roerich_oze-1914,000000322944,Art_Nouveau_Modern__nicholas-roerich_oze-1914,0
ccstytr,000000322944__Baroque__rembrandt_portrait-of-nicolas-van-bambeeck-1641,000000322944,Baroque__rembrandt_portrait-of-nicolas-van-bambeeck-1641,0
ccstytr,000000322944__Color_Field_Painting__leon-berkowitz_dark-light-rose-gold-1978,000000322944,Color_Field_Painting__leon-berkowitz_dark-light-rose-gold-1978,0
ccstytr,000000322944__Cubism__salvador-dali_cubist-composition-portrait-of-a-seated-person-holding-a-letter,000000322944,Cubism__salvador-dali_cubist-composition-portrait-of-a-seated-person-holding-a-letter,0
ccstytr,000000322944__Early_Renaissance__pietro-perugino_st-jerome-who-attends-two-unfairly-hanged-1473,000000322944,Early_Renaissance__pietro-perugino_st-jerome-who-attends-two-unfairly-hanged-1473,0
ccstytr,000000322944__Expressionism__amedeo-modigliani_germaine-survage-with-earrings-1918,000000322944,Expressionism__amedeo-modigliani_germaine-survage-with-earrings-1918,0
ccstytr,000000322944__High_Renaissance__raphael_madonna-and-child-enthroned-with-saints-1505,000000322944,High_Renaissance__raphael_madonna-and-child-enthroned-with-saints-1505,0
ccstytr,000000322944__Impressionism__pierre-auguste-renoir_leaving-the-bath-1890,000000322944,Impressionism__pierre-auguste-renoir_leaving-the-bath-1890,0
ccstytr,000000322944__Mannerism_Late_Renaissance__tintoretto_st-mark-rescuing-a-saracen-from-shipwreck-1566,000000322944,Mannerism_Late_Renaissance__tintoretto_st-mark-rescuing-a-saracen-from-shipwreck-1566,0
ccstytr,000000322944__Minimalism__mario-schifano_untitled-1963,000000322944,Minimalism__mario-schifano_untitled-1963,0
ccstytr,000000322944__Naive_Art_Primitivism__marc-chagall_the-young-samuel-the-priest-s-servant-heard-that-he-is-called-by-god-eli-and-he-were-sleeping,000000322944,Naive_Art_Primitivism__marc-chagall_the-young-samuel-the-priest-s-servant-heard-that-he-is-called-by-god-eli-and-he-were-sleeping,0
ccstytr,000000322944__Northern_Renaissance__albrecht-durer_lamentation-over-christ-1507,000000322944,Northern_Renaissance__albrecht-durer_lamentation-over-christ-1507,1
ccstytr,000000322944__Pop_Art__peter-max_composition-red-green-1979,000000322944,Pop_Art__peter-max_composition-red-green-1979,0
ccstytr,000000322944__Post_Impressionism__vincent-van-gogh_restaurant-de-la-sirene-at-asnieres-1887,000000322944,Post_Impressionism__vincent-van-gogh_restaurant-de-la-sirene-at-asnieres-1887,0
ccstytr,000000322944__Realism__vincent-van-gogh_cottage-with-peasant-coming-home-1885(1),000000322944,Realism__vincent-van-gogh_cottage-with-peasant-coming-home-1885(1),0
ccstytr,000000322944__Rococo__dmitry-levitzky_portrait-of-baron-a-n-stroganoff,000000322944,Rococo__dmitry-levitzky_portrait-of-baron-a-n-stroganoff,0
ccstytr,000000322944__Romanticism__gustave-dore_paradise-lost-4,000000322944,Romanticism__gustave-dore_paradise-lost-4,0
ccstytr,000000322944__Symbolism__nicholas-roerich_language-of-forest-1922,000000322944,Symbolism__nicholas-roerich_language-of-forest-1922,0
ccstytr,000000322944__Ukiyo_e__kitagawa-utamaro_not_detected_233134,000000322944,Ukiyo_e__kitagawa-utamaro_not_detected_233134,0
ccstytr,000000329447__Abstract_Expressionism__paul-jenkins_not_detected_235703,000000329447,Abstract_Expressionism__paul-jenkins_not_detected_235703,0
ccstytr,000000329447__Art_Nouveau_Modern__nicholas-roerich_oze-1914,000000329447,Art_Nouveau_Modern__nicholas-roerich_oze-1914,0
ccstytr,000000329447__Baroque__rembrandt_portrait-of-nicolas-van-bambeeck-1641,000000329447,Baroque__rembrandt_portrait-of-nicolas-van-bambeeck-1641,0
ccstytr,000000329447__Color_Field_Painting__leon-berkowitz_dark-light-rose-gold-1978,000000329447,Color_Field_Painting__leon-berkowitz_dark-light-rose-gold-1978,0
ccstytr,000000329447__Cubism__salvador-dali_cubist-composition-portrait-of-a-seated-person-holding-a-letter,000000329447,Cubism__salvador-dali_cubist-composition-portrait-of-a-seated-person-holding-a-letter,0
ccstytr,000000329447__Early_Renaissance__pietro-perugino_st-jerome-who-attends-two-unfairly-hanged-1473,000000329447,Early_Renaissance__pietro-perugino_st-jerome-who-attends-two-unfairly-hanged-1473,0
ccstytr,000000329447__Expressionism__amedeo-modigliani_germaine-survage-with-earrings-1918,000000329447,Expressionism__amedeo-modigliani_germaine-survage-with-earrings-1918,0
ccstytr,000000329447__High_Renaissance__raphael_madonna-and-child-enthroned-with-saints-1505,000000329447,High_Renaissance__raphael_madonna-and-child-enthroned-with-saints-1505,0
ccstytr,000000329447__Impressionism__pierre-auguste-renoir_leaving-the-bath-1890,000000329447,Impressionism__pierre-auguste-renoir_leaving-the-bath-1890,0
ccstytr,000000329447__Mannerism_Late_Renaissance__tintoretto_st-mark-rescuing-a-saracen-from-shipwreck-1566,000000329447,Mannerism_Late_Renaissance__tintoretto_st-mark-rescuing-a-saracen-from-shipwreck-1566,0
ccstytr,000000329447__Minimalism__mario-schifano_untitled-1963,000000329447,Minimalism__mario-schifano_untitled-1963,0
ccstytr,000000329447__Naive_Art_Primitivism__marc-chagall_the-young-samuel-the-priest-s-servant-heard-that-he-is-called-by-god-eli-and-he-were-sleeping,000000329447,Naive_Art_Primitivism__marc-chagall_the-young-samuel-the-priest-s-servant-heard-that-he-is-called-by-god-eli-and-he-were-sleeping,0
ccstytr,000000329447__Northern_Renaissance__albrecht-durer_lamentation-over-christ-1507,000000329447,Northern_Renaissance__albrecht-durer_lamentation-over-christ-1507,0
ccstytr,000000329447__Pop_Art__peter-max_composition-red-green-1979,000000329447,Pop_Art__peter-max_composition-red-green-1979,0
ccstytr,000000329447__Post_Impressionism__vincent-van-gogh_restaurant-de-la-sirene-at-asnieres-1887,000000329447,Post_Impressionism__vincent-van-gogh_restaurant-de-la-sirene-at-asnieres-1887,0
ccstytr,000000329447__Realism__vincent-van-gogh_cottage-with-peasant-coming-home-1885(1),000000329447,Realism__vincent-van-gogh_cottage-with-peasant-coming-home-1885(1),1
ccstytr,000000329447__Rococo__dmitry-levitzky_portrait-of-baron-a-n-stroganoff,000000329447,Rococo__dmitry-levitzky_portrait-of-baron-a-n-stroganoff,0
ccstytr,000000329447__Romanticism__gustave-dore_paradise-lost-4,000000329447,Romanticism__gustave-dore_paradise-lost-4,1
ccstytr,000000329447__Symbolism__nicholas-roerich_language-of-forest-1922,000000329447,Symbolism__nicholas-roerich_language-of-forest-1922,0
ccstytr,000000329447__Ukiyo_e__kitagawa-utamaro_not_detected_233134,000000329447,Ukiyo_e__kitagawa-utamaro_not_detected_233134,0
ccstytr,000000338625__Abstract_Expressionism__paul-jenkins_not_detected_235703,000000338625,Abstract_Expressionism__paul-jenkins_not_detected_235703,0
ccstytr,000000338625__Art_Nouveau_Modern__nicholas-roerich_oze-1914,000000338625,Art_Nouveau_Modern__nicholas-roerich_oze-1914,0
ccstytr,000000338625__Baroque__rembrandt_portrait-of-nicolas-van-bambeeck-1641,000000338625,Baroque__rembrandt_portrait-of-nicolas-van-bambeeck-1641,0
ccstytr,000000338625__Color_Field_Painting__leon-berkowitz_dark-light-rose-gold-1978,000000338625,Color_Field_Painting__leon-berkowitz_dark-light-rose-gold-1978,0
ccstytr,000000338625__Cubism__salvador-dali_cubist-composition-portrait-of-a-seated-person-holding-a-letter,000000338625,Cubism__salvador-dali_cubist-composition-portrait-of-a-seated-person-holding-a-letter,0
ccstytr,000000338625__Early_Renaissance__pietro-perugino_st-jerome-who-attends-two-unfairly-hanged-1473,000000338625,Early_Renaissance__pietro-perugino_st-jerome-who-attends-two-unfairly-hanged-1473,0
ccstytr,000000338625__Expressionism__amedeo-modigliani_germaine-survage-with-earrings-1918,000000338625,Expressionism__amedeo-modigliani_germaine-survage-with-earrings-1918,0
ccstytr,000000338625__High_Renaissance__raphael_madonna-and-child-enthroned-with-saints-1505,000000338625,High_Renaissance__raphael_madonna-and-child-enthroned-with-saints-1505,0
ccstytr,000000338625__Impressionism__pierre-auguste-renoir_leaving-the-bath-1890,000000338625,Impressionism__pierre-auguste-renoir_leaving-the-bath-1890,0
ccstytr,000000338625__Mannerism_Late_Renaissance__tintoretto_st-mark-rescuing-a-saracen-from-shipwreck-1566,000000338625,Mannerism_Late_Renaissance__tintoretto_st-mark-rescuing-a-saracen-from-shipwreck-1566,0
ccstytr,000000338625__Minimalism__mario-schifano_untitled-1963,000000338625,Minimalism__mario-schifano_untitled-1963,0
ccstytr,000000338625__Naive_Art_Primitivism__marc-chagall_the-young-samuel-the-priest-s-servant-heard-that-he-is-called-by-god-eli-and-he-were-sleeping,000000338625,Naive_Art_Primitivism__marc-chagall_the-young-samuel-the-priest-s-servant-heard-that-he-is-called-by-god-eli-and-he-were-sleeping,0
ccstytr,000000338625__Northern_Renaissance__albrecht-durer_lamentation-over-christ-1507,000000338625,Northern_Renaissance__albrecht-durer_lamentation-over-christ-1507,0
ccstytr,000000338625__Pop_Art__peter-max_composition-red-green-1979,000000338625,Pop_Art__peter-max_composition-red-green-1979,1
ccstytr,000000338625__Post_Impressionism__vincent-van-gogh_restaurant-de-la-sirene-at-asnieres-1887,000000338625,Post_Impressionism__vincent-van-gogh_restaurant-de-la-sirene-at-asnieres-1887,1
ccstytr,000000338625__Realism__vincent-van-gogh_cottage-with-peasant-coming-home-1885(1),000000338625,Realism__vincent-van-gogh_cottage-with-peasant-coming-home-1885(1),0
ccstytr,000000338625__Rococo__dmitry-levitzky_portrait-of-baron-a-n-stroganoff,000000338625,Rococo__dmitry-levitzky_portrait-of-baron-a-n-stroganoff,0
ccstytr,000000338625__Romanticism__gustave-dore_paradise-lost-4,000000338625,Romanticism__gustave-dore_paradise-lost-4,0
ccstytr,000000338625__Symbolism__nicholas-roerich_language-of-forest-1922,000000338625,Symbolism__nicholas-roerich_language-of-forest-1922,0
ccstytr,000000338625__Ukiyo_e__kitagawa-utamaro_not_detected_233134,000000338625,Ukiyo_e__kitagawa-utamaro_not_detected_233134,0
ccstytr,000000356968__Abstract_Expressionism__paul-jenkins_not_detected_235703,000000356968,Abstract_Expressionism__paul-jenkins_not_detected_235703,0
ccstytr,000000356968__Art_Nouveau_Modern__nicholas-roerich_oze-1914,000000356968,Art_Nouveau_Modern__nicholas-roerich_oze-1914,0
ccstytr,000000356968__Baroque__rembrandt_portrait-of-nicolas-van-bambeeck-1641,000000356968,Baroque__rembrandt_portrait-of-nicolas-van-bambeeck-1641,0
ccstytr,000000356968__Color_Field_Painting__leon-berkowitz_dark-light-rose-gold-1978,000000356968,Color_Field_Painting__leon-berkowitz_dark-light-rose-gold-1978,0
ccstytr,000000356968__Cubism__salvador-dali_cubist-composition-portrait-of-a-seated-person-holding-a-letter,000000356968,Cubism__salvador-dali_cubist-composition-portrait-of-a-seated-person-holding-a-letter,0
ccstytr,000000356968__Early_Renaissance__pietro-perugino_st-jerome-who-attends-two-unfairly-hanged-1473,000000356968,Early_Renaissance__pietro-perugino_st-jerome-who-attends-two-unfairly-hanged-1473,0
ccstytr,000000356968__Expressionism__amedeo-modigliani_germaine-survage-with-earrings-1918,000000356968,Expressionism__amedeo-modigliani_germaine-survage-with-earrings-1918,0
ccstytr,000000356968__High_Renaissance__raphael_madonna-and-child-enthroned-with-saints-1505,000000356968,High_Renaissance__raphael_madonna-and-child-enthroned-with-saints-1505,0
ccstytr,000000356968__Impressionism__pierre-auguste-renoir_leaving-the-bath-1890,000000356968,Impressionism__pierre-auguste-renoir_leaving-the-bath-1890,1
ccstytr,000000356968__Mannerism_Late_Renaissance__tintoretto_st-mark-rescuing-a-saracen-from-shipwreck-1566,000000356968,Mannerism_Late_Renaissance__tintoretto_st-mark-rescuing-a-saracen-from-shipwreck-1566,0
ccstytr,000000356968__Minimalism__mario-schifano_untitled-1963,000000356968,Minimalism__mario-schifano_untitled-1963,0
ccstytr,000000356968__Naive_Art_Primitivism__marc-chagall_the-young-samuel-the-priest-s-servant-heard-that-he-is-called-by-god-eli-and-he-were-sleeping,000000356968,Naive_Art_Primitivism__marc-chagall_the-young-samuel-the-priest-s-servant-heard-that-he-is-called-by-god-eli-and-he-were-sleeping,0
ccstytr,000000356968__Northern_Renaissance__albrecht-durer_lamentation-over-christ-1507,000000356968,Northern_Renaissance__albrecht-durer_lamentation-over-christ-1507,0
ccstytr,000000356968__Pop_Art__peter-max_composition-red-green-1979,000000356968,Pop_Art__peter-max_composition-red-green-1979,0
ccstytr,000000356968__Post_Impressionism__vincent-van-gogh_restaurant-de-la-sirene-at-asnieres-1887,000000356968,Post_Impressionism__vincent-van-gogh_restaurant-de-la-sirene-at-asnieres-1887,0
ccstytr,000000356968__Realism__vincent-van-gogh_cottage-with-peasant-coming-home-1885(1),000000356968,Realism__vincent-van-gogh_cottage-with-peasant-coming-home-1885(1),1
ccstytr,000000356968__Rococo__dmitry-levitzky_portrait-of-baron-a-n-stroganoff,000000356968,Rococo__dmitry-levitzky_portrait-of-baron-a-n-stroganoff,0
ccstytr,000000356968__Romanticism__gustave-dore_paradise-lost-4,000000356968,Romanticism__gustave-dore_paradise-lost-4,0
ccstytr,000000356968__Symbolism__nicholas-roerich_language-of-forest-1922,000000356968,Symbolism__nicholas-roerich_language-of-forest-1922,0
ccstytr,000000356968__Ukiyo_e__kitagawa-utamaro_not_detected_233134,000000356968,Ukiyo_e__kitagawa-utamaro_not_detected_233134,0
ccstytr,000000376264__Abstract_Expressionism__paul-jenkins_not_detected_235703,000000376264,Abstract_Expressionism__paul-jenkins_not_detected_235703,0
ccstytr,000000376264__Art_Nouveau_Modern__nicholas-roerich_oze-1914,000000376264,Art_Nouveau_Modern__nicholas-roerich_oze-1914,0
ccstytr,000000376264__Baroque__rembrandt_portrait-of-nicolas-van-bambeeck-1641,000000376264,Baroque__rembrandt_portrait-of-nicolas-van-bambeeck-1641,0
ccstytr,000000376264__Color_Field_Painting__leon-berkowitz_dark-light-rose-gold-1978,000000376264,Color_Field_Painting__leon-berkowitz_dark-light-rose-gold-1978,0
ccstytr,000000376264__Cubism__salvador-dali_cubist-composition-portrait-of-a-seated-person-holding-a-letter,000000376264,Cubism__salvador-dali_cubist-composition-portrait-of-a-seated-person-holding-a-letter,1
ccstytr,000000376264__Early_Renaissance__pietro-perugino_st-jerome-who-attends-two-unfairly-hanged-1473,000000376264,Early_Renaissance__pietro-perugino_st-jerome-who-attends-two-unfairly-hanged-1473,0
ccstytr,000000376264__Expressionism__amedeo-modigliani_germaine-survage-with-earrings-1918,000000376264,Expressionism__amedeo-modigliani_germaine-survage-with-earrings-1918,0
ccstytr,000000376264__High_Renaissance__raphael_madonna-and-child-enthroned-with-saints-1505,000000376264,High_Renaissance__raphael_madonna-and-child-enthroned-with-saints-1505,0
ccstytr,000000376264__Impressionism__pierre-auguste-renoir_leaving-the-bath-1890,000000376264,Impressionism__pierre-auguste-renoir_leaving-the-bath-1890,0
ccstytr,000000376264__Mannerism_Late_Renaissance__tintoretto_st-mark-rescuing-a-saracen-from-shipwreck-1566,000000376264,Mannerism_Late_Renaissance__tintoretto_st-mark-rescuing-a-saracen-from-shipwreck-1566,0
ccstytr,000000376264__Minimalism__mario-schifano_untitled-1963,000000376264,Minimalism__mario-schifano_untitled-1963,0
ccstytr,000000376264__Naive_Art_Primitivism__marc-chagall_the-young-samuel-the-priest-s-servant-heard-that-he-is-called-by-god-eli-and-he-were-sleeping,000000376264,Naive_Art_Primitivism__marc-chagall_the-young-samuel-the-priest-s-servant-heard-that-he-is-called-by-god-eli-and-he-were-sleeping,0
ccstytr,000000376264__Northern_Renaissance__albrecht-durer_lamentation-over-christ-1507,000000376264,Northern_Renaissance__albrecht-durer_lamentation-over-christ-1507,0
ccstytr,000000376264__Pop_Art__peter-max_composition-red-green-1979,000000376264,Pop_Art__peter-max_composition-red-green-1979,0
ccstytr,000000376264__Post_Impressionism__vincent-van-gogh_restaurant-de-la-sirene-at-asnieres-1887,000000376264,Post_Impressionism__vincent-van-gogh_restaurant-de-la-sirene-at-asnieres-1887,0
ccstytr,000000376264__Realism__vincent-van-gogh_cottage-with-peasant-coming-home-1885(1),000000376264,Realism__vincent-van-gogh_cottage-with-peasant-coming-home-1885(1),0
ccstytr,000000376264__Rococo__dmitry-levitzky_portrait-of-baron-a-n-stroganoff,000000376264,Rococo__dmitry-levitzky_portrait-of-baron-a-n-stroganoff,0
ccstytr,000000376264__Romanticism__gustave-dore_paradise-lost-4,000000376264,Romanticism__gustave-dore_paradise-lost-4,0
ccstytr,000000376264__Symbolism__nicholas-roerich_language-of-forest-1922,000000376264,Symbolism__nicholas-roerich_language-of-forest-1922,0
ccstytr,000000376264__Ukiyo_e__kitagawa-utamaro_not_detected_233134,000000376264,Ukiyo_e__kitagawa-utamaro_not_detected_233134,0
ccstytr,000000398905__Abstract_Expressionism__paul-jenkins_not_detected_235703,000000398905,Abstract_Expressionism__paul-jenkins_not_detected_235703,0
ccstytr,000000398905__Art_Nouveau_Modern__nicholas-roerich_oze-1914,000000398905,Art_Nouveau_Modern__nicholas-roerich_oze-1914,0
ccstytr,000000398905__Baroque__rembrandt_portrait-of-nicolas-van-bambeeck-1641,000000398905,Baroque__rembrandt_portrait-of-nicolas-van-bambeeck-1641,0
ccstytr,000000398905__Color_Field_Painting__leon-berkowitz_dark-light-rose-gold-1978,000000398905,Color_Field_Painting__leon-berkowitz_dark-light-rose-gold-1978,0
ccstytr,000000398905__Cubism__salvador-dali_cubist-composition-portrait-of-a-seated-person-holding-a-letter,000000398905,Cubism__salvador-dali_cubist-composition-portrait-of-a-seated-person-holding-a-letter,0
ccstytr,000000398905__Early_Renaissance__pietro-perugino_st-jerome-who-attends-two-unfairly-hanged-1473,000000398905,Early_Renaissance__pietro-perugino_st-jerome-who-attends-two-unfairly-hanged-1473,0
ccstytr,000000398905__Expressionism__amedeo-modigliani_germaine-survage-with-earrings-1918,000000398905,Expressionism__amedeo-modigliani_germaine-survage-with-earrings-1918,0
ccstytr,000000398905__High_Renaissance__raphael_madonna-and-child-enthroned-with-saints-1505,000000398905,High_Renaissance__raphael_madonna-and-child-enthroned-with-saints-1505,0
ccstytr,000000398905__Impressionism__pierre-auguste-renoir_leaving-the-bath-1890,000000398905,Impressionism__pierre-auguste-renoir_leaving-the-bath-1890,0
ccstytr,000000398905__Mannerism_Late_Renaissance__tintoretto_st-mark-rescuing-a-saracen-from-shipwreck-1566,000000398905,Mannerism_Late_Renaissance__tintoretto_st-mark-rescuing-a-saracen-from-shipwreck-1566,0
ccstytr,000000398905__Minimalism__mario-schifano_untitled-1963,000000398905,Minimalism__mario-schifano_untitled-1963,0
ccstytr,000000398905__Naive_Art_Primitivism__marc-chagall_the-young-samuel-the-priest-s-servant-heard-that-he-is-called-by-god-eli-and-he-were-sleeping,000000398905,Naive_Art_Primitivism__marc-chagall_the-young-samuel-the-priest-s-servant-heard-that-he-is-called-by-god-eli-and-he-were-sleeping,0
ccstytr,000000398905__Northern_Renaissance__albrecht-durer_lamentation-over-christ-1507,000000398905,Northern_Renaissance__albrecht-durer_lamentation-over-christ-1507,0
ccstytr,000000398905__Pop_Art__peter-max_composition-red-green-1979,000000398905,Pop_Art__peter-max_composition-red-green-1979,0
ccstytr,000000398905__Post_Impressionism__vincent-van-gogh_restaurant-de-la-sirene-at-asnieres-1887,000000398905,Post_Impressionism__vincent-van-gogh_restaurant-de-la-sirene-at-asnieres-1887,0
ccstytr,000000398905__Realism__vincent-van-gogh_cottage-with-peasant-coming-home-1885(1),000000398905,Realism__vincent-van-gogh_cottage-with-peasant-coming-home-1885(1),0
ccstytr,000000398905__Rococo__dmitry-levitzky_portrait-of-baron-a-n-stroganoff,000000398905,Rococo__dmitry-levitzky_portrait-of-baron-a-n-stroganoff,0
ccstytr,000000398905__Romanticism__gustave-dore_paradise-lost-4,000000398905,Romanticism__gustave-dore_paradise-lost-4,0
ccstytr,000000398905__Symbolism__nicholas-roerich_language-of-forest-1922,000000398905,Symbolism__nicholas-roerich_language-of-forest-1922,0
ccstytr,000000398905__Ukiyo_e__kitagawa-utamaro_not_detected_233134,000000398905,Ukiyo_e__kitagawa-utamaro_not_detected_233134,0
ccstytr,000000417911__Abstract_Expressionism__paul-jenkins_not_detected_235703,000000417911,Abstract_Expressionism__paul-jenkins_not_detected_235703,1
ccstytr,000000417911__Art_Nouveau_Modern__nicholas-roerich_oze-1914,000000417911,Art_Nouveau_Modern__nicholas-roerich_oze-1914,0
ccstytr,000000417911__Baroque__rembrandt_portrait-of-nicolas-van-bambeeck-1641,000000417911,Baroque__rembrandt_portrait-of-nicolas-van-bambeeck-1641,0
ccstytr,000000417911__Color_Field_Painting__leon-berkowitz_dark-light-rose-gold-1978,000000417911,Color_Field_Painting__leon-berkowitz_dark-light-rose-gold-1978,0
ccstytr,000000417911__Cubism__salvador-dali_cubist-composition-portrait-of-a-seated-person-holding-a-letter,000000417911,Cubism__salvador-dali_cubist-composition-portrait-of-a-seated-person-holding-a-letter,0
ccstytr,000000417911__Early_Renaissance__pietro-perugino_st-jerome-who-attends-two-unfairly-hanged-1473,000000417911,Early_Renaissance__pietro-perugino_st-jerome-who-attends-two-unfairly-hanged-1473,0
ccstytr,000000417911__Expressionism__amedeo-modigliani_germaine-survage-with-earrings-1918,000000417911,Expressionism__amedeo-modigliani_germaine-survage-with-earrings-1918,0
ccstytr,000000417911__High_Renaissance__raphael_madonna-and-child-enthroned-with-saints-1505,000000417911,High_Renaissance__raphael_madonna-and-child-enthroned-with-saints-1505,0
ccstytr,000000417911__Impressionism__pierre-auguste-renoir_leaving-the-bath-1890,000000417911,Impressionism__pierre-auguste-renoir_leaving-the-bath-1890,1
ccstytr,000000417911__Mannerism_Late_Renaissance__tintoretto_st-mark-rescuing-a-saracen-from-shipwreck-1566,000000417911,Mannerism_Late_Renaissance__tintoretto_st-mark-rescuing-a-saracen-from-shipwreck-1566,0
ccstytr,000000417911__Minimalism__mario-schifano_untitled-1963,000000417911,Minimalism__mario-schifano_untitled-1963,0
ccstytr,000000417911__Naive_Art_Primitivism__marc-chagall_the-young-samuel-the-priest-s-servant-heard-that-he-is-called-by-god-eli-and-he-were-sleeping,000000417911,Naive_Art_Primitivism__marc-chagall_the-young-samuel-the-priest-s-servant-heard-that-he-is-called-by-god-eli-and-he-were-sleeping,0
ccstytr,000000417911__Northern_Renaissance__albrecht-durer_lamentation-over-christ-1507,000000417911,Northern_Renaissance__albrecht-durer_lamentation-over-christ-1507,0
ccstytr,000000417911__Pop_Art__peter-max_composition-red-green-1979,000000417911,Pop_Art__peter-max_composition-red-green-1979,0
ccstytr,000000417911__Post_Impressionism__vincent-van-gogh_restaurant-de-la-sirene-at-asnieres-1887,000000417911,Post_Impressionism__vincent-van-gogh_restaurant-de-la-sirene-at-asnieres-1887,1
ccstytr,000000417911__Realism__vincent-van-gogh_cottage-with-peasant-coming-home-1885(1),000000417911,Realism__vincent-van-gogh_cottage-with-peasant-coming-home-1885(1),0
ccstytr,000000417911__Rococo__dmitry-levitzky_portrait-of-baron-a-n-stroganoff,000000417911,Rococo__dmitry-levitzky_portrait-of-baron-a-n-stroganoff,0
ccstytr,000000417911__Romanticism__gustave-dore_paradise-lost-4,000000417911,Romanticism__gustave-dore_paradise-lost-4,0
ccstytr,000000417911__Symbolism__nicholas-roerich_language-of-forest-1922,000000417911,Symbolism__nicholas-roerich_language-of-forest-1922,0
ccstytr,000000417911__Ukiyo_e__kitagawa-utamaro_not_detected_233134,000000417911,Ukiyo_e__kitagawa-utamaro_not_detected_233134,0
ccstytr,000000427034__Abstract_Expressionism__paul-jenkins_not_detected_235703,000000427034,Abstract_Expressionism__paul-jenkins_not_detected_235703,0
ccstytr,000000427034__Art_Nouveau_Modern__nicholas-roerich_oze-1914,000000427034,Art_Nouveau_Modern__nicholas-roerich_oze-1914,0
ccstytr,000000427034__Baroque__rembrandt_portrait-of-nicolas-van-bambeeck-1641,000000427034,Baroque__rembrandt_portrait-of-nicolas-van-bambeeck-1641,0
ccstytr,000000427034__Color_Field_Painting__leon-berkowitz_dark-light-rose-gold-1978,000000427034,Color_Field_Painting__leon-berkowitz_dark-light-rose-gold-1978,0
ccstytr,000000427034__Cubism__salvador-dali_cubist-composition-portrait-of-a-seated-person-holding-a-letter,000000427034,Cubism__salvador-dali_cubist-composition-portrait-of-a-seated-person-holding-a-letter,0
ccstytr,000000427034__Early_Renaissance__pietro-perugino_st-jerome-who-attends-two-unfairly-hanged-1473,000000427034,Early_Renaissance__pietro-perugino_st-jerome-who-attends-two-unfairly-hanged-1473,0
ccstytr,000000427034__Expressionism__amedeo-modigliani_germaine-survage-with-earrings-1918,000000427034,Expressionism__amedeo-modigliani_germaine-survage-with-earrings-1918,0
ccstytr,000000427034__High_Renaissance__raphael_madonna-and-child-enthroned-with-saints-1505,000000427034,High_Renaissance__raphael_madonna-and-child-enthroned-with-saints-1505,0
ccstytr,000000427034__Impressionism__pierre-auguste-renoir_leaving-the-bath-1890,000000427034,Impressionism__pierre-auguste-renoir_leaving-the-bath-1890,0
ccstytr,000000427034__Mannerism_Late_Renaissance__tintoretto_st-mark-rescuing-a-saracen-from-shipwreck-1566,000000427034,Mannerism_Late_Renaissance__tintoretto_st-mark-rescuing-a-saracen-from-shipwreck-1566,0
ccstytr,000000427034__Minimalism__mario-schifano_untitled-1963,000000427034,Minimalism__mario-schifano_untitled-1963,0
ccstytr,000000427034__Naive_Art_Primitivism__marc-chagall_the-young-samuel-the-priest-s-servant-heard-that-he-is-called-by-god-eli-and-he-were-sleeping,000000427034,Naive_Art_Primitivism__marc-chagall_the-young-samuel-the-priest-s-servant-heard-that-he-is-called-by-god-eli-and-he-were-sleeping,0
ccstytr,000000427034__Northern_Renaissance__albrecht-durer_lamentation-over-christ-1507,000000427034,Northern_Renaissance__albrecht-durer_lamentation-over-christ-1507,0
ccstytr,000000427034__Pop_Art__peter-max_composition-red-green-1979,000000427034,Pop_Art__peter-max_composition-red-green-1979,0
ccstytr,000000427034__Post_Impressionism__vincent-van-gogh_restaurant-de-la-sirene-at-asnieres-1887,000000427034,Post_Impressionism__vincent-van-gogh_restaurant-de-la-sirene-at-asnieres-1887,0
ccstytr,000000427034__Realism__vincent-van-gogh_cottage-with-peasant-coming-home-1885(1),000000427034,Realism__vincent-van-gogh_cottage-with-peasant-coming-home-1885(1),0
ccstytr,000000427034__Rococo__dmitry-levitzky_portrait-of-baron-a-n-stroganoff,000000427034,Rococo__dmitry-levitzky_portrait-of-baron-a-n-stroganoff,0
ccstytr,000000427034__Romanticism__gustave-dore_paradise-lost-4,000000427034,Romanticism__gustave-dore_paradise-lost-4,0
ccstytr,000000427034__Symbolism__nicholas-roerich_language-of-forest-1922,000000427034,Symbolism__nicholas-roerich_language-of-forest-1922,0
ccstytr,000000427034__Ukiyo_e__kitagawa-utamaro_not_detected_233134,000000427034,Ukiyo_e__kitagawa-utamaro_not_detected_233134,0
ccstytr,000000435003__Abstract_Expressionism__paul-jenkins_not_detected_235703,000000435003,Abstract_Expressionism__paul-jenkins_not_detected_235703,0
ccstytr,000000435003__Art_Nouveau_Modern__nicholas-roerich_oze-1914,000000435003,Art_Nouveau_Modern__nicholas-roerich_oze-1914,0
ccstytr,000000435003__Baroque__rembrandt_portrait-of-nicolas-van-bambeeck-1641,000000435003,Baroque__rembrandt_portrait-of-nicolas-van-bambeeck-1641,0
ccstytr,000000435003__Color_Field_Painting__leon-berkowitz_dark-light-rose-gold-1978,000000435003,Color_Field_Painting__leon-berkowitz_dark-light-rose-gold-1978,0
ccstytr,000000435003__Cubism__salvador-dali_cubist-composition-portrait-of-a-seated-person-holding-a-letter,000000435003,Cubism__salvador-dali_cubist-composition-portrait-of-a-seated-person-holding-a-letter,0
ccstytr,000000435003__Early_Renaissance__pietro-perugino_st-jerome-who-attends-two-unfairly-hanged-1473,000000435003,Early_Renaissance__pietro-perugino_st-jerome-who-attends-two-unfairly-hanged-1473,0
ccstytr,000000435003__Expressionism__amedeo-modigliani_germaine-survage-with-earrings-1918,000000435003,Expressionism__amedeo-modigliani_germaine-survage-with-earrings-1918,0
ccstytr,000000435003__High_Renaissance__raphael_madonna-and-child-enthroned-with-saints-1505,000000435003,High_Renaissance__raphael_madonna-and-child-enthroned-with-saints-1505,0
ccstytr,000000435003__Impressionism__pierre-auguste-renoir_leaving-the-bath-1890,000000435003,Impressionism__pierre-auguste-renoir_leaving-the-bath-1890,0
ccstytr,000000435003__Mannerism_Late_Renaissance__tintoretto_st-mark-rescuing-a-saracen-from-shipwreck-1566,000000435003,Mannerism_Late_Renaissance__tintoretto_st-mark-rescuing-a-saracen-from-shipwreck-1566,0
ccstytr,000000435003__Minimalism__mario-schifano_untitled-1963,000000435003,Minimalism__mario-schifano_untitled-1963,1
ccstytr,000000435003__Naive_Art_Primitivism__marc-chagall_the-young-samuel-the-priest-s-servant-heard-that-he-is-called-by-god-eli-and-he-were-sleeping,000000435003,Naive_Art_Primitivism__marc-chagall_the-young-samuel-the-priest-s-servant-heard-that-he-is-called-by-god-eli-and-he-were-sleeping,0
ccstytr,000000435003__Northern_Renaissance__albrecht-durer_lamentation-over-christ-1507,000000435003,Northern_Renaissance__albrecht-durer_lamentation-over-christ-1507,0
ccstytr,000000435003__Pop_Art__peter-max_composition-red-green-1979,000000435003,Pop_Art__peter-max_composition-red-green-1979,0
ccstytr,000000435003__Post_Impressionism__vincent-van-gogh_restaurant-de-la-sirene-at-asnieres-1887,000000435003,Post_Impressionism__vincent-van-gogh_restaurant-de-la-sirene-at-asnieres-1887,0
ccstytr,000000435003__Realism__vincent-van-gogh_cottage-with-peasant-coming-home-1885(1),000000435003,Realism__vincent-van-gogh_cottage-with-peasant-coming-home-1885(1),0
ccstytr,000000435003__Rococo__dmitry-levitzky_portrait-of-baron-a-n-stroganoff,000000435003,Rococo__dmitry-levitzky_portrait-of-baron-a-n-stroganoff,0
ccstytr,000000435003__Romanticism__gustave-dore_paradise-lost-4,000000435003,Romanticism__gustave-dore_paradise-lost-4,0
ccstytr,000000435003__Symbolism__nicholas-roerich_language-of-forest-1922,000000435003,Symbolism__nicholas-roerich_language-of-forest-1922,0
ccstytr,000000435003__Ukiyo_e__kitagawa-utamaro_not_detected_233134,000000435003,Ukiyo_e__kitagawa-utamaro_not_detected_233134,0
ccstytr,000000464251__Abstract_Expressionism__paul-jenkins_not_detected_235703,000000464251,Abstract_Expressionism__paul-jenkins_not_detected_235703,0
ccstytr,000000464251__Art_Nouveau_Modern__nicholas-roerich_oze-1914,000000464251,Art_Nouveau_Modern__nicholas-roerich_oze-1914,0
ccstytr,000000464251__Baroque__rembrandt_portrait-of-nicolas-van-bambeeck-1641,000000464251,Baroque__rembrandt_portrait-of-nicolas-van-bambeeck-1641,0
ccstytr,000000464251__Color_Field_Painting__leon-berkowitz_dark-light-rose-gold-1978,000000464251,Color_Field_Painting__leon-berkowitz_dark-light-rose-gold-1978,0
ccstytr,000000464251__Cubism__salvador-dali_cubist-composition-portrait-of-a-seated-person-holding-a-letter,000000464251,Cubism__salvador-dali_cubist-composition-portrait-of-a-seated-person-holding-a-letter,0
ccstytr,000000464251__Early_Renaissance__pietro-perugino_st-jerome-who-attends-two-unfairly-hanged-1473,000000464251,Early_Renaissance__pietro-perugino_st-jerome-who-attends-two-unfairly-hanged-1473,0
ccstytr,000000464251__Expressionism__amedeo-modigliani_germaine-survage-with-earrings-1918,000000464251,Expressionism__amedeo-modigliani_germaine-survage-with-earrings-1918,0
ccstytr,000000464251__High_Renaissance__raphael_madonna-and-child-enthroned-with-saints-1505,000000464251,High_Renaissance__raphael_madonna-and-child-enthroned-with-saints-1505,0
ccstytr,000000464251__Impressionism__pierre-auguste-renoir_leaving-the-bath-1890,000000464251,Impressionism__pierre-auguste-renoir_leaving-the-bath-1890,1
ccstytr,000000464251__Mannerism_Late_Renaissance__tintoretto_st-mark-rescuing-a-saracen-from-shipwreck-1566,000000464251,Mannerism_Late_Renaissance__tintoretto_st-mark-rescuing-a-saracen-from-shipwreck-1566,0
ccstytr,000000464251__Minimalism__mario-schifano_untitled-1963,000000464251,Minimalism__mario-schifano_untitled-1963,0
ccstytr,000000464251__Naive_Art_Primitivism__marc-chagall_the-young-samuel-the-priest-s-servant-heard-that-he-is-called-by-god-eli-and-he-were-sleeping,000000464251,Naive_Art_Primitivism__marc-chagall_the-young-samuel-the-priest-s-servant-heard-that-he-is-called-by-god-eli-and-he-were-sleeping,0
ccstytr,000000464251__Northern_Renaissance__albrecht-durer_lamentation-over-christ-1507,000000464251,Northern_Renaissance__albrecht-durer_lamentation-over-christ-1507,0
ccstytr,000000464251__Pop_Art__peter-max_composition-red-green-1979,000000464251,Pop_Art__peter-max_composition-red-green-1979,0
ccstytr,000000464251__Post_Impressionism__vincent-van-gogh_restaurant-de-la-sirene-at-asnieres-1887,000000464251,Post_Impressionism__vincent-van-gogh_restaurant-de-la-sirene-at-asnieres-1887,1
ccstytr,000000464251__Realism__vincent-van-gogh_cottage-with-peasant-coming-home-1885(1),000000464251,Realism__vincent-van-gogh_cottage-with-peasant-coming-home-1885(1),0
ccstytr,000000464251__Rococo__dmitry-levitzky_portrait-of-baron-a-n-stroganoff,000000464251,Rococo__dmitry-levitzky_portrait-of-baron-a-n-stroganoff,0
ccstytr,000000464251__Romanticism__gustave-dore_paradise-lost-4,000000464251,Romanticism__gustave-dore_paradise-lost-4,0
ccstytr,000000464251__Symbolism__nicholas-roerich_language-of-forest-1922,000000464251,Symbolism__nicholas-roerich_language-of-forest-1922,0
ccstytr,000000464251__Ukiyo_e__kitagawa-utamaro_not_detected_233134,000000464251,Ukiyo_e__kitagawa-utamaro_not_detected_233134,0
ccstytr,000000464786__Abstract_Expressionism__paul-jenkins_not_detected_235703,000000464786,Abstract_Expressionism__paul-jenkins_not_detected_235703,0
ccstytr,000000464786__Art_Nouveau_Modern__nicholas-roerich_oze-1914,000000464786,Art_Nouveau_Modern__nicholas-roerich_oze-1914,0
ccstytr,000000464786__Baroque__rembrandt_portrait-of-nicolas-van-bambeeck-1641,000000464786,Baroque__rembrandt_portrait-of-nicolas-van-bambeeck-1641,0
ccstytr,000000464786__Color_Field_Painting__leon-berkowitz_dark-light-rose-gold-1978,000000464786,Color_Field_Painting__leon-berkowitz_dark-light-rose-gold-1978,1
ccstytr,000000464786__Cubism__salvador-dali_cubist-composition-portrait-of-a-seated-person-holding-a-letter,000000464786,Cubism__salvador-dali_cubist-composition-portrait-of-a-seated-person-holding-a-letter,0
ccstytr,000000464786__Early_Renaissance__pietro-perugino_st-jerome-who-attends-two-unfairly-hanged-1473,000000464786,Early_Renaissance__pietro-perugino_st-jerome-who-attends-two-unfairly-hanged-1473,0
ccstytr,000000464786__Expressionism__amedeo-modigliani_germaine-survage-with-earrings-1918,000000464786,Expressionism__amedeo-modigliani_germaine-survage-with-earrings-1918,0
ccstytr,000000464786__High_Renaissance__raphael_madonna-and-child-enthroned-with-saints-1505,000000464786,High_Renaissance__raphael_madonna-and-child-enthroned-with-saints-1505,0
ccstytr,000000464786__Impressionism__pierre-auguste-renoir_leaving-the-bath-1890,000000464786,Impressionism__pierre-auguste-renoir_leaving-the-bath-1890,0
ccstytr,000000464786__Mannerism_Late_Renaissance__tintoretto_st-mark-rescuing-a-saracen-from-shipwreck-1566,000000464786,Mannerism_Late_Renaissance__tintoretto_st-mark-rescuing-a-saracen-from-shipwreck-1566,0
ccstytr,000000464786__Minimalism__mario-schifano_untitled-1963,000000464786,Minimalism__mario-schifano_untitled-1963,0
ccstytr,000000464786__Naive_Art_Primitivism__marc-chagall_the-young-samuel-the-priest-s-servant-heard-that-he-is-called-by-god-eli-and-he-were-sleeping,000000464786,Naive_Art_Primitivism__marc-chagall_the-young-samuel-the-priest-s-servant-heard-that-he-is-called-by-god-eli-and-he-were-sleeping,0
ccstytr,000000464786__Northern_Renaissance__albrecht-durer_lamentation-over-christ-1507,000000464786,Northern_Renaissance__albrecht-durer_lamentation-over-christ-1507,0
ccstytr,000000464786__Pop_Art__peter-max_composition-red-green-1979,000000464786,Pop_Art__peter-max_composition-red-green-1979,0
ccstytr,000000464786__Post_Impressionism__vincent-van-gogh_restaurant-de-la-sirene-at-asnieres-1887,000000464786,Post_Impressionism__vincent-van-gogh_restaurant-de-la-sirene-at-asnieres-1887,1
ccstytr,000000464786__Realism__vincent-van-gogh_cottage-with-peasant-coming-home-1885(1),000000464786,Realism__vincent-van-gogh_cottage-with-peasant-coming-home-1885(1),0
ccstytr,000000464786__Rococo__dmitry-levitzky_portrait-of-baron-a-n-stroganoff,000000464786,Rococo__dmitry-levitzky_portrait-of-baron-a-n-stroganoff,0
ccstytr,000000464786__Romanticism__gustave-dore_paradise-lost-4,000000464786,Romanticism__gustave-dore_paradise-lost-4,0
ccstytr,000000464786__Symbolism__nicholas-roerich_language-of-forest-1922,000000464786,Symbolism__nicholas-roerich_language-of-forest-1922,0
ccstytr,000000464786__Ukiyo_e__kitagawa-utamaro_not_detected_233134,000000464786,Ukiyo_e__kitagawa-utamaro_not_detected_233134,0
ccstytr,000000475387__Abstract_Expressionism__paul-jenkins_not_detected_235703,000000475387,Abstract_Expressionism__paul-jenkins_not_detected_235703,0
ccstytr,000000475387__Art_Nouveau_Modern__nicholas-roerich_oze-1914,000000475387,Art_Nouveau_Modern__nicholas-roerich_oze-1914,0
ccstytr,000000475387__Baroque__rembrandt_portrait-of-nicolas-van-bambeeck-1641,000000475387,Baroque__rembrandt_portrait-of-nicolas-van-bambeeck-1641,0
ccstytr,000000475387__Color_Field_Painting__leon-berkowitz_dark-light-rose-gold-1978,000000475387,Color_Field_Painting__leon-berkowitz_dark-light-rose-gold-1978,0
ccstytr,000000475387__Cubism__salvador-dali_cubist-composition-portrait-of-a-seated-person-holding-a-letter,000000475387,Cubism__salvador-dali_cubist-composition-portrait-of-a-seated-person-holding-a-letter,0
ccstytr,000000475387__Early_Renaissance__pietro-perugino_st-jerome-who-attends-two-unfairly-hanged-1473,000000475387,Early_Renaissance__pietro-perugino_st-jerome-who-attends-two-unfairly-hanged-1473,0
ccstytr,000000475387__Expressionism__amedeo-modigliani_germaine-survage-with-earrings-1918,000000475387,Expressionism__amedeo-modigliani_germaine-survage-with-earrings-1918,0
ccstytr,000000475387__High_Renaissance__raphael_madonna-and-child-enthroned-with-saints-1505,000000475387,High_Renaissance__raphael_madonna-and-child-enthroned-with-saints-1505,0
ccstytr,000000475387__Impressionism__pierre-auguste-renoir_leaving-the-bath-1890,000000475387,Impressionism__pierre-auguste-renoir_leaving-the-bath-1890,0
ccstytr,000000475387__Mannerism_Late_Renaissance__tintoretto_st-mark-rescuing-a-saracen-from-shipwreck-1566,000000475387,Mannerism_Late_Renaissance__tintoretto_st-mark-rescuing-a-saracen-from-shipwreck-1566,0
ccstytr,000000475387__Minimalism__mario-schifano_untitled-1963,000000475387,Minimalism__mario-schifano_untitled-1963,0
ccstytr,000000475387__Naive_Art_Primitivism__marc-chagall_the-young-samuel-the-priest-s-servant-heard-that-he-is-called-by-god-eli-and-he-were-sleeping,000000475387,Naive_Art_Primitivism__marc-chagall_the-young-samuel-the-priest-s-servant-heard-that-he-is-called-by-god-eli-and-he-were-sleeping,0
ccstytr,000000475387__Northern_Renaissance__albrecht-durer_lamentation-over-christ-1507,000000475387,Northern_Renaissance__albrecht-durer_lamentation-over-christ-1507,0
ccstytr,000000475387__Pop_Art__peter-max_composition-red-green-1979,000000475387,Pop_Art__peter-max_composition-red-green-1979,0
ccstytr,000000475387__Post_Impressionism__vincent-van-gogh_restaurant-de-la-sirene-at-asnieres-1887,000000475387,Post_Impressionism__vincent-van-gogh_restaurant-de-la-sirene-at-asnieres-1887,1
ccstytr,000000475387__Realism__vincent-van-gogh_cottage-with-peasant-coming-home-1885(1),000000475387,Realism__vincent-van-gogh_cottage-with-peasant-coming-home-1885(1),0
ccstytr,000000475387__Rococo__dmitry-levitzky_portrait-of-baron-a-n-stroganoff,000000475387,Rococo__dmitry-levitzky_portrait-of-baron-a-n-stroganoff,0
ccstytr,000000475387__Romanticism__gustave-dore_paradise-lost-4,000000475387,Romanticism__gustave-dore_paradise-lost-4,0
ccstytr,000000475387__Symbolism__nicholas-roerich_language-of-forest-1922,000000475387,Symbolism__nicholas-roerich_language-of-forest-1922,0
ccstytr,000000475387__Ukiyo_e__kitagawa-utamaro_not_detected_233134,000000475387,Ukiyo_e__kitagawa-utamaro_not_detected_233134,0
ccstytr,000000484029__Abstract_Expressionism__paul-jenkins_not_detected_235703,000000484029,Abstract_Expressionism__paul-jenkins_not_detected_235703,0
ccstytr,000000484029__Art_Nouveau_Modern__nicholas-roerich_oze-1914,000000484029,Art_Nouveau_Modern__nicholas-roerich_oze-1914,0
ccstytr,000000484029__Baroque__rembrandt_portrait-of-nicolas-van-bambeeck-1641,000000484029,Baroque__rembrandt_portrait-of-nicolas-van-bambeeck-1641,0
ccstytr,000000484029__Color_Field_Painting__leon-berkowitz_dark-light-rose-gold-1978,000000484029,Color_Field_Painting__leon-berkowitz_dark-light-rose-gold-1978,0
ccstytr,000000484029__Cubism__salvador-dali_cubist-composition-portrait-of-a-seated-person-holding-a-letter,000000484029,Cubism__salvador-dali_cubist-composition-portrait-of-a-seated-person-holding-a-letter,0
ccstytr,000000484029__Early_Renaissance__pietro-perugino_st-jerome-who-attends-two-unfairly-hanged-1473,000000484029,Early_Renaissance__pietro-perugino_st-jerome-who-attends-two-unfairly-hanged-1473,0
ccstytr,000000484029__Expressionism__amedeo-modigliani_germaine-survage-with-earrings-1918,000000484029,Expressionism__amedeo-modigliani_germaine-survage-with-earrings-1918,0
ccstytr,000000484029__High_Renaissance__raphael_madonna-and-child-enthroned-with-saints-1505,000000484029,High_Renaissance__raphael_madonna-and-child-enthroned-with-saints-1505,0
ccstytr,000000484029__Impressionism__pierre-auguste-renoir_leaving-the-bath-1890,000000484029,Impressionism__pierre-auguste-renoir_leaving-the-bath-1890,0
ccstytr,000000484029__Mannerism_Late_Renaissance__tintoretto_st-mark-rescuing-a-saracen-from-shipwreck-1566,000000484029,Mannerism_Late_Renaissance__tintoretto_st-mark-rescuing-a-saracen-from-shipwreck-1566,0
ccstytr,000000484029__Minimalism__mario-schifano_untitled-1963,000000484029,Minimalism__mario-schifano_untitled-1963,1
ccstytr,000000484029__Naive_Art_Primitivism__marc-chagall_the-young-samuel-the-priest-s-servant-heard-that-he-is-called-by-god-eli-and-he-were-sleeping,000000484029,Naive_Art_Primitivism__marc-chagall_the-young-samuel-the-priest-s-servant-heard-that-he-is-called-by-god-eli-and-he-were-sleeping,0
ccstytr,000000484029__Northern_Renaissance__albrecht-durer_lamentation-over-christ-1507,000000484029,Northern_Renaissance__albrecht-durer_lamentation-over-christ-1507,0
ccstytr,000000484029__Pop_Art__peter-max_composition-red-green-1979,000000484029,Pop_Art__peter-max_composition-red-green-1979,1
ccstytr,000000484029__Post_Impressionism__vincent-van-gogh_restaurant-de-la-sirene-at-asnieres-1887,000000484029,Post_Impressionism__vincent-van-gogh_restaurant-de-la-sirene-at-asnieres-1887,0
ccstytr,000000484029__Realism__vincent-van-gogh_cottage-with-peasant-coming-home-1885(1),000000484029,Realism__vincent-van-gogh_cottage-with-peasant-coming-home-1885(1),0
ccstytr,000000484029__Rococo__dmitry-levitzky_portrait-of-baron-a-n-stroganoff,000000484029,Rococo__dmitry-levitzky_portrait-of-baron-a-n-stroganoff,0
ccstytr,000000484029__Romanticism__gustave-dore_paradise-lost-4,000000484029,Romanticism__gustave-dore_paradise-lost-4,0
ccstytr,000000484029__Symbolism__nicholas-roerich_language-of-forest-1922,000000484029,Symbolism__nicholas-roerich_language-of-forest-1922,0
ccstytr,000000484029__Ukiyo_e__kitagawa-utamaro_not_detected_233134,000000484029,Ukiyo_e__kitagawa-utamaro_not_detected_233134,0
ccstytr,000000485844__Abstract_Expressionism__paul-jenkins_not_detected_235703,000000485844,Abstract_Expressionism__paul-jenkins_not_detected_235703,0
ccstytr,000000485844__Art_Nouveau_Modern__nicholas-roerich_oze-1914,000000485844,Art_Nouveau_Modern__nicholas-roerich_oze-1914,0
ccstytr,000000485844__Baroque__rembrandt_portrait-of-nicolas-van-bambeeck-1641,000000485844,Baroque__rembrandt_portrait-of-nicolas-van-bambeeck-1641,0
ccstytr,000000485844__Color_Field_Painting__leon-berkowitz_dark-light-rose-gold-1978,000000485844,Color_Field_Painting__leon-berkowitz_dark-light-rose-gold-1978,0
ccstytr,000000485844__Cubism__salvador-dali_cubist-composition-portrait-of-a-seated-person-holding-a-letter,000000485844,Cubism__salvador-dali_cubist-composition-portrait-of-a-seated-person-holding-a-letter,0
ccstytr,000000485844__Early_Renaissance__pietro-perugino_st-jerome-who-attends-two-unfairly-hanged-1473,000000485844,Early_Renaissance__pietro-perugino_st-jerome-who-attends-two-unfairly-hanged-1473,0
ccstytr,000000485844__Expressionism__amedeo-modigliani_germaine-survage-with-earrings-1918,000000485844,Expressionism__amedeo-modigliani_germaine-survage-with-earrings-1918,0
ccstytr,000000485844__High_Renaissance__raphael_madonna-and-child-enthroned-with-saints-1505,000000485844,High_Renaissance__raphael_madonna-and-child-enthroned-with-saints-1505,0
ccstytr,000000485844__Impressionism__pierre-auguste-renoir_leaving-the-bath-1890,000000485844,Impressionism__pierre-auguste-renoir_leaving-the-bath-1890,0
ccstytr,000000485844__Mannerism_Late_Renaissance__tintoretto_st-mark-rescuing-a-saracen-from-shipwreck-1566,000000485844,Mannerism_Late_Renaissance__tintoretto_st-mark-rescuing-a-saracen-from-shipwreck-1566,0
ccstytr,000000485844__Minimalism__mario-schifano_untitled-1963,000000485844,Minimalism__mario-schifano_untitled-1963,0
ccstytr,000000485844__Naive_Art_Primitivism__marc-chagall_the-young-samuel-the-priest-s-servant-heard-that-he-is-called-by-god-eli-and-he-were-sleeping,000000485844,Naive_Art_Primitivism__marc-chagall_the-young-samuel-the-priest-s-servant-heard-that-he-is-called-by-god-eli-and-he-were-sleeping,0
ccstytr,000000485844__Northern_Renaissance__albrecht-durer_lamentation-over-christ-1507,000000485844,Northern_Renaissance__albrecht-durer_lamentation-over-christ-1507,1
ccstytr,000000485844__Pop_Art__peter-max_composition-red-green-1979,000000485844,Pop_Art__peter-max_composition-red-green-1979,0
ccstytr,000000485844__Post_Impressionism__vincent-van-gogh_restaurant-de-la-sirene-at-asnieres-1887,000000485844,Post_Impressionism__vincent-van-gogh_restaurant-de-la-sirene-at-asnieres-1887,0
ccstytr,000000485844__Realism__vincent-van-gogh_cottage-with-peasant-coming-home-1885(1),000000485844,Realism__vincent-van-gogh_cottage-with-peasant-coming-home-1885(1),1
ccstytr,000000485844__Rococo__dmitry-levitzky_portrait-of-baron-a-n-stroganoff,000000485844,Rococo__dmitry-levitzky_portrait-of-baron-a-n-stroganoff,0
ccstytr,000000485844__Romanticism__gustave-dore_paradise-lost-4,000000485844,Romanticism__gustave-dore_paradise-lost-4,0
ccstytr,000000485844__Symbolism__nicholas-roerich_language-of-forest-1922,000000485844,Symbolism__nicholas-roerich_language-of-forest-1922,0
ccstytr,000000485844__Ukiyo_e__kitagawa-utamaro_not_detected_233134,000000485844,Ukiyo_e__kitagawa-utamaro_not_detected_233134,0
ccstytr,000000510329__Abstract_Expressionism__paul-jenkins_not_detected_235703,000000510329,Abstract_Expressionism__paul-jenkins_not_detected_235703,0
ccstytr,000000510329__Art_Nouveau_Modern__nicholas-roerich_oze-1914,000000510329,Art_Nouveau_Modern__nicholas-roerich_oze-1914,0
ccstytr,000000510329__Baroque__rembrandt_portrait-of-nicolas-van-bambeeck-1641,000000510329,Baroque__rembrandt_portrait-of-nicolas-van-bambeeck-1641,0
ccstytr,000000510329__Color_Field_Painting__leon-berkowitz_dark-light-rose-gold-1978,000000510329,Color_Field_Painting__leon-berkowitz_dark-light-rose-gold-1978,0
ccstytr,000000510329__Cubism__salvador-dali_cubist-composition-portrait-of-a-seated-person-holding-a-letter,000000510329,Cubism__salvador-dali_cubist-composition-portrait-of-a-seated-person-holding-a-letter,0
ccstytr,000000510329__Early_Renaissance__pietro-perugino_st-jerome-who-attends-two-unfairly-hanged-1473,000000510329,Early_Renaissance__pietro-perugino_st-jerome-who-attends-two-unfairly-hanged-1473,0
ccstytr,000000510329__Expressionism__amedeo-modigliani_germaine-survage-with-earrings-1918,000000510329,Expressionism__amedeo-modigliani_germaine-survage-with-earrings-1918,0
ccstytr,000000510329__High_Renaissance__raphael_madonna-and-child-enthroned-with-saints-1505,000000510329,High_Renaissance__raphael_madonna-and-child-enthroned-with-saints-1505,0
ccstytr,000000510329__Impressionism__pierre-auguste-renoir_leaving-the-bath-1890,000000510329,Impressionism__pierre-auguste-renoir_leaving-the-bath-1890,1
ccstytr,000000510329__Mannerism_Late_Renaissance__tintoretto_st-mark-rescuing-a-saracen-from-shipwreck-1566,000000510329,Mannerism_Late_Renaissance__tintoretto_st-mark-rescuing-a-saracen-from-shipwreck-1566,0
ccstytr,000000510329__Minimalism__mario-schifano_untitled-1963,000000510329,Minimalism__mario-schifano_untitled-1963,0
ccstytr,000000510329__Naive_Art_Primitivism__marc-chagall_the-young-samuel-the-priest-s-servant-heard-that-he-is-called-by-god-eli-and-he-were-sleeping,000000510329,Naive_Art_Primitivism__marc-chagall_the-young-samuel-the-priest-s-servant-heard-that-he-is-called-by-god-eli-and-he-were-sleeping,0
ccstytr,000000510329__Northern_Renaissance__albrecht-durer_lamentation-over-christ-1507,000000510329,Northern_Renaissance__albrecht-durer_lamentation-over-christ-1507,0
ccstytr,000000510329__Pop_Art__peter-max_composition-red-green-1979,000000510329,Pop_Art__peter-max_composition-red-green-1979,0
ccstytr,000000510329__Post_Impressionism__vincent-van-gogh_restaurant-de-la-sirene-at-asnieres-1887,000000510329,Post_Impressionism__vincent-van-gogh_restaurant-de-la-sirene-at-asnieres-1887,0
ccstytr,000000510329__Realism__vincent-van-gogh_cottage-with-peasant-coming-home-1885(1),000000510329,Realism__vincent-van-gogh_cottage-with-peasant-coming-home-1885(1),1
ccstytr,000000510329__Rococo__dmitry-levitzky_portrait-of-baron-a-n-stroganoff,000000510329,Rococo__dmitry-levitzky_portrait-of-baron-a-n-stroganoff,0
ccstytr,000000510329__Romanticism__gustave-dore_paradise-lost-4,000000510329,Romanticism__gustave-dore_paradise-lost-4,0
ccstytr,000000510329__Symbolism__nicholas-roerich_language-of-forest-1922,000000510329,Symbolism__nicholas-roerich_language-of-forest-1922,0
ccstytr,000000510329__Ukiyo_e__kitagawa-utamaro_not_detected_233134,000000510329,Ukiyo_e__kitagawa-utamaro_not_detected_233134,0
ccstytr,000000520659__Abstract_Expressionism__paul-jenkins_not_detected_235703,000000520659,Abstract_Expressionism__paul-jenkins_not_detected_235703,0
ccstytr,000000520659__Art_Nouveau_Modern__nicholas-roerich_oze-1914,000000520659,Art_Nouveau_Modern__nicholas-roerich_oze-1914,0
ccstytr,000000520659__Baroque__rembrandt_portrait-of-nicolas-van-bambeeck-1641,000000520659,Baroque__rembrandt_portrait-of-nicolas-van-bambeeck-1641,0
ccstytr,000000520659__Color_Field_Painting__leon-berkowitz_dark-light-rose-gold-1978,000000520659,Color_Field_Painting__leon-berkowitz_dark-light-rose-gold-1978,0
ccstytr,000000520659__Cubism__salvador-dali_cubist-composition-portrait-of-a-seated-person-holding-a-letter,000000520659,Cubism__salvador-dali_cubist-composition-portrait-of-a-seated-person-holding-a-letter,0
ccstytr,000000520659__Early_Renaissance__pietro-perugino_st-jerome-who-attends-two-unfairly-hanged-1473,000000520659,Early_Renaissance__pietro-perugino_st-jerome-who-attends-two-unfairly-hanged-1473,0
ccstytr,000000520659__Expressionism__amedeo-modigliani_germaine-survage-with-earrings-1918,000000520659,Expressionism__amedeo-modigliani_germaine-survage-with-earrings-1918,0
ccstytr,000000520659__High_Renaissance__raphael_madonna-and-child-enthroned-with-saints-1505,000000520659,High_Renaissance__raphael_madonna-and-child-enthroned-with-saints-1505,0
ccstytr,000000520659__Impressionism__pierre-auguste-renoir_leaving-the-bath-1890,000000520659,Impressionism__pierre-auguste-renoir_leaving-the-bath-1890,1
ccstytr,000000520659__Mannerism_Late_Renaissance__tintoretto_st-mark-rescuing-a-saracen-from-shipwreck-1566,000000520659,Mannerism_Late_Renaissance__tintoretto_st-mark-rescuing-a-saracen-from-shipwreck-1566,0
ccstytr,000000520659__Minimalism__mario-schifano_untitled-1963,000000520659,Minimalism__mario-schifano_untitled-1963,0
ccstytr,000000520659__Naive_Art_Primitivism__marc-chagall_the-young-samuel-the-priest-s-servant-heard-that-he-is-called-by-god-eli-and-he-were-sleeping,000000520659,Naive_Art_Primitivism__marc-chagall_the-young-samuel-the-priest-s-servant-heard-that-he-is-called-by-god-eli-and-he-were-sleeping,0
ccstytr,000000520659__Northern_Renaissance__albrecht-durer_lamentation-over-christ-1507,000000520659,Northern_Renaissance__albrecht-durer_lamentation-over-christ-1507,0
ccstytr,000000520659__Pop_Art__peter-max_composition-red-green-1979,000000520659,Pop_Art__peter-max_composition-red-green-1979,0
ccstytr,000000520659__Post_Impressionism__vincent-van-gogh_restaurant-de-la-sirene-at-asnieres-1887,000000520659,Post_Impressionism__vincent-van-gogh_restaurant-de-la-sirene-at-asnieres-1887,1
ccstytr,000000520659__Realism__vincent-van-gogh_cottage-with-peasant-coming-home-1885(1),000000520659,Realism__vincent-van-gogh_cottage-with-peasant-coming-home-1885(1),0
ccstytr,000000520659__Rococo__dmitry-levitzky_portrait-of-baron-a-n-stroganoff,000000520659,Rococo__dmitry-levitzky_portrait-of-baron-a-n-stroganoff,0
ccstytr,000000520659__Romanticism__gustave-dore_paradise-lost-4,000000520659,Romanticism__gustave-dore_paradise-lost-4,0
ccstytr,000000520659__Symbolism__nicholas-roerich_language-of-forest-1922,000000520659,Symbolism__nicholas-roerich_language-of-forest-1922,0
ccstytr,000000520659__Ukiyo_e__kitagawa-utamaro_not_detected_233134,000000520659,Ukiyo_e__kitagawa-utamaro_not_detected_233134,0
ccstytr,000000529105__Abstract_Expressionism__paul-jenkins_not_detected_235703,000000529105,Abstract_Expressionism__paul-jenkins_not_detected_235703,0
ccstytr,000000529105__Art_Nouveau_Modern__nicholas-roerich_oze-1914,000000529105,Art_Nouveau_Modern__nicholas-roerich_oze-1914,0
ccstytr,000000529105__Baroque__rembrandt_portrait-of-nicolas-van-bambeeck-1641,000000529105,Baroque__rembrandt_portrait-of-nicolas-van-bambeeck-1641,0
ccstytr,000000529105__Color_Field_Painting__leon-berkowitz_dark-light-rose-gold-1978,000000529105,Color_Field_Painting__leon-berkowitz_dark-light-rose-gold-1978,0
ccstytr,000000529105__Cubism__salvador-dali_cubist-composition-portrait-of-a-seated-person-holding-a-letter,000000529105,Cubism__salvador-dali_cubist-composition-portrait-of-a-seated-person-holding-a-letter,0
ccstytr,000000529105__Early_Renaissance__pietro-perugino_st-jerome-who-attends-two-unfairly-hanged-1473,000000529105,Early_Renaissance__pietro-perugino_st-jerome-who-attends-two-unfairly-hanged-1473,0
ccstytr,000000529105__Expressionism__amedeo-modigliani_germaine-survage-with-earrings-1918,000000529105,Expressionism__amedeo-modigliani_germaine-survage-with-earrings-1918,0
ccstytr,000000529105__High_Renaissance__raphael_madonna-and-child-enthroned-with-saints-1505,000000529105,High_Renaissance__raphael_madonna-and-child-enthroned-with-saints-1505,0
ccstytr,000000529105__Impressionism__pierre-auguste-renoir_leaving-the-bath-1890,000000529105,Impressionism__pierre-auguste-renoir_leaving-the-bath-1890,1
ccstytr,000000529105__Mannerism_Late_Renaissance__tintoretto_st-mark-rescuing-a-saracen-from-shipwreck-1566,000000529105,Mannerism_Late_Renaissance__tintoretto_st-mark-rescuing-a-saracen-from-shipwreck-1566,1
ccstytr,000000529105__Minimalism__mario-schifano_untitled-1963,000000529105,Minimalism__mario-schifano_untitled-1963,0
ccstytr,000000529105__Naive_Art_Primitivism__marc-chagall_the-young-samuel-the-priest-s-servant-heard-that-he-is-called-by-god-eli-and-he-were-sleeping,000000529105,Naive_Art_Primitivism__marc-chagall_the-young-samuel-the-priest-s-servant-heard-that-he-is-called-by-god-eli-and-he-were-sleeping,0
ccstytr,000000529105__Northern_Renaissance__albrecht-durer_lamentation-over-christ-1507,000000529105,Northern_Renaissance__albrecht-durer_lamentation-over-christ-1507,0
ccstytr,000000529105__Pop_Art__peter-max_composition-red-green-1979,000000529105,Pop_Art__peter-max_composition-red-green-1979,0
ccstytr,000000529105__Post_Impressionism__vincent-van-gogh_restaurant-de-la-sirene-at-asnieres-1887,000000529105,Post_Impressionism__vincent-van-gogh_restaurant-de-la-sirene-at-asnieres-1887,0
ccstytr,000000529105__Realism__vincent-van-gogh_cottage-with-peasant-coming-home-1885(1),000000529105,Realism__vincent-van-gogh_cottage-with-peasant-coming-home-1885(1),1
ccstytr,000000529105__Rococo__dmitry-levitzky_portrait-of-baron-a-n-stroganoff,000000529105,Rococo__dmitry-levitzky_portrait-of-baron-a-n-stroganoff,0
ccstytr,000000529105__Romanticism__gustave-dore_paradise-lost-4,000000529105,Romanticism__gustave-dore_paradise-lost-4,0
ccstytr,000000529105__Symbolism__nicholas-roerich_language-of-forest-1922,000000529105,Symbolism__nicholas-roerich_language-of-forest-1922,0
ccstytr,000000529105__Ukiyo_e__kitagawa-utamaro_not_detected_233134,000000529105,Ukiyo_e__kitagawa-utamaro_not_detected_233134,0
ccstytr,000000529966__Abstract_Expressionism__paul-jenkins_not_detected_235703,000000529966,Abstract_Expressionism__paul-jenkins_not_detected_235703,0
ccstytr,000000529966__Art_Nouveau_Modern__nicholas-roerich_oze-1914,000000529966,Art_Nouveau_Modern__nicholas-roerich_oze-1914,0
ccstytr,000000529966__Baroque__rembrandt_portrait-of-nicolas-van-bambeeck-1641,000000529966,Baroque__rembrandt_portrait-of-nicolas-van-bambeeck-1641,0
ccstytr,000000529966__Color_Field_Painting__leon-berkowitz_dark-light-rose-gold-1978,000000529966,Color_Field_Painting__leon-berkowitz_dark-light-rose-gold-1978,0
ccstytr,000000529966__Cubism__salvador-dali_cubist-composition-portrait-of-a-seated-person-holding-a-letter,000000529966,Cubism__salvador-dali_cubist-composition-portrait-of-a-seated-person-holding-a-letter,0
ccstytr,000000529966__Early_Renaissance__pietro-perugino_st-jerome-who-attends-two-unfairly-hanged-1473,000000529966,Early_Renaissance__pietro-perugino_st-jerome-who-attends-two-unfairly-hanged-1473,0
ccstytr,000000529966__Expressionism__amedeo-modigliani_germaine-survage-with-earrings-1918,000000529966,Expressionism__amedeo-modigliani_germaine-survage-with-earrings-1918,0
ccstytr,000000529966__High_Renaissance__raphael_madonna-and-child-enthroned-with-saints-1505,000000529966,High_Renaissance__raphael_madonna-and-child-enthroned-with-saints-1505,0
ccstytr,000000529966__Impressionism__pierre-auguste-renoir_leaving-the-bath-1890,000000529966,Impressionism__pierre-auguste-renoir_leaving-the-bath-1890,0
ccstytr,000000529966__Mannerism_Late_Renaissance__tintoretto_st-mark-rescuing-a-saracen-from-shipwreck-1566,000000529966,Mannerism_Late_Renaissance__tintoretto_st-mark-rescuing-a-saracen-from-shipwreck-1566,0
ccstytr,000000529966__Minimalism__mario-schifano_untitled-1963,000000529966,Minimalism__mario-schifano_untitled-1963,0
ccstytr,000000529966__Naive_Art_Primitivism__marc-chagall_the-young-samuel-the-priest-s-servant-heard-that-he-is-called-by-god-eli-and-he-were-sleeping,000000529966,Naive_Art_Primitivism__marc-chagall_the-young-samuel-the-priest-s-servant-heard-that-he-is-called-by-god-eli-and-he-were-sleeping,0
ccstytr,000000529966__Northern_Renaissance__albrecht-durer_lamentation-over-christ-1507,000000529966,Northern_Renaissance__albrecht-durer_lamentation-over-christ-1507,0
ccstytr,000000529966__Pop_Art__peter-max_composition-red-green-1979,000000529966,Pop_Art__peter-max_composition-red-green-1979,0
ccstytr,000000529966__Post_Impressionism__vincent-van-gogh_restaurant-de-la-sirene-at-asnieres-1887,000000529966,Post_Impressionism__vincent-van-gogh_restaurant-de-la-sirene-at-asnieres-1887,1
ccstytr,000000529966__Realism__vincent-van-gogh_cottage-with-peasant-coming-home-1885(1),000000529966,Realism__vincent-van-gogh_cottage-with-peasant-coming-home-1885(1),1
ccstytr,000000529966__Rococo__dmitry-levitzky_portrait-of-baron-a-n-stroganoff,000000529966,Rococo__dmitry-levitzky_portrait-of-baron-a-n-stroganoff,0
ccstytr,000000529966__Romanticism__gustave-dore_paradise-lost-4,000000529966,Romanticism__gustave-dore_paradise-lost-4,0
ccstytr,000000529966__Symbolism__nicholas-roerich_language-of-forest-1922,000000529966,Symbolism__nicholas-roerich_language-of-forest-1922,0
ccstytr,000000529966__Ukiyo_e__kitagawa-utamaro_not_detected_233134,000000529966,Ukiyo_e__kitagawa-utamaro_not_detected_233134,0
ccstytr,000000546475__Abstract_Expressionism__paul-jenkins_not_detected_235703,000000546475,Abstract_Expressionism__paul-jenkins_not_detected_235703,0
ccstytr,000000546475__Art_Nouveau_Modern__nicholas-roerich_oze-1914,000000546475,Art_Nouveau_Modern__nicholas-roerich_oze-1914,0
ccstytr,000000546475__Baroque__rembrandt_portrait-of-nicolas-van-bambeeck-1641,000000546475,Baroque__rembrandt_portrait-of-nicolas-van-bambeeck-1641,0
ccstytr,000000546475__Color_Field_Painting__leon-berkowitz_dark-light-rose-gold-1978,000000546475,Color_Field_Painting__leon-berkowitz_dark-light-rose-gold-1978,0
ccstytr,000000546475__Cubism__salvador-dali_cubist-composition-portrait-of-a-seated-person-holding-a-letter,000000546475,Cubism__salvador-dali_cubist-composition-portrait-of-a-seated-person-holding-a-letter,0
ccstytr,000000546475__Early_Renaissance__pietro-perugino_st-jerome-who-attends-two-unfairly-hanged-1473,000000546475,Early_Renaissance__pietro-perugino_st-jerome-who-attends-two-unfairly-hanged-1473,0
ccstytr,000000546475__Expressionism__amedeo-modigliani_germaine-survage-with-earrings-1918,000000546475,Expressionism__amedeo-modigliani_germaine-survage-with-earrings-1918,0
ccstytr,000000546475__High_Renaissance__raphael_madonna-and-child-enthroned-with-saints-1505,000000546475,High_Renaissance__raphael_madonna-and-child-enthroned-with-saints-1505,0
ccstytr,000000546475__Impressionism__pierre-auguste-renoir_leaving-the-bath-1890,000000546475,Impressionism__pierre-auguste-renoir_leaving-the-bath-1890,0
ccstytr,000000546475__Mannerism_Late_Renaissance__tintoretto_st-mark-rescuing-a-saracen-from-shipwreck-1566,000000546475,Mannerism_Late_Renaissance__tintoretto_st-mark-rescuing-a-saracen-from-shipwreck-1566,0
ccstytr,000000546475__Minimalism__mario-schifano_untitled-1963,000000546475,Minimalism__mario-schifano_untitled-1963,0
ccstytr,000000546475__Naive_Art_Primitivism__marc-chagall_the-young-samuel-the-priest-s-servant-heard-that-he-is-called-by-god-eli-and-he-were-sleeping,000000546475,Naive_Art_Primitivism__marc-chagall_the-young-samuel-the-priest-s-servant-heard-that-he-is-called-by-god-eli-and-he-were-sleeping,0
ccstytr,000000546475__Northern_Renaissance__albrecht-durer_lamentation-over-christ-1507,000000546475,Northern_Renaissance__albrecht-durer_lamentation-over-christ-1507,1
ccstytr,000000546475__Pop_Art__peter-max_composition-red-green-1979,000000546475,Pop_Art__peter-max_composition-red-green-1979,0
ccstytr,000000546475__Post_Impressionism__vincent-van-gogh_restaurant-de-la-sirene-at-asnieres-1887,000000546475,Post_Impressionism__vincent-van-gogh_restaurant-de-la-sirene-at-asnieres-1887,0
ccstytr,000000546475__Realism__vincent-van-gogh_cottage-with-peasant-coming-home-1885(1),000000546475,Realism__vincent-van-gogh_cottage-with-peasant-coming-home-1885(1),0
ccstytr,000000546475__Rococo__dmitry-levitzky_portrait-of-baron-a-n-stroganoff,000000546475,Rococo__dmitry-levitzky_portrait-of-baron-a-n-stroganoff,0
ccstytr,000000546475__Romanticism__gustave-dore_paradise-lost-4,000000546475,Romanticism__gustave-dore_paradise-lost-4,0
ccstytr,000000546475__Symbolism__nicholas-roerich_language-of-forest-1922,000000546475,Symbolism__nicholas-roerich_language-of-forest-1922,0
ccstytr,000000546475__Ukiyo_e__kitagawa-utamaro_not_detected_233134,000000546475,Ukiyo_e__kitagawa-utamaro_not_detected_233134,0
ccstytr,000000560178__Abstract_Expressionism__paul-jenkins_not_detected_235703,000000560178,Abstract_Expressionism__paul-jenkins_not_detected_235703,0
ccstytr,000000560178__Art_Nouveau_Modern__nicholas-roerich_oze-1914,000000560178,Art_Nouveau_Modern__nicholas-roerich_oze-1914,0
ccstytr,000000560178__Baroque__rembrandt_portrait-of-nicolas-van-bambeeck-1641,000000560178,Baroque__rembrandt_portrait-of-nicolas-van-bambeeck-1641,0
ccstytr,000000560178__Color_Field_Painting__leon-berkowitz_dark-light-rose-gold-1978,000000560178,Color_Field_Painting__leon-berkowitz_dark-light-rose-gold-1978,0
ccstytr,000000560178__Cubism__salvador-dali_cubist-composition-portrait-of-a-seated-person-holding-a-letter,000000560178,Cubism__salvador-dali_cubist-composition-portrait-of-a-seated-person-holding-a-letter,0
ccstytr,000000560178__Early_Renaissance__pietro-perugino_st-jerome-who-attends-two-unfairly-hanged-1473,000000560178,Early_Renaissance__pietro-perugino_st-jerome-who-attends-two-unfairly-hanged-1473,0
ccstytr,000000560178__Expressionism__amedeo-modigliani_germaine-survage-with-earrings-1918,000000560178,Expressionism__amedeo-modigliani_germaine-survage-with-earrings-1918,0
ccstytr,000000560178__High_Renaissance__raphael_madonna-and-child-enthroned-with-saints-1505,000000560178,High_Renaissance__raphael_madonna-and-child-enthroned-with-saints-1505,0
ccstytr,000000560178__Impressionism__pierre-auguste-renoir_leaving-the-bath-1890,000000560178,Impressionism__pierre-auguste-renoir_leaving-the-bath-1890,1
ccstytr,000000560178__Mannerism_Late_Renaissance__tintoretto_st-mark-rescuing-a-saracen-from-shipwreck-1566,000000560178,Mannerism_Late_Renaissance__tintoretto_st-mark-rescuing-a-saracen-from-shipwreck-1566,0
ccstytr,000000560178__Minimalism__mario-schifano_untitled-1963,000000560178,Minimalism__mario-schifano_untitled-1963,0
ccstytr,000000560178__Naive_Art_Primitivism__marc-chagall_the-young-samuel-the-priest-s-servant-heard-that-he-is-called-by-god-eli-and-he-were-sleeping,000000560178,Naive_Art_Primitivism__marc-chagall_the-young-samuel-the-priest-s-servant-heard-that-he-is-called-by-god-eli-and-he-were-sleeping,0
ccstytr,000000560178__Northern_Renaissance__albrecht-durer_lamentation-over-christ-1507,000000560178,Northern_Renaissance__albrecht-durer_lamentation-over-christ-1507,0
ccstytr,000000560178__Pop_Art__peter-max_composition-red-green-1979,000000560178,Pop_Art__peter-max_composition-red-green-1979,0
ccstytr,000000560178__Post_Impressionism__vincent-van-gogh_restaurant-de-la-sirene-at-asnieres-1887,000000560178,Post_Impressionism__vincent-van-gogh_restaurant-de-la-sirene-at-asnieres-1887,1
ccstytr,000000560178__Realism__vincent-van-gogh_cottage-with-peasant-coming-home-1885(1),000000560178,Realism__vincent-van-gogh_cottage-with-peasant-coming-home-1885(1),0
ccstytr,000000560178__Rococo__dmitry-levitzky_portrait-of-baron-a-n-stroganoff,000000560178,Rococo__dmitry-levitzky_portrait-of-baron-a-n-stroganoff,0
ccstytr,000000560178__Romanticism__gustave-dore_paradise-lost-4,000000560178,Romanticism__gustave-dore_paradise-lost-4,0
ccstytr,000000560178__Symbolism__nicholas-roerich_language-of-forest-1922,000000560178,Symbolism__nicholas-roerich_language-of-forest-1922,0
ccstytr,000000560178__Ukiyo_e__kitagawa-utamaro_not_detected_233134,000000560178,Ukiyo_e__kitagawa-utamaro_not_detected_233134,0
ccstytr,000000572517__Abstract_Expressionism__paul-jenkins_not_detected_235703,000000572517,Abstract_Expressionism__paul-jenkins_not_detected_235703,0
ccstytr,000000572517__Art_Nouveau_Modern__nicholas-roerich_oze-1914,000000572517,Art_Nouveau_Modern__nicholas-roerich_oze-1914,0
ccstytr,000000572517__Baroque__rembrandt_portrait-of-nicolas-van-bambeeck-1641,000000572517,Baroque__rembrandt_portrait-of-nicolas-van-bambeeck-1641,0
ccstytr,000000572517__Color_Field_Painting__leon-berkowitz_dark-light-rose-gold-1978,000000572517,Color_Field_Painting__leon-berkowitz_dark-light-rose-gold-1978,0
ccstytr,000000572517__Cubism__salvador-dali_cubist-composition-portrait-of-a-seated-person-holding-a-letter,000000572517,Cubism__salvador-dali_cubist-composition-portrait-of-a-seated-person-holding-a-letter,0
ccstytr,000000572517__Early_Renaissance__pietro-perugino_st-jerome-who-attends-two-unfairly-hanged-1473,000000572517,Early_Renaissance__pietro-perugino_st-jerome-who-attends-two-unfairly-hanged-1473,0
ccstytr,000000572517__Expressionism__amedeo-modigliani_germaine-survage-with-earrings-1918,000000572517,Expressionism__amedeo-modigliani_germaine-survage-with-earrings-1918,0
ccstytr,000000572517__High_Renaissance__raphael_madonna-and-child-enthroned-with-saints-1505,000000572517,High_Renaissance__raphael_madonna-and-child-enthroned-with-saints-1505,0
ccstytr,000000572517__Impressionism__pierre-auguste-renoir_leaving-the-bath-1890,000000572517,Impressionism__pierre-auguste-renoir_leaving-the-bath-1890,1
ccstytr,000000572517__Mannerism_Late_Renaissance__tintoretto_st-mark-rescuing-a-saracen-from-shipwreck-1566,000000572517,Mannerism_Late_Renaissance__tintoretto_st-mark-rescuing-a-saracen-from-shipwreck-1566,0
ccstytr,000000572517__Minimalism__mario-schifano_untitled-1963,000000572517,Minimalism__mario-schifano_untitled-1963,0
ccstytr,000000572517__Naive_Art_Primitivism__marc-chagall_the-young-samuel-the-priest-s-servant-heard-that-he-is-called-by-god-eli-and-he-were-sleeping,000000572517,Naive_Art_Primitivism__marc-chagall_the-young-samuel-the-priest-s-servant-heard-that-he-is-called-by-god-eli-and-he-were-sleeping,0
ccstytr,000000572517__Northern_Renaissance__albrecht-durer_lamentation-over-christ-1507,000000572517,Northern_Renaissance__albrecht-durer_lamentation-over-christ-1507,0
ccstytr,000000572517__Pop_Art__peter-max_composition-red-green-1979,000000572517,Pop_Art__peter-max_composition-red-green-1979,0
ccstytr,000000572517__Post_Impressionism__vincent-van-gogh_restaurant-de-la-sirene-at-asnieres-1887,000000572517,Post_Impressionism__vincent-van-gogh_restaurant-de-la-sirene-at-asnieres-1887,0
ccstytr,000000572517__Realism__vincent-van-gogh_cottage-with-peasant-coming-home-1885(1),000000572517,Realism__vincent-van-gogh_cottage-with-peasant-coming-home-1885(1),0
ccstytr,000000572517__Rococo__dmitry-levitzky_portrait-of-baron-a-n-stroganoff,000000572517,Rococo__dmitry-levitzky_portrait-of-baron-a-n-stroganoff,0
ccstytr,000000572517__Romanticism__gustave-dore_paradise-lost-4,000000572517,Romanticism__gustave-dore_paradise-lost-4,0
ccstytr,000000572517__Symbolism__nicholas-roerich_language-of-forest-1922,000000572517,Symbolism__nicholas-roerich_language-of-forest-1922,0
ccstytr,000000572517__Ukiyo_e__kitagawa-utamaro_not_detected_233134,000000572517,Ukiyo_e__kitagawa-utamaro_not_detected_233134,0
stytr2,000000001818__Abstract_Expressionism__paul-jenkins_not_detected_235703,000000001818,Abstract_Expressionism__paul-jenkins_not_detected_235703,0
stytr2,000000001818__Art_Nouveau_Modern__nicholas-roerich_oze-1914,000000001818,Art_Nouveau_Modern__nicholas-roerich_oze-1914,0
stytr2,000000001818__Baroque__rembrandt_portrait-of-nicolas-van-bambeeck-1641,000000001818,Baroque__rembrandt_portrait-of-nicolas-van-bambeeck-1641,0
stytr2,000000001818__Color_Field_Painting__leon-berkowitz_dark-light-rose-gold-1978,000000001818,Color_Field_Painting__leon-berkowitz_dark-light-rose-gold-1978,0
stytr2,000000001818__Cubism__salvador-dali_cubist-composition-portrait-of-a-seated-person-holding-a-letter,000000001818,Cubism__salvador-dali_cubist-composition-portrait-of-a-seated-person-holding-a-letter,0
stytr2,000000001818__Early_Renaissance__pietro-perugino_st-jerome-who-attends-two-unfairly-hanged-1473,000000001818,Early_Renaissance__pietro-perugino_st-jerome-who-attends-two-unfairly-hanged-1473,0
stytr2,000000001818__Expressionism__amedeo-modigliani_germaine-survage-with-earrings-1918,000000001818,Expressionism__amedeo-modigliani_germaine-survage-with-earrings-1918,0
stytr2,000000001818__High_Renaissance__raphael_madonna-and-child-enthroned-with-saints-1505,000000001818,High_Renaissance__raphael_madonna-and-child-enthroned-with-saints-1505,0
stytr2,000000001818__Impressionism__pierre-auguste-renoir_leaving-the-bath-1890,000000001818,Impressionism__pierre-auguste-renoir_leaving-the-bath-1890,0
stytr2,000000001818__Mannerism_Late_Renaissance__tintoretto_st-mark-rescuing-a-saracen-from-shipwreck-1566,000000001818,Mannerism_Late_Renaissance__tintoretto_st-mark-rescuing-a-saracen-from-shipwreck-1566,0
stytr2,000000001818__Minimalism__mario-schifano_untitled-1963,000000001818,Minimalism__mario-schifano_untitled-1963,0
stytr2,000000001818__Naive_Art_Primitivism__marc-chagall_the-young-samuel-the-priest-s-servant-heard-that-he-is-called-by-god-eli-and-he-were-sleeping,000000001818,Naive_Art_Primitivism__marc-chagall_the-young-samuel-the-priest-s-servant-heard-that-he-is-called-by-god-eli-and-he-were-sleeping,1
stytr2,000000001818__Northern_Renaissance__albrecht-durer_lamentation-over-christ-1507,000000001818,Northern_Renaissance__albrecht-durer_lamentation-over-christ-1507,0
stytr2,000000001818__Pop_Art__peter-max_composition-red-green-1979,000000001818,Pop_Art__peter-max_composition-red-green-1979,0
stytr2,000000001818__Post_Impressionism__vincent-van-gogh_restaurant-de-la-sirene-at-asnieres-1887,000000001818,Post_Impressionism__vincent-van-gogh_restaurant-de-la-sirene-at-asnieres-1887,1
stytr2,000000001818__Realism__vincent-van-gogh_cottage-with-peasant-coming-home-1885(1),000000001818,Realism__vincent-van-gogh_cottage-with-peasant-coming-home-1885(1),1
stytr2,000000001818__Rococo__dmitry-levitzky_portrait-of-baron-a-n-stroganoff,000000001818,Rococo__dmitry-levitzky_portrait-of-baron-a-n-stroganoff,0
stytr2,000000001818__Romanticism__gustave-dore_paradise-lost-4,000000001818,Romanticism__gustave-dore_paradise-lost-4,0
stytr2,000000001818__Symbolism__nicholas-roerich_language-of-forest-1922,000000001818,Symbolism__nicholas-roerich_language-of-forest-1922,0
stytr2,000000001818__Ukiyo_e__kitagawa-utamaro_not_detected_233134,000000001818,Ukiyo_e__kitagawa-utamaro_not_detected_233134,0
stytr2,000000009448__Abstract_Expressionism__paul-jenkins_not_detected_235703,000000009448,Abstract_Expressionism__paul-jenkins_not_detected_235703,0
stytr2,000000009448__Art_Nouveau_Modern__nicholas-roerich_oze-1914,000000009448,Art_Nouveau_Modern__nicholas-roerich_oze-1914,0
stytr2,000000009448__Baroque__rembrandt_portrait-of-nicolas-van-bambeeck-1641,000000009448,Baroque__rembrandt_portrait-of-nicolas-van-bambeeck-1641,0
stytr2,000000009448__Color_Field_Painting__leon-berkowitz_dark-light-rose-gold-1978,000000009448,Color_Field_Painting__leon-berkowitz_dark-light-rose-gold-1978,1
stytr2,000000009448__Cubism__salvador-dali_cubist-composition-portrait-of-a-seated-person-holding-a-letter,000000009448,Cubism__salvador-dali_cubist-composition-portrait-of-a-seated-person-holding-a-letter,0
stytr2,000000009448__Early_Renaissance__pietro-perugino_st-jerome-who-attends-two-unfairly-hanged-1473,000000009448,Early_Renaissance__pietro-perugino_st-jerome-who-attends-two-unfairly-hanged-1473,0
stytr2,000000009448__Expressionism__amedeo-modigliani_germaine-survage-with-earrings-1918,000000009448,Expressionism__amedeo-modigliani_germaine-survage-with-earrings-1918,0
stytr2,000000009448__High_Renaissance__raphael_madonna-and-child-enthroned-with-saints-1505,000000009448,High_Renaissance__raphael_madonna-and-child-enthroned-with-saints-1505,0
stytr2,000000009448__Impressionism__pierre-auguste-renoir_leaving-the-bath-1890,000000009448,Impressionism__pierre-auguste-renoir_leaving-the-bath-1890,1
stytr2,000000009448__Mannerism_Late_Renaissance__tintoretto_st-mark-rescuing-a-saracen-from-shipwreck-1566,000000009448,Mannerism_Late_Renaissance__tintoretto_st-mark-rescuing-a-saracen-from-shipwreck-1566,0
stytr2,000000009448__Minimalism__mario-schifano_untitled-1963,000000009448,Minimalism__mario-schifano_untitled-1963,0
stytr2,000000009448__Naive_Art_Primitivism__marc-chagall_the-young-samuel-the-priest-s-servant-heard-that-he-is-called-by-god-eli-and-he-were-sleeping,000000009448,Naive_Art_Primitivism__marc-chagall_the-young-samuel-the-priest-s-servant-heard-that-he-is-called-by-god-eli-and-he-were-sleeping,0
stytr2,000000009448__Northern_Renaissance__albrecht-durer_lamentation-over-christ-1507,000000009448,Northern_Renaissance__albrecht-durer_lamentation-over-christ-1507,1
stytr2,000000009448__Pop_Art__peter-max_composition-red-green-1979,000000009448,Pop_Art__peter-max_composition-red-green-1979,0
stytr2,000000009448__Post_Impressionism__vincent-van-gogh_restaurant-de-la-sirene-at-asnieres-1887,000000009448,Post_Impressionism__vincent-van-gogh_restaurant-de-la-sirene-at-asnieres-1887,0
stytr2,000000009448__Realism__vincent-van-gogh_cottage-with-peasant-coming-home-1885(1),000000009448,Realism__vincent-van-gogh_cottage-with-peasant-coming-home-1885(1),0
stytr2,000000009448__Rococo__dmitry-levitzky_portrait-of-baron-a-n-stroganoff,000000009448,Rococo__dmitry-levitzky_portrait-of-baron-a-n-stroganoff,0
stytr2,000000009448__Romanticism__gustave-dore_paradise-lost-4,000000009448,Romanticism__gustave-dore_paradise-lost-4,0
stytr2,000000009448__Symbolism__nicholas-roerich_language-of-forest-1922,000000009448,Symbolism__nicholas-roerich_language-of-forest-1922,1
stytr2,000000009448__Ukiyo_e__kitagawa-utamaro_not_detected_233134,000000009448,Ukiyo_e__kitagawa-utamaro_not_detected_233134,0
stytr2,000000072795__Abstract_Expressionism__paul-jenkins_not_detected_235703,000000072795,Abstract_Expressionism__paul-jenkins_not_detected_235703,0
stytr2,000000072795__Art_Nouveau_Modern__nicholas-roerich_oze-1914,000000072795,Art_Nouveau_Modern__nicholas-roerich_oze-1914,0
stytr2,000000072795__Baroque__rembrandt_portrait-of-nicolas-van-bambeeck-1641,000000072795,Baroque__rembrandt_portrait-of-nicolas-van-bambeeck-1641,0
stytr2,000000072795__Color_Field_Painting__leon-berkowitz_dark-light-rose-gold-1978,000000072795,Color_Field_Painting__leon-berkowitz_dark-light-rose-gold-1978,1
stytr2,000000072795__Cubism__salvador-dali_cubist-composition-portrait-of-a-seated-person-holding-a-letter,000000072795,Cubism__salvador-dali_cubist-composition-portrait-of-a-seated-person-holding-a-letter,0
stytr2,000000072795__Early_Renaissance__pietro-perugino_st-jerome-who-attends-two-unfairly-hanged-1473,000000072795,Early_Renaissance__pietro-perugino_st-jerome-who-attends-two-unfairly-hanged-1473,0
stytr2,000000072795__Expressionism__amedeo-modigliani_germaine-survage-with-earrings-1918,000000072795,Expressionism__amedeo-modigliani_germaine-survage-with-earrings-1918,0
stytr2,000000072795__High_Renaissance__raphael_madonna-and-child-enthroned-with-saints-1505,000000072795,High_Renaissance__raphael_madonna-and-child-enthroned-with-saints-1505,0
stytr2,000000072795__Impressionism__pierre-auguste-renoir_leaving-the-bath-1890,000000072795,Impressionism__pierre-auguste-renoir_leaving-the-bath-1890,1
stytr2,000000072795__Mannerism_Late_Renaissance__tintoretto_st-mark-rescuing-a-saracen-from-shipwreck-1566,000000072795,Mannerism_Late_Renaissance__tintoretto_st-mark-rescuing-a-saracen-from-shipwreck-1566,0
stytr2,000000072795__Minimalism__mario-schifano_untitled-1963,000000072795,Minimalism__mario-schifano_untitled-1963,0
stytr2,000000072795__Naive_Art_Primitivism__marc-chagall_the-young-samuel-the-priest-s-servant-heard-that-he-is-called-by-god-eli-and-he-were-sleeping,000000072795,Naive_Art_Primitivism__marc-chagall_the-young-samuel-the-priest-s-servant-heard-that-he-is-called-by-god-eli-and-he-were-sleeping,0
stytr2,000000072795__Northern_Renaissance__albrecht-durer_lamentation-over-christ-1507,000000072795,Northern_Renaissance__albrecht-durer_lamentation-over-christ-1507,1
stytr2,000000072795__Pop_Art__peter-max_composition-red-green-1979,000000072795,Pop_Art__peter-max_composition-red-green-1979,1
stytr2,000000072795__Post_Impressionism__vincent-van-gogh_restaurant-de-la-sirene-at-asnieres-1887,000000072795,Post_Impressionism__vincent-van-gogh_restaurant-de-la-sirene-at-asnieres-1887,0
stytr2,000000072795__Realism__vincent-van-gogh_cottage-with-peasant-coming-home-1885(1),000000072795,Realism__vincent-van-gogh_cottage-with-peasant-coming-home-1885(1),0
stytr2,000000072795__Rococo__dmitry-levitzky_portrait-of-baron-a-n-stroganoff,000000072795,Rococo__dmitry-levitzky_portrait-of-baron-a-n-stroganoff,0
stytr2,000000072795__Romanticism__gustave-dore_paradise-lost-4,000000072795,Romanticism__gustave-dore_paradise-lost-4,0
stytr2,000000072795__Symbolism__nicholas-roerich_language-of-forest-1922,000000072795,Symbolism__nicholas-roerich_language-of-forest-1922,0
stytr2,000000072795__Ukiyo_e__kitagawa-utamaro_not_detected_233134,000000072795,Ukiyo_e__kitagawa-utamaro_not_detected_233134,0
stytr2,000000078420__Abstract_Expressionism__paul-jenkins_not_detected_235703,000000078420,Abstract_Expressionism__paul-jenkins_not_detected_235703,0
stytr2,000000078420__Art_Nouveau_Modern__nicholas-roerich_oze-1914,000000078420,Art_Nouveau_Modern__nicholas-roerich_oze-1914,0
stytr2,000000078420__Baroque__rembrandt_portrait-of-nicolas-van-bambeeck-1641,000000078420,Baroque__rembrandt_portrait-of-nicolas-van-bambeeck-1641,0
stytr2,000000078420__Color_Field_Painting__leon-berkowitz_dark-light-rose-gold-1978,000000078420,Color_Field_Painting__leon-berkowitz_dark-light-rose-gold-1978,1
stytr2,000000078420__Cubism__salvador-dali_cubist-composition-portrait-of-a-seated-person-holding-a-letter,000000078420,Cubism__salvador-dali_cubist-composition-portrait-of-a-seated-person-holding-a-letter,0
stytr2,000000078420__Early_Renaissance__pietro-perugino_st-jerome-who-attends-two-unfairly-hanged-1473,000000078420,Early_Renaissance__pietro-perugino_st-jerome-who-attends-two-unfairly-hanged-1473,0
stytr2,000000078420__Expressionism__amedeo-modigliani_germaine-survage-with-earrings-1918,000000078420,Expressionism__amedeo-modigliani_germaine-survage-with-earrings-1918,0
stytr2,000000078420__High_Renaissance__raphael_madonna-and-child-enthroned-with-saints-1505,000000078420,High_Renaissance__raphael_madonna-and-child-enthroned-with-saints-1505,0
stytr2,000000078420__Impressionism__pierre-auguste-renoir_leaving-the-bath-1890,000000078420,Impressionism__pierre-auguste-renoir_leaving-the-bath-1890,0
stytr2,000000078420__Mannerism_Late_Renaissance__tintoretto_st-mark-rescuing-a-saracen-from-shipwreck-1566,000000078420,Mannerism_Late_Renaissance__tintoretto_st-mark-rescuing-a-saracen-from-shipwreck-1566,0
stytr2,000000078420__Minimalism__mario-schifano_untitled-1963,000000078420,Minimalism__mario-schifano_untitled-1963,0
stytr2,000000078420__Naive_Art_Primitivism__marc-chagall_the-young-samuel-the-priest-s-servant-heard-that-he-is-called-by-god-eli-and-he-were-sleeping,000000078420,Naive_Art_Primitivism__marc-chagall_the-young-samuel-the-priest-s-servant-heard-that-he-is-called-by-god-eli-and-he-were-sleeping,0
stytr2,000000078420__Northern_Renaissance__albrecht-durer_lamentation-over-christ-1507,000000078420,Northern_Renaissance__albrecht-durer_lamentation-over-christ-1507,0
stytr2,000000078420__Pop_Art__peter-max_composition-red-green-1979,000000078420,Pop_Art__peter-max_composition-red-green-1979,1
stytr2,000000078420__Post_Impressionism__vincent-van-gogh_restaurant-de-la-sirene-at-asnieres-1887,000000078420,Post_Impressionism__vincent-van-gogh_restaurant-de-la-sirene-at-asnieres-1887,0
stytr2,000000078420__Realism__vincent-van-gogh_cottage-with-peasant-coming-home-1885(1),000000078420,Realism__vincent-van-gogh_cottage-with-peasant-coming-home-1885(1),0
stytr2,000000078420__Rococo__dmitry-levitzky_portrait-of-baron-a-n-stroganoff,000000078420,Rococo__dmitry-levitzky_portrait-of-baron-a-n-stroganoff,0
stytr2,000000078420__Romanticism__gustave-dore_paradise-lost-4,000000078420,Romanticism__gustave-dore_paradise-lost-4,0
stytr2,000000078420__Symbolism__nicholas-roerich_language-of-forest-1922,000000078420,Symbolism__nicholas-roerich_language-of-forest-1922,0
stytr2,000000078420__Ukiyo_e__kitagawa-utamaro_not_detected_233134,000000078420,Ukiyo_e__kitagawa-utamaro_not_detected_233134,0
stytr2,000000085682__Abstract_Expressionism__paul-jenkins_not_detected_235703,000000085682,Abstract_Expressionism__paul-jenkins_not_detected_235703,0
stytr2,000000085682__Art_Nouveau_Modern__nicholas-roerich_oze-1914,000000085682,Art_Nouveau_Modern__nicholas-roerich_oze-1914,0
stytr2,000000085682__Baroque__rembrandt_portrait-of-nicolas-van-bambeeck-1641,000000085682,Baroque__rembrandt_portrait-of-nicolas-van-bambeeck-1641,0
stytr2,000000085682__Color_Field_Painting__leon-berkowitz_dark-light-rose-gold-1978,000000085682,Color_Field_Painting__leon-berkowitz_dark-light-rose-gold-1978,1
stytr2,000000085682__Cubism__salvador-dali_cubist-composition-portrait-of-a-seated-person-holding-a-letter,000000085682,Cubism__salvador-dali_cubist-composition-portrait-of-a-seated-person-holding-a-letter,0
stytr2,000000085682__Early_Renaissance__pietro-perugino_st-jerome-who-attends-two-unfairly-hanged-1473,000000085682,Early_Renaissance__pietro-perugino_st-jerome-who-attends-two-unfairly-hanged-1473,0
stytr2,000000085682__Expressionism__amedeo-modigliani_germaine-survage-with-earrings-1918,000000085682,Expressionism__amedeo-modigliani_germaine-survage-with-earrings-1918,0
stytr2,000000085682__High_Renaissance__raphael_madonna-and-child-enthroned-with-saints-1505,000000085682,High_Renaissance__raphael_madonna-and-child-enthroned-with-saints-1505,0
stytr2,000000085682__Impressionism__pierre-auguste-renoir_leaving-the-bath-1890,000000085682,Impressionism__pierre-auguste-renoir_leaving-the-bath-1890,0
stytr2,000000085682__Mannerism_Late_Renaissance__tintoretto_st-mark-rescuing-a-saracen-from-shipwreck-1566,000000085682,Mannerism_Late_Renaissance__tintoretto_st-mark-rescuing-a-saracen-from-shipwreck-1566,0
stytr2,000000085682__Minimalism__mario-schifano_untitled-1963,000000085682,Minimalism__mario-schifano_untitled-1963,0
stytr2,000000085682__Naive_Art_Primitivism__marc-chagall_the-young-samuel-the-priest-s-servant-heard-that-he-is-called-by-god-eli-and-he-were-sleeping,000000085682,Naive_Art_Primitivism__marc-chagall_the-young-samuel-the-priest-s-servant-heard-that-he-is-called-by-god-eli-and-he-were-sleeping,0
stytr2,000000085682__Northern_Renaissance__albrecht-durer_lamentation-over-christ-1507,000000085682,Northern_Renaissance__albrecht-durer_lamentation-over-christ-1507,1
stytr2,000000085682__Pop_Art__peter-max_composition-red-green-1979,000000085682,Pop_Art__peter-max_composition-red-green-1979,0
stytr2,000000085682__Post_Impressionism__vincent-van-gogh_restaurant-de-la-sirene-at-asnieres-1887,000000085682,Post_Impressionism__vincent-van-gogh_restaurant-de-la-sirene-at-asnieres-1887,0
stytr2,000000085682__Realism__vincent-van-gogh_cottage-with-peasant-coming-home-1885(1),000000085682,Realism__vincent-van-gogh_cottage-with-peasant-coming-home-1885(1),1
stytr2,000000085682__Rococo__dmitry-levitzky_portrait-of-baron-a-n-stroganoff,000000085682,Rococo__dmitry-levitzky_portrait-of-baron-a-n-stroganoff,0
stytr2,000000085682__Romanticism__gustave-dore_paradise-lost-4,000000085682,Romanticism__gustave-dore_paradise-lost-4,1
stytr2,000000085682__Symbolism__nicholas-roerich_language-of-forest-1922,000000085682,Symbolism__nicholas-roerich_language-of-forest-1922,0
stytr2,000000085682__Ukiyo_e__kitagawa-utamaro_not_detected_233134,000000085682,Ukiyo_e__kitagawa-utamaro_not_detected_233134,0
stytr2,000000094157__Abstract_Expressionism__paul-jenkins_not_detected_235703,000000094157,Abstract_Expressionism__paul-jenkins_not_detected_235703,0
stytr2,000000094157__Art_Nouveau_Modern__nicholas-roerich_oze-1914,000000094157,Art_Nouveau_Modern__nicholas-roerich_oze-1914,0
stytr2,000000094157__Baroque__rembrandt_portrait-of-nicolas-van-bambeeck-1641,000000094157,Baroque__rembrandt_portrait-of-nicolas-van-bambeeck-1641,0
stytr2,000000094157__Color_Field_Painting__leon-berkowitz_dark-light-rose-gold-1978,000000094157,Color_Field_Painting__leon-berkowitz_dark-light-rose-gold-1978,0
stytr2,000000094157__Cubism__salvador-dali_cubist-composition-portrait-of-a-seated-person-holding-a-letter,000000094157,Cubism__salvador-dali_cubist-composition-portrait-of-a-seated-person-holding-a-letter,0
stytr2,000000094157__Early_Renaissance__pietro-perugino_st-jerome-who-attends-two-unfairly-hanged-1473,000000094157,Early_Renaissance__pietro-perugino_st-jerome-who-attends-two-unfairly-hanged-1473,0
stytr2,000000094157__Expressionism__amedeo-modigliani_germaine-survage-with-earrings-1918,000000094157,Expressionism__amedeo-modigliani_germaine-survage-with-earrings-1918,0
stytr2,000000094157__High_Renaissance__raphael_madonna-and-child-enthroned-with-saints-1505,000000094157,High_Renaissance__raphael_madonna-and-child-enthroned-with-saints-1505,0
stytr2,000000094157__Impressionism__pierre-auguste-renoir_leaving-the-bath-1890,000000094157,Impressionism__pierre-auguste-renoir_leaving-the-bath-1890,0
stytr2,000000094157__Mannerism_Late_Renaissance__tintoretto_st-mark-rescuing-a-saracen-from-shipwreck-1566,000000094157,Mannerism_Late_Renaissance__tintoretto_st-mark-rescuing-a-saracen-from-shipwreck-1566,0
stytr2,000000094157__Minimalism__mario-schifano_untitled-1963,000000094157,Minimalism__mario-schifano_untitled-1963,0
stytr2,000000094157__Naive_Art_Primitivism__marc-chagall_the-young-samuel-the-priest-s-servant-heard-that-he-is-called-by-god-eli-and-he-were-sleeping,000000094157,Naive_Art_Primitivism__marc-chagall_the-young-samuel-the-priest-s-servant-heard-that-he-is-called-by-god-eli-and-he-were-sleeping,0
stytr2,000000094157__Northern_Renaissance__albrecht-durer_lamentation-over-christ-1507,000000094157,Northern_Renaissance__albrecht-durer_lamentation-over-christ-1507,1
stytr2,000000094157__Pop_Art__peter-max_composition-red-green-1979,000000094157,Pop_Art__peter-max_composition-red-green-1979,0
stytr2,000000094157__Post_Impressionism__vincent-van-gogh_restaurant-de-la-sirene-at-asnieres-1887,000000094157,Post_Impressionism__vincent-van-gogh_restaurant-de-la-sirene-at-asnieres-1887,0
stytr2,000000094157__Realism__vincent-van-gogh_cottage-with-peasant-coming-home-1885(1),000000094157,Realism__vincent-van-gogh_cottage-with-peasant-coming-home-1885(1),0
stytr2,000000094157__Rococo__dmitry-levitzky_portrait-of-baron-a-n-stroganoff,000000094157,Rococo__dmitry-levitzky_portrait-of-baron-a-n-stroganoff,0
stytr2,000000094157__Romanticism__gustave-dore_paradise-lost-4,000000094157,Romanticism__gustave-dore_paradise-lost-4,1
stytr2,000000094157__Symbolism__nicholas-roerich_language-of-forest-1922,000000094157,Symbolism__nicholas-roerich_language-of-forest-1922,0
stytr2,000000094157__Ukiyo_e__kitagawa-utamaro_not_detected_233134,000000094157,Ukiyo_e__kitagawa-utamaro_not_detected_233134,0
stytr2,000000098633__Abstract_Expressionism__paul-jenkins_not_detected_235703,000000098633,Abstract_Expressionism__paul-jenkins_not_detected_235703,0
stytr2,000000098633__Art_Nouveau_Modern__nicholas-roerich_oze-1914,000000098633,Art_Nouveau_Modern__nicholas-roerich_oze-1914,0
stytr2,000000098633__Baroque__rembrandt_portrait-of-nicolas-van-bambeeck-1641,000000098633,Baroque__rembrandt_portrait-of-nicolas-van-bambeeck-1641,0
stytr2,000000098633__Color_Field_Painting__leon-berkowitz_dark-light-rose-gold-1978,000000098633,Color_Field_Painting__leon-berkowitz_dark-light-rose-gold-1978,1
stytr2,000000098633__Cubism__salvador-dali_cubist-composition-portrait-of-a-seated-person-holding-a-letter,000000098633,Cubism__salvador-dali_cubist-composition-portrait-of-a-seated-person-holding-a-letter,0
stytr2,000000098633__Early_Renaissance__pietro-perugino_st-jerome-who-attends-two-unfairly-hanged-1473,000000098633,Early_Renaissance__pietro-perugino_st-jerome-who-attends-two-unfairly-hanged-1473,0
stytr2,000000098633__Expressionism__amedeo-modigliani_germaine-survage-with-earrings-1918,000000098633,Expressionism__amedeo-modigliani_germaine-survage-with-earrings-1918,0
stytr2,000000098633__High_Renaissance__raphael_madonna-and-child-enthroned-with-saints-1505,000000098633,High_Renaissance__raphael_madonna-and-child-enthroned-with-saints-1505,0
stytr2,000000098633__Impressionism__pierre-auguste-renoir_leaving-the-bath-1890,000000098633,Impressionism__pierre-auguste-renoir_leaving-the-bath-1890,0
stytr2,000000098633__Mannerism_Late_Renaissance__tintoretto_st-mark-rescuing-a-saracen-from-shipwreck-1566,000000098633,Mannerism_Late_Renaissance__tintoretto_st-mark-rescuing-a-saracen-from-shipwreck-1566,0
stytr2,000000098633__Minimalism__mario-schifano_untitled-1963,000000098633,Minimalism__mario-schifano_untitled-1963,0
stytr2,000000098633__Naive_Art_Primitivism__marc-chagall_the-young-samuel-the-priest-s-servant-heard-that-he-is-called-by-god-eli-and-he-were-sleeping,000000098633,Naive_Art_Primitivism__marc-chagall_the-young-samuel-the-priest-s-servant-heard-that-he-is-called-by-god-eli-and-he-were-sleeping,0
stytr2,000000098633__Northern_Renaissance__albrecht-durer_lamentation-over-christ-1507,000000098633,Northern_Renaissance__albrecht-durer_lamentation-over-christ-1507,0
stytr2,000000098633__Pop_Art__peter-max_composition-red-green-1979,000000098633,Pop_Art__peter-max_composition-red-green-1979,0
stytr2,000000098633__Post_Impressionism__vincent-van-gogh_restaurant-de-la-sirene-at-asnieres-1887,000000098633,Post_Impressionism__vincent-van-gogh_restaurant-de-la-sirene-at-asnieres-1887,1
stytr2,000000098633__Realism__vincent-van-gogh_cottage-with-peasant-coming-home-1885(1),000000098633,Realism__vincent-van-gogh_cottage-with-peasant-coming-home-1885(1),0
stytr2,000000098633__Rococo__dmitry-levitzky_portrait-of-baron-a-n-stroganoff,000000098633,Rococo__dmitry-levitzky_portrait-of-baron-a-n-stroganoff,0
stytr2,000000098633__Romanticism__gustave-dore_paradise-lost-4,000000098633,Romanticism__gustave-dore_paradise-lost-4,0
stytr2,000000098633__Symbolism__nicholas-roerich_language-of-forest-1922,000000098633,Symbolism__nicholas-roerich_language-of-forest-1922,0
stytr2,000000098633__Ukiyo_e__kitagawa-utamaro_not_detected_233134,000000098633,Ukiyo_e__kitagawa-utamaro_not_detected_233134,0
stytr2,000000106912__Abstract_Expressionism__paul-jenkins_not_detected_235703,000000106912,Abstract_Expressionism__paul-jenkins_not_detected_235703,0
stytr2,000000106912__Art_Nouveau_Modern__nicholas-roerich_oze-1914,000000106912,Art_Nouveau_Modern__nicholas-roerich_oze-1914,0
stytr2,000000106912__Baroque__rembrandt_portrait-of-nicolas-van-bambeeck-1641,000000106912,Baroque__rembrandt_portrait-of-nicolas-van-bambeeck-1641,0
stytr2,000000106912__Color_Field_Painting__leon-berkowitz_dark-light-rose-gold-1978,000000106912,Color_Field_Painting__leon-berkowitz_dark-light-rose-gold-1978,0
stytr2,000000106912__Cubism__salvador-dali_cubist-composition-portrait-of-a-seated-person-holding-a-letter,000000106912,Cubism__salvador-dali_cubist-composition-portrait-of-a-seated-person-holding-a-letter,0
stytr2,000000106912__Early_Renaissance__pietro-perugino_st-jerome-who-attends-two-unfairly-hanged-1473,000000106912,Early_Renaissance__pietro-perugino_st-jerome-who-attends-two-unfairly-hanged-1473,0
stytr2,000000106912__Expressionism__amedeo-modigliani_germaine-survage-with-earrings-1918,000000106912,Expressionism__amedeo-modigliani_germaine-survage-with-earrings-1918,0
stytr2,000000106912__High_Renaissance__raphael_madonna-and-child-enthroned-with-saints-1505,000000106912,High_Renaissance__raphael_madonna-and-child-enthroned-with-saints-1505,0
stytr2,000000106912__Impressionism__pierre-auguste-renoir_leaving-the-bath-1890,000000106912,Impressionism__pierre-auguste-renoir_leaving-the-bath-1890,1
stytr2,000000106912__Mannerism_Late_Renaissance__tintoretto_st-mark-rescuing-a-saracen-from-shipwreck-1566,000000106912,Mannerism_Late_Renaissance__tintoretto_st-mark-rescuing-a-saracen-from-shipwreck-1566,0
stytr2,000000106912__Minimalism__mario-schifano_untitled-1963,000000106912,Minimalism__mario-schifano_untitled-1963,0
stytr2,000000106912__Naive_Art_Primitivism__marc-chagall_the-young-samuel-the-priest-s-servant-heard-that-he-is-called-by-god-eli-and-he-were-sleeping,000000106912,Naive_Art_Primitivism__marc-chagall_the-young-samuel-the-priest-s-servant-heard-that-he-is-called-by-god-eli-and-he-were-sleeping,0
stytr2,000000106912__Northern_Renaissance__albrecht-durer_lamentation-over-christ-1507,000000106912,Northern_Renaissance__albrecht-durer_lamentation-over-christ-1507,1
stytr2,000000106912__Pop_Art__peter-max_composition-red-green-1979,000000106912,Pop_Art__peter-max_composition-red-green-1979,0
stytr2,000000106912__Post_Impressionism__vincent-van-gogh_restaurant-de-la-sirene-at-asnieres-1887,000000106912,Post_Impressionism__vincent-van-gogh_restaurant-de-la-sirene-at-asnieres-1887,0
stytr2,000000106912__Realism__vincent-van-gogh_cottage-with-peasant-coming-home-1885(1),000000106912,Realism__vincent-van-gogh_cottage-with-peasant-coming-home-1885(1),1
stytr2,000000106912__Rococo__dmitry-levitzky_portrait-of-baron-a-n-stroganoff,000000106912,Rococo__dmitry-levitzky_portrait-of-baron-a-n-stroganoff,0
stytr2,000000106912__Romanticism__gustave-dore_paradise-lost-4,000000106912,Romanticism__gustave-dore_paradise-lost-4,1
stytr2,000000106912__Symbolism__nicholas-roerich_language-of-forest-1922,000000106912,Symbolism__nicholas-roerich_language-of-forest-1922,0
stytr2,000000106912__Ukiyo_e__kitagawa-utamaro_not_detected_233134,000000106912,Ukiyo_e__kitagawa-utamaro_not_detected_233134,0
stytr2,000000116208__Abstract_Expressionism__paul-jenkins_not_detected_235703,000000116208,Abstract_Expressionism__paul-jenkins_not_detected_235703,0
stytr2,000000116208__Art_Nouveau_Modern__nicholas-roerich_oze-1914,000000116208,Art_Nouveau_Modern__nicholas-roerich_oze-1914,0
stytr2,000000116208__Baroque__rembrandt_portrait-of-nicolas-van-bambeeck-1641,000000116208,Baroque__rembrandt_portrait-of-nicolas-van-bambeeck-1641,0
stytr2,000000116208__Color_Field_Painting__leon-berkowitz_dark-light-rose-gold-1978,000000116208,Color_Field_Painting__leon-berkowitz_dark-light-rose-gold-1978,0
stytr2,000000116208__Cubism__salvador-dali_cubist-composition-portrait-of-a-seated-person-holding-a-letter,000000116208,Cubism__salvador-dali_cubist-composition-portrait-of-a-seated-person-holding-a-letter,0
stytr2,000000116208__Early_Renaissance__pietro-perugino_st-jerome-who-attends-two-unfairly-hanged-1473,000000116208,Early_Renaissance__pietro-perugino_st-jerome-who-attends-two-unfairly-hanged-1473,0
stytr2,000000116208__Expressionism__amedeo-modigliani_germaine-survage-with-earrings-1918,000000116208,Expressionism__amedeo-modigliani_germaine-survage-with-earrings-1918,0
stytr2,000000116208__High_Renaissance__raphael_madonna-and-child-enthroned-with-saints-1505,000000116208,High_Renaissance__raphael_madonna-and-child-enthroned-with-saints-1505,0
stytr2,000000116208__Impressionism__pierre-auguste-renoir_leaving-the-bath-1890,000000116208,Impressionism__pierre-auguste-renoir_leaving-the-bath-1890,1
stytr2,000000116208__Mannerism_Late_Renaissance__tintoretto_st-mark-rescuing-a-saracen-from-shipwreck-1566,000000116208,Mannerism_Late_Renaissance__tintoretto_st-mark-rescuing-a-saracen-from-shipwreck-1566,0
stytr2,000000116208__Minimalism__mario-schifano_untitled-1963,000000116208,Minimalism__mario-schifano_untitled-1963,0
stytr2,000000116208__Naive_Art_Primitivism__marc-chagall_the-young-samuel-the-priest-s-servant-heard-that-he-is-called-by-god-eli-and-he-were-sleeping,000000116208,Naive_Art_Primitivism__marc-chagall_the-young-samuel-the-priest-s-servant-heard-that-he-is-called-by-god-eli-and-he-were-sleeping,1
stytr2,000000116208__Northern_Renaissance__albrecht-durer_lamentation-over-christ-1507,000000116208,Northern_Renaissance__albrecht-durer_lamentation-over-christ-1507,1
stytr2,000000116208__Pop_Art__peter-max_composition-red-green-1979,000000116208,Pop_Art__peter-max_composition-red-green-1979,0
stytr2,000000116208__Post_Impressionism__vincent-van-gogh_restaurant-de-la-sirene-at-asnieres-1887,000000116208,Post_Impressionism__vincent-van-gogh_restaurant-de-la-sirene-at-asnieres-1887,0
stytr2,000000116208__Realism__vincent-van-gogh_cottage-with-peasant-coming-home-1885(1),000000116208,Realism__vincent-van-gogh_cottage-with-peasant-coming-home-1885(1),0
stytr2,000000116208__Rococo__dmitry-levitzky_portrait-of-baron-a-n-stroganoff,000000116208,Rococo__dmitry-levitzky_portrait-of-baron-a-n-stroganoff,0
stytr2,000000116208__Romanticism__gustave-dore_paradise-lost-4,000000116208,Romanticism__gustave-dore_paradise-lost-4,0
stytr2,000000116208__Symbolism__nicholas-roerich_language-of-forest-1922,000000116208,Symbolism__nicholas-roerich_language-of-forest-1922,0
stytr2,000000116208__Ukiyo_e__kitagawa-utamaro_not_detected_233134,000000116208,Ukiyo_e__kitagawa-utamaro_not_detected_233134,0
stytr2,000000135872__Abstract_Expressionism__paul-jenkins_not_detected_235703,000000135872,Abstract_Expressionism__paul-jenkins_not_detected_235703,0
stytr2,000000135872__Art_Nouveau_Modern__nicholas-roerich_oze-1914,000000135872,Art_Nouveau_Modern__nicholas-roerich_oze-1914,0
stytr2,000000135872__Baroque__rembrandt_portrait-of-nicolas-van-bambeeck-1641,000000135872,Baroque__rembrandt_portrait-of-nicolas-van-bambeeck-1641,0
stytr2,000000135872__Color_Field_Painting__leon-berkowitz_dark-light-rose-gold-1978,000000135872,Color_Field_Painting__leon-berkowitz_dark-light-rose-gold-1978,0
stytr2,000000135872__Cubism__salvador-dali_cubist-composition-portrait-of-a-seated-person-holding-a-letter,000000135872,Cubism__salvador-dali_cubist-composition-portrait-of-a-seated-person-holding-a-letter,0
stytr2,000000135872__Early_Renaissance__pietro-perugino_st-jerome-who-attends-two-unfairly-hanged-1473,000000135872,Early_Renaissance__pietro-perugino_st-jerome-who-attends-two-unfairly-hanged-1473,0
stytr2,000000135872__Expressionism__amedeo-modigliani_germaine-survage-with-earrings-1918,000000135872,Expressionism__amedeo-modigliani_germaine-survage-with-earrings-1918,0
stytr2,000000135872__High_Renaissance__raphael_madonna-and-child-enthroned-with-saints-1505,000000135872,High_Renaissance__raphael_madonna-and-child-enthroned-with-saints-1505,0
stytr2,000000135872__Impressionism__pierre-auguste-renoir_leaving-the-bath-1890,000000135872,Impressionism__pierre-auguste-renoir_leaving-the-bath-1890,0
stytr2,000000135872__Mannerism_Late_Renaissance__tintoretto_st-mark-rescuing-a-saracen-from-shipwreck-1566,000000135872,Mannerism_Late_Renaissance__tintoretto_st-mark-rescuing-a-saracen-from-shipwreck-1566,0
stytr2,000000135872__Minimalism__mario-schifano_untitled-1963,000000135872,Minimalism__mario-schifano_untitled-1963,0
stytr2,000000135872__Naive_Art_Primitivism__marc-chagall_the-young-samuel-the-priest-s-servant-heard-that-he-is-called-by-god-eli-and-he-were-sleeping,000000135872,Naive_Art_Primitivism__marc-chagall_the-young-samuel-the-priest-s-servant-heard-that-he-is-called-by-god-eli-and-he-were-sleeping,1
stytr2,000000135872__Northern_Renaissance__albrecht-durer_lamentation-over-christ-1507,000000135872,Northern_Renaissance__albrecht-durer_lamentation-over-christ-1507,0
stytr2,000000135872__Pop_Art__peter-max_composition-red-green-1979,000000135872,Pop_Art__peter-max_composition-red-green-1979,1
stytr2,000000135872__Post_Impressionism__vincent-van-gogh_restaurant-de-la-sirene-at-asnieres-1887,000000135872,Post_Impressionism__vincent-van-gogh_restaurant-de-la-sirene-at-asnieres-1887,1
stytr2,000000135872__Realism__vincent-van-gogh_cottage-with-peasant-coming-home-1885(1),000000135872,Realism__vincent-van-gogh_cottage-with-peasant-coming-home-1885(1),0
stytr2,000000135872__Rococo__dmitry-levitzky_portrait-of-baron-a-n-stroganoff,000000135872,Rococo__dmitry-levitzky_portrait-of-baron-a-n-stroganoff,0
stytr2,000000135872__Romanticism__gustave-dore_paradise-lost-4,000000135872,Romanticism__gustave-dore_paradise-lost-4,0
stytr2,000000135872__Symbolism__nicholas-roerich_language-of-forest-1922,000000135872,Symbolism__nicholas-roerich_language-of-forest-1922,0
stytr2,000000135872__Ukiyo_e__kitagawa-utamaro_not_detected_233134,000000135872,Ukiyo_e__kitagawa-utamaro_not_detected_233134,0
stytr2,000000196442__Abstract_Expressionism__paul-jenkins_not_detected_235703,000000196442,Abstract_Expressionism__paul-jenkins_not_detected_235703,1
stytr2,000000196442__Art_Nouveau_Modern__nicholas-roerich_oze-1914,000000196442,Art_Nouveau_Modern__nicholas-roerich_oze-1914,0
stytr2,000000196442__Baroque__rembrandt_portrait-of-nicolas-van-bambeeck-1641,000000196442,Baroque__rembrandt_portrait-of-nicolas-van-bambeeck-1641,0
stytr2,000000196442__Color_Field_Painting__leon-berkowitz_dark-light-rose-gold-1978,000000196442,Color_Field_Painting__leon-berkowitz_dark-light-rose-gold-1978,1
stytr2,000000196442__Cubism__salvador-dali_cubist-composition-portrait-of-a-seated-person-holding-a-letter,000000196442,Cubism__salvador-dali_cubist-composition-portrait-of-a-seated-person-holding-a-letter,0
stytr2,000000196442__Early_Renaissance__pietro-perugino_st-jerome-who-attends-two-unfairly-hanged-1473,000000196442,Early_Renaissance__pietro-perugino_st-jerome-who-attends-two-unfairly-hanged-1473,0
stytr2,000000196442__Expressionism__amedeo-modigliani_germaine-survage-with-earrings-1918,000000196442,Expressionism__amedeo-modigliani_germaine-survage-with-earrings-1918,0
stytr2,000000196442__High_Renaissance__raphael_madonna-and-child-enthroned-with-saints-1505,000000196442,High_Renaissance__raphael_madonna-and-child-enthroned-with-saints-1505,0
stytr2,000000196442__Impressionism__pierre-auguste-renoir_leaving-the-bath-1890,000000196442,Impressionism__pierre-auguste-renoir_leaving-the-bath-1890,1
stytr2,000000196442__Mannerism_Late_Renaissance__tintoretto_st-mark-rescuing-a-saracen-from-shipwreck-1566,000000196442,Mannerism_Late_Renaissance__tintoretto_st-mark-rescuing-a-saracen-from-shipwreck-1566,0
stytr2,000000196442__Minimalism__mario-schifano_untitled-1963,000000196442,Minimalism__mario-schifano_untitled-1963,0
stytr2,000000196442__Naive_Art_Primitivism__marc-chagall_the-young-samuel-the-priest-s-servant-heard-that-he-is-called-by-god-eli-and-he-were-sleeping,000000196442,Naive_Art_Primitivism__marc-chagall_the-young-samuel-the-priest-s-servant-heard-that-he-is-called-by-god-eli-and-he-were-sleeping,0
stytr2,000000196442__Northern_Renaissance__albrecht-durer_lamentation-over-christ-1507,000000196442,Northern_Renaissance__albrecht-durer_lamentation-over-christ-1507,0
stytr2,000000196442__Pop_Art__peter-max_composition-red-green-1979,000000196442,Pop_Art__peter-max_composition-red-green-1979,0
stytr2,000000196442__Post_Impressionism__vincent-van-gogh_restaurant-de-la-sirene-at-asnieres-1887,000000196442,Post_Impressionism__vincent-van-gogh_restaurant-de-la-sirene-at-asnieres-1887,0
stytr2,000000196442__Realism__vincent-van-gogh_cottage-with-peasant-coming-home-1885(1),000000196442,Realism__vincent-van-gogh_cottage-with-peasant-coming-home-1885(1),1
stytr2,000000196442__Rococo__dmitry-levitzky_portrait-of-baron-a-n-stroganoff,000000196442,Rococo__dmitry-levitzky_portrait-of-baron-a-n-stroganoff,0
stytr2,000000196442__Romanticism__gustave-dore_paradise-lost-4,000000196442,Romanticism__gustave-dore_paradise-lost-4,0
stytr2,000000196442__Symbolism__nicholas-roerich_language-of-forest-1922,000000196442,Symbolism__nicholas-roerich_language-of-forest-1922,0
stytr2,000000196442__Ukiyo_e__kitagawa-utamaro_not_detected_233134,000000196442,Ukiyo_e__kitagawa-utamaro_not_detected_233134,0
stytr2,000000210388__Abstract_Expressionism__paul-jenkins_not_detected_235703,000000210388,Abstract_Expressionism__paul-jenkins_not_detected_235703,0
stytr2,000000210388__Art_Nouveau_Modern__nicholas-roerich_oze-1914,000000210388,Art_Nouveau_Modern__nicholas-roerich_oze-1914,0
stytr2,000000210388__Baroque__rembrandt_portrait-of-nicolas-van-bambeeck-1641,000000210388,Baroque__rembrandt_portrait-of-nicolas-van-bambeeck-1641,0
stytr2,000000210388__Color_Field_Painting__leon-berkowitz_dark-light-rose-gold-1978,000000210388,Color_Field_Painting__leon-berkowitz_dark-light-rose-gold-1978,0
stytr2,000000210388__Cubism__salvador-dali_cubist-composition-portrait-of-a-seated-person-holding-a-letter,000000210388,Cubism__salvador-dali_cubist-composition-portrait-of-a-seated-person-holding-a-letter,0
stytr2,000000210388__Early_Renaissance__pietro-perugino_st-jerome-who-attends-two-unfairly-hanged-1473,000000210388,Early_Renaissance__pietro-perugino_st-jerome-who-attends-two-unfairly-hanged-1473,0
stytr2,000000210388__Expressionism__amedeo-modigliani_germaine-survage-with-earrings-1918,000000210388,Expressionism__amedeo-modigliani_germaine-survage-with-earrings-1918,0
stytr2,000000210388__High_Renaissance__raphael_madonna-and-child-enthroned-with-saints-1505,000000210388,High_Renaissance__raphael_madonna-and-child-enthroned-with-saints-1505,0
stytr2,000000210388__Impressionism__pierre-auguste-renoir_leaving-the-bath-1890,000000210388,Impressionism__pierre-auguste-renoir_leaving-the-bath-1890,0
stytr2,000000210388__Mannerism_Late_Renaissance__tintoretto_st-mark-rescuing-a-saracen-from-shipwreck-1566,000000210388,Mannerism_Late_Renaissance__tintoretto_st-mark-rescuing-a-saracen-from-shipwreck-1566,0
stytr2,000000210388__Minimalism__mario-schifano_untitled-1963,000000210388,Minimalism__mario-schifano_untitled-1963,0
stytr2,000000210388__Naive_Art_Primitivism__marc-chagall_the-young-samuel-the-priest-s-servant-heard-that-he-is-called-by-god-eli-and-he-were-sleeping,000000210388,Naive_Art_Primitivism__marc-chagall_the-young-samuel-the-priest-s-servant-heard-that-he-is-called-by-god-eli-and-he-were-sleeping,0
stytr2,000000210388__Northern_Renaissance__albrecht-durer_lamentation-over-christ-1507,000000210388,Northern_Renaissance__albrecht-durer_lamentation-over-christ-1507,0
stytr2,000000210388__Pop_Art__peter-max_composition-red-green-1979,000000210388,Pop_Art__peter-max_composition-red-green-1979,1
stytr2,000000210388__Post_Impressionism__vincent-van-gogh_restaurant-de-la-sirene-at-asnieres-1887,000000210388,Post_Impressionism__vincent-van-gogh_restaurant-de-la-sirene-at-asnieres-1887,0
stytr2,000000210388__Realism__vincent-van-gogh_cottage-with-peasant-coming-home-1885(1),000000210388,Realism__vincent-van-gogh_cottage-with-peasant-coming-home-1885(1),0
stytr2,000000210388__Rococo__dmitry-levitzky_portrait-of-baron-a-n-stroganoff,000000210388,Rococo__dmitry-levitzky_portrait-of-baron-a-n-stroganoff,0
stytr2,000000210388__Romanticism__gustave-dore_paradise-lost-4,000000210388,Romanticism__gustave-dore_paradise-lost-4,0
stytr2,000000210388__Symbolism__nicholas-roerich_language-of-forest-1922,000000210388,Symbolism__nicholas-roerich_language-of-forest-1922,0
stytr2,000000210388__Ukiyo_e__kitagawa-utamaro_not_detected_233134,000000210388,Ukiyo_e__kitagawa-utamaro_not_detected_233134,0
stytr2,000000226171__Abstract_Expressionism__paul-jenkins_not_detected_235703,000000226171,Abstract_Expressionism__paul-jenkins_not_detected_235703,0
stytr2,000000226171__Art_Nouveau_Modern__nicholas-roerich_oze-1914,000000226171,Art_Nouveau_Modern__nicholas-roerich_oze-1914,0
stytr2,000000226171__Baroque__rembrandt_portrait-of-nicolas-van-bambeeck-1641,000000226171,Baroque__rembrandt_portrait-of-nicolas-van-bambeeck-1641,0
stytr2,000000226171__Color_Field_Painting__leon-berkowitz_dark-light-rose-gold-1978,000000226171,Color_Field_Painting__leon-berkowitz_dark-light-rose-gold-1978,1
stytr2,000000226171__Cubism__salvador-dali_cubist-composition-portrait-of-a-seated-person-holding-a-letter,000000226171,Cubism__salvador-dali_cubist-composition-portrait-of-a-seated-person-holding-a-letter,0
stytr2,000000226171__Early_Renaissance__pietro-perugino_st-jerome-who-attends-two-unfairly-hanged-1473,000000226171,Early_Renaissance__pietro-perugino_st-jerome-who-attends-two-unfairly-hanged-1473,0
stytr2,000000226171__Expressionism__amedeo-modigliani_germaine-survage-with-earrings-1918,000000226171,Expressionism__amedeo-modigliani_germaine-survage-with-earrings-1918,1
stytr2,000000226171__High_Renaissance__raphael_madonna-and-child-enthroned-with-saints-1505,000000226171,High_Renaissance__raphael_madonna-and-child-enthroned-with-saints-1505,0
stytr2,000000226171__Impressionism__pierre-auguste-renoir_leaving-the-bath-1890,000000226171,Impressionism__pierre-auguste-renoir_leaving-the-bath-1890,0
stytr2,000000226171__Mannerism_Late_Renaissance__tintoretto_st-mark-rescuing-a-saracen-from-shipwreck-1566,000000226171,Mannerism_Late_Renaissance__tintoretto_st-mark-rescuing-a-saracen-from-shipwreck-1566,0
stytr2,000000226171__Minimalism__mario-schifano_untitled-1963,000000226171,Minimalism__mario-schifano_untitled-1963,0
stytr2,000000226171__Naive_Art_Primitivism__marc-chagall_the-young-samuel-the-priest-s-servant-heard-that-he-is-called-by-god-eli-and-he-were-sleeping,000000226171,Naive_Art_Primitivism__marc-chagall_the-young-samuel-the-priest-s-servant-heard-that-he-is-called-by-god-eli-and-he-were-sleeping,0
stytr2,000000226171__Northern_Renaissance__albrecht-durer_lamentation-over-christ-1507,000000226171,Northern_Renaissance__albrecht-durer_lamentation-over-christ-1507,0
stytr2,000000226171__Pop_Art__peter-max_composition-red-green-1979,000000226171,Pop_Art__peter-max_composition-red-green-1979,1
stytr2,000000226171__Post_Impressionism__vincent-van-gogh_restaurant-de-la-sirene-at-asnieres-1887,000000226171,Post_Impressionism__vincent-van-gogh_restaurant-de-la-sirene-at-asnieres-1887,1
stytr2,000000226171__Realism__vincent-van-gogh_cottage-with-peasant-coming-home-1885(1),000000226171,Realism__vincent-van-gogh_cottage-with-peasant-coming-home-1885(1),0
stytr2,000000226171__Rococo__dmitry-levitzky_portrait-of-baron-a-n-stroganoff,000000226171,Rococo__dmitry-levitzky_portrait-of-baron-a-n-stroganoff,0
stytr2,000000226171__Romanticism__gustave-dore_paradise-lost-4,000000226171,Romanticism__gustave-dore_paradise-lost-4,0
stytr2,000000226171__Symbolism__nicholas-roerich_language-of-forest-1922,000000226171,Symbolism__nicholas-roerich_language-of-forest-1922,0
stytr2,000000226171__Ukiyo_e__kitagawa-utamaro_not_detected_233134,000000226171,Ukiyo_e__kitagawa-utamaro_not_detected_233134,0
stytr2,000000235857__Abstract_Expressionism__paul-jenkins_not_detected_235703,000000235857,Abstract_Expressionism__paul-jenkins_not_detected_235703,0
stytr2,000000235857__Art_Nouveau_Modern__nicholas-roerich_oze-1914,000000235857,Art_Nouveau_Modern__nicholas-roerich_oze-1914,0
stytr2,000000235857__Baroque__rembrandt_portrait-of-nicolas-van-bambeeck-1641,000000235857,Baroque__rembrandt_portrait-of-nicolas-van-bambeeck-1641,0
stytr2,000000235857__Color_Field_Painting__leon-berkowitz_dark-light-rose-gold-1978,000000235857,Color_Field_Painting__leon-berkowitz_dark-light-rose-gold-1978,1
stytr2,000000235857__Cubism__salvador-dali_cubist-composition-portrait-of-a-seated-person-holding-a-letter,000000235857,Cubism__salvador-dali_cubist-composition-portrait-of-a-seated-person-holding-a-letter,0
stytr2,000000235857__Early_Renaissance__pietro-perugino_st-jerome-who-attends-two-unfairly-hanged-1473,000000235857,Early_Renaissance__pietro-perugino_st-jerome-who-attends-two-unfairly-hanged-1473,0
stytr2,000000235857__Expressionism__amedeo-modigliani_germaine-survage-with-earrings-1918,000000235857,Expressionism__amedeo-modigliani_germaine-survage-with-earrings-1918,0
stytr2,000000235857__High_Renaissance__raphael_madonna-and-child-enthroned-with-saints-1505,000000235857,High_Renaissance__raphael_madonna-and-child-enthroned-with-saints-1505,0
stytr2,000000235857__Impressionism__pierre-auguste-renoir_leaving-the-bath-1890,000000235857,Impressionism__pierre-auguste-renoir_leaving-the-bath-1890,1
stytr2,000000235857__Mannerism_Late_Renaissance__tintoretto_st-mark-rescuing-a-saracen-from-shipwreck-1566,000000235857,Mannerism_Late_Renaissance__tintoretto_st-mark-rescuing-a-saracen-from-shipwreck-1566,0
stytr2,000000235857__Minimalism__mario-schifano_untitled-1963,000000235857,Minimalism__mario-schifano_untitled-1963,0
stytr2,000000235857__Naive_Art_Primitivism__marc-chagall_the-young-samuel-the-priest-s-servant-heard-that-he-is-called-by-god-eli-and-he-were-sleeping,000000235857,Naive_Art_Primitivism__marc-chagall_the-young-samuel-the-priest-s-servant-heard-that-he-is-called-by-god-eli-and-he-were-sleeping,0
stytr2,000000235857__Northern_Renaissance__albrecht-durer_lamentation-over-christ-1507,000000235857,Northern_Renaissance__albrecht-durer_lamentation-over-christ-1507,1
stytr2,000000235857__Pop_Art__peter-max_composition-red-green-1979,000000235857,Pop_Art__peter-max_composition-red-green-1979,0
stytr2,000000235857__Post_Impressionism__vincent-van-gogh_restaurant-de-la-sirene-at-asnieres-1887,000000235857,Post_Impressionism__vincent-van-gogh_restaurant-de-la-sirene-at-asnieres-1887,0
stytr2,000000235857__Realism__vincent-van-gogh_cottage-with-peasant-coming-home-1885(1),000000235857,Realism__vincent-van-gogh_cottage-with-peasant-coming-home-1885(1),1
stytr2,000000235857__Rococo__dmitry-levitzky_portrait-of-baron-a-n-stroganoff,000000235857,Rococo__dmitry-levitzky_portrait-of-baron-a-n-stroganoff,0
stytr2,000000235857__Romanticism__gustave-dore_paradise-lost-4,000000235857,Romanticism__gustave-dore_paradise-lost-4,0
stytr2,000000235857__Symbolism__nicholas-roerich_language-of-forest-1922,000000235857,Symbolism__nicholas-roerich_language-of-forest-1922,0
stytr2,000000235857__Ukiyo_e__kitagawa-utamaro_not_detected_233134,000000235857,Ukiyo_e__kitagawa-utamaro_not_detected_233134,0
stytr2,000000272364__Abstract_Expressionism__paul-jenkins_not_detected_235703,000000272364,Abstract_Expressionism__paul-jenkins_not_detected_235703,0
stytr2,000000272364__Art_Nouveau_Modern__nicholas-roerich_oze-1914,000000272364,Art_Nouveau_Modern__nicholas-roerich_oze-1914,0
stytr2,000000272364__Baroque__rembrandt_portrait-of-nicolas-van-bambeeck-1641,000000272364,Baroque__rembrandt_portrait-of-nicolas-van-bambeeck-1641,0
stytr2,000000272364__Color_Field_Painting__leon-berkowitz_dark-light-rose-gold-1978,000000272364,Color_Field_Painting__leon-berkowitz_dark-light-rose-gold-1978,1
stytr2,000000272364__Cubism__salvador-dali_cubist-composition-portrait-of-a-seated-person-holding-a-letter,000000272364,Cubism__salvador-dali_cubist-composition-portrait-of-a-seated-person-holding-a-letter,0
stytr2,000000272364__Early_Renaissance__pietro-perugino_st-jerome-who-attends-two-unfairly-hanged-1473,000000272364,Early_Renaissance__pietro-perugino_st-jerome-who-attends-two-unfairly-hanged-1473,0
stytr2,000000272364__Expressionism__amedeo-modigliani_germaine-survage-with-earrings-1918,000000272364,Expressionism__amedeo-modigliani_germaine-survage-with-earrings-1918,0
stytr2,000000272364__High_Renaissance__raphael_madonna-and-child-enthroned-with-saints-1505,000000272364,High_Renaissance__raphael_madonna-and-child-enthroned-with-saints-1505,0
stytr2,000000272364__Impressionism__pierre-auguste-renoir_leaving-the-bath-1890,000000272364,Impressionism__pierre-auguste-renoir_leaving-the-bath-1890,0
stytr2,000000272364__Mannerism_Late_Renaissance__tintoretto_st-mark-rescuing-a-saracen-from-shipwreck-1566,000000272364,Mannerism_Late_Renaissance__tintoretto_st-mark-rescuing-a-saracen-from-shipwreck-1566,0
stytr2,000000272364__Minimalism__mario-schifano_untitled-1963,000000272364,Minimalism__mario-schifano_untitled-1963,0
stytr2,000000272364__Naive_Art_Primitivism__marc-chagall_the-young-samuel-the-priest-s-servant-heard-that-he-is-called-by-god-eli-and-he-were-sleeping,000000272364,Naive_Art_Primitivism__marc-chagall_the-young-samuel-the-priest-s-servant-heard-that-he-is-called-by-god-eli-and-he-were-sleeping,1
stytr2,000000272364__Northern_Renaissance__albrecht-durer_lamentation-over-christ-1507,000000272364,Northern_Renaissance__albrecht-durer_lamentation-over-christ-1507,1
stytr2,000000272364__Pop_Art__peter-max_composition-red-green-1979,000000272364,Pop_Art__peter-max_composition-red-green-1979,0
stytr2,000000272364__Post_Impressionism__vincent-van-gogh_restaurant-de-la-sirene-at-asnieres-1887,000000272364,Post_Impressionism__vincent-van-gogh_restaurant-de-la-sirene-at-asnieres-1887,0
stytr2,000000272364__Realism__vincent-van-gogh_cottage-with-peasant-coming-home-1885(1),000000272364,Realism__vincent-van-gogh_cottage-with-peasant-coming-home-1885(1),0
stytr2,000000272364__Rococo__dmitry-levitzky_portrait-of-baron-a-n-stroganoff,000000272364,Rococo__dmitry-levitzky_portrait-of-baron-a-n-stroganoff,0
stytr2,000000272364__Romanticism__gustave-dore_paradise-lost-4,000000272364,Romanticism__gustave-dore_paradise-lost-4,0
stytr2,000000272364__Symbolism__nicholas-roerich_language-of-forest-1922,000000272364,Symbolism__nicholas-roerich_language-of-forest-1922,0
stytr2,000000272364__Ukiyo_e__kitagawa-utamaro_not_detected_233134,000000272364,Ukiyo_e__kitagawa-utamaro_not_detected_233134,0
stytr2,000000273132__Abstract_Expressionism__paul-jenkins_not_detected_235703,000000273132,Abstract_Expressionism__paul-jenkins_not_detected_235703,0
stytr2,000000273132__Art_Nouveau_Modern__nicholas-roerich_oze-1914,000000273132,Art_Nouveau_Modern__nicholas-roerich_oze-1914,0
stytr2,000000273132__Baroque__rembrandt_portrait-of-nicolas-van-bambeeck-1641,000000273132,Baroque__rembrandt_portrait-of-nicolas-van-bambeeck-1641,0
stytr2,000000273132__Color_Field_Painting__leon-berkowitz_dark-light-rose-gold-1978,000000273132,Color_Field_Painting__leon-berkowitz_dark-light-rose-gold-1978,0
stytr2,000000273132__Cubism__salvador-dali_cubist-composition-portrait-of-a-seated-person-holding-a-letter,000000273132,Cubism__salvador-dali_cubist-composition-portrait-of-a-seated-person-holding-a-letter,0
stytr2,000000273132__Early_Renaissance__pietro-perugino_st-jerome-who-attends-two-unfairly-hanged-1473,000000273132,Early_Renaissance__pietro-perugino_st-jerome-who-attends-two-unfairly-hanged-1473,0
stytr2,000000273132__Expressionism__amedeo-modigliani_germaine-survage-with-earrings-1918,000000273132,Expressionism__amedeo-modigliani_germaine-survage-with-earrings-1918,0
stytr2,000000273132__High_Renaissance__raphael_madonna-and-child-enthroned-with-saints-1505,000000273132,High_Renaissance__raphael_madonna-and-child-enthroned-with-saints-1505,0
stytr2,000000273132__Impressionism__pierre-auguste-renoir_leaving-the-bath-1890,000000273132,Impressionism__pierre-auguste-renoir_leaving-the-bath-1890,0
stytr2,000000273132__Mannerism_Late_Renaissance__tintoretto_st-mark-rescuing-a-saracen-from-shipwreck-1566,000000273132,Mannerism_Late_Renaissance__tintoretto_st-mark-rescuing-a-saracen-from-shipwreck-1566,0
stytr2,000000273132__Minimalism__mario-schifano_untitled-1963,000000273132,Minimalism__mario-schifano_untitled-1963,0
stytr2,000000273132__Naive_Art_Primitivism__marc-chagall_the-young-samuel-the-priest-s-servant-heard-that-he-is-called-by-god-eli-and-he-were-sleeping,000000273132,Naive_Art_Primitivism__marc-chagall_the-young-samuel-the-priest-s-servant-heard-that-he-is-called-by-god-eli-and-he-were-sleeping,0
stytr2,000000273132__Northern_Renaissance__albrecht-durer_lamentation-over-christ-1507,000000273132,Northern_Renaissance__albrecht-durer_lamentation-over-christ-1507,1
stytr2,000000273132__Pop_Art__peter-max_composition-red-green-1979,000000273132,Pop_Art__peter-max_composition-red-green-1979,1
stytr2,000000273132__Post_Impressionism__vincent-van-gogh_restaurant-de-la-sirene-at-asnieres-1887,000000273132,Post_Impressionism__vincent-van-gogh_restaurant-de-la-sirene-at-asnieres-1887,0
stytr2,000000273132__Realism__vincent-van-gogh_cottage-with-peasant-coming-home-1885(1),000000273132,Realism__vincent-van-gogh_cottage-with-peasant-coming-home-1885(1),1
stytr2,000000273132__Rococo__dmitry-levitzky_portrait-of-baron-a-n-stroganoff,000000273132,Rococo__dmitry-levitzky_portrait-of-baron-a-n-stroganoff,0
stytr2,000000273132__Romanticism__gustave-dore_paradise-lost-4,000000273132,Romanticism__gustave-dore_paradise-lost-4,0
stytr2,000000273132__Symbolism__nicholas-roerich_language-of-forest-1922,000000273132,Symbolism__nicholas-roerich_language-of-forest-1922,0
stytr2,000000273132__Ukiyo_e__kitagawa-utamaro_not_detected_233134,000000273132,Ukiyo_e__kitagawa-utamaro_not_detected_233134,0
stytr2,000000277051__Abstract_Expressionism__paul-jenkins_not_detected_235703,000000277051,Abstract_Expressionism__paul-jenkins_not_detected_235703,0
stytr2,000000277051__Art_Nouveau_Modern__nicholas-roerich_oze-1914,000000277051,Art_Nouveau_Modern__nicholas-roerich_oze-1914,0
stytr2,000000277051__Baroque__rembrandt_portrait-of-nicolas-van-bambeeck-1641,000000277051,Baroque__rembrandt_portrait-of-nicolas-van-bambeeck-1641,0
stytr2,000000277051__Color_Field_Painting__leon-berkowitz_dark-light-rose-gold-1978,000000277051,Color_Field_Painting__leon-berkowitz_dark-light-rose-gold-1978,1
stytr2,000000277051__Cubism__salvador-dali_cubist-composition-portrait-of-a-seated-person-holding-a-letter,000000277051,Cubism__salvador-dali_cubist-composition-portrait-of-a-seated-person-holding-a-letter,0
stytr2,000000277051__Early_Renaissance__pietro-perugino_st-jerome-who-attends-two-unfairly-hanged-1473,000000277051,Early_Renaissance__pietro-perugino_st-jerome-who-attends-two-unfairly-hanged-1473,0
stytr2,000000277051__Expressionism__amedeo-modigliani_germaine-survage-with-earrings-1918,000000277051,Expressionism__amedeo-modigliani_germaine-survage-with-earrings-1918,0
stytr2,000000277051__High_Renaissance__raphael_madonna-and-child-enthroned-with-saints-1505,000000277051,High_Renaissance__raphael_madonna-and-child-enthroned-with-saints-1505,0
stytr2,000000277051__Impressionism__pierre-auguste-renoir_leaving-the-bath-1890,000000277051,Impressionism__pierre-auguste-renoir_leaving-the-bath-1890,1
stytr2,000000277051__Mannerism_Late_Renaissance__tintoretto_st-mark-rescuing-a-saracen-from-shipwreck-1566,000000277051,Mannerism_Late_Renaissance__tintoretto_st-mark-rescuing-a-saracen-from-shipwreck-1566,0
stytr2,000000277051__Minimalism__mario-schifano_untitled-1963,000000277051,Minimalism__mario-schifano_untitled-1963,0
stytr2,000000277051__Naive_Art_Primitivism__marc-chagall_the-young-samuel-the-priest-s-servant-heard-that-he-is-called-by-god-eli-and-he-were-sleeping,000000277051,Naive_Art_Primitivism__marc-chagall_the-young-samuel-the-priest-s-servant-heard-that-he-is-called-by-god-eli-and-he-were-sleeping,0
stytr2,000000277051__Northern_Renaissance__albrecht-durer_lamentation-over-christ-1507,000000277051,Northern_Renaissance__albrecht-durer_lamentation-over-christ-1507,0
stytr2,000000277051__Pop_Art__peter-max_composition-red-green-1979,000000277051,Pop_Art__peter-max_composition-red-green-1979,0
stytr2,000000277051__Post_Impressionism__vincent-van-gogh_restaurant-de-la-sirene-at-asnieres-1887,000000277051,Post_Impressionism__vincent-van-gogh_restaurant-de-la-sirene-at-asnieres-1887,1
stytr2,000000277051__Realism__vincent-van-gogh_cottage-with-peasant-coming-home-1885(1),000000277051,Realism__vincent-van-gogh_cottage-with-peasant-coming-home-1885(1),0
stytr2,000000277051__Rococo__dmitry-levitzky_portrait-of-baron-a-n-stroganoff,000000277051,Rococo__dmitry-levitzky_portrait-of-baron-a-n-stroganoff,0
stytr2,000000277051__Romanticism__gustave-dore_paradise-lost-4,000000277051,Romanticism__gustave-dore_paradise-lost-4,0
stytr2,000000277051__Symbolism__nicholas-roerich_language-of-forest-1922,000000277051,Symbolism__nicholas-roerich_language-of-forest-1922,0
stytr2,000000277051__Ukiyo_e__kitagawa-utamaro_not_detected_233134,000000277051,Ukiyo_e__kitagawa-utamaro_not_detected_233134,0
stytr2,000000296969__Abstract_Expressionism__paul-jenkins_not_detected_235703,000000296969,Abstract_Expressionism__paul-jenkins_not_detected_235703,0
stytr2,000000296969__Art_Nouveau_Modern__nicholas-roerich_oze-1914,000000296969,Art_Nouveau_Modern__nicholas-roerich_oze-1914,0
stytr2,000000296969__Baroque__rembrandt_portrait-of-nicolas-van-bambeeck-1641,000000296969,Baroque__rembrandt_portrait-of-nicolas-van-bambeeck-1641,0
stytr2,000000296969__Color_Field_Painting__leon-berkowitz_dark-light-rose-gold-1978,000000296969,Color_Field_Painting__leon-berkowitz_dark-light-rose-gold-1978,1
stytr2,000000296969__Cubism__salvador-dali_cubist-composition-portrait-of-a-seated-person-holding-a-letter,000000296969,Cubism__salvador-dali_cubist-composition-portrait-of-a-seated-person-holding-a-letter,0
stytr2,000000296969__Early_Renaissance__pietro-perugino_st-jerome-who-attends-two-unfairly-hanged-1473,000000296969,Early_Renaissance__pietro-perugino_st-jerome-who-attends-two-unfairly-hanged-1473,0
stytr2,000000296969__Expressionism__amedeo-modigliani_germaine-survage-with-earrings-1918,000000296969,Expressionism__amedeo-modigliani_germaine-survage-with-earrings-1918,0
stytr2,000000296969__High_Renaissance__raphael_madonna-and-child-enthroned-with-saints-1505,000000296969,High_Renaissance__raphael_madonna-and-child-enthroned-with-saints-1505,0
stytr2,000000296969__Impressionism__pierre-auguste-renoir_leaving-the-bath-1890,000000296969,Impressionism__pierre-auguste-renoir_leaving-the-bath-1890,1
stytr2,000000296969__Mannerism_Late_Renaissance__tintoretto_st-mark-rescuing-a-saracen-from-shipwreck-1566,000000296969,Mannerism_Late_Renaissance__tintoretto_st-mark-rescuing-a-saracen-from-shipwreck-1566,0
stytr2,000000296969__Minimalism__mario-schifano_untitled-1963,000000296969,Minimalism__mario-schifano_untitled-1963,0
stytr2,000000296969__Naive_Art_Primitivism__marc-chagall_the-young-samuel-the-priest-s-servant-heard-that-he-is-called-by-god-eli-and-he-were-sleeping,000000296969,Naive_Art_Primitivism__marc-chagall_the-young-samuel-the-priest-s-servant-heard-that-he-is-called-by-god-eli-and-he-were-sleeping,1
stytr2,000000296969__Northern_Renaissance__albrecht-durer_lamentation-over-christ-1507,000000296969,Northern_Renaissance__albrecht-durer_lamentation-over-christ-1507,1
stytr2,000000296969__Pop_Art__peter-max_composition-red-green-1979,000000296969,Pop_Art__peter-max_composition-red-green-1979,0
stytr2,000000296969__Post_Impressionism__vincent-van-gogh_restaurant-de-la-sirene-at-asnieres-1887,000000296969,Post_Impressionism__vincent-van-gogh_restaurant-de-la-sirene-at-asnieres-1887,0
stytr2,000000296969__Realism__vincent-van-gogh_cottage-with-peasant-coming-home-1885(1),000000296969,Realism__vincent-van-gogh_cottage-with-peasant-coming-home-1885(1),0
stytr2,000000296969__Rococo__dmitry-levitzky_portrait-of-baron-a-n-stroganoff,000000296969,Rococo__dmitry-levitzky_portrait-of-baron-a-n-stroganoff,0
stytr2,000000296969__Romanticism__gustave-dore_paradise-lost-4,000000296969,Romanticism__gustave-dore_paradise-lost-4,0
stytr2,000000296969__Symbolism__nicholas-roerich_language-of-forest-1922,000000296969,Symbolism__nicholas-roerich_language-of-forest-1922,0
stytr2,000000296969__Ukiyo_e__kitagawa-utamaro_not_detected_233134,000000296969,Ukiyo_e__kitagawa-utamaro_not_detected_233134,0
stytr2,000000302107__Abstract_Expressionism__paul-jenkins_not_detected_235703,000000302107,Abstract_Expressionism__paul-jenkins_not_detected_235703,0
stytr2,000000302107__Art_Nouveau_Modern__nicholas-roerich_oze-1914,000000302107,Art_Nouveau_Modern__nicholas-roerich_oze-1914,0
stytr2,000000302107__Baroque__rembrandt_portrait-of-nicolas-van-bambeeck-1641,000000302107,Baroque__rembrandt_portrait-of-nicolas-van-bambeeck-1641,0
stytr2,000000302107__Color_Field_Painting__leon-berkowitz_dark-light-rose-gold-1978,000000302107,Color_Field_Painting__leon-berkowitz_dark-light-rose-gold-1978,1
stytr2,000000302107__Cubism__salvador-dali_cubist-composition-portrait-of-a-seated-person-holding-a-letter,000000302107,Cubism__salvador-dali_cubist-composition-portrait-of-a-seated-person-holding-a-letter,0
stytr2,000000302107__Early_Renaissance__pietro-perugino_st-jerome-who-attends-two-unfairly-hanged-1473,000000302107,Early_Renaissance__pietro-perugino_st-jerome-who-attends-two-unfairly-hanged-1473,0
stytr2,000000302107__Expressionism__amedeo-modigliani_germaine-survage-with-earrings-1918,000000302107,Expressionism__amedeo-modigliani_germaine-survage-with-earrings-1918,0
stytr2,000000302107__High_Renaissance__raphael_madonna-and-child-enthroned-with-saints-1505,000000302107,High_Renaissance__raphael_madonna-and-child-enthroned-with-saints-1505,0
stytr2,000000302107__Impressionism__pierre-auguste-renoir_leaving-the-bath-1890,000000302107,Impressionism__pierre-auguste-renoir_leaving-the-bath-1890,1
stytr2,000000302107__Mannerism_Late_Renaissance__tintoretto_st-mark-rescuing-a-saracen-from-shipwreck-1566,000000302107,Mannerism_Late_Renaissance__tintoretto_st-mark-rescuing-a-saracen-from-shipwreck-1566,0
stytr2,000000302107__Minimalism__mario-schifano_untitled-1963,000000302107,Minimalism__mario-schifano_untitled-1963,0
stytr2,000000302107__Naive_Art_Primitivism__marc-chagall_the-young-samuel-the-priest-s-servant-heard-that-he-is-called-by-god-eli-and-he-were-sleeping,000000302107,Naive_Art_Primitivism__marc-chagall_the-young-samuel-the-priest-s-servant-heard-that-he-is-called-by-god-eli-and-he-were-sleeping,0
stytr2,000000302107__Northern_Renaissance__albrecht-durer_lamentation-over-christ-1507,000000302107,Northern_Renaissance__albrecht-durer_lamentation-over-christ-1507,0
stytr2,000000302107__Pop_Art__peter-max_composition-red-green-1979,000000302107,Pop_Art__peter-max_composition-red-green-1979,1
stytr2,000000302107__Post_Impressionism__vincent-van-gogh_restaurant-de-la-sirene-at-asnieres-1887,000000302107,Post_Impressionism__vincent-van-gogh_restaurant-de-la-sirene-at-asnieres-1887,0
stytr2,000000302107__Realism__vincent-van-gogh_cottage-with-peasant-coming-home-1885(1),000000302107,Realism__vincent-van-gogh_cottage-with-peasant-coming-home-1885(1),0
stytr2,000000302107__Rococo__dmitry-levitzky_portrait-of-baron-a-n-stroganoff,000000302107,Rococo__dmitry-levitzky_portrait-of-baron-a-n-stroganoff,0
stytr2,000000302107__Romanticism__gustave-dore_paradise-lost-4,000000302107,Romanticism__gustave-dore_paradise-lost-4,0
stytr2,000000302107__Symbolism__nicholas-roerich_language-of-forest-1922,000000302107,Symbolism__nicholas-roerich_language-of-forest-1922,0
stytr2,000000302107__Ukiyo_e__kitagawa-utamaro_not_detected_233134,000000302107,Ukiyo_e__kitagawa-utamaro_not_detected_233134,0
stytr2,000000322944__Abstract_Expressionism__paul-jenkins_not_detected_235703,000000322944,Abstract_Expressionism__paul-jenkins_not_detected_235703,0
stytr2,000000322944__Art_Nouveau_Modern__nicholas-roerich_oze-1914,000000322944,Art_Nouveau_Modern__nicholas-roerich_oze-1914,0
stytr2,000000322944__Baroque__rembrandt_portrait-of-nicolas-van-bambeeck-1641,000000322944,Baroque__rembrandt_portrait-of-nicolas-van-bambeeck-1641,1
stytr2,000000322944__Color_Field_Painting__leon-berkowitz_dark-light-rose-gold-1978,000000322944,Color_Field_Painting__leon-berkowitz_dark-light-rose-gold-1978,0
stytr2,000000322944__Cubism__salvador-dali_cubist-composition-portrait-of-a-seated-person-holding-a-letter,000000322944,Cubism__salvador-dali_cubist-composition-portrait-of-a-seated-person-holding-a-letter,0
stytr2,000000322944__Early_Renaissance__pietro-perugino_st-jerome-who-attends-two-unfairly-hanged-1473,000000322944,Early_Renaissance__pietro-perugino_st-jerome-who-attends-two-unfairly-hanged-1473,0
stytr2,000000322944__Expressionism__amedeo-modigliani_germaine-survage-with-earrings-1918,000000322944,Expressionism__amedeo-modigliani_germaine-survage-with-earrings-1918,0
stytr2,000000322944__High_Renaissance__raphael_madonna-and-child-enthroned-with-saints-1505,000000322944,High_Renaissance__raphael_madonna-and-child-enthroned-with-saints-1505,0
stytr2,000000322944__Impressionism__pierre-auguste-renoir_leaving-the-bath-1890,000000322944,Impressionism__pierre-auguste-renoir_leaving-the-bath-1890,0
stytr2,000000322944__Mannerism_Late_Renaissance__tintoretto_st-mark-rescuing-a-saracen-from-shipwreck-1566,000000322944,Mannerism_Late_Renaissance__tintoretto_st-mark-rescuing-a-saracen-from-shipwreck-1566,1
stytr2,000000322944__Minimalism__mario-schifano_untitled-1963,000000322944,Minimalism__mario-schifano_untitled-1963,0
stytr2,000000322944__Naive_Art_Primitivism__marc-chagall_the-young-samuel-the-priest-s-servant-heard-that-he-is-called-by-god-eli-and-he-were-sleeping,000000322944,Naive_Art_Primitivism__marc-chagall_the-young-samuel-the-priest-s-servant-heard-that-he-is-called-by-god-eli-and-he-were-sleeping,1
stytr2,000000322944__Northern_Renaissance__albrecht-durer_lamentation-over-christ-1507,000000322944,Northern_Renaissance__albrecht-durer_lamentation-over-christ-1507,1
stytr2,000000322944__Pop_Art__peter-max_composition-red-green-1979,000000322944,Pop_Art__peter-max_composition-red-green-1979,0
stytr2,000000322944__Post_Impressionism__vincent-van-gogh_restaurant-de-la-sirene-at-asnieres-1887,000000322944,Post_Impressionism__vincent-van-gogh_restaurant-de-la-sirene-at-asnieres-1887,0
stytr2,000000322944__Realism__vincent-van-gogh_cottage-with-peasant-coming-home-1885(1),000000322944,Realism__vincent-van-gogh_cottage-with-peasant-coming-home-1885(1),0
stytr2,000000322944__Rococo__dmitry-levitzky_portrait-of-baron-a-n-stroganoff,000000322944,Rococo__dmitry-levitzky_portrait-of-baron-a-n-stroganoff,0
stytr2,000000322944__Romanticism__gustave-dore_paradise-lost-4,000000322944,Romanticism__gustave-dore_paradise-lost-4,0
stytr2,000000322944__Symbolism__nicholas-roerich_language-of-forest-1922,000000322944,Symbolism__nicholas-roerich_language-of-forest-1922,0
stytr2,000000322944__Ukiyo_e__kitagawa-utamaro_not_detected_233134,000000322944,Ukiyo_e__kitagawa-utamaro_not_detected_233134,0
stytr2,000000329447__Abstract_Expressionism__paul-jenkins_not_detected_235703,000000329447,Abstract_Expressionism__paul-jenkins_not_detected_235703,0
stytr2,000000329447__Art_Nouveau_Modern__nicholas-roerich_oze-1914,000000329447,Art_Nouveau_Modern__nicholas-roerich_oze-1914,0
stytr2,000000329447__Baroque__rembrandt_portrait-of-nicolas-van-bambeeck-1641,000000329447,Baroque__rembrandt_portrait-of-nicolas-van-bambeeck-1641,0
stytr2,000000329447__Color_Field_Painting__leon-berkowitz_dark-light-rose-gold-1978,000000329447,Color_Field_Painting__leon-berkowitz_dark-light-rose-gold-1978,1
stytr2,000000329447__Cubism__salvador-dali_cubist-composition-portrait-of-a-seated-person-holding-a-letter,000000329447,Cubism__salvador-dali_cubist-composition-portrait-of-a-seated-person-holding-a-letter,0
stytr2,000000329447__Early_Renaissance__pietro-perugino_st-jerome-who-attends-two-unfairly-hanged-1473,000000329447,Early_Renaissance__pietro-perugino_st-jerome-who-attends-two-unfairly-hanged-1473,0
stytr2,000000329447__Expressionism__amedeo-modigliani_germaine-survage-with-earrings-1918,000000329447,Expressionism__amedeo-modigliani_germaine-survage-with-earrings-1918,0
stytr2,000000329447__High_Renaissance__raphael_madonna-and-child-enthroned-with-saints-1505,000000329447,High_Renaissance__raphael_madonna-and-child-enthroned-with-saints-1505,0
stytr2,000000329447__Impressionism__pierre-auguste-renoir_leaving-the-bath-1890,000000329447,Impressionism__pierre-auguste-renoir_leaving-the-bath-1890,1
stytr2,000000329447__Mannerism_Late_Renaissance__tintoretto_st-mark-rescuing-a-saracen-from-shipwreck-1566,000000329447,Mannerism_Late_Renaissance__tintoretto_st-mark-rescuing-a-saracen-from-shipwreck-1566,0
stytr2,000000329447__Minimalism__mario-schifano_untitled-1963,000000329447,Minimalism__mario-schifano_untitled-1963,0
stytr2,000000329447__Naive_Art_Primitivism__marc-chagall_the-young-samuel-the-priest-s-servant-heard-that-he-is-called-by-god-eli-and-he-were-sleeping,000000329447,Naive_Art_Primitivism__marc-chagall_the-young-samuel-the-priest-s-servant-heard-that-he-is-called-by-god-eli-and-he-were-sleeping,0
stytr2,000000329447__Northern_Renaissance__albrecht-durer_lamentation-over-christ-1507,000000329447,Northern_Renaissance__albrecht-durer_lamentation-over-christ-1507,0
stytr2,000000329447__Pop_Art__peter-max_composition-red-green-1979,000000329447,Pop_Art__peter-max_composition-red-green-1979,0
stytr2,000000329447__Post_Impressionism__vincent-van-gogh_restaurant-de-la-sirene-at-asnieres-1887,000000329447,Post_Impressionism__vincent-van-gogh_restaurant-de-la-sirene-at-asnieres-1887,0
stytr2,000000329447__Realism__vincent-van-gogh_cottage-with-peasant-coming-home-1885(1),000000329447,Realism__vincent-van-gogh_cottage-with-peasant-coming-home-1885(1),1
stytr2,000000329447__Rococo__dmitry-levitzky_portrait-of-baron-a-n-stroganoff,000000329447,Rococo__dmitry-levitzky_portrait-of-baron-a-n-stroganoff,0
stytr2,000000329447__Romanticism__gustave-dore_paradise-lost-4,000000329447,Romanticism__gustave-dore_paradise-lost-4,1
stytr2,000000329447__Symbolism__nicholas-roerich_language-of-forest-1922,000000329447,Symbolism__nicholas-roerich_language-of-forest-1922,0
stytr2,000000329447__Ukiyo_e__kitagawa-utamaro_not_detected_233134,000000329447,Ukiyo_e__kitagawa-utamaro_not_detected_233134,0
stytr2,000000338625__Abstract_Expressionism__paul-jenkins_not_detected_235703,000000338625,Abstract_Expressionism__paul-jenkins_not_detected_235703,0
stytr2,000000338625__Art_Nouveau_Modern__nicholas-roerich_oze-1914,000000338625,Art_Nouveau_Modern__nicholas-roerich_oze-1914,0
stytr2,000000338625__Baroque__rembrandt_portrait-of-nicolas-van-bambeeck-1641,000000338625,Baroque__rembrandt_portrait-of-nicolas-van-bambeeck-1641,0
stytr2,000000338625__Color_Field_Painting__leon-berkowitz_dark-light-rose-gold-1978,000000338625,Color_Field_Painting__leon-berkowitz_dark-light-rose-gold-1978,1
stytr2,000000338625__Cubism__salvador-dali_cubist-composition-portrait-of-a-seated-person-holding-a-letter,000000338625,Cubism__salvador-dali_cubist-composition-portrait-of-a-seated-person-holding-a-letter,0
stytr2,000000338625__Early_Renaissance__pietro-perugino_st-jerome-who-attends-two-unfairly-hanged-1473,000000338625,Early_Renaissance__pietro-perugino_st-jerome-who-attends-two-unfairly-hanged-1473,0
stytr2,000000338625__Expressionism__amedeo-modigliani_germaine-survage-with-earrings-1918,000000338625,Expressionism__amedeo-modigliani_germaine-survage-with-earrings-1918,0
stytr2,000000338625__High_Renaissance__raphael_madonna-and-child-enthroned-with-saints-1505,000000338625,High_Renaissance__raphael_madonna-and-child-enthroned-with-saints-1505,0
stytr2,000000338625__Impressionism__pierre-auguste-renoir_leaving-the-bath-1890,000000338625,Impressionism__pierre-auguste-renoir_leaving-the-bath-1890,0
stytr2,000000338625__Mannerism_Late_Renaissance__tintoretto_st-mark-rescuing-a-saracen-from-shipwreck-1566,000000338625,Mannerism_Late_Renaissance__tintoretto_st-mark-rescuing-a-saracen-from-shipwreck-1566,0
stytr2,000000338625__Minimalism__mario-schifano_untitled-1963,000000338625,Minimalism__mario-schifano_untitled-1963,0
stytr2,000000338625__Naive_Art_Primitivism__marc-chagall_the-young-samuel-the-priest-s-servant-heard-that-he-is-called-by-god-eli-and-he-were-sleeping,000000338625,Naive_Art_Primitivism__marc-chagall_the-young-samuel-the-priest-s-servant-heard-that-he-is-called-by-god-eli-and-he-were-sleeping,0
stytr2,000000338625__Northern_Renaissance__albrecht-durer_lamentation-over-christ-1507,000000338625,Northern_Renaissance__albrecht-durer_lamentation-over-christ-1507,0
stytr2,000000338625__Pop_Art__peter-max_composition-red-green-1979,000000338625,Pop_Art__peter-max_composition-red-green-1979,1
stytr2,000000338625__Post_Impressionism__vincent-van-gogh_restaurant-de-la-sirene-at-asnieres-1887,000000338625,Post_Impressionism__vincent-van-gogh_restaurant-de-la-sirene-at-asnieres-1887,0
stytr2,000000338625__Realism__vincent-van-gogh_cottage-with-peasant-coming-home-1885(1),000000338625,Realism__vincent-van-gogh_cottage-with-peasant-coming-home-1885(1),0
stytr2,000000338625__Rococo__dmitry-levitzky_portrait-of-baron-a-n-stroganoff,000000338625,Rococo__dmitry-levitzky_portrait-of-baron-a-n-stroganoff,0
stytr2,000000338625__Romanticism__gustave-dore_paradise-lost-4,000000338625,Romanticism__gustave-dore_paradise-lost-4,0
stytr2,000000338625__Symbolism__nicholas-roerich_language-of-forest-1922,000000338625,Symbolism__nicholas-roerich_language-of-forest-1922,0
stytr2,000000338625__Ukiyo_e__kitagawa-utamaro_not_detected_233134,000000338625,Ukiyo_e__kitagawa-utamaro_not_detected_233134,0
stytr2,000000356968__Abstract_Expressionism__paul-jenkins_not_detected_235703,000000356968,Abstract_Expressionism__paul-jenkins_not_detected_235703,0
stytr2,000000356968__Art_Nouveau_Modern__nicholas-roerich_oze-1914,000000356968,Art_Nouveau_Modern__nicholas-roerich_oze-1914,0
stytr2,000000356968__Baroque__rembrandt_portrait-of-nicolas-van-bambeeck-1641,000000356968,Baroque__rembrandt_portrait-of-nicolas-van-bambeeck-1641,0
stytr2,000000356968__Color_Field_Painting__leon-berkowitz_dark-light-rose-gold-1978,000000356968,Color_Field_Painting__leon-berkowitz_dark-light-rose-gold-1978,1
stytr2,000000356968__Cubism__salvador-dali_cubist-composition-portrait-of-a-seated-person-holding-a-letter,000000356968,Cubism__salvador-dali_cubist-composition-portrait-of-a-seated-person-holding-a-letter,0
stytr2,000000356968__Early_Renaissance__pietro-perugino_st-jerome-who-attends-two-unfairly-hanged-1473,000000356968,Early_Renaissance__pietro-perugino_st-jerome-who-attends-two-unfairly-hanged-1473,0
stytr2,000000356968__Expressionism__amedeo-modigliani_germaine-survage-with-earrings-1918,000000356968,Expressionism__amedeo-modigliani_germaine-survage-with-earrings-1918,0
stytr2,000000356968__High_Renaissance__raphael_madonna-and-child-enthroned-with-saints-1505,000000356968,High_Renaissance__raphael_madonna-and-child-enthroned-with-saints-1505,0
stytr2,000000356968__Impressionism__pierre-auguste-renoir_leaving-the-bath-1890,000000356968,Impressionism__pierre-auguste-renoir_leaving-the-bath-1890,1
stytr2,000000356968__Mannerism_Late_Renaissance__tintoretto_st-mark-rescuing-a-saracen-from-shipwreck-1566,000000356968,Mannerism_Late_Renaissance__tintoretto_st-mark-rescuing-a-saracen-from-shipwreck-1566,0
stytr2,000000356968__Minimalism__mario-schifano_untitled-1963,000000356968,Minimalism__mario-schifano_untitled-1963,0
stytr2,000000356968__Naive_Art_Primitivism__marc-chagall_the-young-samuel-the-priest-s-servant-heard-that-he-is-called-by-god-eli-and-he-were-sleeping,000000356968,Naive_Art_Primitivism__marc-chagall_the-young-samuel-the-priest-s-servant-heard-that-he-is-called-by-god-eli-and-he-were-sleeping,0
stytr2,000000356968__Northern_Renaissance__albrecht-durer_lamentation-over-christ-1507,000000356968,Northern_Renaissance__albrecht-durer_lamentation-over-christ-1507,1
stytr2,000000356968__Pop_Art__peter-max_composition-red-green-1979,000000356968,Pop_Art__peter-max_composition-red-green-1979,0
stytr2,000000356968__Post_Impressionism__vincent-van-gogh_restaurant-de-la-sirene-at-asnieres-1887,000000356968,Post_Impressionism__vincent-van-gogh_restaurant-de-la-sirene-at-asnieres-1887,0
stytr2,000000356968__Realism__vincent-van-gogh_cottage-with-peasant-coming-home-1885(1),000000356968,Realism__vincent-van-gogh_cottage-with-peasant-coming-home-1885(1),0
stytr2,000000356968__Rococo__dmitry-levitzky_portrait-of-baron-a-n-stroganoff,000000356968,Rococo__dmitry-levitzky_portrait-of-baron-a-n-stroganoff,0
stytr2,000000356968__Romanticism__gustave-dore_paradise-lost-4,000000356968,Romanticism__gustave-dore_paradise-lost-4,0
stytr2,000000356968__Symbolism__nicholas-roerich_language-of-forest-1922,000000356968,Symbolism__nicholas-roerich_language-of-forest-1922,0
stytr2,000000356968__Ukiyo_e__kitagawa-utamaro_not_detected_233134,000000356968,Ukiyo_e__kitagawa-utamaro_not_detected_233134,0
stytr2,000000376264__Abstract_Expressionism__paul-jenkins_not_detected_235703,000000376264,Abstract_Expressionism__paul-jenkins_not_detected_235703,0
stytr2,000000376264__Art_Nouveau_Modern__nicholas-roerich_oze-1914,000000376264,Art_Nouveau_Modern__nicholas-roerich_oze-1914,0
stytr2,000000376264__Baroque__rembrandt_portrait-of-nicolas-van-bambeeck-1641,000000376264,Baroque__rembrandt_portrait-of-nicolas-van-bambeeck-1641,0
stytr2,000000376264__Color_Field_Painting__leon-berkowitz_dark-light-rose-gold-1978,000000376264,Color_Field_Painting__leon-berkowitz_dark-light-rose-gold-1978,1
stytr2,000000376264__Cubism__salvador-dali_cubist-composition-portrait-of-a-seated-person-holding-a-letter,000000376264,Cubism__salvador-dali_cubist-composition-portrait-of-a-seated-person-holding-a-letter,1
stytr2,000000376264__Early_Renaissance__pietro-perugino_st-jerome-who-attends-two-unfairly-hanged-1473,000000376264,Early_Renaissance__pietro-perugino_st-jerome-who-attends-two-unfairly-hanged-1473,0
stytr2,000000376264__Expressionism__amedeo-modigliani_germaine-survage-with-earrings-1918,000000376264,Expressionism__amedeo-modigliani_germaine-survage-with-earrings-1918,0
stytr2,000000376264__High_Renaissance__raphael_madonna-and-child-enthroned-with-saints-1505,000000376264,High_Renaissance__raphael_madonna-and-child-enthroned-with-saints-1505,0
stytr2,000000376264__Impressionism__pierre-auguste-renoir_leaving-the-bath-1890,000000376264,Impressionism__pierre-auguste-renoir_leaving-the-bath-1890,0
stytr2,000000376264__Mannerism_Late_Renaissance__tintoretto_st-mark-rescuing-a-saracen-from-shipwreck-1566,000000376264,Mannerism_Late_Renaissance__tintoretto_st-mark-rescuing-a-saracen-from-shipwreck-1566,0
stytr2,000000376264__Minimalism__mario-schifano_untitled-1963,000000376264,Minimalism__mario-schifano_untitled-1963,0
stytr2,000000376264__Naive_Art_Primitivism__marc-chagall_the-young-samuel-the-priest-s-servant-heard-that-he-is-called-by-god-eli-and-he-were-sleeping,000000376264,Naive_Art_Primitivism__marc-chagall_the-young-samuel-the-priest-s-servant-heard-that-he-is-called-by-god-eli-and-he-were-sleeping,0
stytr2,000000376264__Northern_Renaissance__albrecht-durer_lamentation-over-christ-1507,000000376264,Northern_Renaissance__albrecht-durer_lamentation-over-christ-1507,0
stytr2,000000376264__Pop_Art__peter-max_composition-red-green-1979,000000376264,Pop_Art__peter-max_composition-red-green-1979,0
stytr2,000000376264__Post_Impressionism__vincent-van-gogh_restaurant-de-la-sirene-at-asnieres-1887,000000376264,Post_Impressionism__vincent-van-gogh_restaurant-de-la-sirene-at-asnieres-1887,0
stytr2,000000376264__Realism__vincent-van-gogh_cottage-with-peasant-coming-home-1885(1),000000376264,Realism__vincent-van-gogh_cottage-with-peasant-coming-home-1885(1),0
stytr2,000000376264__Rococo__dmitry-levitzky_portrait-of-baron-a-n-stroganoff,000000376264,Rococo__dmitry-levitzky_portrait-of-baron-a-n-stroganoff,0
stytr2,000000376264__Romanticism__gustave-dore_paradise-lost-4,000000376264,Romanticism__gustave-dore_paradise-lost-4,0
stytr2,000000376264__Symbolism__nicholas-roerich_language-of-forest-1922,000000376264,Symbolism__nicholas-roerich_language-of-forest-1922,0
stytr2,000000376264__Ukiyo_e__kitagawa-utamaro_not_detected_233134,000000376264,Ukiyo_e__kitagawa-utamaro_not_detected_233134,0
stytr2,000000398905__Abstract_Expressionism__paul-jenkins_not_detected_235703,000000398905,Abstract_Expressionism__paul-jenkins_not_detected_235703,0
stytr2,000000398905__Art_Nouveau_Modern__nicholas-roerich_oze-1914,000000398905,Art_Nouveau_Modern__nicholas-roerich_oze-1914,0
stytr2,000000398905__Baroque__rembrandt_portrait-of-nicolas-van-bambeeck-1641,000000398905,Baroque__rembrandt_portrait-of-nicolas-van-bambeeck-1641,0
stytr2,000000398905__Color_Field_Painting__leon-berkowitz_dark-light-rose-gold-1978,000000398905,Color_Field_Painting__leon-berkowitz_dark-light-rose-gold-1978,1
stytr2,000000398905__Cubism__salvador-dali_cubist-composition-portrait-of-a-seated-person-holding-a-letter,000000398905,Cubism__salvador-dali_cubist-composition-portrait-of-a-seated-person-holding-a-letter,0
stytr2,000000398905__Early_Renaissance__pietro-perugino_st-jerome-who-attends-two-unfairly-hanged-1473,000000398905,Early_Renaissance__pietro-perugino_st-jerome-who-attends-two-unfairly-hanged-1473,0
stytr2,000000398905__Expressionism__amedeo-modigliani_germaine-survage-with-earrings-1918,000000398905,Expressionism__amedeo-modigliani_germaine-survage-with-earrings-1918,0
stytr2,000000398905__High_Renaissance__raphael_madonna-and-child-enthroned-with-saints-1505,000000398905,High_Renaissance__raphael_madonna-and-child-enthroned-with-saints-1505,0
stytr2,000000398905__Impressionism__pierre-auguste-renoir_leaving-the-bath-1890,000000398905,Impressionism__pierre-auguste-renoir_leaving-the-bath-1890,0
stytr2,000000398905__Mannerism_Late_Renaissance__tintoretto_st-mark-rescuing-a-saracen-from-shipwreck-1566,000000398905,Mannerism_Late_Renaissance__tintoretto_st-mark-rescuing-a-saracen-from-shipwreck-1566,0
stytr2,000000398905__Minimalism__mario-schifano_untitled-1963,000000398905,Minimalism__mario-schifano_untitled-1963,0
stytr2,000000398905__Naive_Art_Primitivism__marc-chagall_the-young-samuel-the-priest-s-servant-heard-that-he-is-called-by-god-eli-and-he-were-sleeping,000000398905,Naive_Art_Primitivism__marc-chagall_the-young-samuel-the-priest-s-servant-heard-that-he-is-called-by-god-eli-and-he-were-sleeping,0
stytr2,000000398905__Northern_Renaissance__albrecht-durer_lamentation-over-christ-1507,000000398905,Northern_Renaissance__albrecht-durer_lamentation-over-christ-1507,1
stytr2,000000398905__Pop_Art__peter-max_composition-red-green-1979,000000398905,Pop_Art__peter-max_composition-red-green-1979,0
stytr2,000000398905__Post_Impressionism__vincent-van-gogh_restaurant-de-la-sirene-at-asnieres-1887,000000398905,Post_Impressionism__vincent-van-gogh_restaurant-de-la-sirene-at-asnieres-1887,0
stytr2,000000398905__Realism__vincent-van-gogh_cottage-with-peasant-coming-home-1885(1),000000398905,Realism__vincent-van-gogh_cottage-with-peasant-coming-home-1885(1),1
stytr2,000000398905__Rococo__dmitry-levitzky_portrait-of-baron-a-n-stroganoff,000000398905,Rococo__dmitry-levitzky_portrait-of-baron-a-n-stroganoff,0
stytr2,000000398905__Romanticism__gustave-dore_paradise-lost-4,000000398905,Romanticism__gustave-dore_paradise-lost-4,0
stytr2,000000398905__Symbolism__nicholas-roerich_language-of-forest-1922,000000398905,Symbolism__nicholas-roerich_language-of-forest-1922,0
stytr2,000000398905__Ukiyo_e__kitagawa-utamaro_not_detected_233134,000000398905,Ukiyo_e__kitagawa-utamaro_not_detected_233134,0
stytr2,000000417911__Abstract_Expressionism__paul-jenkins_not_detected_235703,000000417911,Abstract_Expressionism__paul-jenkins_not_detected_235703,1
stytr2,000000417911__Art_Nouveau_Modern__nicholas-roerich_oze-1914,000000417911,Art_Nouveau_Modern__nicholas-roerich_oze-1914,0
stytr2,000000417911__Baroque__rembrandt_portrait-of-nicolas-van-bambeeck-1641,000000417911,Baroque__rembrandt_portrait-of-nicolas-van-bambeeck-1641,0
stytr2,000000417911__Color_Field_Painting__leon-berkowitz_dark-light-rose-gold-1978,000000417911,Color_Field_Painting__leon-berkowitz_dark-light-rose-gold-1978,1
stytr2,000000417911__Cubism__salvador-dali_cubist-composition-portrait-of-a-seated-person-holding-a-letter,000000417911,Cubism__salvador-dali_cubist-composition-portrait-of-a-seated-person-holding-a-letter,0
stytr2,000000417911__Early_Renaissance__pietro-perugino_st-jerome-who-attends-two-unfairly-hanged-1473,000000417911,Early_Renaissance__pietro-perugino_st-jerome-who-attends-two-unfairly-hanged-1473,0
stytr2,000000417911__Expressionism__amedeo-modigliani_germaine-survage-with-earrings-1918,000000417911,Expressionism__amedeo-modigliani_germaine-survage-with-earrings-1918,0
stytr2,000000417911__High_Renaissance__raphael_madonna-and-child-enthroned-with-saints-1505,000000417911,High_Renaissance__raphael_madonna-and-child-enthroned-with-saints-1505,0
stytr2,000000417911__Impressionism__pierre-auguste-renoir_leaving-the-bath-1890,000000417911,Impressionism__pierre-auguste-renoir_leaving-the-bath-1890,1
stytr2,000000417911__Mannerism_Late_Renaissance__tintoretto_st-mark-rescuing-a-saracen-from-shipwreck-1566,000000417911,Mannerism_Late_Renaissance__tintoretto_st-mark-rescuing-a-saracen-from-shipwreck-1566,0
stytr2,000000417911__Minimalism__mario-schifano_untitled-1963,000000417911,Minimalism__mario-schifano_untitled-1963,0
stytr2,000000417911__Naive_Art_Primitivism__marc-chagall_the-young-samuel-the-priest-s-servant-heard-that-he-is-called-by-god-eli-and-he-were-sleeping,000000417911,Naive_Art_Primitivism__marc-chagall_the-young-samuel-the-priest-s-servant-heard-that-he-is-called-by-god-eli-and-he-were-sleeping,1
stytr2,000000417911__Northern_Renaissance__albrecht-durer_lamentation-over-christ-1507,000000417911,Northern_Renaissance__albrecht-durer_lamentation-over-christ-1507,1
stytr2,000000417911__Pop_Art__peter-max_composition-red-green-1979,000000417911,Pop_Art__peter-max_composition-red-green-1979,0
stytr2,000000417911__Post_Impressionism__vincent-van-gogh_restaurant-de-la-sirene-at-asnieres-1887,000000417911,Post_Impressionism__vincent-van-gogh_restaurant-de-la-sirene-at-asnieres-1887,0
stytr2,000000417911__Realism__vincent-van-gogh_cottage-with-peasant-coming-home-1885(1),000000417911,Realism__vincent-van-gogh_cottage-with-peasant-coming-home-1885(1),0
stytr2,000000417911__Rococo__dmitry-levitzky_portrait-of-baron-a-n-stroganoff,000000417911,Rococo__dmitry-levitzky_portrait-of-baron-a-n-stroganoff,0
stytr2,000000417911__Romanticism__gustave-dore_paradise-lost-4,000000417911,Romanticism__gustave-dore_paradise-lost-4,0
stytr2,000000417911__Symbolism__nicholas-roerich_language-of-forest-1922,000000417911,Symbolism__nicholas-roerich_language-of-forest-1922,0
stytr2,000000417911__Ukiyo_e__kitagawa-utamaro_not_detected_233134,000000417911,Ukiyo_e__kitagawa-utamaro_not_detected_233134,0
stytr2,000000427034__Abstract_Expressionism__paul-jenkins_not_detected_235703,000000427034,Abstract_Expressionism__paul-jenkins_not_detected_235703,0
stytr2,000000427034__Art_Nouveau_Modern__nicholas-roerich_oze-1914,000000427034,Art_Nouveau_Modern__nicholas-roerich_oze-1914,0
stytr2,000000427034__Baroque__rembrandt_portrait-of-nicolas-van-bambeeck-1641,000000427034,Baroque__rembrandt_portrait-of-nicolas-van-bambeeck-1641,0
stytr2,000000427034__Color_Field_Painting__leon-berkowitz_dark-light-rose-gold-1978,000000427034,Color_Field_Painting__leon-berkowitz_dark-light-rose-gold-1978,0
stytr2,000000427034__Cubism__salvador-dali_cubist-composition-portrait-of-a-seated-person-holding-a-letter,000000427034,Cubism__salvador-dali_cubist-composition-portrait-of-a-seated-person-holding-a-letter,0
stytr2,000000427034__Early_Renaissance__pietro-perugino_st-jerome-who-attends-two-unfairly-hanged-1473,000000427034,Early_Renaissance__pietro-perugino_st-jerome-who-attends-two-unfairly-hanged-1473,0
stytr2,000000427034__Expressionism__amedeo-modigliani_germaine-survage-with-earrings-1918,000000427034,Expressionism__amedeo-modigliani_germaine-survage-with-earrings-1918,0
stytr2,000000427034__High_Renaissance__raphael_madonna-and-child-enthroned-with-saints-1505,000000427034,High_Renaissance__raphael_madonna-and-child-enthroned-with-saints-1505,0
stytr2,000000427034__Impressionism__pierre-auguste-renoir_leaving-the-bath-1890,000000427034,Impressionism__pierre-auguste-renoir_leaving-the-bath-1890,0
stytr2,000000427034__Mannerism_Late_Renaissance__tintoretto_st-mark-rescuing-a-saracen-from-shipwreck-1566,000000427034,Mannerism_Late_Renaissance__tintoretto_st-mark-rescuing-a-saracen-from-shipwreck-1566,0
stytr2,000000427034__Minimalism__mario-schifano_untitled-1963,000000427034,Minimalism__mario-schifano_untitled-1963,0
stytr2,000000427034__Naive_Art_Primitivism__marc-chagall_the-young-samuel-the-priest-s-servant-heard-that-he-is-called-by-god-eli-and-he-were-sleeping,000000427034,Naive_Art_Primitivism__marc-chagall_the-young-samuel-the-priest-s-servant-heard-that-he-is-called-by-god-eli-and-he-were-sleeping,0
stytr2,000000427034__Northern_Renaissance__albrecht-durer_lamentation-over-christ-1507,000000427034,Northern_Renaissance__albrecht-durer_lamentation-over-christ-1507,1
stytr2,000000427034__Pop_Art__peter-max_composition-red-green-1979,000000427034,Pop_Art__peter-max_composition-red-green-1979,1
stytr2,000000427034__Post_Impressionism__vincent-van-gogh_restaurant-de-la-sirene-at-asnieres-1887,000000427034,Post_Impressionism__vincent-van-gogh_restaurant-de-la-sirene-at-asnieres-1887,0
stytr2,000000427034__Realism__vincent-van-gogh_cottage-with-peasant-coming-home-1885(1),000000427034,Realism__vincent-van-gogh_cottage-with-peasant-coming-home-1885(1),0
stytr2,000000427034__Rococo__dmitry-levitzky_portrait-of-baron-a-n-stroganoff,000000427034,Rococo__dmitry-levitzky_portrait-of-baron-a-n-stroganoff,0
stytr2,000000427034__Romanticism__gustave-dore_paradise-lost-4,000000427034,Romanticism__gustave-dore_paradise-lost-4,0
stytr2,000000427034__Symbolism__nicholas-roerich_language-of-forest-1922,000000427034,Symbolism__nicholas-roerich_language-of-forest-1922,0
stytr2,000000427034__Ukiyo_e__kitagawa-utamaro_not_detected_233134,000000427034,Ukiyo_e__kitagawa-utamaro_not_detected_233134,0
stytr2,000000435003__Abstract_Expressionism__paul-jenkins_not_detected_235703,000000435003,Abstract_Expressionism__paul-jenkins_not_detected_235703,0
stytr2,000000435003__Art_Nouveau_Modern__nicholas-roerich_oze-1914,000000435003,Art_Nouveau_Modern__nicholas-roerich_oze-1914,0
stytr2,000000435003__Baroque__rembrandt_portrait-of-nicolas-van-bambeeck-1641,000000435003,Baroque__rembrandt_portrait-of-nicolas-van-bambeeck-1641,0
stytr2,000000435003__Color_Field_Painting__leon-berkowitz_dark-light-rose-gold-1978,000000435003,Color_Field_Painting__leon-berkowitz_dark-light-rose-gold-1978,1
stytr2,000000435003__Cubism__salvador-dali_cubist-composition-portrait-of-a-seated-person-holding-a-letter,000000435003,Cubism__salvador-dali_cubist-composition-portrait-of-a-seated-person-holding-a-letter,0
stytr2,000000435003__Early_Renaissance__pietro-perugino_st-jerome-who-attends-two-unfairly-hanged-1473,000000435003,Early_Renaissance__pietro-perugino_st-jerome-who-attends-two-unfairly-hanged-1473,0
stytr2,000000435003__Expressionism__amedeo-modigliani_germaine-survage-with-earrings-1918,000000435003,Expressionism__amedeo-modigliani_germaine-survage-with-earrings-1918,0
stytr2,000000435003__High_Renaissance__raphael_madonna-and-child-enthroned-with-saints-1505,000000435003,High_Renaissance__raphael_madonna-and-child-enthroned-with-saints-1505,0
stytr2,000000435003__Impressionism__pierre-auguste-renoir_leaving-the-bath-1890,000000435003,Impressionism__pierre-auguste-renoir_leaving-the-bath-1890,0
stytr2,000000435003__Mannerism_Late_Renaissance__tintoretto_st-mark-rescuing-a-saracen-from-shipwreck-1566,000000435003,Mannerism_Late_Renaissance__tintoretto_st-mark-rescuing-a-saracen-from-shipwreck-1566,0
stytr2,000000435003__Minimalism__mario-schifano_untitled-1963,000000435003,Minimalism__mario-schifano_untitled-1963,0
stytr2,000000435003__Naive_Art_Primitivism__marc-chagall_the-young-samuel-the-priest-s-servant-heard-that-he-is-called-by-god-eli-and-he-were-sleeping,000000435003,Naive_Art_Primitivism__marc-chagall_the-young-samuel-the-priest-s-servant-heard-that-he-is-called-by-god-eli-and-he-were-sleeping,0
stytr2,000000435003__Northern_Renaissance__albrecht-durer_lamentation-over-christ-1507,000000435003,Northern_Renaissance__albrecht-durer_lamentation-over-christ-1507,0
stytr2,000000435003__Pop_Art__peter-max_composition-red-green-1979,000000435003,Pop_Art__peter-max_composition-red-green-1979,1
stytr2,000000435003__Post_Impressionism__vincent-van-gogh_restaurant-de-la-sirene-at-asnieres-1887,000000435003,Post_Impressionism__vincent-van-gogh_restaurant-de-la-sirene-at-asnieres-1887,0
stytr2,000000435003__Realism__vincent-van-gogh_cottage-with-peasant-coming-home-1885(1),000000435003,Realism__vincent-van-gogh_cottage-with-peasant-coming-home-1885(1),0
stytr2,000000435003__Rococo__dmitry-levitzky_portrait-of-baron-a-n-stroganoff,000000435003,Rococo__dmitry-levitzky_portrait-of-baron-a-n-stroganoff,0
stytr2,000000435003__Romanticism__gustave-dore_paradise-lost-4,000000435003,Romanticism__gustave-dore_paradise-lost-4,0
stytr2,000000435003__Symbolism__nicholas-roerich_language-of-forest-1922,000000435003,Symbolism__nicholas-roerich_language-of-forest-1922,0
stytr2,000000435003__Ukiyo_e__kitagawa-utamaro_not_detected_233134,000000435003,Ukiyo_e__kitagawa-utamaro_not_detected_233134,0
stytr2,000000464251__Abstract_Expressionism__paul-jenkins_not_detected_235703,000000464251,Abstract_Expressionism__paul-jenkins_not_detected_235703,0
stytr2,000000464251__Art_Nouveau_Modern__nicholas-roerich_oze-1914,000000464251,Art_Nouveau_Modern__nicholas-roerich_oze-1914,0
stytr2,000000464251__Baroque__rembrandt_portrait-of-nicolas-van-bambeeck-1641,000000464251,Baroque__rembrandt_portrait-of-nicolas-van-bambeeck-1641,0
stytr2,000000464251__Color_Field_Painting__leon-berkowitz_dark-light-rose-gold-1978,000000464251,Color_Field_Painting__leon-berkowitz_dark-light-rose-gold-1978,1
stytr2,000000464251__Cubism__salvador-dali_cubist-composition-portrait-of-a-seated-person-holding-a-letter,000000464251,Cubism__salvador-dali_cubist-composition-portrait-of-a-seated-person-holding-a-letter,0
stytr2,000000464251__Early_Renaissance__pietro-perugino_st-jerome-who-attends-two-unfairly-hanged-1473,000000464251,Early_Renaissance__pietro-perugino_st-jerome-who-attends-two-unfairly-hanged-1473,0
stytr2,000000464251__Expressionism__amedeo-modigliani_germaine-survage-with-earrings-1918,000000464251,Expressionism__amedeo-modigliani_germaine-survage-with-earrings-1918,0
stytr2,000000464251__High_Renaissance__raphael_madonna-and-child-enthroned-with-saints-1505,000000464251,High_Renaissance__raphael_madonna-and-child-enthroned-with-saints-1505,0
stytr2,000000464251__Impressionism__pierre-auguste-renoir_leaving-the-bath-1890,000000464251,Impressionism__pierre-auguste-renoir_leaving-the-bath-1890,0
stytr2,000000464251__Mannerism_Late_Renaissance__tintoretto_st-mark-rescuing-a-saracen-from-shipwreck-1566,000000464251,Mannerism_Late_Renaissance__tintoretto_st-mark-rescuing-a-saracen-from-shipwreck-1566,0
stytr2,000000464251__Minimalism__mario-schifano_untitled-1963,000000464251,Minimalism__mario-schifano_untitled-1963,0
stytr2,000000464251__Naive_Art_Primitivism__marc-chagall_the-young-samuel-the-priest-s-servant-heard-that-he-is-called-by-god-eli-and-he-were-sleeping,000000464251,Naive_Art_Primitivism__marc-chagall_the-young-samuel-the-priest-s-servant-heard-that-he-is-called-by-god-eli-and-he-were-sleeping,0
stytr2,000000464251__Northern_Renaissance__albrecht-durer_lamentation-over-christ-1507,000000464251,Northern_Renaissance__albrecht-durer_lamentation-over-christ-1507,1
stytr2,000000464251__Pop_Art__peter-max_composition-red-green-1979,000000464251,Pop_Art__peter-max_composition-red-green-1979,0
stytr2,000000464251__Post_Impressionism__vincent-van-gogh_restaurant-de-la-sirene-at-asnieres-1887,000000464251,Post_Impressionism__vincent-van-gogh_restaurant-de-la-sirene-at-asnieres-1887,1
stytr2,000000464251__Realism__vincent-van-gogh_cottage-with-peasant-coming-home-1885(1),000000464251,Realism__vincent-van-gogh_cottage-with-peasant-coming-home-1885(1),0
stytr2,000000464251__Rococo__dmitry-levitzky_portrait-of-baron-a-n-stroganoff,000000464251,Rococo__dmitry-levitzky_portrait-of-baron-a-n-stroganoff,0
stytr2,000000464251__Romanticism__gustave-dore_paradise-lost-4,000000464251,Romanticism__gustave-dore_paradise-lost-4,0
stytr2,000000464251__Symbolism__nicholas-roerich_language-of-forest-1922,000000464251,Symbolism__nicholas-roerich_language-of-forest-1922,0
stytr2,000000464251__Ukiyo_e__kitagawa-utamaro_not_detected_233134,000000464251,Ukiyo_e__kitagawa-utamaro_not_detected_233134,0
stytr2,000000464786__Abstract_Expressionism__paul-jenkins_not_detected_235703,000000464786,Abstract_Expressionism__paul-jenkins_not_detected_235703,0
stytr2,000000464786__Art_Nouveau_Modern__nicholas-roerich_oze-1914,000000464786,Art_Nouveau_Modern__nicholas-roerich_oze-1914,0
stytr2,000000464786__Baroque__rembrandt_portrait-of-nicolas-van-bambeeck-1641,000000464786,Baroque__rembrandt_portrait-of-nicolas-van-bambeeck-1641,0
stytr2,000000464786__Color_Field_Painting__leon-berkowitz_dark-light-rose-gold-1978,000000464786,Color_Field_Painting__leon-berkowitz_dark-light-rose-gold-1978,1
stytr2,000000464786__Cubism__salvador-dali_cubist-composition-portrait-of-a-seated-person-holding-a-letter,000000464786,Cubism__salvador-dali_cubist-composition-portrait-of-a-seated-person-holding-a-letter,0
stytr2,000000464786__Early_Renaissance__pietro-perugino_st-jerome-who-attends-two-unfairly-hanged-1473,000000464786,Early_Renaissance__pietro-perugino_st-jerome-who-attends-two-unfairly-hanged-1473,0
stytr2,000000464786__Expressionism__amedeo-modigliani_germaine-survage-with-earrings-1918,000000464786,Expressionism__amedeo-modigliani_germaine-survage-with-earrings-1918,0
stytr2,000000464786__High_Renaissance__raphael_madonna-and-child-enthroned-with-saints-1505,000000464786,High_Renaissance__raphael_madonna-and-child-enthroned-with-saints-1505,0
stytr2,000000464786__Impressionism__pierre-auguste-renoir_leaving-the-bath-1890,000000464786,Impressionism__pierre-auguste-renoir_leaving-the-bath-1890,0
stytr2,000000464786__Mannerism_Late_Renaissance__tintoretto_st-mark-rescuing-a-saracen-from-shipwreck-1566,000000464786,Mannerism_Late_Renaissance__tintoretto_st-mark-rescuing-a-saracen-from-shipwreck-1566,0
stytr2,000000464786__Minimalism__mario-schifano_untitled-1963,000000464786,Minimalism__mario-schifano_untitled-1963,0
stytr2,000000464786__Naive_Art_Primitivism__marc-chagall_the-young-samuel-the-priest-s-servant-heard-that-he-is-called-by-god-eli-and-he-were-sleeping,000000464786,Naive_Art_Primitivism__marc-chagall_the-young-samuel-the-priest-s-servant-heard-that-he-is-called-by-god-eli-and-he-were-sleeping,0
stytr2,000000464786__Northern_Renaissance__albrecht-durer_lamentation-over-christ-1507,000000464786,Northern_Renaissance__albrecht-durer_lamentation-over-christ-1507,1
stytr2,000000464786__Pop_Art__peter-max_composition-red-green-1979,000000464786,Pop_Art__peter-max_composition-red-green-1979,0
stytr2,000000464786__Post_Impressionism__vincent-van-gogh_restaurant-de-la-sirene-at-asnieres-1887,000000464786,Post_Impressionism__vincent-van-gogh_restaurant-de-la-sirene-at-asnieres-1887,1
stytr2,000000464786__Realism__vincent-van-gogh_cottage-with-peasant-coming-home-1885(1),000000464786,Realism__vincent-van-gogh_cottage-with-peasant-coming-home-1885(1),0
stytr2,000000464786__Rococo__dmitry-levitzky_portrait-of-baron-a-n-stroganoff,000000464786,Rococo__dmitry-levitzky_portrait-of-baron-a-n-stroganoff,0
stytr2,000000464786__Romanticism__gustave-dore_paradise-lost-4,000000464786,Romanticism__gustave-dore_paradise-lost-4,0
stytr2,000000464786__Symbolism__nicholas-roerich_language-of-forest-1922,000000464786,Symbolism__nicholas-roerich_language-of-forest-1922,0
stytr2,000000464786__Ukiyo_e__kitagawa-utamaro_not_detected_233134,000000464786,Ukiyo_e__kitagawa-utamaro_not_detected_233134,0
stytr2,000000475387__Abstract_Expressionism__paul-jenkins_not_detected_235703,000000475387,Abstract_Expressionism__paul-jenkins_not_detected_235703,0
stytr2,000000475387__Art_Nouveau_Modern__nicholas-roerich_oze-1914,000000475387,Art_Nouveau_Modern__nicholas-roerich_oze-1914,0
stytr2,000000475387__Baroque__rembrandt_portrait-of-nicolas-van-bambeeck-1641,000000475387,Baroque__rembrandt_portrait-of-nicolas-van-bambeeck-1641,0
stytr2,000000475387__Color_Field_Painting__leon-berkowitz_dark-light-rose-gold-1978,000000475387,Color_Field_Painting__leon-berkowitz_dark-light-rose-gold-1978,1
stytr2,000000475387__Cubism__salvador-dali_cubist-composition-portrait-of-a-seated-person-holding-a-letter,000000475387,Cubism__salvador-dali_cubist-composition-portrait-of-a-seated-person-holding-a-letter,0
stytr2,000000475387__Early_Renaissance__pietro-perugino_st-jerome-who-attends-two-unfairly-hanged-1473,000000475387,Early_Renaissance__pietro-perugino_st-jerome-who-attends-two-unfairly-hanged-1473,0
stytr2,000000475387__Expressionism__amedeo-modigliani_germaine-survage-with-earrings-1918,000000475387,Expressionism__amedeo-modigliani_germaine-survage-with-earrings-1918,0
stytr2,000000475387__High_Renaissance__raphael_madonna-and-child-enthroned-with-saints-1505,000000475387,High_Renaissance__raphael_madonna-and-child-enthroned-with-saints-1505,0
stytr2,000000475387__Impressionism__pierre-auguste-renoir_leaving-the-bath-1890,000000475387,Impressionism__pierre-auguste-renoir_leaving-the-bath-1890,0
stytr2,000000475387__Mannerism_Late_Renaissance__tintoretto_st-mark-rescuing-a-saracen-from-shipwreck-1566,000000475387,Mannerism_Late_Renaissance__tintoretto_st-mark-rescuing-a-saracen-from-shipwreck-1566,0
stytr2,000000475387__Minimalism__mario-schifano_untitled-1963,000000475387,Minimalism__mario-schifano_untitled-1963,0
stytr2,000000475387__Naive_Art_Primitivism__marc-chagall_the-young-samuel-the-priest-s-servant-heard-that-he-is-called-by-god-eli-and-he-were-sleeping,000000475387,Naive_Art_Primitivism__marc-chagall_the-young-samuel-the-priest-s-servant-heard-that-he-is-called-by-god-eli-and-he-were-sleeping,0
stytr2,000000475387__Northern_Renaissance__albrecht-durer_lamentation-over-christ-1507,000000475387,Northern_Renaissance__albrecht-durer_lamentation-over-christ-1507,0
stytr2,000000475387__Pop_Art__peter-max_composition-red-green-1979,000000475387,Pop_Art__peter-max_composition-red-green-1979,1
stytr2,000000475387__Post_Impressionism__vincent-van-gogh_restaurant-de-la-sirene-at-asnieres-1887,000000475387,Post_Impressionism__vincent-van-gogh_restaurant-de-la-sirene-at-asnieres-1887,0
stytr2,000000475387__Realism__vincent-van-gogh_cottage-with-peasant-coming-home-1885(1),000000475387,Realism__vincent-van-gogh_cottage-with-peasant-coming-home-1885(1),0
stytr2,000000475387__Rococo__dmitry-levitzky_portrait-of-baron-a-n-stroganoff,000000475387,Rococo__dmitry-levitzky_portrait-of-baron-a-n-stroganoff,0
stytr2,000000475387__Romanticism__gustave-dore_paradise-lost-4,000000475387,Romanticism__gustave-dore_paradise-lost-4,0
stytr2,000000475387__Symbolism__nicholas-roerich_language-of-forest-1922,000000475387,Symbolism__nicholas-roerich_language-of-forest-1922,0
stytr2,000000475387__Ukiyo_e__kitagawa-utamaro_not_detected_233134,000000475387,Ukiyo_e__kitagawa-utamaro_not_detected_233134,0
stytr2,000000484029__Abstract_Expressionism__paul-jenkins_not_detected_235703,000000484029,Abstract_Expressionism__paul-jenkins_not_detected_235703,0
stytr2,000000484029__Art_Nouveau_Modern__nicholas-roerich_oze-1914,000000484029,Art_Nouveau_Modern__nicholas-roerich_oze-1914,0
stytr2,000000484029__Baroque__rembrandt_portrait-of-nicolas-van-bambeeck-1641,000000484029,Baroque__rembrandt_portrait-of-nicolas-van-bambeeck-1641,0
stytr2,000000484029__Color_Field_Painting__leon-berkowitz_dark-light-rose-gold-1978,000000484029,Color_Field_Painting__leon-berkowitz_dark-light-rose-gold-1978,1
stytr2,000000484029__Cubism__salvador-dali_cubist-composition-portrait-of-a-seated-person-holding-a-letter,000000484029,Cubism__salvador-dali_cubist-composition-portrait-of-a-seated-person-holding-a-letter,0
stytr2,000000484029__Early_Renaissance__pietro-perugino_st-jerome-who-attends-two-unfairly-hanged-1473,000000484029,Early_Renaissance__pietro-perugino_st-jerome-who-attends-two-unfairly-hanged-1473,0
stytr2,000000484029__Expressionism__amedeo-modigliani_germaine-survage-with-earrings-1918,000000484029,Expressionism__amedeo-modigliani_germaine-survage-with-earrings-1918,0
stytr2,000000484029__High_Renaissance__raphael_madonna-and-child-enthroned-with-saints-1505,000000484029,High_Renaissance__raphael_madonna-and-child-enthroned-with-saints-1505,0
stytr2,000000484029__Impressionism__pierre-auguste-renoir_leaving-the-bath-1890,000000484029,Impressionism__pierre-auguste-renoir_leaving-the-bath-1890,0
stytr2,000000484029__Mannerism_Late_Renaissance__tintoretto_st-mark-rescuing-a-saracen-from-shipwreck-1566,000000484029,Mannerism_Late_Renaissance__tintoretto_st-mark-rescuing-a-saracen-from-shipwreck-1566,0
stytr2,000000484029__Minimalism__mario-schifano_untitled-1963,000000484029,Minimalism__mario-schifano_untitled-1963,0
stytr2,000000484029__Naive_Art_Primitivism__marc-chagall_the-young-samuel-the-priest-s-servant-heard-that-he-is-called-by-god-eli-and-he-were-sleeping,000000484029,Naive_Art_Primitivism__marc-chagall_the-young-samuel-the-priest-s-servant-heard-that-he-is-called-by-god-eli-and-he-were-sleeping,0
stytr2,000000484029__Northern_Renaissance__albrecht-durer_lamentation-over-christ-1507,000000484029,Northern_Renaissance__albrecht-durer_lamentation-over-christ-1507,1
stytr2,000000484029__Pop_Art__peter-max_composition-red-green-1979,000000484029,Pop_Art__peter-max_composition-red-green-1979,1
stytr2,000000484029__Post_Impressionism__vincent-van-gogh_restaurant-de-la-sirene-at-asnieres-1887,000000484029,Post_Impressionism__vincent-van-gogh_restaurant-de-la-sirene-at-asnieres-1887,0
stytr2,000000484029__Realism__vincent-van-gogh_cottage-with-peasant-coming-home-1885(1),000000484029,Realism__vincent-van-gogh_cottage-with-peasant-coming-home-1885(1),0
stytr2,000000484029__Rococo__dmitry-levitzky_portrait-of-baron-a-n-stroganoff,000000484029,Rococo__dmitry-levitzky_portrait-of-baron-a-n-stroganoff,0
stytr2,000000484029__Romanticism__gustave-dore_paradise-lost-4,000000484029,Romanticism__gustave-dore_paradise-lost-4,0
stytr2,000000484029__Symbolism__nicholas-roerich_language-of-forest-1922,000000484029,Symbolism__nicholas-roerich_language-of-forest-1922,0
stytr2,000000484029__Ukiyo_e__kitagawa-utamaro_not_detected_233134,000000484029,Ukiyo_e__kitagawa-utamaro_not_detected_233134,0
stytr2,000000485844__Abstract_Expressionism__paul-jenkins_not_detected_235703,000000485844,Abstract_Expressionism__paul-jenkins_not_detected_235703,0
stytr2,000000485844__Art_Nouveau_Modern__nicholas-roerich_oze-1914,000000485844,Art_Nouveau_Modern__nicholas-roerich_oze-1914,0
stytr2,000000485844__Baroque__rembrandt_portrait-of-nicolas-van-bambeeck-1641,000000485844,Baroque__rembrandt_portrait-of-nicolas-van-bambeeck-1641,0
stytr2,000000485844__Color_Field_Painting__leon-berkowitz_dark-light-rose-gold-1978,000000485844,Color_Field_Painting__leon-berkowitz_dark-light-rose-gold-1978,1
stytr2,000000485844__Cubism__salvador-dali_cubist-composition-portrait-of-a-seated-person-holding-a-letter,000000485844,Cubism__salvador-dali_cubist-composition-portrait-of-a-seated-person-holding-a-letter,0
stytr2,000000485844__Early_Renaissance__pietro-perugino_st-jerome-who-attends-two-unfairly-hanged-1473,000000485844,Early_Renaissance__pietro-perugino_st-jerome-who-attends-two-unfairly-hanged-1473,0
stytr2,000000485844__Expressionism__amedeo-modigliani_germaine-survage-with-earrings-1918,000000485844,Expressionism__amedeo-modigliani_germaine-survage-with-earrings-1918,1
stytr2,000000485844__High_Renaissance__raphael_madonna-and-child-enthroned-with-saints-1505,000000485844,High_Renaissance__raphael_madonna-and-child-enthroned-with-saints-1505,0
stytr2,000000485844__Impressionism__pierre-auguste-renoir_leaving-the-bath-1890,000000485844,Impressionism__pierre-auguste-renoir_leaving-the-bath-1890,0
stytr2,000000485844__Mannerism_Late_Renaissance__tintoretto_st-mark-rescuing-a-saracen-from-shipwreck-1566,000000485844,Mannerism_Late_Renaissance__tintoretto_st-mark-rescuing-a-saracen-from-shipwreck-1566,0
stytr2,000000485844__Minimalism__mario-schifano_untitled-1963,000000485844,Minimalism__mario-schifano_untitled-1963,0
stytr2,000000485844__Naive_Art_Primitivism__marc-chagall_the-young-samuel-the-priest-s-servant-heard-that-he-is-called-by-god-eli-and-he-were-sleeping,000000485844,Naive_Art_Primitivism__marc-chagall_the-young-samuel-the-priest-s-servant-heard-that-he-is-called-by-god-eli-and-he-were-sleeping,0
stytr2,000000485844__Northern_Renaissance__albrecht-durer_lamentation-over-christ-1507,000000485844,Northern_Renaissance__albrecht-durer_lamentation-over-christ-1507,1
stytr2,000000485844__Pop_Art__peter-max_composition-red-green-1979,000000485844,Pop_Art__peter-max_composition-red-green-1979,0
stytr2,000000485844__Post_Impressionism__vincent-van-gogh_restaurant-de-la-sirene-at-asnieres-1887,000000485844,Post_Impressionism__vincent-van-gogh_restaurant-de-la-sirene-at-asnieres-1887,0
stytr2,000000485844__Realism__vincent-van-gogh_cottage-with-peasant-coming-home-1885(1),000000485844,Realism__vincent-van-gogh_cottage-with-peasant-coming-home-1885(1),0
stytr2,000000485844__Rococo__dmitry-levitzky_portrait-of-baron-a-n-stroganoff,000000485844,Rococo__dmitry-levitzky_portrait-of-baron-a-n-stroganoff,0
stytr2,000000485844__Romanticism__gustave-dore_paradise-lost-4,000000485844,Romanticism__gustave-dore_paradise-lost-4,0
stytr2,000000485844__Symbolism__nicholas-roerich_language-of-forest-1922,000000485844,Symbolism__nicholas-roerich_language-of-forest-1922,0
stytr2,000000485844__Ukiyo_e__kitagawa-utamaro_not_detected_233134,000000485844,Ukiyo_e__kitagawa-utamaro_not_detected_233134,0
stytr2,000000510329__Abstract_Expressionism__paul-jenkins_not_detected_235703,000000510329,Abstract_Expressionism__paul-jenkins_not_detected_235703,0
stytr2,000000510329__Art_Nouveau_Modern__nicholas-roerich_oze-1914,000000510329,Art_Nouveau_Modern__nicholas-roerich_oze-1914,0
stytr2,000000510329__Baroque__rembrandt_portrait-of-nicolas-van-bambeeck-1641,000000510329,Baroque__rembrandt_portrait-of-nicolas-van-bambeeck-1641,0
stytr2,000000510329__Color_Field_Painting__leon-berkowitz_dark-light-rose-gold-1978,000000510329,Color_Field_Painting__leon-berkowitz_dark-light-rose-gold-1978,0
stytr2,000000510329__Cubism__salvador-dali_cubist-composition-portrait-of-a-seated-person-holding-a-letter,000000510329,Cubism__salvador-dali_cubist-composition-portrait-of-a-seated-person-holding-a-letter,0
stytr2,000000510329__Early_Renaissance__pietro-perugino_st-jerome-who-attends-two-unfairly-hanged-1473,000000510329,Early_Renaissance__pietro-perugino_st-jerome-who-attends-two-unfairly-hanged-1473,0
stytr2,000000510329__Expressionism__amedeo-modigliani_germaine-survage-with-earrings-1918,000000510329,Expressionism__amedeo-modigliani_germaine-survage-with-earrings-1918,0
stytr2,000000510329__High_Renaissance__raphael_madonna-and-child-enthroned-with-saints-1505,000000510329,High_Renaissance__raphael_madonna-and-child-enthroned-with-saints-1505,0
stytr2,000000510329__Impressionism__pierre-auguste-renoir_leaving-the-bath-1890,000000510329,Impressionism__pierre-auguste-renoir_leaving-the-bath-1890,1
stytr2,000000510329__Mannerism_Late_Renaissance__tintoretto_st-mark-rescuing-a-saracen-from-shipwreck-1566,000000510329,Mannerism_Late_Renaissance__tintoretto_st-mark-rescuing-a-saracen-from-shipwreck-1566,0
stytr2,000000510329__Minimalism__mario-schifano_untitled-1963,000000510329,Minimalism__mario-schifano_untitled-1963,0
stytr2,000000510329__Naive_Art_Primitivism__marc-chagall_the-young-samuel-the-priest-s-servant-heard-that-he-is-called-by-god-eli-and-he-were-sleeping,000000510329,Naive_Art_Primitivism__marc-chagall_the-young-samuel-the-priest-s-servant-heard-that-he-is-called-by-god-eli-and-he-were-sleeping,0
stytr2,000000510329__Northern_Renaissance__albrecht-durer_lamentation-over-christ-1507,000000510329,Northern_Renaissance__albrecht-durer_lamentation-over-christ-1507,0
stytr2,000000510329__Pop_Art__peter-max_composition-red-green-1979,000000510329,Pop_Art__peter-max_composition-red-green-1979,0
stytr2,000000510329__Post_Impressionism__vincent-van-gogh_restaurant-de-la-sirene-at-asnieres-1887,000000510329,Post_Impressionism__vincent-van-gogh_restaurant-de-la-sirene-at-asnieres-1887,0
stytr2,000000510329__Realism__vincent-van-gogh_cottage-with-peasant-coming-home-1885(1),000000510329,Realism__vincent-van-gogh_cottage-with-peasant-coming-home-1885(1),1
stytr2,000000510329__Rococo__dmitry-levitzky_portrait-of-baron-a-n-stroganoff,000000510329,Rococo__dmitry-levitzky_portrait-of-baron-a-n-stroganoff,0
stytr2,000000510329__Romanticism__gustave-dore_paradise-lost-4,000000510329,Romanticism__gustave-dore_paradise-lost-4,1
stytr2,000000510329__Symbolism__nicholas-roerich_language-of-forest-1922,000000510329,Symbolism__nicholas-roerich_language-of-forest-1922,0
stytr2,000000510329__Ukiyo_e__kitagawa-utamaro_not_detected_233134,000000510329,Ukiyo_e__kitagawa-utamaro_not_detected_233134,0
stytr2,000000520659__Abstract_Expressionism__paul-jenkins_not_detected_235703,000000520659,Abstract_Expressionism__paul-jenkins_not_detected_235703,0
stytr2,000000520659__Art_Nouveau_Modern__nicholas-roerich_oze-1914,000000520659,Art_Nouveau_Modern__nicholas-roerich_oze-1914,0
stytr2,000000520659__Baroque__rembrandt_portrait-of-nicolas-van-bambeeck-1641,000000520659,Baroque__rembrandt_portrait-of-nicolas-van-bambeeck-1641,0
stytr2,000000520659__Color_Field_Painting__leon-berkowitz_dark-light-rose-gold-1978,000000520659,Color_Field_Painting__leon-berkowitz_dark-light-rose-gold-1978,1
stytr2,000000520659__Cubism__salvador-dali_cubist-composition-portrait-of-a-seated-person-holding-a-letter,000000520659,Cubism__salvador-dali_cubist-composition-portrait-of-a-seated-person-holding-a-letter,0
stytr2,000000520659__Early_Renaissance__pietro-perugino_st-jerome-who-attends-two-unfairly-hanged-1473,000000520659,Early_Renaissance__pietro-perugino_st-jerome-who-attends-two-unfairly-hanged-1473,0
stytr2,000000520659__Expressionism__amedeo-modigliani_germaine-survage-with-earrings-1918,000000520659,Expressionism__amedeo-modigliani_germaine-survage-with-earrings-1918,0
stytr2,000000520659__High_Renaissance__raphael_madonna-and-child-enthroned-with-saints-1505,000000520659,High_Renaissance__raphael_madonna-and-child-enthroned-with-saints-1505,0
stytr2,000000520659__Impressionism__pierre-auguste-renoir_leaving-the-bath-1890,000000520659,Impressionism__pierre-auguste-renoir_leaving-the-bath-1890,1
stytr2,000000520659__Mannerism_Late_Renaissance__tintoretto_st-mark-rescuing-a-saracen-from-shipwreck-1566,000000520659,Mannerism_Late_Renaissance__tintoretto_st-mark-rescuing-a-saracen-from-shipwreck-1566,0
stytr2,000000520659__Minimalism__mario-schifano_untitled-1963,000000520659,Minimalism__mario-schifano_untitled-1963,0
stytr2,000000520659__Naive_Art_Primitivism__marc-chagall_the-young-samuel-the-priest-s-servant-heard-that-he-is-called-by-god-eli-and-he-were-sleeping,000000520659,Naive_Art_Primitivism__marc-chagall_the-young-samuel-the-priest-s-servant-heard-that-he-is-called-by-god-eli-and-he-were-sleeping,0
stytr2,000000520659__Northern_Renaissance__albrecht-durer_lamentation-over-christ-1507,000000520659,Northern_Renaissance__albrecht-durer_lamentation-over-christ-1507,1
stytr2,000000520659__Pop_Art__peter-max_composition-red-green-1979,000000520659,Pop_Art__peter-max_composition-red-green-1979,0
stytr2,000000520659__Post_Impressionism__vincent-van-gogh_restaurant-de-la-sirene-at-asnieres-1887,000000520659,Post_Impressionism__vincent-van-gogh_restaurant-de-la-sirene-at-asnieres-1887,1
stytr2,000000520659__Realism__vincent-van-gogh_cottage-with-peasant-coming-home-1885(1),000000520659,Realism__vincent-van-gogh_cottage-with-peasant-coming-home-1885(1),0
stytr2,000000520659__Rococo__dmitry-levitzky_portrait-of-baron-a-n-stroganoff,000000520659,Rococo__dmitry-levitzky_portrait-of-baron-a-n-stroganoff,0
stytr2,000000520659__Romanticism__gustave-dore_paradise-lost-4,000000520659,Romanticism__gustave-dore_paradise-lost-4,0
stytr2,000000520659__Symbolism__nicholas-roerich_language-of-forest-1922,000000520659,Symbolism__nicholas-roerich_language-of-forest-1922,0
stytr2,000000520659__Ukiyo_e__kitagawa-utamaro_not_detected_233134,000000520659,Ukiyo_e__kitagawa-utamaro_not_detected_233134,0
stytr2,000000529105__Abstract_Expressionism__paul-jenkins_not_detected_235703,000000529105,Abstract_Expressionism__paul-jenkins_not_detected_235703,0
stytr2,000000529105__Art_Nouveau_Modern__nicholas-roerich_oze-1914,000000529105,Art_Nouveau_Modern__nicholas-roerich_oze-1914,0
stytr2,000000529105__Baroque__rembrandt_portrait-of-nicolas-van-bambeeck-1641,000000529105,Baroque__rembrandt_portrait-of-nicolas-van-bambeeck-1641,0
stytr2,000000529105__Color_Field_Painting__leon-berkowitz_dark-light-rose-gold-1978,000000529105,Color_Field_Painting__leon-berkowitz_dark-light-rose-gold-1978,0
stytr2,000000529105__Cubism__salvador-dali_cubist-composition-portrait-of-a-seated-person-holding-a-letter,000000529105,Cubism__salvador-dali_cubist-composition-portrait-of-a-seated-person-holding-a-letter,0
stytr2,000000529105__Early_Renaissance__pietro-perugino_st-jerome-who-attends-two-unfairly-hanged-1473,000000529105,Early_Renaissance__pietro-perugino_st-jerome-who-attends-two-unfairly-hanged-1473,0
stytr2,000000529105__Expressionism__amedeo-modigliani_germaine-survage-with-earrings-1918,000000529105,Expressionism__amedeo-modigliani_germaine-survage-with-earrings-1918,0
stytr2,000000529105__High_Renaissance__raphael_madonna-and-child-enthroned-with-saints-1505,000000529105,High_Renaissance__raphael_madonna-and-child-enthroned-with-saints-1505,0
stytr2,000000529105__Impressionism__pierre-auguste-renoir_leaving-the-bath-1890,000000529105,Impressionism__pierre-auguste-renoir_leaving-the-bath-1890,1
stytr2,000000529105__Mannerism_Late_Renaissance__tintoretto_st-mark-rescuing-a-saracen-from-shipwreck-1566,000000529105,Mannerism_Late_Renaissance__tintoretto_st-mark-rescuing-a-saracen-from-shipwreck-1566,1
stytr2,000000529105__Minimalism__mario-schifano_untitled-1963,000000529105,Minimalism__mario-schifano_untitled-1963,0
stytr2,000000529105__Naive_Art_Primitivism__marc-chagall_the-young-samuel-the-priest-s-servant-heard-that-he-is-called-by-god-eli-and-he-were-sleeping,000000529105,Naive_Art_Primitivism__marc-chagall_the-young-samuel-the-priest-s-servant-heard-that-he-is-called-by-god-eli-and-he-were-sleeping,0
stytr2,000000529105__Northern_Renaissance__albrecht-durer_lamentation-over-christ-1507,000000529105,Northern_Renaissance__albrecht-durer_lamentation-over-christ-1507,1
stytr2,000000529105__Pop_Art__peter-max_composition-red-green-1979,000000529105,Pop_Art__peter-max_composition-red-green-1979,0
stytr2,000000529105__Post_Impressionism__vincent-van-gogh_restaurant-de-la-sirene-at-asnieres-1887,000000529105,Post_Impressionism__vincent-van-gogh_restaurant-de-la-sirene-at-asnieres-1887,0
stytr2,000000529105__Realism__vincent-van-gogh_cottage-with-peasant-coming-home-1885(1),000000529105,Realism__vincent-van-gogh_cottage-with-peasant-coming-home-1885(1),1
stytr2,000000529105__Rococo__dmitry-levitzky_portrait-of-baron-a-n-stroganoff,000000529105,Rococo__dmitry-levitzky_portrait-of-baron-a-n-stroganoff,0
stytr2,000000529105__Romanticism__gustave-dore_paradise-lost-4,000000529105,Romanticism__gustave-dore_paradise-lost-4,1
stytr2,000000529105__Symbolism__nicholas-roerich_language-of-forest-1922,000000529105,Symbolism__nicholas-roerich_language-of-forest-1922,0
stytr2,000000529105__Ukiyo_e__kitagawa-utamaro_not_detected_233134,000000529105,Ukiyo_e__kitagawa-utamaro_not_detected_233134,0
stytr2,000000529966__Abstract_Expressionism__paul-jenkins_not_detected_235703,000000529966,Abstract_Expressionism__paul-jenkins_not_detected_235703,0
stytr2,000000529966__Art_Nouveau_Modern__nicholas-roerich_oze-1914,000000529966,Art_Nouveau_Modern__nicholas-roerich_oze-1914,0
stytr2,000000529966__Baroque__rembrandt_portrait-of-nicolas-van-bambeeck-1641,000000529966,Baroque__rembrandt_portrait-of-nicolas-van-bambeeck-1641,0
stytr2,000000529966__Color_Field_Painting__leon-berkowitz_dark-light-rose-gold-1978,000000529966,Color_Field_Painting__leon-berkowitz_dark-light-rose-gold-1978,1
stytr2,000000529966__Cubism__salvador-dali_cubist-composition-portrait-of-a-seated-person-holding-a-letter,000000529966,Cubism__salvador-dali_cubist-composition-portrait-of-a-seated-person-holding-a-letter,0
stytr2,000000529966__Early_Renaissance__pietro-perugino_st-jerome-who-attends-two-unfairly-hanged-1473,000000529966,Early_Renaissance__pietro-perugino_st-jerome-who-attends-two-unfairly-hanged-1473,0
stytr2,000000529966__Expressionism__amedeo-modigliani_germaine-survage-with-earrings-1918,000000529966,Expressionism__amedeo-modigliani_germaine-survage-with-earrings-1918,0
stytr2,000000529966__High_Renaissance__raphael_madonna-and-child-enthroned-with-saints-1505,000000529966,High_Renaissance__raphael_madonna-and-child-enthroned-with-saints-1505,0
stytr2,000000529966__Impressionism__pierre-auguste-renoir_leaving-the-bath-1890,000000529966,Impressionism__pierre-auguste-renoir_leaving-the-bath-1890,0
stytr2,000000529966__Mannerism_Late_Renaissance__tintoretto_st-mark-rescuing-a-saracen-from-shipwreck-1566,000000529966,Mannerism_Late_Renaissance__tintoretto_st-mark-rescuing-a-saracen-from-shipwreck-1566,0
stytr2,000000529966__Minimalism__mario-schifano_untitled-1963,000000529966,Minimalism__mario-schifano_untitled-1963,0
stytr2,000000529966__Naive_Art_Primitivism__marc-chagall_the-young-samuel-the-priest-s-servant-heard-that-he-is-called-by-god-eli-and-he-were-sleeping,000000529966,Naive_Art_Primitivism__marc-chagall_the-young-samuel-the-priest-s-servant-heard-that-he-is-called-by-god-eli-and-he-were-sleeping,0
stytr2,000000529966__Northern_Renaissance__albrecht-durer_lamentation-over-christ-1507,000000529966,Northern_Renaissance__albrecht-durer_lamentation-over-christ-1507,0
stytr2,000000529966__Pop_Art__peter-max_composition-red-green-1979,000000529966,Pop_Art__peter-max_composition-red-green-1979,0
stytr2,000000529966__Post_Impressionism__vincent-van-gogh_restaurant-de-la-sirene-at-asnieres-1887,000000529966,Post_Impressionism__vincent-van-gogh_restaurant-de-la-sirene-at-asnieres-1887,1
stytr2,000000529966__Realism__vincent-van-gogh_cottage-with-peasant-coming-home-1885(1),000000529966,Realism__vincent-van-gogh_cottage-with-peasant-coming-home-1885(1),1
stytr2,000000529966__Rococo__dmitry-levitzky_portrait-of-baron-a-n-stroganoff,000000529966,Rococo__dmitry-levitzky_portrait-of-baron-a-n-stroganoff,0
stytr2,000000529966__Romanticism__gustave-dore_paradise-lost-4,000000529966,Romanticism__gustave-dore_paradise-lost-4,0
stytr2,000000529966__Symbolism__nicholas-roerich_language-of-forest-1922,000000529966,Symbolism__nicholas-roerich_language-of-forest-1922,0
stytr2,000000529966__Ukiyo_e__kitagawa-utamaro_not_detected_233134,000000529966,Ukiyo_e__kitagawa-utamaro_not_detected_233134,0
stytr2,000000546475__Abstract_Expressionism__paul-jenkins_not_detected_235703,000000546475,Abstract_Expressionism__paul-jenkins_not_detected_235703,0
stytr2,000000546475__Art_Nouveau_Modern__nicholas-roerich_oze-1914,000000546475,Art_Nouveau_Modern__nicholas-roerich_oze-1914,0
stytr2,000000546475__Baroque__rembrandt_portrait-of-nicolas-van-bambeeck-1641,000000546475,Baroque__rembrandt_portrait-of-nicolas-van-bambeeck-1641,0
stytr2,000000546475__Color_Field_Painting__leon-berkowitz_dark-light-rose-gold-1978,000000546475,Color_Field_Painting__leon-berkowitz_dark-light-rose-gold-1978,1
stytr2,000000546475__Cubism__salvador-dali_cubist-composition-portrait-of-a-seated-person-holding-a-letter,000000546475,Cubism__salvador-dali_cubist-composition-portrait-of-a-seated-person-holding-a-letter,0
stytr2,000000546475__Early_Renaissance__pietro-perugino_st-jerome-who-attends-two-unfairly-hanged-1473,000000546475,Early_Renaissance__pietro-perugino_st-jerome-who-attends-two-unfairly-hanged-1473,0
stytr2,000000546475__Expressionism__amedeo-modigliani_germaine-survage-with-earrings-1918,000000546475,Expressionism__amedeo-modigliani_germaine-survage-with-earrings-1918,0
stytr2,000000546475__High_Renaissance__raphael_madonna-and-child-enthroned-with-saints-1505,000000546475,High_Renaissance__raphael_madonna-and-child-enthroned-with-saints-1505,0
stytr2,000000546475__Impressionism__pierre-auguste-renoir_leaving-the-bath-1890,000000546475,Impressionism__pierre-auguste-renoir_leaving-the-bath-1890,0
stytr2,000000546475__Mannerism_Late_Renaissance__tintoretto_st-mark-rescuing-a-saracen-from-shipwreck-1566,000000546475,Mannerism_Late_Renaissance__tintoretto_st-mark-rescuing-a-saracen-from-shipwreck-1566,1
stytr2,000000546475__Minimalism__mario-schifano_untitled-1963,000000546475,Minimalism__mario-schifano_untitled-1963,0
stytr2,000000546475__Naive_Art_Primitivism__marc-chagall_the-young-samuel-the-priest-s-servant-heard-that-he-is-called-by-god-eli-and-he-were-sleeping,000000546475,Naive_Art_Primitivism__marc-chagall_the-young-samuel-the-priest-s-servant-heard-that-he-is-called-by-god-eli-and-he-were-sleeping,0
stytr2,000000546475__Northern_Renaissance__albrecht-durer_lamentation-over-christ-1507,000000546475,Northern_Renaissance__albrecht-durer_lamentation-over-christ-1507,1
stytr2,000000546475__Pop_Art__peter-max_composition-red-green-1979,000000546475,Pop_Art__peter-max_composition-red-green-1979,0
stytr2,000000546475__Post_Impressionism__vincent-van-gogh_restaurant-de-la-sirene-at-asnieres-1887,000000546475,Post_Impressionism__vincent-van-gogh_restaurant-de-la-sirene-at-asnieres-1887,0
stytr2,000000546475__Realism__vincent-van-gogh_cottage-with-peasant-coming-home-1885(1),000000546475,Realism__vincent-van-gogh_cottage-with-peasant-coming-home-1885(1),0
stytr2,000000546475__Rococo__dmitry-levitzky_portrait-of-baron-a-n-stroganoff,000000546475,Rococo__dmitry-levitzky_portrait-of-baron-a-n-stroganoff,0
stytr2,000000546475__Romanticism__gustave-dore_paradise-lost-4,000000546475,Romanticism__gustave-dore_paradise-lost-4,0
stytr2,000000546475__Symbolism__nicholas-roerich_language-of-forest-1922,000000546475,Symbolism__nicholas-roerich_language-of-forest-1922,0
stytr2,000000546475__Ukiyo_e__kitagawa-utamaro_not_detected_233134,000000546475,Ukiyo_e__kitagawa-utamaro_not_detected_233134,0
stytr2,000000560178__Abstract_Expressionism__paul-jenkins_not_detected_235703,000000560178,Abstract_Expressionism__paul-jenkins_not_detected_235703,0
stytr2,000000560178__Art_Nouveau_Modern__nicholas-roerich_oze-1914,000000560178,Art_Nouveau_Modern__nicholas-roerich_oze-1914,0
stytr2,000000560178__Baroque__rembrandt_portrait-of-nicolas-van-bambeeck-1641,000000560178,Baroque__rembrandt_portrait-of-nicolas-van-bambeeck-1641,0
stytr2,000000560178__Color_Field_Painting__leon-berkowitz_dark-light-rose-gold-1978,000000560178,Color_Field_Painting__leon-berkowitz_dark-light-rose-gold-1978,1
stytr2,000000560178__Cubism__salvador-dali_cubist-composition-portrait-of-a-seated-person-holding-a-letter,000000560178,Cubism__salvador-dali_cubist-composition-portrait-of-a-seated-person-holding-a-letter,0
stytr2,000000560178__Early_Renaissance__pietro-perugino_st-jerome-who-attends-two-unfairly-hanged-1473,000000560178,Early_Renaissance__pietro-perugino_st-jerome-who-attends-two-unfairly-hanged-1473,0
stytr2,000000560178__Expressionism__amedeo-modigliani_germaine-survage-with-earrings-1918,000000560178,Expressionism__amedeo-modigliani_germaine-survage-with-earrings-1918,0
stytr2,000000560178__High_Renaissance__raphael_madonna-and-child-enthroned-with-saints-1505,000000560178,High_Renaissance__raphael_madonna-and-child-enthroned-with-saints-1505,0
stytr2,000000560178__Impressionism__pierre-auguste-renoir_leaving-the-bath-1890,000000560178,Impressionism__pierre-auguste-renoir_leaving-the-bath-1890,1
stytr2,000000560178__Mannerism_Late_Renaissance__tintoretto_st-mark-rescuing-a-saracen-from-shipwreck-1566,000000560178,Mannerism_Late_Renaissance__tintoretto_st-mark-rescuing-a-saracen-from-shipwreck-1566,1
stytr2,000000560178__Minimalism__mario-schifano_untitled-1963,000000560178,Minimalism__mario-schifano_untitled-1963,0
stytr2,000000560178__Naive_Art_Primitivism__marc-chagall_the-young-samuel-the-priest-s-servant-heard-that-he-is-called-by-god-eli-and-he-were-sleeping,000000560178,Naive_Art_Primitivism__marc-chagall_the-young-samuel-the-priest-s-servant-heard-that-he-is-called-by-god-eli-and-he-were-sleeping,0
stytr2,000000560178__Northern_Renaissance__albrecht-durer_lamentation-over-christ-1507,000000560178,Northern_Renaissance__albrecht-durer_lamentation-over-christ-1507,1
stytr2,000000560178__Pop_Art__peter-max_composition-red-green-1979,000000560178,Pop_Art__peter-max_composition-red-green-1979,0
stytr2,000000560178__Post_Impressionism__vincent-van-gogh_restaurant-de-la-sirene-at-asnieres-1887,000000560178,Post_Impressionism__vincent-van-gogh_restaurant-de-la-sirene-at-asnieres-1887,0
stytr2,000000560178__Realism__vincent-van-gogh_cottage-with-peasant-coming-home-1885(1),000000560178,Realism__vincent-van-gogh_cottage-with-peasant-coming-home-1885(1),0
stytr2,000000560178__Rococo__dmitry-levitzky_portrait-of-baron-a-n-stroganoff,000000560178,Rococo__dmitry-levitzky_portrait-of-baron-a-n-stroganoff,0
stytr2,000000560178__Romanticism__gustave-dore_paradise-lost-4,000000560178,Romanticism__gustave-dore_paradise-lost-4,0
stytr2,000000560178__Symbolism__nicholas-roerich_language-of-forest-1922,000000560178,Symbolism__nicholas-roerich_language-of-forest-1922,0
stytr2,000000560178__Ukiyo_e__kitagawa-utamaro_not_detected_233134,000000560178,Ukiyo_e__kitagawa-utamaro_not_detected_233134,0
stytr2,000000572517__Abstract_Expressionism__paul-jenkins_not_detected_235703,000000572517,Abstract_Expressionism__paul-jenkins_not_detected_235703,0
stytr2,000000572517__Art_Nouveau_Modern__nicholas-roerich_oze-1914,000000572517,Art_Nouveau_Modern__nicholas-roerich_oze-1914,0
stytr2,000000572517__Baroque__rembrandt_portrait-of-nicolas-van-bambeeck-1641,000000572517,Baroque__rembrandt_portrait-of-nicolas-van-bambeeck-1641,0
stytr2,000000572517__Color_Field_Painting__leon-berkowitz_dark-light-rose-gold-1978,000000572517,Color_Field_Painting__leon-berkowitz_dark-light-rose-gold-1978,1
stytr2,000000572517__Cubism__salvador-dali_cubist-composition-portrait-of-a-seated-person-holding-a-letter,000000572517,Cubism__salvador-dali_cubist-composition-portrait-of-a-seated-person-holding-a-letter,0
stytr2,000000572517__Early_Renaissance__pietro-perugino_st-jerome-who-attends-two-unfairly-hanged-1473,000000572517,Early_Renaissance__pietro-perugino_st-jerome-who-attends-two-unfairly-hanged-1473,0
stytr2,000000572517__Expressionism__amedeo-modigliani_germaine-survage-with-earrings-1918,000000572517,Expressionism__amedeo-modigliani_germaine-survage-with-earrings-1918,0
stytr2,000000572517__High_Renaissance__raphael_madonna-and-child-enthroned-with-saints-1505,000000572517,High_Renaissance__raphael_madonna-and-child-enthroned-with-saints-1505,0
stytr2,000000572517__Impressionism__pierre-auguste-renoir_leaving-the-bath-1890,000000572517,Impressionism__pierre-auguste-renoir_leaving-the-bath-1890,1
stytr2,000000572517__Mannerism_Late_Renaissance__tintoretto_st-mark-rescuing-a-saracen-from-shipwreck-1566,000000572517,Mannerism_Late_Renaissance__tintoretto_st-mark-rescuing-a-saracen-from-shipwreck-1566,0
stytr2,000000572517__Minimalism__mario-schifano_untitled-1963,000000572517,Minimalism__mario-schifano_untitled-1963,0
stytr2,000000572517__Naive_Art_Primitivism__marc-chagall_the-young-samuel-the-priest-s-servant-heard-that-he-is-called-by-god-eli-and-he-were-sleeping,000000572517,Naive_Art_Primitivism__marc-chagall_the-young-samuel-the-priest-s-servant-heard-that-he-is-called-by-god-eli-and-he-were-sleeping,0
stytr2,000000572517__Northern_Renaissance__albrecht-durer_lamentation-over-christ-1507,000000572517,Northern_Renaissance__albrecht-durer_lamentation-over-christ-1507,0
stytr2,000000572517__Pop_Art__peter-max_composition-red-green-1979,000000572517,Pop_Art__peter-max_composition-red-green-1979,1
stytr2,000000572517__Post_Impressionism__vincent-van-gogh_restaurant-de-la-sirene-at-asnieres-1887,000000572517,Post_Impressionism__vincent-van-gogh_restaurant-de-la-sirene-at-asnieres-1887,0
stytr2,000000572517__Realism__vincent-van-gogh_cottage-with-peasant-coming-home-1885(1),000000572517,Realism__vincent-van-gogh_cottage-with-peasant-coming-home-1885(1),1
stytr2,000000572517__Rococo__dmitry-levitzky_portrait-of-baron-a-n-stroganoff,000000572517,Rococo__dmitry-levitzky_portrait-of-baron-a-n-stroganoff,0
stytr2,000000572517__Romanticism__gustave-dore_paradise-lost-4,000000572517,Romanticism__gustave-dore_paradise-lost-4,1
stytr2,000000572517__Symbolism__nicholas-roerich_language-of-forest-1922,000000572517,Symbolism__nicholas-roerich_language-of-forest-1922,0
stytr2,000000572517__Ukiyo_e__kitagawa-utamaro_not_detected_233134,000000572517,Ukiyo_e__kitagawa-utamaro_not_detected_233134,0
adain,000000001818__Abstract_Expressionism__paul-jenkins_not_detected_235703,000000001818,Abstract_Expressionism__paul-jenkins_not_detected_235703,0
adain,000000001818__Art_Nouveau_Modern__nicholas-roerich_oze-1914,000000001818,Art_Nouveau_Modern__nicholas-roerich_oze-1914,0
adain,000000001818__Baroque__rembrandt_portrait-of-nicolas-van-bambeeck-1641,000000001818,Baroque__rembrandt_portrait-of-nicolas-van-bambeeck-1641,0
adain,000000001818__Color_Field_Painting__leon-berkowitz_dark-light-rose-gold-1978,000000001818,Color_Field_Painting__leon-berkowitz_dark-light-rose-gold-1978,1
adain,000000001818__Cubism__salvador-dali_cubist-composition-portrait-of-a-seated-person-holding-a-letter,000000001818,Cubism__salvador-dali_cubist-composition-portrait-of-a-seated-person-holding-a-letter,0
adain,000000001818__Early_Renaissance__pietro-perugino_st-jerome-who-attends-two-unfairly-hanged-1473,000000001818,Early_Renaissance__pietro-perugino_st-jerome-who-attends-two-unfairly-hanged-1473,0
adain,000000001818__Expressionism__amedeo-modigliani_germaine-survage-with-earrings-1918,000000001818,Expressionism__amedeo-modigliani_germaine-survage-with-earrings-1918,0
adain,000000001818__High_Renaissance__raphael_madonna-and-child-enthroned-with-saints-1505,000000001818,High_Renaissance__raphael_madonna-and-child-enthroned-with-saints-1505,0
adain,000000001818__Impressionism__pierre-auguste-renoir_leaving-the-bath-1890,000000001818,Impressionism__pierre-auguste-renoir_leaving-the-bath-1890,0
adain,000000001818__Mannerism_Late_Renaissance__tintoretto_st-mark-rescuing-a-saracen-from-shipwreck-1566,000000001818,Mannerism_Late_Renaissance__tintoretto_st-mark-rescuing-a-saracen-from-shipwreck-1566,0
adain,000000001818__Minimalism__mario-schifano_untitled-1963,000000001818,Minimalism__mario-schifano_untitled-1963,0
adain,000000001818__Naive_Art_Primitivism__marc-chagall_the-young-samuel-the-priest-s-servant-heard-that-he-is-called-by-god-eli-and-he-were-sleeping,000000001818,Naive_Art_Primitivism__marc-chagall_the-young-samuel-the-priest-s-servant-heard-that-he-is-called-by-god-eli-and-he-were-sleeping,1
adain,000000001818__Northern_Renaissance__albrecht-durer_lamentation-over-christ-1507,000000001818,Northern_Renaissance__albrecht-durer_lamentation-over-christ-1507,0
adain,000000001818__Pop_Art__peter-max_composition-red-green-1979,000000001818,Pop_Art__peter-max_composition-red-green-1979,0
adain,000000001818__Post_Impressionism__vincent-van-gogh_restaurant-de-la-sirene-at-asnieres-1887,000000001818,Post_Impressionism__vincent-van-gogh_restaurant-de-la-sirene-at-asnieres-1887,0
adain,000000001818__Realism__vincent-van-gogh_cottage-with-peasant-coming-home-1885(1),000000001818,Realism__vincent-van-gogh_cottage-with-peasant-coming-home-1885(1),1
adain,000000001818__Rococo__dmitry-levitzky_portrait-of-baron-a-n-stroganoff,000000001818,Rococo__dmitry-levitzky_portrait-of-baron-a-n-stroganoff,0
adain,000000001818__Romanticism__gustave-dore_paradise-lost-4,000000001818,Romanticism__gustave-dore_paradise-lost-4,0
adain,000000001818__Symbolism__nicholas-roerich_language-of-forest-1922,000000001818,Symbolism__nicholas-roerich_language-of-forest-1922,0
adain,000000001818__Ukiyo_e__kitagawa-utamaro_not_detected_233134,000000001818,Ukiyo_e__kitagawa-utamaro_not_detected_233134,0
adain,000000009448__Abstract_Expressionism__paul-jenkins_not_detected_235703,000000009448,Abstract_Expressionism__paul-jenkins_not_detected_235703,0
adain,000000009448__Art_Nouveau_Modern__nicholas-roerich_oze-1914,000000009448,Art_Nouveau_Modern__nicholas-roerich_oze-1914,0
adain,000000009448__Baroque__rembrandt_portrait-of-nicolas-van-bambeeck-1641,000000009448,Baroque__rembrandt_portrait-of-nicolas-van-bambeeck-1641,0
adain,000000009448__Color_Field_Painting__leon-berkowitz_dark-light-rose-gold-1978,000000009448,Color_Field_Painting__leon-berkowitz_dark-light-rose-gold-1978,1
adain,000000009448__Cubism__salvador-dali_cubist-composition-portrait-of-a-seated-person-holding-a-letter,000000009448,Cubism__salvador-dali_cubist-composition-portrait-of-a-seated-person-holding-a-letter,0
adain,000000009448__Early_Renaissance__pietro-perugino_st-jerome-who-attends-two-unfairly-hanged-1473,000000009448,Early_Renaissance__pietro-perugino_st-jerome-who-attends-two-unfairly-hanged-1473,1
adain,000000009448__Expressionism__amedeo-modigliani_germaine-survage-with-earrings-1918,000000009448,Expressionism__amedeo-modigliani_germaine-survage-with-earrings-1918,0
adain,000000009448__High_Renaissance__raphael_madonna-and-child-enthroned-with-saints-1505,000000009448,High_Renaissance__raphael_madonna-and-child-enthroned-with-saints-1505,1
adain,000000009448__Impressionism__pierre-auguste-renoir_leaving-the-bath-1890,000000009448,Impressionism__pierre-auguste-renoir_leaving-the-bath-1890,1
adain,000000009448__Mannerism_Late_Renaissance__tintoretto_st-mark-rescuing-a-saracen-from-shipwreck-1566,000000009448,Mannerism_Late_Renaissance__tintoretto_st-mark-rescuing-a-saracen-from-shipwreck-1566,1
adain,000000009448__Minimalism__mario-schifano_untitled-1963,000000009448,Minimalism__mario-schifano_untitled-1963,0
adain,000000009448__Naive_Art_Primitivism__marc-chagall_the-young-samuel-the-priest-s-servant-heard-that-he-is-called-by-god-eli-and-he-were-sleeping,000000009448,Naive_Art_Primitivism__marc-chagall_the-young-samuel-the-priest-s-servant-heard-that-he-is-called-by-god-eli-and-he-were-sleeping,0
adain,000000009448__Northern_Renaissance__albrecht-durer_lamentation-over-christ-1507,000000009448,Northern_Renaissance__albrecht-durer_lamentation-over-christ-1507,1
adain,000000009448__Pop_Art__peter-max_composition-red-green-1979,000000009448,Pop_Art__peter-max_composition-red-green-1979,0
adain,000000009448__Post_Impressionism__vincent-van-gogh_restaurant-de-la-sirene-at-asnieres-1887,000000009448,Post_Impressionism__vincent-van-gogh_restaurant-de-la-sirene-at-asnieres-1887,0
adain,000000009448__Realism__vincent-van-gogh_cottage-with-peasant-coming-home-1885(1),000000009448,Realism__vincent-van-gogh_cottage-with-peasant-coming-home-1885(1),0
adain,000000009448__Rococo__dmitry-levitzky_portrait-of-baron-a-n-stroganoff,000000009448,Rococo__dmitry-levitzky_portrait-of-baron-a-n-stroganoff,0
adain,000000009448__Romanticism__gustave-dore_paradise-lost-4,000000009448,Romanticism__gustave-dore_paradise-lost-4,0
adain,000000009448__Symbolism__nicholas-roerich_language-of-forest-1922,000000009448,Symbolism__nicholas-roerich_language-of-forest-1922,0
adain,000000009448__Ukiyo_e__kitagawa-utamaro_not_detected_233134,000000009448,Ukiyo_e__kitagawa-utamaro_not_detected_233134,0
adain,000000072795__Abstract_Expressionism__paul-jenkins_not_detected_235703,000000072795,Abstract_Expressionism__paul-jenkins_not_detected_235703,1
adain,000000072795__Art_Nouveau_Modern__nicholas-roerich_oze-1914,000000072795,Art_Nouveau_Modern__nicholas-roerich_oze-1914,0
adain,000000072795__Baroque__rembrandt_portrait-of-nicolas-van-bambeeck-1641,000000072795,Baroque__rembrandt_portrait-of-nicolas-van-bambeeck-1641,0
adain,000000072795__Color_Field_Painting__leon-berkowitz_dark-light-rose-gold-1978,000000072795,Color_Field_Painting__leon-berkowitz_dark-light-rose-gold-1978,1
adain,000000072795__Cubism__salvador-dali_cubist-composition-portrait-of-a-seated-person-holding-a-letter,000000072795,Cubism__salvador-dali_cubist-composition-portrait-of-a-seated-person-holding-a-letter,0
adain,000000072795__Early_Renaissance__pietro-perugino_st-jerome-who-attends-two-unfairly-hanged-1473,000000072795,Early_Renaissance__pietro-perugino_st-jerome-who-attends-two-unfairly-hanged-1473,0
adain,000000072795__Expressionism__amedeo-modigliani_germaine-survage-with-earrings-1918,000000072795,Expressionism__amedeo-modigliani_germaine-survage-with-earrings-1918,0
adain,000000072795__High_Renaissance__raphael_madonna-and-child-enthroned-with-saints-1505,000000072795,High_Renaissance__raphael_madonna-and-child-enthroned-with-saints-1505,0
adain,000000072795__Impressionism__pierre-auguste-renoir_leaving-the-bath-1890,000000072795,Impressionism__pierre-auguste-renoir_leaving-the-bath-1890,1
adain,000000072795__Mannerism_Late_Renaissance__tintoretto_st-mark-rescuing-a-saracen-from-shipwreck-1566,000000072795,Mannerism_Late_Renaissance__tintoretto_st-mark-rescuing-a-saracen-from-shipwreck-1566,1
adain,000000072795__Minimalism__mario-schifano_untitled-1963,000000072795,Minimalism__mario-schifano_untitled-1963,0
adain,000000072795__Naive_Art_Primitivism__marc-chagall_the-young-samuel-the-priest-s-servant-heard-that-he-is-called-by-god-eli-and-he-were-sleeping,000000072795,Naive_Art_Primitivism__marc-chagall_the-young-samuel-the-priest-s-servant-heard-that-he-is-called-by-god-eli-and-he-were-sleeping,1
adain,000000072795__Northern_Renaissance__albrecht-durer_lamentation-over-christ-1507,000000072795,Northern_Renaissance__albrecht-durer_lamentation-over-christ-1507,0
adain,000000072795__Pop_Art__peter-max_composition-red-green-1979,000000072795,Pop_Art__peter-max_composition-red-green-1979,1
adain,000000072795__Post_Impressionism__vincent-van-gogh_restaurant-de-la-sirene-at-asnieres-1887,000000072795,Post_Impressionism__vincent-van-gogh_restaurant-de-la-sirene-at-asnieres-1887,0
adain,000000072795__Realism__vincent-van-gogh_cottage-with-peasant-coming-home-1885(1),000000072795,Realism__vincent-van-gogh_cottage-with-peasant-coming-home-1885(1),0
adain,000000072795__Rococo__dmitry-levitzky_portrait-of-baron-a-n-stroganoff,000000072795,Rococo__dmitry-levitzky_portrait-of-baron-a-n-stroganoff,0
adain,000000072795__Romanticism__gustave-dore_paradise-lost-4,000000072795,Romanticism__gustave-dore_paradise-lost-4,0
adain,000000072795__Symbolism__nicholas-roerich_language-of-forest-1922,000000072795,Symbolism__nicholas-roerich_language-of-forest-1922,0
adain,000000072795__Ukiyo_e__kitagawa-utamaro_not_detected_233134,000000072795,Ukiyo_e__kitagawa-utamaro_not_detected_233134,0
adain,000000078420__Abstract_Expressionism__paul-jenkins_not_detected_235703,000000078420,Abstract_Expressionism__paul-jenkins_not_detected_235703,0
adain,000000078420__Art_Nouveau_Modern__nicholas-roerich_oze-1914,000000078420,Art_Nouveau_Modern__nicholas-roerich_oze-1914,0
adain,000000078420__Baroque__rembrandt_portrait-of-nicolas-van-bambeeck-1641,000000078420,Baroque__rembrandt_portrait-of-nicolas-van-bambeeck-1641,0
adain,000000078420__Color_Field_Painting__leon-berkowitz_dark-light-rose-gold-1978,000000078420,Color_Field_Painting__leon-berkowitz_dark-light-rose-gold-1978,1
adain,000000078420__Cubism__salvador-dali_cubist-composition-portrait-of-a-seated-person-holding-a-letter,000000078420,Cubism__salvador-dali_cubist-composition-portrait-of-a-seated-person-holding-a-letter,0
adain,000000078420__Early_Renaissance__pietro-perugino_st-jerome-who-attends-two-unfairly-hanged-1473,000000078420,Early_Renaissance__pietro-perugino_st-jerome-who-attends-two-unfairly-hanged-1473,0
adain,000000078420__Expressionism__amedeo-modigliani_germaine-survage-with-earrings-1918,000000078420,Expressionism__amedeo-modigliani_germaine-survage-with-earrings-1918,0
adain,000000078420__High_Renaissance__raphael_madonna-and-child-enthroned-with-saints-1505,000000078420,High_Renaissance__raphael_madonna-and-child-enthroned-with-saints-1505,0
adain,000000078420__Impressionism__pierre-auguste-renoir_leaving-the-bath-1890,000000078420,Impressionism__pierre-auguste-renoir_leaving-the-bath-1890,0
adain,000000078420__Mannerism_Late_Renaissance__tintoretto_st-mark-rescuing-a-saracen-from-shipwreck-1566,000000078420,Mannerism_Late_Renaissance__tintoretto_st-mark-rescuing-a-saracen-from-shipwreck-1566,0
adain,000000078420__Minimalism__mario-schifano_untitled-1963,000000078420,Minimalism__mario-schifano_untitled-1963,0
adain,000000078420__Naive_Art_Primitivism__marc-chagall_the-young-samuel-the-priest-s-servant-heard-that-he-is-called-by-god-eli-and-he-were-sleeping,000000078420,Naive_Art_Primitivism__marc-chagall_the-young-samuel-the-priest-s-servant-heard-that-he-is-called-by-god-eli-and-he-were-sleeping,1
adain,000000078420__Northern_Renaissance__albrecht-durer_lamentation-over-christ-1507,000000078420,Northern_Renaissance__albrecht-durer_lamentation-over-christ-1507,0
adain,000000078420__Pop_Art__peter-max_composition-red-green-1979,000000078420,Pop_Art__peter-max_composition-red-green-1979,1
adain,000000078420__Post_Impressionism__vincent-van-gogh_restaurant-de-la-sirene-at-asnieres-1887,000000078420,Post_Impressionism__vincent-van-gogh_restaurant-de-la-sirene-at-asnieres-1887,1
adain,000000078420__Realism__vincent-van-gogh_cottage-with-peasant-coming-home-1885(1),000000078420,Realism__vincent-van-gogh_cottage-with-peasant-coming-home-1885(1),0
adain,000000078420__Rococo__dmitry-levitzky_portrait-of-baron-a-n-stroganoff,000000078420,Rococo__dmitry-levitzky_portrait-of-baron-a-n-stroganoff,0
adain,000000078420__Romanticism__gustave-dore_paradise-lost-4,000000078420,Romanticism__gustave-dore_paradise-lost-4,0
adain,000000078420__Symbolism__nicholas-roerich_language-of-forest-1922,000000078420,Symbolism__nicholas-roerich_language-of-forest-1922,0
adain,000000078420__Ukiyo_e__kitagawa-utamaro_not_detected_233134,000000078420,Ukiyo_e__kitagawa-utamaro_not_detected_233134,0
adain,000000085682__Abstract_Expressionism__paul-jenkins_not_detected_235703,000000085682,Abstract_Expressionism__paul-jenkins_not_detected_235703,1
adain,000000085682__Art_Nouveau_Modern__nicholas-roerich_oze-1914,000000085682,Art_Nouveau_Modern__nicholas-roerich_oze-1914,0
adain,000000085682__Baroque__rembrandt_portrait-of-nicolas-van-bambeeck-1641,000000085682,Baroque__rembrandt_portrait-of-nicolas-van-bambeeck-1641,0
adain,000000085682__Color_Field_Painting__leon-berkowitz_dark-light-rose-gold-1978,000000085682,Color_Field_Painting__leon-berkowitz_dark-light-rose-gold-1978,1
adain,000000085682__Cubism__salvador-dali_cubist-composition-portrait-of-a-seated-person-holding-a-letter,000000085682,Cubism__salvador-dali_cubist-composition-portrait-of-a-seated-person-holding-a-letter,0
adain,000000085682__Early_Renaissance__pietro-perugino_st-jerome-who-attends-two-unfairly-hanged-1473,000000085682,Early_Renaissance__pietro-perugino_st-jerome-who-attends-two-unfairly-hanged-1473,0
adain,000000085682__Expressionism__amedeo-modigliani_germaine-survage-with-earrings-1918,000000085682,Expressionism__amedeo-modigliani_germaine-survage-with-earrings-1918,0
adain,000000085682__High_Renaissance__raphael_madonna-and-child-enthroned-with-saints-1505,000000085682,High_Renaissance__raphael_madonna-and-child-enthroned-with-saints-1505,0
adain,000000085682__Impressionism__pierre-auguste-renoir_leaving-the-bath-1890,000000085682,Impressionism__pierre-auguste-renoir_leaving-the-bath-1890,1
adain,000000085682__Mannerism_Late_Renaissance__tintoretto_st-mark-rescuing-a-saracen-from-shipwreck-1566,000000085682,Mannerism_Late_Renaissance__tintoretto_st-mark-rescuing-a-saracen-from-shipwreck-1566,0
adain,000000085682__Minimalism__mario-schifano_untitled-1963,000000085682,Minimalism__mario-schifano_untitled-1963,0
adain,000000085682__Naive_Art_Primitivism__marc-chagall_the-young-samuel-the-priest-s-servant-heard-that-he-is-called-by-god-eli-and-he-were-sleeping,000000085682,Naive_Art_Primitivism__marc-chagall_the-young-samuel-the-priest-s-servant-heard-that-he-is-called-by-god-eli-and-he-were-sleeping,0
adain,000000085682__Northern_Renaissance__albrecht-durer_lamentation-over-christ-1507,000000085682,Northern_Renaissance__albrecht-durer_lamentation-over-christ-1507,0
adain,000000085682__Pop_Art__peter-max_composition-red-green-1979,000000085682,Pop_Art__peter-max_composition-red-green-1979,0
adain,000000085682__Post_Impressionism__vincent-van-gogh_restaurant-de-la-sirene-at-asnieres-1887,000000085682,Post_Impressionism__vincent-van-gogh_restaurant-de-la-sirene-at-asnieres-1887,1
adain,000000085682__Realism__vincent-van-gogh_cottage-with-peasant-coming-home-1885(1),000000085682,Realism__vincent-van-gogh_cottage-with-peasant-coming-home-1885(1),0
adain,000000085682__Rococo__dmitry-levitzky_portrait-of-baron-a-n-stroganoff,000000085682,Rococo__dmitry-levitzky_portrait-of-baron-a-n-stroganoff,0
adain,000000085682__Romanticism__gustave-dore_paradise-lost-4,000000085682,Romanticism__gustave-dore_paradise-lost-4,1
adain,000000085682__Symbolism__nicholas-roerich_language-of-forest-1922,000000085682,Symbolism__nicholas-roerich_language-of-forest-1922,0
adain,000000085682__Ukiyo_e__kitagawa-utamaro_not_detected_233134,000000085682,Ukiyo_e__kitagawa-utamaro_not_detected_233134,0
adain,000000094157__Abstract_Expressionism__paul-jenkins_not_detected_235703,000000094157,Abstract_Expressionism__paul-jenkins_not_detected_235703,0
adain,000000094157__Art_Nouveau_Modern__nicholas-roerich_oze-1914,000000094157,Art_Nouveau_Modern__nicholas-roerich_oze-1914,1
adain,000000094157__Baroque__rembrandt_portrait-of-nicolas-van-bambeeck-1641,000000094157,Baroque__rembrandt_portrait-of-nicolas-van-bambeeck-1641,0
adain,000000094157__Color_Field_Painting__leon-berkowitz_dark-light-rose-gold-1978,000000094157,Color_Field_Painting__leon-berkowitz_dark-light-rose-gold-1978,1
adain,000000094157__Cubism__salvador-dali_cubist-composition-portrait-of-a-seated-person-holding-a-letter,000000094157,Cubism__salvador-dali_cubist-composition-portrait-of-a-seated-person-holding-a-letter,1
adain,000000094157__Early_Renaissance__pietro-perugino_st-jerome-who-attends-two-unfairly-hanged-1473,000000094157,Early_Renaissance__pietro-perugino_st-jerome-who-attends-two-unfairly-hanged-1473,0
adain,000000094157__Expressionism__amedeo-modigliani_germaine-survage-with-earrings-1918,000000094157,Expressionism__amedeo-modigliani_germaine-survage-with-earrings-1918,0
adain,000000094157__High_Renaissance__raphael_madonna-and-child-enthroned-with-saints-1505,000000094157,High_Renaissance__raphael_madonna-and-child-enthroned-with-saints-1505,0
adain,000000094157__Impressionism__pierre-auguste-renoir_leaving-the-bath-1890,000000094157,Impressionism__pierre-auguste-renoir_leaving-the-bath-1890,0
adain,000000094157__Mannerism_Late_Renaissance__tintoretto_st-mark-rescuing-a-saracen-from-shipwreck-1566,000000094157,Mannerism_Late_Renaissance__tintoretto_st-mark-rescuing-a-saracen-from-shipwreck-1566,1
adain,000000094157__Minimalism__mario-schifano_untitled-1963,000000094157,Minimalism__mario-schifano_untitled-1963,0
adain,000000094157__Naive_Art_Primitivism__marc-chagall_the-young-samuel-the-priest-s-servant-heard-that-he-is-called-by-god-eli-and-he-were-sleeping,000000094157,Naive_Art_Primitivism__marc-chagall_the-young-samuel-the-priest-s-servant-heard-that-he-is-called-by-god-eli-and-he-were-sleeping,0
adain,000000094157__Northern_Renaissance__albrecht-durer_lamentation-over-christ-1507,000000094157,Northern_Renaissance__albrecht-durer_lamentation-over-christ-1507,1
adain,000000094157__Pop_Art__peter-max_composition-red-green-1979,000000094157,Pop_Art__peter-max_composition-red-green-1979,0
adain,000000094157__Post_Impressionism__vincent-van-gogh_restaurant-de-la-sirene-at-asnieres-1887,000000094157,Post_Impressionism__vincent-van-gogh_restaurant-de-la-sirene-at-asnieres-1887,0
adain,000000094157__Realism__vincent-van-gogh_cottage-with-peasant-coming-home-1885(1),000000094157,Realism__vincent-van-gogh_cottage-with-peasant-coming-home-1885(1),0
adain,000000094157__Rococo__dmitry-levitzky_portrait-of-baron-a-n-stroganoff,000000094157,Rococo__dmitry-levitzky_portrait-of-baron-a-n-stroganoff,0
adain,000000094157__Romanticism__gustave-dore_paradise-lost-4,000000094157,Romanticism__gustave-dore_paradise-lost-4,0
adain,000000094157__Symbolism__nicholas-roerich_language-of-forest-1922,000000094157,Symbolism__nicholas-roerich_language-of-forest-1922,0
adain,000000094157__Ukiyo_e__kitagawa-utamaro_not_detected_233134,000000094157,Ukiyo_e__kitagawa-utamaro_not_detected_233134,0
adain,000000098633__Abstract_Expressionism__paul-jenkins_not_detected_235703,000000098633,Abstract_Expressionism__paul-jenkins_not_detected_235703,0
adain,000000098633__Art_Nouveau_Modern__nicholas-roerich_oze-1914,000000098633,Art_Nouveau_Modern__nicholas-roerich_oze-1914,0
adain,000000098633__Baroque__rembrandt_portrait-of-nicolas-van-bambeeck-1641,000000098633,Baroque__rembrandt_portrait-of-nicolas-van-bambeeck-1641,0
adain,000000098633__Color_Field_Painting__leon-berkowitz_dark-light-rose-gold-1978,000000098633,Color_Field_Painting__leon-berkowitz_dark-light-rose-gold-1978,1
adain,000000098633__Cubism__salvador-dali_cubist-composition-portrait-of-a-seated-person-holding-a-letter,000000098633,Cubism__salvador-dali_cubist-composition-portrait-of-a-seated-person-holding-a-letter,0
adain,000000098633__Early_Renaissance__pietro-perugino_st-jerome-who-attends-two-unfairly-hanged-1473,000000098633,Early_Renaissance__pietro-perugino_st-jerome-who-attends-two-unfairly-hanged-1473,0
adain,000000098633__Expressionism__amedeo-modigliani_germaine-survage-with-earrings-1918,000000098633,Expressionism__amedeo-modigliani_germaine-survage-with-earrings-1918,0
adain,000000098633__High_Renaissance__raphael_madonna-and-child-enthroned-with-saints-1505,000000098633,High_Renaissance__raphael_madonna-and-child-enthroned-with-saints-1505,0
adain,000000098633__Impressionism__pierre-auguste-renoir_leaving-the-bath-1890,000000098633,Impressionism__pierre-auguste-renoir_leaving-the-bath-1890,1
adain,000000098633__Mannerism_Late_Renaissance__tintoretto_st-mark-rescuing-a-saracen-from-shipwreck-1566,000000098633,Mannerism_Late_Renaissance__tintoretto_st-mark-rescuing-a-saracen-from-shipwreck-1566,0
adain,000000098633__Minimalism__mario-schifano_untitled-1963,000000098633,Minimalism__mario-schifano_untitled-1963,0
adain,000000098633__Naive_Art_Primitivism__marc-chagall_the-young-samuel-the-priest-s-servant-heard-that-he-is-called-by-god-eli-and-he-were-sleeping,000000098633,Naive_Art_Primitivism__marc-chagall_the-young-samuel-the-priest-s-servant-heard-that-he-is-called-by-god-eli-and-he-were-sleeping,1
adain,000000098633__Northern_Renaissance__albrecht-durer_lamentation-over-christ-1507,000000098633,Northern_Renaissance__albrecht-durer_lamentation-over-christ-1507,0
adain,000000098633__Pop_Art__peter-max_composition-red-green-1979,000000098633,Pop_Art__peter-max_composition-red-green-1979,0
adain,000000098633__Post_Impressionism__vincent-van-gogh_restaurant-de-la-sirene-at-asnieres-1887,000000098633,Post_Impressionism__vincent-van-gogh_restaurant-de-la-sirene-at-asnieres-1887,0
adain,000000098633__Realism__vincent-van-gogh_cottage-with-peasant-coming-home-1885(1),000000098633,Realism__vincent-van-gogh_cottage-with-peasant-coming-home-1885(1),0
adain,000000098633__Rococo__dmitry-levitzky_portrait-of-baron-a-n-stroganoff,000000098633,Rococo__dmitry-levitzky_portrait-of-baron-a-n-stroganoff,0
adain,000000098633__Romanticism__gustave-dore_paradise-lost-4,000000098633,Romanticism__gustave-dore_paradise-lost-4,0
adain,000000098633__Symbolism__nicholas-roerich_language-of-forest-1922,000000098633,Symbolism__nicholas-roerich_language-of-forest-1922,0
adain,000000098633__Ukiyo_e__kitagawa-utamaro_not_detected_233134,000000098633,Ukiyo_e__kitagawa-utamaro_not_detected_233134,0
adain,000000106912__Abstract_Expressionism__paul-jenkins_not_detected_235703,000000106912,Abstract_Expressionism__paul-jenkins_not_detected_235703,0
adain,000000106912__Art_Nouveau_Modern__nicholas-roerich_oze-1914,000000106912,Art_Nouveau_Modern__nicholas-roerich_oze-1914,0
adain,000000106912__Baroque__rembrandt_portrait-of-nicolas-van-bambeeck-1641,000000106912,Baroque__rembrandt_portrait-of-nicolas-van-bambeeck-1641,0
adain,000000106912__Color_Field_Painting__leon-berkowitz_dark-light-rose-gold-1978,000000106912,Color_Field_Painting__leon-berkowitz_dark-light-rose-gold-1978,1
adain,000000106912__Cubism__salvador-dali_cubist-composition-portrait-of-a-seated-person-holding-a-letter,000000106912,Cubism__salvador-dali_cubist-composition-portrait-of-a-seated-person-holding-a-letter,0
adain,000000106912__Early_Renaissance__pietro-perugino_st-jerome-who-attends-two-unfairly-hanged-1473,000000106912,Early_Renaissance__pietro-perugino_st-jerome-who-attends-two-unfairly-hanged-1473,0
adain,000000106912__Expressionism__amedeo-modigliani_germaine-survage-with-earrings-1918,000000106912,Expressionism__amedeo-modigliani_germaine-survage-with-earrings-1918,0
adain,000000106912__High_Renaissance__raphael_madonna-and-child-enthroned-with-saints-1505,000000106912,High_Renaissance__raphael_madonna-and-child-enthroned-with-saints-1505,0
adain,000000106912__Impressionism__pierre-auguste-renoir_leaving-the-bath-1890,000000106912,Impressionism__pierre-auguste-renoir_leaving-the-bath-1890,1
adain,000000106912__Mannerism_Late_Renaissance__tintoretto_st-mark-rescuing-a-saracen-from-shipwreck-1566,000000106912,Mannerism_Late_Renaissance__tintoretto_st-mark-rescuing-a-saracen-from-shipwreck-1566,0
adain,000000106912__Minimalism__mario-schifano_untitled-1963,000000106912,Minimalism__mario-schifano_untitled-1963,0
adain,000000106912__Naive_Art_Primitivism__marc-chagall_the-young-samuel-the-priest-s-servant-heard-that-he-is-called-by-god-eli-and-he-were-sleeping,000000106912,Naive_Art_Primitivism__marc-chagall_the-young-samuel-the-priest-s-servant-heard-that-he-is-called-by-god-eli-and-he-were-sleeping,0
adain,000000106912__Northern_Renaissance__albrecht-durer_lamentation-over-christ-1507,000000106912,Northern_Renaissance__albrecht-durer_lamentation-over-christ-1507,1
adain,000000106912__Pop_Art__peter-max_composition-red-green-1979,000000106912,Pop_Art__peter-max_composition-red-green-1979,0
adain,000000106912__Post_Impressionism__vincent-van-gogh_restaurant-de-la-sirene-at-asnieres-1887,000000106912,Post_Impressionism__vincent-van-gogh_restaurant-de-la-sirene-at-asnieres-1887,1
adain,000000106912__Realism__vincent-van-gogh_cottage-with-peasant-coming-home-1885(1),000000106912,Realism__vincent-van-gogh_cottage-with-peasant-coming-home-1885(1),0
adain,000000106912__Rococo__dmitry-levitzky_portrait-of-baron-a-n-stroganoff,000000106912,Rococo__dmitry-levitzky_portrait-of-baron-a-n-stroganoff,0
adain,000000106912__Romanticism__gustave-dore_paradise-lost-4,000000106912,Romanticism__gustave-dore_paradise-lost-4,0
adain,000000106912__Symbolism__nicholas-roerich_language-of-forest-1922,000000106912,Symbolism__nicholas-roerich_language-of-forest-1922,0
adain,000000106912__Ukiyo_e__kitagawa-utamaro_not_detected_233134,000000106912,Ukiyo_e__kitagawa-utamaro_not_detected_233134,0
adain,000000116208__Abstract_Expressionism__paul-jenkins_not_detected_235703,000000116208,Abstract_Expressionism__paul-jenkins_not_detected_235703,0
adain,000000116208__Art_Nouveau_Modern__nicholas-roerich_oze-1914,000000116208,Art_Nouveau_Modern__nicholas-roerich_oze-1914,0
adain,000000116208__Baroque__rembrandt_portrait-of-nicolas-van-bambeeck-1641,000000116208,Baroque__rembrandt_portrait-of-nicolas-van-bambeeck-1641,0
adain,000000116208__Color_Field_Painting__leon-berkowitz_dark-light-rose-gold-1978,000000116208,Color_Field_Painting__leon-berkowitz_dark-light-rose-gold-1978,1
adain,000000116208__Cubism__salvador-dali_cubist-composition-portrait-of-a-seated-person-holding-a-letter,000000116208,Cubism__salvador-dali_cubist-composition-portrait-of-a-seated-person-holding-a-letter,1
adain,000000116208__Early_Renaissance__pietro-perugino_st-jerome-who-attends-two-unfairly-hanged-1473,000000116208,Early_Renaissance__pietro-perugino_st-jerome-who-attends-two-unfairly-hanged-1473,0
adain,000000116208__Expressionism__amedeo-modigliani_germaine-survage-with-earrings-1918,000000116208,Expressionism__amedeo-modigliani_germaine-survage-with-earrings-1918,0
adain,000000116208__High_Renaissance__raphael_madonna-and-child-enthroned-with-saints-1505,000000116208,High_Renaissance__raphael_madonna-and-child-enthroned-with-saints-1505,0
adain,000000116208__Impressionism__pierre-auguste-renoir_leaving-the-bath-1890,000000116208,Impressionism__pierre-auguste-renoir_leaving-the-bath-1890,1
adain,000000116208__Mannerism_Late_Renaissance__tintoretto_st-mark-rescuing-a-saracen-from-shipwreck-1566,000000116208,Mannerism_Late_Renaissance__tintoretto_st-mark-rescuing-a-saracen-from-shipwreck-1566,0
adain,000000116208__Minimalism__mario-schifano_untitled-1963,000000116208,Minimalism__mario-schifano_untitled-1963,0
adain,000000116208__Naive_Art_Primitivism__marc-chagall_the-young-samuel-the-priest-s-servant-heard-that-he-is-called-by-god-eli-and-he-were-sleeping,000000116208,Naive_Art_Primitivism__marc-chagall_the-young-samuel-the-priest-s-servant-heard-that-he-is-called-by-god-eli-and-he-were-sleeping,1
adain,000000116208__Northern_Renaissance__albrecht-durer_lamentation-over-christ-1507,000000116208,Northern_Renaissance__albrecht-durer_lamentation-over-christ-1507,1
adain,000000116208__Pop_Art__peter-max_composition-red-green-1979,000000116208,Pop_Art__peter-max_composition-red-green-1979,0
adain,000000116208__Post_Impressionism__vincent-van-gogh_restaurant-de-la-sirene-at-asnieres-1887,000000116208,Post_Impressionism__vincent-van-gogh_restaurant-de-la-sirene-at-asnieres-1887,0
adain,000000116208__Realism__vincent-van-gogh_cottage-with-peasant-coming-home-1885(1),000000116208,Realism__vincent-van-gogh_cottage-with-peasant-coming-home-1885(1),0
adain,000000116208__Rococo__dmitry-levitzky_portrait-of-baron-a-n-stroganoff,000000116208,Rococo__dmitry-levitzky_portrait-of-baron-a-n-stroganoff,0
adain,000000116208__Romanticism__gustave-dore_paradise-lost-4,000000116208,Romanticism__gustave-dore_paradise-lost-4,0
adain,000000116208__Symbolism__nicholas-roerich_language-of-forest-1922,000000116208,Symbolism__nicholas-roerich_language-of-forest-1922,0
adain,000000116208__Ukiyo_e__kitagawa-utamaro_not_detected_233134,000000116208,Ukiyo_e__kitagawa-utamaro_not_detected_233134,0
adain,000000135872__Abstract_Expressionism__paul-jenkins_not_detected_235703,000000135872,Abstract_Expressionism__paul-jenkins_not_detected_235703,0
adain,000000135872__Art_Nouveau_Modern__nicholas-roerich_oze-1914,000000135872,Art_Nouveau_Modern__nicholas-roerich_oze-1914,0
adain,000000135872__Baroque__rembrandt_portrait-of-nicolas-van-bambeeck-1641,000000135872,Baroque__rembrandt_portrait-of-nicolas-van-bambeeck-1641,0
adain,000000135872__Color_Field_Painting__leon-berkowitz_dark-light-rose-gold-1978,000000135872,Color_Field_Painting__leon-berkowitz_dark-light-rose-gold-1978,1
adain,000000135872__Cubism__salvador-dali_cubist-composition-portrait-of-a-seated-person-holding-a-letter,000000135872,Cubism__salvador-dali_cubist-composition-portrait-of-a-seated-person-holding-a-letter,0
adain,000000135872__Early_Renaissance__pietro-perugino_st-jerome-who-attends-two-unfairly-hanged-1473,000000135872,Early_Renaissance__pietro-perugino_st-jerome-who-attends-two-unfairly-hanged-1473,0
adain,000000135872__Expressionism__amedeo-modigliani_germaine-survage-with-earrings-1918,000000135872,Expressionism__amedeo-modigliani_germaine-survage-with-earrings-1918,0
adain,000000135872__High_Renaissance__raphael_madonna-and-child-enthroned-with-saints-1505,000000135872,High_Renaissance__raphael_madonna-and-child-enthroned-with-saints-1505,0
adain,000000135872__Impressionism__pierre-auguste-renoir_leaving-the-bath-1890,000000135872,Impressionism__pierre-auguste-renoir_leaving-the-bath-1890,1
adain,000000135872__Mannerism_Late_Renaissance__tintoretto_st-mark-rescuing-a-saracen-from-shipwreck-1566,000000135872,Mannerism_Late_Renaissance__tintoretto_st-mark-rescuing-a-saracen-from-shipwreck-1566,0
adain,000000135872__Minimalism__mario-schifano_untitled-1963,000000135872,Minimalism__mario-schifano_untitled-1963,0
adain,000000135872__Naive_Art_Primitivism__marc-chagall_the-young-samuel-the-priest-s-servant-heard-that-he-is-called-by-god-eli-and-he-were-sleeping,000000135872,Naive_Art_Primitivism__marc-chagall_the-young-samuel-the-priest-s-servant-heard-that-he-is-called-by-god-eli-and-he-were-sleeping,0
adain,000000135872__Northern_Renaissance__albrecht-durer_lamentation-over-christ-1507,000000135872,Northern_Renaissance__albrecht-durer_lamentation-over-christ-1507,0
adain,000000135872__Pop_Art__peter-max_composition-red-green-1979,000000135872,Pop_Art__peter-max_composition-red-green-1979,1
adain,000000135872__Post_Impressionism__vincent-van-gogh_restaurant-de-la-sirene-at-asnieres-1887,000000135872,Post_Impressionism__vincent-van-gogh_restaurant-de-la-sirene-at-asnieres-1887,1
adain,000000135872__Realism__vincent-van-gogh_cottage-with-peasant-coming-home-1885(1),000000135872,Realism__vincent-van-gogh_cottage-with-peasant-coming-home-1885(1),0
adain,000000135872__Rococo__dmitry-levitzky_portrait-of-baron-a-n-stroganoff,000000135872,Rococo__dmitry-levitzky_portrait-of-baron-a-n-stroganoff,0
adain,000000135872__Romanticism__gustave-dore_paradise-lost-4,000000135872,Romanticism__gustave-dore_paradise-lost-4,0
adain,000000135872__Symbolism__nicholas-roerich_language-of-forest-1922,000000135872,Symbolism__nicholas-roerich_language-of-forest-1922,0
adain,000000135872__Ukiyo_e__kitagawa-utamaro_not_detected_233134,000000135872,Ukiyo_e__kitagawa-utamaro_not_detected_233134,0
adain,000000196442__Abstract_Expressionism__paul-jenkins_not_detected_235703,000000196442,Abstract_Expressionism__paul-jenkins_not_detected_235703,1
adain,000000196442__Art_Nouveau_Modern__nicholas-roerich_oze-1914,000000196442,Art_Nouveau_Modern__nicholas-roerich_oze-1914,0
adain,000000196442__Baroque__rembrandt_portrait-of-nicolas-van-bambeeck-1641,000000196442,Baroque__rembrandt_portrait-of-nicolas-van-bambeeck-1641,0
adain,000000196442__Color_Field_Painting__leon-berkowitz_dark-light-rose-gold-1978,000000196442,Color_Field_Painting__leon-berkowitz_dark-light-rose-gold-1978,1
adain,000000196442__Cubism__salvador-dali_cubist-composition-portrait-of-a-seated-person-holding-a-letter,000000196442,Cubism__salvador-dali_cubist-composition-portrait-of-a-seated-person-holding-a-letter,0
adain,000000196442__Early_Renaissance__pietro-perugino_st-jerome-who-attends-two-unfairly-hanged-1473,000000196442,Early_Renaissance__pietro-perugino_st-jerome-who-attends-two-unfairly-hanged-1473,0
adain,000000196442__Expressionism__amedeo-modigliani_germaine-survage-with-earrings-1918,000000196442,Expressionism__amedeo-modigliani_germaine-survage-with-earrings-1918,0
adain,000000196442__High_Renaissance__raphael_madonna-and-child-enthroned-with-saints-1505,000000196442,High_Renaissance__raphael_madonna-and-child-enthroned-with-saints-1505,0
adain,000000196442__Impressionism__pierre-auguste-renoir_leaving-the-bath-1890,000000196442,Impressionism__pierre-auguste-renoir_leaving-the-bath-1890,1
adain,000000196442__Mannerism_Late_Renaissance__tintoretto_st-mark-rescuing-a-saracen-from-shipwreck-1566,000000196442,Mannerism_Late_Renaissance__tintoretto_st-mark-rescuing-a-saracen-from-shipwreck-1566,1
adain,000000196442__Minimalism__mario-schifano_untitled-1963,000000196442,Minimalism__mario-schifano_untitled-1963,0
adain,000000196442__Naive_Art_Primitivism__marc-chagall_the-young-samuel-the-priest-s-servant-heard-that-he-is-called-by-god-eli-and-he-were-sleeping,000000196442,Naive_Art_Primitivism__marc-chagall_the-young-samuel-the-priest-s-servant-heard-that-he-is-called-by-god-eli-and-he-were-sleeping,0
adain,000000196442__Northern_Renaissance__albrecht-durer_lamentation-over-christ-1507,000000196442,Northern_Renaissance__albrecht-durer_lamentation-over-christ-1507,0
adain,000000196442__Pop_Art__peter-max_composition-red-green-1979,000000196442,Pop_Art__peter-max_composition-red-green-1979,0
adain,000000196442__Post_Impressionism__vincent-van-gogh_restaurant-de-la-sirene-at-asnieres-1887,000000196442,Post_Impressionism__vincent-van-gogh_restaurant-de-la-sirene-at-asnieres-1887,0
adain,000000196442__Realism__vincent-van-gogh_cottage-with-peasant-coming-home-1885(1),000000196442,Realism__vincent-van-gogh_cottage-with-peasant-coming-home-1885(1),0
adain,000000196442__Rococo__dmitry-levitzky_portrait-of-baron-a-n-stroganoff,000000196442,Rococo__dmitry-levitzky_portrait-of-baron-a-n-stroganoff,0
adain,000000196442__Romanticism__gustave-dore_paradise-lost-4,000000196442,Romanticism__gustave-dore_paradise-lost-4,0
adain,000000196442__Symbolism__nicholas-roerich_language-of-forest-1922,000000196442,Symbolism__nicholas-roerich_language-of-forest-1922,0
adain,000000196442__Ukiyo_e__kitagawa-utamaro_not_detected_233134,000000196442,Ukiyo_e__kitagawa-utamaro_not_detected_233134,0
adain,000000210388__Abstract_Expressionism__paul-jenkins_not_detected_235703,000000210388,Abstract_Expressionism__paul-jenkins_not_detected_235703,0
adain,000000210388__Art_Nouveau_Modern__nicholas-roerich_oze-1914,000000210388,Art_Nouveau_Modern__nicholas-roerich_oze-1914,0
adain,000000210388__Baroque__rembrandt_portrait-of-nicolas-van-bambeeck-1641,000000210388,Baroque__rembrandt_portrait-of-nicolas-van-bambeeck-1641,1
adain,000000210388__Color_Field_Painting__leon-berkowitz_dark-light-rose-gold-1978,000000210388,Color_Field_Painting__leon-berkowitz_dark-light-rose-gold-1978,1
adain,000000210388__Cubism__salvador-dali_cubist-composition-portrait-of-a-seated-person-holding-a-letter,000000210388,Cubism__salvador-dali_cubist-composition-portrait-of-a-seated-person-holding-a-letter,0
adain,000000210388__Early_Renaissance__pietro-perugino_st-jerome-who-attends-two-unfairly-hanged-1473,000000210388,Early_Renaissance__pietro-perugino_st-jerome-who-attends-two-unfairly-hanged-1473,0
adain,000000210388__Expressionism__amedeo-modigliani_germaine-survage-with-earrings-1918,000000210388,Expressionism__amedeo-modigliani_germaine-survage-with-earrings-1918,0
adain,000000210388__High_Renaissance__raphael_madonna-and-child-enthroned-with-saints-1505,000000210388,High_Renaissance__raphael_madonna-and-child-enthroned-with-saints-1505,0
adain,000000210388__Impressionism__pierre-auguste-renoir_leaving-the-bath-1890,000000210388,Impressionism__pierre-auguste-renoir_leaving-the-bath-1890,1
adain,000000210388__Mannerism_Late_Renaissance__tintoretto_st-mark-rescuing-a-saracen-from-shipwreck-1566,000000210388,Mannerism_Late_Renaissance__tintoretto_st-mark-rescuing-a-saracen-from-shipwreck-1566,0
adain,000000210388__Minimalism__mario-schifano_untitled-1963,000000210388,Minimalism__mario-schifano_untitled-1963,0
adain,000000210388__Naive_Art_Primitivism__marc-chagall_the-young-samuel-the-priest-s-servant-heard-that-he-is-called-by-god-eli-and-he-were-sleeping,000000210388,Naive_Art_Primitivism__marc-chagall_the-young-samuel-the-priest-s-servant-heard-that-he-is-called-by-god-eli-and-he-were-sleeping,1
adain,000000210388__Northern_Renaissance__albrecht-durer_lamentation-over-christ-1507,000000210388,Northern_Renaissance__albrecht-durer_lamentation-over-christ-1507,1
adain,000000210388__Pop_Art__peter-max_composition-red-green-1979,000000210388,Pop_Art__peter-max_composition-red-green-1979,0
adain,000000210388__Post_Impressionism__vincent-van-gogh_restaurant-de-la-sirene-at-asnieres-1887,000000210388,Post_Impressionism__vincent-van-gogh_restaurant-de-la-sirene-at-asnieres-1887,0
adain,000000210388__Realism__vincent-van-gogh_cottage-with-peasant-coming-home-1885(1),000000210388,Realism__vincent-van-gogh_cottage-with-peasant-coming-home-1885(1),0
adain,000000210388__Rococo__dmitry-levitzky_portrait-of-baron-a-n-stroganoff,000000210388,Rococo__dmitry-levitzky_portrait-of-baron-a-n-stroganoff,0
adain,000000210388__Romanticism__gustave-dore_paradise-lost-4,000000210388,Romanticism__gustave-dore_paradise-lost-4,0
adain,000000210388__Symbolism__nicholas-roerich_language-of-forest-1922,000000210388,Symbolism__nicholas-roerich_language-of-forest-1922,0
adain,000000210388__Ukiyo_e__kitagawa-utamaro_not_detected_233134,000000210388,Ukiyo_e__kitagawa-utamaro_not_detected_233134,0
adain,000000226171__Abstract_Expressionism__paul-jenkins_not_detected_235703,000000226171,Abstract_Expressionism__paul-jenkins_not_detected_235703,1
adain,000000226171__Art_Nouveau_Modern__nicholas-roerich_oze-1914,000000226171,Art_Nouveau_Modern__nicholas-roerich_oze-1914,0
adain,000000226171__Baroque__rembrandt_portrait-of-nicolas-van-bambeeck-1641,000000226171,Baroque__rembrandt_portrait-of-nicolas-van-bambeeck-1641,0
adain,000000226171__Color_Field_Painting__leon-berkowitz_dark-light-rose-gold-1978,000000226171,Color_Field_Painting__leon-berkowitz_dark-light-rose-gold-1978,1
adain,000000226171__Cubism__salvador-dali_cubist-composition-portrait-of-a-seated-person-holding-a-letter,000000226171,Cubism__salvador-dali_cubist-composition-portrait-of-a-seated-person-holding-a-letter,1
adain,000000226171__Early_Renaissance__pietro-perugino_st-jerome-who-attends-two-unfairly-hanged-1473,000000226171,Early_Renaissance__pietro-perugino_st-jerome-who-attends-two-unfairly-hanged-1473,0
adain,000000226171__Expressionism__amedeo-modigliani_germaine-survage-with-earrings-1918,000000226171,Expressionism__amedeo-modigliani_germaine-survage-with-earrings-1918,0
adain,000000226171__High_Renaissance__raphael_madonna-and-child-enthroned-with-saints-1505,000000226171,High_Renaissance__raphael_madonna-and-child-enthroned-with-saints-1505,0
adain,000000226171__Impressionism__pierre-auguste-renoir_leaving-the-bath-1890,000000226171,Impressionism__pierre-auguste-renoir_leaving-the-bath-1890,1
adain,000000226171__Mannerism_Late_Renaissance__tintoretto_st-mark-rescuing-a-saracen-from-shipwreck-1566,000000226171,Mannerism_Late_Renaissance__tintoretto_st-mark-rescuing-a-saracen-from-shipwreck-1566,1
adain,000000226171__Minimalism__mario-schifano_untitled-1963,000000226171,Minimalism__mario-schifano_untitled-1963,1
adain,000000226171__Naive_Art_Primitivism__marc-chagall_the-young-samuel-the-priest-s-servant-heard-that-he-is-called-by-god-eli-and-he-were-sleeping,000000226171,Naive_Art_Primitivism__marc-chagall_the-young-samuel-the-priest-s-servant-heard-that-he-is-called-by-god-eli-and-he-were-sleeping,1
adain,000000226171__Northern_Renaissance__albrecht-durer_lamentation-over-christ-1507,000000226171,Northern_Renaissance__albrecht-durer_lamentation-over-christ-1507,0
adain,000000226171__Pop_Art__peter-max_composition-red-green-1979,000000226171,Pop_Art__peter-max_composition-red-green-1979,1
adain,000000226171__Post_Impressionism__vincent-van-gogh_restaurant-de-la-sirene-at-asnieres-1887,000000226171,Post_Impressionism__vincent-van-gogh_restaurant-de-la-sirene-at-asnieres-1887,0
adain,000000226171__Realism__vincent-van-gogh_cottage-with-peasant-coming-home-1885(1),000000226171,Realism__vincent-van-gogh_cottage-with-peasant-coming-home-1885(1),0
adain,000000226171__Rococo__dmitry-levitzky_portrait-of-baron-a-n-stroganoff,000000226171,Rococo__dmitry-levitzky_portrait-of-baron-a-n-stroganoff,0
adain,000000226171__Romanticism__gustave-dore_paradise-lost-4,000000226171,Romanticism__gustave-dore_paradise-lost-4,0
adain,000000226171__Symbolism__nicholas-roerich_language-of-forest-1922,000000226171,Symbolism__nicholas-roerich_language-of-forest-1922,0
adain,000000226171__Ukiyo_e__kitagawa-utamaro_not_detected_233134,000000226171,Ukiyo_e__kitagawa-utamaro_not_detected_233134,1
adain,000000235857__Abstract_Expressionism__paul-jenkins_not_detected_235703,000000235857,Abstract_Expressionism__paul-jenkins_not_detected_235703,0
adain,000000235857__Art_Nouveau_Modern__nicholas-roerich_oze-1914,000000235857,Art_Nouveau_Modern__nicholas-roerich_oze-1914,0
adain,000000235857__Baroque__rembrandt_portrait-of-nicolas-van-bambeeck-1641,000000235857,Baroque__rembrandt_portrait-of-nicolas-van-bambeeck-1641,0
adain,000000235857__Color_Field_Painting__leon-berkowitz_dark-light-rose-gold-1978,000000235857,Color_Field_Painting__leon-berkowitz_dark-light-rose-gold-1978,1
adain,000000235857__Cubism__salvador-dali_cubist-composition-portrait-of-a-seated-person-holding-a-letter,000000235857,Cubism__salvador-dali_cubist-composition-portrait-of-a-seated-person-holding-a-letter,0
adain,000000235857__Early_Renaissance__pietro-perugino_st-jerome-who-attends-two-unfairly-hanged-1473,000000235857,Early_Renaissance__pietro-perugino_st-jerome-who-attends-two-unfairly-hanged-1473,0
adain,000000235857__Expressionism__amedeo-modigliani_germaine-survage-with-earrings-1918,000000235857,Expressionism__amedeo-modigliani_germaine-survage-with-earrings-1918,0
adain,000000235857__High_Renaissance__raphael_madonna-and-child-enthroned-with-saints-1505,000000235857,High_Renaissance__raphael_madonna-and-child-enthroned-with-saints-1505,0
adain,000000235857__Impressionism__pierre-auguste-renoir_leaving-the-bath-1890,000000235857,Impressionism__pierre-auguste-renoir_leaving-the-bath-1890,1
adain,000000235857__Mannerism_Late_Renaissance__tintoretto_st-mark-rescuing-a-saracen-from-shipwreck-1566,000000235857,Mannerism_Late_Renaissance__tintoretto_st-mark-rescuing-a-saracen-from-shipwreck-1566,0
adain,000000235857__Minimalism__mario-schifano_untitled-1963,000000235857,Minimalism__mario-schifano_untitled-1963,0
adain,000000235857__Naive_Art_Primitivism__marc-chagall_the-young-samuel-the-priest-s-servant-heard-that-he-is-called-by-god-eli-and-he-were-sleeping,000000235857,Naive_Art_Primitivism__marc-chagall_the-young-samuel-the-priest-s-servant-heard-that-he-is-called-by-god-eli-and-he-were-sleeping,0
adain,000000235857__Northern_Renaissance__albrecht-durer_lamentation-over-christ-1507,000000235857,Northern_Renaissance__albrecht-durer_lamentation-over-christ-1507,1
adain,000000235857__Pop_Art__peter-max_composition-red-green-1979,000000235857,Pop_Art__peter-max_composition-red-green-1979,0
adain,000000235857__Post_Impressionism__vincent-van-gogh_restaurant-de-la-sirene-at-asnieres-1887,000000235857,Post_Impressionism__vincent-van-gogh_restaurant-de-la-sirene-at-asnieres-1887,0
adain,000000235857__Realism__vincent-van-gogh_cottage-with-peasant-coming-home-1885(1),000000235857,Realism__vincent-van-gogh_cottage-with-peasant-coming-home-1885(1),1
adain,000000235857__Rococo__dmitry-levitzky_portrait-of-baron-a-n-stroganoff,000000235857,Rococo__dmitry-levitzky_portrait-of-baron-a-n-stroganoff,0
adain,000000235857__Romanticism__gustave-dore_paradise-lost-4,000000235857,Romanticism__gustave-dore_paradise-lost-4,0
adain,000000235857__Symbolism__nicholas-roerich_language-of-forest-1922,000000235857,Symbolism__nicholas-roerich_language-of-forest-1922,0
adain,000000235857__Ukiyo_e__kitagawa-utamaro_not_detected_233134,000000235857,Ukiyo_e__kitagawa-utamaro_not_detected_233134,0
adain,000000272364__Abstract_Expressionism__paul-jenkins_not_detected_235703,000000272364,Abstract_Expressionism__paul-jenkins_not_detected_235703,0
adain,000000272364__Art_Nouveau_Modern__nicholas-roerich_oze-1914,000000272364,Art_Nouveau_Modern__nicholas-roerich_oze-1914,0
adain,000000272364__Baroque__rembrandt_portrait-of-nicolas-van-bambeeck-1641,000000272364,Baroque__rembrandt_portrait-of-nicolas-van-bambeeck-1641,0
adain,000000272364__Color_Field_Painting__leon-berkowitz_dark-light-rose-gold-1978,000000272364,Color_Field_Painting__leon-berkowitz_dark-light-rose-gold-1978,1
adain,000000272364__Cubism__salvador-dali_cubist-composition-portrait-of-a-seated-person-holding-a-letter,000000272364,Cubism__salvador-dali_cubist-composition-portrait-of-a-seated-person-holding-a-letter,0
adain,000000272364__Early_Renaissance__pietro-perugino_st-jerome-who-attends-two-unfairly-hanged-1473,000000272364,Early_Renaissance__pietro-perugino_st-jerome-who-attends-two-unfairly-hanged-1473,0
adain,000000272364__Expressionism__amedeo-modigliani_germaine-survage-with-earrings-1918,000000272364,Expressionism__amedeo-modigliani_germaine-survage-with-earrings-1918,0
adain,000000272364__High_Renaissance__raphael_madonna-and-child-enthroned-with-saints-1505,000000272364,High_Renaissance__raphael_madonna-and-child-enthroned-with-saints-1505,0
adain,000000272364__Impressionism__pierre-auguste-renoir_leaving-the-bath-1890,000000272364,Impressionism__pierre-auguste-renoir_leaving-the-bath-1890,1
adain,000000272364__Mannerism_Late_Renaissance__tintoretto_st-mark-rescuing-a-saracen-from-shipwreck-1566,000000272364,Mannerism_Late_Renaissance__tintoretto_st-mark-rescuing-a-saracen-from-shipwreck-1566,1
adain,000000272364__Minimalism__mario-schifano_untitled-1963,000000272364,Minimalism__mario-schifano_untitled-1963,1
adain,000000272364__Naive_Art_Primitivism__marc-chagall_the-young-samuel-the-priest-s-servant-heard-that-he-is-called-by-god-eli-and-he-were-sleeping,000000272364,Naive_Art_Primitivism__marc-chagall_the-young-samuel-the-priest-s-servant-heard-that-he-is-called-by-god-eli-and-he-were-sleeping,1
adain,000000272364__Northern_Renaissance__albrecht-durer_lamentation-over-christ-1507,000000272364,Northern_Renaissance__albrecht-durer_lamentation-over-christ-1507,0
adain,000000272364__Pop_Art__peter-max_composition-red-green-1979,000000272364,Pop_Art__peter-max_composition-red-green-1979,0
adain,000000272364__Post_Impressionism__vincent-van-gogh_restaurant-de-la-sirene-at-asnieres-1887,000000272364,Post_Impressionism__vincent-van-gogh_restaurant-de-la-sirene-at-asnieres-1887,1
adain,000000272364__Realism__vincent-van-gogh_cottage-with-peasant-coming-home-1885(1),000000272364,Realism__vincent-van-gogh_cottage-with-peasant-coming-home-1885(1),0
adain,000000272364__Rococo__dmitry-levitzky_portrait-of-baron-a-n-stroganoff,000000272364,Rococo__dmitry-levitzky_portrait-of-baron-a-n-stroganoff,0
adain,000000272364__Romanticism__gustave-dore_paradise-lost-4,000000272364,Romanticism__gustave-dore_paradise-lost-4,0
adain,000000272364__Symbolism__nicholas-roerich_language-of-forest-1922,000000272364,Symbolism__nicholas-roerich_language-of-forest-1922,0
adain,000000272364__Ukiyo_e__kitagawa-utamaro_not_detected_233134,000000272364,Ukiyo_e__kitagawa-utamaro_not_detected_233134,0
adain,000000273132__Abstract_Expressionism__paul-jenkins_not_detected_235703,000000273132,Abstract_Expressionism__paul-jenkins_not_detected_235703,0
adain,000000273132__Art_Nouveau_Modern__nicholas-roerich_oze-1914,000000273132,Art_Nouveau_Modern__nicholas-roerich_oze-1914,0
adain,000000273132__Baroque__rembrandt_portrait-of-nicolas-van-bambeeck-1641,000000273132,Baroque__rembrandt_portrait-of-nicolas-van-bambeeck-1641,0
adain,000000273132__Color_Field_Painting__leon-berkowitz_dark-light-rose-gold-1978,000000273132,Color_Field_Painting__leon-berkowitz_dark-light-rose-gold-1978,1
adain,000000273132__Cubism__salvador-dali_cubist-composition-portrait-of-a-seated-person-holding-a-letter,000000273132,Cubism__salvador-dali_cubist-composition-portrait-of-a-seated-person-holding-a-letter,0
adain,000000273132__Early_Renaissance__pietro-perugino_st-jerome-who-attends-two-unfairly-hanged-1473,000000273132,Early_Renaissance__pietro-perugino_st-jerome-who-attends-two-unfairly-hanged-1473,0
adain,000000273132__Expressionism__amedeo-modigliani_germaine-survage-with-earrings-1918,000000273132,Expressionism__amedeo-modigliani_germaine-survage-with-earrings-1918,0
adain,000000273132__High_Renaissance__raphael_madonna-and-child-enthroned-with-saints-1505,000000273132,High_Renaissance__raphael_madonna-and-child-enthroned-with-saints-1505,0
adain,000000273132__Impressionism__pierre-auguste-renoir_leaving-the-bath-1890,000000273132,Impressionism__pierre-auguste-renoir_leaving-the-bath-1890,1
adain,000000273132__Mannerism_Late_Renaissance__tintoretto_st-mark-rescuing-a-saracen-from-shipwreck-1566,000000273132,Mannerism_Late_Renaissance__tintoretto_st-mark-rescuing-a-saracen-from-shipwreck-1566,0
adain,000000273132__Minimalism__mario-schifano_untitled-1963,000000273132,Minimalism__mario-schifano_untitled-1963,0
adain,000000273132__Naive_Art_Primitivism__marc-chagall_the-young-samuel-the-priest-s-servant-heard-that-he-is-called-by-god-eli-and-he-were-sleeping,000000273132,Naive_Art_Primitivism__marc-chagall_the-young-samuel-the-priest-s-servant-heard-that-he-is-called-by-god-eli-and-he-were-sleeping,1
adain,000000273132__Northern_Renaissance__albrecht-durer_lamentation-over-christ-1507,000000273132,Northern_Renaissance__albrecht-durer_lamentation-over-christ-1507,1
adain,000000273132__Pop_Art__peter-max_composition-red-green-1979,000000273132,Pop_Art__peter-max_composition-red-green-1979,0
adain,000000273132__Post_Impressionism__vincent-van-gogh_restaurant-de-la-sirene-at-asnieres-1887,000000273132,Post_Impressionism__vincent-van-gogh_restaurant-de-la-sirene-at-asnieres-1887,0
adain,000000273132__Realism__vincent-van-gogh_cottage-with-peasant-coming-home-1885(1),000000273132,Realism__vincent-van-gogh_cottage-with-peasant-coming-home-1885(1),1
adain,000000273132__Rococo__dmitry-levitzky_portrait-of-baron-a-n-stroganoff,000000273132,Rococo__dmitry-levitzky_portrait-of-baron-a-n-stroganoff,0
adain,000000273132__Romanticism__gustave-dore_paradise-lost-4,000000273132,Romanticism__gustave-dore_paradise-lost-4,1
adain,000000273132__Symbolism__nicholas-roerich_language-of-forest-1922,000000273132,Symbolism__nicholas-roerich_language-of-forest-1922,0
adain,000000273132__Ukiyo_e__kitagawa-utamaro_not_detected_233134,000000273132,Ukiyo_e__kitagawa-utamaro_not_detected_233134,0
adain,000000277051__Abstract_Expressionism__paul-jenkins_not_detected_235703,000000277051,Abstract_Expressionism__paul-jenkins_not_detected_235703,1
adain,000000277051__Art_Nouveau_Modern__nicholas-roerich_oze-1914,000000277051,Art_Nouveau_Modern__nicholas-roerich_oze-1914,0
adain,000000277051__Baroque__rembrandt_portrait-of-nicolas-van-bambeeck-1641,000000277051,Baroque__rembrandt_portrait-of-nicolas-van-bambeeck-1641,0
adain,000000277051__Color_Field_Painting__leon-berkowitz_dark-light-rose-gold-1978,000000277051,Color_Field_Painting__leon-berkowitz_dark-light-rose-gold-1978,1
adain,000000277051__Cubism__salvador-dali_cubist-composition-portrait-of-a-seated-person-holding-a-letter,000000277051,Cubism__salvador-dali_cubist-composition-portrait-of-a-seated-person-holding-a-letter,0
adain,000000277051__Early_Renaissance__pietro-perugino_st-jerome-who-attends-two-unfairly-hanged-1473,000000277051,Early_Renaissance__pietro-perugino_st-jerome-who-attends-two-unfairly-hanged-1473,0
adain,000000277051__Expressionism__amedeo-modigliani_germaine-survage-with-earrings-1918,000000277051,Expressionism__amedeo-modigliani_germaine-survage-with-earrings-1918,0
adain,000000277051__High_Renaissance__raphael_madonna-and-child-enthroned-with-saints-1505,000000277051,High_Renaissance__raphael_madonna-and-child-enthroned-with-saints-1505,0
adain,000000277051__Impressionism__pierre-auguste-renoir_leaving-the-bath-1890,000000277051,Impressionism__pierre-auguste-renoir_leaving-the-bath-1890,1
adain,000000277051__Mannerism_Late_Renaissance__tintoretto_st-mark-rescuing-a-saracen-from-shipwreck-1566,000000277051,Mannerism_Late_Renaissance__tintoretto_st-mark-rescuing-a-saracen-from-shipwreck-1566,0
adain,000000277051__Minimalism__mario-schifano_untitled-1963,000000277051,Minimalism__mario-schifano_untitled-1963,0
adain,000000277051__Naive_Art_Primitivism__marc-chagall_the-young-samuel-the-priest-s-servant-heard-that-he-is-called-by-god-eli-and-he-were-sleeping,000000277051,Naive_Art_Primitivism__marc-chagall_the-young-samuel-the-priest-s-servant-heard-that-he-is-called-by-god-eli-and-he-were-sleeping,1
adain,000000277051__Northern_Renaissance__albrecht-durer_lamentation-over-christ-1507,000000277051,Northern_Renaissance__albrecht-durer_lamentation-over-christ-1507,0
adain,000000277051__Pop_Art__peter-max_composition-red-green-1979,000000277051,Pop_Art__peter-max_composition-red-green-1979,0
adain,000000277051__Post_Impressionism__vincent-van-gogh_restaurant-de-la-sirene-at-asnieres-1887,000000277051,Post_Impressionism__vincent-van-gogh_restaurant-de-la-sirene-at-asnieres-1887,1
adain,000000277051__Realism__vincent-van-gogh_cottage-with-peasant-coming-home-1885(1),000000277051,Realism__vincent-van-gogh_cottage-with-peasant-coming-home-1885(1),0
adain,000000277051__Rococo__dmitry-levitzky_portrait-of-baron-a-n-stroganoff,000000277051,Rococo__dmitry-levitzky_portrait-of-baron-a-n-stroganoff,0
adain,000000277051__Romanticism__gustave-dore_paradise-lost-4,000000277051,Romanticism__gustave-dore_paradise-lost-4,0
adain,000000277051__Symbolism__nicholas-roerich_language-of-forest-1922,000000277051,Symbolism__nicholas-roerich_language-of-forest-1922,0
adain,000000277051__Ukiyo_e__kitagawa-utamaro_not_detected_233134,000000277051,Ukiyo_e__kitagawa-utamaro_not_detected_233134,0
adain,000000296969__Abstract_Expressionism__paul-jenkins_not_detected_235703,000000296969,Abstract_Expressionism__paul-jenkins_not_detected_235703,0
adain,000000296969__Art_Nouveau_Modern__nicholas-roerich_oze-1914,000000296969,Art_Nouveau_Modern__nicholas-roerich_oze-1914,0
adain,000000296969__Baroque__rembrandt_portrait-of-nicolas-van-bambeeck-1641,000000296969,Baroque__rembrandt_portrait-of-nicolas-van-bambeeck-1641,0
adain,000000296969__Color_Field_Painting__leon-berkowitz_dark-light-rose-gold-1978,000000296969,Color_Field_Painting__leon-berkowitz_dark-light-rose-gold-1978,1
adain,000000296969__Cubism__salvador-dali_cubist-composition-portrait-of-a-seated-person-holding-a-letter,000000296969,Cubism__salvador-dali_cubist-composition-portrait-of-a-seated-person-holding-a-letter,0
adain,000000296969__Early_Renaissance__pietro-perugino_st-jerome-who-attends-two-unfairly-hanged-1473,000000296969,Early_Renaissance__pietro-perugino_st-jerome-who-attends-two-unfairly-hanged-1473,0
adain,000000296969__Expressionism__amedeo-modigliani_germaine-survage-with-earrings-1918,000000296969,Expressionism__amedeo-modigliani_germaine-survage-with-earrings-1918,0
adain,000000296969__High_Renaissance__raphael_madonna-and-child-enthroned-with-saints-1505,000000296969,High_Renaissance__raphael_madonna-and-child-enthroned-with-saints-1505,0
adain,000000296969__Impressionism__pierre-auguste-renoir_leaving-the-bath-1890,000000296969,Impressionism__pierre-auguste-renoir_leaving-the-bath-1890,1
adain,000000296969__Mannerism_Late_Renaissance__tintoretto_st-mark-rescuing-a-saracen-from-shipwreck-1566,000000296969,Mannerism_Late_Renaissance__tintoretto_st-mark-rescuing-a-saracen-from-shipwreck-1566,1
adain,000000296969__Minimalism__mario-schifano_untitled-1963,000000296969,Minimalism__mario-schifano_untitled-1963,0
adain,000000296969__Naive_Art_Primitivism__marc-chagall_the-young-samuel-the-priest-s-servant-heard-that-he-is-called-by-god-eli-and-he-were-sleeping,000000296969,Naive_Art_Primitivism__marc-chagall_the-young-samuel-the-priest-s-servant-heard-that-he-is-called-by-god-eli-and-he-were-sleeping,1
adain,000000296969__Northern_Renaissance__albrecht-durer_lamentation-over-christ-1507,000000296969,Northern_Renaissance__albrecht-durer_lamentation-over-christ-1507,1
adain,000000296969__Pop_Art__peter-max_composition-red-green-1979,000000296969,Pop_Art__peter-max_composition-red-green-1979,0
adain,000000296969__Post_Impressionism__vincent-van-gogh_restaurant-de-la-sirene-at-asnieres-1887,000000296969,Post_Impressionism__vincent-van-gogh_restaurant-de-la-sirene-at-asnieres-1887,0
adain,000000296969__Realism__vincent-van-gogh_cottage-with-peasant-coming-home-1885(1),000000296969,Realism__vincent-van-gogh_cottage-with-peasant-coming-home-1885(1),0
adain,000000296969__Rococo__dmitry-levitzky_portrait-of-baron-a-n-stroganoff,000000296969,Rococo__dmitry-levitzky_portrait-of-baron-a-n-stroganoff,0
adain,000000296969__Romanticism__gustave-dore_paradise-lost-4,000000296969,Romanticism__gustave-dore_paradise-lost-4,0
adain,000000296969__Symbolism__nicholas-roerich_language-of-forest-1922,000000296969,Symbolism__nicholas-roerich_language-of-forest-1922,0
adain,000000296969__Ukiyo_e__kitagawa-utamaro_not_detected_233134,000000296969,Ukiyo_e__kitagawa-utamaro_not_detected_233134,0
adain,000000302107__Abstract_Expressionism__paul-jenkins_not_detected_235703,000000302107,Abstract_Expressionism__paul-jenkins_not_detected_235703,1
adain,000000302107__Art_Nouveau_Modern__nicholas-roerich_oze-1914,000000302107,Art_Nouveau_Modern__nicholas-roerich_oze-1914,0
adain,000000302107__Baroque__rembrandt_portrait-of-nicolas-van-bambeeck-1641,000000302107,Baroque__rembrandt_portrait-of-nicolas-van-bambeeck-1641,0
adain,000000302107__Color_Field_Painting__leon-berkowitz_dark-light-rose-gold-1978,000000302107,Color_Field_Painting__leon-berkowitz_dark-light-rose-gold-1978,1
adain,000000302107__Cubism__salvador-dali_cubist-composition-portrait-of-a-seated-person-holding-a-letter,000000302107,Cubism__salvador-dali_cubist-composition-portrait-of-a-seated-person-holding-a-letter,0
adain,000000302107__Early_Renaissance__pietro-perugino_st-jerome-who-attends-two-unfairly-hanged-1473,000000302107,Early_Renaissance__pietro-perugino_st-jerome-who-attends-two-unfairly-hanged-1473,0
adain,000000302107__Expressionism__amedeo-modigliani_germaine-survage-with-earrings-1918,000000302107,Expressionism__amedeo-modigliani_germaine-survage-with-earrings-1918,0
adain,000000302107__High_Renaissance__raphael_madonna-and-child-enthroned-with-saints-1505,000000302107,High_Renaissance__raphael_madonna-and-child-enthroned-with-saints-1505,0
adain,000000302107__Impressionism__pierre-auguste-renoir_leaving-the-bath-1890,000000302107,Impressionism__pierre-auguste-renoir_leaving-the-bath-1890,1
adain,000000302107__Mannerism_Late_Renaissance__tintoretto_st-mark-rescuing-a-saracen-from-shipwreck-1566,000000302107,Mannerism_Late_Renaissance__tintoretto_st-mark-rescuing-a-saracen-from-shipwreck-1566,0
adain,000000302107__Minimalism__mario-schifano_untitled-1963,000000302107,Minimalism__mario-schifano_untitled-1963,0
adain,000000302107__Naive_Art_Primitivism__marc-chagall_the-young-samuel-the-priest-s-servant-heard-that-he-is-called-by-god-eli-and-he-were-sleeping,000000302107,Naive_Art_Primitivism__marc-chagall_the-young-samuel-the-priest-s-servant-heard-that-he-is-called-by-god-eli-and-he-were-sleeping,1
adain,000000302107__Northern_Renaissance__albrecht-durer_lamentation-over-christ-1507,000000302107,Northern_Renaissance__albrecht-durer_lamentation-over-christ-1507,0
adain,000000302107__Pop_Art__peter-max_composition-red-green-1979,000000302107,Pop_Art__peter-max_composition-red-green-1979,0
adain,000000302107__Post_Impressionism__vincent-van-gogh_restaurant-de-la-sirene-at-asnieres-1887,000000302107,Post_Impressionism__vincent-van-gogh_restaurant-de-la-sirene-at-asnieres-1887,0
adain,000000302107__Realism__vincent-van-gogh_cottage-with-peasant-coming-home-1885(1),000000302107,Realism__vincent-van-gogh_cottage-with-peasant-coming-home-1885(1),1
adain,000000302107__Rococo__dmitry-levitzky_portrait-of-baron-a-n-stroganoff,000000302107,Rococo__dmitry-levitzky_portrait-of-baron-a-n-stroganoff,0
adain,000000302107__Romanticism__gustave-dore_paradise-lost-4,000000302107,Romanticism__gustave-dore_paradise-lost-4,0
adain,000000302107__Symbolism__nicholas-roerich_language-of-forest-1922,000000302107,Symbolism__nicholas-roerich_language-of-forest-1922,0
adain,000000302107__Ukiyo_e__kitagawa-utamaro_not_detected_233134,000000302107,Ukiyo_e__kitagawa-utamaro_not_detected_233134,0
adain,000000322944__Abstract_Expressionism__paul-jenkins_not_detected_235703,000000322944,Abstract_Expressionism__paul-jenkins_not_detected_235703,0
adain,000000322944__Art_Nouveau_Modern__nicholas-roerich_oze-1914,000000322944,Art_Nouveau_Modern__nicholas-roerich_oze-1914,0
adain,000000322944__Baroque__rembrandt_portrait-of-nicolas-van-bambeeck-1641,000000322944,Baroque__rembrandt_portrait-of-nicolas-van-bambeeck-1641,0
adain,000000322944__Color_Field_Painting__leon-berkowitz_dark-light-rose-gold-1978,000000322944,Color_Field_Painting__leon-berkowitz_dark-light-rose-gold-1978,1
adain,000000322944__Cubism__salvador-dali_cubist-composition-portrait-of-a-seated-person-holding-a-letter,000000322944,Cubism__salvador-dali_cubist-composition-portrait-of-a-seated-person-holding-a-letter,0
adain,000000322944__Early_Renaissance__pietro-perugino_st-jerome-who-attends-two-unfairly-hanged-1473,000000322944,Early_Renaissance__pietro-perugino_st-jerome-who-attends-two-unfairly-hanged-1473,0
adain,000000322944__Expressionism__amedeo-modigliani_germaine-survage-with-earrings-1918,000000322944,Expressionism__amedeo-modigliani_germaine-survage-with-earrings-1918,1
adain,000000322944__High_Renaissance__raphael_madonna-and-child-enthroned-with-saints-1505,000000322944,High_Renaissance__raphael_madonna-and-child-enthroned-with-saints-1505,0
adain,000000322944__Impressionism__pierre-auguste-renoir_leaving-the-bath-1890,000000322944,Impressionism__pierre-auguste-renoir_leaving-the-bath-1890,1
adain,000000322944__Mannerism_Late_Renaissance__tintoretto_st-mark-rescuing-a-saracen-from-shipwreck-1566,000000322944,Mannerism_Late_Renaissance__tintoretto_st-mark-rescuing-a-saracen-from-shipwreck-1566,1
adain,000000322944__Minimalism__mario-schifano_untitled-1963,000000322944,Minimalism__mario-schifano_untitled-1963,0
adain,000000322944__Naive_Art_Primitivism__marc-chagall_the-young-samuel-the-priest-s-servant-heard-that-he-is-called-by-god-eli-and-he-were-sleeping,000000322944,Naive_Art_Primitivism__marc-chagall_the-young-samuel-the-priest-s-servant-heard-that-he-is-called-by-god-eli-and-he-were-sleeping,0
adain,000000322944__Northern_Renaissance__albrecht-durer_lamentation-over-christ-1507,000000322944,Northern_Renaissance__albrecht-durer_lamentation-over-christ-1507,1
adain,000000322944__Pop_Art__peter-max_composition-red-green-1979,000000322944,Pop_Art__peter-max_composition-red-green-1979,0
adain,000000322944__Post_Impressionism__vincent-van-gogh_restaurant-de-la-sirene-at-asnieres-1887,000000322944,Post_Impressionism__vincent-van-gogh_restaurant-de-la-sirene-at-asnieres-1887,0
adain,000000322944__Realism__vincent-van-gogh_cottage-with-peasant-coming-home-1885(1),000000322944,Realism__vincent-van-gogh_cottage-with-peasant-coming-home-1885(1),0
adain,000000322944__Rococo__dmitry-levitzky_portrait-of-baron-a-n-stroganoff,000000322944,Rococo__dmitry-levitzky_portrait-of-baron-a-n-stroganoff,1
adain,000000322944__Romanticism__gustave-dore_paradise-lost-4,000000322944,Romanticism__gustave-dore_paradise-lost-4,0
adain,000000322944__Symbolism__nicholas-roerich_language-of-forest-1922,000000322944,Symbolism__nicholas-roerich_language-of-forest-1922,0
adain,000000322944__Ukiyo_e__kitagawa-utamaro_not_detected_233134,000000322944,Ukiyo_e__kitagawa-utamaro_not_detected_233134,0
adain,000000329447__Abstract_Expressionism__paul-jenkins_not_detected_235703,000000329447,Abstract_Expressionism__paul-jenkins_not_detected_235703,0
adain,000000329447__Art_Nouveau_Modern__nicholas-roerich_oze-1914,000000329447,Art_Nouveau_Modern__nicholas-roerich_oze-1914,0
adain,000000329447__Baroque__rembrandt_portrait-of-nicolas-van-bambeeck-1641,000000329447,Baroque__rembrandt_portrait-of-nicolas-van-bambeeck-1641,0
adain,000000329447__Color_Field_Painting__leon-berkowitz_dark-light-rose-gold-1978,000000329447,Color_Field_Painting__leon-berkowitz_dark-light-rose-gold-1978,1
adain,000000329447__Cubism__salvador-dali_cubist-composition-portrait-of-a-seated-person-holding-a-letter,000000329447,Cubism__salvador-dali_cubist-composition-portrait-of-a-seated-person-holding-a-letter,0
adain,000000329447__Early_Renaissance__pietro-perugino_st-jerome-who-attends-two-unfairly-hanged-1473,000000329447,Early_Renaissance__pietro-perugino_st-jerome-who-attends-two-unfairly-hanged-1473,0
adain,000000329447__Expressionism__amedeo-modigliani_germaine-survage-with-earrings-1918,000000329447,Expressionism__amedeo-modigliani_germaine-survage-with-earrings-1918,0
adain,000000329447__High_Renaissance__raphael_madonna-and-child-enthroned-with-saints-1505,000000329447,High_Renaissance__raphael_madonna-and-child-enthroned-with-saints-1505,0
adain,000000329447__Impressionism__pierre-auguste-renoir_leaving-the-bath-1890,000000329447,Impressionism__pierre-auguste-renoir_leaving-the-bath-1890,1
adain,000000329447__Mannerism_Late_Renaissance__tintoretto_st-mark-rescuing-a-saracen-from-shipwreck-1566,000000329447,Mannerism_Late_Renaissance__tintoretto_st-mark-rescuing-a-saracen-from-shipwreck-1566,0
adain,000000329447__Minimalism__mario-schifano_untitled-1963,000000329447,Minimalism__mario-schifano_untitled-1963,0
adain,000000329447__Naive_Art_Primitivism__marc-chagall_the-young-samuel-the-priest-s-servant-heard-that-he-is-called-by-god-eli-and-he-were-sleeping,000000329447,Naive_Art_Primitivism__marc-chagall_the-young-samuel-the-priest-s-servant-heard-that-he-is-called-by-god-eli-and-he-were-sleeping,1
adain,000000329447__Northern_Renaissance__albrecht-durer_lamentation-over-christ-1507,000000329447,Northern_Renaissance__albrecht-durer_lamentation-over-christ-1507,0
adain,000000329447__Pop_Art__peter-max_composition-red-green-1979,000000329447,Pop_Art__peter-max_composition-red-green-1979,0
adain,000000329447__Post_Impressionism__vincent-van-gogh_restaurant-de-la-sirene-at-asnieres-1887,000000329447,Post_Impressionism__vincent-van-gogh_restaurant-de-la-sirene-at-asnieres-1887,0
adain,000000329447__Realism__vincent-van-gogh_cottage-with-peasant-coming-home-1885(1),000000329447,Realism__vincent-van-gogh_cottage-with-peasant-coming-home-1885(1),1
adain,000000329447__Rococo__dmitry-levitzky_portrait-of-baron-a-n-stroganoff,000000329447,Rococo__dmitry-levitzky_portrait-of-baron-a-n-stroganoff,0
adain,000000329447__Romanticism__gustave-dore_paradise-lost-4,000000329447,Romanticism__gustave-dore_paradise-lost-4,1
adain,000000329447__Symbolism__nicholas-roerich_language-of-forest-1922,000000329447,Symbolism__nicholas-roerich_language-of-forest-1922,0
adain,000000329447__Ukiyo_e__kitagawa-utamaro_not_detected_233134,000000329447,Ukiyo_e__kitagawa-utamaro_not_detected_233134,0
adain,000000338625__Abstract_Expressionism__paul-jenkins_not_detected_235703,000000338625,Abstract_Expressionism__paul-jenkins_not_detected_235703,1
adain,000000338625__Art_Nouveau_Modern__nicholas-roerich_oze-1914,000000338625,Art_Nouveau_Modern__nicholas-roerich_oze-1914,0
adain,000000338625__Baroque__rembrandt_portrait-of-nicolas-van-bambeeck-1641,000000338625,Baroque__rembrandt_portrait-of-nicolas-van-bambeeck-1641,0
adain,000000338625__Color_Field_Painting__leon-berkowitz_dark-light-rose-gold-1978,000000338625,Color_Field_Painting__leon-berkowitz_dark-light-rose-gold-1978,1
adain,000000338625__Cubism__salvador-dali_cubist-composition-portrait-of-a-seated-person-holding-a-letter,000000338625,Cubism__salvador-dali_cubist-composition-portrait-of-a-seated-person-holding-a-letter,0
adain,000000338625__Early_Renaissance__pietro-perugino_st-jerome-who-attends-two-unfairly-hanged-1473,000000338625,Early_Renaissance__pietro-perugino_st-jerome-who-attends-two-unfairly-hanged-1473,0
adain,000000338625__Expressionism__amedeo-modigliani_germaine-survage-with-earrings-1918,000000338625,Expressionism__amedeo-modigliani_germaine-survage-with-earrings-1918,0
adain,000000338625__High_Renaissance__raphael_madonna-and-child-enthroned-with-saints-1505,000000338625,High_Renaissance__raphael_madonna-and-child-enthroned-with-saints-1505,0
adain,000000338625__Impressionism__pierre-auguste-renoir_leaving-the-bath-1890,000000338625,Impressionism__pierre-auguste-renoir_leaving-the-bath-1890,1
adain,000000338625__Mannerism_Late_Renaissance__tintoretto_st-mark-rescuing-a-saracen-from-shipwreck-1566,000000338625,Mannerism_Late_Renaissance__tintoretto_st-mark-rescuing-a-saracen-from-shipwreck-1566,0
adain,000000338625__Minimalism__mario-schifano_untitled-1963,000000338625,Minimalism__mario-schifano_untitled-1963,0
adain,000000338625__Naive_Art_Primitivism__marc-chagall_the-young-samuel-the-priest-s-servant-heard-that-he-is-called-by-god-eli-and-he-were-sleeping,000000338625,Naive_Art_Primitivism__marc-chagall_the-young-samuel-the-priest-s-servant-heard-that-he-is-called-by-god-eli-and-he-were-sleeping,0
adain,000000338625__Northern_Renaissance__albrecht-durer_lamentation-over-christ-1507,000000338625,Northern_Renaissance__albrecht-durer_lamentation-over-christ-1507,0
adain,000000338625__Pop_Art__peter-max_composition-red-green-1979,000000338625,Pop_Art__peter-max_composition-red-green-1979,0
adain,000000338625__Post_Impressionism__vincent-van-gogh_restaurant-de-la-sirene-at-asnieres-1887,000000338625,Post_Impressionism__vincent-van-gogh_restaurant-de-la-sirene-at-asnieres-1887,1
adain,000000338625__Realism__vincent-van-gogh_cottage-with-peasant-coming-home-1885(1),000000338625,Realism__vincent-van-gogh_cottage-with-peasant-coming-home-1885(1),0
adain,000000338625__Rococo__dmitry-levitzky_portrait-of-baron-a-n-stroganoff,000000338625,Rococo__dmitry-levitzky_portrait-of-baron-a-n-stroganoff,0
adain,000000338625__Romanticism__gustave-dore_paradise-lost-4,000000338625,Romanticism__gustave-dore_paradise-lost-4,0
adain,000000338625__Symbolism__nicholas-roerich_language-of-forest-1922,000000338625,Symbolism__nicholas-roerich_language-of-forest-1922,0
adain,000000338625__Ukiyo_e__kitagawa-utamaro_not_detected_233134,000000338625,Ukiyo_e__kitagawa-utamaro_not_detected_233134,0
adain,000000356968__Abstract_Expressionism__paul-jenkins_not_detected_235703,000000356968,Abstract_Expressionism__paul-jenkins_not_detected_235703,0
adain,000000356968__Art_Nouveau_Modern__nicholas-roerich_oze-1914,000000356968,Art_Nouveau_Modern__nicholas-roerich_oze-1914,0
adain,000000356968__Baroque__rembrandt_portrait-of-nicolas-van-bambeeck-1641,000000356968,Baroque__rembrandt_portrait-of-nicolas-van-bambeeck-1641,0
adain,000000356968__Color_Field_Painting__leon-berkowitz_dark-light-rose-gold-1978,000000356968,Color_Field_Painting__leon-berkowitz_dark-light-rose-gold-1978,1
adain,000000356968__Cubism__salvador-dali_cubist-composition-portrait-of-a-seated-person-holding-a-letter,000000356968,Cubism__salvador-dali_cubist-composition-portrait-of-a-seated-person-holding-a-letter,0
adain,000000356968__Early_Renaissance__pietro-perugino_st-jerome-who-attends-two-unfairly-hanged-1473,000000356968,Early_Renaissance__pietro-perugino_st-jerome-who-attends-two-unfairly-hanged-1473,0
adain,000000356968__Expressionism__amedeo-modigliani_germaine-survage-with-earrings-1918,000000356968,Expressionism__amedeo-modigliani_germaine-survage-with-earrings-1918,0
adain,000000356968__High_Renaissance__raphael_madonna-and-child-enthroned-with-saints-1505,000000356968,High_Renaissance__raphael_madonna-and-child-enthroned-with-saints-1505,0
adain,000000356968__Impressionism__pierre-auguste-renoir_leaving-the-bath-1890,000000356968,Impressionism__pierre-auguste-renoir_leaving-the-bath-1890,1
adain,000000356968__Mannerism_Late_Renaissance__tintoretto_st-mark-rescuing-a-saracen-from-shipwreck-1566,000000356968,Mannerism_Late_Renaissance__tintoretto_st-mark-rescuing-a-saracen-from-shipwreck-1566,0
adain,000000356968__Minimalism__mario-schifano_untitled-1963,000000356968,Minimalism__mario-schifano_untitled-1963,0
adain,000000356968__Naive_Art_Primitivism__marc-chagall_the-young-samuel-the-priest-s-servant-heard-that-he-is-called-by-god-eli-and-he-were-sleeping,000000356968,Naive_Art_Primitivism__marc-chagall_the-young-samuel-the-priest-s-servant-heard-that-he-is-called-by-god-eli-and-he-were-sleeping,0
adain,000000356968__Northern_Renaissance__albrecht-durer_lamentation-over-christ-1507,000000356968,Northern_Renaissance__albrecht-durer_lamentation-over-christ-1507,0
adain,000000356968__Pop_Art__peter-max_composition-red-green-1979,000000356968,Pop_Art__peter-max_composition-red-green-1979,0
adain,000000356968__Post_Impressionism__vincent-van-gogh_restaurant-de-la-sirene-at-asnieres-1887,000000356968,Post_Impressionism__vincent-van-gogh_restaurant-de-la-sirene-at-asnieres-1887,0
adain,000000356968__Realism__vincent-van-gogh_cottage-with-peasant-coming-home-1885(1),000000356968,Realism__vincent-van-gogh_cottage-with-peasant-coming-home-1885(1),0
adain,000000356968__Rococo__dmitry-levitzky_portrait-of-baron-a-n-stroganoff,000000356968,Rococo__dmitry-levitzky_portrait-of-baron-a-n-stroganoff,0
adain,000000356968__Romanticism__gustave-dore_paradise-lost-4,000000356968,Romanticism__gustave-dore_paradise-lost-4,1
adain,000000356968__Symbolism__nicholas-roerich_language-of-forest-1922,000000356968,Symbolism__nicholas-roerich_language-of-forest-1922,0
adain,000000356968__Ukiyo_e__kitagawa-utamaro_not_detected_233134,000000356968,Ukiyo_e__kitagawa-utamaro_not_detected_233134,0
adain,000000376264__Abstract_Expressionism__paul-jenkins_not_detected_235703,000000376264,Abstract_Expressionism__paul-jenkins_not_detected_235703,0
adain,000000376264__Art_Nouveau_Modern__nicholas-roerich_oze-1914,000000376264,Art_Nouveau_Modern__nicholas-roerich_oze-1914,0
adain,000000376264__Baroque__rembrandt_portrait-of-nicolas-van-bambeeck-1641,000000376264,Baroque__rembrandt_portrait-of-nicolas-van-bambeeck-1641,0
adain,000000376264__Color_Field_Painting__leon-berkowitz_dark-light-rose-gold-1978,000000376264,Color_Field_Painting__leon-berkowitz_dark-light-rose-gold-1978,1
adain,000000376264__Cubism__salvador-dali_cubist-composition-portrait-of-a-seated-person-holding-a-letter,000000376264,Cubism__salvador-dali_cubist-composition-portrait-of-a-seated-person-holding-a-letter,1
adain,000000376264__Early_Renaissance__pietro-perugino_st-jerome-who-attends-two-unfairly-hanged-1473,000000376264,Early_Renaissance__pietro-perugino_st-jerome-who-attends-two-unfairly-hanged-1473,0
adain,000000376264__Expressionism__amedeo-modigliani_germaine-survage-with-earrings-1918,000000376264,Expressionism__amedeo-modigliani_germaine-survage-with-earrings-1918,0
adain,000000376264__High_Renaissance__raphael_madonna-and-child-enthroned-with-saints-1505,000000376264,High_Renaissance__raphael_madonna-and-child-enthroned-with-saints-1505,0
adain,000000376264__Impressionism__pierre-auguste-renoir_leaving-the-bath-1890,000000376264,Impressionism__pierre-auguste-renoir_leaving-the-bath-1890,0
adain,000000376264__Mannerism_Late_Renaissance__tintoretto_st-mark-rescuing-a-saracen-from-shipwreck-1566,000000376264,Mannerism_Late_Renaissance__tintoretto_st-mark-rescuing-a-saracen-from-shipwreck-1566,0
adain,000000376264__Minimalism__mario-schifano_untitled-1963,000000376264,Minimalism__mario-schifano_untitled-1963,0
adain,000000376264__Naive_Art_Primitivism__marc-chagall_the-young-samuel-the-priest-s-servant-heard-that-he-is-called-by-god-eli-and-he-were-sleeping,000000376264,Naive_Art_Primitivism__marc-chagall_the-young-samuel-the-priest-s-servant-heard-that-he-is-called-by-god-eli-and-he-were-sleeping,1
adain,000000376264__Northern_Renaissance__albrecht-durer_lamentation-over-christ-1507,000000376264,Northern_Renaissance__albrecht-durer_lamentation-over-christ-1507,0
adain,000000376264__Pop_Art__peter-max_composition-red-green-1979,000000376264,Pop_Art__peter-max_composition-red-green-1979,1
adain,000000376264__Post_Impressionism__vincent-van-gogh_restaurant-de-la-sirene-at-asnieres-1887,000000376264,Post_Impressionism__vincent-van-gogh_restaurant-de-la-sirene-at-asnieres-1887,0
adain,000000376264__Realism__vincent-van-gogh_cottage-with-peasant-coming-home-1885(1),000000376264,Realism__vincent-van-gogh_cottage-with-peasant-coming-home-1885(1),0
adain,000000376264__Rococo__dmitry-levitzky_portrait-of-baron-a-n-stroganoff,000000376264,Rococo__dmitry-levitzky_portrait-of-baron-a-n-stroganoff,0
adain,000000376264__Romanticism__gustave-dore_paradise-lost-4,000000376264,Romanticism__gustave-dore_paradise-lost-4,0
adain,000000376264__Symbolism__nicholas-roerich_language-of-forest-1922,000000376264,Symbolism__nicholas-roerich_language-of-forest-1922,0
adain,000000376264__Ukiyo_e__kitagawa-utamaro_not_detected_233134,000000376264,Ukiyo_e__kitagawa-utamaro_not_detected_233134,0
adain,000000398905__Abstract_Expressionism__paul-jenkins_not_detected_235703,000000398905,Abstract_Expressionism__paul-jenkins_not_detected_235703,0
adain,000000398905__Art_Nouveau_Modern__nicholas-roerich_oze-1914,000000398905,Art_Nouveau_Modern__nicholas-roerich_oze-1914,0
adain,000000398905__Baroque__rembrandt_portrait-of-nicolas-van-bambeeck-1641,000000398905,Baroque__rembrandt_portrait-of-nicolas-van-bambeeck-1641,0
adain,000000398905__Color_Field_Painting__leon-berkowitz_dark-light-rose-gold-1978,000000398905,Color_Field_Painting__leon-berkowitz_dark-light-rose-gold-1978,1
adain,000000398905__Cubism__salvador-dali_cubist-composition-portrait-of-a-seated-person-holding-a-letter,000000398905,Cubism__salvador-dali_cubist-composition-portrait-of-a-seated-person-holding-a-letter,0
adain,000000398905__Early_Renaissance__pietro-perugino_st-jerome-who-attends-two-unfairly-hanged-1473,000000398905,Early_Renaissance__pietro-perugino_st-jerome-who-attends-two-unfairly-hanged-1473,0
adain,000000398905__Expressionism__amedeo-modigliani_germaine-survage-with-earrings-1918,000000398905,Expressionism__amedeo-modigliani_germaine-survage-with-earrings-1918,0
adain,000000398905__High_Renaissance__raphael_madonna-and-child-enthroned-with-saints-1505,000000398905,High_Renaissance__raphael_madonna-and-child-enthroned-with-saints-1505,0
adain,000000398905__Impressionism__pierre-auguste-renoir_leaving-the-bath-1890,000000398905,Impressionism__pierre-auguste-renoir_leaving-the-bath-1890,1
adain,000000398905__Mannerism_Late_Renaissance__tintoretto_st-mark-rescuing-a-saracen-from-shipwreck-1566,000000398905,Mannerism_Late_Renaissance__tintoretto_st-mark-rescuing-a-saracen-from-shipwreck-1566,0
adain,000000398905__Minimalism__mario-schifano_untitled-1963,000000398905,Minimalism__mario-schifano_untitled-1963,0
adain,000000398905__Naive_Art_Primitivism__marc-chagall_the-young-samuel-the-priest-s-servant-heard-that-he-is-called-by-god-eli-and-he-were-sleeping,000000398905,Naive_Art_Primitivism__marc-chagall_the-young-samuel-the-priest-s-servant-heard-that-he-is-called-by-god-eli-and-he-were-sleeping,0
adain,000000398905__Northern_Renaissance__albrecht-durer_lamentation-over-christ-1507,000000398905,Northern_Renaissance__albrecht-durer_lamentation-over-christ-1507,0
adain,000000398905__Pop_Art__peter-max_composition-red-green-1979,000000398905,Pop_Art__peter-max_composition-red-green-1979,1
adain,000000398905__Post_Impressionism__vincent-van-gogh_restaurant-de-la-sirene-at-asnieres-1887,000000398905,Post_Impressionism__vincent-van-gogh_restaurant-de-la-sirene-at-asnieres-1887,0
adain,000000398905__Realism__vincent-van-gogh_cottage-with-peasant-coming-home-1885(1),000000398905,Realism__vincent-van-gogh_cottage-with-peasant-coming-home-1885(1),0
adain,000000398905__Rococo__dmitry-levitzky_portrait-of-baron-a-n-stroganoff,000000398905,Rococo__dmitry-levitzky_portrait-of-baron-a-n-stroganoff,0
adain,000000398905__Romanticism__gustave-dore_paradise-lost-4,000000398905,Romanticism__gustave-dore_paradise-lost-4,0
adain,000000398905__Symbolism__nicholas-roerich_language-of-forest-1922,000000398905,Symbolism__nicholas-roerich_language-of-forest-1922,0
adain,000000398905__Ukiyo_e__kitagawa-utamaro_not_detected_233134,000000398905,Ukiyo_e__kitagawa-utamaro_not_detected_233134,0
adain,000000417911__Abstract_Expressionism__paul-jenkins_not_detected_235703,000000417911,Abstract_Expressionism__paul-jenkins_not_detected_235703,1
adain,000000417911__Art_Nouveau_Modern__nicholas-roerich_oze-1914,000000417911,Art_Nouveau_Modern__nicholas-roerich_oze-1914,0
adain,000000417911__Baroque__rembrandt_portrait-of-nicolas-van-bambeeck-1641,000000417911,Baroque__rembrandt_portrait-of-nicolas-van-bambeeck-1641,0
adain,000000417911__Color_Field_Painting__leon-berkowitz_dark-light-rose-gold-1978,000000417911,Color_Field_Painting__leon-berkowitz_dark-light-rose-gold-1978,1
adain,000000417911__Cubism__salvador-dali_cubist-composition-portrait-of-a-seated-person-holding-a-letter,000000417911,Cubism__salvador-dali_cubist-composition-portrait-of-a-seated-person-holding-a-letter,0
adain,000000417911__Early_Renaissance__pietro-perugino_st-jerome-who-attends-two-unfairly-hanged-1473,000000417911,Early_Renaissance__pietro-perugino_st-jerome-who-attends-two-unfairly-hanged-1473,0
adain,000000417911__Expressionism__amedeo-modigliani_germaine-survage-with-earrings-1918,000000417911,Expressionism__amedeo-modigliani_germaine-survage-with-earrings-1918,0
adain,000000417911__High_Renaissance__raphael_madonna-and-child-enthroned-with-saints-1505,000000417911,High_Renaissance__raphael_madonna-and-child-enthroned-with-saints-1505,0
adain,000000417911__Impressionism__pierre-auguste-renoir_leaving-the-bath-1890,000000417911,Impressionism__pierre-auguste-renoir_leaving-the-bath-1890,1
adain,000000417911__Mannerism_Late_Renaissance__tintoretto_st-mark-rescuing-a-saracen-from-shipwreck-1566,000000417911,Mannerism_Late_Renaissance__tintoretto_st-mark-rescuing-a-saracen-from-shipwreck-1566,0
adain,000000417911__Minimalism__mario-schifano_untitled-1963,000000417911,Minimalism__mario-schifano_untitled-1963,0
adain,000000417911__Naive_Art_Primitivism__marc-chagall_the-young-samuel-the-priest-s-servant-heard-that-he-is-called-by-god-eli-and-he-were-sleeping,000000417911,Naive_Art_Primitivism__marc-chagall_the-young-samuel-the-priest-s-servant-heard-that-he-is-called-by-god-eli-and-he-were-sleeping,1
adain,000000417911__Northern_Renaissance__albrecht-durer_lamentation-over-christ-1507,000000417911,Northern_Renaissance__albrecht-durer_lamentation-over-christ-1507,1
adain,000000417911__Pop_Art__peter-max_composition-red-green-1979,000000417911,Pop_Art__peter-max_composition-red-green-1979,0
adain,000000417911__Post_Impressionism__vincent-van-gogh_restaurant-de-la-sirene-at-asnieres-1887,000000417911,Post_Impressionism__vincent-van-gogh_restaurant-de-la-sirene-at-asnieres-1887,1
adain,000000417911__Realism__vincent-van-gogh_cottage-with-peasant-coming-home-1885(1),000000417911,Realism__vincent-van-gogh_cottage-with-peasant-coming-home-1885(1),0
adain,000000417911__Rococo__dmitry-levitzky_portrait-of-baron-a-n-stroganoff,000000417911,Rococo__dmitry-levitzky_portrait-of-baron-a-n-stroganoff,0
adain,000000417911__Romanticism__gustave-dore_paradise-lost-4,000000417911,Romanticism__gustave-dore_paradise-lost-4,0
adain,000000417911__Symbolism__nicholas-roerich_language-of-forest-1922,000000417911,Symbolism__nicholas-roerich_language-of-forest-1922,0
adain,000000417911__Ukiyo_e__kitagawa-utamaro_not_detected_233134,000000417911,Ukiyo_e__kitagawa-utamaro_not_detected_233134,0
adain,000000427034__Abstract_Expressionism__paul-jenkins_not_detected_235703,000000427034,Abstract_Expressionism__paul-jenkins_not_detected_235703,0
adain,000000427034__Art_Nouveau_Modern__nicholas-roerich_oze-1914,000000427034,Art_Nouveau_Modern__nicholas-roerich_oze-1914,0
adain,000000427034__Baroque__rembrandt_portrait-of-nicolas-van-bambeeck-1641,000000427034,Baroque__rembrandt_portrait-of-nicolas-van-bambeeck-1641,0
adain,000000427034__Color_Field_Painting__leon-berkowitz_dark-light-rose-gold-1978,000000427034,Color_Field_Painting__leon-berkowitz_dark-light-rose-gold-1978,1
adain,000000427034__Cubism__salvador-dali_cubist-composition-portrait-of-a-seated-person-holding-a-letter,000000427034,Cubism__salvador-dali_cubist-composition-portrait-of-a-seated-person-holding-a-letter,0
adain,000000427034__Early_Renaissance__pietro-perugino_st-jerome-who-attends-two-unfairly-hanged-1473,000000427034,Early_Renaissance__pietro-perugino_st-jerome-who-attends-two-unfairly-hanged-1473,0
adain,000000427034__Expressionism__amedeo-modigliani_germaine-survage-with-earrings-1918,000000427034,Expressionism__amedeo-modigliani_germaine-survage-with-earrings-1918,0
adain,000000427034__High_Renaissance__raphael_madonna-and-child-enthroned-with-saints-1505,000000427034,High_Renaissance__raphael_madonna-and-child-enthroned-with-saints-1505,0
adain,000000427034__Impressionism__pierre-auguste-renoir_leaving-the-bath-1890,000000427034,Impressionism__pierre-auguste-renoir_leaving-the-bath-1890,1
adain,000000427034__Mannerism_Late_Renaissance__tintoretto_st-mark-rescuing-a-saracen-from-shipwreck-1566,000000427034,Mannerism_Late_Renaissance__tintoretto_st-mark-rescuing-a-saracen-from-shipwreck-1566,0
adain,000000427034__Minimalism__mario-schifano_untitled-1963,000000427034,Minimalism__mario-schifano_untitled-1963,0
adain,000000427034__Naive_Art_Primitivism__marc-chagall_the-young-samuel-the-priest-s-servant-heard-that-he-is-called-by-god-eli-and-he-were-sleeping,000000427034,Naive_Art_Primitivism__marc-chagall_the-young-samuel-the-priest-s-servant-heard-that-he-is-called-by-god-eli-and-he-were-sleeping,0
adain,000000427034__Northern_Renaissance__albrecht-durer_lamentation-over-christ-1507,000000427034,Northern_Renaissance__albrecht-durer_lamentation-over-christ-1507,0
adain,000000427034__Pop_Art__peter-max_composition-red-green-1979,000000427034,Pop_Art__peter-max_composition-red-green-1979,0
adain,000000427034__Post_Impressionism__vincent-van-gogh_restaurant-de-la-sirene-at-asnieres-1887,000000427034,Post_Impressionism__vincent-van-gogh_restaurant-de-la-sirene-at-asnieres-1887,1
adain,000000427034__Realism__vincent-van-gogh_cottage-with-peasant-coming-home-1885(1),000000427034,Realism__vincent-van-gogh_cottage-with-peasant-coming-home-1885(1),0
adain,000000427034__Rococo__dmitry-levitzky_portrait-of-baron-a-n-stroganoff,000000427034,Rococo__dmitry-levitzky_portrait-of-baron-a-n-stroganoff,0
adain,000000427034__Romanticism__gustave-dore_paradise-lost-4,000000427034,Romanticism__gustave-dore_paradise-lost-4,0
adain,000000427034__Symbolism__nicholas-roerich_language-of-forest-1922,000000427034,Symbolism__nicholas-roerich_language-of-forest-1922,0
adain,000000427034__Ukiyo_e__kitagawa-utamaro_not_detected_233134,000000427034,Ukiyo_e__kitagawa-utamaro_not_detected_233134,0
adain,000000435003__Abstract_Expressionism__paul-jenkins_not_detected_235703,000000435003,Abstract_Expressionism__paul-jenkins_not_detected_235703,1
adain,000000435003__Art_Nouveau_Modern__nicholas-roerich_oze-1914,000000435003,Art_Nouveau_Modern__nicholas-roerich_oze-1914,0
adain,000000435003__Baroque__rembrandt_portrait-of-nicolas-van-bambeeck-1641,000000435003,Baroque__rembrandt_portrait-of-nicolas-van-bambeeck-1641,0
adain,000000435003__Color_Field_Painting__leon-berkowitz_dark-light-rose-gold-1978,000000435003,Color_Field_Painting__leon-berkowitz_dark-light-rose-gold-1978,1
adain,000000435003__Cubism__salvador-dali_cubist-composition-portrait-of-a-seated-person-holding-a-letter,000000435003,Cubism__salvador-dali_cubist-composition-portrait-of-a-seated-person-holding-a-letter,1
adain,000000435003__Early_Renaissance__pietro-perugino_st-jerome-who-attends-two-unfairly-hanged-1473,000000435003,Early_Renaissance__pietro-perugino_st-jerome-who-attends-two-unfairly-hanged-1473,0
adain,000000435003__Expressionism__amedeo-modigliani_germaine-survage-with-earrings-1918,000000435003,Expressionism__amedeo-modigliani_germaine-survage-with-earrings-1918,0
adain,000000435003__High_Renaissance__raphael_madonna-and-child-enthroned-with-saints-1505,000000435003,High_Renaissance__raphael_madonna-and-child-enthroned-with-saints-1505,0
adain,000000435003__Impressionism__pierre-auguste-renoir_leaving-the-bath-1890,000000435003,Impressionism__pierre-auguste-renoir_leaving-the-bath-1890,0
adain,000000435003__Mannerism_Late_Renaissance__tintoretto_st-mark-rescuing-a-saracen-from-shipwreck-1566,000000435003,Mannerism_Late_Renaissance__tintoretto_st-mark-rescuing-a-saracen-from-shipwreck-1566,0
adain,000000435003__Minimalism__mario-schifano_untitled-1963,000000435003,Minimalism__mario-schifano_untitled-1963,1
adain,000000435003__Naive_Art_Primitivism__marc-chagall_the-young-samuel-the-priest-s-servant-heard-that-he-is-called-by-god-eli-and-he-were-sleeping,000000435003,Naive_Art_Primitivism__marc-chagall_the-young-samuel-the-priest-s-servant-heard-that-he-is-called-by-god-eli-and-he-were-sleeping,0
adain,000000435003__Northern_Renaissance__albrecht-durer_lamentation-over-christ-1507,000000435003,Northern_Renaissance__albrecht-durer_lamentation-over-christ-1507,0
adain,000000435003__Pop_Art__peter-max_composition-red-green-1979,000000435003,Pop_Art__peter-max_composition-red-green-1979,1
adain,000000435003__Post_Impressionism__vincent-van-gogh_restaurant-de-la-sirene-at-asnieres-1887,000000435003,Post_Impressionism__vincent-van-gogh_restaurant-de-la-sirene-at-asnieres-1887,1
adain,000000435003__Realism__vincent-van-gogh_cottage-with-peasant-coming-home-1885(1),000000435003,Realism__vincent-van-gogh_cottage-with-peasant-coming-home-1885(1),0
adain,000000435003__Rococo__dmitry-levitzky_portrait-of-baron-a-n-stroganoff,000000435003,Rococo__dmitry-levitzky_portrait-of-baron-a-n-stroganoff,0
adain,000000435003__Romanticism__gustave-dore_paradise-lost-4,000000435003,Romanticism__gustave-dore_paradise-lost-4,0
adain,000000435003__Symbolism__nicholas-roerich_language-of-forest-1922,000000435003,Symbolism__nicholas-roerich_language-of-forest-1922,0
adain,000000435003__Ukiyo_e__kitagawa-utamaro_not_detected_233134,000000435003,Ukiyo_e__kitagawa-utamaro_not_detected_233134,0
adain,000000464251__Abstract_Expressionism__paul-jenkins_not_detected_235703,000000464251,Abstract_Expressionism__paul-jenkins_not_detected_235703,0
adain,000000464251__Art_Nouveau_Modern__nicholas-roerich_oze-1914,000000464251,Art_Nouveau_Modern__nicholas-roerich_oze-1914,0
adain,000000464251__Baroque__rembrandt_portrait-of-nicolas-van-bambeeck-1641,000000464251,Baroque__rembrandt_portrait-of-nicolas-van-bambeeck-1641,0
adain,000000464251__Color_Field_Painting__leon-berkowitz_dark-light-rose-gold-1978,000000464251,Color_Field_Painting__leon-berkowitz_dark-light-rose-gold-1978,1
adain,000000464251__Cubism__salvador-dali_cubist-composition-portrait-of-a-seated-person-holding-a-letter,000000464251,Cubism__salvador-dali_cubist-composition-portrait-of-a-seated-person-holding-a-letter,1
adain,000000464251__Early_Renaissance__pietro-perugino_st-jerome-who-attends-two-unfairly-hanged-1473,000000464251,Early_Renaissance__pietro-perugino_st-jerome-who-attends-two-unfairly-hanged-1473,0
adain,000000464251__Expressionism__amedeo-modigliani_germaine-survage-with-earrings-1918,000000464251,Expressionism__amedeo-modigliani_germaine-survage-with-earrings-1918,0
adain,000000464251__High_Renaissance__raphael_madonna-and-child-enthroned-with-saints-1505,000000464251,High_Renaissance__raphael_madonna-and-child-enthroned-with-saints-1505,0
adain,000000464251__Impressionism__pierre-auguste-renoir_leaving-the-bath-1890,000000464251,Impressionism__pierre-auguste-renoir_leaving-the-bath-1890,1
adain,000000464251__Mannerism_Late_Renaissance__tintoretto_st-mark-rescuing-a-saracen-from-shipwreck-1566,000000464251,Mannerism_Late_Renaissance__tintoretto_st-mark-rescuing-a-saracen-from-shipwreck-1566,0
adain,000000464251__Minimalism__mario-schifano_untitled-1963,000000464251,Minimalism__mario-schifano_untitled-1963,0
adain,000000464251__Naive_Art_Primitivism__marc-chagall_the-young-samuel-the-priest-s-servant-heard-that-he-is-called-by-god-eli-and-he-were-sleeping,000000464251,Naive_Art_Primitivism__marc-chagall_the-young-samuel-the-priest-s-servant-heard-that-he-is-called-by-god-eli-and-he-were-sleeping,0
adain,000000464251__Northern_Renaissance__albrecht-durer_lamentation-over-christ-1507,000000464251,Northern_Renaissance__albrecht-durer_lamentation-over-christ-1507,1
adain,000000464251__Pop_Art__peter-max_composition-red-green-1979,000000464251,Pop_Art__peter-max_composition-red-green-1979,0
adain,000000464251__Post_Impressionism__vincent-van-gogh_restaurant-de-la-sirene-at-asnieres-1887,000000464251,Post_Impressionism__vincent-van-gogh_restaurant-de-la-sirene-at-asnieres-1887,1
adain,000000464251__Realism__vincent-van-gogh_cottage-with-peasant-coming-home-1885(1),000000464251,Realism__vincent-van-gogh_cottage-with-peasant-coming-home-1885(1),0
adain,000000464251__Rococo__dmitry-levitzky_portrait-of-baron-a-n-stroganoff,000000464251,Rococo__dmitry-levitzky_portrait-of-baron-a-n-stroganoff,0
adain,000000464251__Romanticism__gustave-dore_paradise-lost-4,000000464251,Romanticism__gustave-dore_paradise-lost-4,0
adain,000000464251__Symbolism__nicholas-roerich_language-of-forest-1922,000000464251,Symbolism__nicholas-roerich_language-of-forest-1922,0
adain,000000464251__Ukiyo_e__kitagawa-utamaro_not_detected_233134,000000464251,Ukiyo_e__kitagawa-utamaro_not_detected_233134,0
adain,000000464786__Abstract_Expressionism__paul-jenkins_not_detected_235703,000000464786,Abstract_Expressionism__paul-jenkins_not_detected_235703,1
adain,000000464786__Art_Nouveau_Modern__nicholas-roerich_oze-1914,000000464786,Art_Nouveau_Modern__nicholas-roerich_oze-1914,0
adain,000000464786__Baroque__rembrandt_portrait-of-nicolas-van-bambeeck-1641,000000464786,Baroque__rembrandt_portrait-of-nicolas-van-bambeeck-1641,0
adain,000000464786__Color_Field_Painting__leon-berkowitz_dark-light-rose-gold-1978,000000464786,Color_Field_Painting__leon-berkowitz_dark-light-rose-gold-1978,1
adain,000000464786__Cubism__salvador-dali_cubist-composition-portrait-of-a-seated-person-holding-a-letter,000000464786,Cubism__salvador-dali_cubist-composition-portrait-of-a-seated-person-holding-a-letter,0
adain,000000464786__Early_Renaissance__pietro-perugino_st-jerome-who-attends-two-unfairly-hanged-1473,000000464786,Early_Renaissance__pietro-perugino_st-jerome-who-attends-two-unfairly-hanged-1473,0
adain,000000464786__Expressionism__amedeo-modigliani_germaine-survage-with-earrings-1918,000000464786,Expressionism__amedeo-modigliani_germaine-survage-with-earrings-1918,1
adain,000000464786__High_Renaissance__raphael_madonna-and-child-enthroned-with-saints-1505,000000464786,High_Renaissance__raphael_madonna-and-child-enthroned-with-saints-1505,0
adain,000000464786__Impressionism__pierre-auguste-renoir_leaving-the-bath-1890,000000464786,Impressionism__pierre-auguste-renoir_leaving-the-bath-1890,1
adain,000000464786__Mannerism_Late_Renaissance__tintoretto_st-mark-rescuing-a-saracen-from-shipwreck-1566,000000464786,Mannerism_Late_Renaissance__tintoretto_st-mark-rescuing-a-saracen-from-shipwreck-1566,1
adain,000000464786__Minimalism__mario-schifano_untitled-1963,000000464786,Minimalism__mario-schifano_untitled-1963,0
adain,000000464786__Naive_Art_Primitivism__marc-chagall_the-young-samuel-the-priest-s-servant-heard-that-he-is-called-by-god-eli-and-he-were-sleeping,000000464786,Naive_Art_Primitivism__marc-chagall_the-young-samuel-the-priest-s-servant-heard-that-he-is-called-by-god-eli-and-he-were-sleeping,0
adain,000000464786__Northern_Renaissance__albrecht-durer_lamentation-over-christ-1507,000000464786,Northern_Renaissance__albrecht-durer_lamentation-over-christ-1507,0
adain,000000464786__Pop_Art__peter-max_composition-red-green-1979,000000464786,Pop_Art__peter-max_composition-red-green-1979,0
adain,000000464786__Post_Impressionism__vincent-van-gogh_restaurant-de-la-sirene-at-asnieres-1887,000000464786,Post_Impressionism__vincent-van-gogh_restaurant-de-la-sirene-at-asnieres-1887,0
adain,000000464786__Realism__vincent-van-gogh_cottage-with-peasant-coming-home-1885(1),000000464786,Realism__vincent-van-gogh_cottage-with-peasant-coming-home-1885(1),0
adain,000000464786__Rococo__dmitry-levitzky_portrait-of-baron-a-n-stroganoff,000000464786,Rococo__dmitry-levitzky_portrait-of-baron-a-n-stroganoff,0
adain,000000464786__Romanticism__gustave-dore_paradise-lost-4,000000464786,Romanticism__gustave-dore_paradise-lost-4,0
adain,000000464786__Symbolism__nicholas-roerich_language-of-forest-1922,000000464786,Symbolism__nicholas-roerich_language-of-forest-1922,0
adain,000000464786__Ukiyo_e__kitagawa-utamaro_not_detected_233134,000000464786,Ukiyo_e__kitagawa-utamaro_not_detected_233134,0
adain,000000475387__Abstract_Expressionism__paul-jenkins_not_detected_235703,000000475387,Abstract_Expressionism__paul-jenkins_not_detected_235703,1
adain,000000475387__Art_Nouveau_Modern__nicholas-roerich_oze-1914,000000475387,Art_Nouveau_Modern__nicholas-roerich_oze-1914,0
adain,000000475387__Baroque__rembrandt_portrait-of-nicolas-van-bambeeck-1641,000000475387,Baroque__rembrandt_portrait-of-nicolas-van-bambeeck-1641,0
adain,000000475387__Color_Field_Painting__leon-berkowitz_dark-light-rose-gold-1978,000000475387,Color_Field_Painting__leon-berkowitz_dark-light-rose-gold-1978,1
adain,000000475387__Cubism__salvador-dali_cubist-composition-portrait-of-a-seated-person-holding-a-letter,000000475387,Cubism__salvador-dali_cubist-composition-portrait-of-a-seated-person-holding-a-letter,0
adain,000000475387__Early_Renaissance__pietro-perugino_st-jerome-who-attends-two-unfairly-hanged-1473,000000475387,Early_Renaissance__pietro-perugino_st-jerome-who-attends-two-unfairly-hanged-1473,0
adain,000000475387__Expressionism__amedeo-modigliani_germaine-survage-with-earrings-1918,000000475387,Expressionism__amedeo-modigliani_germaine-survage-with-earrings-1918,0
adain,000000475387__High_Renaissance__raphael_madonna-and-child-enthroned-with-saints-1505,000000475387,High_Renaissance__raphael_madonna-and-child-enthroned-with-saints-1505,0
adain,000000475387__Impressionism__pierre-auguste-renoir_leaving-the-bath-1890,000000475387,Impressionism__pierre-auguste-renoir_leaving-the-bath-1890,1
adain,000000475387__Mannerism_Late_Renaissance__tintoretto_st-mark-rescuing-a-saracen-from-shipwreck-1566,000000475387,Mannerism_Late_Renaissance__tintoretto_st-mark-rescuing-a-saracen-from-shipwreck-1566,0
adain,000000475387__Minimalism__mario-schifano_untitled-1963,000000475387,Minimalism__mario-schifano_untitled-1963,0
adain,000000475387__Naive_Art_Primitivism__marc-chagall_the-young-samuel-the-priest-s-servant-heard-that-he-is-called-by-god-eli-and-he-were-sleeping,000000475387,Naive_Art_Primitivism__marc-chagall_the-young-samuel-the-priest-s-servant-heard-that-he-is-called-by-god-eli-and-he-were-sleeping,0
adain,000000475387__Northern_Renaissance__albrecht-durer_lamentation-over-christ-1507,000000475387,Northern_Renaissance__albrecht-durer_lamentation-over-christ-1507,0
adain,000000475387__Pop_Art__peter-max_composition-red-green-1979,000000475387,Pop_Art__peter-max_composition-red-green-1979,0
adain,000000475387__Post_Impressionism__vincent-van-gogh_restaurant-de-la-sirene-at-asnieres-1887,000000475387,Post_Impressionism__vincent-van-gogh_restaurant-de-la-sirene-at-asnieres-1887,1
adain,000000475387__Realism__vincent-van-gogh_cottage-with-peasant-coming-home-1885(1),000000475387,Realism__vincent-van-gogh_cottage-with-peasant-coming-home-1885(1),0
adain,000000475387__Rococo__dmitry-levitzky_portrait-of-baron-a-n-stroganoff,000000475387,Rococo__dmitry-levitzky_portrait-of-baron-a-n-stroganoff,0
adain,000000475387__Romanticism__gustave-dore_paradise-lost-4,000000475387,Romanticism__gustave-dore_paradise-lost-4,0
adain,000000475387__Symbolism__nicholas-roerich_language-of-forest-1922,000000475387,Symbolism__nicholas-roerich_language-of-forest-1922,0
adain,000000475387__Ukiyo_e__kitagawa-utamaro_not_detected_233134,000000475387,Ukiyo_e__kitagawa-utamaro_not_detected_233134,0
adain,000000484029__Abstract_Expressionism__paul-jenkins_not_detected_235703,000000484029,Abstract_Expressionism__paul-jenkins_not_detected_235703,1
adain,000000484029__Art_Nouveau_Modern__nicholas-roerich_oze-1914,000000484029,Art_Nouveau_Modern__nicholas-roerich_oze-1914,0
adain,000000484029__Baroque__rembrandt_portrait-of-nicolas-van-bambeeck-1641,000000484029,Baroque__rembrandt_portrait-of-nicolas-van-bambeeck-1641,0
adain,000000484029__Color_Field_Painting__leon-berkowitz_dark-light-rose-gold-1978,000000484029,Color_Field_Painting__leon-berkowitz_dark-light-rose-gold-1978,1
adain,000000484029__Cubism__salvador-dali_cubist-composition-portrait-of-a-seated-person-holding-a-letter,000000484029,Cubism__salvador-dali_cubist-composition-portrait-of-a-seated-person-holding-a-letter,1
adain,000000484029__Early_Renaissance__pietro-perugino_st-jerome-who-attends-two-unfairly-hanged-1473,000000484029,Early_Renaissance__pietro-perugino_st-jerome-who-attends-two-unfairly-hanged-1473,0
adain,000000484029__Expressionism__amedeo-modigliani_germaine-survage-with-earrings-1918,000000484029,Expressionism__amedeo-modigliani_germaine-survage-with-earrings-1918,0
adain,000000484029__High_Renaissance__raphael_madonna-and-child-enthroned-with-saints-1505,000000484029,High_Renaissance__raphael_madonna-and-child-enthroned-with-saints-1505,0
adain,000000484029__Impressionism__pierre-auguste-renoir_leaving-the-bath-1890,000000484029,Impressionism__pierre-auguste-renoir_leaving-the-bath-1890,1
adain,000000484029__Mannerism_Late_Renaissance__tintoretto_st-mark-rescuing-a-saracen-from-shipwreck-1566,000000484029,Mannerism_Late_Renaissance__tintoretto_st-mark-rescuing-a-saracen-from-shipwreck-1566,0
adain,000000484029__Minimalism__mario-schifano_untitled-1963,000000484029,Minimalism__mario-schifano_untitled-1963,1
adain,000000484029__Naive_Art_Primitivism__marc-chagall_the-young-samuel-the-priest-s-servant-heard-that-he-is-called-by-god-eli-and-he-were-sleeping,000000484029,Naive_Art_Primitivism__marc-chagall_the-young-samuel-the-priest-s-servant-heard-that-he-is-called-by-god-eli-and-he-were-sleeping,0
adain,000000484029__Northern_Renaissance__albrecht-durer_lamentation-over-christ-1507,000000484029,Northern_Renaissance__albrecht-durer_lamentation-over-christ-1507,0
adain,000000484029__Pop_Art__peter-max_composition-red-green-1979,000000484029,Pop_Art__peter-max_composition-red-green-1979,1
adain,000000484029__Post_Impressionism__vincent-van-gogh_restaurant-de-la-sirene-at-asnieres-1887,000000484029,Post_Impressionism__vincent-van-gogh_restaurant-de-la-sirene-at-asnieres-1887,1
adain,000000484029__Realism__vincent-van-gogh_cottage-with-peasant-coming-home-1885(1),000000484029,Realism__vincent-van-gogh_cottage-with-peasant-coming-home-1885(1),0
adain,000000484029__Rococo__dmitry-levitzky_portrait-of-baron-a-n-stroganoff,000000484029,Rococo__dmitry-levitzky_portrait-of-baron-a-n-stroganoff,0
adain,000000484029__Romanticism__gustave-dore_paradise-lost-4,000000484029,Romanticism__gustave-dore_paradise-lost-4,0
adain,000000484029__Symbolism__nicholas-roerich_language-of-forest-1922,000000484029,Symbolism__nicholas-roerich_language-of-forest-1922,0
adain,000000484029__Ukiyo_e__kitagawa-utamaro_not_detected_233134,000000484029,Ukiyo_e__kitagawa-utamaro_not_detected_233134,0
adain,000000485844__Abstract_Expressionism__paul-jenkins_not_detected_235703,000000485844,Abstract_Expressionism__paul-jenkins_not_detected_235703,1
adain,000000485844__Art_Nouveau_Modern__nicholas-roerich_oze-1914,000000485844,Art_Nouveau_Modern__nicholas-roerich_oze-1914,0
adain,000000485844__Baroque__rembrandt_portrait-of-nicolas-van-bambeeck-1641,000000485844,Baroque__rembrandt_portrait-of-nicolas-van-bambeeck-1641,0
adain,000000485844__Color_Field_Painting__leon-berkowitz_dark-light-rose-gold-1978,000000485844,Color_Field_Painting__leon-berkowitz_dark-light-rose-gold-1978,1
adain,000000485844__Cubism__salvador-dali_cubist-composition-portrait-of-a-seated-person-holding-a-letter,000000485844,Cubism__salvador-dali_cubist-composition-portrait-of-a-seated-person-holding-a-letter,1
adain,000000485844__Early_Renaissance__pietro-perugino_st-jerome-who-attends-two-unfairly-hanged-1473,000000485844,Early_Renaissance__pietro-perugino_st-jerome-who-attends-two-unfairly-hanged-1473,0
adain,000000485844__Expressionism__amedeo-modigliani_germaine-survage-with-earrings-1918,000000485844,Expressionism__amedeo-modigliani_germaine-survage-with-earrings-1918,0
adain,000000485844__High_Renaissance__raphael_madonna-and-child-enthroned-with-saints-1505,000000485844,High_Renaissance__raphael_madonna-and-child-enthroned-with-saints-1505,0
adain,000000485844__Impressionism__pierre-auguste-renoir_leaving-the-bath-1890,000000485844,Impressionism__pierre-auguste-renoir_leaving-the-bath-1890,1
adain,000000485844__Mannerism_Late_Renaissance__tintoretto_st-mark-rescuing-a-saracen-from-shipwreck-1566,000000485844,Mannerism_Late_Renaissance__tintoretto_st-mark-rescuing-a-saracen-from-shipwreck-1566,1
adain,000000485844__Minimalism__mario-schifano_untitled-1963,000000485844,Minimalism__mario-schifano_untitled-1963,0
adain,000000485844__Naive_Art_Primitivism__marc-chagall_the-young-samuel-the-priest-s-servant-heard-that-he-is-called-by-god-eli-and-he-were-sleeping,000000485844,Naive_Art_Primitivism__marc-chagall_the-young-samuel-the-priest-s-servant-heard-that-he-is-called-by-god-eli-and-he-were-sleeping,0
adain,000000485844__Northern_Renaissance__albrecht-durer_lamentation-over-christ-1507,000000485844,Northern_Renaissance__albrecht-durer_lamentation-over-christ-1507,1
adain,000000485844__Pop_Art__peter-max_composition-red-green-1979,000000485844,Pop_Art__peter-max_composition-red-green-1979,0
adain,000000485844__Post_Impressionism__vincent-van-gogh_restaurant-de-la-sirene-at-asnieres-1887,000000485844,Post_Impressionism__vincent-van-gogh_restaurant-de-la-sirene-at-asnieres-1887,0
adain,000000485844__Realism__vincent-van-gogh_cottage-with-peasant-coming-home-1885(1),000000485844,Realism__vincent-van-gogh_cottage-with-peasant-coming-home-1885(1),0
adain,000000485844__Rococo__dmitry-levitzky_portrait-of-baron-a-n-stroganoff,000000485844,Rococo__dmitry-levitzky_portrait-of-baron-a-n-stroganoff,0
adain,000000485844__Romanticism__gustave-dore_paradise-lost-4,000000485844,Romanticism__gustave-dore_paradise-lost-4,0
adain,000000485844__Symbolism__nicholas-roerich_language-of-forest-1922,000000485844,Symbolism__nicholas-roerich_language-of-forest-1922,0
adain,000000485844__Ukiyo_e__kitagawa-utamaro_not_detected_233134,000000485844,Ukiyo_e__kitagawa-utamaro_not_detected_233134,0
adain,000000510329__Abstract_Expressionism__paul-jenkins_not_detected_235703,000000510329,Abstract_Expressionism__paul-jenkins_not_detected_235703,0
adain,000000510329__Art_Nouveau_Modern__nicholas-roerich_oze-1914,000000510329,Art_Nouveau_Modern__nicholas-roerich_oze-1914,0
adain,000000510329__Baroque__rembrandt_portrait-of-nicolas-van-bambeeck-1641,000000510329,Baroque__rembrandt_portrait-of-nicolas-van-bambeeck-1641,0
adain,000000510329__Color_Field_Painting__leon-berkowitz_dark-light-rose-gold-1978,000000510329,Color_Field_Painting__leon-berkowitz_dark-light-rose-gold-1978,1
adain,000000510329__Cubism__salvador-dali_cubist-composition-portrait-of-a-seated-person-holding-a-letter,000000510329,Cubism__salvador-dali_cubist-composition-portrait-of-a-seated-person-holding-a-letter,0
adain,000000510329__Early_Renaissance__pietro-perugino_st-jerome-who-attends-two-unfairly-hanged-1473,000000510329,Early_Renaissance__pietro-perugino_st-jerome-who-attends-two-unfairly-hanged-1473,0
adain,000000510329__Expressionism__amedeo-modigliani_germaine-survage-with-earrings-1918,000000510329,Expressionism__amedeo-modigliani_germaine-survage-with-earrings-1918,0
adain,000000510329__High_Renaissance__raphael_madonna-and-child-enthroned-with-saints-1505,000000510329,High_Renaissance__raphael_madonna-and-child-enthroned-with-saints-1505,0
adain,000000510329__Impressionism__pierre-auguste-renoir_leaving-the-bath-1890,000000510329,Impressionism__pierre-auguste-renoir_leaving-the-bath-1890,1
adain,000000510329__Mannerism_Late_Renaissance__tintoretto_st-mark-rescuing-a-saracen-from-shipwreck-1566,000000510329,Mannerism_Late_Renaissance__tintoretto_st-mark-rescuing-a-saracen-from-shipwreck-1566,0
adain,000000510329__Minimalism__mario-schifano_untitled-1963,000000510329,Minimalism__mario-schifano_untitled-1963,1
adain,000000510329__Naive_Art_Primitivism__marc-chagall_the-young-samuel-the-priest-s-servant-heard-that-he-is-called-by-god-eli-and-he-were-sleeping,000000510329,Naive_Art_Primitivism__marc-chagall_the-young-samuel-the-priest-s-servant-heard-that-he-is-called-by-god-eli-and-he-were-sleeping,0
adain,000000510329__Northern_Renaissance__albrecht-durer_lamentation-over-christ-1507,000000510329,Northern_Renaissance__albrecht-durer_lamentation-over-christ-1507,0
adain,000000510329__Pop_Art__peter-max_composition-red-green-1979,000000510329,Pop_Art__peter-max_composition-red-green-1979,0
adain,000000510329__Post_Impressionism__vincent-van-gogh_restaurant-de-la-sirene-at-asnieres-1887,000000510329,Post_Impressionism__vincent-van-gogh_restaurant-de-la-sirene-at-asnieres-1887,0
adain,000000510329__Realism__vincent-van-gogh_cottage-with-peasant-coming-home-1885(1),000000510329,Realism__vincent-van-gogh_cottage-with-peasant-coming-home-1885(1),0
adain,000000510329__Rococo__dmitry-levitzky_portrait-of-baron-a-n-stroganoff,000000510329,Rococo__dmitry-levitzky_portrait-of-baron-a-n-stroganoff,0
adain,000000510329__Romanticism__gustave-dore_paradise-lost-4,000000510329,Romanticism__gustave-dore_paradise-lost-4,0
adain,000000510329__Symbolism__nicholas-roerich_language-of-forest-1922,000000510329,Symbolism__nicholas-roerich_language-of-forest-1922,0
adain,000000510329__Ukiyo_e__kitagawa-utamaro_not_detected_233134,000000510329,Ukiyo_e__kitagawa-utamaro_not_detected_233134,0
adain,000000520659__Abstract_Expressionism__paul-jenkins_not_detected_235703,000000520659,Abstract_Expressionism__paul-jenkins_not_detected_235703,1
adain,000000520659__Art_Nouveau_Modern__nicholas-roerich_oze-1914,000000520659,Art_Nouveau_Modern__nicholas-roerich_oze-1914,0
adain,000000520659__Baroque__rembrandt_portrait-of-nicolas-van-bambeeck-1641,000000520659,Baroque__rembrandt_portrait-of-nicolas-van-bambeeck-1641,0
adain,000000520659__Color_Field_Painting__leon-berkowitz_dark-light-rose-gold-1978,000000520659,Color_Field_Painting__leon-berkowitz_dark-light-rose-gold-1978,1
adain,000000520659__Cubism__salvador-dali_cubist-composition-portrait-of-a-seated-person-holding-a-letter,000000520659,Cubism__salvador-dali_cubist-composition-portrait-of-a-seated-person-holding-a-letter,0
adain,000000520659__Early_Renaissance__pietro-perugino_st-jerome-who-attends-two-unfairly-hanged-1473,000000520659,Early_Renaissance__pietro-perugino_st-jerome-who-attends-two-unfairly-hanged-1473,0
adain,000000520659__Expressionism__amedeo-modigliani_germaine-survage-with-earrings-1918,000000520659,Expressionism__amedeo-modigliani_germaine-survage-with-earrings-1918,0
adain,000000520659__High_Renaissance__raphael_madonna-and-child-enthroned-with-saints-1505,000000520659,High_Renaissance__raphael_madonna-and-child-enthroned-with-saints-1505,0
adain,000000520659__Impressionism__pierre-auguste-renoir_leaving-the-bath-1890,000000520659,Impressionism__pierre-auguste-renoir_leaving-the-bath-1890,1
adain,000000520659__Mannerism_Late_Renaissance__tintoretto_st-mark-rescuing-a-saracen-from-shipwreck-1566,000000520659,Mannerism_Late_Renaissance__tintoretto_st-mark-rescuing-a-saracen-from-shipwreck-1566,0
adain,000000520659__Minimalism__mario-schifano_untitled-1963,000000520659,Minimalism__mario-schifano_untitled-1963,1
adain,000000520659__Naive_Art_Primitivism__marc-chagall_the-young-samuel-the-priest-s-servant-heard-that-he-is-called-by-god-eli-and-he-were-sleeping,000000520659,Naive_Art_Primitivism__marc-chagall_the-young-samuel-the-priest-s-servant-heard-that-he-is-called-by-god-eli-and-he-were-sleeping,0
adain,000000520659__Northern_Renaissance__albrecht-durer_lamentation-over-christ-1507,000000520659,Northern_Renaissance__albrecht-durer_lamentation-over-christ-1507,0
adain,000000520659__Pop_Art__peter-max_composition-red-green-1979,000000520659,Pop_Art__peter-max_composition-red-green-1979,1
adain,000000520659__Post_Impressionism__vincent-van-gogh_restaurant-de-la-sirene-at-asnieres-1887,000000520659,Post_Impressionism__vincent-van-gogh_restaurant-de-la-sirene-at-asnieres-1887,1
adain,000000520659__Realism__vincent-van-gogh_cottage-with-peasant-coming-home-1885(1),000000520659,Realism__vincent-van-gogh_cottage-with-peasant-coming-home-1885(1),0
adain,000000520659__Rococo__dmitry-levitzky_portrait-of-baron-a-n-stroganoff,000000520659,Rococo__dmitry-levitzky_portrait-of-baron-a-n-stroganoff,0
adain,000000520659__Romanticism__gustave-dore_paradise-lost-4,000000520659,Romanticism__gustave-dore_paradise-lost-4,0
adain,000000520659__Symbolism__nicholas-roerich_language-of-forest-1922,000000520659,Symbolism__nicholas-roerich_language-of-forest-1922,0
adain,000000520659__Ukiyo_e__kitagawa-utamaro_not_detected_233134,000000520659,Ukiyo_e__kitagawa-utamaro_not_detected_233134,0
adain,000000529105__Abstract_Expressionism__paul-jenkins_not_detected_235703,000000529105,Abstract_Expressionism__paul-jenkins_not_detected_235703,1
adain,000000529105__Art_Nouveau_Modern__nicholas-roerich_oze-1914,000000529105,Art_Nouveau_Modern__nicholas-roerich_oze-1914,0
adain,000000529105__Baroque__rembrandt_portrait-of-nicolas-van-bambeeck-1641,000000529105,Baroque__rembrandt_portrait-of-nicolas-van-bambeeck-1641,0
adain,000000529105__Color_Field_Painting__leon-berkowitz_dark-light-rose-gold-1978,000000529105,Color_Field_Painting__leon-berkowitz_dark-light-rose-gold-1978,1
adain,000000529105__Cubism__salvador-dali_cubist-composition-portrait-of-a-seated-person-holding-a-letter,000000529105,Cubism__salvador-dali_cubist-composition-portrait-of-a-seated-person-holding-a-letter,0
adain,000000529105__Early_Renaissance__pietro-perugino_st-jerome-who-attends-two-unfairly-hanged-1473,000000529105,Early_Renaissance__pietro-perugino_st-jerome-who-attends-two-unfairly-hanged-1473,0
adain,000000529105__Expressionism__amedeo-modigliani_germaine-survage-with-earrings-1918,000000529105,Expressionism__amedeo-modigliani_germaine-survage-with-earrings-1918,0
adain,000000529105__High_Renaissance__raphael_madonna-and-child-enthroned-with-saints-1505,000000529105,High_Renaissance__raphael_madonna-and-child-enthroned-with-saints-1505,0
adain,000000529105__Impressionism__pierre-auguste-renoir_leaving-the-bath-1890,000000529105,Impressionism__pierre-auguste-renoir_leaving-the-bath-1890,1
adain,000000529105__Mannerism_Late_Renaissance__tintoretto_st-mark-rescuing-a-saracen-from-shipwreck-1566,000000529105,Mannerism_Late_Renaissance__tintoretto_st-mark-rescuing-a-saracen-from-shipwreck-1566,1
adain,000000529105__Minimalism__mario-schifano_untitled-1963,000000529105,Minimalism__mario-schifano_untitled-1963,0
adain,000000529105__Naive_Art_Primitivism__marc-chagall_the-young-samuel-the-priest-s-servant-heard-that-he-is-called-by-god-eli-and-he-were-sleeping,000000529105,Naive_Art_Primitivism__marc-chagall_the-young-samuel-the-priest-s-servant-heard-that-he-is-called-by-god-eli-and-he-were-sleeping,1
adain,000000529105__Northern_Renaissance__albrecht-durer_lamentation-over-christ-1507,000000529105,Northern_Renaissance__albrecht-durer_lamentation-over-christ-1507,1
adain,000000529105__Pop_Art__peter-max_composition-red-green-1979,000000529105,Pop_Art__peter-max_composition-red-green-1979,0
adain,000000529105__Post_Impressionism__vincent-van-gogh_restaurant-de-la-sirene-at-asnieres-1887,000000529105,Post_Impressionism__vincent-van-gogh_restaurant-de-la-sirene-at-asnieres-1887,0
adain,000000529105__Realism__vincent-van-gogh_cottage-with-peasant-coming-home-1885(1),000000529105,Realism__vincent-van-gogh_cottage-with-peasant-coming-home-1885(1),1
adain,000000529105__Rococo__dmitry-levitzky_portrait-of-baron-a-n-stroganoff,000000529105,Rococo__dmitry-levitzky_portrait-of-baron-a-n-stroganoff,0
adain,000000529105__Romanticism__gustave-dore_paradise-lost-4,000000529105,Romanticism__gustave-dore_paradise-lost-4,0
adain,000000529105__Symbolism__nicholas-roerich_language-of-forest-1922,000000529105,Symbolism__nicholas-roerich_language-of-forest-1922,0
adain,000000529105__Ukiyo_e__kitagawa-utamaro_not_detected_233134,000000529105,Ukiyo_e__kitagawa-utamaro_not_detected_233134,0
adain,000000529966__Abstract_Expressionism__paul-jenkins_not_detected_235703,000000529966,Abstract_Expressionism__paul-jenkins_not_detected_235703,0
adain,000000529966__Art_Nouveau_Modern__nicholas-roerich_oze-1914,000000529966,Art_Nouveau_Modern__nicholas-roerich_oze-1914,0
adain,000000529966__Baroque__rembrandt_portrait-of-nicolas-van-bambeeck-1641,000000529966,Baroque__rembrandt_portrait-of-nicolas-van-bambeeck-1641,0
adain,000000529966__Color_Field_Painting__leon-berkowitz_dark-light-rose-gold-1978,000000529966,Color_Field_Painting__leon-berkowitz_dark-light-rose-gold-1978,1
adain,000000529966__Cubism__salvador-dali_cubist-composition-portrait-of-a-seated-person-holding-a-letter,000000529966,Cubism__salvador-dali_cubist-composition-portrait-of-a-seated-person-holding-a-letter,0
adain,000000529966__Early_Renaissance__pietro-perugino_st-jerome-who-attends-two-unfairly-hanged-1473,000000529966,Early_Renaissance__pietro-perugino_st-jerome-who-attends-two-unfairly-hanged-1473,0
adain,000000529966__Expressionism__amedeo-modigliani_germaine-survage-with-earrings-1918,000000529966,Expressionism__amedeo-modigliani_germaine-survage-with-earrings-1918,0
adain,000000529966__High_Renaissance__raphael_madonna-and-child-enthroned-with-saints-1505,000000529966,High_Renaissance__raphael_madonna-and-child-enthroned-with-saints-1505,0
adain,000000529966__Impressionism__pierre-auguste-renoir_leaving-the-bath-1890,000000529966,Impressionism__pierre-auguste-renoir_leaving-the-bath-1890,1
adain,000000529966__Mannerism_Late_Renaissance__tintoretto_st-mark-rescuing-a-saracen-from-shipwreck-1566,000000529966,Mannerism_Late_Renaissance__tintoretto_st-mark-rescuing-a-saracen-from-shipwreck-1566,0
adain,000000529966__Minimalism__mario-schifano_untitled-1963,000000529966,Minimalism__mario-schifano_untitled-1963,0
adain,000000529966__Naive_Art_Primitivism__marc-chagall_the-young-samuel-the-priest-s-servant-heard-that-he-is-called-by-god-eli-and-he-were-sleeping,000000529966,Naive_Art_Primitivism__marc-chagall_the-young-samuel-the-priest-s-servant-heard-that-he-is-called-by-god-eli-and-he-were-sleeping,1
adain,000000529966__Northern_Renaissance__albrecht-durer_lamentation-over-christ-1507,000000529966,Northern_Renaissance__albrecht-durer_lamentation-over-christ-1507,0
adain,000000529966__Pop_Art__peter-max_composition-red-green-1979,000000529966,Pop_Art__peter-max_composition-red-green-1979,0
adain,000000529966__Post_Impressionism__vincent-van-gogh_restaurant-de-la-sirene-at-asnieres-1887,000000529966,Post_Impressionism__vincent-van-gogh_restaurant-de-la-sirene-at-asnieres-1887,1
adain,000000529966__Realism__vincent-van-gogh_cottage-with-peasant-coming-home-1885(1),000000529966,Realism__vincent-van-gogh_cottage-with-peasant-coming-home-1885(1),0
adain,000000529966__Rococo__dmitry-levitzky_portrait-of-baron-a-n-stroganoff,000000529966,Rococo__dmitry-levitzky_portrait-of-baron-a-n-stroganoff,0
adain,000000529966__Romanticism__gustave-dore_paradise-lost-4,000000529966,Romanticism__gustave-dore_paradise-lost-4,0
adain,000000529966__Symbolism__nicholas-roerich_language-of-forest-1922,000000529966,Symbolism__nicholas-roerich_language-of-forest-1922,0
adain,000000529966__Ukiyo_e__kitagawa-utamaro_not_detected_233134,000000529966,Ukiyo_e__kitagawa-utamaro_not_detected_233134,0
adain,000000546475__Abstract_Expressionism__paul-jenkins_not_detected_235703,000000546475,Abstract_Expressionism__paul-jenkins_not_detected_235703,0
adain,000000546475__Art_Nouveau_Modern__nicholas-roerich_oze-1914,000000546475,Art_Nouveau_Modern__nicholas-roerich_oze-1914,0
adain,000000546475__Baroque__rembrandt_portrait-of-nicolas-van-bambeeck-1641,000000546475,Baroque__rembrandt_portrait-of-nicolas-van-bambeeck-1641,0
adain,000000546475__Color_Field_Painting__leon-berkowitz_dark-light-rose-gold-1978,000000546475,Color_Field_Painting__leon-berkowitz_dark-light-rose-gold-1978,1
adain,000000546475__Cubism__salvador-dali_cubist-composition-portrait-of-a-seated-person-holding-a-letter,000000546475,Cubism__salvador-dali_cubist-composition-portrait-of-a-seated-person-holding-a-letter,0
adain,000000546475__Early_Renaissance__pietro-perugino_st-jerome-who-attends-two-unfairly-hanged-1473,000000546475,Early_Renaissance__pietro-perugino_st-jerome-who-attends-two-unfairly-hanged-1473,0
adain,000000546475__Expressionism__amedeo-modigliani_germaine-survage-with-earrings-1918,000000546475,Expressionism__amedeo-modigliani_germaine-survage-with-earrings-1918,0
adain,000000546475__High_Renaissance__raphael_madonna-and-child-enthroned-with-saints-1505,000000546475,High_Renaissance__raphael_madonna-and-child-enthroned-with-saints-1505,0
adain,000000546475__Impressionism__pierre-auguste-renoir_leaving-the-bath-1890,000000546475,Impressionism__pierre-auguste-renoir_leaving-the-bath-1890,1
adain,000000546475__Mannerism_Late_Renaissance__tintoretto_st-mark-rescuing-a-saracen-from-shipwreck-1566,000000546475,Mannerism_Late_Renaissance__tintoretto_st-mark-rescuing-a-saracen-from-shipwreck-1566,1
adain,000000546475__Minimalism__mario-schifano_untitled-1963,000000546475,Minimalism__mario-schifano_untitled-1963,0
adain,000000546475__Naive_Art_Primitivism__marc-chagall_the-young-samuel-the-priest-s-servant-heard-that-he-is-called-by-god-eli-and-he-were-sleeping,000000546475,Naive_Art_Primitivism__marc-chagall_the-young-samuel-the-priest-s-servant-heard-that-he-is-called-by-god-eli-and-he-were-sleeping,1
adain,000000546475__Northern_Renaissance__albrecht-durer_lamentation-over-christ-1507,000000546475,Northern_Renaissance__albrecht-durer_lamentation-over-christ-1507,1
adain,000000546475__Pop_Art__peter-max_composition-red-green-1979,000000546475,Pop_Art__peter-max_composition-red-green-1979,0
adain,000000546475__Post_Impressionism__vincent-van-gogh_restaurant-de-la-sirene-at-asnieres-1887,000000546475,Post_Impressionism__vincent-van-gogh_restaurant-de-la-sirene-at-asnieres-1887,0
adain,000000546475__Realism__vincent-van-gogh_cottage-with-peasant-coming-home-1885(1),000000546475,Realism__vincent-van-gogh_cottage-with-peasant-coming-home-1885(1),0
adain,000000546475__Rococo__dmitry-levitzky_portrait-of-baron-a-n-stroganoff,000000546475,Rococo__dmitry-levitzky_portrait-of-baron-a-n-stroganoff,0
adain,000000546475__Romanticism__gustave-dore_paradise-lost-4,000000546475,Romanticism__gustave-dore_paradise-lost-4,0
adain,000000546475__Symbolism__nicholas-roerich_language-of-forest-1922,000000546475,Symbolism__nicholas-roerich_language-of-forest-1922,0
adain,000000546475__Ukiyo_e__kitagawa-utamaro_not_detected_233134,000000546475,Ukiyo_e__kitagawa-utamaro_not_detected_233134,0
adain,000000560178__Abstract_Expressionism__paul-jenkins_not_detected_235703,000000560178,Abstract_Expressionism__paul-jenkins_not_detected_235703,0
adain,000000560178__Art_Nouveau_Modern__nicholas-roerich_oze-1914,000000560178,Art_Nouveau_Modern__nicholas-roerich_oze-1914,0
adain,000000560178__Baroque__rembrandt_portrait-of-nicolas-van-bambeeck-1641,000000560178,Baroque__rembrandt_portrait-of-nicolas-van-bambeeck-1641,0
adain,000000560178__Color_Field_Painting__leon-berkowitz_dark-light-rose-gold-1978,000000560178,Color_Field_Painting__leon-berkowitz_dark-light-rose-gold-1978,1
adain,000000560178__Cubism__salvador-dali_cubist-composition-portrait-of-a-seated-person-holding-a-letter,000000560178,Cubism__salvador-dali_cubist-composition-portrait-of-a-seated-person-holding-a-letter,0
adain,000000560178__Early_Renaissance__pietro-perugino_st-jerome-who-attends-two-unfairly-hanged-1473,000000560178,Early_Renaissance__pietro-perugino_st-jerome-who-attends-two-unfairly-hanged-1473,0
adain,000000560178__Expressionism__amedeo-modigliani_germaine-survage-with-earrings-1918,000000560178,Expressionism__amedeo-modigliani_germaine-survage-with-earrings-1918,0
adain,000000560178__High_Renaissance__raphael_madonna-and-child-enthroned-with-saints-1505,000000560178,High_Renaissance__raphael_madonna-and-child-enthroned-with-saints-1505,0
adain,000000560178__Impressionism__pierre-auguste-renoir_leaving-the-bath-1890,000000560178,Impressionism__pierre-auguste-renoir_leaving-the-bath-1890,1
adain,000000560178__Mannerism_Late_Renaissance__tintoretto_st-mark-rescuing-a-saracen-from-shipwreck-1566,000000560178,Mannerism_Late_Renaissance__tintoretto_st-mark-rescuing-a-saracen-from-shipwreck-1566,1
adain,000000560178__Minimalism__mario-schifano_untitled-1963,000000560178,Minimalism__mario-schifano_untitled-1963,0
adain,000000560178__Naive_Art_Primitivism__marc-chagall_the-young-samuel-the-priest-s-servant-heard-that-he-is-called-by-god-eli-and-he-were-sleeping,000000560178,Naive_Art_Primitivism__marc-chagall_the-young-samuel-the-priest-s-servant-heard-that-he-is-called-by-god-eli-and-he-were-sleeping,0
adain,000000560178__Northern_Renaissance__albrecht-durer_lamentation-over-christ-1507,000000560178,Northern_Renaissance__albrecht-durer_lamentation-over-christ-1507,1
adain,000000560178__Pop_Art__peter-max_composition-red-green-1979,000000560178,Pop_Art__peter-max_composition-red-green-1979,0
adain,000000560178__Post_Impressionism__vincent-van-gogh_restaurant-de-la-sirene-at-asnieres-1887,000000560178,Post_Impressionism__vincent-van-gogh_restaurant-de-la-sirene-at-asnieres-1887,0
adain,000000560178__Realism__vincent-van-gogh_cottage-with-peasant-coming-home-1885(1),000000560178,Realism__vincent-van-gogh_cottage-with-peasant-coming-home-1885(1),0
adain,000000560178__Rococo__dmitry-levitzky_portrait-of-baron-a-n-stroganoff,000000560178,Rococo__dmitry-levitzky_portrait-of-baron-a-n-stroganoff,0
adain,000000560178__Romanticism__gustave-dore_paradise-lost-4,000000560178,Romanticism__gustave-dore_paradise-lost-4,0
adain,000000560178__Symbolism__nicholas-roerich_language-of-forest-1922,000000560178,Symbolism__nicholas-roerich_language-of-forest-1922,0
adain,000000560178__Ukiyo_e__kitagawa-utamaro_not_detected_233134,000000560178,Ukiyo_e__kitagawa-utamaro_not_detected_233134,0
adain,000000572517__Abstract_Expressionism__paul-jenkins_not_detected_235703,000000572517,Abstract_Expressionism__paul-jenkins_not_detected_235703,0
adain,000000572517__Art_Nouveau_Modern__nicholas-roerich_oze-1914,000000572517,Art_Nouveau_Modern__nicholas-roerich_oze-1914,0
adain,000000572517__Baroque__rembrandt_portrait-of-nicolas-van-bambeeck-1641,000000572517,Baroque__rembrandt_portrait-of-nicolas-van-bambeeck-1641,0
adain,000000572517__Color_Field_Painting__leon-berkowitz_dark-light-rose-gold-1978,000000572517,Color_Field_Painting__leon-berkowitz_dark-light-rose-gold-1978,1
adain,000000572517__Cubism__salvador-dali_cubist-composition-portrait-of-a-seated-person-holding-a-letter,000000572517,Cubism__salvador-dali_cubist-composition-portrait-of-a-seated-person-holding-a-letter,0
adain,000000572517__Early_Renaissance__pietro-perugino_st-jerome-who-attends-two-unfairly-hanged-1473,000000572517,Early_Renaissance__pietro-perugino_st-jerome-who-attends-two-unfairly-hanged-1473,0
adain,000000572517__Expressionism__amedeo-modigliani_germaine-survage-with-earrings-1918,000000572517,Expressionism__amedeo-modigliani_germaine-survage-with-earrings-1918,0
adain,000000572517__High_Renaissance__raphael_madonna-and-child-enthroned-with-saints-1505,000000572517,High_Renaissance__raphael_madonna-and-child-enthroned-with-saints-1505,0
adain,000000572517__Impressionism__pierre-auguste-renoir_leaving-the-bath-1890,000000572517,Impressionism__pierre-auguste-renoir_leaving-the-bath-1890,1
adain,000000572517__Mannerism_Late_Renaissance__tintoretto_st-mark-rescuing-a-saracen-from-shipwreck-1566,000000572517,Mannerism_Late_Renaissance__tintoretto_st-mark-rescuing-a-saracen-from-shipwreck-1566,1
adain,000000572517__Minimalism__mario-schifano_untitled-1963,000000572517,Minimalism__mario-schifano_untitled-1963,0
adain,000000572517__Naive_Art_Primitivism__marc-chagall_the-young-samuel-the-priest-s-servant-heard-that-he-is-called-by-god-eli-and-he-were-sleeping,000000572517,Naive_Art_Primitivism__marc-chagall_the-young-samuel-the-priest-s-servant-heard-that-he-is-called-by-god-eli-and-he-were-sleeping,0
adain,000000572517__Northern_Renaissance__albrecht-durer_lamentation-over-christ-1507,000000572517,Northern_Renaissance__albrecht-durer_lamentation-over-christ-1507,0
adain,000000572517__Pop_Art__peter-max_composition-red-green-1979,000000572517,Pop_Art__peter-max_composition-red-green-1979,0
adain,000000572517__Post_Impressionism__vincent-van-gogh_restaurant-de-la-sirene-at-asnieres-1887,000000572517,Post_Impressionism__vincent-van-gogh_restaurant-de-la-sirene-at-asnieres-1887,0
adain,000000572517__Realism__vincent-van-gogh_cottage-with-peasant-coming-home-1885(1),000000572517,Realism__vincent-van-gogh_cottage-with-peasant-coming-home-1885(1),0
adain,000000572517__Rococo__dmitry-levitzky_portrait-of-baron-a-n-stroganoff,000000572517,Rococo__dmitry-levitzky_portrait-of-baron-a-n-stroganoff,0
adain,000000572517__Romanticism__gustave-dore_paradise-lost-4,000000572517,Romanticism__gustave-dore_paradise-lost-4,1
adain,000000572517__Symbolism__nicholas-roerich_language-of-forest-1922,000000572517,Symbolism__nicholas-roerich_language-of-forest-1922,0
adain,000000572517__Ukiyo_e__kitagawa-utamaro_not_detected_233134,000000572517,Ukiyo_e__kitagawa-utamaro_not_detected_233134,0
sanet,000000001818__Abstract_Expressionism__paul-jenkins_not_detected_235703,000000001818,Abstract_Expressionism__paul-jenkins_not_detected_235703,0
sanet,000000001818__Art_Nouveau_Modern__nicholas-roerich_oze-1914,000000001818,Art_Nouveau_Modern__nicholas-roerich_oze-1914,0
sanet,000000001818__Baroque__rembrandt_portrait-of-nicolas-van-bambeeck-1641,000000001818,Baroque__rembrandt_portrait-of-nicolas-van-bambeeck-1641,0
sanet,000000001818__Color_Field_Painting__leon-berkowitz_dark-light-rose-gold-1978,000000001818,Color_Field_Painting__leon-berkowitz_dark-light-rose-gold-1978,0
sanet,000000001818__Cubism__salvador-dali_cubist-composition-portrait-of-a-seated-person-holding-a-letter,000000001818,Cubism__salvador-dali_cubist-composition-portrait-of-a-seated-person-holding-a-letter,0
sanet,000000001818__Early_Renaissance__pietro-perugino_st-jerome-who-attends-two-unfairly-hanged-1473,000000001818,Early_Renaissance__pietro-perugino_st-jerome-who-attends-two-unfairly-hanged-1473,0
sanet,000000001818__Expressionism__amedeo-modigliani_germaine-survage-with-earrings-1918,000000001818,Expressionism__amedeo-modigliani_germaine-survage-with-earrings-1918,1
sanet,000000001818__High_Renaissance__raphael_madonna-and-child-enthroned-with-saints-1505,000000001818,High_Renaissance__raphael_madonna-and-child-enthroned-with-saints-1505,0
sanet,000000001818__Impressionism__pierre-auguste-renoir_leaving-the-bath-1890,000000001818,Impressionism__pierre-auguste-renoir_leaving-the-bath-1890,0
sanet,000000001818__Mannerism_Late_Renaissance__tintoretto_st-mark-rescuing-a-saracen-from-shipwreck-1566,000000001818,Mannerism_Late_Renaissance__tintoretto_st-mark-rescuing-a-saracen-from-shipwreck-1566,1
sanet,000000001818__Minimalism__mario-schifano_untitled-1963,000000001818,Minimalism__mario-schifano_untitled-1963,0
sanet,000000001818__Naive_Art_Primitivism__marc-chagall_the-young-samuel-the-priest-s-servant-heard-that-he-is-called-by-god-eli-and-he-were-sleeping,000000001818,Naive_Art_Primitivism__marc-chagall_the-young-samuel-the-priest-s-servant-heard-that-he-is-called-by-god-eli-and-he-were-sleeping,1
sanet,000000001818__Northern_Renaissance__albrecht-durer_lamentation-over-christ-1507,000000001818,Northern_Renaissance__albrecht-durer_lamentation-over-christ-1507,0
sanet,000000001818__Pop_Art__peter-max_composition-red-green-1979,000000001818,Pop_Art__peter-max_composition-red-green-1979,0
sanet,000000001818__Post_Impressionism__vincent-van-gogh_restaurant-de-la-sirene-at-asnieres-1887,000000001818,Post_Impressionism__vincent-van-gogh_restaurant-de-la-sirene-at-asnieres-1887,0
sanet,000000001818__Realism__vincent-van-gogh_cottage-with-peasant-coming-home-1885(1),000000001818,Realism__vincent-van-gogh_cottage-with-peasant-coming-home-1885(1),1
sanet,000000001818__Rococo__dmitry-levitzky_portrait-of-baron-a-n-stroganoff,000000001818,Rococo__dmitry-levitzky_portrait-of-baron-a-n-stroganoff,0
sanet,000000001818__Romanticism__gustave-dore_paradise-lost-4,000000001818,Romanticism__gustave-dore_paradise-lost-4,0
sanet,000000001818__Symbolism__nicholas-roerich_language-of-forest-1922,000000001818,Symbolism__nicholas-roerich_language-of-forest-1922,0
sanet,000000001818__Ukiyo_e__kitagawa-utamaro_not_detected_233134,000000001818,Ukiyo_e__kitagawa-utamaro_not_detected_233134,0
sanet,000000009448__Abstract_Expressionism__paul-jenkins_not_detected_235703,000000009448,Abstract_Expressionism__paul-jenkins_not_detected_235703,0
sanet,000000009448__Art_Nouveau_Modern__nicholas-roerich_oze-1914,000000009448,Art_Nouveau_Modern__nicholas-roerich_oze-1914,0
sanet,000000009448__Baroque__rembrandt_portrait-of-nicolas-van-bambeeck-1641,000000009448,Baroque__rembrandt_portrait-of-nicolas-van-bambeeck-1641,0
sanet,000000009448__Color_Field_Painting__leon-berkowitz_dark-light-rose-gold-1978,000000009448,Color_Field_Painting__leon-berkowitz_dark-light-rose-gold-1978,1
sanet,000000009448__Cubism__salvador-dali_cubist-composition-portrait-of-a-seated-person-holding-a-letter,000000009448,Cubism__salvador-dali_cubist-composition-portrait-of-a-seated-person-holding-a-letter,0
sanet,000000009448__Early_Renaissance__pietro-perugino_st-jerome-who-attends-two-unfairly-hanged-1473,000000009448,Early_Renaissance__pietro-perugino_st-jerome-who-attends-two-unfairly-hanged-1473,0
sanet,000000009448__Expressionism__amedeo-modigliani_germaine-survage-with-earrings-1918,000000009448,Expressionism__amedeo-modigliani_germaine-survage-with-earrings-1918,0
sanet,000000009448__High_Renaissance__raphael_madonna-and-child-enthroned-with-saints-1505,000000009448,High_Renaissance__raphael_madonna-and-child-enthroned-with-saints-1505,1
sanet,000000009448__Impressionism__pierre-auguste-renoir_leaving-the-bath-1890,000000009448,Impressionism__pierre-auguste-renoir_leaving-the-bath-1890,1
sanet,000000009448__Mannerism_Late_Renaissance__tintoretto_st-mark-rescuing-a-saracen-from-shipwreck-1566,000000009448,Mannerism_Late_Renaissance__tintoretto_st-mark-rescuing-a-saracen-from-shipwreck-1566,1
sanet,000000009448__Minimalism__mario-schifano_untitled-1963,000000009448,Minimalism__mario-schifano_untitled-1963,0
sanet,000000009448__Naive_Art_Primitivism__marc-chagall_the-young-samuel-the-priest-s-servant-heard-that-he-is-called-by-god-eli-and-he-were-sleeping,000000009448,Naive_Art_Primitivism__marc-chagall_the-young-samuel-the-priest-s-servant-heard-that-he-is-called-by-god-eli-and-he-were-sleeping,1
sanet,000000009448__Northern_Renaissance__albrecht-durer_lamentation-over-christ-1507,000000009448,Northern_Renaissance__albrecht-durer_lamentation-over-christ-1507,1
sanet,000000009448__Pop_Art__peter-max_composition-red-green-1979,000000009448,Pop_Art__peter-max_composition-red-green-1979,0
sanet,000000009448__Post_Impressionism__vincent-van-gogh_restaurant-de-la-sirene-at-asnieres-1887,000000009448,Post_Impressionism__vincent-van-gogh_restaurant-de-la-sirene-at-asnieres-1887,0
sanet,000000009448__Realism__vincent-van-gogh_cottage-with-peasant-coming-home-1885(1),000000009448,Realism__vincent-van-gogh_cottage-with-peasant-coming-home-1885(1),1
sanet,000000009448__Rococo__dmitry-levitzky_portrait-of-baron-a-n-stroganoff,000000009448,Rococo__dmitry-levitzky_portrait-of-baron-a-n-stroganoff,1
sanet,000000009448__Romanticism__gustave-dore_paradise-lost-4,000000009448,Romanticism__gustave-dore_paradise-lost-4,1
sanet,000000009448__Symbolism__nicholas-roerich_language-of-forest-1922,000000009448,Symbolism__nicholas-roerich_language-of-forest-1922,0
sanet,000000009448__Ukiyo_e__kitagawa-utamaro_not_detected_233134,000000009448,Ukiyo_e__kitagawa-utamaro_not_detected_233134,0
sanet,000000072795__Abstract_Expressionism__paul-jenkins_not_detected_235703,000000072795,Abstract_Expressionism__paul-jenkins_not_detected_235703,0
sanet,000000072795__Art_Nouveau_Modern__nicholas-roerich_oze-1914,000000072795,Art_Nouveau_Modern__nicholas-roerich_oze-1914,0
sanet,000000072795__Baroque__rembrandt_portrait-of-nicolas-van-bambeeck-1641,000000072795,Baroque__rembrandt_portrait-of-nicolas-van-bambeeck-1641,1
sanet,000000072795__Color_Field_Painting__leon-berkowitz_dark-light-rose-gold-1978,000000072795,Color_Field_Painting__leon-berkowitz_dark-light-rose-gold-1978,1
sanet,000000072795__Cubism__salvador-dali_cubist-composition-portrait-of-a-seated-person-holding-a-letter,000000072795,Cubism__salvador-dali_cubist-composition-portrait-of-a-seated-person-holding-a-letter,0
sanet,000000072795__Early_Renaissance__pietro-perugino_st-jerome-who-attends-two-unfairly-hanged-1473,000000072795,Early_Renaissance__pietro-perugino_st-jerome-who-attends-two-unfairly-hanged-1473,1
sanet,000000072795__Expressionism__amedeo-modigliani_germaine-survage-with-earrings-1918,000000072795,Expressionism__amedeo-modigliani_germaine-survage-with-earrings-1918,0
sanet,000000072795__High_Renaissance__raphael_madonna-and-child-enthroned-with-saints-1505,000000072795,High_Renaissance__raphael_madonna-and-child-enthroned-with-saints-1505,0
sanet,000000072795__Impressionism__pierre-auguste-renoir_leaving-the-bath-1890,000000072795,Impressionism__pierre-auguste-renoir_leaving-the-bath-1890,1
sanet,000000072795__Mannerism_Late_Renaissance__tintoretto_st-mark-rescuing-a-saracen-from-shipwreck-1566,000000072795,Mannerism_Late_Renaissance__tintoretto_st-mark-rescuing-a-saracen-from-shipwreck-1566,1
sanet,000000072795__Minimalism__mario-schifano_untitled-1963,000000072795,Minimalism__mario-schifano_untitled-1963,0
sanet,000000072795__Naive_Art_Primitivism__marc-chagall_the-young-samuel-the-priest-s-servant-heard-that-he-is-called-by-god-eli-and-he-were-sleeping,000000072795,Naive_Art_Primitivism__marc-chagall_the-young-samuel-the-priest-s-servant-heard-that-he-is-called-by-god-eli-and-he-were-sleeping,1
sanet,000000072795__Northern_Renaissance__albrecht-durer_lamentation-over-christ-1507,000000072795,Northern_Renaissance__albrecht-durer_lamentation-over-christ-1507,1
sanet,000000072795__Pop_Art__peter-max_composition-red-green-1979,000000072795,Pop_Art__peter-max_composition-red-green-1979,0
sanet,000000072795__Post_Impressionism__vincent-van-gogh_restaurant-de-la-sirene-at-asnieres-1887,000000072795,Post_Impressionism__vincent-van-gogh_restaurant-de-la-sirene-at-asnieres-1887,1
sanet,000000072795__Realism__vincent-van-gogh_cottage-with-peasant-coming-home-1885(1),000000072795,Realism__vincent-van-gogh_cottage-with-peasant-coming-home-1885(1),0
sanet,000000072795__Rococo__dmitry-levitzky_portrait-of-baron-a-n-stroganoff,000000072795,Rococo__dmitry-levitzky_portrait-of-baron-a-n-stroganoff,0
sanet,000000072795__Romanticism__gustave-dore_paradise-lost-4,000000072795,Romanticism__gustave-dore_paradise-lost-4,1
sanet,000000072795__Symbolism__nicholas-roerich_language-of-forest-1922,000000072795,Symbolism__nicholas-roerich_language-of-forest-1922,0
sanet,000000072795__Ukiyo_e__kitagawa-utamaro_not_detected_233134,000000072795,Ukiyo_e__kitagawa-utamaro_not_detected_233134,0
sanet,000000078420__Abstract_Expressionism__paul-jenkins_not_detected_235703,000000078420,Abstract_Expressionism__paul-jenkins_not_detected_235703,0
sanet,000000078420__Art_Nouveau_Modern__nicholas-roerich_oze-1914,000000078420,Art_Nouveau_Modern__nicholas-roerich_oze-1914,0
sanet,000000078420__Baroque__rembrandt_portrait-of-nicolas-van-bambeeck-1641,000000078420,Baroque__rembrandt_portrait-of-nicolas-van-bambeeck-1641,0
sanet,000000078420__Color_Field_Painting__leon-berkowitz_dark-light-rose-gold-1978,000000078420,Color_Field_Painting__leon-berkowitz_dark-light-rose-gold-1978,1
sanet,000000078420__Cubism__salvador-dali_cubist-composition-portrait-of-a-seated-person-holding-a-letter,000000078420,Cubism__salvador-dali_cubist-composition-portrait-of-a-seated-person-holding-a-letter,0
sanet,000000078420__Early_Renaissance__pietro-perugino_st-jerome-who-attends-two-unfairly-hanged-1473,000000078420,Early_Renaissance__pietro-perugino_st-jerome-who-attends-two-unfairly-hanged-1473,0
sanet,000000078420__Expressionism__amedeo-modigliani_germaine-survage-with-earrings-1918,000000078420,Expressionism__amedeo-modigliani_germaine-survage-with-earrings-1918,1
sanet,000000078420__High_Renaissance__raphael_madonna-and-child-enthroned-with-saints-1505,000000078420,High_Renaissance__raphael_madonna-and-child-enthroned-with-saints-1505,0
sanet,000000078420__Impressionism__pierre-auguste-renoir_leaving-the-bath-1890,000000078420,Impressionism__pierre-auguste-renoir_leaving-the-bath-1890,1
sanet,000000078420__Mannerism_Late_Renaissance__tintoretto_st-mark-rescuing-a-saracen-from-shipwreck-1566,000000078420,Mannerism_Late_Renaissance__tintoretto_st-mark-rescuing-a-saracen-from-shipwreck-1566,1
sanet,000000078420__Minimalism__mario-schifano_untitled-1963,000000078420,Minimalism__mario-schifano_untitled-1963,0
sanet,000000078420__Naive_Art_Primitivism__marc-chagall_the-young-samuel-the-priest-s-servant-heard-that-he-is-called-by-god-eli-and-he-were-sleeping,000000078420,Naive_Art_Primitivism__marc-chagall_the-young-samuel-the-priest-s-servant-heard-that-he-is-called-by-god-eli-and-he-were-sleeping,1
sanet,000000078420__Northern_Renaissance__albrecht-durer_lamentation-over-christ-1507,000000078420,Northern_Renaissance__albrecht-durer_lamentation-over-christ-1507,0
sanet,000000078420__Pop_Art__peter-max_composition-red-green-1979,000000078420,Pop_Art__peter-max_composition-red-green-1979,1
sanet,000000078420__Post_Impressionism__vincent-van-gogh_restaurant-de-la-sirene-at-asnieres-1887,000000078420,Post_Impressionism__vincent-van-gogh_restaurant-de-la-sirene-at-asnieres-1887,1
sanet,000000078420__Realism__vincent-van-gogh_cottage-with-peasant-coming-home-1885(1),000000078420,Realism__vincent-van-gogh_cottage-with-peasant-coming-home-1885(1),1
sanet,000000078420__Rococo__dmitry-levitzky_portrait-of-baron-a-n-stroganoff,000000078420,Rococo__dmitry-levitzky_portrait-of-baron-a-n-stroganoff,0
sanet,000000078420__Romanticism__gustave-dore_paradise-lost-4,000000078420,Romanticism__gustave-dore_paradise-lost-4,0
sanet,000000078420__Symbolism__nicholas-roerich_language-of-forest-1922,000000078420,Symbolism__nicholas-roerich_language-of-forest-1922,0
sanet,000000078420__Ukiyo_e__kitagawa-utamaro_not_detected_233134,000000078420,Ukiyo_e__kitagawa-utamaro_not_detected_233134,0
sanet,000000085682__Abstract_Expressionism__paul-jenkins_not_detected_235703,000000085682,Abstract_Expressionism__paul-jenkins_not_detected_235703,1
sanet,000000085682__Art_Nouveau_Modern__nicholas-roerich_oze-1914,000000085682,Art_Nouveau_Modern__nicholas-roerich_oze-1914,0
sanet,000000085682__Baroque__rembrandt_portrait-of-nicolas-van-bambeeck-1641,000000085682,Baroque__rembrandt_portrait-of-nicolas-van-bambeeck-1641,1
sanet,000000085682__Color_Field_Painting__leon-berkowitz_dark-light-rose-gold-1978,000000085682,Color_Field_Painting__leon-berkowitz_dark-light-rose-gold-1978,1
sanet,000000085682__Cubism__salvador-dali_cubist-composition-portrait-of-a-seated-person-holding-a-letter,000000085682,Cubism__salvador-dali_cubist-composition-portrait-of-a-seated-person-holding-a-letter,0
sanet,000000085682__Early_Renaissance__pietro-perugino_st-jerome-who-attends-two-unfairly-hanged-1473,000000085682,Early_Renaissance__pietro-perugino_st-jerome-who-attends-two-unfairly-hanged-1473,0
sanet,000000085682__Expressionism__amedeo-modigliani_germaine-survage-with-earrings-1918,000000085682,Expressionism__amedeo-modigliani_germaine-survage-with-earrings-1918,0
sanet,000000085682__High_Renaissance__raphael_madonna-and-child-enthroned-with-saints-1505,000000085682,High_Renaissance__raphael_madonna-and-child-enthroned-with-saints-1505,0
sanet,000000085682__Impressionism__pierre-auguste-renoir_leaving-the-bath-1890,000000085682,Impressionism__pierre-auguste-renoir_leaving-the-bath-1890,1
sanet,000000085682__Mannerism_Late_Renaissance__tintoretto_st-mark-rescuing-a-saracen-from-shipwreck-1566,000000085682,Mannerism_Late_Renaissance__tintoretto_st-mark-rescuing-a-saracen-from-shipwreck-1566,1
sanet,000000085682__Minimalism__mario-schifano_untitled-1963,000000085682,Minimalism__mario-schifano_untitled-1963,0
sanet,000000085682__Naive_Art_Primitivism__marc-chagall_the-young-samuel-the-priest-s-servant-heard-that-he-is-called-by-god-eli-and-he-were-sleeping,000000085682,Naive_Art_Primitivism__marc-chagall_the-young-samuel-the-priest-s-servant-heard-that-he-is-called-by-god-eli-and-he-were-sleeping,0
sanet,000000085682__Northern_Renaissance__albrecht-durer_lamentation-over-christ-1507,000000085682,Northern_Renaissance__albrecht-durer_lamentation-over-christ-1507,0
sanet,000000085682__Pop_Art__peter-max_composition-red-green-1979,000000085682,Pop_Art__peter-max_composition-red-green-1979,0
sanet,000000085682__Post_Impressionism__vincent-van-gogh_restaurant-de-la-sirene-at-asnieres-1887,000000085682,Post_Impressionism__vincent-van-gogh_restaurant-de-la-sirene-at-asnieres-1887,0
sanet,000000085682__Realism__vincent-van-gogh_cottage-with-peasant-coming-home-1885(1),000000085682,Realism__vincent-van-gogh_cottage-with-peasant-coming-home-1885(1),1
sanet,000000085682__Rococo__dmitry-levitzky_portrait-of-baron-a-n-stroganoff,000000085682,Rococo__dmitry-levitzky_portrait-of-baron-a-n-stroganoff,0
sanet,000000085682__Romanticism__gustave-dore_paradise-lost-4,000000085682,Romanticism__gustave-dore_paradise-lost-4,1
sanet,000000085682__Symbolism__nicholas-roerich_language-of-forest-1922,000000085682,Symbolism__nicholas-roerich_language-of-forest-1922,0
sanet,000000085682__Ukiyo_e__kitagawa-utamaro_not_detected_233134,000000085682,Ukiyo_e__kitagawa-utamaro_not_detected_233134,0
sanet,000000094157__Abstract_Expressionism__paul-jenkins_not_detected_235703,000000094157,Abstract_Expressionism__paul-jenkins_not_detected_235703,0
sanet,000000094157__Art_Nouveau_Modern__nicholas-roerich_oze-1914,000000094157,Art_Nouveau_Modern__nicholas-roerich_oze-1914,0
sanet,000000094157__Baroque__rembrandt_portrait-of-nicolas-van-bambeeck-1641,000000094157,Baroque__rembrandt_portrait-of-nicolas-van-bambeeck-1641,0
sanet,000000094157__Color_Field_Painting__leon-berkowitz_dark-light-rose-gold-1978,000000094157,Color_Field_Painting__leon-berkowitz_dark-light-rose-gold-1978,1
sanet,000000094157__Cubism__salvador-dali_cubist-composition-portrait-of-a-seated-person-holding-a-letter,000000094157,Cubism__salvador-dali_cubist-composition-portrait-of-a-seated-person-holding-a-letter,1
sanet,000000094157__Early_Renaissance__pietro-perugino_st-jerome-who-attends-two-unfairly-hanged-1473,000000094157,Early_Renaissance__pietro-perugino_st-jerome-who-attends-two-unfairly-hanged-1473,0
sanet,000000094157__Expressionism__amedeo-modigliani_germaine-survage-with-earrings-1918,000000094157,Expressionism__amedeo-modigliani_germaine-survage-with-earrings-1918,0
sanet,000000094157__High_Renaissance__raphael_madonna-and-child-enthroned-with-saints-1505,000000094157,High_Renaissance__raphael_madonna-and-child-enthroned-with-saints-1505,0
sanet,000000094157__Impressionism__pierre-auguste-renoir_leaving-the-bath-1890,000000094157,Impressionism__pierre-auguste-renoir_leaving-the-bath-1890,0
sanet,000000094157__Mannerism_Late_Renaissance__tintoretto_st-mark-rescuing-a-saracen-from-shipwreck-1566,000000094157,Mannerism_Late_Renaissance__tintoretto_st-mark-rescuing-a-saracen-from-shipwreck-1566,1
sanet,000000094157__Minimalism__mario-schifano_untitled-1963,000000094157,Minimalism__mario-schifano_untitled-1963,0
sanet,000000094157__Naive_Art_Primitivism__marc-chagall_the-young-samuel-the-priest-s-servant-heard-that-he-is-called-by-god-eli-and-he-were-sleeping,000000094157,Naive_Art_Primitivism__marc-chagall_the-young-samuel-the-priest-s-servant-heard-that-he-is-called-by-god-eli-and-he-were-sleeping,0
sanet,000000094157__Northern_Renaissance__albrecht-durer_lamentation-over-christ-1507,000000094157,Northern_Renaissance__albrecht-durer_lamentation-over-christ-1507,0
sanet,000000094157__Pop_Art__peter-max_composition-red-green-1979,000000094157,Pop_Art__peter-max_composition-red-green-1979,0
sanet,000000094157__Post_Impressionism__vincent-van-gogh_restaurant-de-la-sirene-at-asnieres-1887,000000094157,Post_Impressionism__vincent-van-gogh_restaurant-de-la-sirene-at-asnieres-1887,0
sanet,000000094157__Realism__vincent-van-gogh_cottage-with-peasant-coming-home-1885(1),000000094157,Realism__vincent-van-gogh_cottage-with-peasant-coming-home-1885(1),0
sanet,000000094157__Rococo__dmitry-levitzky_portrait-of-baron-a-n-stroganoff,000000094157,Rococo__dmitry-levitzky_portrait-of-baron-a-n-stroganoff,0
sanet,000000094157__Romanticism__gustave-dore_paradise-lost-4,000000094157,Romanticism__gustave-dore_paradise-lost-4,1
sanet,000000094157__Symbolism__nicholas-roerich_language-of-forest-1922,000000094157,Symbolism__nicholas-roerich_language-of-forest-1922,0
sanet,000000094157__Ukiyo_e__kitagawa-utamaro_not_detected_233134,000000094157,Ukiyo_e__kitagawa-utamaro_not_detected_233134,0
sanet,000000098633__Abstract_Expressionism__paul-jenkins_not_detected_235703,000000098633,Abstract_Expressionism__paul-jenkins_not_detected_235703,0
sanet,000000098633__Art_Nouveau_Modern__nicholas-roerich_oze-1914,000000098633,Art_Nouveau_Modern__nicholas-roerich_oze-1914,0
sanet,000000098633__Baroque__rembrandt_portrait-of-nicolas-van-bambeeck-1641,000000098633,Baroque__rembrandt_portrait-of-nicolas-van-bambeeck-1641,0
sanet,000000098633__Color_Field_Painting__leon-berkowitz_dark-light-rose-gold-1978,000000098633,Color_Field_Painting__leon-berkowitz_dark-light-rose-gold-1978,1
sanet,000000098633__Cubism__salvador-dali_cubist-composition-portrait-of-a-seated-person-holding-a-letter,000000098633,Cubism__salvador-dali_cubist-composition-portrait-of-a-seated-person-holding-a-letter,0
sanet,000000098633__Early_Renaissance__pietro-perugino_st-jerome-who-attends-two-unfairly-hanged-1473,000000098633,Early_Renaissance__pietro-perugino_st-jerome-who-attends-two-unfairly-hanged-1473,0
sanet,000000098633__Expressionism__amedeo-modigliani_germaine-survage-with-earrings-1918,000000098633,Expressionism__amedeo-modigliani_germaine-survage-with-earrings-1918,1
sanet,000000098633__High_Renaissance__raphael_madonna-and-child-enthroned-with-saints-1505,000000098633,High_Renaissance__raphael_madonna-and-child-enthroned-with-saints-1505,0
sanet,000000098633__Impressionism__pierre-auguste-renoir_leaving-the-bath-1890,000000098633,Impressionism__pierre-auguste-renoir_leaving-the-bath-1890,1
sanet,000000098633__Mannerism_Late_Renaissance__tintoretto_st-mark-rescuing-a-saracen-from-shipwreck-1566,000000098633,Mannerism_Late_Renaissance__tintoretto_st-mark-rescuing-a-saracen-from-shipwreck-1566,0
sanet,000000098633__Minimalism__mario-schifano_untitled-1963,000000098633,Minimalism__mario-schifano_untitled-1963,0
sanet,000000098633__Naive_Art_Primitivism__marc-chagall_the-young-samuel-the-priest-s-servant-heard-that-he-is-called-by-god-eli-and-he-were-sleeping,000000098633,Naive_Art_Primitivism__marc-chagall_the-young-samuel-the-priest-s-servant-heard-that-he-is-called-by-god-eli-and-he-were-sleeping,1
sanet,000000098633__Northern_Renaissance__albrecht-durer_lamentation-over-christ-1507,000000098633,Northern_Renaissance__albrecht-durer_lamentation-over-christ-1507,0
sanet,000000098633__Pop_Art__peter-max_composition-red-green-1979,000000098633,Pop_Art__peter-max_composition-red-green-1979,0
sanet,000000098633__Post_Impressionism__vincent-van-gogh_restaurant-de-la-sirene-at-asnieres-1887,000000098633,Post_Impressionism__vincent-van-gogh_restaurant-de-la-sirene-at-asnieres-1887,0
sanet,000000098633__Realism__vincent-van-gogh_cottage-with-peasant-coming-home-1885(1),000000098633,Realism__vincent-van-gogh_cottage-with-peasant-coming-home-1885(1),0
sanet,000000098633__Rococo__dmitry-levitzky_portrait-of-baron-a-n-stroganoff,000000098633,Rococo__dmitry-levitzky_portrait-of-baron-a-n-stroganoff,0
sanet,000000098633__Romanticism__gustave-dore_paradise-lost-4,000000098633,Romanticism__gustave-dore_paradise-lost-4,0
sanet,000000098633__Symbolism__nicholas-roerich_language-of-forest-1922,000000098633,Symbolism__nicholas-roerich_language-of-forest-1922,0
sanet,000000098633__Ukiyo_e__kitagawa-utamaro_not_detected_233134,000000098633,Ukiyo_e__kitagawa-utamaro_not_detected_233134,0
sanet,000000106912__Abstract_Expressionism__paul-jenkins_not_detected_235703,000000106912,Abstract_Expressionism__paul-jenkins_not_detected_235703,0
sanet,000000106912__Art_Nouveau_Modern__nicholas-roerich_oze-1914,000000106912,Art_Nouveau_Modern__nicholas-roerich_oze-1914,0
sanet,000000106912__Baroque__rembrandt_portrait-of-nicolas-van-bambeeck-1641,000000106912,Baroque__rembrandt_portrait-of-nicolas-van-bambeeck-1641,1
sanet,000000106912__Color_Field_Painting__leon-berkowitz_dark-light-rose-gold-1978,000000106912,Color_Field_Painting__leon-berkowitz_dark-light-rose-gold-1978,1
sanet,000000106912__Cubism__salvador-dali_cubist-composition-portrait-of-a-seated-person-holding-a-letter,000000106912,Cubism__salvador-dali_cubist-composition-portrait-of-a-seated-person-holding-a-letter,0
sanet,000000106912__Early_Renaissance__pietro-perugino_st-jerome-who-attends-two-unfairly-hanged-1473,000000106912,Early_Renaissance__pietro-perugino_st-jerome-who-attends-two-unfairly-hanged-1473,0
sanet,000000106912__Expressionism__amedeo-modigliani_germaine-survage-with-earrings-1918,000000106912,Expressionism__amedeo-modigliani_germaine-survage-with-earrings-1918,0
sanet,000000106912__High_Renaissance__raphael_madonna-and-child-enthroned-with-saints-1505,000000106912,High_Renaissance__raphael_madonna-and-child-enthroned-with-saints-1505,0
sanet,000000106912__Impressionism__pierre-auguste-renoir_leaving-the-bath-1890,000000106912,Impressionism__pierre-auguste-renoir_leaving-the-bath-1890,1
sanet,000000106912__Mannerism_Late_Renaissance__tintoretto_st-mark-rescuing-a-saracen-from-shipwreck-1566,000000106912,Mannerism_Late_Renaissance__tintoretto_st-mark-rescuing-a-saracen-from-shipwreck-1566,1
sanet,000000106912__Minimalism__mario-schifano_untitled-1963,000000106912,Minimalism__mario-schifano_untitled-1963,0
sanet,000000106912__Naive_Art_Primitivism__marc-chagall_the-young-samuel-the-priest-s-servant-heard-that-he-is-called-by-god-eli-and-he-were-sleeping,000000106912,Naive_Art_Primitivism__marc-chagall_the-young-samuel-the-priest-s-servant-heard-that-he-is-called-by-god-eli-and-he-were-sleeping,0
sanet,000000106912__Northern_Renaissance__albrecht-durer_lamentation-over-christ-1507,000000106912,Northern_Renaissance__albrecht-durer_lamentation-over-christ-1507,0
sanet,000000106912__Pop_Art__peter-max_composition-red-green-1979,000000106912,Pop_Art__peter-max_composition-red-green-1979,0
sanet,000000106912__Post_Impressionism__vincent-van-gogh_restaurant-de-la-sirene-at-asnieres-1887,000000106912,Post_Impressionism__vincent-van-gogh_restaurant-de-la-sirene-at-asnieres-1887,0
sanet,000000106912__Realism__vincent-van-gogh_cottage-with-peasant-coming-home-1885(1),000000106912,Realism__vincent-van-gogh_cottage-with-peasant-coming-home-1885(1),1
sanet,000000106912__Rococo__dmitry-levitzky_portrait-of-baron-a-n-stroganoff,000000106912,Rococo__dmitry-levitzky_portrait-of-baron-a-n-stroganoff,1
sanet,000000106912__Romanticism__gustave-dore_paradise-lost-4,000000106912,Romanticism__gustave-dore_paradise-lost-4,0
sanet,000000106912__Symbolism__nicholas-roerich_language-of-forest-1922,000000106912,Symbolism__nicholas-roerich_language-of-forest-1922,0
sanet,000000106912__Ukiyo_e__kitagawa-utamaro_not_detected_233134,000000106912,Ukiyo_e__kitagawa-utamaro_not_detected_233134,0
sanet,000000116208__Abstract_Expressionism__paul-jenkins_not_detected_235703,000000116208,Abstract_Expressionism__paul-jenkins_not_detected_235703,0
sanet,000000116208__Art_Nouveau_Modern__nicholas-roerich_oze-1914,000000116208,Art_Nouveau_Modern__nicholas-roerich_oze-1914,0
sanet,000000116208__Baroque__rembrandt_portrait-of-nicolas-van-bambeeck-1641,000000116208,Baroque__rembrandt_portrait-of-nicolas-van-bambeeck-1641,0
sanet,000000116208__Color_Field_Painting__leon-berkowitz_dark-light-rose-gold-1978,000000116208,Color_Field_Painting__leon-berkowitz_dark-light-rose-gold-1978,0
sanet,000000116208__Cubism__salvador-dali_cubist-composition-portrait-of-a-seated-person-holding-a-letter,000000116208,Cubism__salvador-dali_cubist-composition-portrait-of-a-seated-person-holding-a-letter,0
sanet,000000116208__Early_Renaissance__pietro-perugino_st-jerome-who-attends-two-unfairly-hanged-1473,000000116208,Early_Renaissance__pietro-perugino_st-jerome-who-attends-two-unfairly-hanged-1473,0
sanet,000000116208__Expressionism__amedeo-modigliani_germaine-survage-with-earrings-1918,000000116208,Expressionism__amedeo-modigliani_germaine-survage-with-earrings-1918,0
sanet,000000116208__High_Renaissance__raphael_madonna-and-child-enthroned-with-saints-1505,000000116208,High_Renaissance__raphael_madonna-and-child-enthroned-with-saints-1505,0
sanet,000000116208__Impressionism__pierre-auguste-renoir_leaving-the-bath-1890,000000116208,Impressionism__pierre-auguste-renoir_leaving-the-bath-1890,1
sanet,000000116208__Mannerism_Late_Renaissance__tintoretto_st-mark-rescuing-a-saracen-from-shipwreck-1566,000000116208,Mannerism_Late_Renaissance__tintoretto_st-mark-rescuing-a-saracen-from-shipwreck-1566,1
sanet,000000116208__Minimalism__mario-schifano_untitled-1963,000000116208,Minimalism__mario-schifano_untitled-1963,0
sanet,000000116208__Naive_Art_Primitivism__marc-chagall_the-young-samuel-the-priest-s-servant-heard-that-he-is-called-by-god-eli-and-he-were-sleeping,000000116208,Naive_Art_Primitivism__marc-chagall_the-young-samuel-the-priest-s-servant-heard-that-he-is-called-by-god-eli-and-he-were-sleeping,1
sanet,000000116208__Northern_Renaissance__albrecht-durer_lamentation-over-christ-1507,000000116208,Northern_Renaissance__albrecht-durer_lamentation-over-christ-1507,1
sanet,000000116208__Pop_Art__peter-max_composition-red-green-1979,000000116208,Pop_Art__peter-max_composition-red-green-1979,0
sanet,000000116208__Post_Impressionism__vincent-van-gogh_restaurant-de-la-sirene-at-asnieres-1887,000000116208,Post_Impressionism__vincent-van-gogh_restaurant-de-la-sirene-at-asnieres-1887,1
sanet,000000116208__Realism__vincent-van-gogh_cottage-with-peasant-coming-home-1885(1),000000116208,Realism__vincent-van-gogh_cottage-with-peasant-coming-home-1885(1),0
sanet,000000116208__Rococo__dmitry-levitzky_portrait-of-baron-a-n-stroganoff,000000116208,Rococo__dmitry-levitzky_portrait-of-baron-a-n-stroganoff,0
sanet,000000116208__Romanticism__gustave-dore_paradise-lost-4,000000116208,Romanticism__gustave-dore_paradise-lost-4,0
sanet,000000116208__Symbolism__nicholas-roerich_language-of-forest-1922,000000116208,Symbolism__nicholas-roerich_language-of-forest-1922,0
sanet,000000116208__Ukiyo_e__kitagawa-utamaro_not_detected_233134,000000116208,Ukiyo_e__kitagawa-utamaro_not_detected_233134,0
sanet,000000135872__Abstract_Expressionism__paul-jenkins_not_detected_235703,000000135872,Abstract_Expressionism__paul-jenkins_not_detected_235703,0
sanet,000000135872__Art_Nouveau_Modern__nicholas-roerich_oze-1914,000000135872,Art_Nouveau_Modern__nicholas-roerich_oze-1914,0
sanet,000000135872__Baroque__rembrandt_portrait-of-nicolas-van-bambeeck-1641,000000135872,Baroque__rembrandt_portrait-of-nicolas-van-bambeeck-1641,1
sanet,000000135872__Color_Field_Painting__leon-berkowitz_dark-light-rose-gold-1978,000000135872,Color_Field_Painting__leon-berkowitz_dark-light-rose-gold-1978,0
sanet,000000135872__Cubism__salvador-dali_cubist-composition-portrait-of-a-seated-person-holding-a-letter,000000135872,Cubism__salvador-dali_cubist-composition-portrait-of-a-seated-person-holding-a-letter,1
sanet,000000135872__Early_Renaissance__pietro-perugino_st-jerome-who-attends-two-unfairly-hanged-1473,000000135872,Early_Renaissance__pietro-perugino_st-jerome-who-attends-two-unfairly-hanged-1473,0
sanet,000000135872__Expressionism__amedeo-modigliani_germaine-survage-with-earrings-1918,000000135872,Expressionism__amedeo-modigliani_germaine-survage-with-earrings-1918,1
sanet,000000135872__High_Renaissance__raphael_madonna-and-child-enthroned-with-saints-1505,000000135872,High_Renaissance__raphael_madonna-and-child-enthroned-with-saints-1505,0
sanet,000000135872__Impressionism__pierre-auguste-renoir_leaving-the-bath-1890,000000135872,Impressionism__pierre-auguste-renoir_leaving-the-bath-1890,1
sanet,000000135872__Mannerism_Late_Renaissance__tintoretto_st-mark-rescuing-a-saracen-from-shipwreck-1566,000000135872,Mannerism_Late_Renaissance__tintoretto_st-mark-rescuing-a-saracen-from-shipwreck-1566,0
sanet,000000135872__Minimalism__mario-schifano_untitled-1963,000000135872,Minimalism__mario-schifano_untitled-1963,0
sanet,000000135872__Naive_Art_Primitivism__marc-chagall_the-young-samuel-the-priest-s-servant-heard-that-he-is-called-by-god-eli-and-he-were-sleeping,000000135872,Naive_Art_Primitivism__marc-chagall_the-young-samuel-the-priest-s-servant-heard-that-he-is-called-by-god-eli-and-he-were-sleeping,1
sanet,000000135872__Northern_Renaissance__albrecht-durer_lamentation-over-christ-1507,000000135872,Northern_Renaissance__albrecht-durer_lamentation-over-christ-1507,0
sanet,000000135872__Pop_Art__peter-max_composition-red-green-1979,000000135872,Pop_Art__peter-max_composition-red-green-1979,0
sanet,000000135872__Post_Impressionism__vincent-van-gogh_restaurant-de-la-sirene-at-asnieres-1887,000000135872,Post_Impressionism__vincent-van-gogh_restaurant-de-la-sirene-at-asnieres-1887,1
sanet,000000135872__Realism__vincent-van-gogh_cottage-with-peasant-coming-home-1885(1),000000135872,Realism__vincent-van-gogh_cottage-with-peasant-coming-home-1885(1),0
sanet,000000135872__Rococo__dmitry-levitzky_portrait-of-baron-a-n-stroganoff,000000135872,Rococo__dmitry-levitzky_portrait-of-baron-a-n-stroganoff,0
sanet,000000135872__Romanticism__gustave-dore_paradise-lost-4,000000135872,Romanticism__gustave-dore_paradise-lost-4,0
sanet,000000135872__Symbolism__nicholas-roerich_language-of-forest-1922,000000135872,Symbolism__nicholas-roerich_language-of-forest-1922,0
sanet,000000135872__Ukiyo_e__kitagawa-utamaro_not_detected_233134,000000135872,Ukiyo_e__kitagawa-utamaro_not_detected_233134,0
sanet,000000196442__Abstract_Expressionism__paul-jenkins_not_detected_235703,000000196442,Abstract_Expressionism__paul-jenkins_not_detected_235703,0
sanet,000000196442__Art_Nouveau_Modern__nicholas-roerich_oze-1914,000000196442,Art_Nouveau_Modern__nicholas-roerich_oze-1914,0
sanet,000000196442__Baroque__rembrandt_portrait-of-nicolas-van-bambeeck-1641,000000196442,Baroque__rembrandt_portrait-of-nicolas-van-bambeeck-1641,0
sanet,000000196442__Color_Field_Painting__leon-berkowitz_dark-light-rose-gold-1978,000000196442,Color_Field_Painting__leon-berkowitz_dark-light-rose-gold-1978,0
sanet,000000196442__Cubism__salvador-dali_cubist-composition-portrait-of-a-seated-person-holding-a-letter,000000196442,Cubism__salvador-dali_cubist-composition-portrait-of-a-seated-person-holding-a-letter,0
sanet,000000196442__Early_Renaissance__pietro-perugino_st-jerome-who-attends-two-unfairly-hanged-1473,000000196442,Early_Renaissance__pietro-perugino_st-jerome-who-attends-two-unfairly-hanged-1473,0
sanet,000000196442__Expressionism__amedeo-modigliani_germaine-survage-with-earrings-1918,000000196442,Expressionism__amedeo-modigliani_germaine-survage-with-earrings-1918,0
sanet,000000196442__High_Renaissance__raphael_madonna-and-child-enthroned-with-saints-1505,000000196442,High_Renaissance__raphael_madonna-and-child-enthroned-with-saints-1505,0
sanet,000000196442__Impressionism__pierre-auguste-renoir_leaving-the-bath-1890,000000196442,Impressionism__pierre-auguste-renoir_leaving-the-bath-1890,1
sanet,000000196442__Mannerism_Late_Renaissance__tintoretto_st-mark-rescuing-a-saracen-from-shipwreck-1566,000000196442,Mannerism_Late_Renaissance__tintoretto_st-mark-rescuing-a-saracen-from-shipwreck-1566,1
sanet,000000196442__Minimalism__mario-schifano_untitled-1963,000000196442,Minimalism__mario-schifano_untitled-1963,0
sanet,000000196442__Naive_Art_Primitivism__marc-chagall_the-young-samuel-the-priest-s-servant-heard-that-he-is-called-by-god-eli-and-he-were-sleeping,000000196442,Naive_Art_Primitivism__marc-chagall_the-young-samuel-the-priest-s-servant-heard-that-he-is-called-by-god-eli-and-he-were-sleeping,1
sanet,000000196442__Northern_Renaissance__albrecht-durer_lamentation-over-christ-1507,000000196442,Northern_Renaissance__albrecht-durer_lamentation-over-christ-1507,1
sanet,000000196442__Pop_Art__peter-max_composition-red-green-1979,000000196442,Pop_Art__peter-max_composition-red-green-1979,0
sanet,000000196442__Post_Impressionism__vincent-van-gogh_restaurant-de-la-sirene-at-asnieres-1887,000000196442,Post_Impressionism__vincent-van-gogh_restaurant-de-la-sirene-at-asnieres-1887,1
sanet,000000196442__Realism__vincent-van-gogh_cottage-with-peasant-coming-home-1885(1),000000196442,Realism__vincent-van-gogh_cottage-with-peasant-coming-home-1885(1),0
sanet,000000196442__Rococo__dmitry-levitzky_portrait-of-baron-a-n-stroganoff,000000196442,Rococo__dmitry-levitzky_portrait-of-baron-a-n-stroganoff,0
sanet,000000196442__Romanticism__gustave-dore_paradise-lost-4,000000196442,Romanticism__gustave-dore_paradise-lost-4,0
sanet,000000196442__Symbolism__nicholas-roerich_language-of-forest-1922,000000196442,Symbolism__nicholas-roerich_language-of-forest-1922,0
sanet,000000196442__Ukiyo_e__kitagawa-utamaro_not_detected_233134,000000196442,Ukiyo_e__kitagawa-utamaro_not_detected_233134,0
sanet,000000210388__Abstract_Expressionism__paul-jenkins_not_detected_235703,000000210388,Abstract_Expressionism__paul-jenkins_not_detected_235703,0
sanet,000000210388__Art_Nouveau_Modern__nicholas-roerich_oze-1914,000000210388,Art_Nouveau_Modern__nicholas-roerich_oze-1914,0
sanet,000000210388__Baroque__rembrandt_portrait-of-nicolas-van-bambeeck-1641,000000210388,Baroque__rembrandt_portrait-of-nicolas-van-bambeeck-1641,1
sanet,000000210388__Color_Field_Painting__leon-berkowitz_dark-light-rose-gold-1978,000000210388,Color_Field_Painting__leon-berkowitz_dark-light-rose-gold-1978,1
sanet,000000210388__Cubism__salvador-dali_cubist-composition-portrait-of-a-seated-person-holding-a-letter,000000210388,Cubism__salvador-dali_cubist-composition-portrait-of-a-seated-person-holding-a-letter,0
sanet,000000210388__Early_Renaissance__pietro-perugino_st-jerome-who-attends-two-unfairly-hanged-1473,000000210388,Early_Renaissance__pietro-perugino_st-jerome-who-attends-two-unfairly-hanged-1473,0
sanet,000000210388__Expressionism__amedeo-modigliani_germaine-survage-with-earrings-1918,000000210388,Expressionism__amedeo-modigliani_germaine-survage-with-earrings-1918,0
sanet,000000210388__High_Renaissance__raphael_madonna-and-child-enthroned-with-saints-1505,000000210388,High_Renaissance__raphael_madonna-and-child-enthroned-with-saints-1505,0
sanet,000000210388__Impressionism__pierre-auguste-renoir_leaving-the-bath-1890,000000210388,Impressionism__pierre-auguste-renoir_leaving-the-bath-1890,1
sanet,000000210388__Mannerism_Late_Renaissance__tintoretto_st-mark-rescuing-a-saracen-from-shipwreck-1566,000000210388,Mannerism_Late_Renaissance__tintoretto_st-mark-rescuing-a-saracen-from-shipwreck-1566,1
sanet,000000210388__Minimalism__mario-schifano_untitled-1963,000000210388,Minimalism__mario-schifano_untitled-1963,0
sanet,000000210388__Naive_Art_Primitivism__marc-chagall_the-young-samuel-the-priest-s-servant-heard-that-he-is-called-by-god-eli-and-he-were-sleeping,000000210388,Naive_Art_Primitivism__marc-chagall_the-young-samuel-the-priest-s-servant-heard-that-he-is-called-by-god-eli-and-he-were-sleeping,0
sanet,000000210388__Northern_Renaissance__albrecht-durer_lamentation-over-christ-1507,000000210388,Northern_Renaissance__albrecht-durer_lamentation-over-christ-1507,0
sanet,000000210388__Pop_Art__peter-max_composition-red-green-1979,000000210388,Pop_Art__peter-max_composition-red-green-1979,0
sanet,000000210388__Post_Impressionism__vincent-van-gogh_restaurant-de-la-sirene-at-asnieres-1887,000000210388,Post_Impressionism__vincent-van-gogh_restaurant-de-la-sirene-at-asnieres-1887,0
sanet,000000210388__Realism__vincent-van-gogh_cottage-with-peasant-coming-home-1885(1),000000210388,Realism__vincent-van-gogh_cottage-with-peasant-coming-home-1885(1),1
sanet,000000210388__Rococo__dmitry-levitzky_portrait-of-baron-a-n-stroganoff,000000210388,Rococo__dmitry-levitzky_portrait-of-baron-a-n-stroganoff,0
sanet,000000210388__Romanticism__gustave-dore_paradise-lost-4,000000210388,Romanticism__gustave-dore_paradise-lost-4,0
sanet,000000210388__Symbolism__nicholas-roerich_language-of-forest-1922,000000210388,Symbolism__nicholas-roerich_language-of-forest-1922,0
sanet,000000210388__Ukiyo_e__kitagawa-utamaro_not_detected_233134,000000210388,Ukiyo_e__kitagawa-utamaro_not_detected_233134,0
sanet,000000226171__Abstract_Expressionism__paul-jenkins_not_detected_235703,000000226171,Abstract_Expressionism__paul-jenkins_not_detected_235703,0
sanet,000000226171__Art_Nouveau_Modern__nicholas-roerich_oze-1914,000000226171,Art_Nouveau_Modern__nicholas-roerich_oze-1914,0
sanet,000000226171__Baroque__rembrandt_portrait-of-nicolas-van-bambeeck-1641,000000226171,Baroque__rembrandt_portrait-of-nicolas-van-bambeeck-1641,0
sanet,000000226171__Color_Field_Painting__leon-berkowitz_dark-light-rose-gold-1978,000000226171,Color_Field_Painting__leon-berkowitz_dark-light-rose-gold-1978,1
sanet,000000226171__Cubism__salvador-dali_cubist-composition-portrait-of-a-seated-person-holding-a-letter,000000226171,Cubism__salvador-dali_cubist-composition-portrait-of-a-seated-person-holding-a-letter,1
sanet,000000226171__Early_Renaissance__pietro-perugino_st-jerome-who-attends-two-unfairly-hanged-1473,000000226171,Early_Renaissance__pietro-perugino_st-jerome-who-attends-two-unfairly-hanged-1473,0
sanet,000000226171__Expressionism__amedeo-modigliani_germaine-survage-with-earrings-1918,000000226171,Expressionism__amedeo-modigliani_germaine-survage-with-earrings-1918,1
sanet,000000226171__High_Renaissance__raphael_madonna-and-child-enthroned-with-saints-1505,000000226171,High_Renaissance__raphael_madonna-and-child-enthroned-with-saints-1505,0
sanet,000000226171__Impressionism__pierre-auguste-renoir_leaving-the-bath-1890,000000226171,Impressionism__pierre-auguste-renoir_leaving-the-bath-1890,1
sanet,000000226171__Mannerism_Late_Renaissance__tintoretto_st-mark-rescuing-a-saracen-from-shipwreck-1566,000000226171,Mannerism_Late_Renaissance__tintoretto_st-mark-rescuing-a-saracen-from-shipwreck-1566,1
sanet,000000226171__Minimalism__mario-schifano_untitled-1963,000000226171,Minimalism__mario-schifano_untitled-1963,0
sanet,000000226171__Naive_Art_Primitivism__marc-chagall_the-young-samuel-the-priest-s-servant-heard-that-he-is-called-by-god-eli-and-he-were-sleeping,000000226171,Naive_Art_Primitivism__marc-chagall_the-young-samuel-the-priest-s-servant-heard-that-he-is-called-by-god-eli-and-he-were-sleeping,0
sanet,000000226171__Northern_Renaissance__albrecht-durer_lamentation-over-christ-1507,000000226171,Northern_Renaissance__albrecht-durer_lamentation-over-christ-1507,0
sanet,000000226171__Pop_Art__peter-max_composition-red-green-1979,000000226171,Pop_Art__peter-max_composition-red-green-1979,1
sanet,000000226171__Post_Impressionism__vincent-van-gogh_restaurant-de-la-sirene-at-asnieres-1887,000000226171,Post_Impressionism__vincent-van-gogh_restaurant-de-la-sirene-at-asnieres-1887,1
sanet,000000226171__Realism__vincent-van-gogh_cottage-with-peasant-coming-home-1885(1),000000226171,Realism__vincent-van-gogh_cottage-with-peasant-coming-home-1885(1),0
sanet,000000226171__Rococo__dmitry-levitzky_portrait-of-baron-a-n-stroganoff,000000226171,Rococo__dmitry-levitzky_portrait-of-baron-a-n-stroganoff,0
sanet,000000226171__Romanticism__gustave-dore_paradise-lost-4,000000226171,Romanticism__gustave-dore_paradise-lost-4,0
sanet,000000226171__Symbolism__nicholas-roerich_language-of-forest-1922,000000226171,Symbolism__nicholas-roerich_language-of-forest-1922,0
sanet,000000226171__Ukiyo_e__kitagawa-utamaro_not_detected_233134,000000226171,Ukiyo_e__kitagawa-utamaro_not_detected_233134,0
sanet,000000235857__Abstract_Expressionism__paul-jenkins_not_detected_235703,000000235857,Abstract_Expressionism__paul-jenkins_not_detected_235703,0
sanet,000000235857__Art_Nouveau_Modern__nicholas-roerich_oze-1914,000000235857,Art_Nouveau_Modern__nicholas-roerich_oze-1914,0
sanet,000000235857__Baroque__rembrandt_portrait-of-nicolas-van-bambeeck-1641,000000235857,Baroque__rembrandt_portrait-of-nicolas-van-bambeeck-1641,0
sanet,000000235857__Color_Field_Painting__leon-berkowitz_dark-light-rose-gold-1978,000000235857,Color_Field_Painting__leon-berkowitz_dark-light-rose-gold-1978,0
sanet,000000235857__Cubism__salvador-dali_cubist-composition-portrait-of-a-seated-person-holding-a-letter,000000235857,Cubism__salvador-dali_cubist-composition-portrait-of-a-seated-person-holding-a-letter,0
sanet,000000235857__Early_Renaissance__pietro-perugino_st-jerome-who-attends-two-unfairly-hanged-1473,000000235857,Early_Renaissance__pietro-perugino_st-jerome-who-attends-two-unfairly-hanged-1473,0
sanet,000000235857__Expressionism__amedeo-modigliani_germaine-survage-with-earrings-1918,000000235857,Expressionism__amedeo-modigliani_germaine-survage-with-earrings-1918,0
sanet,000000235857__High_Renaissance__raphael_madonna-and-child-enthroned-with-saints-1505,000000235857,High_Renaissance__raphael_madonna-and-child-enthroned-with-saints-1505,0
sanet,000000235857__Impressionism__pierre-auguste-renoir_leaving-the-bath-1890,000000235857,Impressionism__pierre-auguste-renoir_leaving-the-bath-1890,1
sanet,000000235857__Mannerism_Late_Renaissance__tintoretto_st-mark-rescuing-a-saracen-from-shipwreck-1566,000000235857,Mannerism_Late_Renaissance__tintoretto_st-mark-rescuing-a-saracen-from-shipwreck-1566,1
sanet,000000235857__Minimalism__mario-schifano_untitled-1963,000000235857,Minimalism__mario-schifano_untitled-1963,0
sanet,000000235857__Naive_Art_Primitivism__marc-chagall_the-young-samuel-the-priest-s-servant-heard-that-he-is-called-by-god-eli-and-he-were-sleeping,000000235857,Naive_Art_Primitivism__marc-chagall_the-young-samuel-the-priest-s-servant-heard-that-he-is-called-by-god-eli-and-he-were-sleeping,0
sanet,000000235857__Northern_Renaissance__albrecht-durer_lamentation-over-christ-1507,000000235857,Northern_Renaissance__albrecht-durer_lamentation-over-christ-1507,0
sanet,000000235857__Pop_Art__peter-max_composition-red-green-1979,000000235857,Pop_Art__peter-max_composition-red-green-1979,0
sanet,000000235857__Post_Impressionism__vincent-van-gogh_restaurant-de-la-sirene-at-asnieres-1887,000000235857,Post_Impressionism__vincent-van-gogh_restaurant-de-la-sirene-at-asnieres-1887,0
sanet,000000235857__Realism__vincent-van-gogh_cottage-with-peasant-coming-home-1885(1),000000235857,Realism__vincent-van-gogh_cottage-with-peasant-coming-home-1885(1),1
sanet,000000235857__Rococo__dmitry-levitzky_portrait-of-baron-a-n-stroganoff,000000235857,Rococo__dmitry-levitzky_portrait-of-baron-a-n-stroganoff,0
sanet,000000235857__Romanticism__gustave-dore_paradise-lost-4,000000235857,Romanticism__gustave-dore_paradise-lost-4,1
sanet,000000235857__Symbolism__nicholas-roerich_language-of-forest-1922,000000235857,Symbolism__nicholas-roerich_language-of-forest-1922,0
sanet,000000235857__Ukiyo_e__kitagawa-utamaro_not_detected_233134,000000235857,Ukiyo_e__kitagawa-utamaro_not_detected_233134,0
sanet,000000272364__Abstract_Expressionism__paul-jenkins_not_detected_235703,000000272364,Abstract_Expressionism__paul-jenkins_not_detected_235703,0
sanet,000000272364__Art_Nouveau_Modern__nicholas-roerich_oze-1914,000000272364,Art_Nouveau_Modern__nicholas-roerich_oze-1914,0
sanet,000000272364__Baroque__rembrandt_portrait-of-nicolas-van-bambeeck-1641,000000272364,Baroque__rembrandt_portrait-of-nicolas-van-bambeeck-1641,0
sanet,000000272364__Color_Field_Painting__leon-berkowitz_dark-light-rose-gold-1978,000000272364,Color_Field_Painting__leon-berkowitz_dark-light-rose-gold-1978,1
sanet,000000272364__Cubism__salvador-dali_cubist-composition-portrait-of-a-seated-person-holding-a-letter,000000272364,Cubism__salvador-dali_cubist-composition-portrait-of-a-seated-person-holding-a-letter,0
sanet,000000272364__Early_Renaissance__pietro-perugino_st-jerome-who-attends-two-unfairly-hanged-1473,000000272364,Early_Renaissance__pietro-perugino_st-jerome-who-attends-two-unfairly-hanged-1473,0
sanet,000000272364__Expressionism__amedeo-modigliani_germaine-survage-with-earrings-1918,000000272364,Expressionism__amedeo-modigliani_germaine-survage-with-earrings-1918,1
sanet,000000272364__High_Renaissance__raphael_madonna-and-child-enthroned-with-saints-1505,000000272364,High_Renaissance__raphael_madonna-and-child-enthroned-with-saints-1505,0
sanet,000000272364__Impressionism__pierre-auguste-renoir_leaving-the-bath-1890,000000272364,Impressionism__pierre-auguste-renoir_leaving-the-bath-1890,1
sanet,000000272364__Mannerism_Late_Renaissance__tintoretto_st-mark-rescuing-a-saracen-from-shipwreck-1566,000000272364,Mannerism_Late_Renaissance__tintoretto_st-mark-rescuing-a-saracen-from-shipwreck-1566,1
sanet,000000272364__Minimalism__mario-schifano_untitled-1963,000000272364,Minimalism__mario-schifano_untitled-1963,0
sanet,000000272364__Naive_Art_Primitivism__marc-chagall_the-young-samuel-the-priest-s-servant-heard-that-he-is-called-by-god-eli-and-he-were-sleeping,000000272364,Naive_Art_Primitivism__marc-chagall_the-young-samuel-the-priest-s-servant-heard-that-he-is-called-by-god-eli-and-he-were-sleeping,1
sanet,000000272364__Northern_Renaissance__albrecht-durer_lamentation-over-christ-1507,000000272364,Northern_Renaissance__albrecht-durer_lamentation-over-christ-1507,0
sanet,000000272364__Pop_Art__peter-max_composition-red-green-1979,000000272364,Pop_Art__peter-max_composition-red-green-1979,0
sanet,000000272364__Post_Impressionism__vincent-van-gogh_restaurant-de-la-sirene-at-asnieres-1887,000000272364,Post_Impressionism__vincent-van-gogh_restaurant-de-la-sirene-at-asnieres-1887,0
sanet,000000272364__Realism__vincent-van-gogh_cottage-with-peasant-coming-home-1885(1),000000272364,Realism__vincent-van-gogh_cottage-with-peasant-coming-home-1885(1),0
sanet,000000272364__Rococo__dmitry-levitzky_portrait-of-baron-a-n-stroganoff,000000272364,Rococo__dmitry-levitzky_portrait-of-baron-a-n-stroganoff,0
sanet,000000272364__Romanticism__gustave-dore_paradise-lost-4,000000272364,Romanticism__gustave-dore_paradise-lost-4,0
sanet,000000272364__Symbolism__nicholas-roerich_language-of-forest-1922,000000272364,Symbolism__nicholas-roerich_language-of-forest-1922,0
sanet,000000272364__Ukiyo_e__kitagawa-utamaro_not_detected_233134,000000272364,Ukiyo_e__kitagawa-utamaro_not_detected_233134,0
sanet,000000273132__Abstract_Expressionism__paul-jenkins_not_detected_235703,000000273132,Abstract_Expressionism__paul-jenkins_not_detected_235703,0
sanet,000000273132__Art_Nouveau_Modern__nicholas-roerich_oze-1914,000000273132,Art_Nouveau_Modern__nicholas-roerich_oze-1914,0
sanet,000000273132__Baroque__rembrandt_portrait-of-nicolas-van-bambeeck-1641,000000273132,Baroque__rembrandt_portrait-of-nicolas-van-bambeeck-1641,0
sanet,000000273132__Color_Field_Painting__leon-berkowitz_dark-light-rose-gold-1978,000000273132,Color_Field_Painting__leon-berkowitz_dark-light-rose-gold-1978,1
sanet,000000273132__Cubism__salvador-dali_cubist-composition-portrait-of-a-seated-person-holding-a-letter,000000273132,Cubism__salvador-dali_cubist-composition-portrait-of-a-seated-person-holding-a-letter,0
sanet,000000273132__Early_Renaissance__pietro-perugino_st-jerome-who-attends-two-unfairly-hanged-1473,000000273132,Early_Renaissance__pietro-perugino_st-jerome-who-attends-two-unfairly-hanged-1473,1
sanet,000000273132__Expressionism__amedeo-modigliani_germaine-survage-with-earrings-1918,000000273132,Expressionism__amedeo-modigliani_germaine-survage-with-earrings-1918,1
sanet,000000273132__High_Renaissance__raphael_madonna-and-child-enthroned-with-saints-1505,000000273132,High_Renaissance__raphael_madonna-and-child-enthroned-with-saints-1505,0
sanet,000000273132__Impressionism__pierre-auguste-renoir_leaving-the-bath-1890,000000273132,Impressionism__pierre-auguste-renoir_leaving-the-bath-1890,1
sanet,000000273132__Mannerism_Late_Renaissance__tintoretto_st-mark-rescuing-a-saracen-from-shipwreck-1566,000000273132,Mannerism_Late_Renaissance__tintoretto_st-mark-rescuing-a-saracen-from-shipwreck-1566,1
sanet,000000273132__Minimalism__mario-schifano_untitled-1963,000000273132,Minimalism__mario-schifano_untitled-1963,0
sanet,000000273132__Naive_Art_Primitivism__marc-chagall_the-young-samuel-the-priest-s-servant-heard-that-he-is-called-by-god-eli-and-he-were-sleeping,000000273132,Naive_Art_Primitivism__marc-chagall_the-young-samuel-the-priest-s-servant-heard-that-he-is-called-by-god-eli-and-he-were-sleeping,1
sanet,000000273132__Northern_Renaissance__albrecht-durer_lamentation-over-christ-1507,000000273132,Northern_Renaissance__albrecht-durer_lamentation-over-christ-1507,1
sanet,000000273132__Pop_Art__peter-max_composition-red-green-1979,000000273132,Pop_Art__peter-max_composition-red-green-1979,0
sanet,000000273132__Post_Impressionism__vincent-van-gogh_restaurant-de-la-sirene-at-asnieres-1887,000000273132,Post_Impressionism__vincent-van-gogh_restaurant-de-la-sirene-at-asnieres-1887,1
sanet,000000273132__Realism__vincent-van-gogh_cottage-with-peasant-coming-home-1885(1),000000273132,Realism__vincent-van-gogh_cottage-with-peasant-coming-home-1885(1),1
sanet,000000273132__Rococo__dmitry-levitzky_portrait-of-baron-a-n-stroganoff,000000273132,Rococo__dmitry-levitzky_portrait-of-baron-a-n-stroganoff,0
sanet,000000273132__Romanticism__gustave-dore_paradise-lost-4,000000273132,Romanticism__gustave-dore_paradise-lost-4,0
sanet,000000273132__Symbolism__nicholas-roerich_language-of-forest-1922,000000273132,Symbolism__nicholas-roerich_language-of-forest-1922,0
sanet,000000273132__Ukiyo_e__kitagawa-utamaro_not_detected_233134,000000273132,Ukiyo_e__kitagawa-utamaro_not_detected_233134,0
sanet,000000277051__Abstract_Expressionism__paul-jenkins_not_detected_235703,000000277051,Abstract_Expressionism__paul-jenkins_not_detected_235703,0
sanet,000000277051__Art_Nouveau_Modern__nicholas-roerich_oze-1914,000000277051,Art_Nouveau_Modern__nicholas-roerich_oze-1914,0
sanet,000000277051__Baroque__rembrandt_portrait-of-nicolas-van-bambeeck-1641,000000277051,Baroque__rembrandt_portrait-of-nicolas-van-bambeeck-1641,0
sanet,000000277051__Color_Field_Painting__leon-berkowitz_dark-light-rose-gold-1978,000000277051,Color_Field_Painting__leon-berkowitz_dark-light-rose-gold-1978,1
sanet,000000277051__Cubism__salvador-dali_cubist-composition-portrait-of-a-seated-person-holding-a-letter,000000277051,Cubism__salvador-dali_cubist-composition-portrait-of-a-seated-person-holding-a-letter,1
sanet,000000277051__Early_Renaissance__pietro-perugino_st-jerome-who-attends-two-unfairly-hanged-1473,000000277051,Early_Renaissance__pietro-perugino_st-jerome-who-attends-two-unfairly-hanged-1473,0
sanet,000000277051__Expressionism__amedeo-modigliani_germaine-survage-with-earrings-1918,000000277051,Expressionism__amedeo-modigliani_germaine-survage-with-earrings-1918,0
sanet,000000277051__High_Renaissance__raphael_madonna-and-child-enthroned-with-saints-1505,000000277051,High_Renaissance__raphael_madonna-and-child-enthroned-with-saints-1505,0
sanet,000000277051__Impressionism__pierre-auguste-renoir_leaving-the-bath-1890,000000277051,Impressionism__pierre-auguste-renoir_leaving-the-bath-1890,1
sanet,000000277051__Mannerism_Late_Renaissance__tintoretto_st-mark-rescuing-a-saracen-from-shipwreck-1566,000000277051,Mannerism_Late_Renaissance__tintoretto_st-mark-rescuing-a-saracen-from-shipwreck-1566,1
sanet,000000277051__Minimalism__mario-schifano_untitled-1963,000000277051,Minimalism__mario-schifano_untitled-1963,0
sanet,000000277051__Naive_Art_Primitivism__marc-chagall_the-young-samuel-the-priest-s-servant-heard-that-he-is-called-by-god-eli-and-he-were-sleeping,000000277051,Naive_Art_Primitivism__marc-chagall_the-young-samuel-the-priest-s-servant-heard-that-he-is-called-by-god-eli-and-he-were-sleeping,1
sanet,000000277051__Northern_Renaissance__albrecht-durer_lamentation-over-christ-1507,000000277051,Northern_Renaissance__albrecht-durer_lamentation-over-christ-1507,1
sanet,000000277051__Pop_Art__peter-max_composition-red-green-1979,000000277051,Pop_Art__peter-max_composition-red-green-1979,0
sanet,000000277051__Post_Impressionism__vincent-van-gogh_restaurant-de-la-sirene-at-asnieres-1887,000000277051,Post_Impressionism__vincent-van-gogh_restaurant-de-la-sirene-at-asnieres-1887,1
sanet,000000277051__Realism__vincent-van-gogh_cottage-with-peasant-coming-home-1885(1),000000277051,Realism__vincent-van-gogh_cottage-with-peasant-coming-home-1885(1),0
sanet,000000277051__Rococo__dmitry-levitzky_portrait-of-baron-a-n-stroganoff,000000277051,Rococo__dmitry-levitzky_portrait-of-baron-a-n-stroganoff,0
sanet,000000277051__Romanticism__gustave-dore_paradise-lost-4,000000277051,Romanticism__gustave-dore_paradise-lost-4,0
sanet,000000277051__Symbolism__nicholas-roerich_language-of-forest-1922,000000277051,Symbolism__nicholas-roerich_language-of-forest-1922,0
sanet,000000277051__Ukiyo_e__kitagawa-utamaro_not_detected_233134,000000277051,Ukiyo_e__kitagawa-utamaro_not_detected_233134,0
sanet,000000296969__Abstract_Expressionism__paul-jenkins_not_detected_235703,000000296969,Abstract_Expressionism__paul-jenkins_not_detected_235703,0
sanet,000000296969__Art_Nouveau_Modern__nicholas-roerich_oze-1914,000000296969,Art_Nouveau_Modern__nicholas-roerich_oze-1914,1
sanet,000000296969__Baroque__rembrandt_portrait-of-nicolas-van-bambeeck-1641,000000296969,Baroque__rembrandt_portrait-of-nicolas-van-bambeeck-1641,0
sanet,000000296969__Color_Field_Painting__leon-berkowitz_dark-light-rose-gold-1978,000000296969,Color_Field_Painting__leon-berkowitz_dark-light-rose-gold-1978,1
sanet,000000296969__Cubism__salvador-dali_cubist-composition-portrait-of-a-seated-person-holding-a-letter,000000296969,Cubism__salvador-dali_cubist-composition-portrait-of-a-seated-person-holding-a-letter,0
sanet,000000296969__Early_Renaissance__pietro-perugino_st-jerome-who-attends-two-unfairly-hanged-1473,000000296969,Early_Renaissance__pietro-perugino_st-jerome-who-attends-two-unfairly-hanged-1473,0
sanet,000000296969__Expressionism__amedeo-modigliani_germaine-survage-with-earrings-1918,000000296969,Expressionism__amedeo-modigliani_germaine-survage-with-earrings-1918,0
sanet,000000296969__High_Renaissance__raphael_madonna-and-child-enthroned-with-saints-1505,000000296969,High_Renaissance__raphael_madonna-and-child-enthroned-with-saints-1505,0
sanet,000000296969__Impressionism__pierre-auguste-renoir_leaving-the-bath-1890,000000296969,Impressionism__pierre-auguste-renoir_leaving-the-bath-1890,1
sanet,000000296969__Mannerism_Late_Renaissance__tintoretto_st-mark-rescuing-a-saracen-from-shipwreck-1566,000000296969,Mannerism_Late_Renaissance__tintoretto_st-mark-rescuing-a-saracen-from-shipwreck-1566,1
sanet,000000296969__Minimalism__mario-schifano_untitled-1963,000000296969,Minimalism__mario-schifano_untitled-1963,0
sanet,000000296969__Naive_Art_Primitivism__marc-chagall_the-young-samuel-the-priest-s-servant-heard-that-he-is-called-by-god-eli-and-he-were-sleeping,000000296969,Naive_Art_Primitivism__marc-chagall_the-young-samuel-the-priest-s-servant-heard-that-he-is-called-by-god-eli-and-he-were-sleeping,1
sanet,000000296969__Northern_Renaissance__albrecht-durer_lamentation-over-christ-1507,000000296969,Northern_Renaissance__albrecht-durer_lamentation-over-christ-1507,1
sanet,000000296969__Pop_Art__peter-max_composition-red-green-1979,000000296969,Pop_Art__peter-max_composition-red-green-1979,0
sanet,000000296969__Post_Impressionism__vincent-van-gogh_restaurant-de-la-sirene-at-asnieres-1887,000000296969,Post_Impressionism__vincent-van-gogh_restaurant-de-la-sirene-at-asnieres-1887,0
sanet,000000296969__Realism__vincent-van-gogh_cottage-with-peasant-coming-home-1885(1),000000296969,Realism__vincent-van-gogh_cottage-with-peasant-coming-home-1885(1),0
sanet,000000296969__Rococo__dmitry-levitzky_portrait-of-baron-a-n-stroganoff,000000296969,Rococo__dmitry-levitzky_portrait-of-baron-a-n-stroganoff,0
sanet,000000296969__Romanticism__gustave-dore_paradise-lost-4,000000296969,Romanticism__gustave-dore_paradise-lost-4,0
sanet,000000296969__Symbolism__nicholas-roerich_language-of-forest-1922,000000296969,Symbolism__nicholas-roerich_language-of-forest-1922,0
sanet,000000296969__Ukiyo_e__kitagawa-utamaro_not_detected_233134,000000296969,Ukiyo_e__kitagawa-utamaro_not_detected_233134,0
sanet,000000302107__Abstract_Expressionism__paul-jenkins_not_detected_235703,000000302107,Abstract_Expressionism__paul-jenkins_not_detected_235703,0
sanet,000000302107__Art_Nouveau_Modern__nicholas-roerich_oze-1914,000000302107,Art_Nouveau_Modern__nicholas-roerich_oze-1914,0
sanet,000000302107__Baroque__rembrandt_portrait-of-nicolas-van-bambeeck-1641,000000302107,Baroque__rembrandt_portrait-of-nicolas-van-bambeeck-1641,0
sanet,000000302107__Color_Field_Painting__leon-berkowitz_dark-light-rose-gold-1978,000000302107,Color_Field_Painting__leon-berkowitz_dark-light-rose-gold-1978,1
sanet,000000302107__Cubism__salvador-dali_cubist-composition-portrait-of-a-seated-person-holding-a-letter,000000302107,Cubism__salvador-dali_cubist-composition-portrait-of-a-seated-person-holding-a-letter,0
sanet,000000302107__Early_Renaissance__pietro-perugino_st-jerome-who-attends-two-unfairly-hanged-1473,000000302107,Early_Renaissance__pietro-perugino_st-jerome-who-attends-two-unfairly-hanged-1473,0
sanet,000000302107__Expressionism__amedeo-modigliani_germaine-survage-with-earrings-1918,000000302107,Expressionism__amedeo-modigliani_germaine-survage-with-earrings-1918,0
sanet,000000302107__High_Renaissance__raphael_madonna-and-child-enthroned-with-saints-1505,000000302107,High_Renaissance__raphael_madonna-and-child-enthroned-with-saints-1505,0
sanet,000000302107__Impressionism__pierre-auguste-renoir_leaving-the-bath-1890,000000302107,Impressionism__pierre-auguste-renoir_leaving-the-bath-1890,1
sanet,000000302107__Mannerism_Late_Renaissance__tintoretto_st-mark-rescuing-a-saracen-from-shipwreck-1566,000000302107,Mannerism_Late_Renaissance__tintoretto_st-mark-rescuing-a-saracen-from-shipwreck-1566,1
sanet,000000302107__Minimalism__mario-schifano_untitled-1963,000000302107,Minimalism__mario-schifano_untitled-1963,0
sanet,000000302107__Naive_Art_Primitivism__marc-chagall_the-young-samuel-the-priest-s-servant-heard-that-he-is-called-by-god-eli-and-he-were-sleeping,000000302107,Naive_Art_Primitivism__marc-chagall_the-young-samuel-the-priest-s-servant-heard-that-he-is-called-by-god-eli-and-he-were-sleeping,0
sanet,000000302107__Northern_Renaissance__albrecht-durer_lamentation-over-christ-1507,000000302107,Northern_Renaissance__albrecht-durer_lamentation-over-christ-1507,0
sanet,000000302107__Pop_Art__peter-max_composition-red-green-1979,000000302107,Pop_Art__peter-max_composition-red-green-1979,0
sanet,000000302107__Post_Impressionism__vincent-van-gogh_restaurant-de-la-sirene-at-asnieres-1887,000000302107,Post_Impressionism__vincent-van-gogh_restaurant-de-la-sirene-at-asnieres-1887,0
sanet,000000302107__Realism__vincent-van-gogh_cottage-with-peasant-coming-home-1885(1),000000302107,Realism__vincent-van-gogh_cottage-with-peasant-coming-home-1885(1),0
sanet,000000302107__Rococo__dmitry-levitzky_portrait-of-baron-a-n-stroganoff,000000302107,Rococo__dmitry-levitzky_portrait-of-baron-a-n-stroganoff,0
sanet,000000302107__Romanticism__gustave-dore_paradise-lost-4,000000302107,Romanticism__gustave-dore_paradise-lost-4,0
sanet,000000302107__Symbolism__nicholas-roerich_language-of-forest-1922,000000302107,Symbolism__nicholas-roerich_language-of-forest-1922,0
sanet,000000302107__Ukiyo_e__kitagawa-utamaro_not_detected_233134,000000302107,Ukiyo_e__kitagawa-utamaro_not_detected_233134,0
sanet,000000322944__Abstract_Expressionism__paul-jenkins_not_detected_235703,000000322944,Abstract_Expressionism__paul-jenkins_not_detected_235703,0
sanet,000000322944__Art_Nouveau_Modern__nicholas-roerich_oze-1914,000000322944,Art_Nouveau_Modern__nicholas-roerich_oze-1914,0
sanet,000000322944__Baroque__rembrandt_portrait-of-nicolas-van-bambeeck-1641,000000322944,Baroque__rembrandt_portrait-of-nicolas-van-bambeeck-1641,1
sanet,000000322944__Color_Field_Painting__leon-berkowitz_dark-light-rose-gold-1978,000000322944,Color_Field_Painting__leon-berkowitz_dark-light-rose-gold-1978,0
sanet,000000322944__Cubism__salvador-dali_cubist-composition-portrait-of-a-seated-person-holding-a-letter,000000322944,Cubism__salvador-dali_cubist-composition-portrait-of-a-seated-person-holding-a-letter,0
sanet,000000322944__Early_Renaissance__pietro-perugino_st-jerome-who-attends-two-unfairly-hanged-1473,000000322944,Early_Renaissance__pietro-perugino_st-jerome-who-attends-two-unfairly-hanged-1473,0
sanet,000000322944__Expressionism__amedeo-modigliani_germaine-survage-with-earrings-1918,000000322944,Expressionism__amedeo-modigliani_germaine-survage-with-earrings-1918,0
sanet,000000322944__High_Renaissance__raphael_madonna-and-child-enthroned-with-saints-1505,000000322944,High_Renaissance__raphael_madonna-and-child-enthroned-with-saints-1505,0
sanet,000000322944__Impressionism__pierre-auguste-renoir_leaving-the-bath-1890,000000322944,Impressionism__pierre-auguste-renoir_leaving-the-bath-1890,1
sanet,000000322944__Mannerism_Late_Renaissance__tintoretto_st-mark-rescuing-a-saracen-from-shipwreck-1566,000000322944,Mannerism_Late_Renaissance__tintoretto_st-mark-rescuing-a-saracen-from-shipwreck-1566,1
sanet,000000322944__Minimalism__mario-schifano_untitled-1963,000000322944,Minimalism__mario-schifano_untitled-1963,0
sanet,000000322944__Naive_Art_Primitivism__marc-chagall_the-young-samuel-the-priest-s-servant-heard-that-he-is-called-by-god-eli-and-he-were-sleeping,000000322944,Naive_Art_Primitivism__marc-chagall_the-young-samuel-the-priest-s-servant-heard-that-he-is-called-by-god-eli-and-he-were-sleeping,1
sanet,000000322944__Northern_Renaissance__albrecht-durer_lamentation-over-christ-1507,000000322944,Northern_Renaissance__albrecht-durer_lamentation-over-christ-1507,1
sanet,000000322944__Pop_Art__peter-max_composition-red-green-1979,000000322944,Pop_Art__peter-max_composition-red-green-1979,0
sanet,000000322944__Post_Impressionism__vincent-van-gogh_restaurant-de-la-sirene-at-asnieres-1887,000000322944,Post_Impressionism__vincent-van-gogh_restaurant-de-la-sirene-at-asnieres-1887,1
sanet,000000322944__Realism__vincent-van-gogh_cottage-with-peasant-coming-home-1885(1),000000322944,Realism__vincent-van-gogh_cottage-with-peasant-coming-home-1885(1),0
sanet,000000322944__Rococo__dmitry-levitzky_portrait-of-baron-a-n-stroganoff,000000322944,Rococo__dmitry-levitzky_portrait-of-baron-a-n-stroganoff,0
sanet,000000322944__Romanticism__gustave-dore_paradise-lost-4,000000322944,Romanticism__gustave-dore_paradise-lost-4,0
sanet,000000322944__Symbolism__nicholas-roerich_language-of-forest-1922,000000322944,Symbolism__nicholas-roerich_language-of-forest-1922,0
sanet,000000322944__Ukiyo_e__kitagawa-utamaro_not_detected_233134,000000322944,Ukiyo_e__kitagawa-utamaro_not_detected_233134,0
sanet,000000329447__Abstract_Expressionism__paul-jenkins_not_detected_235703,000000329447,Abstract_Expressionism__paul-jenkins_not_detected_235703,0
sanet,000000329447__Art_Nouveau_Modern__nicholas-roerich_oze-1914,000000329447,Art_Nouveau_Modern__nicholas-roerich_oze-1914,0
sanet,000000329447__Baroque__rembrandt_portrait-of-nicolas-van-bambeeck-1641,000000329447,Baroque__rembrandt_portrait-of-nicolas-van-bambeeck-1641,0
sanet,000000329447__Color_Field_Painting__leon-berkowitz_dark-light-rose-gold-1978,000000329447,Color_Field_Painting__leon-berkowitz_dark-light-rose-gold-1978,1
sanet,000000329447__Cubism__salvador-dali_cubist-composition-portrait-of-a-seated-person-holding-a-letter,000000329447,Cubism__salvador-dali_cubist-composition-portrait-of-a-seated-person-holding-a-letter,0
sanet,000000329447__Early_Renaissance__pietro-perugino_st-jerome-who-attends-two-unfairly-hanged-1473,000000329447,Early_Renaissance__pietro-perugino_st-jerome-who-attends-two-unfairly-hanged-1473,0
sanet,000000329447__Expressionism__amedeo-modigliani_germaine-survage-with-earrings-1918,000000329447,Expressionism__amedeo-modigliani_germaine-survage-with-earrings-1918,0
sanet,000000329447__High_Renaissance__raphael_madonna-and-child-enthroned-with-saints-1505,000000329447,High_Renaissance__raphael_madonna-and-child-enthroned-with-saints-1505,0
sanet,000000329447__Impressionism__pierre-auguste-renoir_leaving-the-bath-1890,000000329447,Impressionism__pierre-auguste-renoir_leaving-the-bath-1890,1
sanet,000000329447__Mannerism_Late_Renaissance__tintoretto_st-mark-rescuing-a-saracen-from-shipwreck-1566,000000329447,Mannerism_Late_Renaissance__tintoretto_st-mark-rescuing-a-saracen-from-shipwreck-1566,1
sanet,000000329447__Minimalism__mario-schifano_untitled-1963,000000329447,Minimalism__mario-schifano_untitled-1963,0
sanet,000000329447__Naive_Art_Primitivism__marc-chagall_the-young-samuel-the-priest-s-servant-heard-that-he-is-called-by-god-eli-and-he-were-sleeping,000000329447,Naive_Art_Primitivism__marc-chagall_the-young-samuel-the-priest-s-servant-heard-that-he-is-called-by-god-eli-and-he-were-sleeping,1
sanet,000000329447__Northern_Renaissance__albrecht-durer_lamentation-over-christ-1507,000000329447,Northern_Renaissance__albrecht-durer_lamentation-over-christ-1507,1
sanet,000000329447__Pop_Art__peter-max_composition-red-green-1979,000000329447,Pop_Art__peter-max_composition-red-green-1979,0
sanet,000000329447__Post_Impressionism__vincent-van-gogh_restaurant-de-la-sirene-at-asnieres-1887,000000329447,Post_Impressionism__vincent-van-gogh_restaurant-de-la-sirene-at-asnieres-1887,0
sanet,000000329447__Realism__vincent-van-gogh_cottage-with-peasant-coming-home-1885(1),000000329447,Realism__vincent-van-gogh_cottage-with-peasant-coming-home-1885(1),1
sanet,000000329447__Rococo__dmitry-levitzky_portrait-of-baron-a-n-stroganoff,000000329447,Rococo__dmitry-levitzky_portrait-of-baron-a-n-stroganoff,0
sanet,000000329447__Romanticism__gustave-dore_paradise-lost-4,000000329447,Romanticism__gustave-dore_paradise-lost-4,1
sanet,000000329447__Symbolism__nicholas-roerich_language-of-forest-1922,000000329447,Symbolism__nicholas-roerich_language-of-forest-1922,0
sanet,000000329447__Ukiyo_e__kitagawa-utamaro_not_detected_233134,000000329447,Ukiyo_e__kitagawa-utamaro_not_detected_233134,0
sanet,000000338625__Abstract_Expressionism__paul-jenkins_not_detected_235703,000000338625,Abstract_Expressionism__paul-jenkins_not_detected_235703,0
sanet,000000338625__Art_Nouveau_Modern__nicholas-roerich_oze-1914,000000338625,Art_Nouveau_Modern__nicholas-roerich_oze-1914,0
sanet,000000338625__Baroque__rembrandt_portrait-of-nicolas-van-bambeeck-1641,000000338625,Baroque__rembrandt_portrait-of-nicolas-van-bambeeck-1641,0
sanet,000000338625__Color_Field_Painting__leon-berkowitz_dark-light-rose-gold-1978,000000338625,Color_Field_Painting__leon-berkowitz_dark-light-rose-gold-1978,1
sanet,000000338625__Cubism__salvador-dali_cubist-composition-portrait-of-a-seated-person-holding-a-letter,000000338625,Cubism__salvador-dali_cubist-composition-portrait-of-a-seated-person-holding-a-letter,0
sanet,000000338625__Early_Renaissance__pietro-perugino_st-jerome-who-attends-two-unfairly-hanged-1473,000000338625,Early_Renaissance__pietro-perugino_st-jerome-who-attends-two-unfairly-hanged-1473,0
sanet,000000338625__Expressionism__amedeo-modigliani_germaine-survage-with-earrings-1918,000000338625,Expressionism__amedeo-modigliani_germaine-survage-with-earrings-1918,1
sanet,000000338625__High_Renaissance__raphael_madonna-and-child-enthroned-with-saints-1505,000000338625,High_Renaissance__raphael_madonna-and-child-enthroned-with-saints-1505,0
sanet,000000338625__Impressionism__pierre-auguste-renoir_leaving-the-bath-1890,000000338625,Impressionism__pierre-auguste-renoir_leaving-the-bath-1890,1
sanet,000000338625__Mannerism_Late_Renaissance__tintoretto_st-mark-rescuing-a-saracen-from-shipwreck-1566,000000338625,Mannerism_Late_Renaissance__tintoretto_st-mark-rescuing-a-saracen-from-shipwreck-1566,0
sanet,000000338625__Minimalism__mario-schifano_untitled-1963,000000338625,Minimalism__mario-schifano_untitled-1963,0
sanet,000000338625__Naive_Art_Primitivism__marc-chagall_the-young-samuel-the-priest-s-servant-heard-that-he-is-called-by-god-eli-and-he-were-sleeping,000000338625,Naive_Art_Primitivism__marc-chagall_the-young-samuel-the-priest-s-servant-heard-that-he-is-called-by-god-eli-and-he-were-sleeping,1
sanet,000000338625__Northern_Renaissance__albrecht-durer_lamentation-over-christ-1507,000000338625,Northern_Renaissance__albrecht-durer_lamentation-over-christ-1507,0
sanet,000000338625__Pop_Art__peter-max_composition-red-green-1979,000000338625,Pop_Art__peter-max_composition-red-green-1979,0
sanet,000000338625__Post_Impressionism__vincent-van-gogh_restaurant-de-la-sirene-at-asnieres-1887,000000338625,Post_Impressionism__vincent-van-gogh_restaurant-de-la-sirene-at-asnieres-1887,1
sanet,000000338625__Realism__vincent-van-gogh_cottage-with-peasant-coming-home-1885(1),000000338625,Realism__vincent-van-gogh_cottage-with-peasant-coming-home-1885(1),0
sanet,000000338625__Rococo__dmitry-levitzky_portrait-of-baron-a-n-stroganoff,000000338625,Rococo__dmitry-levitzky_portrait-of-baron-a-n-stroganoff,0
sanet,000000338625__Romanticism__gustave-dore_paradise-lost-4,000000338625,Romanticism__gustave-dore_paradise-lost-4,0
sanet,000000338625__Symbolism__nicholas-roerich_language-of-forest-1922,000000338625,Symbolism__nicholas-roerich_language-of-forest-1922,0
sanet,000000338625__Ukiyo_e__kitagawa-utamaro_not_detected_233134,000000338625,Ukiyo_e__kitagawa-utamaro_not_detected_233134,0
sanet,000000356968__Abstract_Expressionism__paul-jenkins_not_detected_235703,000000356968,Abstract_Expressionism__paul-jenkins_not_detected_235703,0
sanet,000000356968__Art_Nouveau_Modern__nicholas-roerich_oze-1914,000000356968,Art_Nouveau_Modern__nicholas-roerich_oze-1914,0
sanet,000000356968__Baroque__rembrandt_portrait-of-nicolas-van-bambeeck-1641,000000356968,Baroque__rembrandt_portrait-of-nicolas-van-bambeeck-1641,0
sanet,000000356968__Color_Field_Painting__leon-berkowitz_dark-light-rose-gold-1978,000000356968,Color_Field_Painting__leon-berkowitz_dark-light-rose-gold-1978,0
sanet,000000356968__Cubism__salvador-dali_cubist-composition-portrait-of-a-seated-person-holding-a-letter,000000356968,Cubism__salvador-dali_cubist-composition-portrait-of-a-seated-person-holding-a-letter,0
sanet,000000356968__Early_Renaissance__pietro-perugino_st-jerome-who-attends-two-unfairly-hanged-1473,000000356968,Early_Renaissance__pietro-perugino_st-jerome-who-attends-two-unfairly-hanged-1473,0
sanet,000000356968__Expressionism__amedeo-modigliani_germaine-survage-with-earrings-1918,000000356968,Expressionism__amedeo-modigliani_germaine-survage-with-earrings-1918,0
sanet,000000356968__High_Renaissance__raphael_madonna-and-child-enthroned-with-saints-1505,000000356968,High_Renaissance__raphael_madonna-and-child-enthroned-with-saints-1505,0
sanet,000000356968__Impressionism__pierre-auguste-renoir_leaving-the-bath-1890,000000356968,Impressionism__pierre-auguste-renoir_leaving-the-bath-1890,1
sanet,000000356968__Mannerism_Late_Renaissance__tintoretto_st-mark-rescuing-a-saracen-from-shipwreck-1566,000000356968,Mannerism_Late_Renaissance__tintoretto_st-mark-rescuing-a-saracen-from-shipwreck-1566,1
sanet,000000356968__Minimalism__mario-schifano_untitled-1963,000000356968,Minimalism__mario-schifano_untitled-1963,0
sanet,000000356968__Naive_Art_Primitivism__marc-chagall_the-young-samuel-the-priest-s-servant-heard-that-he-is-called-by-god-eli-and-he-were-sleeping,000000356968,Naive_Art_Primitivism__marc-chagall_the-young-samuel-the-priest-s-servant-heard-that-he-is-called-by-god-eli-and-he-were-sleeping,0
sanet,000000356968__Northern_Renaissance__albrecht-durer_lamentation-over-christ-1507,000000356968,Northern_Renaissance__albrecht-durer_lamentation-over-christ-1507,0
sanet,000000356968__Pop_Art__peter-max_composition-red-green-1979,000000356968,Pop_Art__peter-max_composition-red-green-1979,0
sanet,000000356968__Post_Impressionism__vincent-van-gogh_restaurant-de-la-sirene-at-asnieres-1887,000000356968,Post_Impressionism__vincent-van-gogh_restaurant-de-la-sirene-at-asnieres-1887,0
sanet,000000356968__Realism__vincent-van-gogh_cottage-with-peasant-coming-home-1885(1),000000356968,Realism__vincent-van-gogh_cottage-with-peasant-coming-home-1885(1),1
sanet,000000356968__Rococo__dmitry-levitzky_portrait-of-baron-a-n-stroganoff,000000356968,Rococo__dmitry-levitzky_portrait-of-baron-a-n-stroganoff,0
sanet,000000356968__Romanticism__gustave-dore_paradise-lost-4,000000356968,Romanticism__gustave-dore_paradise-lost-4,1
sanet,000000356968__Symbolism__nicholas-roerich_language-of-forest-1922,000000356968,Symbolism__nicholas-roerich_language-of-forest-1922,0
sanet,000000356968__Ukiyo_e__kitagawa-utamaro_not_detected_233134,000000356968,Ukiyo_e__kitagawa-utamaro_not_detected_233134,0
sanet,000000376264__Abstract_Expressionism__paul-jenkins_not_detected_235703,000000376264,Abstract_Expressionism__paul-jenkins_not_detected_235703,0
sanet,000000376264__Art_Nouveau_Modern__nicholas-roerich_oze-1914,000000376264,Art_Nouveau_Modern__nicholas-roerich_oze-1914,0
sanet,000000376264__Baroque__rembrandt_portrait-of-nicolas-van-bambeeck-1641,000000376264,Baroque__rembrandt_portrait-of-nicolas-van-bambeeck-1641,0
sanet,000000376264__Color_Field_Painting__leon-berkowitz_dark-light-rose-gold-1978,000000376264,Color_Field_Painting__leon-berkowitz_dark-light-rose-gold-1978,1
sanet,000000376264__Cubism__salvador-dali_cubist-composition-portrait-of-a-seated-person-holding-a-letter,000000376264,Cubism__salvador-dali_cubist-composition-portrait-of-a-seated-person-holding-a-letter,1
sanet,000000376264__Early_Renaissance__pietro-perugino_st-jerome-who-attends-two-unfairly-hanged-1473,000000376264,Early_Renaissance__pietro-perugino_st-jerome-who-attends-two-unfairly-hanged-1473,0
sanet,000000376264__Expressionism__amedeo-modigliani_germaine-survage-with-earrings-1918,000000376264,Expressionism__amedeo-modigliani_germaine-survage-with-earrings-1918,0
sanet,000000376264__High_Renaissance__raphael_madonna-and-child-enthroned-with-saints-1505,000000376264,High_Renaissance__raphael_madonna-and-child-enthroned-with-saints-1505,0
sanet,000000376264__Impressionism__pierre-auguste-renoir_leaving-the-bath-1890,000000376264,Impressionism__pierre-auguste-renoir_leaving-the-bath-1890,0
sanet,000000376264__Mannerism_Late_Renaissance__tintoretto_st-mark-rescuing-a-saracen-from-shipwreck-1566,000000376264,Mannerism_Late_Renaissance__tintoretto_st-mark-rescuing-a-saracen-from-shipwreck-1566,1
sanet,000000376264__Minimalism__mario-schifano_untitled-1963,000000376264,Minimalism__mario-schifano_untitled-1963,0
sanet,000000376264__Naive_Art_Primitivism__marc-chagall_the-young-samuel-the-priest-s-servant-heard-that-he-is-called-by-god-eli-and-he-were-sleeping,000000376264,Naive_Art_Primitivism__marc-chagall_the-young-samuel-the-priest-s-servant-heard-that-he-is-called-by-god-eli-and-he-were-sleeping,1
sanet,000000376264__Northern_Renaissance__albrecht-durer_lamentation-over-christ-1507,000000376264,Northern_Renaissance__albrecht-durer_lamentation-over-christ-1507,1
sanet,000000376264__Pop_Art__peter-max_composition-red-green-1979,000000376264,Pop_Art__peter-max_composition-red-green-1979,0
sanet,000000376264__Post_Impressionism__vincent-van-gogh_restaurant-de-la-sirene-at-asnieres-1887,000000376264,Post_Impressionism__vincent-van-gogh_restaurant-de-la-sirene-at-asnieres-1887,0
sanet,000000376264__Realism__vincent-van-gogh_cottage-with-peasant-coming-home-1885(1),000000376264,Realism__vincent-van-gogh_cottage-with-peasant-coming-home-1885(1),0
sanet,000000376264__Rococo__dmitry-levitzky_portrait-of-baron-a-n-stroganoff,000000376264,Rococo__dmitry-levitzky_portrait-of-baron-a-n-stroganoff,0
sanet,000000376264__Romanticism__gustave-dore_paradise-lost-4,000000376264,Romanticism__gustave-dore_paradise-lost-4,0
sanet,000000376264__Symbolism__nicholas-roerich_language-of-forest-1922,000000376264,Symbolism__nicholas-roerich_language-of-forest-1922,0
sanet,000000376264__Ukiyo_e__kitagawa-utamaro_not_detected_233134,000000376264,Ukiyo_e__kitagawa-utamaro_not_detected_233134,0
sanet,000000398905__Abstract_Expressionism__paul-jenkins_not_detected_235703,000000398905,Abstract_Expressionism__paul-jenkins_not_detected_235703,0
sanet,000000398905__Art_Nouveau_Modern__nicholas-roerich_oze-1914,000000398905,Art_Nouveau_Modern__nicholas-roerich_oze-1914,1
sanet,000000398905__Baroque__rembrandt_portrait-of-nicolas-van-bambeeck-1641,000000398905,Baroque__rembrandt_portrait-of-nicolas-van-bambeeck-1641,0
sanet,000000398905__Color_Field_Painting__leon-berkowitz_dark-light-rose-gold-1978,000000398905,Color_Field_Painting__leon-berkowitz_dark-light-rose-gold-1978,1
sanet,000000398905__Cubism__salvador-dali_cubist-composition-portrait-of-a-seated-person-holding-a-letter,000000398905,Cubism__salvador-dali_cubist-composition-portrait-of-a-seated-person-holding-a-letter,0
sanet,000000398905__Early_Renaissance__pietro-perugino_st-jerome-who-attends-two-unfairly-hanged-1473,000000398905,Early_Renaissance__pietro-perugino_st-jerome-who-attends-two-unfairly-hanged-1473,1
sanet,000000398905__Expressionism__amedeo-modigliani_germaine-survage-with-earrings-1918,000000398905,Expressionism__amedeo-modigliani_germaine-survage-with-earrings-1918,1
sanet,000000398905__High_Renaissance__raphael_madonna-and-child-enthroned-with-saints-1505,000000398905,High_Renaissance__raphael_madonna-and-child-enthroned-with-saints-1505,0
sanet,000000398905__Impressionism__pierre-auguste-renoir_leaving-the-bath-1890,000000398905,Impressionism__pierre-auguste-renoir_leaving-the-bath-1890,1
sanet,000000398905__Mannerism_Late_Renaissance__tintoretto_st-mark-rescuing-a-saracen-from-shipwreck-1566,000000398905,Mannerism_Late_Renaissance__tintoretto_st-mark-rescuing-a-saracen-from-shipwreck-1566,1
sanet,000000398905__Minimalism__mario-schifano_untitled-1963,000000398905,Minimalism__mario-schifano_untitled-1963,0
sanet,000000398905__Naive_Art_Primitivism__marc-chagall_the-young-samuel-the-priest-s-servant-heard-that-he-is-called-by-god-eli-and-he-were-sleeping,000000398905,Naive_Art_Primitivism__marc-chagall_the-young-samuel-the-priest-s-servant-heard-that-he-is-called-by-god-eli-and-he-were-sleeping,0
sanet,000000398905__Northern_Renaissance__albrecht-durer_lamentation-over-christ-1507,000000398905,Northern_Renaissance__albrecht-durer_lamentation-over-christ-1507,0
sanet,000000398905__Pop_Art__peter-max_composition-red-green-1979,000000398905,Pop_Art__peter-max_composition-red-green-1979,0
sanet,000000398905__Post_Impressionism__vincent-van-gogh_restaurant-de-la-sirene-at-asnieres-1887,000000398905,Post_Impressionism__vincent-van-gogh_restaurant-de-la-sirene-at-asnieres-1887,0
sanet,000000398905__Realism__vincent-van-gogh_cottage-with-peasant-coming-home-1885(1),000000398905,Realism__vincent-van-gogh_cottage-with-peasant-coming-home-1885(1),0
sanet,000000398905__Rococo__dmitry-levitzky_portrait-of-baron-a-n-stroganoff,000000398905,Rococo__dmitry-levitzky_portrait-of-baron-a-n-stroganoff,0
sanet,000000398905__Romanticism__gustave-dore_paradise-lost-4,000000398905,Romanticism__gustave-dore_paradise-lost-4,0
sanet,000000398905__Symbolism__nicholas-roerich_language-of-forest-1922,000000398905,Symbolism__nicholas-roerich_language-of-forest-1922,0
sanet,000000398905__Ukiyo_e__kitagawa-utamaro_not_detected_233134,000000398905,Ukiyo_e__kitagawa-utamaro_not_detected_233134,0
sanet,000000417911__Abstract_Expressionism__paul-jenkins_not_detected_235703,000000417911,Abstract_Expressionism__paul-jenkins_not_detected_235703,1
sanet,000000417911__Art_Nouveau_Modern__nicholas-roerich_oze-1914,000000417911,Art_Nouveau_Modern__nicholas-roerich_oze-1914,0
sanet,000000417911__Baroque__rembrandt_portrait-of-nicolas-van-bambeeck-1641,000000417911,Baroque__rembrandt_portrait-of-nicolas-van-bambeeck-1641,0
sanet,000000417911__Color_Field_Painting__leon-berkowitz_dark-light-rose-gold-1978,000000417911,Color_Field_Painting__leon-berkowitz_dark-light-rose-gold-1978,1
sanet,000000417911__Cubism__salvador-dali_cubist-composition-portrait-of-a-seated-person-holding-a-letter,000000417911,Cubism__salvador-dali_cubist-composition-portrait-of-a-seated-person-holding-a-letter,0
sanet,000000417911__Early_Renaissance__pietro-perugino_st-jerome-who-attends-two-unfairly-hanged-1473,000000417911,Early_Renaissance__pietro-perugino_st-jerome-who-attends-two-unfairly-hanged-1473,0
sanet,000000417911__Expressionism__amedeo-modigliani_germaine-survage-with-earrings-1918,000000417911,Expressionism__amedeo-modigliani_germaine-survage-with-earrings-1918,0
sanet,000000417911__High_Renaissance__raphael_madonna-and-child-enthroned-with-saints-1505,000000417911,High_Renaissance__raphael_madonna-and-child-enthroned-with-saints-1505,0
sanet,000000417911__Impressionism__pierre-auguste-renoir_leaving-the-bath-1890,000000417911,Impressionism__pierre-auguste-renoir_leaving-the-bath-1890,1
sanet,000000417911__Mannerism_Late_Renaissance__tintoretto_st-mark-rescuing-a-saracen-from-shipwreck-1566,000000417911,Mannerism_Late_Renaissance__tintoretto_st-mark-rescuing-a-saracen-from-shipwreck-1566,1
sanet,000000417911__Minimalism__mario-schifano_untitled-1963,000000417911,Minimalism__mario-schifano_untitled-1963,0
sanet,000000417911__Naive_Art_Primitivism__marc-chagall_the-young-samuel-the-priest-s-servant-heard-that-he-is-called-by-god-eli-and-he-were-sleeping,000000417911,Naive_Art_Primitivism__marc-chagall_the-young-samuel-the-priest-s-servant-heard-that-he-is-called-by-god-eli-and-he-were-sleeping,1
sanet,000000417911__Northern_Renaissance__albrecht-durer_lamentation-over-christ-1507,000000417911,Northern_Renaissance__albrecht-durer_lamentation-over-christ-1507,1
sanet,000000417911__Pop_Art__peter-max_composition-red-green-1979,000000417911,Pop_Art__peter-max_composition-red-green-1979,0
sanet,000000417911__Post_Impressionism__vincent-van-gogh_restaurant-de-la-sirene-at-asnieres-1887,000000417911,Post_Impressionism__vincent-van-gogh_restaurant-de-la-sirene-at-asnieres-1887,1
sanet,000000417911__Realism__vincent-van-gogh_cottage-with-peasant-coming-home-1885(1),000000417911,Realism__vincent-van-gogh_cottage-with-peasant-coming-home-1885(1),0
sanet,000000417911__Rococo__dmitry-levitzky_portrait-of-baron-a-n-stroganoff,000000417911,Rococo__dmitry-levitzky_portrait-of-baron-a-n-stroganoff,0
sanet,000000417911__Romanticism__gustave-dore_paradise-lost-4,000000417911,Romanticism__gustave-dore_paradise-lost-4,1
sanet,000000417911__Symbolism__nicholas-roerich_language-of-forest-1922,000000417911,Symbolism__nicholas-roerich_language-of-forest-1922,0
sanet,000000417911__Ukiyo_e__kitagawa-utamaro_not_detected_233134,000000417911,Ukiyo_e__kitagawa-utamaro_not_detected_233134,0
sanet,000000427034__Abstract_Expressionism__paul-jenkins_not_detected_235703,000000427034,Abstract_Expressionism__paul-jenkins_not_detected_235703,0
sanet,000000427034__Art_Nouveau_Modern__nicholas-roerich_oze-1914,000000427034,Art_Nouveau_Modern__nicholas-roerich_oze-1914,1
sanet,000000427034__Baroque__rembrandt_portrait-of-nicolas-van-bambeeck-1641,000000427034,Baroque__rembrandt_portrait-of-nicolas-van-bambeeck-1641,1
sanet,000000427034__Color_Field_Painting__leon-berkowitz_dark-light-rose-gold-1978,000000427034,Color_Field_Painting__leon-berkowitz_dark-light-rose-gold-1978,1
sanet,000000427034__Cubism__salvador-dali_cubist-composition-portrait-of-a-seated-person-holding-a-letter,000000427034,Cubism__salvador-dali_cubist-composition-portrait-of-a-seated-person-holding-a-letter,0
sanet,000000427034__Early_Renaissance__pietro-perugino_st-jerome-who-attends-two-unfairly-hanged-1473,000000427034,Early_Renaissance__pietro-perugino_st-jerome-who-attends-two-unfairly-hanged-1473,0
sanet,000000427034__Expressionism__amedeo-modigliani_germaine-survage-with-earrings-1918,000000427034,Expressionism__amedeo-modigliani_germaine-survage-with-earrings-1918,1
sanet,000000427034__High_Renaissance__raphael_madonna-and-child-enthroned-with-saints-1505,000000427034,High_Renaissance__raphael_madonna-and-child-enthroned-with-saints-1505,0
sanet,000000427034__Impressionism__pierre-auguste-renoir_leaving-the-bath-1890,000000427034,Impressionism__pierre-auguste-renoir_leaving-the-bath-1890,1
sanet,000000427034__Mannerism_Late_Renaissance__tintoretto_st-mark-rescuing-a-saracen-from-shipwreck-1566,000000427034,Mannerism_Late_Renaissance__tintoretto_st-mark-rescuing-a-saracen-from-shipwreck-1566,1
sanet,000000427034__Minimalism__mario-schifano_untitled-1963,000000427034,Minimalism__mario-schifano_untitled-1963,0
sanet,000000427034__Naive_Art_Primitivism__marc-chagall_the-young-samuel-the-priest-s-servant-heard-that-he-is-called-by-god-eli-and-he-were-sleeping,000000427034,Naive_Art_Primitivism__marc-chagall_the-young-samuel-the-priest-s-servant-heard-that-he-is-called-by-god-eli-and-he-were-sleeping,0
sanet,000000427034__Northern_Renaissance__albrecht-durer_lamentation-over-christ-1507,000000427034,Northern_Renaissance__albrecht-durer_lamentation-over-christ-1507,0
sanet,000000427034__Pop_Art__peter-max_composition-red-green-1979,000000427034,Pop_Art__peter-max_composition-red-green-1979,1
sanet,000000427034__Post_Impressionism__vincent-van-gogh_restaurant-de-la-sirene-at-asnieres-1887,000000427034,Post_Impressionism__vincent-van-gogh_restaurant-de-la-sirene-at-asnieres-1887,0
sanet,000000427034__Realism__vincent-van-gogh_cottage-with-peasant-coming-home-1885(1),000000427034,Realism__vincent-van-gogh_cottage-with-peasant-coming-home-1885(1),0
sanet,000000427034__Rococo__dmitry-levitzky_portrait-of-baron-a-n-stroganoff,000000427034,Rococo__dmitry-levitzky_portrait-of-baron-a-n-stroganoff,0
sanet,000000427034__Romanticism__gustave-dore_paradise-lost-4,000000427034,Romanticism__gustave-dore_paradise-lost-4,0
sanet,000000427034__Symbolism__nicholas-roerich_language-of-forest-1922,000000427034,Symbolism__nicholas-roerich_language-of-forest-1922,0
sanet,000000427034__Ukiyo_e__kitagawa-utamaro_not_detected_233134,000000427034,Ukiyo_e__kitagawa-utamaro_not_detected_233134,0
sanet,000000435003__Abstract_Expressionism__paul-jenkins_not_detected_235703,000000435003,Abstract_Expressionism__paul-jenkins_not_detected_235703,0
sanet,000000435003__Art_Nouveau_Modern__nicholas-roerich_oze-1914,000000435003,Art_Nouveau_Modern__nicholas-roerich_oze-1914,0
sanet,000000435003__Baroque__rembrandt_portrait-of-nicolas-van-bambeeck-1641,000000435003,Baroque__rembrandt_portrait-of-nicolas-van-bambeeck-1641,0
sanet,000000435003__Color_Field_Painting__leon-berkowitz_dark-light-rose-gold-1978,000000435003,Color_Field_Painting__leon-berkowitz_dark-light-rose-gold-1978,1
sanet,000000435003__Cubism__salvador-dali_cubist-composition-portrait-of-a-seated-person-holding-a-letter,000000435003,Cubism__salvador-dali_cubist-composition-portrait-of-a-seated-person-holding-a-letter,1
sanet,000000435003__Early_Renaissance__pietro-perugino_st-jerome-who-attends-two-unfairly-hanged-1473,000000435003,Early_Renaissance__pietro-perugino_st-jerome-who-attends-two-unfairly-hanged-1473,0
sanet,000000435003__Expressionism__amedeo-modigliani_germaine-survage-with-earrings-1918,000000435003,Expressionism__amedeo-modigliani_germaine-survage-with-earrings-1918,1
sanet,000000435003__High_Renaissance__raphael_madonna-and-child-enthroned-with-saints-1505,000000435003,High_Renaissance__raphael_madonna-and-child-enthroned-with-saints-1505,0
sanet,000000435003__Impressionism__pierre-auguste-renoir_leaving-the-bath-1890,000000435003,Impressionism__pierre-auguste-renoir_leaving-the-bath-1890,0
sanet,000000435003__Mannerism_Late_Renaissance__tintoretto_st-mark-rescuing-a-saracen-from-shipwreck-1566,000000435003,Mannerism_Late_Renaissance__tintoretto_st-mark-rescuing-a-saracen-from-shipwreck-1566,1
sanet,000000435003__Minimalism__mario-schifano_untitled-1963,000000435003,Minimalism__mario-schifano_untitled-1963,1
sanet,000000435003__Naive_Art_Primitivism__marc-chagall_the-young-samuel-the-priest-s-servant-heard-that-he-is-called-by-god-eli-and-he-were-sleeping,000000435003,Naive_Art_Primitivism__marc-chagall_the-young-samuel-the-priest-s-servant-heard-that-he-is-called-by-god-eli-and-he-were-sleeping,1
sanet,000000435003__Northern_Renaissance__albrecht-durer_lamentation-over-christ-1507,000000435003,Northern_Renaissance__albrecht-durer_lamentation-over-christ-1507,1
sanet,000000435003__Pop_Art__peter-max_composition-red-green-1979,000000435003,Pop_Art__peter-max_composition-red-green-1979,0
sanet,000000435003__Post_Impressionism__vincent-van-gogh_restaurant-de-la-sirene-at-asnieres-1887,000000435003,Post_Impressionism__vincent-van-gogh_restaurant-de-la-sirene-at-asnieres-1887,1
sanet,000000435003__Realism__vincent-van-gogh_cottage-with-peasant-coming-home-1885(1),000000435003,Realism__vincent-van-gogh_cottage-with-peasant-coming-home-1885(1),0
sanet,000000435003__Rococo__dmitry-levitzky_portrait-of-baron-a-n-stroganoff,000000435003,Rococo__dmitry-levitzky_portrait-of-baron-a-n-stroganoff,0
sanet,000000435003__Romanticism__gustave-dore_paradise-lost-4,000000435003,Romanticism__gustave-dore_paradise-lost-4,0
sanet,000000435003__Symbolism__nicholas-roerich_language-of-forest-1922,000000435003,Symbolism__nicholas-roerich_language-of-forest-1922,0
sanet,000000435003__Ukiyo_e__kitagawa-utamaro_not_detected_233134,000000435003,Ukiyo_e__kitagawa-utamaro_not_detected_233134,0
sanet,000000464251__Abstract_Expressionism__paul-jenkins_not_detected_235703,000000464251,Abstract_Expressionism__paul-jenkins_not_detected_235703,0
sanet,000000464251__Art_Nouveau_Modern__nicholas-roerich_oze-1914,000000464251,Art_Nouveau_Modern__nicholas-roerich_oze-1914,0
sanet,000000464251__Baroque__rembrandt_portrait-of-nicolas-van-bambeeck-1641,000000464251,Baroque__rembrandt_portrait-of-nicolas-van-bambeeck-1641,0
sanet,000000464251__Color_Field_Painting__leon-berkowitz_dark-light-rose-gold-1978,000000464251,Color_Field_Painting__leon-berkowitz_dark-light-rose-gold-1978,1
sanet,000000464251__Cubism__salvador-dali_cubist-composition-portrait-of-a-seated-person-holding-a-letter,000000464251,Cubism__salvador-dali_cubist-composition-portrait-of-a-seated-person-holding-a-letter,0
sanet,000000464251__Early_Renaissance__pietro-perugino_st-jerome-who-attends-two-unfairly-hanged-1473,000000464251,Early_Renaissance__pietro-perugino_st-jerome-who-attends-two-unfairly-hanged-1473,0
sanet,000000464251__Expressionism__amedeo-modigliani_germaine-survage-with-earrings-1918,000000464251,Expressionism__amedeo-modigliani_germaine-survage-with-earrings-1918,0
sanet,000000464251__High_Renaissance__raphael_madonna-and-child-enthroned-with-saints-1505,000000464251,High_Renaissance__raphael_madonna-and-child-enthroned-with-saints-1505,0
sanet,000000464251__Impressionism__pierre-auguste-renoir_leaving-the-bath-1890,000000464251,Impressionism__pierre-auguste-renoir_leaving-the-bath-1890,1
sanet,000000464251__Mannerism_Late_Renaissance__tintoretto_st-mark-rescuing-a-saracen-from-shipwreck-1566,000000464251,Mannerism_Late_Renaissance__tintoretto_st-mark-rescuing-a-saracen-from-shipwreck-1566,1
sanet,000000464251__Minimalism__mario-schifano_untitled-1963,000000464251,Minimalism__mario-schifano_untitled-1963,0
sanet,000000464251__Naive_Art_Primitivism__marc-chagall_the-young-samuel-the-priest-s-servant-heard-that-he-is-called-by-god-eli-and-he-were-sleeping,000000464251,Naive_Art_Primitivism__marc-chagall_the-young-samuel-the-priest-s-servant-heard-that-he-is-called-by-god-eli-and-he-were-sleeping,0
sanet,000000464251__Northern_Renaissance__albrecht-durer_lamentation-over-christ-1507,000000464251,Northern_Renaissance__albrecht-durer_lamentation-over-christ-1507,0
sanet,000000464251__Pop_Art__peter-max_composition-red-green-1979,000000464251,Pop_Art__peter-max_composition-red-green-1979,0
sanet,000000464251__Post_Impressionism__vincent-van-gogh_restaurant-de-la-sirene-at-asnieres-1887,000000464251,Post_Impressionism__vincent-van-gogh_restaurant-de-la-sirene-at-asnieres-1887,0
sanet,000000464251__Realism__vincent-van-gogh_cottage-with-peasant-coming-home-1885(1),000000464251,Realism__vincent-van-gogh_cottage-with-peasant-coming-home-1885(1),0
sanet,000000464251__Rococo__dmitry-levitzky_portrait-of-baron-a-n-stroganoff,000000464251,Rococo__dmitry-levitzky_portrait-of-baron-a-n-stroganoff,0
sanet,000000464251__Romanticism__gustave-dore_paradise-lost-4,000000464251,Romanticism__gustave-dore_paradise-lost-4,0
sanet,000000464251__Symbolism__nicholas-roerich_language-of-forest-1922,000000464251,Symbolism__nicholas-roerich_language-of-forest-1922,0
sanet,000000464251__Ukiyo_e__kitagawa-utamaro_not_detected_233134,000000464251,Ukiyo_e__kitagawa-utamaro_not_detected_233134,0
sanet,000000464786__Abstract_Expressionism__paul-jenkins_not_detected_235703,000000464786,Abstract_Expressionism__paul-jenkins_not_detected_235703,1
sanet,000000464786__Art_Nouveau_Modern__nicholas-roerich_oze-1914,000000464786,Art_Nouveau_Modern__nicholas-roerich_oze-1914,0
sanet,000000464786__Baroque__rembrandt_portrait-of-nicolas-van-bambeeck-1641,000000464786,Baroque__rembrandt_portrait-of-nicolas-van-bambeeck-1641,0
sanet,000000464786__Color_Field_Painting__leon-berkowitz_dark-light-rose-gold-1978,000000464786,Color_Field_Painting__leon-berkowitz_dark-light-rose-gold-1978,1
sanet,000000464786__Cubism__salvador-dali_cubist-composition-portrait-of-a-seated-person-holding-a-letter,000000464786,Cubism__salvador-dali_cubist-composition-portrait-of-a-seated-person-holding-a-letter,0
sanet,000000464786__Early_Renaissance__pietro-perugino_st-jerome-who-attends-two-unfairly-hanged-1473,000000464786,Early_Renaissance__pietro-perugino_st-jerome-who-attends-two-unfairly-hanged-1473,0
sanet,000000464786__Expressionism__amedeo-modigliani_germaine-survage-with-earrings-1918,000000464786,Expressionism__amedeo-modigliani_germaine-survage-with-earrings-1918,0
sanet,000000464786__High_Renaissance__raphael_madonna-and-child-enthroned-with-saints-1505,000000464786,High_Renaissance__raphael_madonna-and-child-enthroned-with-saints-1505,0
sanet,000000464786__Impressionism__pierre-auguste-renoir_leaving-the-bath-1890,000000464786,Impressionism__pierre-auguste-renoir_leaving-the-bath-1890,1
sanet,000000464786__Mannerism_Late_Renaissance__tintoretto_st-mark-rescuing-a-saracen-from-shipwreck-1566,000000464786,Mannerism_Late_Renaissance__tintoretto_st-mark-rescuing-a-saracen-from-shipwreck-1566,1
sanet,000000464786__Minimalism__mario-schifano_untitled-1963,000000464786,Minimalism__mario-schifano_untitled-1963,0
sanet,000000464786__Naive_Art_Primitivism__marc-chagall_the-young-samuel-the-priest-s-servant-heard-that-he-is-called-by-god-eli-and-he-were-sleeping,000000464786,Naive_Art_Primitivism__marc-chagall_the-young-samuel-the-priest-s-servant-heard-that-he-is-called-by-god-eli-and-he-were-sleeping,0
sanet,000000464786__Northern_Renaissance__albrecht-durer_lamentation-over-christ-1507,000000464786,Northern_Renaissance__albrecht-durer_lamentation-over-christ-1507,1
sanet,000000464786__Pop_Art__peter-max_composition-red-green-1979,000000464786,Pop_Art__peter-max_composition-red-green-1979,0
sanet,000000464786__Post_Impressionism__vincent-van-gogh_restaurant-de-la-sirene-at-asnieres-1887,000000464786,Post_Impressionism__vincent-van-gogh_restaurant-de-la-sirene-at-asnieres-1887,1
sanet,000000464786__Realism__vincent-van-gogh_cottage-with-peasant-coming-home-1885(1),000000464786,Realism__vincent-van-gogh_cottage-with-peasant-coming-home-1885(1),0
sanet,000000464786__Rococo__dmitry-levitzky_portrait-of-baron-a-n-stroganoff,000000464786,Rococo__dmitry-levitzky_portrait-of-baron-a-n-stroganoff,0
sanet,000000464786__Romanticism__gustave-dore_paradise-lost-4,000000464786,Romanticism__gustave-dore_paradise-lost-4,0
sanet,000000464786__Symbolism__nicholas-roerich_language-of-forest-1922,000000464786,Symbolism__nicholas-roerich_language-of-forest-1922,0
sanet,000000464786__Ukiyo_e__kitagawa-utamaro_not_detected_233134,000000464786,Ukiyo_e__kitagawa-utamaro_not_detected_233134,0
sanet,000000475387__Abstract_Expressionism__paul-jenkins_not_detected_235703,000000475387,Abstract_Expressionism__paul-jenkins_not_detected_235703,0
sanet,000000475387__Art_Nouveau_Modern__nicholas-roerich_oze-1914,000000475387,Art_Nouveau_Modern__nicholas-roerich_oze-1914,0
sanet,000000475387__Baroque__rembrandt_portrait-of-nicolas-van-bambeeck-1641,000000475387,Baroque__rembrandt_portrait-of-nicolas-van-bambeeck-1641,0
sanet,000000475387__Color_Field_Painting__leon-berkowitz_dark-light-rose-gold-1978,000000475387,Color_Field_Painting__leon-berkowitz_dark-light-rose-gold-1978,1
sanet,000000475387__Cubism__salvador-dali_cubist-composition-portrait-of-a-seated-person-holding-a-letter,000000475387,Cubism__salvador-dali_cubist-composition-portrait-of-a-seated-person-holding-a-letter,1
sanet,000000475387__Early_Renaissance__pietro-perugino_st-jerome-who-attends-two-unfairly-hanged-1473,000000475387,Early_Renaissance__pietro-perugino_st-jerome-who-attends-two-unfairly-hanged-1473,0
sanet,000000475387__Expressionism__amedeo-modigliani_germaine-survage-with-earrings-1918,000000475387,Expressionism__amedeo-modigliani_germaine-survage-with-earrings-1918,1
sanet,000000475387__High_Renaissance__raphael_madonna-and-child-enthroned-with-saints-1505,000000475387,High_Renaissance__raphael_madonna-and-child-enthroned-with-saints-1505,0
sanet,000000475387__Impressionism__pierre-auguste-renoir_leaving-the-bath-1890,000000475387,Impressionism__pierre-auguste-renoir_leaving-the-bath-1890,1
sanet,000000475387__Mannerism_Late_Renaissance__tintoretto_st-mark-rescuing-a-saracen-from-shipwreck-1566,000000475387,Mannerism_Late_Renaissance__tintoretto_st-mark-rescuing-a-saracen-from-shipwreck-1566,1
sanet,000000475387__Minimalism__mario-schifano_untitled-1963,000000475387,Minimalism__mario-schifano_untitled-1963,0
sanet,000000475387__Naive_Art_Primitivism__marc-chagall_the-young-samuel-the-priest-s-servant-heard-that-he-is-called-by-god-eli-and-he-were-sleeping,000000475387,Naive_Art_Primitivism__marc-chagall_the-young-samuel-the-priest-s-servant-heard-that-he-is-called-by-god-eli-and-he-were-sleeping,1
sanet,000000475387__Northern_Renaissance__albrecht-durer_lamentation-over-christ-1507,000000475387,Northern_Renaissance__albrecht-durer_lamentation-over-christ-1507,1
sanet,000000475387__Pop_Art__peter-max_composition-red-green-1979,000000475387,Pop_Art__peter-max_composition-red-green-1979,0
sanet,000000475387__Post_Impressionism__vincent-van-gogh_restaurant-de-la-sirene-at-asnieres-1887,000000475387,Post_Impressionism__vincent-van-gogh_restaurant-de-la-sirene-at-asnieres-1887,1
sanet,000000475387__Realism__vincent-van-gogh_cottage-with-peasant-coming-home-1885(1),000000475387,Realism__vincent-van-gogh_cottage-with-peasant-coming-home-1885(1),0
sanet,000000475387__Rococo__dmitry-levitzky_portrait-of-baron-a-n-stroganoff,000000475387,Rococo__dmitry-levitzky_portrait-of-baron-a-n-stroganoff,0
sanet,000000475387__Romanticism__gustave-dore_paradise-lost-4,000000475387,Romanticism__gustave-dore_paradise-lost-4,0
sanet,000000475387__Symbolism__nicholas-roerich_language-of-forest-1922,000000475387,Symbolism__nicholas-roerich_language-of-forest-1922,0
sanet,000000475387__Ukiyo_e__kitagawa-utamaro_not_detected_233134,000000475387,Ukiyo_e__kitagawa-utamaro_not_detected_233134,0
sanet,000000484029__Abstract_Expressionism__paul-jenkins_not_detected_235703,000000484029,Abstract_Expressionism__paul-jenkins_not_detected_235703,0
sanet,000000484029__Art_Nouveau_Modern__nicholas-roerich_oze-1914,000000484029,Art_Nouveau_Modern__nicholas-roerich_oze-1914,0
sanet,000000484029__Baroque__rembrandt_portrait-of-nicolas-van-bambeeck-1641,000000484029,Baroque__rembrandt_portrait-of-nicolas-van-bambeeck-1641,0
sanet,000000484029__Color_Field_Painting__leon-berkowitz_dark-light-rose-gold-1978,000000484029,Color_Field_Painting__leon-berkowitz_dark-light-rose-gold-1978,1
sanet,000000484029__Cubism__salvador-dali_cubist-composition-portrait-of-a-seated-person-holding-a-letter,000000484029,Cubism__salvador-dali_cubist-composition-portrait-of-a-seated-person-holding-a-letter,1
sanet,000000484029__Early_Renaissance__pietro-perugino_st-jerome-who-attends-two-unfairly-hanged-1473,000000484029,Early_Renaissance__pietro-perugino_st-jerome-who-attends-two-unfairly-hanged-1473,0
sanet,000000484029__Expressionism__amedeo-modigliani_germaine-survage-with-earrings-1918,000000484029,Expressionism__amedeo-modigliani_germaine-survage-with-earrings-1918,1
sanet,000000484029__High_Renaissance__raphael_madonna-and-child-enthroned-with-saints-1505,000000484029,High_Renaissance__raphael_madonna-and-child-enthroned-with-saints-1505,0
sanet,000000484029__Impressionism__pierre-auguste-renoir_leaving-the-bath-1890,000000484029,Impressionism__pierre-auguste-renoir_leaving-the-bath-1890,1
sanet,000000484029__Mannerism_Late_Renaissance__tintoretto_st-mark-rescuing-a-saracen-from-shipwreck-1566,000000484029,Mannerism_Late_Renaissance__tintoretto_st-mark-rescuing-a-saracen-from-shipwreck-1566,1
sanet,000000484029__Minimalism__mario-schifano_untitled-1963,000000484029,Minimalism__mario-schifano_untitled-1963,0
sanet,000000484029__Naive_Art_Primitivism__marc-chagall_the-young-samuel-the-priest-s-servant-heard-that-he-is-called-by-god-eli-and-he-were-sleeping,000000484029,Naive_Art_Primitivism__marc-chagall_the-young-samuel-the-priest-s-servant-heard-that-he-is-called-by-god-eli-and-he-were-sleeping,0
sanet,000000484029__Northern_Renaissance__albrecht-durer_lamentation-over-christ-1507,000000484029,Northern_Renaissance__albrecht-durer_lamentation-over-christ-1507,1
sanet,000000484029__Pop_Art__peter-max_composition-red-green-1979,000000484029,Pop_Art__peter-max_composition-red-green-1979,0
sanet,000000484029__Post_Impressionism__vincent-van-gogh_restaurant-de-la-sirene-at-asnieres-1887,000000484029,Post_Impressionism__vincent-van-gogh_restaurant-de-la-sirene-at-asnieres-1887,0
sanet,000000484029__Realism__vincent-van-gogh_cottage-with-peasant-coming-home-1885(1),000000484029,Realism__vincent-van-gogh_cottage-with-peasant-coming-home-1885(1),0
sanet,000000484029__Rococo__dmitry-levitzky_portrait-of-baron-a-n-stroganoff,000000484029,Rococo__dmitry-levitzky_portrait-of-baron-a-n-stroganoff,0
sanet,000000484029__Romanticism__gustave-dore_paradise-lost-4,000000484029,Romanticism__gustave-dore_paradise-lost-4,0
sanet,000000484029__Symbolism__nicholas-roerich_language-of-forest-1922,000000484029,Symbolism__nicholas-roerich_language-of-forest-1922,0
sanet,000000484029__Ukiyo_e__kitagawa-utamaro_not_detected_233134,000000484029,Ukiyo_e__kitagawa-utamaro_not_detected_233134,0
sanet,000000485844__Abstract_Expressionism__paul-jenkins_not_detected_235703,000000485844,Abstract_Expressionism__paul-jenkins_not_detected_235703,0
sanet,000000485844__Art_Nouveau_Modern__nicholas-roerich_oze-1914,000000485844,Art_Nouveau_Modern__nicholas-roerich_oze-1914,0
sanet,000000485844__Baroque__rembrandt_portrait-of-nicolas-van-bambeeck-1641,000000485844,Baroque__rembrandt_portrait-of-nicolas-van-bambeeck-1641,0
sanet,000000485844__Color_Field_Painting__leon-berkowitz_dark-light-rose-gold-1978,000000485844,Color_Field_Painting__leon-berkowitz_dark-light-rose-gold-1978,1
sanet,000000485844__Cubism__salvador-dali_cubist-composition-portrait-of-a-seated-person-holding-a-letter,000000485844,Cubism__salvador-dali_cubist-composition-portrait-of-a-seated-person-holding-a-letter,1
sanet,000000485844__Early_Renaissance__pietro-perugino_st-jerome-who-attends-two-unfairly-hanged-1473,000000485844,Early_Renaissance__pietro-perugino_st-jerome-who-attends-two-unfairly-hanged-1473,0
sanet,000000485844__Expressionism__amedeo-modigliani_germaine-survage-with-earrings-1918,000000485844,Expressionism__amedeo-modigliani_germaine-survage-with-earrings-1918,1
sanet,000000485844__High_Renaissance__raphael_madonna-and-child-enthroned-with-saints-1505,000000485844,High_Renaissance__raphael_madonna-and-child-enthroned-with-saints-1505,0
sanet,000000485844__Impressionism__pierre-auguste-renoir_leaving-the-bath-1890,000000485844,Impressionism__pierre-auguste-renoir_leaving-the-bath-1890,1
sanet,000000485844__Mannerism_Late_Renaissance__tintoretto_st-mark-rescuing-a-saracen-from-shipwreck-1566,000000485844,Mannerism_Late_Renaissance__tintoretto_st-mark-rescuing-a-saracen-from-shipwreck-1566,1
sanet,000000485844__Minimalism__mario-schifano_untitled-1963,000000485844,Minimalism__mario-schifano_untitled-1963,0
sanet,000000485844__Naive_Art_Primitivism__marc-chagall_the-young-samuel-the-priest-s-servant-heard-that-he-is-called-by-god-eli-and-he-were-sleeping,000000485844,Naive_Art_Primitivism__marc-chagall_the-young-samuel-the-priest-s-servant-heard-that-he-is-called-by-god-eli-and-he-were-sleeping,1
sanet,000000485844__Northern_Renaissance__albrecht-durer_lamentation-over-christ-1507,000000485844,Northern_Renaissance__albrecht-durer_lamentation-over-christ-1507,1
sanet,000000485844__Pop_Art__peter-max_composition-red-green-1979,000000485844,Pop_Art__peter-max_composition-red-green-1979,0
sanet,000000485844__Post_Impressionism__vincent-van-gogh_restaurant-de-la-sirene-at-asnieres-1887,000000485844,Post_Impressionism__vincent-van-gogh_restaurant-de-la-sirene-at-asnieres-1887,0
sanet,000000485844__Realism__vincent-van-gogh_cottage-with-peasant-coming-home-1885(1),000000485844,Realism__vincent-van-gogh_cottage-with-peasant-coming-home-1885(1),0
sanet,000000485844__Rococo__dmitry-levitzky_portrait-of-baron-a-n-stroganoff,000000485844,Rococo__dmitry-levitzky_portrait-of-baron-a-n-stroganoff,0
sanet,000000485844__Romanticism__gustave-dore_paradise-lost-4,000000485844,Romanticism__gustave-dore_paradise-lost-4,0
sanet,000000485844__Symbolism__nicholas-roerich_language-of-forest-1922,000000485844,Symbolism__nicholas-roerich_language-of-forest-1922,0
sanet,000000485844__Ukiyo_e__kitagawa-utamaro_not_detected_233134,000000485844,Ukiyo_e__kitagawa-utamaro_not_detected_233134,0
sanet,000000510329__Abstract_Expressionism__paul-jenkins_not_detected_235703,000000510329,Abstract_Expressionism__paul-jenkins_not_detected_235703,0
sanet,000000510329__Art_Nouveau_Modern__nicholas-roerich_oze-1914,000000510329,Art_Nouveau_Modern__nicholas-roerich_oze-1914,0
sanet,000000510329__Baroque__rembrandt_portrait-of-nicolas-van-bambeeck-1641,000000510329,Baroque__rembrandt_portrait-of-nicolas-van-bambeeck-1641,1
sanet,000000510329__Color_Field_Painting__leon-berkowitz_dark-light-rose-gold-1978,000000510329,Color_Field_Painting__leon-berkowitz_dark-light-rose-gold-1978,1
sanet,000000510329__Cubism__salvador-dali_cubist-composition-portrait-of-a-seated-person-holding-a-letter,000000510329,Cubism__salvador-dali_cubist-composition-portrait-of-a-seated-person-holding-a-letter,0
sanet,000000510329__Early_Renaissance__pietro-perugino_st-jerome-who-attends-two-unfairly-hanged-1473,000000510329,Early_Renaissance__pietro-perugino_st-jerome-who-attends-two-unfairly-hanged-1473,0
sanet,000000510329__Expressionism__amedeo-modigliani_germaine-survage-with-earrings-1918,000000510329,Expressionism__amedeo-modigliani_germaine-survage-with-earrings-1918,0
sanet,000000510329__High_Renaissance__raphael_madonna-and-child-enthroned-with-saints-1505,000000510329,High_Renaissance__raphael_madonna-and-child-enthroned-with-saints-1505,0
sanet,000000510329__Impressionism__pierre-auguste-renoir_leaving-the-bath-1890,000000510329,Impressionism__pierre-auguste-renoir_leaving-the-bath-1890,1
sanet,000000510329__Mannerism_Late_Renaissance__tintoretto_st-mark-rescuing-a-saracen-from-shipwreck-1566,000000510329,Mannerism_Late_Renaissance__tintoretto_st-mark-rescuing-a-saracen-from-shipwreck-1566,1
sanet,000000510329__Minimalism__mario-schifano_untitled-1963,000000510329,Minimalism__mario-schifano_untitled-1963,0
sanet,000000510329__Naive_Art_Primitivism__marc-chagall_the-young-samuel-the-priest-s-servant-heard-that-he-is-called-by-god-eli-and-he-were-sleeping,000000510329,Naive_Art_Primitivism__marc-chagall_the-young-samuel-the-priest-s-servant-heard-that-he-is-called-by-god-eli-and-he-were-sleeping,0
sanet,000000510329__Northern_Renaissance__albrecht-durer_lamentation-over-christ-1507,000000510329,Northern_Renaissance__albrecht-durer_lamentation-over-christ-1507,1
sanet,000000510329__Pop_Art__peter-max_composition-red-green-1979,000000510329,Pop_Art__peter-max_composition-red-green-1979,0
sanet,000000510329__Post_Impressionism__vincent-van-gogh_restaurant-de-la-sirene-at-asnieres-1887,000000510329,Post_Impressionism__vincent-van-gogh_restaurant-de-la-sirene-at-asnieres-1887,0
sanet,000000510329__Realism__vincent-van-gogh_cottage-with-peasant-coming-home-1885(1),000000510329,Realism__vincent-van-gogh_cottage-with-peasant-coming-home-1885(1),0
sanet,000000510329__Rococo__dmitry-levitzky_portrait-of-baron-a-n-stroganoff,000000510329,Rococo__dmitry-levitzky_portrait-of-baron-a-n-stroganoff,0
sanet,000000510329__Romanticism__gustave-dore_paradise-lost-4,000000510329,Romanticism__gustave-dore_paradise-lost-4,1
sanet,000000510329__Symbolism__nicholas-roerich_language-of-forest-1922,000000510329,Symbolism__nicholas-roerich_language-of-forest-1922,0
sanet,000000510329__Ukiyo_e__kitagawa-utamaro_not_detected_233134,000000510329,Ukiyo_e__kitagawa-utamaro_not_detected_233134,0
sanet,000000520659__Abstract_Expressionism__paul-jenkins_not_detected_235703,000000520659,Abstract_Expressionism__paul-jenkins_not_detected_235703,0
sanet,000000520659__Art_Nouveau_Modern__nicholas-roerich_oze-1914,000000520659,Art_Nouveau_Modern__nicholas-roerich_oze-1914,0
sanet,000000520659__Baroque__rembrandt_portrait-of-nicolas-van-bambeeck-1641,000000520659,Baroque__rembrandt_portrait-of-nicolas-van-bambeeck-1641,1
sanet,000000520659__Color_Field_Painting__leon-berkowitz_dark-light-rose-gold-1978,000000520659,Color_Field_Painting__leon-berkowitz_dark-light-rose-gold-1978,1
sanet,000000520659__Cubism__salvador-dali_cubist-composition-portrait-of-a-seated-person-holding-a-letter,000000520659,Cubism__salvador-dali_cubist-composition-portrait-of-a-seated-person-holding-a-letter,0
sanet,000000520659__Early_Renaissance__pietro-perugino_st-jerome-who-attends-two-unfairly-hanged-1473,000000520659,Early_Renaissance__pietro-perugino_st-jerome-who-attends-two-unfairly-hanged-1473,0
sanet,000000520659__Expressionism__amedeo-modigliani_germaine-survage-with-earrings-1918,000000520659,Expressionism__amedeo-modigliani_germaine-survage-with-earrings-1918,1
sanet,000000520659__High_Renaissance__raphael_madonna-and-child-enthroned-with-saints-1505,000000520659,High_Renaissance__raphael_madonna-and-child-enthroned-with-saints-1505,0
sanet,000000520659__Impressionism__pierre-auguste-renoir_leaving-the-bath-1890,000000520659,Impressionism__pierre-auguste-renoir_leaving-the-bath-1890,1
sanet,000000520659__Mannerism_Late_Renaissance__tintoretto_st-mark-rescuing-a-saracen-from-shipwreck-1566,000000520659,Mannerism_Late_Renaissance__tintoretto_st-mark-rescuing-a-saracen-from-shipwreck-1566,1
sanet,000000520659__Minimalism__mario-schifano_untitled-1963,000000520659,Minimalism__mario-schifano_untitled-1963,0
sanet,000000520659__Naive_Art_Primitivism__marc-chagall_the-young-samuel-the-priest-s-servant-heard-that-he-is-called-by-god-eli-and-he-were-sleeping,000000520659,Naive_Art_Primitivism__marc-chagall_the-young-samuel-the-priest-s-servant-heard-that-he-is-called-by-god-eli-and-he-were-sleeping,0
sanet,000000520659__Northern_Renaissance__albrecht-durer_lamentation-over-christ-1507,000000520659,Northern_Renaissance__albrecht-durer_lamentation-over-christ-1507,1
sanet,000000520659__Pop_Art__peter-max_composition-red-green-1979,000000520659,Pop_Art__peter-max_composition-red-green-1979,0
sanet,000000520659__Post_Impressionism__vincent-van-gogh_restaurant-de-la-sirene-at-asnieres-1887,000000520659,Post_Impressionism__vincent-van-gogh_restaurant-de-la-sirene-at-asnieres-1887,0
sanet,000000520659__Realism__vincent-van-gogh_cottage-with-peasant-coming-home-1885(1),000000520659,Realism__vincent-van-gogh_cottage-with-peasant-coming-home-1885(1),0
sanet,000000520659__Rococo__dmitry-levitzky_portrait-of-baron-a-n-stroganoff,000000520659,Rococo__dmitry-levitzky_portrait-of-baron-a-n-stroganoff,0
sanet,000000520659__Romanticism__gustave-dore_paradise-lost-4,000000520659,Romanticism__gustave-dore_paradise-lost-4,0
sanet,000000520659__Symbolism__nicholas-roerich_language-of-forest-1922,000000520659,Symbolism__nicholas-roerich_language-of-forest-1922,0
sanet,000000520659__Ukiyo_e__kitagawa-utamaro_not_detected_233134,000000520659,Ukiyo_e__kitagawa-utamaro_not_detected_233134,0
sanet,000000529105__Abstract_Expressionism__paul-jenkins_not_detected_235703,000000529105,Abstract_Expressionism__paul-jenkins_not_detected_235703,1
sanet,000000529105__Art_Nouveau_Modern__nicholas-roerich_oze-1914,000000529105,Art_Nouveau_Modern__nicholas-roerich_oze-1914,0
sanet,000000529105__Baroque__rembrandt_portrait-of-nicolas-van-bambeeck-1641,000000529105,Baroque__rembrandt_portrait-of-nicolas-van-bambeeck-1641,0
sanet,000000529105__Color_Field_Painting__leon-berkowitz_dark-light-rose-gold-1978,000000529105,Color_Field_Painting__leon-berkowitz_dark-light-rose-gold-1978,1
sanet,000000529105__Cubism__salvador-dali_cubist-composition-portrait-of-a-seated-person-holding-a-letter,000000529105,Cubism__salvador-dali_cubist-composition-portrait-of-a-seated-person-holding-a-letter,0
sanet,000000529105__Early_Renaissance__pietro-perugino_st-jerome-who-attends-two-unfairly-hanged-1473,000000529105,Early_Renaissance__pietro-perugino_st-jerome-who-attends-two-unfairly-hanged-1473,0
sanet,000000529105__Expressionism__amedeo-modigliani_germaine-survage-with-earrings-1918,000000529105,Expressionism__amedeo-modigliani_germaine-survage-with-earrings-1918,0
sanet,000000529105__High_Renaissance__raphael_madonna-and-child-enthroned-with-saints-1505,000000529105,High_Renaissance__raphael_madonna-and-child-enthroned-with-saints-1505,0
sanet,000000529105__Impressionism__pierre-auguste-renoir_leaving-the-bath-1890,000000529105,Impressionism__pierre-auguste-renoir_leaving-the-bath-1890,1
sanet,000000529105__Mannerism_Late_Renaissance__tintoretto_st-mark-rescuing-a-saracen-from-shipwreck-1566,000000529105,Mannerism_Late_Renaissance__tintoretto_st-mark-rescuing-a-saracen-from-shipwreck-1566,1
sanet,000000529105__Minimalism__mario-schifano_untitled-1963,000000529105,Minimalism__mario-schifano_untitled-1963,0
sanet,000000529105__Naive_Art_Primitivism__marc-chagall_the-young-samuel-the-priest-s-servant-heard-that-he-is-called-by-god-eli-and-he-were-sleeping,000000529105,Naive_Art_Primitivism__marc-chagall_the-young-samuel-the-priest-s-servant-heard-that-he-is-called-by-god-eli-and-he-were-sleeping,1
sanet,000000529105__Northern_Renaissance__albrecht-durer_lamentation-over-christ-1507,000000529105,Northern_Renaissance__albrecht-durer_lamentation-over-christ-1507,1
sanet,000000529105__Pop_Art__peter-max_composition-red-green-1979,000000529105,Pop_Art__peter-max_composition-red-green-1979,0
sanet,000000529105__Post_Impressionism__vincent-van-gogh_restaurant-de-la-sirene-at-asnieres-1887,000000529105,Post_Impressionism__vincent-van-gogh_restaurant-de-la-sirene-at-asnieres-1887,0
sanet,000000529105__Realism__vincent-van-gogh_cottage-with-peasant-coming-home-1885(1),000000529105,Realism__vincent-van-gogh_cottage-with-peasant-coming-home-1885(1),1
sanet,000000529105__Rococo__dmitry-levitzky_portrait-of-baron-a-n-stroganoff,000000529105,Rococo__dmitry-levitzky_portrait-of-baron-a-n-stroganoff,0
sanet,000000529105__Romanticism__gustave-dore_paradise-lost-4,000000529105,Romanticism__gustave-dore_paradise-lost-4,1
sanet,000000529105__Symbolism__nicholas-roerich_language-of-forest-1922,000000529105,Symbolism__nicholas-roerich_language-of-forest-1922,0
sanet,000000529105__Ukiyo_e__kitagawa-utamaro_not_detected_233134,000000529105,Ukiyo_e__kitagawa-utamaro_not_detected_233134,0
sanet,000000529966__Abstract_Expressionism__paul-jenkins_not_detected_235703,000000529966,Abstract_Expressionism__paul-jenkins_not_detected_235703,0
sanet,000000529966__Art_Nouveau_Modern__nicholas-roerich_oze-1914,000000529966,Art_Nouveau_Modern__nicholas-roerich_oze-1914,0
sanet,000000529966__Baroque__rembrandt_portrait-of-nicolas-van-bambeeck-1641,000000529966,Baroque__rembrandt_portrait-of-nicolas-van-bambeeck-1641,1
sanet,000000529966__Color_Field_Painting__leon-berkowitz_dark-light-rose-gold-1978,000000529966,Color_Field_Painting__leon-berkowitz_dark-light-rose-gold-1978,1
sanet,000000529966__Cubism__salvador-dali_cubist-composition-portrait-of-a-seated-person-holding-a-letter,000000529966,Cubism__salvador-dali_cubist-composition-portrait-of-a-seated-person-holding-a-letter,0
sanet,000000529966__Early_Renaissance__pietro-perugino_st-jerome-who-attends-two-unfairly-hanged-1473,000000529966,Early_Renaissance__pietro-perugino_st-jerome-who-attends-two-unfairly-hanged-1473,0
sanet,000000529966__Expressionism__amedeo-modigliani_germaine-survage-with-earrings-1918,000000529966,Expressionism__amedeo-modigliani_germaine-survage-with-earrings-1918,0
sanet,000000529966__High_Renaissance__raphael_madonna-and-child-enthroned-with-saints-1505,000000529966,High_Renaissance__raphael_madonna-and-child-enthroned-with-saints-1505,0
sanet,000000529966__Impressionism__pierre-auguste-renoir_leaving-the-bath-1890,000000529966,Impressionism__pierre-auguste-renoir_leaving-the-bath-1890,1
sanet,000000529966__Mannerism_Late_Renaissance__tintoretto_st-mark-rescuing-a-saracen-from-shipwreck-1566,000000529966,Mannerism_Late_Renaissance__tintoretto_st-mark-rescuing-a-saracen-from-shipwreck-1566,0
sanet,000000529966__Minimalism__mario-schifano_untitled-1963,000000529966,Minimalism__mario-schifano_untitled-1963,0
sanet,000000529966__Naive_Art_Primitivism__marc-chagall_the-young-samuel-the-priest-s-servant-heard-that-he-is-called-by-god-eli-and-he-were-sleeping,000000529966,Naive_Art_Primitivism__marc-chagall_the-young-samuel-the-priest-s-servant-heard-that-he-is-called-by-god-eli-and-he-were-sleeping,1
sanet,000000529966__Northern_Renaissance__albrecht-durer_lamentation-over-christ-1507,000000529966,Northern_Renaissance__albrecht-durer_lamentation-over-christ-1507,0
sanet,000000529966__Pop_Art__peter-max_composition-red-green-1979,000000529966,Pop_Art__peter-max_composition-red-green-1979,0
sanet,000000529966__Post_Impressionism__vincent-van-gogh_restaurant-de-la-sirene-at-asnieres-1887,000000529966,Post_Impressionism__vincent-van-gogh_restaurant-de-la-sirene-at-asnieres-1887,0
sanet,000000529966__Realism__vincent-van-gogh_cottage-with-peasant-coming-home-1885(1),000000529966,Realism__vincent-van-gogh_cottage-with-peasant-coming-home-1885(1),0
sanet,000000529966__Rococo__dmitry-levitzky_portrait-of-baron-a-n-stroganoff,000000529966,Rococo__dmitry-levitzky_portrait-of-baron-a-n-stroganoff,0
sanet,000000529966__Romanticism__gustave-dore_paradise-lost-4,000000529966,Romanticism__gustave-dore_paradise-lost-4,0
sanet,000000529966__Symbolism__nicholas-roerich_language-of-forest-1922,000000529966,Symbolism__nicholas-roerich_language-of-forest-1922,0
sanet,000000529966__Ukiyo_e__kitagawa-utamaro_not_detected_233134,000000529966,Ukiyo_e__kitagawa-utamaro_not_detected_233134,0
sanet,000000546475__Abstract_Expressionism__paul-jenkins_not_detected_235703,000000546475,Abstract_Expressionism__paul-jenkins_not_detected_235703,0
sanet,000000546475__Art_Nouveau_Modern__nicholas-roerich_oze-1914,000000546475,Art_Nouveau_Modern__nicholas-roerich_oze-1914,0
sanet,000000546475__Baroque__rembrandt_portrait-of-nicolas-van-bambeeck-1641,000000546475,Baroque__rembrandt_portrait-of-nicolas-van-bambeeck-1641,0
sanet,000000546475__Color_Field_Painting__leon-berkowitz_dark-light-rose-gold-1978,000000546475,Color_Field_Painting__leon-berkowitz_dark-light-rose-gold-1978,1
sanet,000000546475__Cubism__salvador-dali_cubist-composition-portrait-of-a-seated-person-holding-a-letter,000000546475,Cubism__salvador-dali_cubist-composition-portrait-of-a-seated-person-holding-a-letter,0
sanet,000000546475__Early_Renaissance__pietro-perugino_st-jerome-who-attends-two-unfairly-hanged-1473,000000546475,Early_Renaissance__pietro-perugino_st-jerome-who-attends-two-unfairly-hanged-1473,1
sanet,000000546475__Expressionism__amedeo-modigliani_germaine-survage-with-earrings-1918,000000546475,Expressionism__amedeo-modigliani_germaine-survage-with-earrings-1918,0
sanet,000000546475__High_Renaissance__raphael_madonna-and-child-enthroned-with-saints-1505,000000546475,High_Renaissance__raphael_madonna-and-child-enthroned-with-saints-1505,0
sanet,000000546475__Impressionism__pierre-auguste-renoir_leaving-the-bath-1890,000000546475,Impressionism__pierre-auguste-renoir_leaving-the-bath-1890,0
sanet,000000546475__Mannerism_Late_Renaissance__tintoretto_st-mark-rescuing-a-saracen-from-shipwreck-1566,000000546475,Mannerism_Late_Renaissance__tintoretto_st-mark-rescuing-a-saracen-from-shipwreck-1566,1
sanet,000000546475__Minimalism__mario-schifano_untitled-1963,000000546475,Minimalism__mario-schifano_untitled-1963,0
sanet,000000546475__Naive_Art_Primitivism__marc-chagall_the-young-samuel-the-priest-s-servant-heard-that-he-is-called-by-god-eli-and-he-were-sleeping,000000546475,Naive_Art_Primitivism__marc-chagall_the-young-samuel-the-priest-s-servant-heard-that-he-is-called-by-god-eli-and-he-were-sleeping,1
sanet,000000546475__Northern_Renaissance__albrecht-durer_lamentation-over-christ-1507,000000546475,Northern_Renaissance__albrecht-durer_lamentation-over-christ-1507,1
sanet,000000546475__Pop_Art__peter-max_composition-red-green-1979,000000546475,Pop_Art__peter-max_composition-red-green-1979,0
sanet,000000546475__Post_Impressionism__vincent-van-gogh_restaurant-de-la-sirene-at-asnieres-1887,000000546475,Post_Impressionism__vincent-van-gogh_restaurant-de-la-sirene-at-asnieres-1887,1
sanet,000000546475__Realism__vincent-van-gogh_cottage-with-peasant-coming-home-1885(1),000000546475,Realism__vincent-van-gogh_cottage-with-peasant-coming-home-1885(1),0
sanet,000000546475__Rococo__dmitry-levitzky_portrait-of-baron-a-n-stroganoff,000000546475,Rococo__dmitry-levitzky_portrait-of-baron-a-n-stroganoff,0
sanet,000000546475__Romanticism__gustave-dore_paradise-lost-4,000000546475,Romanticism__gustave-dore_paradise-lost-4,0
sanet,000000546475__Symbolism__nicholas-roerich_language-of-forest-1922,000000546475,Symbolism__nicholas-roerich_language-of-forest-1922,0
sanet,000000546475__Ukiyo_e__kitagawa-utamaro_not_detected_233134,000000546475,Ukiyo_e__kitagawa-utamaro_not_detected_233134,0
sanet,000000560178__Abstract_Expressionism__paul-jenkins_not_detected_235703,000000560178,Abstract_Expressionism__paul-jenkins_not_detected_235703,0
sanet,000000560178__Art_Nouveau_Modern__nicholas-roerich_oze-1914,000000560178,Art_Nouveau_Modern__nicholas-roerich_oze-1914,0
sanet,000000560178__Baroque__rembrandt_portrait-of-nicolas-van-bambeeck-1641,000000560178,Baroque__rembrandt_portrait-of-nicolas-van-bambeeck-1641,0
sanet,000000560178__Color_Field_Painting__leon-berkowitz_dark-light-rose-gold-1978,000000560178,Color_Field_Painting__leon-berkowitz_dark-light-rose-gold-1978,1
sanet,000000560178__Cubism__salvador-dali_cubist-composition-portrait-of-a-seated-person-holding-a-letter,000000560178,Cubism__salvador-dali_cubist-composition-portrait-of-a-seated-person-holding-a-letter,0
sanet,000000560178__Early_Renaissance__pietro-perugino_st-jerome-who-attends-two-unfairly-hanged-1473,000000560178,Early_Renaissance__pietro-perugino_st-jerome-who-attends-two-unfairly-hanged-1473,0
sanet,000000560178__Expressionism__amedeo-modigliani_germaine-survage-with-earrings-1918,000000560178,Expressionism__amedeo-modigliani_germaine-survage-with-earrings-1918,0
sanet,000000560178__High_Renaissance__raphael_madonna-and-child-enthroned-with-saints-1505,000000560178,High_Renaissance__raphael_madonna-and-child-enthroned-with-saints-1505,0
sanet,000000560178__Impressionism__pierre-auguste-renoir_leaving-the-bath-1890,000000560178,Impressionism__pierre-auguste-renoir_leaving-the-bath-1890,1
sanet,000000560178__Mannerism_Late_Renaissance__tintoretto_st-mark-rescuing-a-saracen-from-shipwreck-1566,000000560178,Mannerism_Late_Renaissance__tintoretto_st-mark-rescuing-a-saracen-from-shipwreck-1566,1
sanet,000000560178__Minimalism__mario-schifano_untitled-1963,000000560178,Minimalism__mario-schifano_untitled-1963,0
sanet,000000560178__Naive_Art_Primitivism__marc-chagall_the-young-samuel-the-priest-s-servant-heard-that-he-is-called-by-god-eli-and-he-were-sleeping,000000560178,Naive_Art_Primitivism__marc-chagall_the-young-samuel-the-priest-s-servant-heard-that-he-is-called-by-god-eli-and-he-were-sleeping,0
sanet,000000560178__Northern_Renaissance__albrecht-durer_lamentation-over-christ-1507,000000560178,Northern_Renaissance__albrecht-durer_lamentation-over-christ-1507,1
sanet,000000560178__Pop_Art__peter-max_composition-red-green-1979,000000560178,Pop_Art__peter-max_composition-red-green-1979,0
sanet,000000560178__Post_Impressionism__vincent-van-gogh_restaurant-de-la-sirene-at-asnieres-1887,000000560178,Post_Impressionism__vincent-van-gogh_restaurant-de-la-sirene-at-asnieres-1887,0
sanet,000000560178__Realism__vincent-van-gogh_cottage-with-peasant-coming-home-1885(1),000000560178,Realism__vincent-van-gogh_cottage-with-peasant-coming-home-1885(1),0
sanet,000000560178__Rococo__dmitry-levitzky_portrait-of-baron-a-n-stroganoff,000000560178,Rococo__dmitry-levitzky_portrait-of-baron-a-n-stroganoff,0
sanet,000000560178__Romanticism__gustave-dore_paradise-lost-4,000000560178,Romanticism__gustave-dore_paradise-lost-4,0
sanet,000000560178__Symbolism__nicholas-roerich_language-of-forest-1922,000000560178,Symbolism__nicholas-roerich_language-of-forest-1922,0
sanet,000000560178__Ukiyo_e__kitagawa-utamaro_not_detected_233134,000000560178,Ukiyo_e__kitagawa-utamaro_not_detected_233134,0
sanet,000000572517__Abstract_Expressionism__paul-jenkins_not_detected_235703,000000572517,Abstract_Expressionism__paul-jenkins_not_detected_235703,0
sanet,000000572517__Art_Nouveau_Modern__nicholas-roerich_oze-1914,000000572517,Art_Nouveau_Modern__nicholas-roerich_oze-1914,0
sanet,000000572517__Baroque__rembrandt_portrait-of-nicolas-van-bambeeck-1641,000000572517,Baroque__rembrandt_portrait-of-nicolas-van-bambeeck-1641,0
sanet,000000572517__Color_Field_Painting__leon-berkowitz_dark-light-rose-gold-1978,000000572517,Color_Field_Painting__leon-berkowitz_dark-light-rose-gold-1978,1
sanet,000000572517__Cubism__salvador-dali_cubist-composition-portrait-of-a-seated-person-holding-a-letter,000000572517,Cubism__salvador-dali_cubist-composition-portrait-of-a-seated-person-holding-a-letter,0
sanet,000000572517__Early_Renaissance__pietro-perugino_st-jerome-who-attends-two-unfairly-hanged-1473,000000572517,Early_Renaissance__pietro-perugino_st-jerome-who-attends-two-unfairly-hanged-1473,1
sanet,000000572517__Expressionism__amedeo-modigliani_germaine-survage-with-earrings-1918,000000572517,Expressionism__amedeo-modigliani_germaine-survage-with-earrings-1918,0
sanet,000000572517__High_Renaissance__raphael_madonna-and-child-enthroned-with-saints-1505,000000572517,High_Renaissance__raphael_madonna-and-child-enthroned-with-saints-1505,0
sanet,000000572517__Impressionism__pierre-auguste-renoir_leaving-the-bath-1890,000000572517,Impressionism__pierre-auguste-renoir_leaving-the-bath-1890,1
sanet,000000572517__Mannerism_Late_Renaissance__tintoretto_st-mark-rescuing-a-saracen-from-shipwreck-1566,000000572517,Mannerism_Late_Renaissance__tintoretto_st-mark-rescuing-a-saracen-from-shipwreck-1566,1
sanet,000000572517__Minimalism__mario-schifano_untitled-1963,000000572517,Minimalism__mario-schifano_untitled-1963,0
sanet,000000572517__Naive_Art_Primitivism__marc-chagall_the-young-samuel-the-priest-s-servant-heard-that-he-is-called-by-god-eli-and-he-were-sleeping,000000572517,Naive_Art_Primitivism__marc-chagall_the-young-samuel-the-priest-s-servant-heard-that-he-is-called-by-god-eli-and-he-were-sleeping,0
sanet,000000572517__Northern_Renaissance__albrecht-durer_lamentation-over-christ-1507,000000572517,Northern_Renaissance__albrecht-durer_lamentation-over-christ-1507,0
sanet,000000572517__Pop_Art__peter-max_composition-red-green-1979,000000572517,Pop_Art__peter-max_composition-red-green-1979,0
sanet,000000572517__Post_Impressionism__vincent-van-gogh_restaurant-de-la-sirene-at-asnieres-1887,000000572517,Post_Impressionism__vincent-van-gogh_restaurant-de-la-sirene-at-asnieres-1887,0
sanet,000000572517__Realism__vincent-van-gogh_cottage-with-peasant-coming-home-1885(1),000000572517,Realism__vincent-van-gogh_cottage-with-peasant-coming-home-1885(1),1
sanet,000000572517__Rococo__dmitry-levitzky_portrait-of-baron-a-n-stroganoff,000000572517,Rococo__dmitry-levitzky_portrait-of-baron-a-n-stroganoff,0
sanet,000000572517__Romanticism__gustave-dore_paradise-lost-4,000000572517,Romanticism__gustave-dore_paradise-lost-4,1
sanet,000000572517__Symbolism__nicholas-roerich_language-of-forest-1922,000000572517,Symbolism__nicholas-roerich_language-of-forest-1922,0
sanet,000000572517__Ukiyo_e__kitagawa-utamaro_not_detected_233134,000000572517,Ukiyo_e__kitagawa-utamaro_not_detected_233134,0
cast,000000001818__Abstract_Expressionism__paul-jenkins_not_detected_235703,000000001818,Abstract_Expressionism__paul-jenkins_not_detected_235703,0
cast,000000001818__Art_Nouveau_Modern__nicholas-roerich_oze-1914,000000001818,Art_Nouveau_Modern__nicholas-roerich_oze-1914,0
cast,000000001818__Baroque__rembrandt_portrait-of-nicolas-van-bambeeck-1641,000000001818,Baroque__rembrandt_portrait-of-nicolas-van-bambeeck-1641,0
cast,000000001818__Color_Field_Painting__leon-berkowitz_dark-light-rose-gold-1978,000000001818,Color_Field_Painting__leon-berkowitz_dark-light-rose-gold-1978,0
cast,000000001818__Cubism__salvador-dali_cubist-composition-portrait-of-a-seated-person-holding-a-letter,000000001818,Cubism__salvador-dali_cubist-composition-portrait-of-a-seated-person-holding-a-letter,0
cast,000000001818__Early_Renaissance__pietro-perugino_st-jerome-who-attends-two-unfairly-hanged-1473,000000001818,Early_Renaissance__pietro-perugino_st-jerome-who-attends-two-unfairly-hanged-1473,0
cast,000000001818__Expressionism__amedeo-modigliani_germaine-survage-with-earrings-1918,000000001818,Expressionism__amedeo-modigliani_germaine-survage-with-earrings-1918,1
cast,000000001818__High_Renaissance__raphael_madonna-and-child-enthroned-with-saints-1505,000000001818,High_Renaissance__raphael_madonna-and-child-enthroned-with-saints-1505,0
cast,000000001818__Impressionism__pierre-auguste-renoir_leaving-the-bath-1890,000000001818,Impressionism__pierre-auguste-renoir_leaving-the-bath-1890,0
cast,000000001818__Mannerism_Late_Renaissance__tintoretto_st-mark-rescuing-a-saracen-from-shipwreck-1566,000000001818,Mannerism_Late_Renaissance__tintoretto_st-mark-rescuing-a-saracen-from-shipwreck-1566,0
cast,000000001818__Minimalism__mario-schifano_untitled-1963,000000001818,Minimalism__mario-schifano_untitled-1963,0
cast,000000001818__Naive_Art_Primitivism__marc-chagall_the-young-samuel-the-priest-s-servant-heard-that-he-is-called-by-god-eli-and-he-were-sleeping,000000001818,Naive_Art_Primitivism__marc-chagall_the-young-samuel-the-priest-s-servant-heard-that-he-is-called-by-god-eli-and-he-were-sleeping,0
cast,000000001818__Northern_Renaissance__albrecht-durer_lamentation-over-christ-1507,000000001818,Northern_Renaissance__albrecht-durer_lamentation-over-christ-1507,0
cast,000000001818__Pop_Art__peter-max_composition-red-green-1979,000000001818,Pop_Art__peter-max_composition-red-green-1979,0
cast,000000001818__Post_Impressionism__vincent-van-gogh_restaurant-de-la-sirene-at-asnieres-1887,000000001818,Post_Impressionism__vincent-van-gogh_restaurant-de-la-sirene-at-asnieres-1887,0
cast,000000001818__Realism__vincent-van-gogh_cottage-with-peasant-coming-home-1885(1),000000001818,Realism__vincent-van-gogh_cottage-with-peasant-coming-home-1885(1),1
cast,000000001818__Rococo__dmitry-levitzky_portrait-of-baron-a-n-stroganoff,000000001818,Rococo__dmitry-levitzky_portrait-of-baron-a-n-stroganoff,0
cast,000000001818__Romanticism__gustave-dore_paradise-lost-4,000000001818,Romanticism__gustave-dore_paradise-lost-4,0
cast,000000001818__Symbolism__nicholas-roerich_language-of-forest-1922,000000001818,Symbolism__nicholas-roerich_language-of-forest-1922,0
cast,000000001818__Ukiyo_e__kitagawa-utamaro_not_detected_233134,000000001818,Ukiyo_e__kitagawa-utamaro_not_detected_233134,0
cast,000000009448__Abstract_Expressionism__paul-jenkins_not_detected_235703,000000009448,Abstract_Expressionism__paul-jenkins_not_detected_235703,0
cast,000000009448__Art_Nouveau_Modern__nicholas-roerich_oze-1914,000000009448,Art_Nouveau_Modern__nicholas-roerich_oze-1914,0
cast,000000009448__Baroque__rembrandt_portrait-of-nicolas-van-bambeeck-1641,000000009448,Baroque__rembrandt_portrait-of-nicolas-van-bambeeck-1641,1
cast,000000009448__Color_Field_Painting__leon-berkowitz_dark-light-rose-gold-1978,000000009448,Color_Field_Painting__leon-berkowitz_dark-light-rose-gold-1978,1
cast,000000009448__Cubism__salvador-dali_cubist-composition-portrait-of-a-seated-person-holding-a-letter,000000009448,Cubism__salvador-dali_cubist-composition-portrait-of-a-seated-person-holding-a-letter,0
cast,000000009448__Early_Renaissance__pietro-perugino_st-jerome-who-attends-two-unfairly-hanged-1473,000000009448,Early_Renaissance__pietro-perugino_st-jerome-who-attends-two-unfairly-hanged-1473,0
cast,000000009448__Expressionism__amedeo-modigliani_germaine-survage-with-earrings-1918,000000009448,Expressionism__amedeo-modigliani_germaine-survage-with-earrings-1918,0
cast,000000009448__High_Renaissance__raphael_madonna-and-child-enthroned-with-saints-1505,000000009448,High_Renaissance__raphael_madonna-and-child-enthroned-with-saints-1505,1
cast,000000009448__Impressionism__pierre-auguste-renoir_leaving-the-bath-1890,000000009448,Impressionism__pierre-auguste-renoir_leaving-the-bath-1890,0
cast,000000009448__Mannerism_Late_Renaissance__tintoretto_st-mark-rescuing-a-saracen-from-shipwreck-1566,000000009448,Mannerism_Late_Renaissance__tintoretto_st-mark-rescuing-a-saracen-from-shipwreck-1566,0
cast,000000009448__Minimalism__mario-schifano_untitled-1963,000000009448,Minimalism__mario-schifano_untitled-1963,0
cast,000000009448__Naive_Art_Primitivism__marc-chagall_the-young-samuel-the-priest-s-servant-heard-that-he-is-called-by-god-eli-and-he-were-sleeping,000000009448,Naive_Art_Primitivism__marc-chagall_the-young-samuel-the-priest-s-servant-heard-that-he-is-called-by-god-eli-and-he-were-sleeping,0
cast,000000009448__Northern_Renaissance__albrecht-durer_lamentation-over-christ-1507,000000009448,Northern_Renaissance__albrecht-durer_lamentation-over-christ-1507,1
cast,000000009448__Pop_Art__peter-max_composition-red-green-1979,000000009448,Pop_Art__peter-max_composition-red-green-1979,0
cast,000000009448__Post_Impressionism__vincent-van-gogh_restaurant-de-la-sirene-at-asnieres-1887,000000009448,Post_Impressionism__vincent-van-gogh_restaurant-de-la-sirene-at-asnieres-1887,0
cast,000000009448__Realism__vincent-van-gogh_cottage-with-peasant-coming-home-1885(1),000000009448,Realism__vincent-van-gogh_cottage-with-peasant-coming-home-1885(1),0
cast,000000009448__Rococo__dmitry-levitzky_portrait-of-baron-a-n-stroganoff,000000009448,Rococo__dmitry-levitzky_portrait-of-baron-a-n-stroganoff,0
cast,000000009448__Romanticism__gustave-dore_paradise-lost-4,000000009448,Romanticism__gustave-dore_paradise-lost-4,0
cast,000000009448__Symbolism__nicholas-roerich_language-of-forest-1922,000000009448,Symbolism__nicholas-roerich_language-of-forest-1922,0
cast,000000009448__Ukiyo_e__kitagawa-utamaro_not_detected_233134,000000009448,Ukiyo_e__kitagawa-utamaro_not_detected_233134,0
cast,000000072795__Abstract_Expressionism__paul-jenkins_not_detected_235703,000000072795,Abstract_Expressionism__paul-jenkins_not_detected_235703,0
cast,000000072795__Art_Nouveau_Modern__nicholas-roerich_oze-1914,000000072795,Art_Nouveau_Modern__nicholas-roerich_oze-1914,0
cast,000000072795__Baroque__rembrandt_portrait-of-nicolas-van-bambeeck-1641,000000072795,Baroque__rembrandt_portrait-of-nicolas-van-bambeeck-1641,1
cast,000000072795__Color_Field_Painting__leon-berkowitz_dark-light-rose-gold-1978,000000072795,Color_Field_Painting__leon-berkowitz_dark-light-rose-gold-1978,1
cast,000000072795__Cubism__salvador-dali_cubist-composition-portrait-of-a-seated-person-holding-a-letter,000000072795,Cubism__salvador-dali_cubist-composition-portrait-of-a-seated-person-holding-a-letter,0
cast,000000072795__Early_Renaissance__pietro-perugino_st-jerome-who-attends-two-unfairly-hanged-1473,000000072795,Early_Renaissance__pietro-perugino_st-jerome-who-attends-two-unfairly-hanged-1473,0
cast,000000072795__Expressionism__amedeo-modigliani_germaine-survage-with-earrings-1918,000000072795,Expressionism__amedeo-modigliani_germaine-survage-with-earrings-1918,0
cast,000000072795__High_Renaissance__raphael_madonna-and-child-enthroned-with-saints-1505,000000072795,High_Renaissance__raphael_madonna-and-child-enthroned-with-saints-1505,0
cast,000000072795__Impressionism__pierre-auguste-renoir_leaving-the-bath-1890,000000072795,Impressionism__pierre-auguste-renoir_leaving-the-bath-1890,1
cast,000000072795__Mannerism_Late_Renaissance__tintoretto_st-mark-rescuing-a-saracen-from-shipwreck-1566,000000072795,Mannerism_Late_Renaissance__tintoretto_st-mark-rescuing-a-saracen-from-shipwreck-1566,0
cast,000000072795__Minimalism__mario-schifano_untitled-1963,000000072795,Minimalism__mario-schifano_untitled-1963,0
cast,000000072795__Naive_Art_Primitivism__marc-chagall_the-young-samuel-the-priest-s-servant-heard-that-he-is-called-by-god-eli-and-he-were-sleeping,000000072795,Naive_Art_Primitivism__marc-chagall_the-young-samuel-the-priest-s-servant-heard-that-he-is-called-by-god-eli-and-he-were-sleeping,0
cast,000000072795__Northern_Renaissance__albrecht-durer_lamentation-over-christ-1507,000000072795,Northern_Renaissance__albrecht-durer_lamentation-over-christ-1507,0
cast,000000072795__Pop_Art__peter-max_composition-red-green-1979,000000072795,Pop_Art__peter-max_composition-red-green-1979,0
cast,000000072795__Post_Impressionism__vincent-van-gogh_restaurant-de-la-sirene-at-asnieres-1887,000000072795,Post_Impressionism__vincent-van-gogh_restaurant-de-la-sirene-at-asnieres-1887,1
cast,000000072795__Realism__vincent-van-gogh_cottage-with-peasant-coming-home-1885(1),000000072795,Realism__vincent-van-gogh_cottage-with-peasant-coming-home-1885(1),0
cast,000000072795__Rococo__dmitry-levitzky_portrait-of-baron-a-n-stroganoff,000000072795,Rococo__dmitry-levitzky_portrait-of-baron-a-n-stroganoff,0
cast,000000072795__Romanticism__gustave-dore_paradise-lost-4,000000072795,Romanticism__gustave-dore_paradise-lost-4,0
cast,000000072795__Symbolism__nicholas-roerich_language-of-forest-1922,000000072795,Symbolism__nicholas-roerich_language-of-forest-1922,0
cast,000000072795__Ukiyo_e__kitagawa-utamaro_not_detected_233134,000000072795,Ukiyo_e__kitagawa-utamaro_not_detected_233134,0
cast,000000078420__Abstract_Expressionism__paul-jenkins_not_detected_235703,000000078420,Abstract_Expressionism__paul-jenkins_not_detected_235703,0
cast,000000078420__Art_Nouveau_Modern__nicholas-roerich_oze-1914,000000078420,Art_Nouveau_Modern__nicholas-roerich_oze-1914,0
cast,000000078420__Baroque__rembrandt_portrait-of-nicolas-van-bambeeck-1641,000000078420,Baroque__rembrandt_portrait-of-nicolas-van-bambeeck-1641,0
cast,000000078420__Color_Field_Painting__leon-berkowitz_dark-light-rose-gold-1978,000000078420,Color_Field_Painting__leon-berkowitz_dark-light-rose-gold-1978,1
cast,000000078420__Cubism__salvador-dali_cubist-composition-portrait-of-a-seated-person-holding-a-letter,000000078420,Cubism__salvador-dali_cubist-composition-portrait-of-a-seated-person-holding-a-letter,0
cast,000000078420__Early_Renaissance__pietro-perugino_st-jerome-who-attends-two-unfairly-hanged-1473,000000078420,Early_Renaissance__pietro-perugino_st-jerome-who-attends-two-unfairly-hanged-1473,0
cast,000000078420__Expressionism__amedeo-modigliani_germaine-survage-with-earrings-1918,000000078420,Expressionism__amedeo-modigliani_germaine-survage-with-earrings-1918,0
cast,000000078420__High_Renaissance__raphael_madonna-and-child-enthroned-with-saints-1505,000000078420,High_Renaissance__raphael_madonna-and-child-enthroned-with-saints-1505,0
cast,000000078420__Impressionism__pierre-auguste-renoir_leaving-the-bath-1890,000000078420,Impressionism__pierre-auguste-renoir_leaving-the-bath-1890,0
cast,000000078420__Mannerism_Late_Renaissance__tintoretto_st-mark-rescuing-a-saracen-from-shipwreck-1566,000000078420,Mannerism_Late_Renaissance__tintoretto_st-mark-rescuing-a-saracen-from-shipwreck-1566,0
cast,000000078420__Minimalism__mario-schifano_untitled-1963,000000078420,Minimalism__mario-schifano_untitled-1963,0
cast,000000078420__Naive_Art_Primitivism__marc-chagall_the-young-samuel-the-priest-s-servant-heard-that-he-is-called-by-god-eli-and-he-were-sleeping,000000078420,Naive_Art_Primitivism__marc-chagall_the-young-samuel-the-priest-s-servant-heard-that-he-is-called-by-god-eli-and-he-were-sleeping,0
cast,000000078420__Northern_Renaissance__albrecht-durer_lamentation-over-christ-1507,000000078420,Northern_Renaissance__albrecht-durer_lamentation-over-christ-1507,0
cast,000000078420__Pop_Art__peter-max_composition-red-green-1979,000000078420,Pop_Art__peter-max_composition-red-green-1979,1
cast,000000078420__Post_Impressionism__vincent-van-gogh_restaurant-de-la-sirene-at-asnieres-1887,000000078420,Post_Impressionism__vincent-van-gogh_restaurant-de-la-sirene-at-asnieres-1887,0
cast,000000078420__Realism__vincent-van-gogh_cottage-with-peasant-coming-home-1885(1),000000078420,Realism__vincent-van-gogh_cottage-with-peasant-coming-home-1885(1),0
cast,000000078420__Rococo__dmitry-levitzky_portrait-of-baron-a-n-stroganoff,000000078420,Rococo__dmitry-levitzky_portrait-of-baron-a-n-stroganoff,0
cast,000000078420__Romanticism__gustave-dore_paradise-lost-4,000000078420,Romanticism__gustave-dore_paradise-lost-4,0
cast,000000078420__Symbolism__nicholas-roerich_language-of-forest-1922,000000078420,Symbolism__nicholas-roerich_language-of-forest-1922,0
cast,000000078420__Ukiyo_e__kitagawa-utamaro_not_detected_233134,000000078420,Ukiyo_e__kitagawa-utamaro_not_detected_233134,0
cast,000000085682__Abstract_Expressionism__paul-jenkins_not_detected_235703,000000085682,Abstract_Expressionism__paul-jenkins_not_detected_235703,0
cast,000000085682__Art_Nouveau_Modern__nicholas-roerich_oze-1914,000000085682,Art_Nouveau_Modern__nicholas-roerich_oze-1914,0
cast,000000085682__Baroque__rembrandt_portrait-of-nicolas-van-bambeeck-1641,000000085682,Baroque__rembrandt_portrait-of-nicolas-van-bambeeck-1641,0
cast,000000085682__Color_Field_Painting__leon-berkowitz_dark-light-rose-gold-1978,000000085682,Color_Field_Painting__leon-berkowitz_dark-light-rose-gold-1978,1
cast,000000085682__Cubism__salvador-dali_cubist-composition-portrait-of-a-seated-person-holding-a-letter,000000085682,Cubism__salvador-dali_cubist-composition-portrait-of-a-seated-person-holding-a-letter,0
cast,000000085682__Early_Renaissance__pietro-perugino_st-jerome-who-attends-two-unfairly-hanged-1473,000000085682,Early_Renaissance__pietro-perugino_st-jerome-who-attends-two-unfairly-hanged-1473,0
cast,000000085682__Expressionism__amedeo-modigliani_germaine-survage-with-earrings-1918,000000085682,Expressionism__amedeo-modigliani_germaine-survage-with-earrings-1918,0
cast,000000085682__High_Renaissance__raphael_madonna-and-child-enthroned-with-saints-1505,000000085682,High_Renaissance__raphael_madonna-and-child-enthroned-with-saints-1505,0
cast,000000085682__Impressionism__pierre-auguste-renoir_leaving-the-bath-1890,000000085682,Impressionism__pierre-auguste-renoir_leaving-the-bath-1890,1
cast,000000085682__Mannerism_Late_Renaissance__tintoretto_st-mark-rescuing-a-saracen-from-shipwreck-1566,000000085682,Mannerism_Late_Renaissance__tintoretto_st-mark-rescuing-a-saracen-from-shipwreck-1566,0
cast,000000085682__Minimalism__mario-schifano_untitled-1963,000000085682,Minimalism__mario-schifano_untitled-1963,0
cast,000000085682__Naive_Art_Primitivism__marc-chagall_the-young-samuel-the-priest-s-servant-heard-that-he-is-called-by-god-eli-and-he-were-sleeping,000000085682,Naive_Art_Primitivism__marc-chagall_the-young-samuel-the-priest-s-servant-heard-that-he-is-called-by-god-eli-and-he-were-sleeping,0
cast,000000085682__Northern_Renaissance__albrecht-durer_lamentation-over-christ-1507,000000085682,Northern_Renaissance__albrecht-durer_lamentation-over-christ-1507,1
cast,000000085682__Pop_Art__peter-max_composition-red-green-1979,000000085682,Pop_Art__peter-max_composition-red-green-1979,0
cast,000000085682__Post_Impressionism__vincent-van-gogh_restaurant-de-la-sirene-at-asnieres-1887,000000085682,Post_Impressionism__vincent-van-gogh_restaurant-de-la-sirene-at-asnieres-1887,0
cast,000000085682__Realism__vincent-van-gogh_cottage-with-peasant-coming-home-1885(1),000000085682,Realism__vincent-van-gogh_cottage-with-peasant-coming-home-1885(1),1
cast,000000085682__Rococo__dmitry-levitzky_portrait-of-baron-a-n-stroganoff,000000085682,Rococo__dmitry-levitzky_portrait-of-baron-a-n-stroganoff,1
cast,000000085682__Romanticism__gustave-dore_paradise-lost-4,000000085682,Romanticism__gustave-dore_paradise-lost-4,1
cast,000000085682__Symbolism__nicholas-roerich_language-of-forest-1922,000000085682,Symbolism__nicholas-roerich_language-of-forest-1922,1
cast,000000085682__Ukiyo_e__kitagawa-utamaro_not_detected_233134,000000085682,Ukiyo_e__kitagawa-utamaro_not_detected_233134,0
cast,000000094157__Abstract_Expressionism__paul-jenkins_not_detected_235703,000000094157,Abstract_Expressionism__paul-jenkins_not_detected_235703,0
cast,000000094157__Art_Nouveau_Modern__nicholas-roerich_oze-1914,000000094157,Art_Nouveau_Modern__nicholas-roerich_oze-1914,0
cast,000000094157__Baroque__rembrandt_portrait-of-nicolas-van-bambeeck-1641,000000094157,Baroque__rembrandt_portrait-of-nicolas-van-bambeeck-1641,0
cast,000000094157__Color_Field_Painting__leon-berkowitz_dark-light-rose-gold-1978,000000094157,Color_Field_Painting__leon-berkowitz_dark-light-rose-gold-1978,0
cast,000000094157__Cubism__salvador-dali_cubist-composition-portrait-of-a-seated-person-holding-a-letter,000000094157,Cubism__salvador-dali_cubist-composition-portrait-of-a-seated-person-holding-a-letter,0
cast,000000094157__Early_Renaissance__pietro-perugino_st-jerome-who-attends-two-unfairly-hanged-1473,000000094157,Early_Renaissance__pietro-perugino_st-jerome-who-attends-two-unfairly-hanged-1473,0
cast,000000094157__Expressionism__amedeo-modigliani_germaine-survage-with-earrings-1918,000000094157,Expressionism__amedeo-modigliani_germaine-survage-with-earrings-1918,0
cast,000000094157__High_Renaissance__raphael_madonna-and-child-enthroned-with-saints-1505,000000094157,High_Renaissance__raphael_madonna-and-child-enthroned-with-saints-1505,0
cast,000000094157__Impressionism__pierre-auguste-renoir_leaving-the-bath-1890,000000094157,Impressionism__pierre-auguste-renoir_leaving-the-bath-1890,1
cast,000000094157__Mannerism_Late_Renaissance__tintoretto_st-mark-rescuing-a-saracen-from-shipwreck-1566,000000094157,Mannerism_Late_Renaissance__tintoretto_st-mark-rescuing-a-saracen-from-shipwreck-1566,0
cast,000000094157__Minimalism__mario-schifano_untitled-1963,000000094157,Minimalism__mario-schifano_untitled-1963,0
cast,000000094157__Naive_Art_Primitivism__marc-chagall_the-young-samuel-the-priest-s-servant-heard-that-he-is-called-by-god-eli-and-he-were-sleeping,000000094157,Naive_Art_Primitivism__marc-chagall_the-young-samuel-the-priest-s-servant-heard-that-he-is-called-by-god-eli-and-he-were-sleeping,0
cast,000000094157__Northern_Renaissance__albrecht-durer_lamentation-over-christ-1507,000000094157,Northern_Renaissance__albrecht-durer_lamentation-over-christ-1507,1
cast,000000094157__Pop_Art__peter-max_composition-red-green-1979,000000094157,Pop_Art__peter-max_composition-red-green-1979,0
cast,000000094157__Post_Impressionism__vincent-van-gogh_restaurant-de-la-sirene-at-asnieres-1887,000000094157,Post_Impressionism__vincent-van-gogh_restaurant-de-la-sirene-at-asnieres-1887,0
cast,000000094157__Realism__vincent-van-gogh_cottage-with-peasant-coming-home-1885(1),000000094157,Realism__vincent-van-gogh_cottage-with-peasant-coming-home-1885(1),0
cast,000000094157__Rococo__dmitry-levitzky_portrait-of-baron-a-n-stroganoff,000000094157,Rococo__dmitry-levitzky_portrait-of-baron-a-n-stroganoff,0
cast,000000094157__Romanticism__gustave-dore_paradise-lost-4,000000094157,Romanticism__gustave-dore_paradise-lost-4,1
cast,000000094157__Symbolism__nicholas-roerich_language-of-forest-1922,000000094157,Symbolism__nicholas-roerich_language-of-forest-1922,0
cast,000000094157__Ukiyo_e__kitagawa-utamaro_not_detected_233134,000000094157,Ukiyo_e__kitagawa-utamaro_not_detected_233134,0
cast,000000098633__Abstract_Expressionism__paul-jenkins_not_detected_235703,000000098633,Abstract_Expressionism__paul-jenkins_not_detected_235703,1
cast,000000098633__Art_Nouveau_Modern__nicholas-roerich_oze-1914,000000098633,Art_Nouveau_Modern__nicholas-roerich_oze-1914,0
cast,000000098633__Baroque__rembrandt_portrait-of-nicolas-van-bambeeck-1641,000000098633,Baroque__rembrandt_portrait-of-nicolas-van-bambeeck-1641,0
cast,000000098633__Color_Field_Painting__leon-berkowitz_dark-light-rose-gold-1978,000000098633,Color_Field_Painting__leon-berkowitz_dark-light-rose-gold-1978,1
cast,000000098633__Cubism__salvador-dali_cubist-composition-portrait-of-a-seated-person-holding-a-letter,000000098633,Cubism__salvador-dali_cubist-composition-portrait-of-a-seated-person-holding-a-letter,0
cast,000000098633__Early_Renaissance__pietro-perugino_st-jerome-who-attends-two-unfairly-hanged-1473,000000098633,Early_Renaissance__pietro-perugino_st-jerome-who-attends-two-unfairly-hanged-1473,0
cast,000000098633__Expressionism__amedeo-modigliani_germaine-survage-with-earrings-1918,000000098633,Expressionism__amedeo-modigliani_germaine-survage-with-earrings-1918,0
cast,000000098633__High_Renaissance__raphael_madonna-and-child-enthroned-with-saints-1505,000000098633,High_Renaissance__raphael_madonna-and-child-enthroned-with-saints-1505,0
cast,000000098633__Impressionism__pierre-auguste-renoir_leaving-the-bath-1890,000000098633,Impressionism__pierre-auguste-renoir_leaving-the-bath-1890,0
cast,000000098633__Mannerism_Late_Renaissance__tintoretto_st-mark-rescuing-a-saracen-from-shipwreck-1566,000000098633,Mannerism_Late_Renaissance__tintoretto_st-mark-rescuing-a-saracen-from-shipwreck-1566,0
cast,000000098633__Minimalism__mario-schifano_untitled-1963,000000098633,Minimalism__mario-schifano_untitled-1963,0
cast,000000098633__Naive_Art_Primitivism__marc-chagall_the-young-samuel-the-priest-s-servant-heard-that-he-is-called-by-god-eli-and-he-were-sleeping,000000098633,Naive_Art_Primitivism__marc-chagall_the-young-samuel-the-priest-s-servant-heard-that-he-is-called-by-god-eli-and-he-were-sleeping,0
cast,000000098633__Northern_Renaissance__albrecht-durer_lamentation-over-christ-1507,000000098633,Northern_Renaissance__albrecht-durer_lamentation-over-christ-1507,0
cast,000000098633__Pop_Art__peter-max_composition-red-green-1979,000000098633,Pop_Art__peter-max_composition-red-green-1979,0
cast,000000098633__Post_Impressionism__vincent-van-gogh_restaurant-de-la-sirene-at-asnieres-1887,000000098633,Post_Impressionism__vincent-van-gogh_restaurant-de-la-sirene-at-asnieres-1887,0
cast,000000098633__Realism__vincent-van-gogh_cottage-with-peasant-coming-home-1885(1),000000098633,Realism__vincent-van-gogh_cottage-with-peasant-coming-home-1885(1),0
cast,000000098633__Rococo__dmitry-levitzky_portrait-of-baron-a-n-stroganoff,000000098633,Rococo__dmitry-levitzky_portrait-of-baron-a-n-stroganoff,0
cast,000000098633__Romanticism__gustave-dore_paradise-lost-4,000000098633,Romanticism__gustave-dore_paradise-lost-4,0
cast,000000098633__Symbolism__nicholas-roerich_language-of-forest-1922,000000098633,Symbolism__nicholas-roerich_language-of-forest-1922,0
cast,000000098633__Ukiyo_e__kitagawa-utamaro_not_detected_233134,000000098633,Ukiyo_e__kitagawa-utamaro_not_detected_233134,0
cast,000000106912__Abstract_Expressionism__paul-jenkins_not_detected_235703,000000106912,Abstract_Expressionism__paul-jenkins_not_detected_235703,0
cast,000000106912__Art_Nouveau_Modern__nicholas-roerich_oze-1914,000000106912,Art_Nouveau_Modern__nicholas-roerich_oze-1914,0
cast,000000106912__Baroque__rembrandt_portrait-of-nicolas-van-bambeeck-1641,000000106912,Baroque__rembrandt_portrait-of-nicolas-van-bambeeck-1641,0
cast,000000106912__Color_Field_Painting__leon-berkowitz_dark-light-rose-gold-1978,000000106912,Color_Field_Painting__leon-berkowitz_dark-light-rose-gold-1978,1
cast,000000106912__Cubism__salvador-dali_cubist-composition-portrait-of-a-seated-person-holding-a-letter,000000106912,Cubism__salvador-dali_cubist-composition-portrait-of-a-seated-person-holding-a-letter,0
cast,000000106912__Early_Renaissance__pietro-perugino_st-jerome-who-attends-two-unfairly-hanged-1473,000000106912,Early_Renaissance__pietro-perugino_st-jerome-who-attends-two-unfairly-hanged-1473,0
cast,000000106912__Expressionism__amedeo-modigliani_germaine-survage-with-earrings-1918,000000106912,Expressionism__amedeo-modigliani_germaine-survage-with-earrings-1918,0
cast,000000106912__High_Renaissance__raphael_madonna-and-child-enthroned-with-saints-1505,000000106912,High_Renaissance__raphael_madonna-and-child-enthroned-with-saints-1505,0
cast,000000106912__Impressionism__pierre-auguste-renoir_leaving-the-bath-1890,000000106912,Impressionism__pierre-auguste-renoir_leaving-the-bath-1890,0
cast,000000106912__Mannerism_Late_Renaissance__tintoretto_st-mark-rescuing-a-saracen-from-shipwreck-1566,000000106912,Mannerism_Late_Renaissance__tintoretto_st-mark-rescuing-a-saracen-from-shipwreck-1566,0
cast,000000106912__Minimalism__mario-schifano_untitled-1963,000000106912,Minimalism__mario-schifano_untitled-1963,0
cast,000000106912__Naive_Art_Primitivism__marc-chagall_the-young-samuel-the-priest-s-servant-heard-that-he-is-called-by-god-eli-and-he-were-sleeping,000000106912,Naive_Art_Primitivism__marc-chagall_the-young-samuel-the-priest-s-servant-heard-that-he-is-called-by-god-eli-and-he-were-sleeping,0
cast,000000106912__Northern_Renaissance__albrecht-durer_lamentation-over-christ-1507,000000106912,Northern_Renaissance__albrecht-durer_lamentation-over-christ-1507,0
cast,000000106912__Pop_Art__peter-max_composition-red-green-1979,000000106912,Pop_Art__peter-max_composition-red-green-1979,0
cast,000000106912__Post_Impressionism__vincent-van-gogh_restaurant-de-la-sirene-at-asnieres-1887,000000106912,Post_Impressionism__vincent-van-gogh_restaurant-de-la-sirene-at-asnieres-1887,0
cast,000000106912__Realism__vincent-van-gogh_cottage-with-peasant-coming-home-1885(1),000000106912,Realism__vincent-van-gogh_cottage-with-peasant-coming-home-1885(1),1
cast,000000106912__Rococo__dmitry-levitzky_portrait-of-baron-a-n-stroganoff,000000106912,Rococo__dmitry-levitzky_portrait-of-baron-a-n-stroganoff,0
cast,000000106912__Romanticism__gustave-dore_paradise-lost-4,000000106912,Romanticism__gustave-dore_paradise-lost-4,0
cast,000000106912__Symbolism__nicholas-roerich_language-of-forest-1922,000000106912,Symbolism__nicholas-roerich_language-of-forest-1922,0
cast,000000106912__Ukiyo_e__kitagawa-utamaro_not_detected_233134,000000106912,Ukiyo_e__kitagawa-utamaro_not_detected_233134,0
cast,000000116208__Abstract_Expressionism__paul-jenkins_not_detected_235703,000000116208,Abstract_Expressionism__paul-jenkins_not_detected_235703,0
cast,000000116208__Art_Nouveau_Modern__nicholas-roerich_oze-1914,000000116208,Art_Nouveau_Modern__nicholas-roerich_oze-1914,0
cast,000000116208__Baroque__rembrandt_portrait-of-nicolas-van-bambeeck-1641,000000116208,Baroque__rembrandt_portrait-of-nicolas-van-bambeeck-1641,1
cast,000000116208__Color_Field_Painting__leon-berkowitz_dark-light-rose-gold-1978,000000116208,Color_Field_Painting__leon-berkowitz_dark-light-rose-gold-1978,1
cast,000000116208__Cubism__salvador-dali_cubist-composition-portrait-of-a-seated-person-holding-a-letter,000000116208,Cubism__salvador-dali_cubist-composition-portrait-of-a-seated-person-holding-a-letter,0
cast,000000116208__Early_Renaissance__pietro-perugino_st-jerome-who-attends-two-unfairly-hanged-1473,000000116208,Early_Renaissance__pietro-perugino_st-jerome-who-attends-two-unfairly-hanged-1473,0
cast,000000116208__Expressionism__amedeo-modigliani_germaine-survage-with-earrings-1918,000000116208,Expressionism__amedeo-modigliani_germaine-survage-with-earrings-1918,0
cast,000000116208__High_Renaissance__raphael_madonna-and-child-enthroned-with-saints-1505,000000116208,High_Renaissance__raphael_madonna-and-child-enthroned-with-saints-1505,0
cast,000000116208__Impressionism__pierre-auguste-renoir_leaving-the-bath-1890,000000116208,Impressionism__pierre-auguste-renoir_leaving-the-bath-1890,1
cast,000000116208__Mannerism_Late_Renaissance__tintoretto_st-mark-rescuing-a-saracen-from-shipwreck-1566,000000116208,Mannerism_Late_Renaissance__tintoretto_st-mark-rescuing-a-saracen-from-shipwreck-1566,0
cast,000000116208__Minimalism__mario-schifano_untitled-1963,000000116208,Minimalism__mario-schifano_untitled-1963,0
cast,000000116208__Naive_Art_Primitivism__marc-chagall_the-young-samuel-the-priest-s-servant-heard-that-he-is-called-by-god-eli-and-he-were-sleeping,000000116208,Naive_Art_Primitivism__marc-chagall_the-young-samuel-the-priest-s-servant-heard-that-he-is-called-by-god-eli-and-he-were-sleeping,0
cast,000000116208__Northern_Renaissance__albrecht-durer_lamentation-over-christ-1507,000000116208,Northern_Renaissance__albrecht-durer_lamentation-over-christ-1507,1
cast,000000116208__Pop_Art__peter-max_composition-red-green-1979,000000116208,Pop_Art__peter-max_composition-red-green-1979,0
cast,000000116208__Post_Impressionism__vincent-van-gogh_restaurant-de-la-sirene-at-asnieres-1887,000000116208,Post_Impressionism__vincent-van-gogh_restaurant-de-la-sirene-at-asnieres-1887,0
cast,000000116208__Realism__vincent-van-gogh_cottage-with-peasant-coming-home-1885(1),000000116208,Realism__vincent-van-gogh_cottage-with-peasant-coming-home-1885(1),0
cast,000000116208__Rococo__dmitry-levitzky_portrait-of-baron-a-n-stroganoff,000000116208,Rococo__dmitry-levitzky_portrait-of-baron-a-n-stroganoff,0
cast,000000116208__Romanticism__gustave-dore_paradise-lost-4,000000116208,Romanticism__gustave-dore_paradise-lost-4,0
cast,000000116208__Symbolism__nicholas-roerich_language-of-forest-1922,000000116208,Symbolism__nicholas-roerich_language-of-forest-1922,0
cast,000000116208__Ukiyo_e__kitagawa-utamaro_not_detected_233134,000000116208,Ukiyo_e__kitagawa-utamaro_not_detected_233134,0
cast,000000135872__Abstract_Expressionism__paul-jenkins_not_detected_235703,000000135872,Abstract_Expressionism__paul-jenkins_not_detected_235703,0
cast,000000135872__Art_Nouveau_Modern__nicholas-roerich_oze-1914,000000135872,Art_Nouveau_Modern__nicholas-roerich_oze-1914,0
cast,000000135872__Baroque__rembrandt_portrait-of-nicolas-van-bambeeck-1641,000000135872,Baroque__rembrandt_portrait-of-nicolas-van-bambeeck-1641,0
cast,000000135872__Color_Field_Painting__leon-berkowitz_dark-light-rose-gold-1978,000000135872,Color_Field_Painting__leon-berkowitz_dark-light-rose-gold-1978,0
cast,000000135872__Cubism__salvador-dali_cubist-composition-portrait-of-a-seated-person-holding-a-letter,000000135872,Cubism__salvador-dali_cubist-composition-portrait-of-a-seated-person-holding-a-letter,0
cast,000000135872__Early_Renaissance__pietro-perugino_st-jerome-who-attends-two-unfairly-hanged-1473,000000135872,Early_Renaissance__pietro-perugino_st-jerome-who-attends-two-unfairly-hanged-1473,0
cast,000000135872__Expressionism__amedeo-modigliani_germaine-survage-with-earrings-1918,000000135872,Expressionism__amedeo-modigliani_germaine-survage-with-earrings-1918,0
cast,000000135872__High_Renaissance__raphael_madonna-and-child-enthroned-with-saints-1505,000000135872,High_Renaissance__raphael_madonna-and-child-enthroned-with-saints-1505,0
cast,000000135872__Impressionism__pierre-auguste-renoir_leaving-the-bath-1890,000000135872,Impressionism__pierre-auguste-renoir_leaving-the-bath-1890,0
cast,000000135872__Mannerism_Late_Renaissance__tintoretto_st-mark-rescuing-a-saracen-from-shipwreck-1566,000000135872,Mannerism_Late_Renaissance__tintoretto_st-mark-rescuing-a-saracen-from-shipwreck-1566,0
cast,000000135872__Minimalism__mario-schifano_untitled-1963,000000135872,Minimalism__mario-schifano_untitled-1963,1
cast,000000135872__Naive_Art_Primitivism__marc-chagall_the-young-samuel-the-priest-s-servant-heard-that-he-is-called-by-god-eli-and-he-were-sleeping,000000135872,Naive_Art_Primitivism__marc-chagall_the-young-samuel-the-priest-s-servant-heard-that-he-is-called-by-god-eli-and-he-were-sleeping,0
cast,000000135872__Northern_Renaissance__albrecht-durer_lamentation-over-christ-1507,000000135872,Northern_Renaissance__albrecht-durer_lamentation-over-christ-1507,0
cast,000000135872__Pop_Art__peter-max_composition-red-green-1979,000000135872,Pop_Art__peter-max_composition-red-green-1979,1
cast,000000135872__Post_Impressionism__vincent-van-gogh_restaurant-de-la-sirene-at-asnieres-1887,000000135872,Post_Impressionism__vincent-van-gogh_restaurant-de-la-sirene-at-asnieres-1887,1
cast,000000135872__Realism__vincent-van-gogh_cottage-with-peasant-coming-home-1885(1),000000135872,Realism__vincent-van-gogh_cottage-with-peasant-coming-home-1885(1),0
cast,000000135872__Rococo__dmitry-levitzky_portrait-of-baron-a-n-stroganoff,000000135872,Rococo__dmitry-levitzky_portrait-of-baron-a-n-stroganoff,0
cast,000000135872__Romanticism__gustave-dore_paradise-lost-4,000000135872,Romanticism__gustave-dore_paradise-lost-4,0
cast,000000135872__Symbolism__nicholas-roerich_language-of-forest-1922,000000135872,Symbolism__nicholas-roerich_language-of-forest-1922,0
cast,000000135872__Ukiyo_e__kitagawa-utamaro_not_detected_233134,000000135872,Ukiyo_e__kitagawa-utamaro_not_detected_233134,0
cast,000000196442__Abstract_Expressionism__paul-jenkins_not_detected_235703,000000196442,Abstract_Expressionism__paul-jenkins_not_detected_235703,1
cast,000000196442__Art_Nouveau_Modern__nicholas-roerich_oze-1914,000000196442,Art_Nouveau_Modern__nicholas-roerich_oze-1914,0
cast,000000196442__Baroque__rembrandt_portrait-of-nicolas-van-bambeeck-1641,000000196442,Baroque__rembrandt_portrait-of-nicolas-van-bambeeck-1641,0
cast,000000196442__Color_Field_Painting__leon-berkowitz_dark-light-rose-gold-1978,000000196442,Color_Field_Painting__leon-berkowitz_dark-light-rose-gold-1978,0
cast,000000196442__Cubism__salvador-dali_cubist-composition-portrait-of-a-seated-person-holding-a-letter,000000196442,Cubism__salvador-dali_cubist-composition-portrait-of-a-seated-person-holding-a-letter,0
cast,000000196442__Early_Renaissance__pietro-perugino_st-jerome-who-attends-two-unfairly-hanged-1473,000000196442,Early_Renaissance__pietro-perugino_st-jerome-who-attends-two-unfairly-hanged-1473,0
cast,000000196442__Expressionism__amedeo-modigliani_germaine-survage-with-earrings-1918,000000196442,Expressionism__amedeo-modigliani_germaine-survage-with-earrings-1918,0
cast,000000196442__High_Renaissance__raphael_madonna-and-child-enthroned-with-saints-1505,000000196442,High_Renaissance__raphael_madonna-and-child-enthroned-with-saints-1505,0
cast,000000196442__Impressionism__pierre-auguste-renoir_leaving-the-bath-1890,000000196442,Impressionism__pierre-auguste-renoir_leaving-the-bath-1890,1
cast,000000196442__Mannerism_Late_Renaissance__tintoretto_st-mark-rescuing-a-saracen-from-shipwreck-1566,000000196442,Mannerism_Late_Renaissance__tintoretto_st-mark-rescuing-a-saracen-from-shipwreck-1566,0
cast,000000196442__Minimalism__mario-schifano_untitled-1963,000000196442,Minimalism__mario-schifano_untitled-1963,0
cast,000000196442__Naive_Art_Primitivism__marc-chagall_the-young-samuel-the-priest-s-servant-heard-that-he-is-called-by-god-eli-and-he-were-sleeping,000000196442,Naive_Art_Primitivism__marc-chagall_the-young-samuel-the-priest-s-servant-heard-that-he-is-called-by-god-eli-and-he-were-sleeping,0
cast,000000196442__Northern_Renaissance__albrecht-durer_lamentation-over-christ-1507,000000196442,Northern_Renaissance__albrecht-durer_lamentation-over-christ-1507,0
cast,000000196442__Pop_Art__peter-max_composition-red-green-1979,000000196442,Pop_Art__peter-max_composition-red-green-1979,0
cast,000000196442__Post_Impressionism__vincent-van-gogh_restaurant-de-la-sirene-at-asnieres-1887,000000196442,Post_Impressionism__vincent-van-gogh_restaurant-de-la-sirene-at-asnieres-1887,0
cast,000000196442__Realism__vincent-van-gogh_cottage-with-peasant-coming-home-1885(1),000000196442,Realism__vincent-van-gogh_cottage-with-peasant-coming-home-1885(1),0
cast,000000196442__Rococo__dmitry-levitzky_portrait-of-baron-a-n-stroganoff,000000196442,Rococo__dmitry-levitzky_portrait-of-baron-a-n-stroganoff,0
cast,000000196442__Romanticism__gustave-dore_paradise-lost-4,000000196442,Romanticism__gustave-dore_paradise-lost-4,1
cast,000000196442__Symbolism__nicholas-roerich_language-of-forest-1922,000000196442,Symbolism__nicholas-roerich_language-of-forest-1922,0
cast,000000196442__Ukiyo_e__kitagawa-utamaro_not_detected_233134,000000196442,Ukiyo_e__kitagawa-utamaro_not_detected_233134,0
cast,000000210388__Abstract_Expressionism__paul-jenkins_not_detected_235703,000000210388,Abstract_Expressionism__paul-jenkins_not_detected_235703,0
cast,000000210388__Art_Nouveau_Modern__nicholas-roerich_oze-1914,000000210388,Art_Nouveau_Modern__nicholas-roerich_oze-1914,0
cast,000000210388__Baroque__rembrandt_portrait-of-nicolas-van-bambeeck-1641,000000210388,Baroque__rembrandt_portrait-of-nicolas-van-bambeeck-1641,0
cast,000000210388__Color_Field_Painting__leon-berkowitz_dark-light-rose-gold-1978,000000210388,Color_Field_Painting__leon-berkowitz_dark-light-rose-gold-1978,1
cast,000000210388__Cubism__salvador-dali_cubist-composition-portrait-of-a-seated-person-holding-a-letter,000000210388,Cubism__salvador-dali_cubist-composition-portrait-of-a-seated-person-holding-a-letter,0
cast,000000210388__Early_Renaissance__pietro-perugino_st-jerome-who-attends-two-unfairly-hanged-1473,000000210388,Early_Renaissance__pietro-perugino_st-jerome-who-attends-two-unfairly-hanged-1473,0
cast,000000210388__Expressionism__amedeo-modigliani_germaine-survage-with-earrings-1918,000000210388,Expressionism__amedeo-modigliani_germaine-survage-with-earrings-1918,0
cast,000000210388__High_Renaissance__raphael_madonna-and-child-enthroned-with-saints-1505,000000210388,High_Renaissance__raphael_madonna-and-child-enthroned-with-saints-1505,0
cast,000000210388__Impressionism__pierre-auguste-renoir_leaving-the-bath-1890,000000210388,Impressionism__pierre-auguste-renoir_leaving-the-bath-1890,0
cast,000000210388__Mannerism_Late_Renaissance__tintoretto_st-mark-rescuing-a-saracen-from-shipwreck-1566,000000210388,Mannerism_Late_Renaissance__tintoretto_st-mark-rescuing-a-saracen-from-shipwreck-1566,0
cast,000000210388__Minimalism__mario-schifano_untitled-1963,000000210388,Minimalism__mario-schifano_untitled-1963,0
cast,000000210388__Naive_Art_Primitivism__marc-chagall_the-young-samuel-the-priest-s-servant-heard-that-he-is-called-by-god-eli-and-he-were-sleeping,000000210388,Naive_Art_Primitivism__marc-chagall_the-young-samuel-the-priest-s-servant-heard-that-he-is-called-by-god-eli-and-he-were-sleeping,0
cast,000000210388__Northern_Renaissance__albrecht-durer_lamentation-over-christ-1507,000000210388,Northern_Renaissance__albrecht-durer_lamentation-over-christ-1507,0
cast,000000210388__Pop_Art__peter-max_composition-red-green-1979,000000210388,Pop_Art__peter-max_composition-red-green-1979,0
cast,000000210388__Post_Impressionism__vincent-van-gogh_restaurant-de-la-sirene-at-asnieres-1887,000000210388,Post_Impressionism__vincent-van-gogh_restaurant-de-la-sirene-at-asnieres-1887,0
cast,000000210388__Realism__vincent-van-gogh_cottage-with-peasant-coming-home-1885(1),000000210388,Realism__vincent-van-gogh_cottage-with-peasant-coming-home-1885(1),0
cast,000000210388__Rococo__dmitry-levitzky_portrait-of-baron-a-n-stroganoff,000000210388,Rococo__dmitry-levitzky_portrait-of-baron-a-n-stroganoff,0
cast,000000210388__Romanticism__gustave-dore_paradise-lost-4,000000210388,Romanticism__gustave-dore_paradise-lost-4,1
cast,000000210388__Symbolism__nicholas-roerich_language-of-forest-1922,000000210388,Symbolism__nicholas-roerich_language-of-forest-1922,1
cast,000000210388__Ukiyo_e__kitagawa-utamaro_not_detected_233134,000000210388,Ukiyo_e__kitagawa-utamaro_not_detected_233134,0
cast,000000226171__Abstract_Expressionism__paul-jenkins_not_detected_235703,000000226171,Abstract_Expressionism__paul-jenkins_not_detected_235703,0
cast,000000226171__Art_Nouveau_Modern__nicholas-roerich_oze-1914,000000226171,Art_Nouveau_Modern__nicholas-roerich_oze-1914,0
cast,000000226171__Baroque__rembrandt_portrait-of-nicolas-van-bambeeck-1641,000000226171,Baroque__rembrandt_portrait-of-nicolas-van-bambeeck-1641,0
cast,000000226171__Color_Field_Painting__leon-berkowitz_dark-light-rose-gold-1978,000000226171,Color_Field_Painting__leon-berkowitz_dark-light-rose-gold-1978,1
cast,000000226171__Cubism__salvador-dali_cubist-composition-portrait-of-a-seated-person-holding-a-letter,000000226171,Cubism__salvador-dali_cubist-composition-portrait-of-a-seated-person-holding-a-letter,0
cast,000000226171__Early_Renaissance__pietro-perugino_st-jerome-who-attends-two-unfairly-hanged-1473,000000226171,Early_Renaissance__pietro-perugino_st-jerome-who-attends-two-unfairly-hanged-1473,0
cast,000000226171__Expressionism__amedeo-modigliani_germaine-survage-with-earrings-1918,000000226171,Expressionism__amedeo-modigliani_germaine-survage-with-earrings-1918,0
cast,000000226171__High_Renaissance__raphael_madonna-and-child-enthroned-with-saints-1505,000000226171,High_Renaissance__raphael_madonna-and-child-enthroned-with-saints-1505,0
cast,000000226171__Impressionism__pierre-auguste-renoir_leaving-the-bath-1890,000000226171,Impressionism__pierre-auguste-renoir_leaving-the-bath-1890,0
cast,000000226171__Mannerism_Late_Renaissance__tintoretto_st-mark-rescuing-a-saracen-from-shipwreck-1566,000000226171,Mannerism_Late_Renaissance__tintoretto_st-mark-rescuing-a-saracen-from-shipwreck-1566,0
cast,000000226171__Minimalism__mario-schifano_untitled-1963,000000226171,Minimalism__mario-schifano_untitled-1963,1
cast,000000226171__Naive_Art_Primitivism__marc-chagall_the-young-samuel-the-priest-s-servant-heard-that-he-is-called-by-god-eli-and-he-were-sleeping,000000226171,Naive_Art_Primitivism__marc-chagall_the-young-samuel-the-priest-s-servant-heard-that-he-is-called-by-god-eli-and-he-were-sleeping,0
cast,000000226171__Northern_Renaissance__albrecht-durer_lamentation-over-christ-1507,000000226171,Northern_Renaissance__albrecht-durer_lamentation-over-christ-1507,1
cast,000000226171__Pop_Art__peter-max_composition-red-green-1979,000000226171,Pop_Art__peter-max_composition-red-green-1979,1
cast,000000226171__Post_Impressionism__vincent-van-gogh_restaurant-de-la-sirene-at-asnieres-1887,000000226171,Post_Impressionism__vincent-van-gogh_restaurant-de-la-sirene-at-asnieres-1887,0
cast,000000226171__Realism__vincent-van-gogh_cottage-with-peasant-coming-home-1885(1),000000226171,Realism__vincent-van-gogh_cottage-with-peasant-coming-home-1885(1),0
cast,000000226171__Rococo__dmitry-levitzky_portrait-of-baron-a-n-stroganoff,000000226171,Rococo__dmitry-levitzky_portrait-of-baron-a-n-stroganoff,0
cast,000000226171__Romanticism__gustave-dore_paradise-lost-4,000000226171,Romanticism__gustave-dore_paradise-lost-4,0
cast,000000226171__Symbolism__nicholas-roerich_language-of-forest-1922,000000226171,Symbolism__nicholas-roerich_language-of-forest-1922,0
cast,000000226171__Ukiyo_e__kitagawa-utamaro_not_detected_233134,000000226171,Ukiyo_e__kitagawa-utamaro_not_detected_233134,0
cast,000000235857__Abstract_Expressionism__paul-jenkins_not_detected_235703,000000235857,Abstract_Expressionism__paul-jenkins_not_detected_235703,0
cast,000000235857__Art_Nouveau_Modern__nicholas-roerich_oze-1914,000000235857,Art_Nouveau_Modern__nicholas-roerich_oze-1914,0
cast,000000235857__Baroque__rembrandt_portrait-of-nicolas-van-bambeeck-1641,000000235857,Baroque__rembrandt_portrait-of-nicolas-van-bambeeck-1641,0
cast,000000235857__Color_Field_Painting__leon-berkowitz_dark-light-rose-gold-1978,000000235857,Color_Field_Painting__leon-berkowitz_dark-light-rose-gold-1978,0
cast,000000235857__Cubism__salvador-dali_cubist-composition-portrait-of-a-seated-person-holding-a-letter,000000235857,Cubism__salvador-dali_cubist-composition-portrait-of-a-seated-person-holding-a-letter,0
cast,000000235857__Early_Renaissance__pietro-perugino_st-jerome-who-attends-two-unfairly-hanged-1473,000000235857,Early_Renaissance__pietro-perugino_st-jerome-who-attends-two-unfairly-hanged-1473,0
cast,000000235857__Expressionism__amedeo-modigliani_germaine-survage-with-earrings-1918,000000235857,Expressionism__amedeo-modigliani_germaine-survage-with-earrings-1918,0
cast,000000235857__High_Renaissance__raphael_madonna-and-child-enthroned-with-saints-1505,000000235857,High_Renaissance__raphael_madonna-and-child-enthroned-with-saints-1505,0
cast,000000235857__Impressionism__pierre-auguste-renoir_leaving-the-bath-1890,000000235857,Impressionism__pierre-auguste-renoir_leaving-the-bath-1890,0
cast,000000235857__Mannerism_Late_Renaissance__tintoretto_st-mark-rescuing-a-saracen-from-shipwreck-1566,000000235857,Mannerism_Late_Renaissance__tintoretto_st-mark-rescuing-a-saracen-from-shipwreck-1566,0
cast,000000235857__Minimalism__mario-schifano_untitled-1963,000000235857,Minimalism__mario-schifano_untitled-1963,0
cast,000000235857__Naive_Art_Primitivism__marc-chagall_the-young-samuel-the-priest-s-servant-heard-that-he-is-called-by-god-eli-and-he-were-sleeping,000000235857,Naive_Art_Primitivism__marc-chagall_the-young-samuel-the-priest-s-servant-heard-that-he-is-called-by-god-eli-and-he-were-sleeping,0
cast,000000235857__Northern_Renaissance__albrecht-durer_lamentation-over-christ-1507,000000235857,Northern_Renaissance__albrecht-durer_lamentation-over-christ-1507,0
cast,000000235857__Pop_Art__peter-max_composition-red-green-1979,000000235857,Pop_Art__peter-max_composition-red-green-1979,0
cast,000000235857__Post_Impressionism__vincent-van-gogh_restaurant-de-la-sirene-at-asnieres-1887,000000235857,Post_Impressionism__vincent-van-gogh_restaurant-de-la-sirene-at-asnieres-1887,0
cast,000000235857__Realism__vincent-van-gogh_cottage-with-peasant-coming-home-1885(1),000000235857,Realism__vincent-van-gogh_cottage-with-peasant-coming-home-1885(1),1
cast,000000235857__Rococo__dmitry-levitzky_portrait-of-baron-a-n-stroganoff,000000235857,Rococo__dmitry-levitzky_portrait-of-baron-a-n-stroganoff,0
cast,000000235857__Romanticism__gustave-dore_paradise-lost-4,000000235857,Romanticism__gustave-dore_paradise-lost-4,0
cast,000000235857__Symbolism__nicholas-roerich_language-of-forest-1922,000000235857,Symbolism__nicholas-roerich_language-of-forest-1922,0
cast,000000235857__Ukiyo_e__kitagawa-utamaro_not_detected_233134,000000235857,Ukiyo_e__kitagawa-utamaro_not_detected_233134,0
cast,000000272364__Abstract_Expressionism__paul-jenkins_not_detected_235703,000000272364,Abstract_Expressionism__paul-jenkins_not_detected_235703,0
cast,000000272364__Art_Nouveau_Modern__nicholas-roerich_oze-1914,000000272364,Art_Nouveau_Modern__nicholas-roerich_oze-1914,1
cast,000000272364__Baroque__rembrandt_portrait-of-nicolas-van-bambeeck-1641,000000272364,Baroque__rembrandt_portrait-of-nicolas-van-bambeeck-1641,0
cast,000000272364__Color_Field_Painting__leon-berkowitz_dark-light-rose-gold-1978,000000272364,Color_Field_Painting__leon-berkowitz_dark-light-rose-gold-1978,1
cast,000000272364__Cubism__salvador-dali_cubist-composition-portrait-of-a-seated-person-holding-a-letter,000000272364,Cubism__salvador-dali_cubist-composition-portrait-of-a-seated-person-holding-a-letter,0
cast,000000272364__Early_Renaissance__pietro-perugino_st-jerome-who-attends-two-unfairly-hanged-1473,000000272364,Early_Renaissance__pietro-perugino_st-jerome-who-attends-two-unfairly-hanged-1473,0
cast,000000272364__Expressionism__amedeo-modigliani_germaine-survage-with-earrings-1918,000000272364,Expressionism__amedeo-modigliani_germaine-survage-with-earrings-1918,0
cast,000000272364__High_Renaissance__raphael_madonna-and-child-enthroned-with-saints-1505,000000272364,High_Renaissance__raphael_madonna-and-child-enthroned-with-saints-1505,0
cast,000000272364__Impressionism__pierre-auguste-renoir_leaving-the-bath-1890,000000272364,Impressionism__pierre-auguste-renoir_leaving-the-bath-1890,0
cast,000000272364__Mannerism_Late_Renaissance__tintoretto_st-mark-rescuing-a-saracen-from-shipwreck-1566,000000272364,Mannerism_Late_Renaissance__tintoretto_st-mark-rescuing-a-saracen-from-shipwreck-1566,0
cast,000000272364__Minimalism__mario-schifano_untitled-1963,000000272364,Minimalism__mario-schifano_untitled-1963,0
cast,000000272364__Naive_Art_Primitivism__marc-chagall_the-young-samuel-the-priest-s-servant-heard-that-he-is-called-by-god-eli-and-he-were-sleeping,000000272364,Naive_Art_Primitivism__marc-chagall_the-young-samuel-the-priest-s-servant-heard-that-he-is-called-by-god-eli-and-he-were-sleeping,0
cast,000000272364__Northern_Renaissance__albrecht-durer_lamentation-over-christ-1507,000000272364,Northern_Renaissance__albrecht-durer_lamentation-over-christ-1507,0
cast,000000272364__Pop_Art__peter-max_composition-red-green-1979,000000272364,Pop_Art__peter-max_composition-red-green-1979,0
cast,000000272364__Post_Impressionism__vincent-van-gogh_restaurant-de-la-sirene-at-asnieres-1887,000000272364,Post_Impressionism__vincent-van-gogh_restaurant-de-la-sirene-at-asnieres-1887,0
cast,000000272364__Realism__vincent-van-gogh_cottage-with-peasant-coming-home-1885(1),000000272364,Realism__vincent-van-gogh_cottage-with-peasant-coming-home-1885(1),0
cast,000000272364__Rococo__dmitry-levitzky_portrait-of-baron-a-n-stroganoff,000000272364,Rococo__dmitry-levitzky_portrait-of-baron-a-n-stroganoff,0
cast,000000272364__Romanticism__gustave-dore_paradise-lost-4,000000272364,Romanticism__gustave-dore_paradise-lost-4,0
cast,000000272364__Symbolism__nicholas-roerich_language-of-forest-1922,000000272364,Symbolism__nicholas-roerich_language-of-forest-1922,0
cast,000000272364__Ukiyo_e__kitagawa-utamaro_not_detected_233134,000000272364,Ukiyo_e__kitagawa-utamaro_not_detected_233134,0
cast,000000273132__Abstract_Expressionism__paul-jenkins_not_detected_235703,000000273132,Abstract_Expressionism__paul-jenkins_not_detected_235703,0
cast,000000273132__Art_Nouveau_Modern__nicholas-roerich_oze-1914,000000273132,Art_Nouveau_Modern__nicholas-roerich_oze-1914,0
cast,000000273132__Baroque__rembrandt_portrait-of-nicolas-van-bambeeck-1641,000000273132,Baroque__rembrandt_portrait-of-nicolas-van-bambeeck-1641,1
cast,000000273132__Color_Field_Painting__leon-berkowitz_dark-light-rose-gold-1978,000000273132,Color_Field_Painting__leon-berkowitz_dark-light-rose-gold-1978,1
cast,000000273132__Cubism__salvador-dali_cubist-composition-portrait-of-a-seated-person-holding-a-letter,000000273132,Cubism__salvador-dali_cubist-composition-portrait-of-a-seated-person-holding-a-letter,0
cast,000000273132__Early_Renaissance__pietro-perugino_st-jerome-who-attends-two-unfairly-hanged-1473,000000273132,Early_Renaissance__pietro-perugino_st-jerome-who-attends-two-unfairly-hanged-1473,0
cast,000000273132__Expressionism__amedeo-modigliani_germaine-survage-with-earrings-1918,000000273132,Expressionism__amedeo-modigliani_germaine-survage-with-earrings-1918,0
cast,000000273132__High_Renaissance__raphael_madonna-and-child-enthroned-with-saints-1505,000000273132,High_Renaissance__raphael_madonna-and-child-enthroned-with-saints-1505,0
cast,000000273132__Impressionism__pierre-auguste-renoir_leaving-the-bath-1890,000000273132,Impressionism__pierre-auguste-renoir_leaving-the-bath-1890,1
cast,000000273132__Mannerism_Late_Renaissance__tintoretto_st-mark-rescuing-a-saracen-from-shipwreck-1566,000000273132,Mannerism_Late_Renaissance__tintoretto_st-mark-rescuing-a-saracen-from-shipwreck-1566,0
cast,000000273132__Minimalism__mario-schifano_untitled-1963,000000273132,Minimalism__mario-schifano_untitled-1963,0
cast,000000273132__Naive_Art_Primitivism__marc-chagall_the-young-samuel-the-priest-s-servant-heard-that-he-is-called-by-god-eli-and-he-were-sleeping,000000273132,Naive_Art_Primitivism__marc-chagall_the-young-samuel-the-priest-s-servant-heard-that-he-is-called-by-god-eli-and-he-were-sleeping,0
cast,000000273132__Northern_Renaissance__albrecht-durer_lamentation-over-christ-1507,000000273132,Northern_Renaissance__albrecht-durer_lamentation-over-christ-1507,1
cast,000000273132__Pop_Art__peter-max_composition-red-green-1979,000000273132,Pop_Art__peter-max_composition-red-green-1979,0
cast,000000273132__Post_Impressionism__vincent-van-gogh_restaurant-de-la-sirene-at-asnieres-1887,000000273132,Post_Impressionism__vincent-van-gogh_restaurant-de-la-sirene-at-asnieres-1887,0
cast,000000273132__Realism__vincent-van-gogh_cottage-with-peasant-coming-home-1885(1),000000273132,Realism__vincent-van-gogh_cottage-with-peasant-coming-home-1885(1),0
cast,000000273132__Rococo__dmitry-levitzky_portrait-of-baron-a-n-stroganoff,000000273132,Rococo__dmitry-levitzky_portrait-of-baron-a-n-stroganoff,0
cast,000000273132__Romanticism__gustave-dore_paradise-lost-4,000000273132,Romanticism__gustave-dore_paradise-lost-4,0
cast,000000273132__Symbolism__nicholas-roerich_language-of-forest-1922,000000273132,Symbolism__nicholas-roerich_language-of-forest-1922,0
cast,000000273132__Ukiyo_e__kitagawa-utamaro_not_detected_233134,000000273132,Ukiyo_e__kitagawa-utamaro_not_detected_233134,0
cast,000000277051__Abstract_Expressionism__paul-jenkins_not_detected_235703,000000277051,Abstract_Expressionism__paul-jenkins_not_detected_235703,0
cast,000000277051__Art_Nouveau_Modern__nicholas-roerich_oze-1914,000000277051,Art_Nouveau_Modern__nicholas-roerich_oze-1914,0
cast,000000277051__Baroque__rembrandt_portrait-of-nicolas-van-bambeeck-1641,000000277051,Baroque__rembrandt_portrait-of-nicolas-van-bambeeck-1641,0
cast,000000277051__Color_Field_Painting__leon-berkowitz_dark-light-rose-gold-1978,000000277051,Color_Field_Painting__leon-berkowitz_dark-light-rose-gold-1978,1
cast,000000277051__Cubism__salvador-dali_cubist-composition-portrait-of-a-seated-person-holding-a-letter,000000277051,Cubism__salvador-dali_cubist-composition-portrait-of-a-seated-person-holding-a-letter,0
cast,000000277051__Early_Renaissance__pietro-perugino_st-jerome-who-attends-two-unfairly-hanged-1473,000000277051,Early_Renaissance__pietro-perugino_st-jerome-who-attends-two-unfairly-hanged-1473,0
cast,000000277051__Expressionism__amedeo-modigliani_germaine-survage-with-earrings-1918,000000277051,Expressionism__amedeo-modigliani_germaine-survage-with-earrings-1918,0
cast,000000277051__High_Renaissance__raphael_madonna-and-child-enthroned-with-saints-1505,000000277051,High_Renaissance__raphael_madonna-and-child-enthroned-with-saints-1505,0
cast,000000277051__Impressionism__pierre-auguste-renoir_leaving-the-bath-1890,000000277051,Impressionism__pierre-auguste-renoir_leaving-the-bath-1890,1
cast,000000277051__Mannerism_Late_Renaissance__tintoretto_st-mark-rescuing-a-saracen-from-shipwreck-1566,000000277051,Mannerism_Late_Renaissance__tintoretto_st-mark-rescuing-a-saracen-from-shipwreck-1566,0
cast,000000277051__Minimalism__mario-schifano_untitled-1963,000000277051,Minimalism__mario-schifano_untitled-1963,0
cast,000000277051__Naive_Art_Primitivism__marc-chagall_the-young-samuel-the-priest-s-servant-heard-that-he-is-called-by-god-eli-and-he-were-sleeping,000000277051,Naive_Art_Primitivism__marc-chagall_the-young-samuel-the-priest-s-servant-heard-that-he-is-called-by-god-eli-and-he-were-sleeping,0
cast,000000277051__Northern_Renaissance__albrecht-durer_lamentation-over-christ-1507,000000277051,Northern_Renaissance__albrecht-durer_lamentation-over-christ-1507,0
cast,000000277051__Pop_Art__peter-max_composition-red-green-1979,000000277051,Pop_Art__peter-max_composition-red-green-1979,0
cast,000000277051__Post_Impressionism__vincent-van-gogh_restaurant-de-la-sirene-at-asnieres-1887,000000277051,Post_Impressionism__vincent-van-gogh_restaurant-de-la-sirene-at-asnieres-1887,0
cast,000000277051__Realism__vincent-van-gogh_cottage-with-peasant-coming-home-1885(1),000000277051,Realism__vincent-van-gogh_cottage-with-peasant-coming-home-1885(1),0
cast,000000277051__Rococo__dmitry-levitzky_portrait-of-baron-a-n-stroganoff,000000277051,Rococo__dmitry-levitzky_portrait-of-baron-a-n-stroganoff,0
cast,000000277051__Romanticism__gustave-dore_paradise-lost-4,000000277051,Romanticism__gustave-dore_paradise-lost-4,1
cast,000000277051__Symbolism__nicholas-roerich_language-of-forest-1922,000000277051,Symbolism__nicholas-roerich_language-of-forest-1922,0
cast,000000277051__Ukiyo_e__kitagawa-utamaro_not_detected_233134,000000277051,Ukiyo_e__kitagawa-utamaro_not_detected_233134,0
cast,000000296969__Abstract_Expressionism__paul-jenkins_not_detected_235703,000000296969,Abstract_Expressionism__paul-jenkins_not_detected_235703,0
cast,000000296969__Art_Nouveau_Modern__nicholas-roerich_oze-1914,000000296969,Art_Nouveau_Modern__nicholas-roerich_oze-1914,0
cast,000000296969__Baroque__rembrandt_portrait-of-nicolas-van-bambeeck-1641,000000296969,Baroque__rembrandt_portrait-of-nicolas-van-bambeeck-1641,0
cast,000000296969__Color_Field_Painting__leon-berkowitz_dark-light-rose-gold-1978,000000296969,Color_Field_Painting__leon-berkowitz_dark-light-rose-gold-1978,1
cast,000000296969__Cubism__salvador-dali_cubist-composition-portrait-of-a-seated-person-holding-a-letter,000000296969,Cubism__salvador-dali_cubist-composition-portrait-of-a-seated-person-holding-a-letter,0
cast,000000296969__Early_Renaissance__pietro-perugino_st-jerome-who-attends-two-unfairly-hanged-1473,000000296969,Early_Renaissance__pietro-perugino_st-jerome-who-attends-two-unfairly-hanged-1473,0
cast,000000296969__Expressionism__amedeo-modigliani_germaine-survage-with-earrings-1918,000000296969,Expressionism__amedeo-modigliani_germaine-survage-with-earrings-1918,0
cast,000000296969__High_Renaissance__raphael_madonna-and-child-enthroned-with-saints-1505,000000296969,High_Renaissance__raphael_madonna-and-child-enthroned-with-saints-1505,0
cast,000000296969__Impressionism__pierre-auguste-renoir_leaving-the-bath-1890,000000296969,Impressionism__pierre-auguste-renoir_leaving-the-bath-1890,1
cast,000000296969__Mannerism_Late_Renaissance__tintoretto_st-mark-rescuing-a-saracen-from-shipwreck-1566,000000296969,Mannerism_Late_Renaissance__tintoretto_st-mark-rescuing-a-saracen-from-shipwreck-1566,0
cast,000000296969__Minimalism__mario-schifano_untitled-1963,000000296969,Minimalism__mario-schifano_untitled-1963,0
cast,000000296969__Naive_Art_Primitivism__marc-chagall_the-young-samuel-the-priest-s-servant-heard-that-he-is-called-by-god-eli-and-he-were-sleeping,000000296969,Naive_Art_Primitivism__marc-chagall_the-young-samuel-the-priest-s-servant-heard-that-he-is-called-by-god-eli-and-he-were-sleeping,0
cast,000000296969__Northern_Renaissance__albrecht-durer_lamentation-over-christ-1507,000000296969,Northern_Renaissance__albrecht-durer_lamentation-over-christ-1507,0
cast,000000296969__Pop_Art__peter-max_composition-red-green-1979,000000296969,Pop_Art__peter-max_composition-red-green-1979,0
cast,000000296969__Post_Impressionism__vincent-van-gogh_restaurant-de-la-sirene-at-asnieres-1887,000000296969,Post_Impressionism__vincent-van-gogh_restaurant-de-la-sirene-at-asnieres-1887,0
cast,000000296969__Realism__vincent-van-gogh_cottage-with-peasant-coming-home-1885(1),000000296969,Realism__vincent-van-gogh_cottage-with-peasant-coming-home-1885(1),0
cast,000000296969__Rococo__dmitry-levitzky_portrait-of-baron-a-n-stroganoff,000000296969,Rococo__dmitry-levitzky_portrait-of-baron-a-n-stroganoff,0
cast,000000296969__Romanticism__gustave-dore_paradise-lost-4,000000296969,Romanticism__gustave-dore_paradise-lost-4,1
cast,000000296969__Symbolism__nicholas-roerich_language-of-forest-1922,000000296969,Symbolism__nicholas-roerich_language-of-forest-1922,1
cast,000000296969__Ukiyo_e__kitagawa-utamaro_not_detected_233134,000000296969,Ukiyo_e__kitagawa-utamaro_not_detected_233134,0
cast,000000302107__Abstract_Expressionism__paul-jenkins_not_detected_235703,000000302107,Abstract_Expressionism__paul-jenkins_not_detected_235703,0
cast,000000302107__Art_Nouveau_Modern__nicholas-roerich_oze-1914,000000302107,Art_Nouveau_Modern__nicholas-roerich_oze-1914,0
cast,000000302107__Baroque__rembrandt_portrait-of-nicolas-van-bambeeck-1641,000000302107,Baroque__rembrandt_portrait-of-nicolas-van-bambeeck-1641,0
cast,000000302107__Color_Field_Painting__leon-berkowitz_dark-light-rose-gold-1978,000000302107,Color_Field_Painting__leon-berkowitz_dark-light-rose-gold-1978,0
cast,000000302107__Cubism__salvador-dali_cubist-composition-portrait-of-a-seated-person-holding-a-letter,000000302107,Cubism__salvador-dali_cubist-composition-portrait-of-a-seated-person-holding-a-letter,0
cast,000000302107__Early_Renaissance__pietro-perugino_st-jerome-who-attends-two-unfairly-hanged-1473,000000302107,Early_Renaissance__pietro-perugino_st-jerome-who-attends-two-unfairly-hanged-1473,0
cast,000000302107__Expressionism__amedeo-modigliani_germaine-survage-with-earrings-1918,000000302107,Expressionism__amedeo-modigliani_germaine-survage-with-earrings-1918,0
cast,000000302107__High_Renaissance__raphael_madonna-and-child-enthroned-with-saints-1505,000000302107,High_Renaissance__raphael_madonna-and-child-enthroned-with-saints-1505,0
cast,000000302107__Impressionism__pierre-auguste-renoir_leaving-the-bath-1890,000000302107,Impressionism__pierre-auguste-renoir_leaving-the-bath-1890,1
cast,000000302107__Mannerism_Late_Renaissance__tintoretto_st-mark-rescuing-a-saracen-from-shipwreck-1566,000000302107,Mannerism_Late_Renaissance__tintoretto_st-mark-rescuing-a-saracen-from-shipwreck-1566,1
cast,000000302107__Minimalism__mario-schifano_untitled-1963,000000302107,Minimalism__mario-schifano_untitled-1963,0
cast,000000302107__Naive_Art_Primitivism__marc-chagall_the-young-samuel-the-priest-s-servant-heard-that-he-is-called-by-god-eli-and-he-were-sleeping,000000302107,Naive_Art_Primitivism__marc-chagall_the-young-samuel-the-priest-s-servant-heard-that-he-is-called-by-god-eli-and-he-were-sleeping,0
cast,000000302107__Northern_Renaissance__albrecht-durer_lamentation-over-christ-1507,000000302107,Northern_Renaissance__albrecht-durer_lamentation-over-christ-1507,0
cast,000000302107__Pop_Art__peter-max_composition-red-green-1979,000000302107,Pop_Art__peter-max_composition-red-green-1979,0
cast,000000302107__Post_Impressionism__vincent-van-gogh_restaurant-de-la-sirene-at-asnieres-1887,000000302107,Post_Impressionism__vincent-van-gogh_restaurant-de-la-sirene-at-asnieres-1887,0
cast,000000302107__Realism__vincent-van-gogh_cottage-with-peasant-coming-home-1885(1),000000302107,Realism__vincent-van-gogh_cottage-with-peasant-coming-home-1885(1),0
cast,000000302107__Rococo__dmitry-levitzky_portrait-of-baron-a-n-stroganoff,000000302107,Rococo__dmitry-levitzky_portrait-of-baron-a-n-stroganoff,0
cast,000000302107__Romanticism__gustave-dore_paradise-lost-4,000000302107,Romanticism__gustave-dore_paradise-lost-4,0
cast,000000302107__Symbolism__nicholas-roerich_language-of-forest-1922,000000302107,Symbolism__nicholas-roerich_language-of-forest-1922,0
cast,000000302107__Ukiyo_e__kitagawa-utamaro_not_detected_233134,000000302107,Ukiyo_e__kitagawa-utamaro_not_detected_233134,0
cast,000000322944__Abstract_Expressionism__paul-jenkins_not_detected_235703,000000322944,Abstract_Expressionism__paul-jenkins_not_detected_235703,0
cast,000000322944__Art_Nouveau_Modern__nicholas-roerich_oze-1914,000000322944,Art_Nouveau_Modern__nicholas-roerich_oze-1914,0
cast,000000322944__Baroque__rembrandt_portrait-of-nicolas-van-bambeeck-1641,000000322944,Baroque__rembrandt_portrait-of-nicolas-van-bambeeck-1641,0
cast,000000322944__Color_Field_Painting__leon-berkowitz_dark-light-rose-gold-1978,000000322944,Color_Field_Painting__leon-berkowitz_dark-light-rose-gold-1978,0
cast,000000322944__Cubism__salvador-dali_cubist-composition-portrait-of-a-seated-person-holding-a-letter,000000322944,Cubism__salvador-dali_cubist-composition-portrait-of-a-seated-person-holding-a-letter,0
cast,000000322944__Early_Renaissance__pietro-perugino_st-jerome-who-attends-two-unfairly-hanged-1473,000000322944,Early_Renaissance__pietro-perugino_st-jerome-who-attends-two-unfairly-hanged-1473,0
cast,000000322944__Expressionism__amedeo-modigliani_germaine-survage-with-earrings-1918,000000322944,Expressionism__amedeo-modigliani_germaine-survage-with-earrings-1918,0
cast,000000322944__High_Renaissance__raphael_madonna-and-child-enthroned-with-saints-1505,000000322944,High_Renaissance__raphael_madonna-and-child-enthroned-with-saints-1505,0
cast,000000322944__Impressionism__pierre-auguste-renoir_leaving-the-bath-1890,000000322944,Impressionism__pierre-auguste-renoir_leaving-the-bath-1890,0
cast,000000322944__Mannerism_Late_Renaissance__tintoretto_st-mark-rescuing-a-saracen-from-shipwreck-1566,000000322944,Mannerism_Late_Renaissance__tintoretto_st-mark-rescuing-a-saracen-from-shipwreck-1566,1
cast,000000322944__Minimalism__mario-schifano_untitled-1963,000000322944,Minimalism__mario-schifano_untitled-1963,0
cast,000000322944__Naive_Art_Primitivism__marc-chagall_the-young-samuel-the-priest-s-servant-heard-that-he-is-called-by-god-eli-and-he-were-sleeping,000000322944,Naive_Art_Primitivism__marc-chagall_the-young-samuel-the-priest-s-servant-heard-that-he-is-called-by-god-eli-and-he-were-sleeping,0
cast,000000322944__Northern_Renaissance__albrecht-durer_lamentation-over-christ-1507,000000322944,Northern_Renaissance__albrecht-durer_lamentation-over-christ-1507,1
cast,000000322944__Pop_Art__peter-max_composition-red-green-1979,000000322944,Pop_Art__peter-max_composition-red-green-1979,0
cast,000000322944__Post_Impressionism__vincent-van-gogh_restaurant-de-la-sirene-at-asnieres-1887,000000322944,Post_Impressionism__vincent-van-gogh_restaurant-de-la-sirene-at-asnieres-1887,0
cast,000000322944__Realism__vincent-van-gogh_cottage-with-peasant-coming-home-1885(1),000000322944,Realism__vincent-van-gogh_cottage-with-peasant-coming-home-1885(1),0
cast,000000322944__Rococo__dmitry-levitzky_portrait-of-baron-a-n-stroganoff,000000322944,Rococo__dmitry-levitzky_portrait-of-baron-a-n-stroganoff,0
cast,000000322944__Romanticism__gustave-dore_paradise-lost-4,000000322944,Romanticism__gustave-dore_paradise-lost-4,0
cast,000000322944__Symbolism__nicholas-roerich_language-of-forest-1922,000000322944,Symbolism__nicholas-roerich_language-of-forest-1922,0
cast,000000322944__Ukiyo_e__kitagawa-utamaro_not_detected_233134,000000322944,Ukiyo_e__kitagawa-utamaro_not_detected_233134,0
cast,000000329447__Abstract_Expressionism__paul-jenkins_not_detected_235703,000000329447,Abstract_Expressionism__paul-jenkins_not_detected_235703,0
cast,000000329447__Art_Nouveau_Modern__nicholas-roerich_oze-1914,000000329447,Art_Nouveau_Modern__nicholas-roerich_oze-1914,0
cast,000000329447__Baroque__rembrandt_portrait-of-nicolas-van-bambeeck-1641,000000329447,Baroque__rembrandt_portrait-of-nicolas-van-bambeeck-1641,0
cast,000000329447__Color_Field_Painting__leon-berkowitz_dark-light-rose-gold-1978,000000329447,Color_Field_Painting__leon-berkowitz_dark-light-rose-gold-1978,0
cast,000000329447__Cubism__salvador-dali_cubist-composition-portrait-of-a-seated-person-holding-a-letter,000000329447,Cubism__salvador-dali_cubist-composition-portrait-of-a-seated-person-holding-a-letter,0
cast,000000329447__Early_Renaissance__pietro-perugino_st-jerome-who-attends-two-unfairly-hanged-1473,000000329447,Early_Renaissance__pietro-perugino_st-jerome-who-attends-two-unfairly-hanged-1473,0
cast,000000329447__Expressionism__amedeo-modigliani_germaine-survage-with-earrings-1918,000000329447,Expressionism__amedeo-modigliani_germaine-survage-with-earrings-1918,0
cast,000000329447__High_Renaissance__raphael_madonna-and-child-enthroned-with-saints-1505,000000329447,High_Renaissance__raphael_madonna-and-child-enthroned-with-saints-1505,0
cast,000000329447__Impressionism__pierre-auguste-renoir_leaving-the-bath-1890,000000329447,Impressionism__pierre-auguste-renoir_leaving-the-bath-1890,1
cast,000000329447__Mannerism_Late_Renaissance__tintoretto_st-mark-rescuing-a-saracen-from-shipwreck-1566,000000329447,Mannerism_Late_Renaissance__tintoretto_st-mark-rescuing-a-saracen-from-shipwreck-1566,0
cast,000000329447__Minimalism__mario-schifano_untitled-1963,000000329447,Minimalism__mario-schifano_untitled-1963,0
cast,000000329447__Naive_Art_Primitivism__marc-chagall_the-young-samuel-the-priest-s-servant-heard-that-he-is-called-by-god-eli-and-he-were-sleeping,000000329447,Naive_Art_Primitivism__marc-chagall_the-young-samuel-the-priest-s-servant-heard-that-he-is-called-by-god-eli-and-he-were-sleeping,0
cast,000000329447__Northern_Renaissance__albrecht-durer_lamentation-over-christ-1507,000000329447,Northern_Renaissance__albrecht-durer_lamentation-over-christ-1507,0
cast,000000329447__Pop_Art__peter-max_composition-red-green-1979,000000329447,Pop_Art__peter-max_composition-red-green-1979,0
cast,000000329447__Post_Impressionism__vincent-van-gogh_restaurant-de-la-sirene-at-asnieres-1887,000000329447,Post_Impressionism__vincent-van-gogh_restaurant-de-la-sirene-at-asnieres-1887,0
cast,000000329447__Realism__vincent-van-gogh_cottage-with-peasant-coming-home-1885(1),000000329447,Realism__vincent-van-gogh_cottage-with-peasant-coming-home-1885(1),1
cast,000000329447__Rococo__dmitry-levitzky_portrait-of-baron-a-n-stroganoff,000000329447,Rococo__dmitry-levitzky_portrait-of-baron-a-n-stroganoff,0
cast,000000329447__Romanticism__gustave-dore_paradise-lost-4,000000329447,Romanticism__gustave-dore_paradise-lost-4,1
cast,000000329447__Symbolism__nicholas-roerich_language-of-forest-1922,000000329447,Symbolism__nicholas-roerich_language-of-forest-1922,1
cast,000000329447__Ukiyo_e__kitagawa-utamaro_not_detected_233134,000000329447,Ukiyo_e__kitagawa-utamaro_not_detected_233134,0
cast,000000338625__Abstract_Expressionism__paul-jenkins_not_detected_235703,000000338625,Abstract_Expressionism__paul-jenkins_not_detected_235703,0
cast,000000338625__Art_Nouveau_Modern__nicholas-roerich_oze-1914,000000338625,Art_Nouveau_Modern__nicholas-roerich_oze-1914,0
cast,000000338625__Baroque__rembrandt_portrait-of-nicolas-van-bambeeck-1641,000000338625,Baroque__rembrandt_portrait-of-nicolas-van-bambeeck-1641,0
cast,000000338625__Color_Field_Painting__leon-berkowitz_dark-light-rose-gold-1978,000000338625,Color_Field_Painting__leon-berkowitz_dark-light-rose-gold-1978,1
cast,000000338625__Cubism__salvador-dali_cubist-composition-portrait-of-a-seated-person-holding-a-letter,000000338625,Cubism__salvador-dali_cubist-composition-portrait-of-a-seated-person-holding-a-letter,0
cast,000000338625__Early_Renaissance__pietro-perugino_st-jerome-who-attends-two-unfairly-hanged-1473,000000338625,Early_Renaissance__pietro-perugino_st-jerome-who-attends-two-unfairly-hanged-1473,0
cast,000000338625__Expressionism__amedeo-modigliani_germaine-survage-with-earrings-1918,000000338625,Expressionism__amedeo-modigliani_germaine-survage-with-earrings-1918,0
cast,000000338625__High_Renaissance__raphael_madonna-and-child-enthroned-with-saints-1505,000000338625,High_Renaissance__raphael_madonna-and-child-enthroned-with-saints-1505,0
cast,000000338625__Impressionism__pierre-auguste-renoir_leaving-the-bath-1890,000000338625,Impressionism__pierre-auguste-renoir_leaving-the-bath-1890,0
cast,000000338625__Mannerism_Late_Renaissance__tintoretto_st-mark-rescuing-a-saracen-from-shipwreck-1566,000000338625,Mannerism_Late_Renaissance__tintoretto_st-mark-rescuing-a-saracen-from-shipwreck-1566,0
cast,000000338625__Minimalism__mario-schifano_untitled-1963,000000338625,Minimalism__mario-schifano_untitled-1963,0
cast,000000338625__Naive_Art_Primitivism__marc-chagall_the-young-samuel-the-priest-s-servant-heard-that-he-is-called-by-god-eli-and-he-were-sleeping,000000338625,Naive_Art_Primitivism__marc-chagall_the-young-samuel-the-priest-s-servant-heard-that-he-is-called-by-god-eli-and-he-were-sleeping,0
cast,000000338625__Northern_Renaissance__albrecht-durer_lamentation-over-christ-1507,000000338625,Northern_Renaissance__albrecht-durer_lamentation-over-christ-1507,0
cast,000000338625__Pop_Art__peter-max_composition-red-green-1979,000000338625,Pop_Art__peter-max_composition-red-green-1979,1
cast,000000338625__Post_Impressionism__vincent-van-gogh_restaurant-de-la-sirene-at-asnieres-1887,000000338625,Post_Impressionism__vincent-van-gogh_restaurant-de-la-sirene-at-asnieres-1887,1
cast,000000338625__Realism__vincent-van-gogh_cottage-with-peasant-coming-home-1885(1),000000338625,Realism__vincent-van-gogh_cottage-with-peasant-coming-home-1885(1),0
cast,000000338625__Rococo__dmitry-levitzky_portrait-of-baron-a-n-stroganoff,000000338625,Rococo__dmitry-levitzky_portrait-of-baron-a-n-stroganoff,0
cast,000000338625__Romanticism__gustave-dore_paradise-lost-4,000000338625,Romanticism__gustave-dore_paradise-lost-4,0
cast,000000338625__Symbolism__nicholas-roerich_language-of-forest-1922,000000338625,Symbolism__nicholas-roerich_language-of-forest-1922,0
cast,000000338625__Ukiyo_e__kitagawa-utamaro_not_detected_233134,000000338625,Ukiyo_e__kitagawa-utamaro_not_detected_233134,0
cast,000000356968__Abstract_Expressionism__paul-jenkins_not_detected_235703,000000356968,Abstract_Expressionism__paul-jenkins_not_detected_235703,0
cast,000000356968__Art_Nouveau_Modern__nicholas-roerich_oze-1914,000000356968,Art_Nouveau_Modern__nicholas-roerich_oze-1914,0
cast,000000356968__Baroque__rembrandt_portrait-of-nicolas-van-bambeeck-1641,000000356968,Baroque__rembrandt_portrait-of-nicolas-van-bambeeck-1641,0
cast,000000356968__Color_Field_Painting__leon-berkowitz_dark-light-rose-gold-1978,000000356968,Color_Field_Painting__leon-berkowitz_dark-light-rose-gold-1978,0
cast,000000356968__Cubism__salvador-dali_cubist-composition-portrait-of-a-seated-person-holding-a-letter,000000356968,Cubism__salvador-dali_cubist-composition-portrait-of-a-seated-person-holding-a-letter,0
cast,000000356968__Early_Renaissance__pietro-perugino_st-jerome-who-attends-two-unfairly-hanged-1473,000000356968,Early_Renaissance__pietro-perugino_st-jerome-who-attends-two-unfairly-hanged-1473,0
cast,000000356968__Expressionism__amedeo-modigliani_germaine-survage-with-earrings-1918,000000356968,Expressionism__amedeo-modigliani_germaine-survage-with-earrings-1918,0
cast,000000356968__High_Renaissance__raphael_madonna-and-child-enthroned-with-saints-1505,000000356968,High_Renaissance__raphael_madonna-and-child-enthroned-with-saints-1505,0
cast,000000356968__Impressionism__pierre-auguste-renoir_leaving-the-bath-1890,000000356968,Impressionism__pierre-auguste-renoir_leaving-the-bath-1890,1
cast,000000356968__Mannerism_Late_Renaissance__tintoretto_st-mark-rescuing-a-saracen-from-shipwreck-1566,000000356968,Mannerism_Late_Renaissance__tintoretto_st-mark-rescuing-a-saracen-from-shipwreck-1566,0
cast,000000356968__Minimalism__mario-schifano_untitled-1963,000000356968,Minimalism__mario-schifano_untitled-1963,0
cast,000000356968__Naive_Art_Primitivism__marc-chagall_the-young-samuel-the-priest-s-servant-heard-that-he-is-called-by-god-eli-and-he-were-sleeping,000000356968,Naive_Art_Primitivism__marc-chagall_the-young-samuel-the-priest-s-servant-heard-that-he-is-called-by-god-eli-and-he-were-sleeping,0
cast,000000356968__Northern_Renaissance__albrecht-durer_lamentation-over-christ-1507,000000356968,Northern_Renaissance__albrecht-durer_lamentation-over-christ-1507,0
cast,000000356968__Pop_Art__peter-max_composition-red-green-1979,000000356968,Pop_Art__peter-max_composition-red-green-1979,0
cast,000000356968__Post_Impressionism__vincent-van-gogh_restaurant-de-la-sirene-at-asnieres-1887,000000356968,Post_Impressionism__vincent-van-gogh_restaurant-de-la-sirene-at-asnieres-1887,0
cast,000000356968__Realism__vincent-van-gogh_cottage-with-peasant-coming-home-1885(1),000000356968,Realism__vincent-van-gogh_cottage-with-peasant-coming-home-1885(1),0
cast,000000356968__Rococo__dmitry-levitzky_portrait-of-baron-a-n-stroganoff,000000356968,Rococo__dmitry-levitzky_portrait-of-baron-a-n-stroganoff,0
cast,000000356968__Romanticism__gustave-dore_paradise-lost-4,000000356968,Romanticism__gustave-dore_paradise-lost-4,1
cast,000000356968__Symbolism__nicholas-roerich_language-of-forest-1922,000000356968,Symbolism__nicholas-roerich_language-of-forest-1922,0
cast,000000356968__Ukiyo_e__kitagawa-utamaro_not_detected_233134,000000356968,Ukiyo_e__kitagawa-utamaro_not_detected_233134,0
cast,000000376264__Abstract_Expressionism__paul-jenkins_not_detected_235703,000000376264,Abstract_Expressionism__paul-jenkins_not_detected_235703,0
cast,000000376264__Art_Nouveau_Modern__nicholas-roerich_oze-1914,000000376264,Art_Nouveau_Modern__nicholas-roerich_oze-1914,0
cast,000000376264__Baroque__rembrandt_portrait-of-nicolas-van-bambeeck-1641,000000376264,Baroque__rembrandt_portrait-of-nicolas-van-bambeeck-1641,0
cast,000000376264__Color_Field_Painting__leon-berkowitz_dark-light-rose-gold-1978,000000376264,Color_Field_Painting__leon-berkowitz_dark-light-rose-gold-1978,0
cast,000000376264__Cubism__salvador-dali_cubist-composition-portrait-of-a-seated-person-holding-a-letter,000000376264,Cubism__salvador-dali_cubist-composition-portrait-of-a-seated-person-holding-a-letter,1
cast,000000376264__Early_Renaissance__pietro-perugino_st-jerome-who-attends-two-unfairly-hanged-1473,000000376264,Early_Renaissance__pietro-perugino_st-jerome-who-attends-two-unfairly-hanged-1473,0
cast,000000376264__Expressionism__amedeo-modigliani_germaine-survage-with-earrings-1918,000000376264,Expressionism__amedeo-modigliani_germaine-survage-with-earrings-1918,0
cast,000000376264__High_Renaissance__raphael_madonna-and-child-enthroned-with-saints-1505,000000376264,High_Renaissance__raphael_madonna-and-child-enthroned-with-saints-1505,0
cast,000000376264__Impressionism__pierre-auguste-renoir_leaving-the-bath-1890,000000376264,Impressionism__pierre-auguste-renoir_leaving-the-bath-1890,0
cast,000000376264__Mannerism_Late_Renaissance__tintoretto_st-mark-rescuing-a-saracen-from-shipwreck-1566,000000376264,Mannerism_Late_Renaissance__tintoretto_st-mark-rescuing-a-saracen-from-shipwreck-1566,0
cast,000000376264__Minimalism__mario-schifano_untitled-1963,000000376264,Minimalism__mario-schifano_untitled-1963,0
cast,000000376264__Naive_Art_Primitivism__marc-chagall_the-young-samuel-the-priest-s-servant-heard-that-he-is-called-by-god-eli-and-he-were-sleeping,000000376264,Naive_Art_Primitivism__marc-chagall_the-young-samuel-the-priest-s-servant-heard-that-he-is-called-by-god-eli-and-he-were-sleeping,0
cast,000000376264__Northern_Renaissance__albrecht-durer_lamentation-over-christ-1507,000000376264,Northern_Renaissance__albrecht-durer_lamentation-over-christ-1507,0
cast,000000376264__Pop_Art__peter-max_composition-red-green-1979,000000376264,Pop_Art__peter-max_composition-red-green-1979,1
cast,000000376264__Post_Impressionism__vincent-van-gogh_restaurant-de-la-sirene-at-asnieres-1887,000000376264,Post_Impressionism__vincent-van-gogh_restaurant-de-la-sirene-at-asnieres-1887,0
cast,000000376264__Realism__vincent-van-gogh_cottage-with-peasant-coming-home-1885(1),000000376264,Realism__vincent-van-gogh_cottage-with-peasant-coming-home-1885(1),0
cast,000000376264__Rococo__dmitry-levitzky_portrait-of-baron-a-n-stroganoff,000000376264,Rococo__dmitry-levitzky_portrait-of-baron-a-n-stroganoff,0
cast,000000376264__Romanticism__gustave-dore_paradise-lost-4,000000376264,Romanticism__gustave-dore_paradise-lost-4,0
cast,000000376264__Symbolism__nicholas-roerich_language-of-forest-1922,000000376264,Symbolism__nicholas-roerich_language-of-forest-1922,0
cast,000000376264__Ukiyo_e__kitagawa-utamaro_not_detected_233134,000000376264,Ukiyo_e__kitagawa-utamaro_not_detected_233134,0
cast,000000398905__Abstract_Expressionism__paul-jenkins_not_detected_235703,000000398905,Abstract_Expressionism__paul-jenkins_not_detected_235703,0
cast,000000398905__Art_Nouveau_Modern__nicholas-roerich_oze-1914,000000398905,Art_Nouveau_Modern__nicholas-roerich_oze-1914,0
cast,000000398905__Baroque__rembrandt_portrait-of-nicolas-van-bambeeck-1641,000000398905,Baroque__rembrandt_portrait-of-nicolas-van-bambeeck-1641,0
cast,000000398905__Color_Field_Painting__leon-berkowitz_dark-light-rose-gold-1978,000000398905,Color_Field_Painting__leon-berkowitz_dark-light-rose-gold-1978,1
cast,000000398905__Cubism__salvador-dali_cubist-composition-portrait-of-a-seated-person-holding-a-letter,000000398905,Cubism__salvador-dali_cubist-composition-portrait-of-a-seated-person-holding-a-letter,0
cast,000000398905__Early_Renaissance__pietro-perugino_st-jerome-who-attends-two-unfairly-hanged-1473,000000398905,Early_Renaissance__pietro-perugino_st-jerome-who-attends-two-unfairly-hanged-1473,0
cast,000000398905__Expressionism__amedeo-modigliani_germaine-survage-with-earrings-1918,000000398905,Expressionism__amedeo-modigliani_germaine-survage-with-earrings-1918,0
cast,000000398905__High_Renaissance__raphael_madonna-and-child-enthroned-with-saints-1505,000000398905,High_Renaissance__raphael_madonna-and-child-enthroned-with-saints-1505,0
cast,000000398905__Impressionism__pierre-auguste-renoir_leaving-the-bath-1890,000000398905,Impressionism__pierre-auguste-renoir_leaving-the-bath-1890,0
cast,000000398905__Mannerism_Late_Renaissance__tintoretto_st-mark-rescuing-a-saracen-from-shipwreck-1566,000000398905,Mannerism_Late_Renaissance__tintoretto_st-mark-rescuing-a-saracen-from-shipwreck-1566,1
cast,000000398905__Minimalism__mario-schifano_untitled-1963,000000398905,Minimalism__mario-schifano_untitled-1963,0
cast,000000398905__Naive_Art_Primitivism__marc-chagall_the-young-samuel-the-priest-s-servant-heard-that-he-is-called-by-god-eli-and-he-were-sleeping,000000398905,Naive_Art_Primitivism__marc-chagall_the-young-samuel-the-priest-s-servant-heard-that-he-is-called-by-god-eli-and-he-were-sleeping,0
cast,000000398905__Northern_Renaissance__albrecht-durer_lamentation-over-christ-1507,000000398905,Northern_Renaissance__albrecht-durer_lamentation-over-christ-1507,1
cast,000000398905__Pop_Art__peter-max_composition-red-green-1979,000000398905,Pop_Art__peter-max_composition-red-green-1979,0
cast,000000398905__Post_Impressionism__vincent-van-gogh_restaurant-de-la-sirene-at-asnieres-1887,000000398905,Post_Impressionism__vincent-van-gogh_restaurant-de-la-sirene-at-asnieres-1887,0
cast,000000398905__Realism__vincent-van-gogh_cottage-with-peasant-coming-home-1885(1),000000398905,Realism__vincent-van-gogh_cottage-with-peasant-coming-home-1885(1),0
cast,000000398905__Rococo__dmitry-levitzky_portrait-of-baron-a-n-stroganoff,000000398905,Rococo__dmitry-levitzky_portrait-of-baron-a-n-stroganoff,0
cast,000000398905__Romanticism__gustave-dore_paradise-lost-4,000000398905,Romanticism__gustave-dore_paradise-lost-4,1
cast,000000398905__Symbolism__nicholas-roerich_language-of-forest-1922,000000398905,Symbolism__nicholas-roerich_language-of-forest-1922,0
cast,000000398905__Ukiyo_e__kitagawa-utamaro_not_detected_233134,000000398905,Ukiyo_e__kitagawa-utamaro_not_detected_233134,0
cast,000000417911__Abstract_Expressionism__paul-jenkins_not_detected_235703,000000417911,Abstract_Expressionism__paul-jenkins_not_detected_235703,1
cast,000000417911__Art_Nouveau_Modern__nicholas-roerich_oze-1914,000000417911,Art_Nouveau_Modern__nicholas-roerich_oze-1914,0
cast,000000417911__Baroque__rembrandt_portrait-of-nicolas-van-bambeeck-1641,000000417911,Baroque__rembrandt_portrait-of-nicolas-van-bambeeck-1641,0
cast,000000417911__Color_Field_Painting__leon-berkowitz_dark-light-rose-gold-1978,000000417911,Color_Field_Painting__leon-berkowitz_dark-light-rose-gold-1978,1
cast,000000417911__Cubism__salvador-dali_cubist-composition-portrait-of-a-seated-person-holding-a-letter,000000417911,Cubism__salvador-dali_cubist-composition-portrait-of-a-seated-person-holding-a-letter,0
cast,000000417911__Early_Renaissance__pietro-perugino_st-jerome-who-attends-two-unfairly-hanged-1473,000000417911,Early_Renaissance__pietro-perugino_st-jerome-who-attends-two-unfairly-hanged-1473,0
cast,000000417911__Expressionism__amedeo-modigliani_germaine-survage-with-earrings-1918,000000417911,Expressionism__amedeo-modigliani_germaine-survage-with-earrings-1918,0
cast,000000417911__High_Renaissance__raphael_madonna-and-child-enthroned-with-saints-1505,000000417911,High_Renaissance__raphael_madonna-and-child-enthroned-with-saints-1505,0
cast,000000417911__Impressionism__pierre-auguste-renoir_leaving-the-bath-1890,000000417911,Impressionism__pierre-auguste-renoir_leaving-the-bath-1890,1
cast,000000417911__Mannerism_Late_Renaissance__tintoretto_st-mark-rescuing-a-saracen-from-shipwreck-1566,000000417911,Mannerism_Late_Renaissance__tintoretto_st-mark-rescuing-a-saracen-from-shipwreck-1566,0
cast,000000417911__Minimalism__mario-schifano_untitled-1963,000000417911,Minimalism__mario-schifano_untitled-1963,0
cast,000000417911__Naive_Art_Primitivism__marc-chagall_the-young-samuel-the-priest-s-servant-heard-that-he-is-called-by-god-eli-and-he-were-sleeping,000000417911,Naive_Art_Primitivism__marc-chagall_the-young-samuel-the-priest-s-servant-heard-that-he-is-called-by-god-eli-and-he-were-sleeping,0
cast,000000417911__Northern_Renaissance__albrecht-durer_lamentation-over-christ-1507,000000417911,Northern_Renaissance__albrecht-durer_lamentation-over-christ-1507,1
cast,000000417911__Pop_Art__peter-max_composition-red-green-1979,000000417911,Pop_Art__peter-max_composition-red-green-1979,0
cast,000000417911__Post_Impressionism__vincent-van-gogh_restaurant-de-la-sirene-at-asnieres-1887,000000417911,Post_Impressionism__vincent-van-gogh_restaurant-de-la-sirene-at-asnieres-1887,0
cast,000000417911__Realism__vincent-van-gogh_cottage-with-peasant-coming-home-1885(1),000000417911,Realism__vincent-van-gogh_cottage-with-peasant-coming-home-1885(1),0
cast,000000417911__Rococo__dmitry-levitzky_portrait-of-baron-a-n-stroganoff,000000417911,Rococo__dmitry-levitzky_portrait-of-baron-a-n-stroganoff,0
cast,000000417911__Romanticism__gustave-dore_paradise-lost-4,000000417911,Romanticism__gustave-dore_paradise-lost-4,1
cast,000000417911__Symbolism__nicholas-roerich_language-of-forest-1922,000000417911,Symbolism__nicholas-roerich_language-of-forest-1922,0
cast,000000417911__Ukiyo_e__kitagawa-utamaro_not_detected_233134,000000417911,Ukiyo_e__kitagawa-utamaro_not_detected_233134,0
cast,000000427034__Abstract_Expressionism__paul-jenkins_not_detected_235703,000000427034,Abstract_Expressionism__paul-jenkins_not_detected_235703,0
cast,000000427034__Art_Nouveau_Modern__nicholas-roerich_oze-1914,000000427034,Art_Nouveau_Modern__nicholas-roerich_oze-1914,0
cast,000000427034__Baroque__rembrandt_portrait-of-nicolas-van-bambeeck-1641,000000427034,Baroque__rembrandt_portrait-of-nicolas-van-bambeeck-1641,0
cast,000000427034__Color_Field_Painting__leon-berkowitz_dark-light-rose-gold-1978,000000427034,Color_Field_Painting__leon-berkowitz_dark-light-rose-gold-1978,1
cast,000000427034__Cubism__salvador-dali_cubist-composition-portrait-of-a-seated-person-holding-a-letter,000000427034,Cubism__salvador-dali_cubist-composition-portrait-of-a-seated-person-holding-a-letter,0
cast,000000427034__Early_Renaissance__pietro-perugino_st-jerome-who-attends-two-unfairly-hanged-1473,000000427034,Early_Renaissance__pietro-perugino_st-jerome-who-attends-two-unfairly-hanged-1473,0
cast,000000427034__Expressionism__amedeo-modigliani_germaine-survage-with-earrings-1918,000000427034,Expressionism__amedeo-modigliani_germaine-survage-with-earrings-1918,0
cast,000000427034__High_Renaissance__raphael_madonna-and-child-enthroned-with-saints-1505,000000427034,High_Renaissance__raphael_madonna-and-child-enthroned-with-saints-1505,0
cast,000000427034__Impressionism__pierre-auguste-renoir_leaving-the-bath-1890,000000427034,Impressionism__pierre-auguste-renoir_leaving-the-bath-1890,0
cast,000000427034__Mannerism_Late_Renaissance__tintoretto_st-mark-rescuing-a-saracen-from-shipwreck-1566,000000427034,Mannerism_Late_Renaissance__tintoretto_st-mark-rescuing-a-saracen-from-shipwreck-1566,0
cast,000000427034__Minimalism__mario-schifano_untitled-1963,000000427034,Minimalism__mario-schifano_untitled-1963,0
cast,000000427034__Naive_Art_Primitivism__marc-chagall_the-young-samuel-the-priest-s-servant-heard-that-he-is-called-by-god-eli-and-he-were-sleeping,000000427034,Naive_Art_Primitivism__marc-chagall_the-young-samuel-the-priest-s-servant-heard-that-he-is-called-by-god-eli-and-he-were-sleeping,0
cast,000000427034__Northern_Renaissance__albrecht-durer_lamentation-over-christ-1507,000000427034,Northern_Renaissance__albrecht-durer_lamentation-over-christ-1507,0
cast,000000427034__Pop_Art__peter-max_composition-red-green-1979,000000427034,Pop_Art__peter-max_composition-red-green-1979,0
cast,000000427034__Post_Impressionism__vincent-van-gogh_restaurant-de-la-sirene-at-asnieres-1887,000000427034,Post_Impressionism__vincent-van-gogh_restaurant-de-la-sirene-at-asnieres-1887,0
cast,000000427034__Realism__vincent-van-gogh_cottage-with-peasant-coming-home-1885(1),000000427034,Realism__vincent-van-gogh_cottage-with-peasant-coming-home-1885(1),0
cast,000000427034__Rococo__dmitry-levitzky_portrait-of-baron-a-n-stroganoff,000000427034,Rococo__dmitry-levitzky_portrait-of-baron-a-n-stroganoff,0
cast,000000427034__Romanticism__gustave-dore_paradise-lost-4,000000427034,Romanticism__gustave-dore_paradise-lost-4,1
cast,000000427034__Symbolism__nicholas-roerich_language-of-forest-1922,000000427034,Symbolism__nicholas-roerich_language-of-forest-1922,0
cast,000000427034__Ukiyo_e__kitagawa-utamaro_not_detected_233134,000000427034,Ukiyo_e__kitagawa-utamaro_not_detected_233134,0
cast,000000435003__Abstract_Expressionism__paul-jenkins_not_detected_235703,000000435003,Abstract_Expressionism__paul-jenkins_not_detected_235703,0
cast,000000435003__Art_Nouveau_Modern__nicholas-roerich_oze-1914,000000435003,Art_Nouveau_Modern__nicholas-roerich_oze-1914,0
cast,000000435003__Baroque__rembrandt_portrait-of-nicolas-van-bambeeck-1641,000000435003,Baroque__rembrandt_portrait-of-nicolas-van-bambeeck-1641,0
cast,000000435003__Color_Field_Painting__leon-berkowitz_dark-light-rose-gold-1978,000000435003,Color_Field_Painting__leon-berkowitz_dark-light-rose-gold-1978,1
cast,000000435003__Cubism__salvador-dali_cubist-composition-portrait-of-a-seated-person-holding-a-letter,000000435003,Cubism__salvador-dali_cubist-composition-portrait-of-a-seated-person-holding-a-letter,0
cast,000000435003__Early_Renaissance__pietro-perugino_st-jerome-who-attends-two-unfairly-hanged-1473,000000435003,Early_Renaissance__pietro-perugino_st-jerome-who-attends-two-unfairly-hanged-1473,0
cast,000000435003__Expressionism__amedeo-modigliani_germaine-survage-with-earrings-1918,000000435003,Expressionism__amedeo-modigliani_germaine-survage-with-earrings-1918,0
cast,000000435003__High_Renaissance__raphael_madonna-and-child-enthroned-with-saints-1505,000000435003,High_Renaissance__raphael_madonna-and-child-enthroned-with-saints-1505,0
cast,000000435003__Impressionism__pierre-auguste-renoir_leaving-the-bath-1890,000000435003,Impressionism__pierre-auguste-renoir_leaving-the-bath-1890,0
cast,000000435003__Mannerism_Late_Renaissance__tintoretto_st-mark-rescuing-a-saracen-from-shipwreck-1566,000000435003,Mannerism_Late_Renaissance__tintoretto_st-mark-rescuing-a-saracen-from-shipwreck-1566,0
cast,000000435003__Minimalism__mario-schifano_untitled-1963,000000435003,Minimalism__mario-schifano_untitled-1963,0
cast,000000435003__Naive_Art_Primitivism__marc-chagall_the-young-samuel-the-priest-s-servant-heard-that-he-is-called-by-god-eli-and-he-were-sleeping,000000435003,Naive_Art_Primitivism__marc-chagall_the-young-samuel-the-priest-s-servant-heard-that-he-is-called-by-god-eli-and-he-were-sleeping,0
cast,000000435003__Northern_Renaissance__albrecht-durer_lamentation-over-christ-1507,000000435003,Northern_Renaissance__albrecht-durer_lamentation-over-christ-1507,0
cast,000000435003__Pop_Art__peter-max_composition-red-green-1979,000000435003,Pop_Art__peter-max_composition-red-green-1979,1
cast,000000435003__Post_Impressionism__vincent-van-gogh_restaurant-de-la-sirene-at-asnieres-1887,000000435003,Post_Impressionism__vincent-van-gogh_restaurant-de-la-sirene-at-asnieres-1887,0
cast,000000435003__Realism__vincent-van-gogh_cottage-with-peasant-coming-home-1885(1),000000435003,Realism__vincent-van-gogh_cottage-with-peasant-coming-home-1885(1),0
cast,000000435003__Rococo__dmitry-levitzky_portrait-of-baron-a-n-stroganoff,000000435003,Rococo__dmitry-levitzky_portrait-of-baron-a-n-stroganoff,0
cast,000000435003__Romanticism__gustave-dore_paradise-lost-4,000000435003,Romanticism__gustave-dore_paradise-lost-4,0
cast,000000435003__Symbolism__nicholas-roerich_language-of-forest-1922,000000435003,Symbolism__nicholas-roerich_language-of-forest-1922,0
cast,000000435003__Ukiyo_e__kitagawa-utamaro_not_detected_233134,000000435003,Ukiyo_e__kitagawa-utamaro_not_detected_233134,0
cast,000000464251__Abstract_Expressionism__paul-jenkins_not_detected_235703,000000464251,Abstract_Expressionism__paul-jenkins_not_detected_235703,0
cast,000000464251__Art_Nouveau_Modern__nicholas-roerich_oze-1914,000000464251,Art_Nouveau_Modern__nicholas-roerich_oze-1914,0
cast,000000464251__Baroque__rembrandt_portrait-of-nicolas-van-bambeeck-1641,000000464251,Baroque__rembrandt_portrait-of-nicolas-van-bambeeck-1641,0
cast,000000464251__Color_Field_Painting__leon-berkowitz_dark-light-rose-gold-1978,000000464251,Color_Field_Painting__leon-berkowitz_dark-light-rose-gold-1978,0
cast,000000464251__Cubism__salvador-dali_cubist-composition-portrait-of-a-seated-person-holding-a-letter,000000464251,Cubism__salvador-dali_cubist-composition-portrait-of-a-seated-person-holding-a-letter,0
cast,000000464251__Early_Renaissance__pietro-perugino_st-jerome-who-attends-two-unfairly-hanged-1473,000000464251,Early_Renaissance__pietro-perugino_st-jerome-who-attends-two-unfairly-hanged-1473,0
cast,000000464251__Expressionism__amedeo-modigliani_germaine-survage-with-earrings-1918,000000464251,Expressionism__amedeo-modigliani_germaine-survage-with-earrings-1918,0
cast,000000464251__High_Renaissance__raphael_madonna-and-child-enthroned-with-saints-1505,000000464251,High_Renaissance__raphael_madonna-and-child-enthroned-with-saints-1505,0
cast,000000464251__Impressionism__pierre-auguste-renoir_leaving-the-bath-1890,000000464251,Impressionism__pierre-auguste-renoir_leaving-the-bath-1890,0
cast,000000464251__Mannerism_Late_Renaissance__tintoretto_st-mark-rescuing-a-saracen-from-shipwreck-1566,000000464251,Mannerism_Late_Renaissance__tintoretto_st-mark-rescuing-a-saracen-from-shipwreck-1566,0
cast,000000464251__Minimalism__mario-schifano_untitled-1963,000000464251,Minimalism__mario-schifano_untitled-1963,0
cast,000000464251__Naive_Art_Primitivism__marc-chagall_the-young-samuel-the-priest-s-servant-heard-that-he-is-called-by-god-eli-and-he-were-sleeping,000000464251,Naive_Art_Primitivism__marc-chagall_the-young-samuel-the-priest-s-servant-heard-that-he-is-called-by-god-eli-and-he-were-sleeping,0
cast,000000464251__Northern_Renaissance__albrecht-durer_lamentation-over-christ-1507,000000464251,Northern_Renaissance__albrecht-durer_lamentation-over-christ-1507,0
cast,000000464251__Pop_Art__peter-max_composition-red-green-1979,000000464251,Pop_Art__peter-max_composition-red-green-1979,0
cast,000000464251__Post_Impressionism__vincent-van-gogh_restaurant-de-la-sirene-at-asnieres-1887,000000464251,Post_Impressionism__vincent-van-gogh_restaurant-de-la-sirene-at-asnieres-1887,0
cast,000000464251__Realism__vincent-van-gogh_cottage-with-peasant-coming-home-1885(1),000000464251,Realism__vincent-van-gogh_cottage-with-peasant-coming-home-1885(1),0
cast,000000464251__Rococo__dmitry-levitzky_portrait-of-baron-a-n-stroganoff,000000464251,Rococo__dmitry-levitzky_portrait-of-baron-a-n-stroganoff,0
cast,000000464251__Romanticism__gustave-dore_paradise-lost-4,000000464251,Romanticism__gustave-dore_paradise-lost-4,0
cast,000000464251__Symbolism__nicholas-roerich_language-of-forest-1922,000000464251,Symbolism__nicholas-roerich_language-of-forest-1922,0
cast,000000464251__Ukiyo_e__kitagawa-utamaro_not_detected_233134,000000464251,Ukiyo_e__kitagawa-utamaro_not_detected_233134,0
cast,000000464786__Abstract_Expressionism__paul-jenkins_not_detected_235703,000000464786,Abstract_Expressionism__paul-jenkins_not_detected_235703,0
cast,000000464786__Art_Nouveau_Modern__nicholas-roerich_oze-1914,000000464786,Art_Nouveau_Modern__nicholas-roerich_oze-1914,0
cast,000000464786__Baroque__rembrandt_portrait-of-nicolas-van-bambeeck-1641,000000464786,Baroque__rembrandt_portrait-of-nicolas-van-bambeeck-1641,0
cast,000000464786__Color_Field_Painting__leon-berkowitz_dark-light-rose-gold-1978,000000464786,Color_Field_Painting__leon-berkowitz_dark-light-rose-gold-1978,1
cast,000000464786__Cubism__salvador-dali_cubist-composition-portrait-of-a-seated-person-holding-a-letter,000000464786,Cubism__salvador-dali_cubist-composition-portrait-of-a-seated-person-holding-a-letter,0
cast,000000464786__Early_Renaissance__pietro-perugino_st-jerome-who-attends-two-unfairly-hanged-1473,000000464786,Early_Renaissance__pietro-perugino_st-jerome-who-attends-two-unfairly-hanged-1473,0
cast,000000464786__Expressionism__amedeo-modigliani_germaine-survage-with-earrings-1918,000000464786,Expressionism__amedeo-modigliani_germaine-survage-with-earrings-1918,0
cast,000000464786__High_Renaissance__raphael_madonna-and-child-enthroned-with-saints-1505,000000464786,High_Renaissance__raphael_madonna-and-child-enthroned-with-saints-1505,0
cast,000000464786__Impressionism__pierre-auguste-renoir_leaving-the-bath-1890,000000464786,Impressionism__pierre-auguste-renoir_leaving-the-bath-1890,0
cast,000000464786__Mannerism_Late_Renaissance__tintoretto_st-mark-rescuing-a-saracen-from-shipwreck-1566,000000464786,Mannerism_Late_Renaissance__tintoretto_st-mark-rescuing-a-saracen-from-shipwreck-1566,1
cast,000000464786__Minimalism__mario-schifano_untitled-1963,000000464786,Minimalism__mario-schifano_untitled-1963,0
cast,000000464786__Naive_Art_Primitivism__marc-chagall_the-young-samuel-the-priest-s-servant-heard-that-he-is-called-by-god-eli-and-he-were-sleeping,000000464786,Naive_Art_Primitivism__marc-chagall_the-young-samuel-the-priest-s-servant-heard-that-he-is-called-by-god-eli-and-he-were-sleeping,0
cast,000000464786__Northern_Renaissance__albrecht-durer_lamentation-over-christ-1507,000000464786,Northern_Renaissance__albrecht-durer_lamentation-over-christ-1507,1
cast,000000464786__Pop_Art__peter-max_composition-red-green-1979,000000464786,Pop_Art__peter-max_composition-red-green-1979,0
cast,000000464786__Post_Impressionism__vincent-van-gogh_restaurant-de-la-sirene-at-asnieres-1887,000000464786,Post_Impressionism__vincent-van-gogh_restaurant-de-la-sirene-at-asnieres-1887,0
cast,000000464786__Realism__vincent-van-gogh_cottage-with-peasant-coming-home-1885(1),000000464786,Realism__vincent-van-gogh_cottage-with-peasant-coming-home-1885(1),0
cast,000000464786__Rococo__dmitry-levitzky_portrait-of-baron-a-n-stroganoff,000000464786,Rococo__dmitry-levitzky_portrait-of-baron-a-n-stroganoff,0
cast,000000464786__Romanticism__gustave-dore_paradise-lost-4,000000464786,Romanticism__gustave-dore_paradise-lost-4,0
cast,000000464786__Symbolism__nicholas-roerich_language-of-forest-1922,000000464786,Symbolism__nicholas-roerich_language-of-forest-1922,0
cast,000000464786__Ukiyo_e__kitagawa-utamaro_not_detected_233134,000000464786,Ukiyo_e__kitagawa-utamaro_not_detected_233134,0
cast,000000475387__Abstract_Expressionism__paul-jenkins_not_detected_235703,000000475387,Abstract_Expressionism__paul-jenkins_not_detected_235703,0
cast,000000475387__Art_Nouveau_Modern__nicholas-roerich_oze-1914,000000475387,Art_Nouveau_Modern__nicholas-roerich_oze-1914,0
cast,000000475387__Baroque__rembrandt_portrait-of-nicolas-van-bambeeck-1641,000000475387,Baroque__rembrandt_portrait-of-nicolas-van-bambeeck-1641,0
cast,000000475387__Color_Field_Painting__leon-berkowitz_dark-light-rose-gold-1978,000000475387,Color_Field_Painting__leon-berkowitz_dark-light-rose-gold-1978,1
cast,000000475387__Cubism__salvador-dali_cubist-composition-portrait-of-a-seated-person-holding-a-letter,000000475387,Cubism__salvador-dali_cubist-composition-portrait-of-a-seated-person-holding-a-letter,0
cast,000000475387__Early_Renaissance__pietro-perugino_st-jerome-who-attends-two-unfairly-hanged-1473,000000475387,Early_Renaissance__pietro-perugino_st-jerome-who-attends-two-unfairly-hanged-1473,0
cast,000000475387__Expressionism__amedeo-modigliani_germaine-survage-with-earrings-1918,000000475387,Expressionism__amedeo-modigliani_germaine-survage-with-earrings-1918,0
cast,000000475387__High_Renaissance__raphael_madonna-and-child-enthroned-with-saints-1505,000000475387,High_Renaissance__raphael_madonna-and-child-enthroned-with-saints-1505,0
cast,000000475387__Impressionism__pierre-auguste-renoir_leaving-the-bath-1890,000000475387,Impressionism__pierre-auguste-renoir_leaving-the-bath-1890,0
cast,000000475387__Mannerism_Late_Renaissance__tintoretto_st-mark-rescuing-a-saracen-from-shipwreck-1566,000000475387,Mannerism_Late_Renaissance__tintoretto_st-mark-rescuing-a-saracen-from-shipwreck-1566,0
cast,000000475387__Minimalism__mario-schifano_untitled-1963,000000475387,Minimalism__mario-schifano_untitled-1963,0
cast,000000475387__Naive_Art_Primitivism__marc-chagall_the-young-samuel-the-priest-s-servant-heard-that-he-is-called-by-god-eli-and-he-were-sleeping,000000475387,Naive_Art_Primitivism__marc-chagall_the-young-samuel-the-priest-s-servant-heard-that-he-is-called-by-god-eli-and-he-were-sleeping,0
cast,000000475387__Northern_Renaissance__albrecht-durer_lamentation-over-christ-1507,000000475387,Northern_Renaissance__albrecht-durer_lamentation-over-christ-1507,0
cast,000000475387__Pop_Art__peter-max_composition-red-green-1979,000000475387,Pop_Art__peter-max_composition-red-green-1979,0
cast,000000475387__Post_Impressionism__vincent-van-gogh_restaurant-de-la-sirene-at-asnieres-1887,000000475387,Post_Impressionism__vincent-van-gogh_restaurant-de-la-sirene-at-asnieres-1887,0
cast,000000475387__Realism__vincent-van-gogh_cottage-with-peasant-coming-home-1885(1),000000475387,Realism__vincent-van-gogh_cottage-with-peasant-coming-home-1885(1),0
cast,000000475387__Rococo__dmitry-levitzky_portrait-of-baron-a-n-stroganoff,000000475387,Rococo__dmitry-levitzky_portrait-of-baron-a-n-stroganoff,0
cast,000000475387__Romanticism__gustave-dore_paradise-lost-4,000000475387,Romanticism__gustave-dore_paradise-lost-4,0
cast,000000475387__Symbolism__nicholas-roerich_language-of-forest-1922,000000475387,Symbolism__nicholas-roerich_language-of-forest-1922,0
cast,000000475387__Ukiyo_e__kitagawa-utamaro_not_detected_233134,000000475387,Ukiyo_e__kitagawa-utamaro_not_detected_233134,0
cast,000000484029__Abstract_Expressionism__paul-jenkins_not_detected_235703,000000484029,Abstract_Expressionism__paul-jenkins_not_detected_235703,0
cast,000000484029__Art_Nouveau_Modern__nicholas-roerich_oze-1914,000000484029,Art_Nouveau_Modern__nicholas-roerich_oze-1914,0
cast,000000484029__Baroque__rembrandt_portrait-of-nicolas-van-bambeeck-1641,000000484029,Baroque__rembrandt_portrait-of-nicolas-van-bambeeck-1641,0
cast,000000484029__Color_Field_Painting__leon-berkowitz_dark-light-rose-gold-1978,000000484029,Color_Field_Painting__leon-berkowitz_dark-light-rose-gold-1978,0
cast,000000484029__Cubism__salvador-dali_cubist-composition-portrait-of-a-seated-person-holding-a-letter,000000484029,Cubism__salvador-dali_cubist-composition-portrait-of-a-seated-person-holding-a-letter,0
cast,000000484029__Early_Renaissance__pietro-perugino_st-jerome-who-attends-two-unfairly-hanged-1473,000000484029,Early_Renaissance__pietro-perugino_st-jerome-who-attends-two-unfairly-hanged-1473,0
cast,000000484029__Expressionism__amedeo-modigliani_germaine-survage-with-earrings-1918,000000484029,Expressionism__amedeo-modigliani_germaine-survage-with-earrings-1918,0
cast,000000484029__High_Renaissance__raphael_madonna-and-child-enthroned-with-saints-1505,000000484029,High_Renaissance__raphael_madonna-and-child-enthroned-with-saints-1505,0
cast,000000484029__Impressionism__pierre-auguste-renoir_leaving-the-bath-1890,000000484029,Impressionism__pierre-auguste-renoir_leaving-the-bath-1890,0
cast,000000484029__Mannerism_Late_Renaissance__tintoretto_st-mark-rescuing-a-saracen-from-shipwreck-1566,000000484029,Mannerism_Late_Renaissance__tintoretto_st-mark-rescuing-a-saracen-from-shipwreck-1566,0
cast,000000484029__Minimalism__mario-schifano_untitled-1963,000000484029,Minimalism__mario-schifano_untitled-1963,0
cast,000000484029__Naive_Art_Primitivism__marc-chagall_the-young-samuel-the-priest-s-servant-heard-that-he-is-called-by-god-eli-and-he-were-sleeping,000000484029,Naive_Art_Primitivism__marc-chagall_the-young-samuel-the-priest-s-servant-heard-that-he-is-called-by-god-eli-and-he-were-sleeping,0
cast,000000484029__Northern_Renaissance__albrecht-durer_lamentation-over-christ-1507,000000484029,Northern_Renaissance__albrecht-durer_lamentation-over-christ-1507,1
cast,000000484029__Pop_Art__peter-max_composition-red-green-1979,000000484029,Pop_Art__peter-max_composition-red-green-1979,0
cast,000000484029__Post_Impressionism__vincent-van-gogh_restaurant-de-la-sirene-at-asnieres-1887,000000484029,Post_Impressionism__vincent-van-gogh_restaurant-de-la-sirene-at-asnieres-1887,0
cast,000000484029__Realism__vincent-van-gogh_cottage-with-peasant-coming-home-1885(1),000000484029,Realism__vincent-van-gogh_cottage-with-peasant-coming-home-1885(1),0
cast,000000484029__Rococo__dmitry-levitzky_portrait-of-baron-a-n-stroganoff,000000484029,Rococo__dmitry-levitzky_portrait-of-baron-a-n-stroganoff,0
cast,000000484029__Romanticism__gustave-dore_paradise-lost-4,000000484029,Romanticism__gustave-dore_paradise-lost-4,0
cast,000000484029__Symbolism__nicholas-roerich_language-of-forest-1922,000000484029,Symbolism__nicholas-roerich_language-of-forest-1922,0
cast,000000484029__Ukiyo_e__kitagawa-utamaro_not_detected_233134,000000484029,Ukiyo_e__kitagawa-utamaro_not_detected_233134,0
cast,000000485844__Abstract_Expressionism__paul-jenkins_not_detected_235703,000000485844,Abstract_Expressionism__paul-jenkins_not_detected_235703,0
cast,000000485844__Art_Nouveau_Modern__nicholas-roerich_oze-1914,000000485844,Art_Nouveau_Modern__nicholas-roerich_oze-1914,0
cast,000000485844__Baroque__rembrandt_portrait-of-nicolas-van-bambeeck-1641,000000485844,Baroque__rembrandt_portrait-of-nicolas-van-bambeeck-1641,1
cast,000000485844__Color_Field_Painting__leon-berkowitz_dark-light-rose-gold-1978,000000485844,Color_Field_Painting__leon-berkowitz_dark-light-rose-gold-1978,1
cast,000000485844__Cubism__salvador-dali_cubist-composition-portrait-of-a-seated-person-holding-a-letter,000000485844,Cubism__salvador-dali_cubist-composition-portrait-of-a-seated-person-holding-a-letter,1
cast,000000485844__Early_Renaissance__pietro-perugino_st-jerome-who-attends-two-unfairly-hanged-1473,000000485844,Early_Renaissance__pietro-perugino_st-jerome-who-attends-two-unfairly-hanged-1473,0
cast,000000485844__Expressionism__amedeo-modigliani_germaine-survage-with-earrings-1918,000000485844,Expressionism__amedeo-modigliani_germaine-survage-with-earrings-1918,1
cast,000000485844__High_Renaissance__raphael_madonna-and-child-enthroned-with-saints-1505,000000485844,High_Renaissance__raphael_madonna-and-child-enthroned-with-saints-1505,0
cast,000000485844__Impressionism__pierre-auguste-renoir_leaving-the-bath-1890,000000485844,Impressionism__pierre-auguste-renoir_leaving-the-bath-1890,0
cast,000000485844__Mannerism_Late_Renaissance__tintoretto_st-mark-rescuing-a-saracen-from-shipwreck-1566,000000485844,Mannerism_Late_Renaissance__tintoretto_st-mark-rescuing-a-saracen-from-shipwreck-1566,0
cast,000000485844__Minimalism__mario-schifano_untitled-1963,000000485844,Minimalism__mario-schifano_untitled-1963,0
cast,000000485844__Naive_Art_Primitivism__marc-chagall_the-young-samuel-the-priest-s-servant-heard-that-he-is-called-by-god-eli-and-he-were-sleeping,000000485844,Naive_Art_Primitivism__marc-chagall_the-young-samuel-the-priest-s-servant-heard-that-he-is-called-by-god-eli-and-he-were-sleeping,0
cast,000000485844__Northern_Renaissance__albrecht-durer_lamentation-over-christ-1507,000000485844,Northern_Renaissance__albrecht-durer_lamentation-over-christ-1507,0
cast,000000485844__Pop_Art__peter-max_composition-red-green-1979,000000485844,Pop_Art__peter-max_composition-red-green-1979,0
cast,000000485844__Post_Impressionism__vincent-van-gogh_restaurant-de-la-sirene-at-asnieres-1887,000000485844,Post_Impressionism__vincent-van-gogh_restaurant-de-la-sirene-at-asnieres-1887,0
cast,000000485844__Realism__vincent-van-gogh_cottage-with-peasant-coming-home-1885(1),000000485844,Realism__vincent-van-gogh_cottage-with-peasant-coming-home-1885(1),0
cast,000000485844__Rococo__dmitry-levitzky_portrait-of-baron-a-n-stroganoff,000000485844,Rococo__dmitry-levitzky_portrait-of-baron-a-n-stroganoff,0
cast,000000485844__Romanticism__gustave-dore_paradise-lost-4,000000485844,Romanticism__gustave-dore_paradise-lost-4,0
cast,000000485844__Symbolism__nicholas-roerich_language-of-forest-1922,000000485844,Symbolism__nicholas-roerich_language-of-forest-1922,0
cast,000000485844__Ukiyo_e__kitagawa-utamaro_not_detected_233134,000000485844,Ukiyo_e__kitagawa-utamaro_not_detected_233134,0
cast,000000510329__Abstract_Expressionism__paul-jenkins_not_detected_235703,000000510329,Abstract_Expressionism__paul-jenkins_not_detected_235703,0
cast,000000510329__Art_Nouveau_Modern__nicholas-roerich_oze-1914,000000510329,Art_Nouveau_Modern__nicholas-roerich_oze-1914,0
cast,000000510329__Baroque__rembrandt_portrait-of-nicolas-van-bambeeck-1641,000000510329,Baroque__rembrandt_portrait-of-nicolas-van-bambeeck-1641,0
cast,000000510329__Color_Field_Painting__leon-berkowitz_dark-light-rose-gold-1978,000000510329,Color_Field_Painting__leon-berkowitz_dark-light-rose-gold-1978,1
cast,000000510329__Cubism__salvador-dali_cubist-composition-portrait-of-a-seated-person-holding-a-letter,000000510329,Cubism__salvador-dali_cubist-composition-portrait-of-a-seated-person-holding-a-letter,0
cast,000000510329__Early_Renaissance__pietro-perugino_st-jerome-who-attends-two-unfairly-hanged-1473,000000510329,Early_Renaissance__pietro-perugino_st-jerome-who-attends-two-unfairly-hanged-1473,0
cast,000000510329__Expressionism__amedeo-modigliani_germaine-survage-with-earrings-1918,000000510329,Expressionism__amedeo-modigliani_germaine-survage-with-earrings-1918,0
cast,000000510329__High_Renaissance__raphael_madonna-and-child-enthroned-with-saints-1505,000000510329,High_Renaissance__raphael_madonna-and-child-enthroned-with-saints-1505,0
cast,000000510329__Impressionism__pierre-auguste-renoir_leaving-the-bath-1890,000000510329,Impressionism__pierre-auguste-renoir_leaving-the-bath-1890,1
cast,000000510329__Mannerism_Late_Renaissance__tintoretto_st-mark-rescuing-a-saracen-from-shipwreck-1566,000000510329,Mannerism_Late_Renaissance__tintoretto_st-mark-rescuing-a-saracen-from-shipwreck-1566,0
cast,000000510329__Minimalism__mario-schifano_untitled-1963,000000510329,Minimalism__mario-schifano_untitled-1963,0
cast,000000510329__Naive_Art_Primitivism__marc-chagall_the-young-samuel-the-priest-s-servant-heard-that-he-is-called-by-god-eli-and-he-were-sleeping,000000510329,Naive_Art_Primitivism__marc-chagall_the-young-samuel-the-priest-s-servant-heard-that-he-is-called-by-god-eli-and-he-were-sleeping,0
cast,000000510329__Northern_Renaissance__albrecht-durer_lamentation-over-christ-1507,000000510329,Northern_Renaissance__albrecht-durer_lamentation-over-christ-1507,0
cast,000000510329__Pop_Art__peter-max_composition-red-green-1979,000000510329,Pop_Art__peter-max_composition-red-green-1979,0
cast,000000510329__Post_Impressionism__vincent-van-gogh_restaurant-de-la-sirene-at-asnieres-1887,000000510329,Post_Impressionism__vincent-van-gogh_restaurant-de-la-sirene-at-asnieres-1887,0
cast,000000510329__Realism__vincent-van-gogh_cottage-with-peasant-coming-home-1885(1),000000510329,Realism__vincent-van-gogh_cottage-with-peasant-coming-home-1885(1),1
cast,000000510329__Rococo__dmitry-levitzky_portrait-of-baron-a-n-stroganoff,000000510329,Rococo__dmitry-levitzky_portrait-of-baron-a-n-stroganoff,1
cast,000000510329__Romanticism__gustave-dore_paradise-lost-4,000000510329,Romanticism__gustave-dore_paradise-lost-4,1
cast,000000510329__Symbolism__nicholas-roerich_language-of-forest-1922,000000510329,Symbolism__nicholas-roerich_language-of-forest-1922,0
cast,000000510329__Ukiyo_e__kitagawa-utamaro_not_detected_233134,000000510329,Ukiyo_e__kitagawa-utamaro_not_detected_233134,0
cast,000000520659__Abstract_Expressionism__paul-jenkins_not_detected_235703,000000520659,Abstract_Expressionism__paul-jenkins_not_detected_235703,0
cast,000000520659__Art_Nouveau_Modern__nicholas-roerich_oze-1914,000000520659,Art_Nouveau_Modern__nicholas-roerich_oze-1914,0
cast,000000520659__Baroque__rembrandt_portrait-of-nicolas-van-bambeeck-1641,000000520659,Baroque__rembrandt_portrait-of-nicolas-van-bambeeck-1641,0
cast,000000520659__Color_Field_Painting__leon-berkowitz_dark-light-rose-gold-1978,000000520659,Color_Field_Painting__leon-berkowitz_dark-light-rose-gold-1978,1
cast,000000520659__Cubism__salvador-dali_cubist-composition-portrait-of-a-seated-person-holding-a-letter,000000520659,Cubism__salvador-dali_cubist-composition-portrait-of-a-seated-person-holding-a-letter,0
cast,000000520659__Early_Renaissance__pietro-perugino_st-jerome-who-attends-two-unfairly-hanged-1473,000000520659,Early_Renaissance__pietro-perugino_st-jerome-who-attends-two-unfairly-hanged-1473,0
cast,000000520659__Expressionism__amedeo-modigliani_germaine-survage-with-earrings-1918,000000520659,Expressionism__amedeo-modigliani_germaine-survage-with-earrings-1918,0
cast,000000520659__High_Renaissance__raphael_madonna-and-child-enthroned-with-saints-1505,000000520659,High_Renaissance__raphael_madonna-and-child-enthroned-with-saints-1505,0
cast,000000520659__Impressionism__pierre-auguste-renoir_leaving-the-bath-1890,000000520659,Impressionism__pierre-auguste-renoir_leaving-the-bath-1890,1
cast,000000520659__Mannerism_Late_Renaissance__tintoretto_st-mark-rescuing-a-saracen-from-shipwreck-1566,000000520659,Mannerism_Late_Renaissance__tintoretto_st-mark-rescuing-a-saracen-from-shipwreck-1566,0
cast,000000520659__Minimalism__mario-schifano_untitled-1963,000000520659,Minimalism__mario-schifano_untitled-1963,0
cast,000000520659__Naive_Art_Primitivism__marc-chagall_the-young-samuel-the-priest-s-servant-heard-that-he-is-called-by-god-eli-and-he-were-sleeping,000000520659,Naive_Art_Primitivism__marc-chagall_the-young-samuel-the-priest-s-servant-heard-that-he-is-called-by-god-eli-and-he-were-sleeping,0
cast,000000520659__Northern_Renaissance__albrecht-durer_lamentation-over-christ-1507,000000520659,Northern_Renaissance__albrecht-durer_lamentation-over-christ-1507,1
cast,000000520659__Pop_Art__peter-max_composition-red-green-1979,000000520659,Pop_Art__peter-max_composition-red-green-1979,0
cast,000000520659__Post_Impressionism__vincent-van-gogh_restaurant-de-la-sirene-at-asnieres-1887,000000520659,Post_Impressionism__vincent-van-gogh_restaurant-de-la-sirene-at-asnieres-1887,0
cast,000000520659__Realism__vincent-van-gogh_cottage-with-peasant-coming-home-1885(1),000000520659,Realism__vincent-van-gogh_cottage-with-peasant-coming-home-1885(1),0
cast,000000520659__Rococo__dmitry-levitzky_portrait-of-baron-a-n-stroganoff,000000520659,Rococo__dmitry-levitzky_portrait-of-baron-a-n-stroganoff,0
cast,000000520659__Romanticism__gustave-dore_paradise-lost-4,000000520659,Romanticism__gustave-dore_paradise-lost-4,0
cast,000000520659__Symbolism__nicholas-roerich_language-of-forest-1922,000000520659,Symbolism__nicholas-roerich_language-of-forest-1922,0
cast,000000520659__Ukiyo_e__kitagawa-utamaro_not_detected_233134,000000520659,Ukiyo_e__kitagawa-utamaro_not_detected_233134,0
cast,000000529105__Abstract_Expressionism__paul-jenkins_not_detected_235703,000000529105,Abstract_Expressionism__paul-jenkins_not_detected_235703,0
cast,000000529105__Art_Nouveau_Modern__nicholas-roerich_oze-1914,000000529105,Art_Nouveau_Modern__nicholas-roerich_oze-1914,0
cast,000000529105__Baroque__rembrandt_portrait-of-nicolas-van-bambeeck-1641,000000529105,Baroque__rembrandt_portrait-of-nicolas-van-bambeeck-1641,1
cast,000000529105__Color_Field_Painting__leon-berkowitz_dark-light-rose-gold-1978,000000529105,Color_Field_Painting__leon-berkowitz_dark-light-rose-gold-1978,1
cast,000000529105__Cubism__salvador-dali_cubist-composition-portrait-of-a-seated-person-holding-a-letter,000000529105,Cubism__salvador-dali_cubist-composition-portrait-of-a-seated-person-holding-a-letter,0
cast,000000529105__Early_Renaissance__pietro-perugino_st-jerome-who-attends-two-unfairly-hanged-1473,000000529105,Early_Renaissance__pietro-perugino_st-jerome-who-attends-two-unfairly-hanged-1473,0
cast,000000529105__Expressionism__amedeo-modigliani_germaine-survage-with-earrings-1918,000000529105,Expressionism__amedeo-modigliani_germaine-survage-with-earrings-1918,0
cast,000000529105__High_Renaissance__raphael_madonna-and-child-enthroned-with-saints-1505,000000529105,High_Renaissance__raphael_madonna-and-child-enthroned-with-saints-1505,0
cast,000000529105__Impressionism__pierre-auguste-renoir_leaving-the-bath-1890,000000529105,Impressionism__pierre-auguste-renoir_leaving-the-bath-1890,1
cast,000000529105__Mannerism_Late_Renaissance__tintoretto_st-mark-rescuing-a-saracen-from-shipwreck-1566,000000529105,Mannerism_Late_Renaissance__tintoretto_st-mark-rescuing-a-saracen-from-shipwreck-1566,0
cast,000000529105__Minimalism__mario-schifano_untitled-1963,000000529105,Minimalism__mario-schifano_untitled-1963,0
cast,000000529105__Naive_Art_Primitivism__marc-chagall_the-young-samuel-the-priest-s-servant-heard-that-he-is-called-by-god-eli-and-he-were-sleeping,000000529105,Naive_Art_Primitivism__marc-chagall_the-young-samuel-the-priest-s-servant-heard-that-he-is-called-by-god-eli-and-he-were-sleeping,0
cast,000000529105__Northern_Renaissance__albrecht-durer_lamentation-over-christ-1507,000000529105,Northern_Renaissance__albrecht-durer_lamentation-over-christ-1507,1
cast,000000529105__Pop_Art__peter-max_composition-red-green-1979,000000529105,Pop_Art__peter-max_composition-red-green-1979,0
cast,000000529105__Post_Impressionism__vincent-van-gogh_restaurant-de-la-sirene-at-asnieres-1887,000000529105,Post_Impressionism__vincent-van-gogh_restaurant-de-la-sirene-at-asnieres-1887,0
cast,000000529105__Realism__vincent-van-gogh_cottage-with-peasant-coming-home-1885(1),000000529105,Realism__vincent-van-gogh_cottage-with-peasant-coming-home-1885(1),0
cast,000000529105__Rococo__dmitry-levitzky_portrait-of-baron-a-n-stroganoff,000000529105,Rococo__dmitry-levitzky_portrait-of-baron-a-n-stroganoff,0
cast,000000529105__Romanticism__gustave-dore_paradise-lost-4,000000529105,Romanticism__gustave-dore_paradise-lost-4,1
cast,000000529105__Symbolism__nicholas-roerich_language-of-forest-1922,000000529105,Symbolism__nicholas-roerich_language-of-forest-1922,0
cast,000000529105__Ukiyo_e__kitagawa-utamaro_not_detected_233134,000000529105,Ukiyo_e__kitagawa-utamaro_not_detected_233134,0
cast,000000529966__Abstract_Expressionism__paul-jenkins_not_detected_235703,000000529966,Abstract_Expressionism__paul-jenkins_not_detected_235703,0
cast,000000529966__Art_Nouveau_Modern__nicholas-roerich_oze-1914,000000529966,Art_Nouveau_Modern__nicholas-roerich_oze-1914,0
cast,000000529966__Baroque__rembrandt_portrait-of-nicolas-van-bambeeck-1641,000000529966,Baroque__rembrandt_portrait-of-nicolas-van-bambeeck-1641,0
cast,000000529966__Color_Field_Painting__leon-berkowitz_dark-light-rose-gold-1978,000000529966,Color_Field_Painting__leon-berkowitz_dark-light-rose-gold-1978,1
cast,000000529966__Cubism__salvador-dali_cubist-composition-portrait-of-a-seated-person-holding-a-letter,000000529966,Cubism__salvador-dali_cubist-composition-portrait-of-a-seated-person-holding-a-letter,0
cast,000000529966__Early_Renaissance__pietro-perugino_st-jerome-who-attends-two-unfairly-hanged-1473,000000529966,Early_Renaissance__pietro-perugino_st-jerome-who-attends-two-unfairly-hanged-1473,0
cast,000000529966__Expressionism__amedeo-modigliani_germaine-survage-with-earrings-1918,000000529966,Expressionism__amedeo-modigliani_germaine-survage-with-earrings-1918,0
cast,000000529966__High_Renaissance__raphael_madonna-and-child-enthroned-with-saints-1505,000000529966,High_Renaissance__raphael_madonna-and-child-enthroned-with-saints-1505,0
cast,000000529966__Impressionism__pierre-auguste-renoir_leaving-the-bath-1890,000000529966,Impressionism__pierre-auguste-renoir_leaving-the-bath-1890,0
cast,000000529966__Mannerism_Late_Renaissance__tintoretto_st-mark-rescuing-a-saracen-from-shipwreck-1566,000000529966,Mannerism_Late_Renaissance__tintoretto_st-mark-rescuing-a-saracen-from-shipwreck-1566,0
cast,000000529966__Minimalism__mario-schifano_untitled-1963,000000529966,Minimalism__mario-schifano_untitled-1963,0
cast,000000529966__Naive_Art_Primitivism__marc-chagall_the-young-samuel-the-priest-s-servant-heard-that-he-is-called-by-god-eli-and-he-were-sleeping,000000529966,Naive_Art_Primitivism__marc-chagall_the-young-samuel-the-priest-s-servant-heard-that-he-is-called-by-god-eli-and-he-were-sleeping,0
cast,000000529966__Northern_Renaissance__albrecht-durer_lamentation-over-christ-1507,000000529966,Northern_Renaissance__albrecht-durer_lamentation-over-christ-1507,0
cast,000000529966__Pop_Art__peter-max_composition-red-green-1979,000000529966,Pop_Art__peter-max_composition-red-green-1979,0
cast,000000529966__Post_Impressionism__vincent-van-gogh_restaurant-de-la-sirene-at-asnieres-1887,000000529966,Post_Impressionism__vincent-van-gogh_restaurant-de-la-sirene-at-asnieres-1887,1
cast,000000529966__Realism__vincent-van-gogh_cottage-with-peasant-coming-home-1885(1),000000529966,Realism__vincent-van-gogh_cottage-with-peasant-coming-home-1885(1),1
cast,000000529966__Rococo__dmitry-levitzky_portrait-of-baron-a-n-stroganoff,000000529966,Rococo__dmitry-levitzky_portrait-of-baron-a-n-stroganoff,0
cast,000000529966__Romanticism__gustave-dore_paradise-lost-4,000000529966,Romanticism__gustave-dore_paradise-lost-4,0
cast,000000529966__Symbolism__nicholas-roerich_language-of-forest-1922,000000529966,Symbolism__nicholas-roerich_language-of-forest-1922,0
cast,000000529966__Ukiyo_e__kitagawa-utamaro_not_detected_233134,000000529966,Ukiyo_e__kitagawa-utamaro_not_detected_233134,0
cast,000000546475__Abstract_Expressionism__paul-jenkins_not_detected_235703,000000546475,Abstract_Expressionism__paul-jenkins_not_detected_235703,0
cast,000000546475__Art_Nouveau_Modern__nicholas-roerich_oze-1914,000000546475,Art_Nouveau_Modern__nicholas-roerich_oze-1914,0
cast,000000546475__Baroque__rembrandt_portrait-of-nicolas-van-bambeeck-1641,000000546475,Baroque__rembrandt_portrait-of-nicolas-van-bambeeck-1641,0
cast,000000546475__Color_Field_Painting__leon-berkowitz_dark-light-rose-gold-1978,000000546475,Color_Field_Painting__leon-berkowitz_dark-light-rose-gold-1978,1
cast,000000546475__Cubism__salvador-dali_cubist-composition-portrait-of-a-seated-person-holding-a-letter,000000546475,Cubism__salvador-dali_cubist-composition-portrait-of-a-seated-person-holding-a-letter,0
cast,000000546475__Early_Renaissance__pietro-perugino_st-jerome-who-attends-two-unfairly-hanged-1473,000000546475,Early_Renaissance__pietro-perugino_st-jerome-who-attends-two-unfairly-hanged-1473,0
cast,000000546475__Expressionism__amedeo-modigliani_germaine-survage-with-earrings-1918,000000546475,Expressionism__amedeo-modigliani_germaine-survage-with-earrings-1918,0
cast,000000546475__High_Renaissance__raphael_madonna-and-child-enthroned-with-saints-1505,000000546475,High_Renaissance__raphael_madonna-and-child-enthroned-with-saints-1505,0
cast,000000546475__Impressionism__pierre-auguste-renoir_leaving-the-bath-1890,000000546475,Impressionism__pierre-auguste-renoir_leaving-the-bath-1890,0
cast,000000546475__Mannerism_Late_Renaissance__tintoretto_st-mark-rescuing-a-saracen-from-shipwreck-1566,000000546475,Mannerism_Late_Renaissance__tintoretto_st-mark-rescuing-a-saracen-from-shipwreck-1566,1
cast,000000546475__Minimalism__mario-schifano_untitled-1963,000000546475,Minimalism__mario-schifano_untitled-1963,0
cast,000000546475__Naive_Art_Primitivism__marc-chagall_the-young-samuel-the-priest-s-servant-heard-that-he-is-called-by-god-eli-and-he-were-sleeping,000000546475,Naive_Art_Primitivism__marc-chagall_the-young-samuel-the-priest-s-servant-heard-that-he-is-called-by-god-eli-and-he-were-sleeping,0
cast,000000546475__Northern_Renaissance__albrecht-durer_lamentation-over-christ-1507,000000546475,Northern_Renaissance__albrecht-durer_lamentation-over-christ-1507,1
cast,000000546475__Pop_Art__peter-max_composition-red-green-1979,000000546475,Pop_Art__peter-max_composition-red-green-1979,0
cast,000000546475__Post_Impressionism__vincent-van-gogh_restaurant-de-la-sirene-at-asnieres-1887,000000546475,Post_Impressionism__vincent-van-gogh_restaurant-de-la-sirene-at-asnieres-1887,0
cast,000000546475__Realism__vincent-van-gogh_cottage-with-peasant-coming-home-1885(1),000000546475,Realism__vincent-van-gogh_cottage-with-peasant-coming-home-1885(1),0
cast,000000546475__Rococo__dmitry-levitzky_portrait-of-baron-a-n-stroganoff,000000546475,Rococo__dmitry-levitzky_portrait-of-baron-a-n-stroganoff,0
cast,000000546475__Romanticism__gustave-dore_paradise-lost-4,000000546475,Romanticism__gustave-dore_paradise-lost-4,0
cast,000000546475__Symbolism__nicholas-roerich_language-of-forest-1922,000000546475,Symbolism__nicholas-roerich_language-of-forest-1922,0
cast,000000546475__Ukiyo_e__kitagawa-utamaro_not_detected_233134,000000546475,Ukiyo_e__kitagawa-utamaro_not_detected_233134,0
cast,000000560178__Abstract_Expressionism__paul-jenkins_not_detected_235703,000000560178,Abstract_Expressionism__paul-jenkins_not_detected_235703,0
cast,000000560178__Art_Nouveau_Modern__nicholas-roerich_oze-1914,000000560178,Art_Nouveau_Modern__nicholas-roerich_oze-1914,0
cast,000000560178__Baroque__rembrandt_portrait-of-nicolas-van-bambeeck-1641,000000560178,Baroque__rembrandt_portrait-of-nicolas-van-bambeeck-1641,0
cast,000000560178__Color_Field_Painting__leon-berkowitz_dark-light-rose-gold-1978,000000560178,Color_Field_Painting__leon-berkowitz_dark-light-rose-gold-1978,1
cast,000000560178__Cubism__salvador-dali_cubist-composition-portrait-of-a-seated-person-holding-a-letter,000000560178,Cubism__salvador-dali_cubist-composition-portrait-of-a-seated-person-holding-a-letter,0
cast,000000560178__Early_Renaissance__pietro-perugino_st-jerome-who-attends-two-unfairly-hanged-1473,000000560178,Early_Renaissance__pietro-perugino_st-jerome-who-attends-two-unfairly-hanged-1473,0
cast,000000560178__Expressionism__amedeo-modigliani_germaine-survage-with-earrings-1918,000000560178,Expressionism__amedeo-modigliani_germaine-survage-with-earrings-1918,0
cast,000000560178__High_Renaissance__raphael_madonna-and-child-enthroned-with-saints-1505,000000560178,High_Renaissance__raphael_madonna-and-child-enthroned-with-saints-1505,1
cast,000000560178__Impressionism__pierre-auguste-renoir_leaving-the-bath-1890,000000560178,Impressionism__pierre-auguste-renoir_leaving-the-bath-1890,1
cast,000000560178__Mannerism_Late_Renaissance__tintoretto_st-mark-rescuing-a-saracen-from-shipwreck-1566,000000560178,Mannerism_Late_Renaissance__tintoretto_st-mark-rescuing-a-saracen-from-shipwreck-1566,1
cast,000000560178__Minimalism__mario-schifano_untitled-1963,000000560178,Minimalism__mario-schifano_untitled-1963,0
cast,000000560178__Naive_Art_Primitivism__marc-chagall_the-young-samuel-the-priest-s-servant-heard-that-he-is-called-by-god-eli-and-he-were-sleeping,000000560178,Naive_Art_Primitivism__marc-chagall_the-young-samuel-the-priest-s-servant-heard-that-he-is-called-by-god-eli-and-he-were-sleeping,0
cast,000000560178__Northern_Renaissance__albrecht-durer_lamentation-over-christ-1507,000000560178,Northern_Renaissance__albrecht-durer_lamentation-over-christ-1507,1
cast,000000560178__Pop_Art__peter-max_composition-red-green-1979,000000560178,Pop_Art__peter-max_composition-red-green-1979,0
cast,000000560178__Post_Impressionism__vincent-van-gogh_restaurant-de-la-sirene-at-asnieres-1887,000000560178,Post_Impressionism__vincent-van-gogh_restaurant-de-la-sirene-at-asnieres-1887,0
cast,000000560178__Realism__vincent-van-gogh_cottage-with-peasant-coming-home-1885(1),000000560178,Realism__vincent-van-gogh_cottage-with-peasant-coming-home-1885(1),0
cast,000000560178__Rococo__dmitry-levitzky_portrait-of-baron-a-n-stroganoff,000000560178,Rococo__dmitry-levitzky_portrait-of-baron-a-n-stroganoff,0
cast,000000560178__Romanticism__gustave-dore_paradise-lost-4,000000560178,Romanticism__gustave-dore_paradise-lost-4,0
cast,000000560178__Symbolism__nicholas-roerich_language-of-forest-1922,000000560178,Symbolism__nicholas-roerich_language-of-forest-1922,0
cast,000000560178__Ukiyo_e__kitagawa-utamaro_not_detected_233134,000000560178,Ukiyo_e__kitagawa-utamaro_not_detected_233134,0
cast,000000572517__Abstract_Expressionism__paul-jenkins_not_detected_235703,000000572517,Abstract_Expressionism__paul-jenkins_not_detected_235703,0
cast,000000572517__Art_Nouveau_Modern__nicholas-roerich_oze-1914,000000572517,Art_Nouveau_Modern__nicholas-roerich_oze-1914,0
cast,000000572517__Baroque__rembrandt_portrait-of-nicolas-van-bambeeck-1641,000000572517,Baroque__rembrandt_portrait-of-nicolas-van-bambeeck-1641,1
cast,000000572517__Color_Field_Painting__leon-berkowitz_dark-light-rose-gold-1978,000000572517,Color_Field_Painting__leon-berkowitz_dark-light-rose-gold-1978,1
cast,000000572517__Cubism__salvador-dali_cubist-composition-portrait-of-a-seated-person-holding-a-letter,000000572517,Cubism__salvador-dali_cubist-composition-portrait-of-a-seated-person-holding-a-letter,0
cast,000000572517__Early_Renaissance__pietro-perugino_st-jerome-who-attends-two-unfairly-hanged-1473,000000572517,Early_Renaissance__pietro-perugino_st-jerome-who-attends-two-unfairly-hanged-1473,0
cast,000000572517__Expressionism__amedeo-modigliani_germaine-survage-with-earrings-1918,000000572517,Expressionism__amedeo-modigliani_germaine-survage-with-earrings-1918,0
cast,000000572517__High_Renaissance__raphael_madonna-and-child-enthroned-with-saints-1505,000000572517,High_Renaissance__raphael_madonna-and-child-enthroned-with-saints-1505,0
cast,000000572517__Impressionism__pierre-auguste-renoir_leaving-the-bath-1890,000000572517,Impressionism__pierre-auguste-renoir_leaving-the-bath-1890,1
cast,000000572517__Mannerism_Late_Renaissance__tintoretto_st-mark-rescuing-a-saracen-from-shipwreck-1566,000000572517,Mannerism_Late_Renaissance__tintoretto_st-mark-rescuing-a-saracen-from-shipwreck-1566,0
cast,000000572517__Minimalism__mario-schifano_untitled-1963,000000572517,Minimalism__mario-schifano_untitled-1963,0
cast,000000572517__Naive_Art_Primitivism__marc-chagall_the-young-samuel-the-priest-s-servant-heard-that-he-is-called-by-god-eli-and-he-were-sleeping,000000572517,Naive_Art_Primitivism__marc-chagall_the-young-samuel-the-priest-s-servant-heard-that-he-is-called-by-god-eli-and-he-were-sleeping,0
cast,000000572517__Northern_Renaissance__albrecht-durer_lamentation-over-christ-1507,000000572517,Northern_Renaissance__albrecht-durer_lamentation-over-christ-1507,0
cast,000000572517__Pop_Art__peter-max_composition-red-green-1979,000000572517,Pop_Art__peter-max_composition-red-green-1979,0
cast,000000572517__Post_Impressionism__vincent-van-gogh_restaurant-de-la-sirene-at-asnieres-1887,000000572517,Post_Impressionism__vincent-van-gogh_restaurant-de-la-sirene-at-asnieres-1887,0
cast,000000572517__Realism__vincent-van-gogh_cottage-with-peasant-coming-home-1885(1),000000572517,Realism__vincent-van-gogh_cottage-with-peasant-coming-home-1885(1),0
cast,000000572517__Rococo__dmitry-levitzky_portrait-of-baron-a-n-stroganoff,000000572517,Rococo__dmitry-levitzky_portrait-of-baron-a-n-stroganoff,0
cast,000000572517__Romanticism__gustave-dore_paradise-lost-4,000000572517,Romanticism__gustave-dore_paradise-lost-4,1
cast,000000572517__Symbolism__nicholas-roerich_language-of-forest-1922,000000572517,Symbolism__nicholas-roerich_language-of-forest-1922,0
cast,000000572517__Ukiyo_e__kitagawa-utamaro_not_detected_233134,000000572517,Ukiyo_e__kitagawa-utamaro_not_detected_233134,0
