method,output,ssim,lpips,e_ssim,l_c,l_s
adain,000000001818__Abstract_Expressionism__paul-jenkins_not_detected_235703.jpg,0.2301,0.5695,0.2356,2.6152,1.1553
adain,000000001818__Art_Nouveau_Modern__nicholas-roerich_oze-1914.jpg,0.1731,0.5903,0.2267,2.6318,1.2383
adain,000000001818__Baroque__rembrandt_portrait-of-nicolas-van-bambeeck-1641.jpg,0.1265,0.6888,0.1805,3.0085,0.8197
adain,000000001818__Color_Field_Painting__leon-berkowitz_dark-light-rose-gold-1978.jpg,0.0792,0.8741,0.1331,3.6616,0.5008
adain,000000001818__Cubism__salvador-dali_cubist-composition-portrait-of-a-seated-person-holding-a-letter.jpg,0.1777,0.7809,0.2106,2.5897,0.5745
adain,000000001818__Early_Renaissance__pietro-perugino_st-jerome-who-attends-two-unfairly-hanged-1473.jpg,0.2418,0.5539,0.2694,2.3736,1.5401
adain,000000001818__Expressionism__amedeo-modigliani_germaine-survage-with-earrings-1918.jpg,0.1886,0.6768,0.2248,2.4155,0.8405
adain,000000001818__High_Renaissance__raphael_madonna-and-child-enthroned-with-saints-1505.jpg,0.2432,0.5768,0.2737,2.5925,3.1558
adain,000000001818__Impressionism__pierre-auguste-renoir_leaving-the-bath-1890.jpg,0.1592,0.6736,0.1806,2.8122,0.9116
adain,000000001818__Mannerism_Late_Renaissance__tintoretto_st-mark-rescuing-a-saracen-from-shipwreck-1566.jpg,0.219,0.5435,0.2331,2.4505,1.6004
adain,000000001818__Minimalism__mario-schifano_untitled-1963.jpg,0.0964,1.1344,0.1208,3.5325,1.3446
adain,000000001818__Naive_Art_Primitivism__marc-chagall_the-young-samuel-the-priest-s-servant-heard-that-he-is-called-by-god-eli-and-he-were-sleeping.jpg,0.1277,0.5473,0.1241,2.5691,0.7006
adain,000000001818__Northern_Renaissance__albrecht-durer_lamentation-over-christ-1507.jpg,0.2217,0.4869,0.2194,2.2985,2.5955
adain,000000001818__Pop_Art__peter-max_composition-red-green-1979.jpg,0.1311,0.6642,0.1601,2.9295,2.3588
adain,000000001818__Post_Impressionism__vincent-van-gogh_restaurant-de-la-sirene-at-asnieres-1887.jpg,0.1575,0.6135,0.1533,2.6219,1.8302
adain,000000001818__Realism__vincent-van-gogh_cottage-with-peasant-coming-home-1885(1).jpg,0.2277,0.5376,0.2505,2.238,0.6324
adain,000000001818__Rococo__dmitry-levitzky_portrait-of-baron-a-n-stroganoff.jpg,0.1436,0.6788,0.2004,2.6989,0.5518
adain,000000001818__Romanticism__gustave-dore_paradise-lost-4.jpg,0.168,0.5202,0.2007,2.4704,1.2626
adain,000000001818__Symbolism__nicholas-roerich_language-of-forest-1922.jpg,0.191,0.6124,0.2476,2.5961,1.3552
adain,000000001818__Ukiyo_e__kitagawa-utamaro_not_detected_233134.jpg,0.1796,0.5916,0.2101,2.4924,2.3646
adain,000000009448__Abstract_Expressionism__paul-jenkins_not_detected_235703.jpg,0.2569,0.5502,0.3764,2.4902,1.1445
adain,000000009448__Art_Nouveau_Modern__nicholas-roerich_oze-1914.jpg,0.247,0.5979,0.3563,2.2318,1.2311
adain,000000009448__Baroque__rembrandt_portrait-of-nicolas-van-bambeeck-1641.jpg,0.2005,0.7319,0.3643,2.6765,0.7304
adain,000000009448__Color_Field_Painting__leon-berkowitz_dark-light-rose-gold-1978.jpg,0.1932,0.8185,0.2363,3.4604,0.5496
adain,000000009448__Cubism__salvador-dali_cubist-composition-portrait-of-a-seated-person-holding-a-letter.jpg,0.2459,0.8077,0.2885,2.4864,0.5909
adain,000000009448__Early_Renaissance__pietro-perugino_st-jerome-who-attends-two-unfairly-hanged-1473.jpg,0.1876,0.6457,0.2301,2.4816,1.4914
adain,000000009448__Expressionism__amedeo-modigliani_germaine-survage-with-earrings-1918.jpg,0.2045,0.7745,0.2709,2.3787,0.8727
adain,000000009448__High_Renaissance__raphael_madonna-and-child-enthroned-with-saints-1505.jpg,0.2161,0.61,0.2755,2.2195,2.4871
adain,000000009448__Impressionism__pierre-auguste-renoir_leaving-the-bath-1890.jpg,0.218,0.7335,0.2601,2.6478,0.8908
adain,000000009448__Mannerism_Late_Renaissance__tintoretto_st-mark-rescuing-a-saracen-from-shipwreck-1566.jpg,0.1611,0.6295,0.2339,2.3708,1.5614
adain,000000009448__Minimalism__mario-schifano_untitled-1963.jpg,0.1981,1.1467,0.3214,3.2023,1.1379
adain,000000009448__Naive_Art_Primitivism__marc-chagall_the-young-samuel-the-priest-s-servant-heard-that-he-is-called-by-god-eli-and-he-were-sleeping.jpg,0.1266,0.6386,0.1256,2.5976,0.7241
adain,000000009448__Northern_Renaissance__albrecht-durer_lamentation-over-christ-1507.jpg,0.133,0.614,0.1391,2.4069,2.1228
adain,000000009448__Pop_Art__peter-max_composition-red-green-1979.jpg,0.2386,0.59,0.3779,2.2977,2.4799
adain,000000009448__Post_Impressionism__vincent-van-gogh_restaurant-de-la-sirene-at-asnieres-1887.jpg,0.1379,0.7037,0.1403,2.539,1.9802
adain,000000009448__Realism__vincent-van-gogh_cottage-with-peasant-coming-home-1885(1).jpg,0.2151,0.6634,0.2572,2.3754,0.6135
adain,000000009448__Rococo__dmitry-levitzky_portrait-of-baron-a-n-stroganoff.jpg,0.2011,0.7214,0.3787,2.2495,0.4388
adain,000000009448__Romanticism__gustave-dore_paradise-lost-4.jpg,0.1755,0.6156,0.2196,2.336,1.1821
adain,000000009448__Symbolism__nicholas-roerich_language-of-forest-1922.jpg,0.211,0.6215,0.2379,2.422,1.4338
adain,000000009448__Ukiyo_e__kitagawa-utamaro_not_detected_233134.jpg,0.2344,0.6218,0.3168,2.0949,2.2342
adain,000000072795__Abstract_Expressionism__paul-jenkins_not_detected_235703.jpg,0.2745,0.6041,0.268,2.8939,1.5258
adain,000000072795__Art_Nouveau_Modern__nicholas-roerich_oze-1914.jpg,0.2829,0.5531,0.3028,2.3531,1.0588
adain,000000072795__Baroque__rembrandt_portrait-of-nicolas-van-bambeeck-1641.jpg,0.2738,0.6019,0.2682,2.8077,0.8264
adain,000000072795__Color_Field_Painting__leon-berkowitz_dark-light-rose-gold-1978.jpg,0.1812,0.9052,0.2149,3.636,0.526
adain,000000072795__Cubism__salvador-dali_cubist-composition-portrait-of-a-seated-person-holding-a-letter.jpg,0.2356,0.701,0.2678,2.8722,0.5991
adain,000000072795__Early_Renaissance__pietro-perugino_st-jerome-who-attends-two-unfairly-hanged-1473.jpg,0.2183,0.5882,0.2322,2.575,1.6895
adain,000000072795__Expressionism__amedeo-modigliani_germaine-survage-with-earrings-1918.jpg,0.2358,0.7203,0.2589,2.7146,0.9171
adain,000000072795__High_Renaissance__raphael_madonna-and-child-enthroned-with-saints-1505.jpg,0.2398,0.5134,0.2473,2.3332,2.4493
adain,000000072795__Impressionism__pierre-auguste-renoir_leaving-the-bath-1890.jpg,0.2153,0.6908,0.2465,2.8888,0.8471
adain,000000072795__Mannerism_Late_Renaissance__tintoretto_st-mark-rescuing-a-saracen-from-shipwreck-1566.jpg,0.282,0.5582,0.2463,2.3978,1.5081
adain,000000072795__Minimalism__mario-schifano_untitled-1963.jpg,0.1614,0.9977,0.1854,3.3545,1.5126
adain,000000072795__Naive_Art_Primitivism__marc-chagall_the-young-samuel-the-priest-s-servant-heard-that-he-is-called-by-god-eli-and-he-were-sleeping.jpg,0.1109,0.6341,0.1237,2.7209,0.6161
adain,000000072795__Northern_Renaissance__albrecht-durer_lamentation-over-christ-1507.jpg,0.1278,0.5837,0.1272,2.4459,2.2155
adain,000000072795__Pop_Art__peter-max_composition-red-green-1979.jpg,0.1218,0.6333,0.2023,2.8662,1.9469
adain,000000072795__Post_Impressionism__vincent-van-gogh_restaurant-de-la-sirene-at-asnieres-1887.jpg,0.1272,0.6686,0.1518,2.6245,1.6859
adain,000000072795__Realism__vincent-van-gogh_cottage-with-peasant-coming-home-1885(1).jpg,0.2205,0.5239,0.2427,2.3352,0.572
adain,000000072795__Rococo__dmitry-levitzky_portrait-of-baron-a-n-stroganoff.jpg,0.2759,0.6217,0.2823,2.697,0.6639
adain,000000072795__Romanticism__gustave-dore_paradise-lost-4.jpg,0.2587,0.5642,0.2238,2.4671,1.1569
adain,000000072795__Symbolism__nicholas-roerich_language-of-forest-1922.jpg,0.1952,0.628,0.2156,2.5954,1.4524
adain,000000072795__Ukiyo_e__kitagawa-utamaro_not_detected_233134.jpg,0.1388,0.6464,0.2164,2.6079,2.2397
adain,000000078420__Abstract_Expressionism__paul-jenkins_not_detected_235703.jpg,0.4781,0.6179,0.4652,2.8208,0.9732
adain,000000078420__Art_Nouveau_Modern__nicholas-roerich_oze-1914.jpg,0.398,0.59,0.3505,2.432,1.0045
adain,000000078420__Baroque__rembrandt_portrait-of-nicolas-van-bambeeck-1641.jpg,0.3949,0.6578,0.365,3.0944,0.7952
adain,000000078420__Color_Field_Painting__leon-berkowitz_dark-light-rose-gold-1978.jpg,0.3262,0.7591,0.2781,3.5474,0.4952
adain,000000078420__Cubism__salvador-dali_cubist-composition-portrait-of-a-seated-person-holding-a-letter.jpg,0.4284,0.7833,0.4062,2.6378,0.5395
adain,000000078420__Early_Renaissance__pietro-perugino_st-jerome-who-attends-two-unfairly-hanged-1473.jpg,0.339,0.5594,0.2293,2.593,1.5981
adain,000000078420__Expressionism__amedeo-modigliani_germaine-survage-with-earrings-1918.jpg,0.4182,0.5917,0.3395,2.5447,0.8188
adain,000000078420__High_Renaissance__raphael_madonna-and-child-enthroned-with-saints-1505.jpg,0.3864,0.5099,0.3022,2.2854,2.8996
adain,000000078420__Impressionism__pierre-auguste-renoir_leaving-the-bath-1890.jpg,0.3858,0.593,0.3325,2.7698,0.9243
adain,000000078420__Mannerism_Late_Renaissance__tintoretto_st-mark-rescuing-a-saracen-from-shipwreck-1566.jpg,0.3259,0.5624,0.2217,2.513,1.7069
adain,000000078420__Minimalism__mario-schifano_untitled-1963.jpg,0.3622,0.9216,0.4096,3.3274,1.0967
adain,000000078420__Naive_Art_Primitivism__marc-chagall_the-young-samuel-the-priest-s-servant-heard-that-he-is-called-by-god-eli-and-he-were-sleeping.jpg,0.1663,0.6723,0.1079,2.8656,0.5943
adain,000000078420__Northern_Renaissance__albrecht-durer_lamentation-over-christ-1507.jpg,0.2173,0.5959,0.1355,2.3762,2.2747
adain,000000078420__Pop_Art__peter-max_composition-red-green-1979.jpg,0.3083,0.53,0.4157,2.5219,2.1972
adain,000000078420__Post_Impressionism__vincent-van-gogh_restaurant-de-la-sirene-at-asnieres-1887.jpg,0.2113,0.5982,0.1283,2.6935,1.818
adain,000000078420__Realism__vincent-van-gogh_cottage-with-peasant-coming-home-1885(1).jpg,0.3824,0.53,0.3108,2.3487,0.5895
adain,000000078420__Rococo__dmitry-levitzky_portrait-of-baron-a-n-stroganoff.jpg,0.416,0.5848,0.3944,2.7312,0.5238
adain,000000078420__Romanticism__gustave-dore_paradise-lost-4.jpg,0.2953,0.6482,0.1942,2.6669,1.2735
adain,000000078420__Symbolism__nicholas-roerich_language-of-forest-1922.jpg,0.3262,0.5858,0.2518,2.5292,1.4443
adain,000000078420__Ukiyo_e__kitagawa-utamaro_not_detected_233134.jpg,0.3033,0.4915,0.318,2.1842,2.0681
adain,000000085682__Abstract_Expressionism__paul-jenkins_not_detected_235703.jpg,0.4683,0.5489,0.415,2.7543,1.153
adain,000000085682__Art_Nouveau_Modern__nicholas-roerich_oze-1914.jpg,0.4292,0.6149,0.3632,2.6264,1.1551
adain,000000085682__Baroque__rembrandt_portrait-of-nicolas-van-bambeeck-1641.jpg,0.3852,0.7083,0.368,2.9437,0.7758
adain,000000085682__Color_Field_Painting__leon-berkowitz_dark-light-rose-gold-1978.jpg,0.3398,0.866,0.2738,3.5202,0.5622
adain,000000085682__Cubism__salvador-dali_cubist-composition-portrait-of-a-seated-person-holding-a-letter.jpg,0.4401,0.816,0.3211,2.8512,0.6325
adain,000000085682__Early_Renaissance__pietro-perugino_st-jerome-who-attends-two-unfairly-hanged-1473.jpg,0.3527,0.6641,0.2588,2.5391,1.531
adain,000000085682__Expressionism__amedeo-modigliani_germaine-survage-with-earrings-1918.jpg,0.3705,0.8116,0.2709,2.5793,0.814
adain,000000085682__High_Renaissance__raphael_madonna-and-child-enthroned-with-saints-1505.jpg,0.3967,0.6215,0.3559,2.4925,2.8735
adain,000000085682__Impressionism__pierre-auguste-renoir_leaving-the-bath-1890.jpg,0.3846,0.77,0.2586,2.883,0.9254
adain,000000085682__Mannerism_Late_Renaissance__tintoretto_st-mark-rescuing-a-saracen-from-shipwreck-1566.jpg,0.2956,0.6497,0.2394,2.6965,1.5013
adain,000000085682__Minimalism__mario-schifano_untitled-1963.jpg,0.3369,1.0599,0.383,3.1262,1.4905
adain,000000085682__Naive_Art_Primitivism__marc-chagall_the-young-samuel-the-priest-s-servant-heard-that-he-is-called-by-god-eli-and-he-were-sleeping.jpg,0.1917,0.634,0.1033,2.5177,0.6219
adain,000000085682__Northern_Renaissance__albrecht-durer_lamentation-over-christ-1507.jpg,0.1849,0.5954,0.1325,2.5324,2.4436
adain,000000085682__Pop_Art__peter-max_composition-red-green-1979.jpg,0.3757,0.5833,0.4383,2.6421,2.5005
adain,000000085682__Post_Impressionism__vincent-van-gogh_restaurant-de-la-sirene-at-asnieres-1887.jpg,0.2322,0.7232,0.1282,2.5339,1.768
adain,000000085682__Realism__vincent-van-gogh_cottage-with-peasant-coming-home-1885(1).jpg,0.3848,0.6373,0.2586,2.2779,0.5164
adain,000000085682__Rococo__dmitry-levitzky_portrait-of-baron-a-n-stroganoff.jpg,0.3694,0.7352,0.3851,2.7157,0.5301
adain,000000085682__Romanticism__gustave-dore_paradise-lost-4.jpg,0.3178,0.6061,0.2435,2.4719,1.203
adain,000000085682__Symbolism__nicholas-roerich_language-of-forest-1922.jpg,0.3632,0.6751,0.2683,2.6206,1.4514
adain,000000085682__Ukiyo_e__kitagawa-utamaro_not_detected_233134.jpg,0.343,0.7023,0.3148,2.5923,2.511
adain,000000094157__Abstract_Expressionism__paul-jenkins_not_detected_235703.jpg,0.3804,0.6231,0.23,2.8981,1.1864
adain,000000094157__Art_Nouveau_Modern__nicholas-roerich_oze-1914.jpg,0.3237,0.6376,0.2375,2.6795,1.0142
adain,000000094157__Baroque__rembrandt_portrait-of-nicolas-van-bambeeck-1641.jpg,0.2692,0.703,0.2506,2.9846,0.7683
adain,000000094157__Color_Field_Painting__leon-berkowitz_dark-light-rose-gold-1978.jpg,0.3595,0.8255,0.1887,3.5195,0.5208
adain,000000094157__Cubism__salvador-dali_cubist-composition-portrait-of-a-seated-person-holding-a-letter.jpg,0.3784,0.8332,0.1881,2.9693,0.5992
adain,000000094157__Early_Renaissance__pietro-perugino_st-jerome-who-attends-two-unfairly-hanged-1473.jpg,0.2379,0.6556,0.12,2.6262,1.6502
adain,000000094157__Expressionism__amedeo-modigliani_germaine-survage-with-earrings-1918.jpg,0.3523,0.8049,0.1792,2.6931,0.8413
adain,000000094157__High_Renaissance__raphael_madonna-and-child-enthroned-with-saints-1505.jpg,0.3071,0.6042,0.2123,2.4656,2.341
adain,000000094157__Impressionism__pierre-auguste-renoir_leaving-the-bath-1890.jpg,0.3565,0.7534,0.1694,2.9749,0.839
adain,000000094157__Mannerism_Late_Renaissance__tintoretto_st-mark-rescuing-a-saracen-from-shipwreck-1566.jpg,0.1858,0.6741,0.145,2.8522,1.5177
adain,000000094157__Minimalism__mario-schifano_untitled-1963.jpg,0.4729,0.9878,0.4842,2.9812,1.3212
adain,000000094157__Naive_Art_Primitivism__marc-chagall_the-young-samuel-the-priest-s-servant-heard-that-he-is-called-by-god-eli-and-he-were-sleeping.jpg,0.1679,0.6427,0.0655,2.5835,0.6266
adain,000000094157__Northern_Renaissance__albrecht-durer_lamentation-over-christ-1507.jpg,0.143,0.6427,0.0781,2.5785,2.3381
adain,000000094157__Pop_Art__peter-max_composition-red-green-1979.jpg,0.4321,0.6007,0.3927,2.7432,2.014
adain,000000094157__Post_Impressionism__vincent-van-gogh_restaurant-de-la-sirene-at-asnieres-1887.jpg,0.2201,0.7004,0.0801,2.5214,1.7411
adain,000000094157__Realism__vincent-van-gogh_cottage-with-peasant-coming-home-1885(1).jpg,0.3893,0.5708,0.2005,2.262,0.5279
adain,000000094157__Rococo__dmitry-levitzky_portrait-of-baron-a-n-stroganoff.jpg,0.2699,0.7116,0.2972,2.7981,0.5578
adain,000000094157__Romanticism__gustave-dore_paradise-lost-4.jpg,0.1866,0.6502,0.1145,2.4896,1.4288
adain,000000094157__Symbolism__nicholas-roerich_language-of-forest-1922.jpg,0.2606,0.6703,0.1336,2.7298,1.3958
adain,000000094157__Ukiyo_e__kitagawa-utamaro_not_detected_233134.jpg,0.39,0.6575,0.2597,2.583,2.2381
adain,000000098633__Abstract_Expressionism__paul-jenkins_not_detected_235703.jpg,0.5545,0.5527,0.5821,2.4228,1.0386
adain,000000098633__Art_Nouveau_Modern__nicholas-roerich_oze-1914.jpg,0.4254,0.5334,0.3871,2.2325,1.032
adain,000000098633__Baroque__rembrandt_portrait-of-nicolas-van-bambeeck-1641.jpg,0.4643,0.6417,0.4732,2.6126,0.7389
adain,000000098633__Color_Field_Painting__leon-berkowitz_dark-light-rose-gold-1978.jpg,0.3785,0.7739,0.2922,3.4444,0.5434
adain,000000098633__Cubism__salvador-dali_cubist-composition-portrait-of-a-seated-person-holding-a-letter.jpg,0.4849,0.7775,0.4396,2.3935,0.5683
adain,000000098633__Early_Renaissance__pietro-perugino_st-jerome-who-attends-two-unfairly-hanged-1473.jpg,0.2871,0.5648,0.246,2.4173,1.5364
adain,000000098633__Expressionism__amedeo-modigliani_germaine-survage-with-earrings-1918.jpg,0.4219,0.6326,0.3162,2.2068,0.7546
adain,000000098633__High_Renaissance__raphael_madonna-and-child-enthroned-with-saints-1505.jpg,0.3091,0.5713,0.2825,2.4514,2.472
adain,000000098633__Impressionism__pierre-auguste-renoir_leaving-the-bath-1890.jpg,0.4121,0.614,0.3275,2.4141,0.7849
adain,000000098633__Mannerism_Late_Renaissance__tintoretto_st-mark-rescuing-a-saracen-from-shipwreck-1566.jpg,0.3025,0.581,0.2569,2.4435,1.321
adain,000000098633__Minimalism__mario-schifano_untitled-1963.jpg,0.458,0.9675,0.5155,3.2626,1.3478
adain,000000098633__Naive_Art_Primitivism__marc-chagall_the-young-samuel-the-priest-s-servant-heard-that-he-is-called-by-god-eli-and-he-were-sleeping.jpg,0.1513,0.6709,0.0798,2.7347,0.5936
adain,000000098633__Northern_Renaissance__albrecht-durer_lamentation-over-christ-1507.jpg,0.1334,0.6662,0.084,2.627,2.165
adain,000000098633__Pop_Art__peter-max_composition-red-green-1979.jpg,0.3659,0.5621,0.4698,2.5145,1.982
adain,000000098633__Post_Impressionism__vincent-van-gogh_restaurant-de-la-sirene-at-asnieres-1887.jpg,0.1592,0.6876,0.0946,2.7678,1.9513
adain,000000098633__Realism__vincent-van-gogh_cottage-with-peasant-coming-home-1885(1).jpg,0.3527,0.5831,0.2734,2.3331,0.5136
adain,000000098633__Rococo__dmitry-levitzky_portrait-of-baron-a-n-stroganoff.jpg,0.4933,0.5381,0.5115,2.1261,0.5312
adain,000000098633__Romanticism__gustave-dore_paradise-lost-4.jpg,0.2901,0.6525,0.2747,2.5636,1.2025
adain,000000098633__Symbolism__nicholas-roerich_language-of-forest-1922.jpg,0.2855,0.593,0.2581,2.5083,1.3886
adain,000000098633__Ukiyo_e__kitagawa-utamaro_not_detected_233134.jpg,0.3061,0.5815,0.324,2.275,2.0133
adain,000000106912__Abstract_Expressionism__paul-jenkins_not_detected_235703.jpg,0.4699,0.5753,0.4876,2.8416,1.266
adain,000000106912__Art_Nouveau_Modern__nicholas-roerich_oze-1914.jpg,0.4372,0.6241,0.4147,2.5653,1.1945
adain,000000106912__Baroque__rembrandt_portrait-of-nicolas-van-bambeeck-1641.jpg,0.3909,0.6636,0.472,2.684,0.7749
adain,000000106912__Color_Field_Painting__leon-berkowitz_dark-light-rose-gold-1978.jpg,0.4421,0.7605,0.3032,3.4002,0.5329
adain,000000106912__Cubism__salvador-dali_cubist-composition-portrait-of-a-seated-person-holding-a-letter.jpg,0.507,0.8001,0.4236,2.7569,0.6345
adain,000000106912__Early_Renaissance__pietro-perugino_st-jerome-who-attends-two-unfairly-hanged-1473.jpg,0.2968,0.6409,0.2378,2.7276,1.6695
adain,000000106912__Expressionism__amedeo-modigliani_germaine-survage-with-earrings-1918.jpg,0.4269,0.7179,0.3635,2.577,0.8106
adain,000000106912__High_Renaissance__raphael_madonna-and-child-enthroned-with-saints-1505.jpg,0.362,0.6158,0.3426,2.6133,2.8331
adain,000000106912__Impressionism__pierre-auguste-renoir_leaving-the-bath-1890.jpg,0.4581,0.6685,0.345,2.6773,0.8773
adain,000000106912__Mannerism_Late_Renaissance__tintoretto_st-mark-rescuing-a-saracen-from-shipwreck-1566.jpg,0.2173,0.6552,0.2268,2.7142,1.5627
adain,000000106912__Minimalism__mario-schifano_untitled-1963.jpg,0.574,0.9614,0.6043,2.8342,1.1513
adain,000000106912__Naive_Art_Primitivism__marc-chagall_the-young-samuel-the-priest-s-servant-heard-that-he-is-called-by-god-eli-and-he-were-sleeping.jpg,0.1813,0.6756,0.0846,2.6621,0.6519
adain,000000106912__Northern_Renaissance__albrecht-durer_lamentation-over-christ-1507.jpg,0.1562,0.6771,0.098,2.7747,2.4728
adain,000000106912__Pop_Art__peter-max_composition-red-green-1979.jpg,0.5077,0.5783,0.5208,2.8246,2.2374
adain,000000106912__Post_Impressionism__vincent-van-gogh_restaurant-de-la-sirene-at-asnieres-1887.jpg,0.1994,0.7046,0.0965,2.74,1.7624
adain,000000106912__Realism__vincent-van-gogh_cottage-with-peasant-coming-home-1885(1).jpg,0.4211,0.6102,0.3021,2.3786,0.5092
adain,000000106912__Rococo__dmitry-levitzky_portrait-of-baron-a-n-stroganoff.jpg,0.3891,0.6684,0.4995,2.6446,0.569
adain,000000106912__Romanticism__gustave-dore_paradise-lost-4.jpg,0.2469,0.6578,0.2353,2.5418,1.2918
adain,000000106912__Symbolism__nicholas-roerich_language-of-forest-1922.jpg,0.3401,0.6589,0.2774,2.7869,1.5761
adain,000000106912__Ukiyo_e__kitagawa-utamaro_not_detected_233134.jpg,0.4491,0.6238,0.402,2.5681,2.4806
adain,000000116208__Abstract_Expressionism__paul-jenkins_not_detected_235703.jpg,0.3283,0.5762,0.3127,2.8441,1.1365
adain,000000116208__Art_Nouveau_Modern__nicholas-roerich_oze-1914.jpg,0.3112,0.553,0.3116,2.384,0.9995
adain,000000116208__Baroque__rembrandt_portrait-of-nicolas-van-bambeeck-1641.jpg,0.2696,0.6598,0.2839,3.1923,0.8466
adain,000000116208__Color_Field_Painting__leon-berkowitz_dark-light-rose-gold-1978.jpg,0.1954,0.8462,0.2201,3.6935,0.5109
adain,000000116208__Cubism__salvador-dali_cubist-composition-portrait-of-a-seated-person-holding-a-letter.jpg,0.3199,0.7244,0.3329,2.6975,0.4859
adain,000000116208__Early_Renaissance__pietro-perugino_st-jerome-who-attends-two-unfairly-hanged-1473.jpg,0.3166,0.5313,0.2816,2.4046,1.4995
adain,000000116208__Expressionism__amedeo-modigliani_germaine-survage-with-earrings-1918.jpg,0.3129,0.6542,0.3101,2.522,0.8852
adain,000000116208__High_Renaissance__raphael_madonna-and-child-enthroned-with-saints-1505.jpg,0.3508,0.4832,0.3168,2.2245,2.4832
adain,000000116208__Impressionism__pierre-auguste-renoir_leaving-the-bath-1890.jpg,0.2879,0.6465,0.2799,2.8813,0.8571
adain,000000116208__Mannerism_Late_Renaissance__tintoretto_st-mark-rescuing-a-saracen-from-shipwreck-1566.jpg,0.2917,0.5253,0.2561,2.3267,1.447
adain,000000116208__Minimalism__mario-schifano_untitled-1963.jpg,0.2081,1.0141,0.226,3.5214,1.3502
adain,000000116208__Naive_Art_Primitivism__marc-chagall_the-young-samuel-the-priest-s-servant-heard-that-he-is-called-by-god-eli-and-he-were-sleeping.jpg,0.1572,0.6371,0.1323,2.9517,0.6474
adain,000000116208__Northern_Renaissance__albrecht-durer_lamentation-over-christ-1507.jpg,0.2061,0.5544,0.1497,2.3938,2.0627
adain,000000116208__Pop_Art__peter-max_composition-red-green-1979.jpg,0.2125,0.5698,0.2919,2.6427,2.057
adain,000000116208__Post_Impressionism__vincent-van-gogh_restaurant-de-la-sirene-at-asnieres-1887.jpg,0.188,0.6277,0.1586,2.7414,1.9046
adain,000000116208__Realism__vincent-van-gogh_cottage-with-peasant-coming-home-1885(1).jpg,0.3278,0.5248,0.3268,2.3278,0.5457
adain,000000116208__Rococo__dmitry-levitzky_portrait-of-baron-a-n-stroganoff.jpg,0.2854,0.6071,0.3153,2.6539,0.6008
adain,000000116208__Romanticism__gustave-dore_paradise-lost-4.jpg,0.2434,0.5992,0.1984,2.7332,1.2504
adain,000000116208__Symbolism__nicholas-roerich_language-of-forest-1922.jpg,0.2958,0.5552,0.2945,2.3162,1.4112
adain,000000116208__Ukiyo_e__kitagawa-utamaro_not_detected_233134.jpg,0.2371,0.573,0.2991,2.405,1.9629
adain,000000135872__Abstract_Expressionism__paul-jenkins_not_detected_235703.jpg,0.4813,0.5395,0.4886,2.4865,1.1778
adain,000000135872__Art_Nouveau_Modern__nicholas-roerich_oze-1914.jpg,0.4491,0.5684,0.3917,2.3949,1.0461
adain,000000135872__Baroque__rembrandt_portrait-of-nicolas-van-bambeeck-1641.jpg,0.4523,0.5343,0.4333,2.7589,0.7528
adain,000000135872__Color_Field_Painting__leon-berkowitz_dark-light-rose-gold-1978.jpg,0.3526,0.8389,0.2397,3.5538,0.5726
adain,000000135872__Cubism__salvador-dali_cubist-composition-portrait-of-a-seated-person-holding-a-letter.jpg,0.4384,0.6923,0.3873,2.5214,0.5509
adain,000000135872__Early_Renaissance__pietro-perugino_st-jerome-who-attends-two-unfairly-hanged-1473.jpg,0.3319,0.5539,0.2426,2.304,1.3947
adain,000000135872__Expressionism__amedeo-modigliani_germaine-survage-with-earrings-1918.jpg,0.4024,0.6711,0.3145,2.4074,0.8657
adain,000000135872__High_Renaissance__raphael_madonna-and-child-enthroned-with-saints-1505.jpg,0.3963,0.4813,0.3564,2.0537,2.4969
adain,000000135872__Impressionism__pierre-auguste-renoir_leaving-the-bath-1890.jpg,0.3773,0.6442,0.3002,2.6952,0.8463
adain,000000135872__Mannerism_Late_Renaissance__tintoretto_st-mark-rescuing-a-saracen-from-shipwreck-1566.jpg,0.3136,0.5619,0.2556,2.3746,1.4538
adain,000000135872__Minimalism__mario-schifano_untitled-1963.jpg,0.3747,0.9267,0.383,3.0797,1.3567
adain,000000135872__Naive_Art_Primitivism__marc-chagall_the-young-samuel-the-priest-s-servant-heard-that-he-is-called-by-god-eli-and-he-were-sleeping.jpg,0.1523,0.6241,0.1023,2.6323,0.6729
adain,000000135872__Northern_Renaissance__albrecht-durer_lamentation-over-christ-1507.jpg,0.1615,0.6012,0.131,2.4272,2.139
adain,000000135872__Pop_Art__peter-max_composition-red-green-1979.jpg,0.3358,0.5474,0.4615,2.39,2.0722
adain,000000135872__Post_Impressionism__vincent-van-gogh_restaurant-de-la-sirene-at-asnieres-1887.jpg,0.1926,0.6432,0.1251,2.4738,1.8509
adain,000000135872__Realism__vincent-van-gogh_cottage-with-peasant-coming-home-1885(1).jpg,0.3263,0.5367,0.2678,2.319,0.5589
adain,000000135872__Rococo__dmitry-levitzky_portrait-of-baron-a-n-stroganoff.jpg,0.4533,0.5375,0.4723,2.4408,0.5184
adain,000000135872__Romanticism__gustave-dore_paradise-lost-4.jpg,0.317,0.5436,0.2071,2.3701,1.1796
adain,000000135872__Symbolism__nicholas-roerich_language-of-forest-1922.jpg,0.331,0.5914,0.2579,2.2833,1.3398
adain,000000135872__Ukiyo_e__kitagawa-utamaro_not_detected_233134.jpg,0.293,0.5771,0.3423,2.2548,2.0806
adain,000000196442__Abstract_Expressionism__paul-jenkins_not_detected_235703.jpg,0.3584,0.643,0.4722,2.8323,1.2546
adain,000000196442__Art_Nouveau_Modern__nicholas-roerich_oze-1914.jpg,0.355,0.6475,0.3573,2.7126,1.1333
adain,000000196442__Baroque__rembrandt_portrait-of-nicolas-van-bambeeck-1641.jpg,0.3046,0.7281,0.4939,2.6848,0.7598
adain,000000196442__Color_Field_Painting__leon-berkowitz_dark-light-rose-gold-1978.jpg,0.4123,0.873,0.2141,3.3253,0.5884
adain,000000196442__Cubism__salvador-dali_cubist-composition-portrait-of-a-seated-person-holding-a-letter.jpg,0.5036,0.8193,0.3076,2.6137,0.6614
adain,000000196442__Early_Renaissance__pietro-perugino_st-jerome-who-attends-two-unfairly-hanged-1473.jpg,0.2307,0.6846,0.1652,2.8709,1.6244
adain,000000196442__Expressionism__amedeo-modigliani_germaine-survage-with-earrings-1918.jpg,0.3541,0.7824,0.2563,2.5538,0.8691
adain,000000196442__High_Renaissance__raphael_madonna-and-child-enthroned-with-saints-1505.jpg,0.2619,0.6457,0.2321,2.8146,2.9782
adain,000000196442__Impressionism__pierre-auguste-renoir_leaving-the-bath-1890.jpg,0.4274,0.7324,0.2185,2.7345,0.8382
adain,000000196442__Mannerism_Late_Renaissance__tintoretto_st-mark-rescuing-a-saracen-from-shipwreck-1566.jpg,0.1631,0.6918,0.1754,2.8859,1.4781
adain,000000196442__Minimalism__mario-schifano_untitled-1963.jpg,0.6533,1.0314,0.7284,2.7539,1.0186
adain,000000196442__Naive_Art_Primitivism__marc-chagall_the-young-samuel-the-priest-s-servant-heard-that-he-is-called-by-god-eli-and-he-were-sleeping.jpg,0.1635,0.6609,0.0619,2.5907,0.6131
adain,000000196442__Northern_Renaissance__albrecht-durer_lamentation-over-christ-1507.jpg,0.12,0.662,0.0639,2.8665,2.7901
adain,000000196442__Pop_Art__peter-max_composition-red-green-1979.jpg,0.5522,0.594,0.4991,2.9012,2.1695
adain,000000196442__Post_Impressionism__vincent-van-gogh_restaurant-de-la-sirene-at-asnieres-1887.jpg,0.1619,0.7116,0.0644,2.8255,1.7393
adain,000000196442__Realism__vincent-van-gogh_cottage-with-peasant-coming-home-1885(1).jpg,0.33,0.6093,0.1979,2.4708,0.5249
adain,000000196442__Rococo__dmitry-levitzky_portrait-of-baron-a-n-stroganoff.jpg,0.3021,0.7379,0.5046,2.6235,0.5022
adain,000000196442__Romanticism__gustave-dore_paradise-lost-4.jpg,0.1784,0.6798,0.1645,2.6581,1.194
adain,000000196442__Symbolism__nicholas-roerich_language-of-forest-1922.jpg,0.2764,0.6771,0.1769,2.8802,1.3967
adain,000000196442__Ukiyo_e__kitagawa-utamaro_not_detected_233134.jpg,0.375,0.6743,0.2428,2.6833,2.5205
adain,000000210388__Abstract_Expressionism__paul-jenkins_not_detected_235703.jpg,0.4516,0.6082,0.4031,2.4645,1.0144
adain,000000210388__Art_Nouveau_Modern__nicholas-roerich_oze-1914.jpg,0.3817,0.6746,0.2642,2.6352,1.2871
adain,000000210388__Baroque__rembrandt_portrait-of-nicolas-van-bambeeck-1641.jpg,0.3362,0.6917,0.3369,2.7098,0.822
adain,000000210388__Color_Field_Painting__leon-berkowitz_dark-light-rose-gold-1978.jpg,0.4397,0.8596,0.1679,3.4622,0.5568
adain,000000210388__Cubism__salvador-dali_cubist-composition-portrait-of-a-seated-person-holding-a-letter.jpg,0.4808,0.8199,0.2523,2.7024,0.6276
adain,000000210388__Early_Renaissance__pietro-perugino_st-jerome-who-attends-two-unfairly-hanged-1473.jpg,0.2736,0.6585,0.1585,2.3259,1.5263
adain,000000210388__Expressionism__amedeo-modigliani_germaine-survage-with-earrings-1918.jpg,0.381,0.7916,0.1837,2.4307,0.8145
adain,000000210388__High_Renaissance__raphael_madonna-and-child-enthroned-with-saints-1505.jpg,0.3052,0.6528,0.2341,2.5319,2.6601
adain,000000210388__Impressionism__pierre-auguste-renoir_leaving-the-bath-1890.jpg,0.4246,0.7361,0.1832,2.7646,0.8593
adain,000000210388__Mannerism_Late_Renaissance__tintoretto_st-mark-rescuing-a-saracen-from-shipwreck-1566.jpg,0.1959,0.6869,0.1514,2.6982,1.4886
adain,000000210388__Minimalism__mario-schifano_untitled-1963.jpg,0.6265,0.9595,0.7052,2.9175,1.1997
adain,000000210388__Naive_Art_Primitivism__marc-chagall_the-young-samuel-the-priest-s-servant-heard-that-he-is-called-by-god-eli-and-he-were-sleeping.jpg,0.1796,0.6585,0.0556,2.4465,0.7192
adain,000000210388__Northern_Renaissance__albrecht-durer_lamentation-over-christ-1507.jpg,0.1399,0.6579,0.0711,2.6145,2.1707
adain,000000210388__Pop_Art__peter-max_composition-red-green-1979.jpg,0.6279,0.5225,0.5735,2.4265,2.2602
adain,000000210388__Post_Impressionism__vincent-van-gogh_restaurant-de-la-sirene-at-asnieres-1887.jpg,0.1941,0.727,0.061,2.5975,1.9316
adain,000000210388__Realism__vincent-van-gogh_cottage-with-peasant-coming-home-1885(1).jpg,0.3935,0.6091,0.1636,2.2873,0.5534
adain,000000210388__Rococo__dmitry-levitzky_portrait-of-baron-a-n-stroganoff.jpg,0.3238,0.7237,0.3594,2.4622,0.4775
adain,000000210388__Romanticism__gustave-dore_paradise-lost-4.jpg,0.214,0.6641,0.1309,2.4351,1.3401
adain,000000210388__Symbolism__nicholas-roerich_language-of-forest-1922.jpg,0.2965,0.6945,0.1337,2.6297,1.4702
adain,000000210388__Ukiyo_e__kitagawa-utamaro_not_detected_233134.jpg,0.443,0.6482,0.2444,2.3985,2.292
adain,000000226171__Abstract_Expressionism__paul-jenkins_not_detected_235703.jpg,0.4354,0.6358,0.469,2.8083,1.056
adain,000000226171__Art_Nouveau_Modern__nicholas-roerich_oze-1914.jpg,0.351,0.6809,0.3271,2.625,1.0033
adain,000000226171__Baroque__rembrandt_portrait-of-nicolas-van-bambeeck-1641.jpg,0.3721,0.5885,0.3759,2.9928,0.764
adain,000000226171__Color_Field_Painting__leon-berkowitz_dark-light-rose-gold-1978.jpg,0.3229,0.8689,0.2459,3.5647,0.5553
adain,000000226171__Cubism__salvador-dali_cubist-composition-portrait-of-a-seated-person-holding-a-letter.jpg,0.4022,0.6546,0.3764,2.8109,0.5535
adain,000000226171__Early_Renaissance__pietro-perugino_st-jerome-who-attends-two-unfairly-hanged-1473.jpg,0.2977,0.5965,0.238,2.5393,1.3334
adain,000000226171__Expressionism__amedeo-modigliani_germaine-survage-with-earrings-1918.jpg,0.3666,0.6775,0.3009,2.727,0.8115
adain,000000226171__High_Renaissance__raphael_madonna-and-child-enthroned-with-saints-1505.jpg,0.3543,0.5126,0.3437,2.144,2.5153
adain,000000226171__Impressionism__pierre-auguste-renoir_leaving-the-bath-1890.jpg,0.3569,0.6631,0.3147,2.9093,0.8603
adain,000000226171__Mannerism_Late_Renaissance__tintoretto_st-mark-rescuing-a-saracen-from-shipwreck-1566.jpg,0.269,0.6355,0.2434,2.7384,1.3807
adain,000000226171__Minimalism__mario-schifano_untitled-1963.jpg,0.3929,0.7806,0.4714,2.9795,1.1923
adain,000000226171__Naive_Art_Primitivism__marc-chagall_the-young-samuel-the-priest-s-servant-heard-that-he-is-called-by-god-eli-and-he-were-sleeping.jpg,0.1421,0.7133,0.096,2.8448,0.6455
adain,000000226171__Northern_Renaissance__albrecht-durer_lamentation-over-christ-1507.jpg,0.17,0.6659,0.1276,2.6721,2.0283
adain,000000226171__Pop_Art__peter-max_composition-red-green-1979.jpg,0.315,0.596,0.4391,2.7177,1.8079
adain,000000226171__Post_Impressionism__vincent-van-gogh_restaurant-de-la-sirene-at-asnieres-1887.jpg,0.1722,0.6756,0.1212,2.6573,1.7334
adain,000000226171__Realism__vincent-van-gogh_cottage-with-peasant-coming-home-1885(1).jpg,0.3171,0.5562,0.2763,2.4562,0.4773
adain,000000226171__Rococo__dmitry-levitzky_portrait-of-baron-a-n-stroganoff.jpg,0.3816,0.5866,0.421,2.7698,0.5845
adain,000000226171__Romanticism__gustave-dore_paradise-lost-4.jpg,0.2725,0.6305,0.2059,2.5131,1.1462
adain,000000226171__Symbolism__nicholas-roerich_language-of-forest-1922.jpg,0.2873,0.6732,0.2691,2.602,1.305
adain,000000226171__Ukiyo_e__kitagawa-utamaro_not_detected_233134.jpg,0.274,0.6341,0.297,2.6379,2.0941
adain,000000235857__Abstract_Expressionism__paul-jenkins_not_detected_235703.jpg,0.2481,0.6685,0.2406,2.7587,1.2372
adain,000000235857__Art_Nouveau_Modern__nicholas-roerich_oze-1914.jpg,0.2253,0.7052,0.2408,2.6935,1.1551
adain,000000235857__Baroque__rembrandt_portrait-of-nicolas-van-bambeeck-1641.jpg,0.1926,0.5971,0.2441,2.8049,0.7507
adain,000000235857__Color_Field_Painting__leon-berkowitz_dark-light-rose-gold-1978.jpg,0.1844,0.8847,0.2364,3.5647,0.5224
adain,000000235857__Cubism__salvador-dali_cubist-composition-portrait-of-a-seated-person-holding-a-letter.jpg,0.262,0.6409,0.2692,2.6419,0.6384
adain,000000235857__Early_Renaissance__pietro-perugino_st-jerome-who-attends-two-unfairly-hanged-1473.jpg,0.2533,0.54,0.2586,2.3438,1.4778
adain,000000235857__Expressionism__amedeo-modigliani_germaine-survage-with-earrings-1918.jpg,0.2694,0.6003,0.283,2.3338,0.8639
adain,000000235857__High_Renaissance__raphael_madonna-and-child-enthroned-with-saints-1505.jpg,0.2419,0.5843,0.2351,2.6416,2.6468
adain,000000235857__Impressionism__pierre-auguste-renoir_leaving-the-bath-1890.jpg,0.2703,0.5801,0.2773,2.4665,0.8362
adain,000000235857__Mannerism_Late_Renaissance__tintoretto_st-mark-rescuing-a-saracen-from-shipwreck-1566.jpg,0.1915,0.5921,0.2091,2.4673,1.3862
adain,000000235857__Minimalism__mario-schifano_untitled-1963.jpg,0.1975,0.8264,0.1232,3.2602,1.1165
adain,000000235857__Naive_Art_Primitivism__marc-chagall_the-young-samuel-the-priest-s-servant-heard-that-he-is-called-by-god-eli-and-he-were-sleeping.jpg,0.1652,0.6114,0.177,2.3998,0.6574
adain,000000235857__Northern_Renaissance__albrecht-durer_lamentation-over-christ-1507.jpg,0.15,0.656,0.1286,2.6877,2.3583
adain,000000235857__Pop_Art__peter-max_composition-red-green-1979.jpg,0.1917,0.6091,0.1851,2.809,2.0636
adain,000000235857__Post_Impressionism__vincent-van-gogh_restaurant-de-la-sirene-at-asnieres-1887.jpg,0.1707,0.6249,0.1673,2.654,1.7795
adain,000000235857__Realism__vincent-van-gogh_cottage-with-peasant-coming-home-1885(1).jpg,0.2662,0.4885,0.2773,2.1497,0.5414
adain,000000235857__Rococo__dmitry-levitzky_portrait-of-baron-a-n-stroganoff.jpg,0.2017,0.5703,0.2484,2.5154,0.5474
adain,000000235857__Romanticism__gustave-dore_paradise-lost-4.jpg,0.1801,0.6461,0.236,2.5714,1.119
adain,000000235857__Symbolism__nicholas-roerich_language-of-forest-1922.jpg,0.2393,0.6684,0.2559,2.5763,1.3737
adain,000000235857__Ukiyo_e__kitagawa-utamaro_not_detected_233134.jpg,0.2018,0.6075,0.2302,2.5626,2.1918
adain,000000272364__Abstract_Expressionism__paul-jenkins_not_detected_235703.jpg,0.2817,0.5819,0.2248,2.9307,1.105
adain,000000272364__Art_Nouveau_Modern__nicholas-roerich_oze-1914.jpg,0.2765,0.5264,0.2217,2.4986,1.1985
adain,000000272364__Baroque__rembrandt_portrait-of-nicolas-van-bambeeck-1641.jpg,0.1619,0.6948,0.1739,3.2138,0.7967
adain,000000272364__Color_Field_Painting__leon-berkowitz_dark-light-rose-gold-1978.jpg,0.1648,0.8317,0.1624,3.7137,0.5258
adain,000000272364__Cubism__salvador-dali_cubist-composition-portrait-of-a-seated-person-holding-a-letter.jpg,0.2969,0.7717,0.2389,2.8654,0.5042
adain,000000272364__Early_Renaissance__pietro-perugino_st-jerome-who-attends-two-unfairly-hanged-1473.jpg,0.3077,0.5273,0.2332,2.3897,1.4
adain,000000272364__Expressionism__amedeo-modigliani_germaine-survage-with-earrings-1918.jpg,0.2849,0.6629,0.2395,2.6185,0.8056
adain,000000272364__High_Renaissance__raphael_madonna-and-child-enthroned-with-saints-1505.jpg,0.3444,0.5055,0.2868,2.3655,2.6824
adain,000000272364__Impressionism__pierre-auguste-renoir_leaving-the-bath-1890.jpg,0.2815,0.6468,0.2139,2.9328,0.8643
adain,000000272364__Mannerism_Late_Renaissance__tintoretto_st-mark-rescuing-a-saracen-from-shipwreck-1566.jpg,0.2316,0.5274,0.2,2.4987,1.4426
adain,000000272364__Minimalism__mario-schifano_untitled-1963.jpg,0.1953,1.0615,0.1511,3.5226,1.4733
adain,000000272364__Naive_Art_Primitivism__marc-chagall_the-young-samuel-the-priest-s-servant-heard-that-he-is-called-by-god-eli-and-he-were-sleeping.jpg,0.2031,0.5845,0.1367,2.8767,0.7017
adain,000000272364__Northern_Renaissance__albrecht-durer_lamentation-over-christ-1507.jpg,0.277,0.512,0.1928,2.5411,2.1539
adain,000000272364__Pop_Art__peter-max_composition-red-green-1979.jpg,0.25,0.558,0.2286,2.8066,2.0646
adain,000000272364__Post_Impressionism__vincent-van-gogh_restaurant-de-la-sirene-at-asnieres-1887.jpg,0.2359,0.6036,0.1577,2.7451,1.8735
adain,000000272364__Realism__vincent-van-gogh_cottage-with-peasant-coming-home-1885(1).jpg,0.3438,0.5187,0.2678,2.3508,0.6502
adain,000000272364__Rococo__dmitry-levitzky_portrait-of-baron-a-n-stroganoff.jpg,0.1729,0.6594,0.2079,2.832,0.5352
adain,000000272364__Romanticism__gustave-dore_paradise-lost-4.jpg,0.1798,0.5923,0.1628,2.8575,1.1733
adain,000000272364__Symbolism__nicholas-roerich_language-of-forest-1922.jpg,0.3136,0.5305,0.2582,2.3788,1.424
adain,000000272364__Ukiyo_e__kitagawa-utamaro_not_detected_233134.jpg,0.277,0.5506,0.2537,2.5185,2.1433
adain,000000273132__Abstract_Expressionism__paul-jenkins_not_detected_235703.jpg,0.4712,0.5343,0.5297,2.6363,1.0056
adain,000000273132__Art_Nouveau_Modern__nicholas-roerich_oze-1914.jpg,0.4486,0.5687,0.3975,2.6246,1.0393
adain,000000273132__Baroque__rembrandt_portrait-of-nicolas-van-bambeeck-1641.jpg,0.3567,0.6422,0.4458,3.0086,0.8021
adain,000000273132__Color_Field_Painting__leon-berkowitz_dark-light-rose-gold-1978.jpg,0.3437,0.8971,0.3362,3.5932,0.5283
adain,000000273132__Cubism__salvador-dali_cubist-composition-portrait-of-a-seated-person-holding-a-letter.jpg,0.5373,0.6724,0.4982,2.6096,0.5738
adain,000000273132__Early_Renaissance__pietro-perugino_st-jerome-who-attends-two-unfairly-hanged-1473.jpg,0.3442,0.6047,0.2737,2.5492,1.5152
adain,000000273132__Expressionism__amedeo-modigliani_germaine-survage-with-earrings-1918.jpg,0.4267,0.7363,0.4052,2.5585,0.8891
adain,000000273132__High_Renaissance__raphael_madonna-and-child-enthroned-with-saints-1505.jpg,0.3912,0.5304,0.3201,2.3266,2.5999
adain,000000273132__Impressionism__pierre-auguste-renoir_leaving-the-bath-1890.jpg,0.4558,0.7063,0.4052,2.8331,0.9103
adain,000000273132__Mannerism_Late_Renaissance__tintoretto_st-mark-rescuing-a-saracen-from-shipwreck-1566.jpg,0.2752,0.5944,0.252,2.6065,1.415
adain,000000273132__Minimalism__mario-schifano_untitled-1963.jpg,0.4286,0.9896,0.4176,3.2123,1.0086
adain,000000273132__Naive_Art_Primitivism__marc-chagall_the-young-samuel-the-priest-s-servant-heard-that-he-is-called-by-god-eli-and-he-were-sleeping.jpg,0.2316,0.5961,0.1354,2.6383,0.6824
adain,000000273132__Northern_Renaissance__albrecht-durer_lamentation-over-christ-1507.jpg,0.2304,0.5292,0.1389,2.3789,2.386
adain,000000273132__Pop_Art__peter-max_composition-red-green-1979.jpg,0.3936,0.5887,0.4068,2.738,2.0554
adain,000000273132__Post_Impressionism__vincent-van-gogh_restaurant-de-la-sirene-at-asnieres-1887.jpg,0.2492,0.6359,0.1498,2.5045,1.7285
adain,000000273132__Realism__vincent-van-gogh_cottage-with-peasant-coming-home-1885(1).jpg,0.4324,0.5161,0.37,2.2633,0.5159
adain,000000273132__Rococo__dmitry-levitzky_portrait-of-baron-a-n-stroganoff.jpg,0.3531,0.6694,0.4812,2.8147,0.6401
adain,000000273132__Romanticism__gustave-dore_paradise-lost-4.jpg,0.269,0.5522,0.2641,2.4482,1.1765
adain,000000273132__Symbolism__nicholas-roerich_language-of-forest-1922.jpg,0.3708,0.6226,0.3014,2.6017,1.2922
adain,000000273132__Ukiyo_e__kitagawa-utamaro_not_detected_233134.jpg,0.362,0.6059,0.3404,2.4582,1.9769
adain,000000277051__Abstract_Expressionism__paul-jenkins_not_detected_235703.jpg,0.5064,0.5649,0.545,2.5896,0.9693
adain,000000277051__Art_Nouveau_Modern__nicholas-roerich_oze-1914.jpg,0.4908,0.5299,0.3943,2.233,1.0377
adain,000000277051__Baroque__rembrandt_portrait-of-nicolas-van-bambeeck-1641.jpg,0.4361,0.6911,0.4714,2.7838,0.7887
adain,000000277051__Color_Field_Painting__leon-berkowitz_dark-light-rose-gold-1978.jpg,0.4344,0.7506,0.3326,3.4967,0.5248
adain,000000277051__Cubism__salvador-dali_cubist-composition-portrait-of-a-seated-person-holding-a-letter.jpg,0.5382,0.853,0.4639,2.5536,0.557
adain,000000277051__Early_Renaissance__pietro-perugino_st-jerome-who-attends-two-unfairly-hanged-1473.jpg,0.3749,0.5469,0.2513,2.2646,1.3092
adain,000000277051__Expressionism__amedeo-modigliani_germaine-survage-with-earrings-1918.jpg,0.4946,0.6416,0.3854,2.2023,0.7
adain,000000277051__High_Renaissance__raphael_madonna-and-child-enthroned-with-saints-1505.jpg,0.42,0.5466,0.3055,2.2159,2.4739
adain,000000277051__Impressionism__pierre-auguste-renoir_leaving-the-bath-1890.jpg,0.5062,0.6107,0.4032,2.4726,0.8212
adain,000000277051__Mannerism_Late_Renaissance__tintoretto_st-mark-rescuing-a-saracen-from-shipwreck-1566.jpg,0.2878,0.6011,0.2251,2.4862,1.4022
adain,000000277051__Minimalism__mario-schifano_untitled-1963.jpg,0.5043,1.0287,0.5498,3.1837,1.1917
adain,000000277051__Naive_Art_Primitivism__marc-chagall_the-young-samuel-the-priest-s-servant-heard-that-he-is-called-by-god-eli-and-he-were-sleeping.jpg,0.1868,0.6856,0.1009,2.6463,0.6115
adain,000000277051__Northern_Renaissance__albrecht-durer_lamentation-over-christ-1507.jpg,0.1692,0.6919,0.0909,2.6315,2.2988
adain,000000277051__Pop_Art__peter-max_composition-red-green-1979.jpg,0.4236,0.5778,0.5061,2.6215,2.1599
adain,000000277051__Post_Impressionism__vincent-van-gogh_restaurant-de-la-sirene-at-asnieres-1887.jpg,0.215,0.6792,0.1133,2.6272,1.7338
adain,000000277051__Realism__vincent-van-gogh_cottage-with-peasant-coming-home-1885(1).jpg,0.414,0.6015,0.313,2.2676,0.4683
adain,000000277051__Rococo__dmitry-levitzky_portrait-of-baron-a-n-stroganoff.jpg,0.4482,0.5886,0.4965,2.2117,0.4763
adain,000000277051__Romanticism__gustave-dore_paradise-lost-4.jpg,0.289,0.6823,0.1897,2.5139,1.1825
adain,000000277051__Symbolism__nicholas-roerich_language-of-forest-1922.jpg,0.3946,0.5446,0.2471,2.3817,1.4152
adain,000000277051__Ukiyo_e__kitagawa-utamaro_not_detected_233134.jpg,0.3733,0.5862,0.3221,2.3118,2.1359
adain,000000296969__Abstract_Expressionism__paul-jenkins_not_detected_235703.jpg,0.1727,0.6603,0.1055,3.0264,1.0566
adain,000000296969__Art_Nouveau_Modern__nicholas-roerich_oze-1914.jpg,0.183,0.6391,0.1471,2.7285,1.0265
adain,000000296969__Baroque__rembrandt_portrait-of-nicolas-van-bambeeck-1641.jpg,0.1425,0.6359,0.1239,3.0497,0.7781
adain,000000296969__Color_Field_Painting__leon-berkowitz_dark-light-rose-gold-1978.jpg,0.11,0.8835,0.1428,3.6637,0.5086
adain,000000296969__Cubism__salvador-dali_cubist-composition-portrait-of-a-seated-person-holding-a-letter.jpg,0.1931,0.7058,0.1512,3.0098,0.576
adain,000000296969__Early_Renaissance__pietro-perugino_st-jerome-who-attends-two-unfairly-hanged-1473.jpg,0.2003,0.5993,0.1727,2.7883,1.5098
adain,000000296969__Expressionism__amedeo-modigliani_germaine-survage-with-earrings-1918.jpg,0.1859,0.6906,0.168,2.8677,0.8661
adain,000000296969__High_Renaissance__raphael_madonna-and-child-enthroned-with-saints-1505.jpg,0.2024,0.5964,0.1506,2.8315,2.8306
adain,000000296969__Impressionism__pierre-auguste-renoir_leaving-the-bath-1890.jpg,0.1833,0.6705,0.1629,3.0596,0.8346
adain,000000296969__Mannerism_Late_Renaissance__tintoretto_st-mark-rescuing-a-saracen-from-shipwreck-1566.jpg,0.1801,0.5794,0.1522,2.7108,1.4408
adain,000000296969__Minimalism__mario-schifano_untitled-1963.jpg,0.1112,0.9794,0.05,3.5154,1.1339
adain,000000296969__Naive_Art_Primitivism__marc-chagall_the-young-samuel-the-priest-s-servant-heard-that-he-is-called-by-god-eli-and-he-were-sleeping.jpg,0.1293,0.5825,0.1414,2.8357,0.6527
adain,000000296969__Northern_Renaissance__albrecht-durer_lamentation-over-christ-1507.jpg,0.1585,0.6034,0.1316,2.8638,2.433
adain,000000296969__Pop_Art__peter-max_composition-red-green-1979.jpg,0.1034,0.6557,0.0921,3.1194,2.0978
adain,000000296969__Post_Impressionism__vincent-van-gogh_restaurant-de-la-sirene-at-asnieres-1887.jpg,0.1397,0.6327,0.1398,2.9345,1.7981
adain,000000296969__Realism__vincent-van-gogh_cottage-with-peasant-coming-home-1885(1).jpg,0.2089,0.4982,0.1809,2.4685,0.4834
adain,000000296969__Rococo__dmitry-levitzky_portrait-of-baron-a-n-stroganoff.jpg,0.1438,0.6361,0.1296,2.8262,0.5175
adain,000000296969__Romanticism__gustave-dore_paradise-lost-4.jpg,0.1541,0.6054,0.1477,2.8313,1.1178
adain,000000296969__Symbolism__nicholas-roerich_language-of-forest-1922.jpg,0.1853,0.6581,0.1769,2.8215,1.3332
adain,000000296969__Ukiyo_e__kitagawa-utamaro_not_detected_233134.jpg,0.1319,0.6626,0.1315,3.0587,2.1856
adain,000000302107__Abstract_Expressionism__paul-jenkins_not_detected_235703.jpg,0.3389,0.6238,0.3879,2.7648,1.2321
adain,000000302107__Art_Nouveau_Modern__nicholas-roerich_oze-1914.jpg,0.3681,0.5511,0.3659,2.301,1.077
adain,000000302107__Baroque__rembrandt_portrait-of-nicolas-van-bambeeck-1641.jpg,0.2696,0.6355,0.389,2.9304,0.7701
adain,000000302107__Color_Field_Painting__leon-berkowitz_dark-light-rose-gold-1978.jpg,0.3015,0.8322,0.2877,3.5576,0.5596
adain,000000302107__Cubism__salvador-dali_cubist-composition-portrait-of-a-seated-person-holding-a-letter.jpg,0.4334,0.716,0.4104,2.6322,0.5836
adain,000000302107__Early_Renaissance__pietro-perugino_st-jerome-who-attends-two-unfairly-hanged-1473.jpg,0.2693,0.5853,0.2688,2.587,1.6184
adain,000000302107__Expressionism__amedeo-modigliani_germaine-survage-with-earrings-1918.jpg,0.3526,0.67,0.3183,2.5175,0.8778
adain,000000302107__High_Renaissance__raphael_madonna-and-child-enthroned-with-saints-1505.jpg,0.3324,0.5163,0.3238,2.3484,2.6784
adain,000000302107__Impressionism__pierre-auguste-renoir_leaving-the-bath-1890.jpg,0.4024,0.6388,0.3605,2.7592,0.877
adain,000000302107__Mannerism_Late_Renaissance__tintoretto_st-mark-rescuing-a-saracen-from-shipwreck-1566.jpg,0.2289,0.5833,0.2672,2.4477,1.5482
adain,000000302107__Minimalism__mario-schifano_untitled-1963.jpg,0.3754,0.9653,0.3218,3.3542,1.3582
adain,000000302107__Naive_Art_Primitivism__marc-chagall_the-young-samuel-the-priest-s-servant-heard-that-he-is-called-by-god-eli-and-he-were-sleeping.jpg,0.1945,0.6448,0.1294,2.7488,0.6147
adain,000000302107__Northern_Renaissance__albrecht-durer_lamentation-over-christ-1507.jpg,0.1853,0.6149,0.1378,2.5632,2.2328
adain,000000302107__Pop_Art__peter-max_composition-red-green-1979.jpg,0.3759,0.5747,0.3643,2.7213,2.0506
adain,000000302107__Post_Impressionism__vincent-van-gogh_restaurant-de-la-sirene-at-asnieres-1887.jpg,0.2084,0.6633,0.1504,2.7343,1.7916
adain,000000302107__Realism__vincent-van-gogh_cottage-with-peasant-coming-home-1885(1).jpg,0.3625,0.5076,0.318,2.3169,0.5296
adain,000000302107__Rococo__dmitry-levitzky_portrait-of-baron-a-n-stroganoff.jpg,0.268,0.5896,0.4313,2.5527,0.4923
adain,000000302107__Romanticism__gustave-dore_paradise-lost-4.jpg,0.218,0.6277,0.2355,2.5817,1.1935
adain,000000302107__Symbolism__nicholas-roerich_language-of-forest-1922.jpg,0.318,0.6172,0.3011,2.6702,1.4459
adain,000000302107__Ukiyo_e__kitagawa-utamaro_not_detected_233134.jpg,0.3438,0.5789,0.3438,2.2981,2.0672
adain,000000322944__Abstract_Expressionism__paul-jenkins_not_detected_235703.jpg,0.5823,0.4848,0.5468,2.2731,1.287
adain,000000322944__Art_Nouveau_Modern__nicholas-roerich_oze-1914.jpg,0.4909,0.479,0.4157,2.0686,1.1616
adain,000000322944__Baroque__rembrandt_portrait-of-nicolas-van-bambeeck-1641.jpg,0.5809,0.6031,0.4023,2.318,0.6693
adain,000000322944__Color_Field_Painting__leon-berkowitz_dark-light-rose-gold-1978.jpg,0.3534,0.7988,0.2062,3.5101,0.5388
adain,000000322944__Cubism__salvador-dali_cubist-composition-portrait-of-a-seated-person-holding-a-letter.jpg,0.4424,0.8135,0.279,2.3244,0.5745
adain,000000322944__Early_Renaissance__pietro-perugino_st-jerome-who-attends-two-unfairly-hanged-1473.jpg,0.3199,0.6141,0.2104,2.4188,1.5356
adain,000000322944__Expressionism__amedeo-modigliani_germaine-survage-with-earrings-1918.jpg,0.436,0.7038,0.2909,2.1463,0.7779
adain,000000322944__High_Renaissance__raphael_madonna-and-child-enthroned-with-saints-1505.jpg,0.3929,0.5561,0.3291,2.3209,2.6278
adain,000000322944__Impressionism__pierre-auguste-renoir_leaving-the-bath-1890.jpg,0.3905,0.6629,0.2151,2.4231,0.8536
adain,000000322944__Mannerism_Late_Renaissance__tintoretto_st-mark-rescuing-a-saracen-from-shipwreck-1566.jpg,0.4145,0.5486,0.2546,2.0967,1.5973
adain,000000322944__Minimalism__mario-schifano_untitled-1963.jpg,0.3327,1.0396,0.5198,3.1685,1.6214
adain,000000322944__Naive_Art_Primitivism__marc-chagall_the-young-samuel-the-priest-s-servant-heard-that-he-is-called-by-god-eli-and-he-were-sleeping.jpg,0.142,0.6563,0.0815,2.6577,0.625
adain,000000322944__Northern_Renaissance__albrecht-durer_lamentation-over-christ-1507.jpg,0.1625,0.6232,0.1022,2.3548,2.3741
adain,000000322944__Pop_Art__peter-max_composition-red-green-1979.jpg,0.2365,0.6659,0.3979,2.7178,1.9392
adain,000000322944__Post_Impressionism__vincent-van-gogh_restaurant-de-la-sirene-at-asnieres-1887.jpg,0.1732,0.7074,0.117,2.6,1.8627
adain,000000322944__Realism__vincent-van-gogh_cottage-with-peasant-coming-home-1885(1).jpg,0.3369,0.6116,0.2374,2.2411,0.6073
adain,000000322944__Rococo__dmitry-levitzky_portrait-of-baron-a-n-stroganoff.jpg,0.583,0.6006,0.4906,2.0922,0.4587
adain,000000322944__Romanticism__gustave-dore_paradise-lost-4.jpg,0.4215,0.5536,0.2259,2.1852,1.1761
adain,000000322944__Symbolism__nicholas-roerich_language-of-forest-1922.jpg,0.273,0.6335,0.1941,2.5477,1.4163
adain,000000322944__Ukiyo_e__kitagawa-utamaro_not_detected_233134.jpg,0.2549,0.638,0.2958,2.2382,2.1732
adain,000000329447__Abstract_Expressionism__paul-jenkins_not_detected_235703.jpg,0.3167,0.631,0.2678,2.5337,1.2049
adain,000000329447__Art_Nouveau_Modern__nicholas-roerich_oze-1914.jpg,0.2615,0.6887,0.2813,2.629,1.0637
adain,000000329447__Baroque__rembrandt_portrait-of-nicolas-van-bambeeck-1641.jpg,0.251,0.6184,0.2651,2.9428,0.7239
adain,000000329447__Color_Field_Painting__leon-berkowitz_dark-light-rose-gold-1978.jpg,0.1649,0.9561,0.2153,3.6821,0.5244
adain,000000329447__Cubism__salvador-dali_cubist-composition-portrait-of-a-seated-person-holding-a-letter.jpg,0.2694,0.601,0.3061,2.5989,0.6211
adain,000000329447__Early_Renaissance__pietro-perugino_st-jerome-who-attends-two-unfairly-hanged-1473.jpg,0.2933,0.5789,0.3086,2.2051,1.5131
adain,000000329447__Expressionism__amedeo-modigliani_germaine-survage-with-earrings-1918.jpg,0.2775,0.7151,0.3032,2.368,0.8864
adain,000000329447__High_Renaissance__raphael_madonna-and-child-enthroned-with-saints-1505.jpg,0.3017,0.5617,0.2956,2.3254,2.609
adain,000000329447__Impressionism__pierre-auguste-renoir_leaving-the-bath-1890.jpg,0.2526,0.6951,0.2828,2.6419,0.8568
adain,000000329447__Mannerism_Late_Renaissance__tintoretto_st-mark-rescuing-a-saracen-from-shipwreck-1566.jpg,0.2743,0.5998,0.2736,2.3492,1.505
adain,000000329447__Minimalism__mario-schifano_untitled-1963.jpg,0.1771,0.9205,0.1704,3.377,1.1483
adain,000000329447__Naive_Art_Primitivism__marc-chagall_the-young-samuel-the-priest-s-servant-heard-that-he-is-called-by-god-eli-and-he-were-sleeping.jpg,0.1363,0.6539,0.1436,2.6977,0.6737
adain,000000329447__Northern_Renaissance__albrecht-durer_lamentation-over-christ-1507.jpg,0.1688,0.6159,0.1423,2.5318,2.4288
adain,000000329447__Pop_Art__peter-max_composition-red-green-1979.jpg,0.1539,0.6453,0.2214,2.9274,1.8498
adain,000000329447__Post_Impressionism__vincent-van-gogh_restaurant-de-la-sirene-at-asnieres-1887.jpg,0.1515,0.6814,0.1447,2.6933,1.8085
adain,000000329447__Realism__vincent-van-gogh_cottage-with-peasant-coming-home-1885(1).jpg,0.2852,0.4985,0.3146,2.1297,0.5723
adain,000000329447__Rococo__dmitry-levitzky_portrait-of-baron-a-n-stroganoff.jpg,0.257,0.6396,0.2855,2.6219,0.5516
adain,000000329447__Romanticism__gustave-dore_paradise-lost-4.jpg,0.2555,0.5908,0.2616,2.4405,1.1557
adain,000000329447__Symbolism__nicholas-roerich_language-of-forest-1922.jpg,0.2377,0.676,0.2885,2.4785,1.4846
adain,000000329447__Ukiyo_e__kitagawa-utamaro_not_detected_233134.jpg,0.1692,0.6742,0.2471,2.5857,2.225
adain,000000338625__Abstract_Expressionism__paul-jenkins_not_detected_235703.jpg,0.3772,0.5742,0.3788,2.9224,1.1994
adain,000000338625__Art_Nouveau_Modern__nicholas-roerich_oze-1914.jpg,0.3441,0.5305,0.3042,2.5444,0.9613
adain,000000338625__Baroque__rembrandt_portrait-of-nicolas-van-bambeeck-1641.jpg,0.2809,0.6741,0.3042,3.1918,0.8025
adain,000000338625__Color_Field_Painting__leon-berkowitz_dark-light-rose-gold-1978.jpg,0.2852,0.784,0.2254,3.685,0.5432
adain,000000338625__Cubism__salvador-dali_cubist-composition-portrait-of-a-seated-person-holding-a-letter.jpg,0.383,0.8248,0.3249,2.8939,0.5356
adain,000000338625__Early_Renaissance__pietro-perugino_st-jerome-who-attends-two-unfairly-hanged-1473.jpg,0.3053,0.5635,0.2486,2.526,1.6151
adain,000000338625__Expressionism__amedeo-modigliani_germaine-survage-with-earrings-1918.jpg,0.3418,0.6933,0.291,2.6799,0.8357
adain,000000338625__High_Renaissance__raphael_madonna-and-child-enthroned-with-saints-1505.jpg,0.3728,0.4577,0.3326,2.0515,2.5084
adain,000000338625__Impressionism__pierre-auguste-renoir_leaving-the-bath-1890.jpg,0.3426,0.6611,0.2704,2.9759,0.8947
adain,000000338625__Mannerism_Late_Renaissance__tintoretto_st-mark-rescuing-a-saracen-from-shipwreck-1566.jpg,0.2169,0.5434,0.2244,2.557,1.6185
adain,000000338625__Minimalism__mario-schifano_untitled-1963.jpg,0.3466,1.0489,0.3266,3.3276,1.4413
adain,000000338625__Naive_Art_Primitivism__marc-chagall_the-young-samuel-the-priest-s-servant-heard-that-he-is-called-by-god-eli-and-he-were-sleeping.jpg,0.1751,0.6009,0.1098,2.7978,0.6144
adain,000000338625__Northern_Renaissance__albrecht-durer_lamentation-over-christ-1507.jpg,0.1996,0.5258,0.15,2.3017,2.3793
adain,000000338625__Pop_Art__peter-max_composition-red-green-1979.jpg,0.3447,0.5804,0.3659,2.5973,2.0686
adain,000000338625__Post_Impressionism__vincent-van-gogh_restaurant-de-la-sirene-at-asnieres-1887.jpg,0.22,0.5853,0.1444,2.4588,1.7271
adain,000000338625__Realism__vincent-van-gogh_cottage-with-peasant-coming-home-1885(1).jpg,0.3683,0.5138,0.3114,2.3168,0.5758
adain,000000338625__Rococo__dmitry-levitzky_portrait-of-baron-a-n-stroganoff.jpg,0.277,0.6501,0.3436,2.8597,0.6137
adain,000000338625__Romanticism__gustave-dore_paradise-lost-4.jpg,0.2051,0.5741,0.194,2.5576,1.1858
adain,000000338625__Symbolism__nicholas-roerich_language-of-forest-1922.jpg,0.3192,0.5426,0.2639,2.4869,1.2953
adain,000000338625__Ukiyo_e__kitagawa-utamaro_not_detected_233134.jpg,0.3184,0.5448,0.3268,2.3949,2.0602
adain,000000356968__Abstract_Expressionism__paul-jenkins_not_detected_235703.jpg,0.2419,0.6934,0.2323,2.7758,1.1082
adain,000000356968__Art_Nouveau_Modern__nicholas-roerich_oze-1914.jpg,0.2626,0.6576,0.2481,2.6397,1.1699
adain,000000356968__Baroque__rembrandt_portrait-of-nicolas-van-bambeeck-1641.jpg,0.2145,0.6065,0.2434,2.7275,0.7266
adain,000000356968__Color_Field_Painting__leon-berkowitz_dark-light-rose-gold-1978.jpg,0.1957,0.8532,0.2265,3.5984,0.5372
adain,000000356968__Cubism__salvador-dali_cubist-composition-portrait-of-a-seated-person-holding-a-letter.jpg,0.2802,0.6948,0.2705,2.716,0.6177
adain,000000356968__Early_Renaissance__pietro-perugino_st-jerome-who-attends-two-unfairly-hanged-1473.jpg,0.255,0.5428,0.2632,2.3972,1.4929
adain,000000356968__Expressionism__amedeo-modigliani_germaine-survage-with-earrings-1918.jpg,0.2768,0.5849,0.2798,2.4531,0.8451
adain,000000356968__High_Renaissance__raphael_madonna-and-child-enthroned-with-saints-1505.jpg,0.2518,0.5804,0.2287,2.6087,2.7121
adain,000000356968__Impressionism__pierre-auguste-renoir_leaving-the-bath-1890.jpg,0.2899,0.568,0.2697,2.5858,0.8022
adain,000000356968__Mannerism_Late_Renaissance__tintoretto_st-mark-rescuing-a-saracen-from-shipwreck-1566.jpg,0.2001,0.5575,0.2324,2.4368,1.4316
adain,000000356968__Minimalism__mario-schifano_untitled-1963.jpg,0.1963,0.8737,0.1293,3.3727,1.2775
adain,000000356968__Naive_Art_Primitivism__marc-chagall_the-young-samuel-the-priest-s-servant-heard-that-he-is-called-by-god-eli-and-he-were-sleeping.jpg,0.1578,0.588,0.1411,2.4863,0.6572
adain,000000356968__Northern_Renaissance__albrecht-durer_lamentation-over-christ-1507.jpg,0.1453,0.6352,0.1266,2.7051,2.5896
adain,000000356968__Pop_Art__peter-max_composition-red-green-1979.jpg,0.1678,0.644,0.1823,2.9123,2.1558
adain,000000356968__Post_Impressionism__vincent-van-gogh_restaurant-de-la-sirene-at-asnieres-1887.jpg,0.1718,0.5952,0.1418,2.5934,1.9023
adain,000000356968__Realism__vincent-van-gogh_cottage-with-peasant-coming-home-1885(1).jpg,0.2814,0.492,0.2671,2.2434,0.4746
adain,000000356968__Rococo__dmitry-levitzky_portrait-of-baron-a-n-stroganoff.jpg,0.2108,0.5841,0.2501,2.5661,0.5089
adain,000000356968__Romanticism__gustave-dore_paradise-lost-4.jpg,0.196,0.6212,0.2476,2.6151,1.1188
adain,000000356968__Symbolism__nicholas-roerich_language-of-forest-1922.jpg,0.2571,0.6237,0.2403,2.5045,1.3791
adain,000000356968__Ukiyo_e__kitagawa-utamaro_not_detected_233134.jpg,0.1943,0.5985,0.2163,2.6584,2.2242
adain,000000376264__Abstract_Expressionism__paul-jenkins_not_detected_235703.jpg,0.372,0.5223,0.3829,2.4006,1.2049
adain,000000376264__Art_Nouveau_Modern__nicholas-roerich_oze-1914.jpg,0.2894,0.5735,0.3187,2.269,0.9687
adain,000000376264__Baroque__rembrandt_portrait-of-nicolas-van-bambeeck-1641.jpg,0.2649,0.6205,0.2946,2.8888,0.8667
adain,000000376264__Color_Field_Painting__leon-berkowitz_dark-light-rose-gold-1978.jpg,0.2058,0.8228,0.207,3.5606,0.5547
adain,000000376264__Cubism__salvador-dali_cubist-composition-portrait-of-a-seated-person-holding-a-letter.jpg,0.307,0.7168,0.3279,2.4845,0.5525
adain,000000376264__Early_Renaissance__pietro-perugino_st-jerome-who-attends-two-unfairly-hanged-1473.jpg,0.3004,0.491,0.2756,2.0439,1.5212
adain,000000376264__Expressionism__amedeo-modigliani_germaine-survage-with-earrings-1918.jpg,0.3014,0.6201,0.2962,2.2259,0.923
adain,000000376264__High_Renaissance__raphael_madonna-and-child-enthroned-with-saints-1505.jpg,0.32,0.4577,0.3654,1.9514,2.4265
adain,000000376264__Impressionism__pierre-auguste-renoir_leaving-the-bath-1890.jpg,0.2699,0.6317,0.2638,2.6799,0.9143
adain,000000376264__Mannerism_Late_Renaissance__tintoretto_st-mark-rescuing-a-saracen-from-shipwreck-1566.jpg,0.2639,0.5267,0.2489,2.2209,1.4834
adain,000000376264__Minimalism__mario-schifano_untitled-1963.jpg,0.2378,0.946,0.2856,3.3584,1.5403
adain,000000376264__Naive_Art_Primitivism__marc-chagall_the-young-samuel-the-priest-s-servant-heard-that-he-is-called-by-god-eli-and-he-were-sleeping.jpg,0.1519,0.6239,0.1223,2.6224,0.6503
adain,000000376264__Northern_Renaissance__albrecht-durer_lamentation-over-christ-1507.jpg,0.1882,0.5473,0.1526,2.2046,2.1627
adain,000000376264__Pop_Art__peter-max_composition-red-green-1979.jpg,0.2498,0.5062,0.3482,2.1669,2.0784
adain,000000376264__Post_Impressionism__vincent-van-gogh_restaurant-de-la-sirene-at-asnieres-1887.jpg,0.186,0.5877,0.1582,2.3936,2.0503
adain,000000376264__Realism__vincent-van-gogh_cottage-with-peasant-coming-home-1885(1).jpg,0.2956,0.515,0.3105,2.1717,0.665
adain,000000376264__Rococo__dmitry-levitzky_portrait-of-baron-a-n-stroganoff.jpg,0.2902,0.56,0.3271,2.3111,0.651
adain,000000376264__Romanticism__gustave-dore_paradise-lost-4.jpg,0.2373,0.5691,0.2005,2.4061,1.3753
adain,000000376264__Symbolism__nicholas-roerich_language-of-forest-1922.jpg,0.2816,0.538,0.2976,2.0541,1.5405
adain,000000376264__Ukiyo_e__kitagawa-utamaro_not_detected_233134.jpg,0.2514,0.5171,0.3179,2.0195,1.9516
adain,000000398905__Abstract_Expressionism__paul-jenkins_not_detected_235703.jpg,0.5496,0.4313,0.6522,2.0161,0.9546
adain,000000398905__Art_Nouveau_Modern__nicholas-roerich_oze-1914.jpg,0.3764,0.5384,0.342,2.3353,1.1769
adain,000000398905__Baroque__rembrandt_portrait-of-nicolas-van-bambeeck-1641.jpg,0.4135,0.6217,0.4108,2.5027,0.7828
adain,000000398905__Color_Field_Painting__leon-berkowitz_dark-light-rose-gold-1978.jpg,0.3269,0.8054,0.2626,3.4913,0.5089
adain,000000398905__Cubism__salvador-dali_cubist-composition-portrait-of-a-seated-person-holding-a-letter.jpg,0.4273,0.7899,0.3922,2.5473,0.5706
adain,000000398905__Early_Renaissance__pietro-perugino_st-jerome-who-attends-two-unfairly-hanged-1473.jpg,0.3034,0.5625,0.21,2.107,1.4548
adain,000000398905__Expressionism__amedeo-modigliani_germaine-survage-with-earrings-1918.jpg,0.3841,0.7086,0.3295,2.2206,0.7676
adain,000000398905__High_Renaissance__raphael_madonna-and-child-enthroned-with-saints-1505.jpg,0.3513,0.5426,0.33,2.1541,2.4769
adain,000000398905__Impressionism__pierre-auguste-renoir_leaving-the-bath-1890.jpg,0.3531,0.6888,0.288,2.6522,0.9059
adain,000000398905__Mannerism_Late_Renaissance__tintoretto_st-mark-rescuing-a-saracen-from-shipwreck-1566.jpg,0.2629,0.5919,0.1945,2.4753,1.5065
adain,000000398905__Minimalism__mario-schifano_untitled-1963.jpg,0.39,1.0034,0.631,3.1378,1.3341
adain,000000398905__Naive_Art_Primitivism__marc-chagall_the-young-samuel-the-priest-s-servant-heard-that-he-is-called-by-god-eli-and-he-were-sleeping.jpg,0.1677,0.6581,0.0808,2.5703,0.6611
adain,000000398905__Northern_Renaissance__albrecht-durer_lamentation-over-christ-1507.jpg,0.1762,0.6326,0.115,2.4746,2.313
adain,000000398905__Pop_Art__peter-max_composition-red-green-1979.jpg,0.3675,0.5747,0.5136,2.4751,2.0412
adain,000000398905__Post_Impressionism__vincent-van-gogh_restaurant-de-la-sirene-at-asnieres-1887.jpg,0.1862,0.7011,0.0983,2.5593,1.7728
adain,000000398905__Realism__vincent-van-gogh_cottage-with-peasant-coming-home-1885(1).jpg,0.3419,0.5935,0.2784,2.1919,0.4985
adain,000000398905__Rococo__dmitry-levitzky_portrait-of-baron-a-n-stroganoff.jpg,0.439,0.6055,0.4661,2.2067,0.5184
adain,000000398905__Romanticism__gustave-dore_paradise-lost-4.jpg,0.2689,0.5889,0.178,2.3047,1.2323
adain,000000398905__Symbolism__nicholas-roerich_language-of-forest-1922.jpg,0.2895,0.5799,0.1999,2.3034,1.3567
adain,000000398905__Ukiyo_e__kitagawa-utamaro_not_detected_233134.jpg,0.3086,0.6325,0.2841,2.4157,2.0822
adain,000000417911__Abstract_Expressionism__paul-jenkins_not_detected_235703.jpg,0.3506,0.6525,0.3554,2.9071,1.0388
adain,000000417911__Art_Nouveau_Modern__nicholas-roerich_oze-1914.jpg,0.3197,0.6659,0.3314,2.81,1.1669
adain,000000417911__Baroque__rembrandt_portrait-of-nicolas-van-bambeeck-1641.jpg,0.2674,0.6246,0.3498,2.8595,0.8194
adain,000000417911__Color_Field_Painting__leon-berkowitz_dark-light-rose-gold-1978.jpg,0.3199,0.8751,0.2635,3.2933,0.5987
adain,000000417911__Cubism__salvador-dali_cubist-composition-portrait-of-a-seated-person-holding-a-letter.jpg,0.4137,0.684,0.3671,2.7956,0.6388
adain,000000417911__Early_Renaissance__pietro-perugino_st-jerome-who-attends-two-unfairly-hanged-1473.jpg,0.2604,0.6282,0.2396,2.6857,1.4687
adain,000000417911__Expressionism__amedeo-modigliani_germaine-survage-with-earrings-1918.jpg,0.3342,0.7398,0.2719,2.675,0.8054
adain,000000417911__High_Renaissance__raphael_madonna-and-child-enthroned-with-saints-1505.jpg,0.2905,0.602,0.2844,2.7388,2.9019
adain,000000417911__Impressionism__pierre-auguste-renoir_leaving-the-bath-1890.jpg,0.3794,0.6928,0.2803,2.7921,0.8679
adain,000000417911__Mannerism_Late_Renaissance__tintoretto_st-mark-rescuing-a-saracen-from-shipwreck-1566.jpg,0.1933,0.6541,0.2279,2.8792,1.5211
adain,000000417911__Minimalism__mario-schifano_untitled-1963.jpg,0.4285,0.8877,0.2988,2.9104,0.7092
adain,000000417911__Naive_Art_Primitivism__marc-chagall_the-young-samuel-the-priest-s-servant-heard-that-he-is-called-by-god-eli-and-he-were-sleeping.jpg,0.1859,0.6217,0.1293,2.5048,0.7544
adain,000000417911__Northern_Renaissance__albrecht-durer_lamentation-over-christ-1507.jpg,0.1456,0.6261,0.0982,2.8538,2.8559
adain,000000417911__Pop_Art__peter-max_composition-red-green-1979.jpg,0.4075,0.6004,0.3517,2.8837,2.2718
adain,000000417911__Post_Impressionism__vincent-van-gogh_restaurant-de-la-sirene-at-asnieres-1887.jpg,0.205,0.6893,0.1694,2.7373,1.8689
adain,000000417911__Realism__vincent-van-gogh_cottage-with-peasant-coming-home-1885(1).jpg,0.3312,0.5452,0.3016,2.4897,0.5062
adain,000000417911__Rococo__dmitry-levitzky_portrait-of-baron-a-n-stroganoff.jpg,0.2672,0.6564,0.3588,2.8164,0.517
adain,000000417911__Romanticism__gustave-dore_paradise-lost-4.jpg,0.192,0.6237,0.2055,2.6134,0.9941
adain,000000417911__Symbolism__nicholas-roerich_language-of-forest-1922.jpg,0.279,0.6926,0.2677,2.835,1.2804
adain,000000417911__Ukiyo_e__kitagawa-utamaro_not_detected_233134.jpg,0.3378,0.6588,0.3096,2.7371,2.3705
adain,000000427034__Abstract_Expressionism__paul-jenkins_not_detected_235703.jpg,0.4954,0.5317,0.4653,2.3172,0.9817
adain,000000427034__Art_Nouveau_Modern__nicholas-roerich_oze-1914.jpg,0.4136,0.5693,0.3228,2.29,0.9973
adain,000000427034__Baroque__rembrandt_portrait-of-nicolas-van-bambeeck-1641.jpg,0.3871,0.6238,0.373,2.6827,0.7327
adain,000000427034__Color_Field_Painting__leon-berkowitz_dark-light-rose-gold-1978.jpg,0.3573,0.7699,0.2689,3.4713,0.5093
adain,000000427034__Cubism__salvador-dali_cubist-composition-portrait-of-a-seated-person-holding-a-letter.jpg,0.4501,0.7551,0.3586,2.4131,0.5109
adain,000000427034__Early_Renaissance__pietro-perugino_st-jerome-who-attends-two-unfairly-hanged-1473.jpg,0.3796,0.4918,0.2461,2.0502,1.2388
adain,000000427034__Expressionism__amedeo-modigliani_germaine-survage-with-earrings-1918.jpg,0.44,0.5896,0.3504,2.1423,0.695
adain,000000427034__High_Renaissance__raphael_madonna-and-child-enthroned-with-saints-1505.jpg,0.4172,0.4568,0.3376,1.954,2.4952
adain,000000427034__Impressionism__pierre-auguste-renoir_leaving-the-bath-1890.jpg,0.4182,0.5945,0.3067,2.5596,0.7996
adain,000000427034__Mannerism_Late_Renaissance__tintoretto_st-mark-rescuing-a-saracen-from-shipwreck-1566.jpg,0.2985,0.5581,0.2187,2.3377,1.346
adain,000000427034__Minimalism__mario-schifano_untitled-1963.jpg,0.4181,0.9022,0.46,3.0591,1.2146
adain,000000427034__Naive_Art_Primitivism__marc-chagall_the-young-samuel-the-priest-s-servant-heard-that-he-is-called-by-god-eli-and-he-were-sleeping.jpg,0.1775,0.6587,0.1006,2.5569,0.6213
adain,000000427034__Northern_Renaissance__albrecht-durer_lamentation-over-christ-1507.jpg,0.2002,0.6185,0.127,2.3742,2.3419
adain,000000427034__Pop_Art__peter-max_composition-red-green-1979.jpg,0.379,0.5182,0.4453,2.3296,2.13
adain,000000427034__Post_Impressionism__vincent-van-gogh_restaurant-de-la-sirene-at-asnieres-1887.jpg,0.2198,0.6232,0.1286,2.4534,1.7575
adain,000000427034__Realism__vincent-van-gogh_cottage-with-peasant-coming-home-1885(1).jpg,0.4057,0.5378,0.3132,2.1742,0.4689
adain,000000427034__Rococo__dmitry-levitzky_portrait-of-baron-a-n-stroganoff.jpg,0.3995,0.5479,0.3899,2.2546,0.4881
adain,000000427034__Romanticism__gustave-dore_paradise-lost-4.jpg,0.2973,0.6029,0.1935,2.2638,1.1866
adain,000000427034__Symbolism__nicholas-roerich_language-of-forest-1922.jpg,0.3598,0.5507,0.2375,2.1912,1.2865
adain,000000427034__Ukiyo_e__kitagawa-utamaro_not_detected_233134.jpg,0.3482,0.5275,0.3233,2.1602,2.1304
adain,000000435003__Abstract_Expressionism__paul-jenkins_not_detected_235703.jpg,0.3305,0.5684,0.262,2.778,1.0317
adain,000000435003__Art_Nouveau_Modern__nicholas-roerich_oze-1914.jpg,0.3266,0.5558,0.2698,2.453,1.0343
adain,000000435003__Baroque__rembrandt_portrait-of-nicolas-van-bambeeck-1641.jpg,0.2744,0.6353,0.2641,3.1009,0.8178
adain,000000435003__Color_Field_Painting__leon-berkowitz_dark-light-rose-gold-1978.jpg,0.2427,0.8293,0.2277,3.6007,0.5402
adain,000000435003__Cubism__salvador-dali_cubist-composition-portrait-of-a-seated-person-holding-a-letter.jpg,0.3465,0.7301,0.2917,2.7007,0.484
adain,000000435003__Early_Renaissance__pietro-perugino_st-jerome-who-attends-two-unfairly-hanged-1473.jpg,0.2933,0.5281,0.2294,2.3853,1.4165
adain,000000435003__Expressionism__amedeo-modigliani_germaine-survage-with-earrings-1918.jpg,0.3129,0.659,0.2709,2.6138,0.8078
adain,000000435003__High_Renaissance__raphael_madonna-and-child-enthroned-with-saints-1505.jpg,0.3443,0.448,0.2882,2.0561,2.5414
adain,000000435003__Impressionism__pierre-auguste-renoir_leaving-the-bath-1890.jpg,0.3111,0.6416,0.267,2.9147,0.8154
adain,000000435003__Mannerism_Late_Renaissance__tintoretto_st-mark-rescuing-a-saracen-from-shipwreck-1566.jpg,0.2447,0.5537,0.2202,2.5346,1.5075
adain,000000435003__Minimalism__mario-schifano_untitled-1963.jpg,0.2611,0.9897,0.1722,3.2263,1.4063
adain,000000435003__Naive_Art_Primitivism__marc-chagall_the-young-samuel-the-priest-s-servant-heard-that-he-is-called-by-god-eli-and-he-were-sleeping.jpg,0.1516,0.6012,0.1367,2.7768,0.6611
adain,000000435003__Northern_Renaissance__albrecht-durer_lamentation-over-christ-1507.jpg,0.1672,0.5398,0.1341,2.3758,2.0581
adain,000000435003__Pop_Art__peter-max_composition-red-green-1979.jpg,0.2362,0.5582,0.2395,2.4834,2.0684
adain,000000435003__Post_Impressionism__vincent-van-gogh_restaurant-de-la-sirene-at-asnieres-1887.jpg,0.1915,0.5969,0.1612,2.5466,1.8059
adain,000000435003__Realism__vincent-van-gogh_cottage-with-peasant-coming-home-1885(1).jpg,0.299,0.5303,0.2579,2.4533,0.5354
adain,000000435003__Rococo__dmitry-levitzky_portrait-of-baron-a-n-stroganoff.jpg,0.278,0.6035,0.2751,2.7255,0.5345
adain,000000435003__Romanticism__gustave-dore_paradise-lost-4.jpg,0.232,0.5491,0.1886,2.4928,1.2583
adain,000000435003__Symbolism__nicholas-roerich_language-of-forest-1922.jpg,0.2912,0.5532,0.2572,2.3719,1.2976
adain,000000435003__Ukiyo_e__kitagawa-utamaro_not_detected_233134.jpg,0.2524,0.5339,0.2782,2.2378,1.847
adain,000000464251__Abstract_Expressionism__paul-jenkins_not_detected_235703.jpg,0.3495,0.8572,0.4314,2.6844,1.1361
adain,000000464251__Art_Nouveau_Modern__nicholas-roerich_oze-1914.jpg,0.3695,0.851,0.3958,2.3883,1.0106
adain,000000464251__Baroque__rembrandt_portrait-of-nicolas-van-bambeeck-1641.jpg,0.3491,0.6887,0.422,2.817,0.7814
adain,000000464251__Color_Field_Painting__leon-berkowitz_dark-light-rose-gold-1978.jpg,0.2798,0.9167,0.3023,3.4681,0.5562
adain,000000464251__Cubism__salvador-dali_cubist-composition-portrait-of-a-seated-person-holding-a-letter.jpg,0.3805,0.6894,0.4193,2.5019,0.5233
adain,000000464251__Early_Renaissance__pietro-perugino_st-jerome-who-attends-two-unfairly-hanged-1473.jpg,0.3129,0.682,0.2847,2.3484,1.4512
adain,000000464251__Expressionism__amedeo-modigliani_germaine-survage-with-earrings-1918.jpg,0.3891,0.6004,0.3384,2.2871,0.7363
adain,000000464251__High_Renaissance__raphael_madonna-and-child-enthroned-with-saints-1505.jpg,0.3393,0.6812,0.3495,2.3072,2.5118
adain,000000464251__Impressionism__pierre-auguste-renoir_leaving-the-bath-1890.jpg,0.3443,0.6559,0.3313,2.5592,0.7801
adain,000000464251__Mannerism_Late_Renaissance__tintoretto_st-mark-rescuing-a-saracen-from-shipwreck-1566.jpg,0.2934,0.7487,0.2963,2.5449,1.3647
adain,000000464251__Minimalism__mario-schifano_untitled-1963.jpg,0.2916,0.6538,0.3817,3.1858,1.2693
adain,000000464251__Naive_Art_Primitivism__marc-chagall_the-young-samuel-the-priest-s-servant-heard-that-he-is-called-by-god-eli-and-he-were-sleeping.jpg,0.1434,0.8866,0.1171,2.7038,0.6646
adain,000000464251__Northern_Renaissance__albrecht-durer_lamentation-over-christ-1507.jpg,0.1554,0.85,0.1241,2.5832,2.2165
adain,000000464251__Pop_Art__peter-max_composition-red-green-1979.jpg,0.2484,0.7424,0.4146,2.6082,2.335
adain,000000464251__Post_Impressionism__vincent-van-gogh_restaurant-de-la-sirene-at-asnieres-1887.jpg,0.1759,0.7634,0.1374,2.7203,1.8009
adain,000000464251__Realism__vincent-van-gogh_cottage-with-peasant-coming-home-1885(1).jpg,0.3087,0.6559,0.293,2.2859,0.5188
adain,000000464251__Rococo__dmitry-levitzky_portrait-of-baron-a-n-stroganoff.jpg,0.3857,0.5657,0.4651,2.3824,0.5191
adain,000000464251__Romanticism__gustave-dore_paradise-lost-4.jpg,0.2651,0.8208,0.2396,2.516,1.0697
adain,000000464251__Symbolism__nicholas-roerich_language-of-forest-1922.jpg,0.29,0.8539,0.2851,2.5066,1.3075
adain,000000464251__Ukiyo_e__kitagawa-utamaro_not_detected_233134.jpg,0.2374,0.6982,0.3164,2.4276,2.3306
adain,000000464786__Abstract_Expressionism__paul-jenkins_not_detected_235703.jpg,0.543,0.5965,0.5386,2.6483,1.07
adain,000000464786__Art_Nouveau_Modern__nicholas-roerich_oze-1914.jpg,0.4273,0.6935,0.3567,2.9953,1.3492
adain,000000464786__Baroque__rembrandt_portrait-of-nicolas-van-bambeeck-1641.jpg,0.4125,0.6685,0.4651,3.1126,0.9031
adain,000000464786__Color_Field_Painting__leon-berkowitz_dark-light-rose-gold-1978.jpg,0.4247,0.8163,0.3349,3.5377,0.5543
adain,000000464786__Cubism__salvador-dali_cubist-composition-portrait-of-a-seated-person-holding-a-letter.jpg,0.567,0.7731,0.4634,2.8045,0.6018
adain,000000464786__Early_Renaissance__pietro-perugino_st-jerome-who-attends-two-unfairly-hanged-1473.jpg,0.3775,0.5807,0.25,2.7134,1.5735
adain,000000464786__Expressionism__amedeo-modigliani_germaine-survage-with-earrings-1918.jpg,0.5022,0.6292,0.369,2.5551,0.811
adain,000000464786__High_Renaissance__raphael_madonna-and-child-enthroned-with-saints-1505.jpg,0.3634,0.6332,0.2722,3.0245,3.2389
adain,000000464786__Impressionism__pierre-auguste-renoir_leaving-the-bath-1890.jpg,0.5039,0.6139,0.3673,2.857,0.9734
adain,000000464786__Mannerism_Late_Renaissance__tintoretto_st-mark-rescuing-a-saracen-from-shipwreck-1566.jpg,0.2635,0.661,0.2441,2.976,1.487
adain,000000464786__Minimalism__mario-schifano_untitled-1963.jpg,0.513,0.9105,0.5358,3.4603,1.3203
adain,000000464786__Naive_Art_Primitivism__marc-chagall_the-young-samuel-the-priest-s-servant-heard-that-he-is-called-by-god-eli-and-he-were-sleeping.jpg,0.1807,0.7318,0.0974,3.1018,0.6981
adain,000000464786__Northern_Renaissance__albrecht-durer_lamentation-over-christ-1507.jpg,0.1559,0.7473,0.0768,3.1025,2.6029
adain,000000464786__Pop_Art__peter-max_composition-red-green-1979.jpg,0.4288,0.5809,0.4712,2.9766,2.1764
adain,000000464786__Post_Impressionism__vincent-van-gogh_restaurant-de-la-sirene-at-asnieres-1887.jpg,0.1954,0.7261,0.103,3.1542,1.7871
adain,000000464786__Realism__vincent-van-gogh_cottage-with-peasant-coming-home-1885(1).jpg,0.425,0.6203,0.3071,2.8506,0.5276
adain,000000464786__Rococo__dmitry-levitzky_portrait-of-baron-a-n-stroganoff.jpg,0.4198,0.5703,0.4851,2.6592,0.5405
adain,000000464786__Romanticism__gustave-dore_paradise-lost-4.jpg,0.2724,0.7211,0.235,3.0136,1.269
adain,000000464786__Symbolism__nicholas-roerich_language-of-forest-1922.jpg,0.3457,0.6952,0.2267,3.0059,1.5943
adain,000000464786__Ukiyo_e__kitagawa-utamaro_not_detected_233134.jpg,0.373,0.6217,0.3258,2.8252,2.5284
adain,000000475387__Abstract_Expressionism__paul-jenkins_not_detected_235703.jpg,0.2402,0.6048,0.1886,2.9949,1.313
adain,000000475387__Art_Nouveau_Modern__nicholas-roerich_oze-1914.jpg,0.2325,0.5546,0.2111,2.5688,1.0985
adain,000000475387__Baroque__rembrandt_portrait-of-nicolas-van-bambeeck-1641.jpg,0.1697,0.7078,0.1753,3.2511,0.8681
adain,000000475387__Color_Field_Painting__leon-berkowitz_dark-light-rose-gold-1978.jpg,0.161,0.8184,0.1723,3.6686,0.5132
adain,000000475387__Cubism__salvador-dali_cubist-composition-portrait-of-a-seated-person-holding-a-letter.jpg,0.2409,0.834,0.2078,2.9765,0.5633
adain,000000475387__Early_Renaissance__pietro-perugino_st-jerome-who-attends-two-unfairly-hanged-1473.jpg,0.2521,0.5287,0.2022,2.4563,1.653
adain,000000475387__Expressionism__amedeo-modigliani_germaine-survage-with-earrings-1918.jpg,0.2427,0.6948,0.2182,2.7479,0.9526
adain,000000475387__High_Renaissance__raphael_madonna-and-child-enthroned-with-saints-1505.jpg,0.2791,0.4617,0.2374,2.162,2.6611
adain,000000475387__Impressionism__pierre-auguste-renoir_leaving-the-bath-1890.jpg,0.2302,0.6715,0.199,3.0887,0.8991
adain,000000475387__Mannerism_Late_Renaissance__tintoretto_st-mark-rescuing-a-saracen-from-shipwreck-1566.jpg,0.1982,0.5318,0.1906,2.5226,1.6642
adain,000000475387__Minimalism__mario-schifano_untitled-1963.jpg,0.1716,1.0891,0.1139,3.4761,1.2598
adain,000000475387__Naive_Art_Primitivism__marc-chagall_the-young-samuel-the-priest-s-servant-heard-that-he-is-called-by-god-eli-and-he-were-sleeping.jpg,0.1442,0.5966,0.1291,2.9295,0.6559
adain,000000475387__Northern_Renaissance__albrecht-durer_lamentation-over-christ-1507.jpg,0.1819,0.5117,0.1397,2.3327,2.2742
adain,000000475387__Pop_Art__peter-max_composition-red-green-1979.jpg,0.1899,0.5929,0.1633,2.7928,2.1656
adain,000000475387__Post_Impressionism__vincent-van-gogh_restaurant-de-la-sirene-at-asnieres-1887.jpg,0.1824,0.5721,0.1401,2.5574,1.8298
adain,000000475387__Realism__vincent-van-gogh_cottage-with-peasant-coming-home-1885(1).jpg,0.2702,0.5322,0.2285,2.4652,0.6555
adain,000000475387__Rococo__dmitry-levitzky_portrait-of-baron-a-n-stroganoff.jpg,0.176,0.6735,0.202,2.8644,0.608
adain,000000475387__Romanticism__gustave-dore_paradise-lost-4.jpg,0.1706,0.5603,0.1605,2.6244,1.3568
adain,000000475387__Symbolism__nicholas-roerich_language-of-forest-1922.jpg,0.2453,0.5311,0.2207,2.4766,1.4096
adain,000000475387__Ukiyo_e__kitagawa-utamaro_not_detected_233134.jpg,0.21,0.5548,0.207,2.5405,2.1033
adain,000000484029__Abstract_Expressionism__paul-jenkins_not_detected_235703.jpg,0.4556,0.5412,0.388,2.624,1.031
adain,000000484029__Art_Nouveau_Modern__nicholas-roerich_oze-1914.jpg,0.4015,0.5636,0.3118,2.4018,1.1089
adain,000000484029__Baroque__rembrandt_portrait-of-nicolas-van-bambeeck-1641.jpg,0.3941,0.6872,0.3469,2.9794,0.7707
adain,000000484029__Color_Field_Painting__leon-berkowitz_dark-light-rose-gold-1978.jpg,0.3103,0.8394,0.1918,3.6215,0.5108
adain,000000484029__Cubism__salvador-dali_cubist-composition-portrait-of-a-seated-person-holding-a-letter.jpg,0.3877,0.7894,0.3025,2.8101,0.5278
adain,000000484029__Early_Renaissance__pietro-perugino_st-jerome-who-attends-two-unfairly-hanged-1473.jpg,0.3341,0.5559,0.2569,2.332,1.3913
adain,000000484029__Expressionism__amedeo-modigliani_germaine-survage-with-earrings-1918.jpg,0.355,0.7293,0.2619,2.5899,0.8101
adain,000000484029__High_Renaissance__raphael_madonna-and-child-enthroned-with-saints-1505.jpg,0.3687,0.4727,0.2915,1.9962,2.5581
adain,000000484029__Impressionism__pierre-auguste-renoir_leaving-the-bath-1890.jpg,0.337,0.7154,0.2552,2.9241,0.8688
adain,000000484029__Mannerism_Late_Renaissance__tintoretto_st-mark-rescuing-a-saracen-from-shipwreck-1566.jpg,0.2852,0.5933,0.237,2.5493,1.5116
adain,000000484029__Minimalism__mario-schifano_untitled-1963.jpg,0.3389,1.0239,0.394,3.233,1.3451
adain,000000484029__Naive_Art_Primitivism__marc-chagall_the-young-samuel-the-priest-s-servant-heard-that-he-is-called-by-god-eli-and-he-were-sleeping.jpg,0.1563,0.6499,0.098,2.7388,0.6106
adain,000000484029__Northern_Renaissance__albrecht-durer_lamentation-over-christ-1507.jpg,0.1744,0.5843,0.116,2.3592,2.1796
adain,000000484029__Pop_Art__peter-max_composition-red-green-1979.jpg,0.2981,0.5453,0.3934,2.4415,2.151
adain,000000484029__Post_Impressionism__vincent-van-gogh_restaurant-de-la-sirene-at-asnieres-1887.jpg,0.1896,0.6414,0.1083,2.5267,1.6617
adain,000000484029__Realism__vincent-van-gogh_cottage-with-peasant-coming-home-1885(1).jpg,0.3439,0.5657,0.2659,2.259,0.5703
adain,000000484029__Rococo__dmitry-levitzky_portrait-of-baron-a-n-stroganoff.jpg,0.3994,0.6451,0.3713,2.6052,0.5394
adain,000000484029__Romanticism__gustave-dore_paradise-lost-4.jpg,0.2963,0.5914,0.1984,2.4463,1.1876
adain,000000484029__Symbolism__nicholas-roerich_language-of-forest-1922.jpg,0.3274,0.5625,0.2487,2.306,1.3721
adain,000000484029__Ukiyo_e__kitagawa-utamaro_not_detected_233134.jpg,0.2647,0.5983,0.2693,2.3529,2.1893
adain,000000485844__Abstract_Expressionism__paul-jenkins_not_detected_235703.jpg,0.4293,0.5728,0.385,2.76,1.2072
adain,000000485844__Art_Nouveau_Modern__nicholas-roerich_oze-1914.jpg,0.3588,0.559,0.3069,2.7487,1.0139
adain,000000485844__Baroque__rembrandt_portrait-of-nicolas-van-bambeeck-1641.jpg,0.3467,0.702,0.3184,3.0008,0.8606
adain,000000485844__Color_Field_Painting__leon-berkowitz_dark-light-rose-gold-1978.jpg,0.2703,0.7916,0.2112,3.5901,0.5683
adain,000000485844__Cubism__salvador-dali_cubist-composition-portrait-of-a-seated-person-holding-a-letter.jpg,0.3806,0.8868,0.3204,2.8412,0.6224
adain,000000485844__Early_Renaissance__pietro-perugino_st-jerome-who-attends-two-unfairly-hanged-1473.jpg,0.3753,0.5846,0.271,2.3828,1.4912
adain,000000485844__Expressionism__amedeo-modigliani_germaine-survage-with-earrings-1918.jpg,0.3492,0.7556,0.2816,2.6861,0.7918
adain,000000485844__High_Renaissance__raphael_madonna-and-child-enthroned-with-saints-1505.jpg,0.4169,0.5276,0.3624,2.1354,2.6191
adain,000000485844__Impressionism__pierre-auguste-renoir_leaving-the-bath-1890.jpg,0.3269,0.7358,0.2431,2.9738,0.9489
adain,000000485844__Mannerism_Late_Renaissance__tintoretto_st-mark-rescuing-a-saracen-from-shipwreck-1566.jpg,0.2872,0.6038,0.2031,2.7422,1.4309
adain,000000485844__Minimalism__mario-schifano_untitled-1963.jpg,0.2879,1.1187,0.3194,3.2932,1.0969
adain,000000485844__Naive_Art_Primitivism__marc-chagall_the-young-samuel-the-priest-s-servant-heard-that-he-is-called-by-god-eli-and-he-were-sleeping.jpg,0.185,0.6125,0.1174,2.7804,0.7085
adain,000000485844__Northern_Renaissance__albrecht-durer_lamentation-over-christ-1507.jpg,0.2173,0.5847,0.1487,2.5675,2.3036
adain,000000485844__Pop_Art__peter-max_composition-red-green-1979.jpg,0.2759,0.6642,0.3358,2.8983,1.9462
adain,000000485844__Post_Impressionism__vincent-van-gogh_restaurant-de-la-sirene-at-asnieres-1887.jpg,0.228,0.6516,0.1513,2.584,1.8089
adain,000000485844__Realism__vincent-van-gogh_cottage-with-peasant-coming-home-1885(1).jpg,0.3663,0.6044,0.3021,2.512,0.5242
adain,000000485844__Rococo__dmitry-levitzky_portrait-of-baron-a-n-stroganoff.jpg,0.3535,0.6897,0.3505,2.7624,0.5456
adain,000000485844__Romanticism__gustave-dore_paradise-lost-4.jpg,0.2927,0.5777,0.1973,2.5287,1.3367
adain,000000485844__Symbolism__nicholas-roerich_language-of-forest-1922.jpg,0.3338,0.5773,0.2729,2.6023,1.3417
adain,000000485844__Ukiyo_e__kitagawa-utamaro_not_detected_233134.jpg,0.2756,0.669,0.2739,2.7509,2.2867
adain,000000510329__Abstract_Expressionism__paul-jenkins_not_detected_235703.jpg,0.4314,0.5507,0.429,2.6199,1.0898
adain,000000510329__Art_Nouveau_Modern__nicholas-roerich_oze-1914.jpg,0.3496,0.572,0.324,2.462,1.1373
adain,000000510329__Baroque__rembrandt_portrait-of-nicolas-van-bambeeck-1641.jpg,0.3266,0.6225,0.3913,2.8587,0.7497
adain,000000510329__Color_Field_Painting__leon-berkowitz_dark-light-rose-gold-1978.jpg,0.2949,0.8162,0.2899,3.639,0.5189
adain,000000510329__Cubism__salvador-dali_cubist-composition-portrait-of-a-seated-person-holding-a-letter.jpg,0.4024,0.73,0.3895,2.6028,0.5633
adain,000000510329__Early_Renaissance__pietro-perugino_st-jerome-who-attends-two-unfairly-hanged-1473.jpg,0.3218,0.5296,0.2592,2.2699,1.3969
adain,000000510329__Expressionism__amedeo-modigliani_germaine-survage-with-earrings-1918.jpg,0.3792,0.6434,0.3423,2.3795,0.8064
adain,000000510329__High_Renaissance__raphael_madonna-and-child-enthroned-with-saints-1505.jpg,0.3419,0.5098,0.3075,2.2321,2.4136
adain,000000510329__Impressionism__pierre-auguste-renoir_leaving-the-bath-1890.jpg,0.3734,0.6249,0.3343,2.6655,0.7967
adain,000000510329__Mannerism_Late_Renaissance__tintoretto_st-mark-rescuing-a-saracen-from-shipwreck-1566.jpg,0.2489,0.5496,0.2367,2.368,1.3865
adain,000000510329__Minimalism__mario-schifano_untitled-1963.jpg,0.3432,0.9544,0.3469,3.1746,1.3474
adain,000000510329__Naive_Art_Primitivism__marc-chagall_the-young-samuel-the-priest-s-servant-heard-that-he-is-called-by-god-eli-and-he-were-sleeping.jpg,0.188,0.5764,0.1355,2.5692,0.6198
adain,000000510329__Northern_Renaissance__albrecht-durer_lamentation-over-christ-1507.jpg,0.1952,0.5287,0.1398,2.3221,2.2539
adain,000000510329__Pop_Art__peter-max_composition-red-green-1979.jpg,0.3305,0.5466,0.4061,2.6391,2.0552
adain,000000510329__Post_Impressionism__vincent-van-gogh_restaurant-de-la-sirene-at-asnieres-1887.jpg,0.2004,0.5932,0.1308,2.5026,1.7183
adain,000000510329__Realism__vincent-van-gogh_cottage-with-peasant-coming-home-1885(1).jpg,0.3846,0.4656,0.3285,2.0011,0.5149
adain,000000510329__Rococo__dmitry-levitzky_portrait-of-baron-a-n-stroganoff.jpg,0.3264,0.6106,0.4235,2.5361,0.5218
adain,000000510329__Romanticism__gustave-dore_paradise-lost-4.jpg,0.2538,0.565,0.2177,2.4202,1.1365
adain,000000510329__Symbolism__nicholas-roerich_language-of-forest-1922.jpg,0.3044,0.5771,0.2815,2.3969,1.3201
adain,000000510329__Ukiyo_e__kitagawa-utamaro_not_detected_233134.jpg,0.311,0.5529,0.3655,2.395,2.0681
adain,000000520659__Abstract_Expressionism__paul-jenkins_not_detected_235703.jpg,0.3258,0.64,0.2708,2.9588,1.2029
adain,000000520659__Art_Nouveau_Modern__nicholas-roerich_oze-1914.jpg,0.3099,0.6527,0.3033,2.5578,1.0646
adain,000000520659__Baroque__rembrandt_portrait-of-nicolas-van-bambeeck-1641.jpg,0.3077,0.6434,0.2861,3.1674,0.8186
adain,000000520659__Color_Field_Painting__leon-berkowitz_dark-light-rose-gold-1978.jpg,0.2086,0.9401,0.2128,3.6594,0.5533
adain,000000520659__Cubism__salvador-dali_cubist-composition-portrait-of-a-seated-person-holding-a-letter.jpg,0.2862,0.6546,0.2861,2.9105,0.5772
adain,000000520659__Early_Renaissance__pietro-perugino_st-jerome-who-attends-two-unfairly-hanged-1473.jpg,0.2742,0.6228,0.265,2.6448,1.6328
adain,000000520659__Expressionism__amedeo-modigliani_germaine-survage-with-earrings-1918.jpg,0.276,0.7709,0.2719,2.8516,0.916
adain,000000520659__High_Renaissance__raphael_madonna-and-child-enthroned-with-saints-1505.jpg,0.3131,0.5151,0.29,2.3269,2.6397
adain,000000520659__Impressionism__pierre-auguste-renoir_leaving-the-bath-1890.jpg,0.2564,0.7299,0.2542,3.0855,0.8476
adain,000000520659__Mannerism_Late_Renaissance__tintoretto_st-mark-rescuing-a-saracen-from-shipwreck-1566.jpg,0.2866,0.6009,0.2628,2.5416,1.6395
adain,000000520659__Minimalism__mario-schifano_untitled-1963.jpg,0.216,0.9619,0.2186,3.4738,1.3091
adain,000000520659__Naive_Art_Primitivism__marc-chagall_the-young-samuel-the-priest-s-servant-heard-that-he-is-called-by-god-eli-and-he-were-sleeping.jpg,0.1204,0.6783,0.1102,2.9848,0.6628
adain,000000520659__Northern_Renaissance__albrecht-durer_lamentation-over-christ-1507.jpg,0.1546,0.5826,0.1164,2.5026,2.3857
adain,000000520659__Pop_Art__peter-max_composition-red-green-1979.jpg,0.1668,0.6329,0.2494,2.8615,2.1669
adain,000000520659__Post_Impressionism__vincent-van-gogh_restaurant-de-la-sirene-at-asnieres-1887.jpg,0.1426,0.6819,0.1227,2.782,1.7463
adain,000000520659__Realism__vincent-van-gogh_cottage-with-peasant-coming-home-1885(1).jpg,0.2732,0.5378,0.2628,2.4759,0.5298
adain,000000520659__Rococo__dmitry-levitzky_portrait-of-baron-a-n-stroganoff.jpg,0.2968,0.645,0.3017,2.8516,0.6269
adain,000000520659__Romanticism__gustave-dore_paradise-lost-4.jpg,0.2568,0.6021,0.2189,2.6985,1.1562
adain,000000520659__Symbolism__nicholas-roerich_language-of-forest-1922.jpg,0.2478,0.6879,0.2676,2.6267,1.3567
adain,000000520659__Ukiyo_e__kitagawa-utamaro_not_detected_233134.jpg,0.1699,0.6824,0.2377,2.699,2.3112
adain,000000529105__Abstract_Expressionism__paul-jenkins_not_detected_235703.jpg,0.154,0.8075,0.1456,3.0893,1.2925
adain,000000529105__Art_Nouveau_Modern__nicholas-roerich_oze-1914.jpg,0.1749,0.8489,0.1624,2.9217,1.1759
adain,000000529105__Baroque__rembrandt_portrait-of-nicolas-van-bambeeck-1641.jpg,0.1489,0.659,0.157,2.9031,0.7638
adain,000000529105__Color_Field_Painting__leon-berkowitz_dark-light-rose-gold-1978.jpg,0.1332,1.0242,0.1661,3.4966,0.5428
adain,000000529105__Cubism__salvador-dali_cubist-composition-portrait-of-a-seated-person-holding-a-letter.jpg,0.1934,0.5897,0.1769,2.7691,0.6893
adain,000000529105__Early_Renaissance__pietro-perugino_st-jerome-who-attends-two-unfairly-hanged-1473.jpg,0.1667,0.7582,0.18,2.9454,1.723
adain,000000529105__Expressionism__amedeo-modigliani_germaine-survage-with-earrings-1918.jpg,0.1866,0.8532,0.1856,2.7736,0.9108
adain,000000529105__High_Renaissance__raphael_madonna-and-child-enthroned-with-saints-1505.jpg,0.1636,0.7337,0.15,2.9197,2.7147
adain,000000529105__Impressionism__pierre-auguste-renoir_leaving-the-bath-1890.jpg,0.1888,0.8102,0.1852,2.8688,0.9003
adain,000000529105__Mannerism_Late_Renaissance__tintoretto_st-mark-rescuing-a-saracen-from-shipwreck-1566.jpg,0.1432,0.7551,0.1678,2.8089,1.5274
adain,000000529105__Minimalism__mario-schifano_untitled-1963.jpg,0.1261,0.9036,0.0779,3.4141,1.5248
adain,000000529105__Naive_Art_Primitivism__marc-chagall_the-young-samuel-the-priest-s-servant-heard-that-he-is-called-by-god-eli-and-he-were-sleeping.jpg,0.1138,0.712,0.1445,2.6563,0.6856
adain,000000529105__Northern_Renaissance__albrecht-durer_lamentation-over-christ-1507.jpg,0.1038,0.7258,0.1171,2.8948,2.5626
adain,000000529105__Pop_Art__peter-max_composition-red-green-1979.jpg,0.1004,0.7724,0.0995,3.1684,1.9721
adain,000000529105__Post_Impressionism__vincent-van-gogh_restaurant-de-la-sirene-at-asnieres-1887.jpg,0.1191,0.7842,0.1318,2.9275,1.7687
adain,000000529105__Realism__vincent-van-gogh_cottage-with-peasant-coming-home-1885(1).jpg,0.1897,0.6165,0.1835,2.5952,0.5561
adain,000000529105__Rococo__dmitry-levitzky_portrait-of-baron-a-n-stroganoff.jpg,0.1466,0.7279,0.1609,2.8618,0.5156
adain,000000529105__Romanticism__gustave-dore_paradise-lost-4.jpg,0.1333,0.6949,0.1728,2.6498,1.2245
adain,000000529105__Symbolism__nicholas-roerich_language-of-forest-1922.jpg,0.1675,0.8516,0.1751,2.9297,1.3375
adain,000000529105__Ukiyo_e__kitagawa-utamaro_not_detected_233134.jpg,0.1221,0.8038,0.1343,2.9131,2.3528
adain,000000529966__Abstract_Expressionism__paul-jenkins_not_detected_235703.jpg,0.4002,0.6035,0.4398,2.4495,1.2454
adain,000000529966__Art_Nouveau_Modern__nicholas-roerich_oze-1914.jpg,0.3376,0.6824,0.3552,2.6584,1.1133
adain,000000529966__Baroque__rembrandt_portrait-of-nicolas-van-bambeeck-1641.jpg,0.2775,0.7424,0.4052,3.012,0.7806
adain,000000529966__Color_Field_Painting__leon-berkowitz_dark-light-rose-gold-1978.jpg,0.381,0.7886,0.2622,3.5486,0.5229
adain,000000529966__Cubism__salvador-dali_cubist-composition-portrait-of-a-seated-person-holding-a-letter.jpg,0.4639,0.8343,0.3434,2.4213,0.5948
adain,000000529966__Early_Renaissance__pietro-perugino_st-jerome-who-attends-two-unfairly-hanged-1473.jpg,0.2709,0.6087,0.1934,2.4913,1.4566
adain,000000529966__Expressionism__amedeo-modigliani_germaine-survage-with-earrings-1918.jpg,0.3783,0.6597,0.2778,2.3338,0.9068
adain,000000529966__High_Renaissance__raphael_madonna-and-child-enthroned-with-saints-1505.jpg,0.3118,0.618,0.2758,2.4929,2.7932
adain,000000529966__Impressionism__pierre-auguste-renoir_leaving-the-bath-1890.jpg,0.4106,0.6358,0.2878,2.6563,0.9143
adain,000000529966__Mannerism_Late_Renaissance__tintoretto_st-mark-rescuing-a-saracen-from-shipwreck-1566.jpg,0.19,0.6663,0.2177,2.6386,1.4116
adain,000000529966__Minimalism__mario-schifano_untitled-1963.jpg,0.5603,0.9562,0.5626,3.2386,1.2188
adain,000000529966__Naive_Art_Primitivism__marc-chagall_the-young-samuel-the-priest-s-servant-heard-that-he-is-called-by-god-eli-and-he-were-sleeping.jpg,0.1909,0.732,0.117,2.8407,0.6762
adain,000000529966__Northern_Renaissance__albrecht-durer_lamentation-over-christ-1507.jpg,0.148,0.7255,0.0922,2.6933,2.3423
adain,000000529966__Pop_Art__peter-max_composition-red-green-1979.jpg,0.5573,0.4588,0.5656,2.2026,2.2502
adain,000000529966__Post_Impressionism__vincent-van-gogh_restaurant-de-la-sirene-at-asnieres-1887.jpg,0.1989,0.7138,0.1214,2.8544,1.936
adain,000000529966__Realism__vincent-van-gogh_cottage-with-peasant-coming-home-1885(1).jpg,0.3768,0.6279,0.2633,2.4758,0.6726
adain,000000529966__Rococo__dmitry-levitzky_portrait-of-baron-a-n-stroganoff.jpg,0.2842,0.6481,0.4327,2.4235,0.5856
adain,000000529966__Romanticism__gustave-dore_paradise-lost-4.jpg,0.1822,0.7406,0.2085,2.6988,1.3094
adain,000000529966__Symbolism__nicholas-roerich_language-of-forest-1922.jpg,0.3143,0.6493,0.2407,2.6759,1.3858
adain,000000529966__Ukiyo_e__kitagawa-utamaro_not_detected_233134.jpg,0.4491,0.5515,0.3333,2.0934,2.4335
adain,000000546475__Abstract_Expressionism__paul-jenkins_not_detected_235703.jpg,0.5089,0.6391,0.5631,2.5135,1.0941
adain,000000546475__Art_Nouveau_Modern__nicholas-roerich_oze-1914.jpg,0.4986,0.6157,0.4257,2.1152,1.0351
adain,000000546475__Baroque__rembrandt_portrait-of-nicolas-van-bambeeck-1641.jpg,0.4837,0.5548,0.4921,2.5261,0.6982
adain,000000546475__Color_Field_Painting__leon-berkowitz_dark-light-rose-gold-1978.jpg,0.3806,0.8196,0.3166,3.4463,0.4818
adain,000000546475__Cubism__salvador-dali_cubist-composition-portrait-of-a-seated-person-holding-a-letter.jpg,0.5212,0.6608,0.4851,2.422,0.5746
adain,000000546475__Early_Renaissance__pietro-perugino_st-jerome-who-attends-two-unfairly-hanged-1473.jpg,0.3503,0.5658,0.2541,2.3533,1.4473
adain,000000546475__Expressionism__amedeo-modigliani_germaine-survage-with-earrings-1918.jpg,0.4578,0.5553,0.3577,2.2286,0.7378
adain,000000546475__High_Renaissance__raphael_madonna-and-child-enthroned-with-saints-1505.jpg,0.4092,0.5221,0.3227,2.0571,2.5345
adain,000000546475__Impressionism__pierre-auguste-renoir_leaving-the-bath-1890.jpg,0.4651,0.5574,0.4049,2.4108,0.7836
adain,000000546475__Mannerism_Late_Renaissance__tintoretto_st-mark-rescuing-a-saracen-from-shipwreck-1566.jpg,0.3217,0.6097,0.2765,2.3387,1.382
adain,000000546475__Minimalism__mario-schifano_untitled-1963.jpg,0.4328,0.7664,0.5035,2.999,1.209
adain,000000546475__Naive_Art_Primitivism__marc-chagall_the-young-samuel-the-priest-s-servant-heard-that-he-is-called-by-god-eli-and-he-were-sleeping.jpg,0.1722,0.7403,0.0925,2.7211,0.6087
adain,000000546475__Northern_Renaissance__albrecht-durer_lamentation-over-christ-1507.jpg,0.1751,0.7185,0.1031,2.5035,2.1746
adain,000000546475__Pop_Art__peter-max_composition-red-green-1979.jpg,0.3438,0.5877,0.4686,2.5655,2.0848
adain,000000546475__Post_Impressionism__vincent-van-gogh_restaurant-de-la-sirene-at-asnieres-1887.jpg,0.2002,0.6776,0.1238,2.6976,1.8414
adain,000000546475__Realism__vincent-van-gogh_cottage-with-peasant-coming-home-1885(1).jpg,0.393,0.5499,0.3086,2.2563,0.4971
adain,000000546475__Rococo__dmitry-levitzky_portrait-of-baron-a-n-stroganoff.jpg,0.4859,0.4587,0.4859,2.1029,0.4185
adain,000000546475__Romanticism__gustave-dore_paradise-lost-4.jpg,0.3122,0.6764,0.2307,2.3377,1.1075
adain,000000546475__Symbolism__nicholas-roerich_language-of-forest-1922.jpg,0.3442,0.6501,0.2919,2.4444,1.4113
adain,000000546475__Ukiyo_e__kitagawa-utamaro_not_detected_233134.jpg,0.3232,0.5768,0.3338,2.2779,2.1822
adain,000000560178__Abstract_Expressionism__paul-jenkins_not_detected_235703.jpg,0.5402,0.5668,0.6313,2.4443,0.9426
adain,000000560178__Art_Nouveau_Modern__nicholas-roerich_oze-1914.jpg,0.466,0.69,0.4239,2.6984,1.3093
adain,000000560178__Baroque__rembrandt_portrait-of-nicolas-van-bambeeck-1641.jpg,0.4775,0.6545,0.618,2.7021,0.7735
adain,000000560178__Color_Field_Painting__leon-berkowitz_dark-light-rose-gold-1978.jpg,0.431,0.9057,0.2547,3.4295,0.5438
adain,000000560178__Cubism__salvador-dali_cubist-composition-portrait-of-a-seated-person-holding-a-letter.jpg,0.5924,0.6889,0.4988,2.5301,0.6533
adain,000000560178__Early_Renaissance__pietro-perugino_st-jerome-who-attends-two-unfairly-hanged-1473.jpg,0.3122,0.6832,0.2089,2.6388,1.521
adain,000000560178__Expressionism__amedeo-modigliani_germaine-survage-with-earrings-1918.jpg,0.4509,0.7668,0.3489,2.4164,0.7537
adain,000000560178__High_Renaissance__raphael_madonna-and-child-enthroned-with-saints-1505.jpg,0.3259,0.6921,0.2448,2.8504,2.8361
adain,000000560178__Impressionism__pierre-auguste-renoir_leaving-the-bath-1890.jpg,0.4964,0.6838,0.3427,2.5315,0.8368
adain,000000560178__Mannerism_Late_Renaissance__tintoretto_st-mark-rescuing-a-saracen-from-shipwreck-1566.jpg,0.2366,0.7286,0.239,2.7955,1.4661
adain,000000560178__Minimalism__mario-schifano_untitled-1963.jpg,0.5493,1.0047,0.6578,3.2228,1.0328
adain,000000560178__Naive_Art_Primitivism__marc-chagall_the-young-samuel-the-priest-s-servant-heard-that-he-is-called-by-god-eli-and-he-were-sleeping.jpg,0.1766,0.7651,0.0797,2.7966,0.633
adain,000000560178__Northern_Renaissance__albrecht-durer_lamentation-over-christ-1507.jpg,0.1199,0.7815,0.0695,3.0665,2.5072
adain,000000560178__Pop_Art__peter-max_composition-red-green-1979.jpg,0.435,0.6485,0.5298,2.961,2.4196
adain,000000560178__Post_Impressionism__vincent-van-gogh_restaurant-de-la-sirene-at-asnieres-1887.jpg,0.1761,0.8105,0.093,3.0357,1.7836
adain,000000560178__Realism__vincent-van-gogh_cottage-with-peasant-coming-home-1885(1).jpg,0.3889,0.6584,0.2677,2.6117,0.4915
adain,000000560178__Rococo__dmitry-levitzky_portrait-of-baron-a-n-stroganoff.jpg,0.4646,0.6368,0.6937,2.2913,0.4484
adain,000000560178__Romanticism__gustave-dore_paradise-lost-4.jpg,0.2551,0.7474,0.2546,2.7744,1.1375
adain,000000560178__Symbolism__nicholas-roerich_language-of-forest-1922.jpg,0.3384,0.7084,0.2333,2.8737,1.3555
adain,000000560178__Ukiyo_e__kitagawa-utamaro_not_detected_233134.jpg,0.3466,0.7594,0.3381,2.8266,2.3474
adain,000000572517__Abstract_Expressionism__paul-jenkins_not_detected_235703.jpg,0.3467,0.6183,0.2535,2.7097,1.1283
adain,000000572517__Art_Nouveau_Modern__nicholas-roerich_oze-1914.jpg,0.3395,0.6067,0.2719,2.3757,1.1262
adain,000000572517__Baroque__rembrandt_portrait-of-nicolas-van-bambeeck-1641.jpg,0.3151,0.5485,0.2837,2.6338,0.7382
adain,000000572517__Color_Field_Painting__leon-berkowitz_dark-light-rose-gold-1978.jpg,0.2475,0.8804,0.2404,3.5804,0.5361
adain,000000572517__Cubism__salvador-dali_cubist-composition-portrait-of-a-seated-person-holding-a-letter.jpg,0.3616,0.5894,0.3079,2.4014,0.6119
adain,000000572517__Early_Renaissance__pietro-perugino_st-jerome-who-attends-two-unfairly-hanged-1473.jpg,0.3024,0.54,0.2713,2.2609,1.494
adain,000000572517__Expressionism__amedeo-modigliani_germaine-survage-with-earrings-1918.jpg,0.339,0.6319,0.3059,2.2488,0.8013
adain,000000572517__High_Renaissance__raphael_madonna-and-child-enthroned-with-saints-1505.jpg,0.3043,0.529,0.2547,2.3636,2.7422
adain,000000572517__Impressionism__pierre-auguste-renoir_leaving-the-bath-1890.jpg,0.3335,0.6173,0.2924,2.4956,0.839
adain,000000572517__Mannerism_Late_Renaissance__tintoretto_st-mark-rescuing-a-saracen-from-shipwreck-1566.jpg,0.2697,0.5365,0.2526,2.1609,1.4853
adain,000000572517__Minimalism__mario-schifano_untitled-1963.jpg,0.2497,0.8999,0.1532,3.2789,1.388
adain,000000572517__Naive_Art_Primitivism__marc-chagall_the-young-samuel-the-priest-s-servant-heard-that-he-is-called-by-god-eli-and-he-were-sleeping.jpg,0.1515,0.5634,0.1513,2.3722,0.6
adain,000000572517__Northern_Renaissance__albrecht-durer_lamentation-over-christ-1507.jpg,0.1475,0.5471,0.1178,2.2867,2.3996
adain,000000572517__Pop_Art__peter-max_composition-red-green-1979.jpg,0.1984,0.6449,0.2063,2.9104,1.8683
adain,000000572517__Post_Impressionism__vincent-van-gogh_restaurant-de-la-sirene-at-asnieres-1887.jpg,0.1686,0.5957,0.1487,2.4255,1.7556
adain,000000572517__Realism__vincent-van-gogh_cottage-with-peasant-coming-home-1885(1).jpg,0.3136,0.4414,0.2849,1.9866,0.5539
adain,000000572517__Rococo__dmitry-levitzky_portrait-of-baron-a-n-stroganoff.jpg,0.3133,0.5654,0.2929,2.4984,0.5465
adain,000000572517__Romanticism__gustave-dore_paradise-lost-4.jpg,0.2724,0.5101,0.2764,2.1522,1.0588
adain,000000572517__Symbolism__nicholas-roerich_language-of-forest-1922.jpg,0.2705,0.6404,0.2676,2.5497,1.2574
adain,000000572517__Ukiyo_e__kitagawa-utamaro_not_detected_233134.jpg,0.2115,0.6096,0.2447,2.5538,2.1781
cast,000000001818__Abstract_Expressionism__paul-jenkins_not_detected_235703.png,0.3405,0.5381,0.3115,2.316,1.1895
cast,000000001818__Art_Nouveau_Modern__nicholas-roerich_oze-1914.png,0.2969,0.5733,0.3203,2.5324,2.8458
cast,000000001818__Baroque__rembrandt_portrait-of-nicolas-van-bambeeck-1641.png,0.2101,0.6507,0.2412,2.5793,1.1851
cast,000000001818__Color_Field_Painting__leon-berkowitz_dark-light-rose-gold-1978.png,0.1273,0.8496,0.1676,3.1794,2.0231
cast,000000001818__Cubism__salvador-dali_cubist-composition-portrait-of-a-seated-person-holding-a-letter.png,0.2815,0.763,0.3079,2.4239,0.8707
cast,000000001818__Early_Renaissance__pietro-perugino_st-jerome-who-attends-two-unfairly-hanged-1473.png,0.4031,0.5614,0.4107,2.4298,2.4476
cast,000000001818__Expressionism__amedeo-modigliani_germaine-survage-with-earrings-1918.png,0.3009,0.6876,0.2979,2.308,1.2189
cast,000000001818__High_Renaissance__raphael_madonna-and-child-enthroned-with-saints-1505.png,0.4268,0.5117,0.4466,2.3202,3.9081
cast,000000001818__Impressionism__pierre-auguste-renoir_leaving-the-bath-1890.png,0.2649,0.6394,0.2585,2.4486,1.7148
cast,000000001818__Mannerism_Late_Renaissance__tintoretto_st-mark-rescuing-a-saracen-from-shipwreck-1566.png,0.4147,0.4981,0.3817,2.3347,2.07
cast,000000001818__Minimalism__mario-schifano_untitled-1963.png,0.106,1.1142,0.1144,3.1317,1.5499
cast,000000001818__Naive_Art_Primitivism__marc-chagall_the-young-samuel-the-priest-s-servant-heard-that-he-is-called-by-god-eli-and-he-were-sleeping.png,0.106,1.1142,0.1144,3.1317,7.26
cast,000000001818__Northern_Renaissance__albrecht-durer_lamentation-over-christ-1507.png,0.5025,0.4543,0.4551,2.2132,3.4569
cast,000000001818__Pop_Art__peter-max_composition-red-green-1979.png,0.2389,0.6304,0.1888,2.6364,3.3959
cast,000000001818__Post_Impressionism__vincent-van-gogh_restaurant-de-la-sirene-at-asnieres-1887.png,0.3183,0.6166,0.2021,2.6771,6.5
cast,000000001818__Realism__vincent-van-gogh_cottage-with-peasant-coming-home-1885(1).png,0.4161,0.4952,0.4008,2.1127,2.9448
cast,000000001818__Rococo__dmitry-levitzky_portrait-of-baron-a-n-stroganoff.png,0.2008,0.6851,0.2567,2.6117,1.272
cast,000000001818__Romanticism__gustave-dore_paradise-lost-4.png,0.3349,0.4465,0.2774,2.2581,1.1844
cast,000000001818__Symbolism__nicholas-roerich_language-of-forest-1922.png,0.3316,0.6005,0.3796,2.4741,2.6679
cast,000000001818__Ukiyo_e__kitagawa-utamaro_not_detected_233134.png,0.3086,0.5741,0.2006,2.3903,2.4657
cast,000000009448__Abstract_Expressionism__paul-jenkins_not_detected_235703.png,0.3485,0.4341,0.4538,1.778,1.4477
cast,000000009448__Art_Nouveau_Modern__nicholas-roerich_oze-1914.png,0.3641,0.5018,0.4624,1.8954,2.1276
cast,000000009448__Baroque__rembrandt_portrait-of-nicolas-van-bambeeck-1641.png,0.2585,0.6878,0.4281,2.2361,1.1327
cast,000000009448__Color_Field_Painting__leon-berkowitz_dark-light-rose-gold-1978.png,0.2401,0.7822,0.3261,2.7027,2.5041
cast,000000009448__Cubism__salvador-dali_cubist-composition-portrait-of-a-seated-person-holding-a-letter.png,0.3619,0.708,0.4939,1.9924,1.307
cast,000000009448__Early_Renaissance__pietro-perugino_st-jerome-who-attends-two-unfairly-hanged-1473.png,0.3693,0.5262,0.4125,1.7859,2.8578
cast,000000009448__Expressionism__amedeo-modigliani_germaine-survage-with-earrings-1918.png,0.3087,0.7037,0.421,1.9104,1.8546
cast,000000009448__High_Renaissance__raphael_madonna-and-child-enthroned-with-saints-1505.png,0.3803,0.5269,0.4318,1.8935,3.2273
cast,000000009448__Impressionism__pierre-auguste-renoir_leaving-the-bath-1890.png,0.3449,0.6416,0.431,2.0102,2.4545
cast,000000009448__Mannerism_Late_Renaissance__tintoretto_st-mark-rescuing-a-saracen-from-shipwreck-1566.png,0.3039,0.5632,0.4001,2.0464,1.5263
cast,000000009448__Minimalism__mario-schifano_untitled-1963.png,0.2201,1.1108,0.351,2.7929,1.8528
cast,000000009448__Naive_Art_Primitivism__marc-chagall_the-young-samuel-the-priest-s-servant-heard-that-he-is-called-by-god-eli-and-he-were-sleeping.png,0.2201,1.1108,0.351,2.7929,7.1474
cast,000000009448__Northern_Renaissance__albrecht-durer_lamentation-over-christ-1507.png,0.2255,0.6015,0.1398,2.3383,2.6418
cast,000000009448__Pop_Art__peter-max_composition-red-green-1979.png,0.3477,0.4988,0.4588,1.896,3.2593
cast,000000009448__Post_Impressionism__vincent-van-gogh_restaurant-de-la-sirene-at-asnieres-1887.png,0.2313,0.6753,0.163,2.5698,6.2629
cast,000000009448__Realism__vincent-van-gogh_cottage-with-peasant-coming-home-1885(1).png,0.3876,0.5561,0.4572,1.8531,2.9762
cast,000000009448__Rococo__dmitry-levitzky_portrait-of-baron-a-n-stroganoff.png,0.2655,0.6516,0.4467,1.919,1.2685
cast,000000009448__Romanticism__gustave-dore_paradise-lost-4.png,0.2914,0.5649,0.408,2.2251,0.9343
cast,000000009448__Symbolism__nicholas-roerich_language-of-forest-1922.png,0.3487,0.5084,0.3829,1.9634,2.6838
cast,000000009448__Ukiyo_e__kitagawa-utamaro_not_detected_233134.png,0.3532,0.5902,0.409,1.9552,1.6693
cast,000000072795__Abstract_Expressionism__paul-jenkins_not_detected_235703.png,0.4667,0.4958,0.3454,2.3648,1.6078
cast,000000072795__Art_Nouveau_Modern__nicholas-roerich_oze-1914.png,0.4537,0.5415,0.4428,2.2532,3.1822
cast,000000072795__Baroque__rembrandt_portrait-of-nicolas-van-bambeeck-1641.png,0.3824,0.5655,0.3425,2.5445,0.7824
cast,000000072795__Color_Field_Painting__leon-berkowitz_dark-light-rose-gold-1978.png,0.2479,0.9043,0.2632,3.2109,2.0212
cast,000000072795__Cubism__salvador-dali_cubist-composition-portrait-of-a-seated-person-holding-a-letter.png,0.4205,0.6128,0.3982,2.3576,1.276
cast,000000072795__Early_Renaissance__pietro-perugino_st-jerome-who-attends-two-unfairly-hanged-1473.png,0.4893,0.5147,0.3987,2.3252,2.5391
cast,000000072795__Expressionism__amedeo-modigliani_germaine-survage-with-earrings-1918.png,0.4143,0.6384,0.3365,2.4602,1.1882
cast,000000072795__High_Renaissance__raphael_madonna-and-child-enthroned-with-saints-1505.png,0.5273,0.4512,0.4384,2.0898,3.1177
cast,000000072795__Impressionism__pierre-auguste-renoir_leaving-the-bath-1890.png,0.3735,0.5952,0.3011,2.4898,1.2213
cast,000000072795__Mannerism_Late_Renaissance__tintoretto_st-mark-rescuing-a-saracen-from-shipwreck-1566.png,0.539,0.4817,0.4563,2.168,2.2283
cast,000000072795__Minimalism__mario-schifano_untitled-1963.png,0.1987,1.0339,0.1838,3.2551,1.2057
cast,000000072795__Naive_Art_Primitivism__marc-chagall_the-young-samuel-the-priest-s-servant-heard-that-he-is-called-by-god-eli-and-he-were-sleeping.png,0.1987,1.0339,0.1838,3.2551,7.0622
cast,000000072795__Northern_Renaissance__albrecht-durer_lamentation-over-christ-1507.png,0.3495,0.5654,0.2054,2.4934,2.3074
cast,000000072795__Pop_Art__peter-max_composition-red-green-1979.png,0.2608,0.5312,0.2586,2.4631,4.051
cast,000000072795__Post_Impressionism__vincent-van-gogh_restaurant-de-la-sirene-at-asnieres-1887.png,0.2671,0.6745,0.0934,2.8622,4.8712
cast,000000072795__Realism__vincent-van-gogh_cottage-with-peasant-coming-home-1885(1).png,0.4661,0.4603,0.3727,2.2238,2.0974
cast,000000072795__Rococo__dmitry-levitzky_portrait-of-baron-a-n-stroganoff.png,0.3811,0.546,0.3693,2.3408,1.6292
cast,000000072795__Romanticism__gustave-dore_paradise-lost-4.png,0.4913,0.5343,0.3982,2.6313,0.6924
cast,000000072795__Symbolism__nicholas-roerich_language-of-forest-1922.png,0.418,0.5309,0.3796,2.3472,2.2681
cast,000000072795__Ukiyo_e__kitagawa-utamaro_not_detected_233134.png,0.2961,0.6245,0.2051,2.6464,2.542
cast,000000078420__Abstract_Expressionism__paul-jenkins_not_detected_235703.png,0.6402,0.5206,0.6017,2.1279,1.3938
cast,000000078420__Art_Nouveau_Modern__nicholas-roerich_oze-1914.png,0.5129,0.5638,0.5084,2.3339,1.9352
cast,000000078420__Baroque__rembrandt_portrait-of-nicolas-van-bambeeck-1641.png,0.5161,0.61,0.4952,2.6106,1.1152
cast,000000078420__Color_Field_Painting__leon-berkowitz_dark-light-rose-gold-1978.png,0.4079,0.7218,0.4473,3.101,2.0626
cast,000000078420__Cubism__salvador-dali_cubist-composition-portrait-of-a-seated-person-holding-a-letter.png,0.5573,0.7957,0.6112,2.3981,0.7362
cast,000000078420__Early_Renaissance__pietro-perugino_st-jerome-who-attends-two-unfairly-hanged-1473.png,0.5981,0.4514,0.5141,2.1794,3.0274
cast,000000078420__Expressionism__amedeo-modigliani_germaine-survage-with-earrings-1918.png,0.6189,0.537,0.5892,2.1242,1.4518
cast,000000078420__High_Renaissance__raphael_madonna-and-child-enthroned-with-saints-1505.png,0.5994,0.4527,0.4698,2.0916,3.9225
cast,000000078420__Impressionism__pierre-auguste-renoir_leaving-the-bath-1890.png,0.5568,0.4987,0.5669,2.2356,1.9279
cast,000000078420__Mannerism_Late_Renaissance__tintoretto_st-mark-rescuing-a-saracen-from-shipwreck-1566.png,0.5549,0.4984,0.4296,2.3004,1.7902
cast,000000078420__Minimalism__mario-schifano_untitled-1963.png,0.3827,0.9264,0.4153,3.0827,1.45
cast,000000078420__Naive_Art_Primitivism__marc-chagall_the-young-samuel-the-priest-s-servant-heard-that-he-is-called-by-god-eli-and-he-were-sleeping.png,0.3827,0.9264,0.4153,3.0827,6.7898
cast,000000078420__Northern_Renaissance__albrecht-durer_lamentation-over-christ-1507.png,0.3486,0.5663,0.2236,2.3802,2.5252
cast,000000078420__Pop_Art__peter-max_composition-red-green-1979.png,0.4058,0.5267,0.5129,2.3325,3.0291
cast,000000078420__Post_Impressionism__vincent-van-gogh_restaurant-de-la-sirene-at-asnieres-1887.png,0.3422,0.5981,0.2129,2.4842,5.9072
cast,000000078420__Realism__vincent-van-gogh_cottage-with-peasant-coming-home-1885(1).png,0.6134,0.452,0.5712,2.0103,2.5986
cast,000000078420__Rococo__dmitry-levitzky_portrait-of-baron-a-n-stroganoff.png,0.5094,0.5439,0.5193,2.3886,1.1681
cast,000000078420__Romanticism__gustave-dore_paradise-lost-4.png,0.5078,0.5959,0.4414,2.5123,1.1042
cast,000000078420__Symbolism__nicholas-roerich_language-of-forest-1922.png,0.5102,0.5415,0.4918,2.3202,2.7415
cast,000000078420__Ukiyo_e__kitagawa-utamaro_not_detected_233134.png,0.4372,0.4804,0.4668,2.1935,1.4462
cast,000000085682__Abstract_Expressionism__paul-jenkins_not_detected_235703.png,0.5709,0.4996,0.4722,2.5575,1.0989
cast,000000085682__Art_Nouveau_Modern__nicholas-roerich_oze-1914.png,0.5744,0.5836,0.4659,2.8134,1.8304
cast,000000085682__Baroque__rembrandt_portrait-of-nicolas-van-bambeeck-1641.png,0.4684,0.7418,0.4043,2.9598,0.6668
cast,000000085682__Color_Field_Painting__leon-berkowitz_dark-light-rose-gold-1978.png,0.3953,0.8831,0.2855,3.3097,1.577
cast,000000085682__Cubism__salvador-dali_cubist-composition-portrait-of-a-seated-person-holding-a-letter.png,0.6094,0.7668,0.498,2.6279,1.096
cast,000000085682__Early_Renaissance__pietro-perugino_st-jerome-who-attends-two-unfairly-hanged-1473.png,0.5956,0.5607,0.4208,2.4393,1.7114
cast,000000085682__Expressionism__amedeo-modigliani_germaine-survage-with-earrings-1918.png,0.5095,0.8208,0.3949,2.6369,0.8231
cast,000000085682__High_Renaissance__raphael_madonna-and-child-enthroned-with-saints-1505.png,0.6162,0.5528,0.4766,2.4798,4.2058
cast,000000085682__Impressionism__pierre-auguste-renoir_leaving-the-bath-1890.png,0.5458,0.7199,0.4248,2.5943,1.3864
cast,000000085682__Mannerism_Late_Renaissance__tintoretto_st-mark-rescuing-a-saracen-from-shipwreck-1566.png,0.4713,0.6249,0.3732,2.8068,1.6529
cast,000000085682__Minimalism__mario-schifano_untitled-1963.png,0.382,1.152,0.3309,3.2628,1.1635
cast,000000085682__Naive_Art_Primitivism__marc-chagall_the-young-samuel-the-priest-s-servant-heard-that-he-is-called-by-god-eli-and-he-were-sleeping.png,0.382,1.152,0.3309,3.2628,7.479
cast,000000085682__Northern_Renaissance__albrecht-durer_lamentation-over-christ-1507.png,0.2844,0.6376,0.1797,2.8781,3.6065
cast,000000085682__Pop_Art__peter-max_composition-red-green-1979.png,0.487,0.5854,0.4938,2.5447,3.2828
cast,000000085682__Post_Impressionism__vincent-van-gogh_restaurant-de-la-sirene-at-asnieres-1887.png,0.2724,0.7296,0.1692,2.9468,5.416
cast,000000085682__Realism__vincent-van-gogh_cottage-with-peasant-coming-home-1885(1).png,0.636,0.575,0.5163,2.3768,1.4392
cast,000000085682__Rococo__dmitry-levitzky_portrait-of-baron-a-n-stroganoff.png,0.4568,0.7475,0.3799,2.7279,0.7839
cast,000000085682__Romanticism__gustave-dore_paradise-lost-4.png,0.473,0.6086,0.3701,2.8798,0.516
cast,000000085682__Symbolism__nicholas-roerich_language-of-forest-1922.png,0.4865,0.6411,0.3443,2.9406,1.8089
cast,000000085682__Ukiyo_e__kitagawa-utamaro_not_detected_233134.png,0.5023,0.68,0.4213,2.4989,2.6291
cast,000000094157__Abstract_Expressionism__paul-jenkins_not_detected_235703.png,0.5481,0.5818,0.399,2.398,1.3848
cast,000000094157__Art_Nouveau_Modern__nicholas-roerich_oze-1914.png,0.4187,0.6557,0.2359,2.8698,2.8506
cast,000000094157__Baroque__rembrandt_portrait-of-nicolas-van-bambeeck-1641.png,0.3815,0.7111,0.3251,2.7559,0.7198
cast,000000094157__Color_Field_Painting__leon-berkowitz_dark-light-rose-gold-1978.png,0.3856,0.8171,0.2286,3.0745,1.6211
cast,000000094157__Cubism__salvador-dali_cubist-composition-portrait-of-a-seated-person-holding-a-letter.png,0.608,0.775,0.4562,2.4698,1.4313
cast,000000094157__Early_Renaissance__pietro-perugino_st-jerome-who-attends-two-unfairly-hanged-1473.png,0.5922,0.5801,0.3768,2.5037,2.2823
cast,000000094157__Expressionism__amedeo-modigliani_germaine-survage-with-earrings-1918.png,0.5307,0.7838,0.3629,2.4539,1.3097
cast,000000094157__High_Renaissance__raphael_madonna-and-child-enthroned-with-saints-1505.png,0.5774,0.5763,0.38,2.482,4.2878
cast,000000094157__Impressionism__pierre-auguste-renoir_leaving-the-bath-1890.png,0.5995,0.6748,0.4145,2.4451,1.6952
cast,000000094157__Mannerism_Late_Renaissance__tintoretto_st-mark-rescuing-a-saracen-from-shipwreck-1566.png,0.3423,0.6667,0.211,2.7995,2.3635
cast,000000094157__Minimalism__mario-schifano_untitled-1963.png,0.493,1.0333,0.4855,2.8707,0.9049
cast,000000094157__Naive_Art_Primitivism__marc-chagall_the-young-samuel-the-priest-s-servant-heard-that-he-is-called-by-god-eli-and-he-were-sleeping.png,0.493,1.0333,0.4855,2.8707,6.8688
cast,000000094157__Northern_Renaissance__albrecht-durer_lamentation-over-christ-1507.png,0.2879,0.6506,0.155,2.6988,6.2323
cast,000000094157__Pop_Art__peter-max_composition-red-green-1979.png,0.6069,0.5174,0.5606,2.2802,5.4202
cast,000000094157__Post_Impressionism__vincent-van-gogh_restaurant-de-la-sirene-at-asnieres-1887.png,0.3127,0.722,0.1362,2.7106,5.8131
cast,000000094157__Realism__vincent-van-gogh_cottage-with-peasant-coming-home-1885(1).png,0.6764,0.5315,0.4861,2.1722,2.0647
cast,000000094157__Rococo__dmitry-levitzky_portrait-of-baron-a-n-stroganoff.png,0.3957,0.7262,0.3617,2.6452,1.3081
cast,000000094157__Romanticism__gustave-dore_paradise-lost-4.png,0.2605,0.6597,0.165,2.8436,0.9025
cast,000000094157__Symbolism__nicholas-roerich_language-of-forest-1922.png,0.3902,0.6587,0.2272,2.8373,1.849
cast,000000094157__Ukiyo_e__kitagawa-utamaro_not_detected_233134.png,0.5819,0.6593,0.3959,2.3974,3.3201
cast,000000098633__Abstract_Expressionism__paul-jenkins_not_detected_235703.png,0.6708,0.5047,0.6756,2.0994,1.4404
cast,000000098633__Art_Nouveau_Modern__nicholas-roerich_oze-1914.png,0.446,0.5639,0.3789,2.4207,1.763
cast,000000098633__Baroque__rembrandt_portrait-of-nicolas-van-bambeeck-1641.png,0.5772,0.6189,0.6257,2.4288,0.9768
cast,000000098633__Color_Field_Painting__leon-berkowitz_dark-light-rose-gold-1978.png,0.4783,0.7209,0.5039,2.7239,2.0374
cast,000000098633__Cubism__salvador-dali_cubist-composition-portrait-of-a-seated-person-holding-a-letter.png,0.6165,0.7455,0.6101,2.1742,0.8632
cast,000000098633__Early_Renaissance__pietro-perugino_st-jerome-who-attends-two-unfairly-hanged-1473.png,0.4582,0.4477,0.3377,2.0073,3.2324
cast,000000098633__Expressionism__amedeo-modigliani_germaine-survage-with-earrings-1918.png,0.5705,0.6038,0.4545,2.0491,1.4805
cast,000000098633__High_Renaissance__raphael_madonna-and-child-enthroned-with-saints-1505.png,0.4503,0.5059,0.3029,2.2363,3.9474
cast,000000098633__Impressionism__pierre-auguste-renoir_leaving-the-bath-1890.png,0.5505,0.5284,0.471,2.077,1.8204
cast,000000098633__Mannerism_Late_Renaissance__tintoretto_st-mark-rescuing-a-saracen-from-shipwreck-1566.png,0.3883,0.5584,0.286,2.3959,1.0745
cast,000000098633__Minimalism__mario-schifano_untitled-1963.png,0.4643,0.9992,0.5293,2.9688,1.2504
cast,000000098633__Naive_Art_Primitivism__marc-chagall_the-young-samuel-the-priest-s-servant-heard-that-he-is-called-by-god-eli-and-he-were-sleeping.png,0.4643,0.9992,0.5293,2.9688,7.1794
cast,000000098633__Northern_Renaissance__albrecht-durer_lamentation-over-christ-1507.png,0.2014,0.6852,0.1216,2.7754,2.4808
cast,000000098633__Pop_Art__peter-max_composition-red-green-1979.png,0.4507,0.5047,0.5224,2.197,3.1507
cast,000000098633__Post_Impressionism__vincent-van-gogh_restaurant-de-la-sirene-at-asnieres-1887.png,0.2099,0.7249,0.1016,2.8502,6.1258
cast,000000098633__Realism__vincent-van-gogh_cottage-with-peasant-coming-home-1885(1).png,0.5012,0.5193,0.3724,2.1606,2.9145
cast,000000098633__Rococo__dmitry-levitzky_portrait-of-baron-a-n-stroganoff.png,0.5794,0.5146,0.6342,2.0061,1.5638
cast,000000098633__Romanticism__gustave-dore_paradise-lost-4.png,0.3846,0.644,0.3584,2.7129,0.8265
cast,000000098633__Symbolism__nicholas-roerich_language-of-forest-1922.png,0.3851,0.579,0.2901,2.4545,2.7469
cast,000000098633__Ukiyo_e__kitagawa-utamaro_not_detected_233134.png,0.4178,0.5858,0.3853,2.3114,1.9196
cast,000000106912__Abstract_Expressionism__paul-jenkins_not_detected_235703.png,0.5999,0.4721,0.6045,2.2298,1.9353
cast,000000106912__Art_Nouveau_Modern__nicholas-roerich_oze-1914.png,0.3697,0.6473,0.2602,2.8961,1.9565
cast,000000106912__Baroque__rembrandt_portrait-of-nicolas-van-bambeeck-1641.png,0.4408,0.6602,0.5651,2.5914,0.7746
cast,000000106912__Color_Field_Painting__leon-berkowitz_dark-light-rose-gold-1978.png,0.4759,0.7346,0.4747,2.9278,1.8899
cast,000000106912__Cubism__salvador-dali_cubist-composition-portrait-of-a-seated-person-holding-a-letter.png,0.6595,0.7392,0.6583,2.4348,1.3618
cast,000000106912__Early_Renaissance__pietro-perugino_st-jerome-who-attends-two-unfairly-hanged-1473.png,0.4126,0.5783,0.2902,2.5206,2.768
cast,000000106912__Expressionism__amedeo-modigliani_germaine-survage-with-earrings-1918.png,0.5619,0.7013,0.5495,2.3077,1.3078
cast,000000106912__High_Renaissance__raphael_madonna-and-child-enthroned-with-saints-1505.png,0.3783,0.6203,0.2408,2.6301,4.2615
cast,000000106912__Impressionism__pierre-auguste-renoir_leaving-the-bath-1890.png,0.6134,0.6316,0.5694,2.4302,1.5843
cast,000000106912__Mannerism_Late_Renaissance__tintoretto_st-mark-rescuing-a-saracen-from-shipwreck-1566.png,0.2811,0.6652,0.2299,2.8633,1.8872
cast,000000106912__Minimalism__mario-schifano_untitled-1963.png,0.5511,0.987,0.5849,2.8995,1.1694
cast,000000106912__Naive_Art_Primitivism__marc-chagall_the-young-samuel-the-priest-s-servant-heard-that-he-is-called-by-god-eli-and-he-were-sleeping.png,0.5511,0.987,0.5849,2.8995,6.9818
cast,000000106912__Northern_Renaissance__albrecht-durer_lamentation-over-christ-1507.png,0.166,0.736,0.0791,2.8979,5.1437
cast,000000106912__Pop_Art__peter-max_composition-red-green-1979.png,0.5984,0.5276,0.6044,2.3803,4.5438
cast,000000106912__Post_Impressionism__vincent-van-gogh_restaurant-de-la-sirene-at-asnieres-1887.png,0.1975,0.7511,0.0898,2.9416,5.1095
cast,000000106912__Realism__vincent-van-gogh_cottage-with-peasant-coming-home-1885(1).png,0.5414,0.5678,0.4188,2.3564,1.6098
cast,000000106912__Rococo__dmitry-levitzky_portrait-of-baron-a-n-stroganoff.png,0.4368,0.6571,0.5592,2.4792,1.2042
cast,000000106912__Romanticism__gustave-dore_paradise-lost-4.png,0.2596,0.6793,0.2186,2.7949,0.7439
cast,000000106912__Symbolism__nicholas-roerich_language-of-forest-1922.png,0.3711,0.6587,0.2719,2.9135,2.3107
cast,000000106912__Ukiyo_e__kitagawa-utamaro_not_detected_233134.png,0.5399,0.6264,0.4551,2.383,2.5343
cast,000000116208__Abstract_Expressionism__paul-jenkins_not_detected_235703.png,0.4758,0.4852,0.3893,2.3,0.9749
cast,000000116208__Art_Nouveau_Modern__nicholas-roerich_oze-1914.png,0.4952,0.5009,0.4734,2.1766,1.9617
cast,000000116208__Baroque__rembrandt_portrait-of-nicolas-van-bambeeck-1641.png,0.3923,0.5943,0.3909,2.5933,0.9913
cast,000000116208__Color_Field_Painting__leon-berkowitz_dark-light-rose-gold-1978.png,0.2724,0.8003,0.3002,3.0987,2.5736
cast,000000116208__Cubism__salvador-dali_cubist-composition-portrait-of-a-seated-person-holding-a-letter.png,0.4716,0.6758,0.4464,2.3175,0.7285
cast,000000116208__Early_Renaissance__pietro-perugino_st-jerome-who-attends-two-unfairly-hanged-1473.png,0.6001,0.429,0.5457,1.9997,2.9446
cast,000000116208__Expressionism__amedeo-modigliani_germaine-survage-with-earrings-1918.png,0.4694,0.614,0.431,2.2416,1.022
cast,000000116208__High_Renaissance__raphael_madonna-and-child-enthroned-with-saints-1505.png,0.6264,0.4017,0.5739,1.8991,2.5458
cast,000000116208__Impressionism__pierre-auguste-renoir_leaving-the-bath-1890.png,0.4513,0.5429,0.4263,2.2533,1.7056
cast,000000116208__Mannerism_Late_Renaissance__tintoretto_st-mark-rescuing-a-saracen-from-shipwreck-1566.png,0.5609,0.4505,0.4948,2.0488,1.5172
cast,000000116208__Minimalism__mario-schifano_untitled-1963.png,0.2513,0.9835,0.2316,3.0556,1.4955
cast,000000116208__Naive_Art_Primitivism__marc-chagall_the-young-samuel-the-priest-s-servant-heard-that-he-is-called-by-god-eli-and-he-were-sleeping.png,0.2513,0.9835,0.2316,3.0556,6.8978
cast,000000116208__Northern_Renaissance__albrecht-durer_lamentation-over-christ-1507.png,0.4854,0.5029,0.3456,2.3279,2.1311
cast,000000116208__Pop_Art__peter-max_composition-red-green-1979.png,0.3741,0.4761,0.3869,2.1718,2.9729
cast,000000116208__Post_Impressionism__vincent-van-gogh_restaurant-de-la-sirene-at-asnieres-1887.png,0.3649,0.623,0.2241,2.7224,6.2231
cast,000000116208__Realism__vincent-van-gogh_cottage-with-peasant-coming-home-1885(1).png,0.5908,0.4261,0.5337,1.9918,2.5771
cast,000000116208__Rococo__dmitry-levitzky_portrait-of-baron-a-n-stroganoff.png,0.3847,0.5637,0.4157,2.3225,1.622
cast,000000116208__Romanticism__gustave-dore_paradise-lost-4.png,0.4838,0.5203,0.4213,2.5457,0.8211
cast,000000116208__Symbolism__nicholas-roerich_language-of-forest-1922.png,0.5093,0.4972,0.5103,2.1254,1.9243
cast,000000116208__Ukiyo_e__kitagawa-utamaro_not_detected_233134.png,0.4281,0.528,0.3802,2.2099,1.8206
cast,000000135872__Abstract_Expressionism__paul-jenkins_not_detected_235703.png,0.6221,0.4676,0.5825,2.0317,1.0808
cast,000000135872__Art_Nouveau_Modern__nicholas-roerich_oze-1914.png,0.5977,0.4981,0.5699,2.1232,1.973
cast,000000135872__Baroque__rembrandt_portrait-of-nicolas-van-bambeeck-1641.png,0.5426,0.5057,0.5531,2.4249,0.843
cast,000000135872__Color_Field_Painting__leon-berkowitz_dark-light-rose-gold-1978.png,0.4403,0.7753,0.44,2.9123,2.086
cast,000000135872__Cubism__salvador-dali_cubist-composition-portrait-of-a-seated-person-holding-a-letter.png,0.6047,0.6301,0.6087,2.0843,1.0139
cast,000000135872__Early_Renaissance__pietro-perugino_st-jerome-who-attends-two-unfairly-hanged-1473.png,0.5942,0.4551,0.548,2.0738,1.811
cast,000000135872__Expressionism__amedeo-modigliani_germaine-survage-with-earrings-1918.png,0.5706,0.6041,0.5171,2.1252,1.1331
cast,000000135872__High_Renaissance__raphael_madonna-and-child-enthroned-with-saints-1505.png,0.6316,0.4121,0.5429,1.8502,2.7059
cast,000000135872__Impressionism__pierre-auguste-renoir_leaving-the-bath-1890.png,0.5582,0.5544,0.5372,2.168,1.6212
cast,000000135872__Mannerism_Late_Renaissance__tintoretto_st-mark-rescuing-a-saracen-from-shipwreck-1566.png,0.5521,0.4815,0.4646,2.0957,1.4562
cast,000000135872__Minimalism__mario-schifano_untitled-1963.png,0.4089,0.9349,0.4073,2.8822,1.1658
cast,000000135872__Naive_Art_Primitivism__marc-chagall_the-young-samuel-the-priest-s-servant-heard-that-he-is-called-by-god-eli-and-he-were-sleeping.png,0.4089,0.9349,0.4073,2.8822,7.0816
cast,000000135872__Northern_Renaissance__albrecht-durer_lamentation-over-christ-1507.png,0.2792,0.5853,0.1797,2.3819,2.0878
cast,000000135872__Pop_Art__peter-max_composition-red-green-1979.png,0.4103,0.4818,0.5008,2.1385,2.4316
cast,000000135872__Post_Impressionism__vincent-van-gogh_restaurant-de-la-sirene-at-asnieres-1887.png,0.251,0.6539,0.1152,2.6276,5.3295
cast,000000135872__Realism__vincent-van-gogh_cottage-with-peasant-coming-home-1885(1).png,0.5761,0.4291,0.5171,1.9171,2.241
cast,000000135872__Rococo__dmitry-levitzky_portrait-of-baron-a-n-stroganoff.png,0.5283,0.4926,0.5566,2.1358,1.2237
cast,000000135872__Romanticism__gustave-dore_paradise-lost-4.png,0.5455,0.4906,0.4765,2.3433,0.8666
cast,000000135872__Symbolism__nicholas-roerich_language-of-forest-1922.png,0.5021,0.552,0.4239,2.2341,1.4673
cast,000000135872__Ukiyo_e__kitagawa-utamaro_not_detected_233134.png,0.4361,0.5688,0.4414,2.133,1.5154
cast,000000196442__Abstract_Expressionism__paul-jenkins_not_detected_235703.png,0.4876,0.5552,0.5603,2.4104,1.26
cast,000000196442__Art_Nouveau_Modern__nicholas-roerich_oze-1914.png,0.3522,0.6699,0.3286,3.1786,2.0988
cast,000000196442__Baroque__rembrandt_portrait-of-nicolas-van-bambeeck-1641.png,0.3269,0.739,0.5557,2.8277,0.8498
cast,000000196442__Color_Field_Painting__leon-berkowitz_dark-light-rose-gold-1978.png,0.5012,0.8405,0.4558,2.7147,1.6599
cast,000000196442__Cubism__salvador-dali_cubist-composition-portrait-of-a-seated-person-holding-a-letter.png,0.5845,0.8016,0.4652,2.4349,1.1455
cast,000000196442__Early_Renaissance__pietro-perugino_st-jerome-who-attends-two-unfairly-hanged-1473.png,0.3033,0.6838,0.1818,2.9709,2.4798
cast,000000196442__Expressionism__amedeo-modigliani_germaine-survage-with-earrings-1918.png,0.4726,0.8059,0.3708,2.503,0.9255
cast,000000196442__High_Renaissance__raphael_madonna-and-child-enthroned-with-saints-1505.png,0.2683,0.6578,0.1709,3.0884,4.9617
cast,000000196442__Impressionism__pierre-auguste-renoir_leaving-the-bath-1890.png,0.573,0.7176,0.3772,2.6203,1.2498
cast,000000196442__Mannerism_Late_Renaissance__tintoretto_st-mark-rescuing-a-saracen-from-shipwreck-1566.png,0.1698,0.688,0.1986,3.2085,1.808
cast,000000196442__Minimalism__mario-schifano_untitled-1963.png,0.6659,1.0319,0.7548,2.3815,1.1384
cast,000000196442__Naive_Art_Primitivism__marc-chagall_the-young-samuel-the-priest-s-servant-heard-that-he-is-called-by-god-eli-and-he-were-sleeping.png,0.6659,1.0319,0.7548,2.3815,6.5582
cast,000000196442__Northern_Renaissance__albrecht-durer_lamentation-over-christ-1507.png,0.1278,0.6869,0.0466,3.0271,4.5536
cast,000000196442__Pop_Art__peter-max_composition-red-green-1979.png,0.6631,0.5626,0.5616,2.5787,4.7847
cast,000000196442__Post_Impressionism__vincent-van-gogh_restaurant-de-la-sirene-at-asnieres-1887.png,0.2019,0.7618,0.0826,2.903,5.5799
cast,000000196442__Realism__vincent-van-gogh_cottage-with-peasant-coming-home-1885(1).png,0.4255,0.6083,0.2415,2.6234,1.6192
cast,000000196442__Rococo__dmitry-levitzky_portrait-of-baron-a-n-stroganoff.png,0.3101,0.7648,0.4996,2.8474,0.9098
cast,000000196442__Romanticism__gustave-dore_paradise-lost-4.png,0.1944,0.6837,0.2326,2.8087,0.6221
cast,000000196442__Symbolism__nicholas-roerich_language-of-forest-1922.png,0.3568,0.7014,0.1988,3.0479,1.9333
cast,000000196442__Ukiyo_e__kitagawa-utamaro_not_detected_233134.png,0.5373,0.6798,0.3508,2.5043,3.0513
cast,000000210388__Abstract_Expressionism__paul-jenkins_not_detected_235703.png,0.592,0.572,0.4404,2.2493,0.9772
cast,000000210388__Art_Nouveau_Modern__nicholas-roerich_oze-1914.png,0.3926,0.6791,0.244,2.9052,2.3467
cast,000000210388__Baroque__rembrandt_portrait-of-nicolas-van-bambeeck-1641.png,0.4149,0.726,0.4525,2.7088,0.6412
cast,000000210388__Color_Field_Painting__leon-berkowitz_dark-light-rose-gold-1978.png,0.4801,0.8109,0.3505,2.8876,2.1211
cast,000000210388__Cubism__salvador-dali_cubist-composition-portrait-of-a-seated-person-holding-a-letter.png,0.6349,0.8008,0.4327,2.6194,1.108
cast,000000210388__Early_Renaissance__pietro-perugino_st-jerome-who-attends-two-unfairly-hanged-1473.png,0.4556,0.6442,0.2202,2.6349,1.8519
cast,000000210388__Expressionism__amedeo-modigliani_germaine-survage-with-earrings-1918.png,0.549,0.8062,0.3415,2.2281,1.0856
cast,000000210388__High_Renaissance__raphael_madonna-and-child-enthroned-with-saints-1505.png,0.3843,0.6438,0.2078,2.605,5.883
cast,000000210388__Impressionism__pierre-auguste-renoir_leaving-the-bath-1890.png,0.6208,0.7179,0.391,2.4305,1.5262
cast,000000210388__Mannerism_Late_Renaissance__tintoretto_st-mark-rescuing-a-saracen-from-shipwreck-1566.png,0.2483,0.6745,0.1777,2.8507,2.4013
cast,000000210388__Minimalism__mario-schifano_untitled-1963.png,0.6043,0.9652,0.7226,2.649,1.1918
cast,000000210388__Naive_Art_Primitivism__marc-chagall_the-young-samuel-the-priest-s-servant-heard-that-he-is-called-by-god-eli-and-he-were-sleeping.png,0.6043,0.9652,0.7226,2.649,6.7973
cast,000000210388__Northern_Renaissance__albrecht-durer_lamentation-over-christ-1507.png,0.1795,0.7021,0.0903,2.9809,6.2646
cast,000000210388__Pop_Art__peter-max_composition-red-green-1979.png,0.6945,0.5199,0.6212,2.3658,5.7216
cast,000000210388__Post_Impressionism__vincent-van-gogh_restaurant-de-la-sirene-at-asnieres-1887.png,0.2369,0.746,0.1208,2.8236,7.2094
cast,000000210388__Realism__vincent-van-gogh_cottage-with-peasant-coming-home-1885(1).png,0.6267,0.5893,0.3287,2.2782,1.2545
cast,000000210388__Rococo__dmitry-levitzky_portrait-of-baron-a-n-stroganoff.png,0.4016,0.7288,0.3924,2.4218,0.9075
cast,000000210388__Romanticism__gustave-dore_paradise-lost-4.png,0.2376,0.6851,0.1407,2.9054,0.6939
cast,000000210388__Symbolism__nicholas-roerich_language-of-forest-1922.png,0.3915,0.7187,0.2075,2.7923,1.9568
cast,000000210388__Ukiyo_e__kitagawa-utamaro_not_detected_233134.png,0.6111,0.6708,0.3798,2.1436,3.0797
cast,000000226171__Abstract_Expressionism__paul-jenkins_not_detected_235703.png,0.5955,0.5137,0.6352,2.0564,1.6614
cast,000000226171__Art_Nouveau_Modern__nicholas-roerich_oze-1914.png,0.4181,0.6556,0.4313,2.4638,2.5544
cast,000000226171__Baroque__rembrandt_portrait-of-nicolas-van-bambeeck-1641.png,0.4581,0.5167,0.5507,2.4516,0.9894
cast,000000226171__Color_Field_Painting__leon-berkowitz_dark-light-rose-gold-1978.png,0.3995,0.8087,0.4967,2.9038,2.9762
cast,000000226171__Cubism__salvador-dali_cubist-composition-portrait-of-a-seated-person-holding-a-letter.png,0.566,0.572,0.6581,2.2344,1.5057
cast,000000226171__Early_Renaissance__pietro-perugino_st-jerome-who-attends-two-unfairly-hanged-1473.png,0.4583,0.5353,0.4097,2.2291,1.9413
cast,000000226171__Expressionism__amedeo-modigliani_germaine-survage-with-earrings-1918.png,0.5363,0.5897,0.5686,2.0928,1.8187
cast,000000226171__High_Renaissance__raphael_madonna-and-child-enthroned-with-saints-1505.png,0.4509,0.5325,0.3521,2.2377,2.219
cast,000000226171__Impressionism__pierre-auguste-renoir_leaving-the-bath-1890.png,0.5246,0.553,0.5601,2.1588,2.2386
cast,000000226171__Mannerism_Late_Renaissance__tintoretto_st-mark-rescuing-a-saracen-from-shipwreck-1566.png,0.3764,0.5965,0.3048,2.4624,2.7233
cast,000000226171__Minimalism__mario-schifano_untitled-1963.png,0.4128,0.7725,0.4755,2.7701,1.6332
cast,000000226171__Naive_Art_Primitivism__marc-chagall_the-young-samuel-the-priest-s-servant-heard-that-he-is-called-by-god-eli-and-he-were-sleeping.png,0.4128,0.7725,0.4755,2.7701,7.4901
cast,000000226171__Northern_Renaissance__albrecht-durer_lamentation-over-christ-1507.png,0.2504,0.6531,0.1508,2.5695,2.606
cast,000000226171__Pop_Art__peter-max_composition-red-green-1979.png,0.4195,0.4802,0.5206,2.1667,3.4422
cast,000000226171__Post_Impressionism__vincent-van-gogh_restaurant-de-la-sirene-at-asnieres-1887.png,0.242,0.6952,0.1222,2.6564,5.0881
cast,000000226171__Realism__vincent-van-gogh_cottage-with-peasant-coming-home-1885(1).png,0.4955,0.4926,0.4474,2.1763,2.587
cast,000000226171__Rococo__dmitry-levitzky_portrait-of-baron-a-n-stroganoff.png,0.4555,0.505,0.5795,2.2526,1.6004
cast,000000226171__Romanticism__gustave-dore_paradise-lost-4.png,0.3679,0.6217,0.3614,2.5885,0.8953
cast,000000226171__Symbolism__nicholas-roerich_language-of-forest-1922.png,0.4253,0.626,0.4474,2.4008,1.5782
cast,000000226171__Ukiyo_e__kitagawa-utamaro_not_detected_233134.png,0.4089,0.5761,0.4023,2.1753,2.1993
cast,000000235857__Abstract_Expressionism__paul-jenkins_not_detected_235703.png,0.3814,0.5436,0.3098,2.4569,1.169
cast,000000235857__Art_Nouveau_Modern__nicholas-roerich_oze-1914.png,0.3682,0.6506,0.298,2.6398,3.1237
cast,000000235857__Baroque__rembrandt_portrait-of-nicolas-van-bambeeck-1641.png,0.2796,0.5578,0.2707,2.698,0.6399
cast,000000235857__Color_Field_Painting__leon-berkowitz_dark-light-rose-gold-1978.png,0.2461,0.8508,0.2436,3.1479,1.9528
cast,000000235857__Cubism__salvador-dali_cubist-composition-portrait-of-a-seated-person-holding-a-letter.png,0.4167,0.5719,0.3575,2.313,1.2744
cast,000000235857__Early_Renaissance__pietro-perugino_st-jerome-who-attends-two-unfairly-hanged-1473.png,0.4643,0.5057,0.3657,2.2386,1.5652
cast,000000235857__Expressionism__amedeo-modigliani_germaine-survage-with-earrings-1918.png,0.437,0.5573,0.3734,2.1521,1.065
cast,000000235857__High_Renaissance__raphael_madonna-and-child-enthroned-with-saints-1505.png,0.4774,0.528,0.3629,2.3987,4.4703
cast,000000235857__Impressionism__pierre-auguste-renoir_leaving-the-bath-1890.png,0.4218,0.5245,0.3542,2.2389,1.4398
cast,000000235857__Mannerism_Late_Renaissance__tintoretto_st-mark-rescuing-a-saracen-from-shipwreck-1566.png,0.3998,0.5493,0.2858,2.5152,2.1543
cast,000000235857__Minimalism__mario-schifano_untitled-1963.png,0.2214,0.8307,0.1234,3.1004,0.9537
cast,000000235857__Naive_Art_Primitivism__marc-chagall_the-young-samuel-the-priest-s-servant-heard-that-he-is-called-by-god-eli-and-he-were-sleeping.png,0.2214,0.8307,0.1234,3.1004,6.5916
cast,000000235857__Northern_Renaissance__albrecht-durer_lamentation-over-christ-1507.png,0.3347,0.6496,0.2038,2.8226,3.6618
cast,000000235857__Pop_Art__peter-max_composition-red-green-1979.png,0.3354,0.5262,0.2887,2.3935,4.2028
cast,000000235857__Post_Impressionism__vincent-van-gogh_restaurant-de-la-sirene-at-asnieres-1887.png,0.3373,0.6616,0.1821,2.8874,5.7789
cast,000000235857__Realism__vincent-van-gogh_cottage-with-peasant-coming-home-1885(1).png,0.4935,0.4558,0.4029,2.1266,1.6932
cast,000000235857__Rococo__dmitry-levitzky_portrait-of-baron-a-n-stroganoff.png,0.2847,0.5056,0.2921,2.3083,1.0739
cast,000000235857__Romanticism__gustave-dore_paradise-lost-4.png,0.3554,0.6037,0.3124,2.651,0.7236
cast,000000235857__Symbolism__nicholas-roerich_language-of-forest-1922.png,0.4085,0.6227,0.3658,2.6027,1.6702
cast,000000235857__Ukiyo_e__kitagawa-utamaro_not_detected_233134.png,0.3754,0.579,0.3136,2.3274,2.8144
cast,000000272364__Abstract_Expressionism__paul-jenkins_not_detected_235703.png,0.4091,0.5005,0.32,2.407,1.0724
cast,000000272364__Art_Nouveau_Modern__nicholas-roerich_oze-1914.png,0.4355,0.4835,0.3483,2.3442,2.7846
cast,000000272364__Baroque__rembrandt_portrait-of-nicolas-van-bambeeck-1641.png,0.2681,0.6228,0.2512,2.6402,1.1396
cast,000000272364__Color_Field_Painting__leon-berkowitz_dark-light-rose-gold-1978.png,0.2345,0.7978,0.2027,3.2286,2.1186
cast,000000272364__Cubism__salvador-dali_cubist-composition-portrait-of-a-seated-person-holding-a-letter.png,0.444,0.7263,0.3587,2.4561,0.7384
cast,000000272364__Early_Renaissance__pietro-perugino_st-jerome-who-attends-two-unfairly-hanged-1473.png,0.5471,0.4452,0.4662,2.1188,2.0174
cast,000000272364__Expressionism__amedeo-modigliani_germaine-survage-with-earrings-1918.png,0.4164,0.6231,0.3605,2.3047,1.007
cast,000000272364__High_Renaissance__raphael_madonna-and-child-enthroned-with-saints-1505.png,0.5815,0.4184,0.496,2.0653,3.189
cast,000000272364__Impressionism__pierre-auguste-renoir_leaving-the-bath-1890.png,0.4381,0.5436,0.3488,2.2979,1.3045
cast,000000272364__Mannerism_Late_Renaissance__tintoretto_st-mark-rescuing-a-saracen-from-shipwreck-1566.png,0.4473,0.4654,0.3727,2.2428,1.3502
cast,000000272364__Minimalism__mario-schifano_untitled-1963.png,0.2237,1.0551,0.1572,3.2222,1.3733
cast,000000272364__Naive_Art_Primitivism__marc-chagall_the-young-samuel-the-priest-s-servant-heard-that-he-is-called-by-god-eli-and-he-were-sleeping.png,0.2237,1.0551,0.1572,3.2222,6.928
cast,000000272364__Northern_Renaissance__albrecht-durer_lamentation-over-christ-1507.png,0.6252,0.4532,0.4526,2.402,2.6433
cast,000000272364__Pop_Art__peter-max_composition-red-green-1979.png,0.4394,0.4773,0.3227,2.2371,3.0298
cast,000000272364__Post_Impressionism__vincent-van-gogh_restaurant-de-la-sirene-at-asnieres-1887.png,0.4659,0.6176,0.292,2.8249,5.4348
cast,000000272364__Realism__vincent-van-gogh_cottage-with-peasant-coming-home-1885(1).png,0.6017,0.4384,0.4799,2.0559,2.9423
cast,000000272364__Rococo__dmitry-levitzky_portrait-of-baron-a-n-stroganoff.png,0.2684,0.6098,0.2844,2.4513,1.3756
cast,000000272364__Romanticism__gustave-dore_paradise-lost-4.png,0.3594,0.5189,0.2931,2.6581,0.9431
cast,000000272364__Symbolism__nicholas-roerich_language-of-forest-1922.png,0.5167,0.4866,0.4579,2.3183,1.9998
cast,000000272364__Ukiyo_e__kitagawa-utamaro_not_detected_233134.png,0.5014,0.5174,0.3529,2.3333,1.9563
cast,000000273132__Abstract_Expressionism__paul-jenkins_not_detected_235703.png,0.5762,0.4601,0.6016,2.1623,1.0281
cast,000000273132__Art_Nouveau_Modern__nicholas-roerich_oze-1914.png,0.5782,0.5394,0.5159,2.4398,2.3332
cast,000000273132__Baroque__rembrandt_portrait-of-nicolas-van-bambeeck-1641.png,0.4484,0.611,0.5136,2.5078,1.0782
cast,000000273132__Color_Field_Painting__leon-berkowitz_dark-light-rose-gold-1978.png,0.4484,0.8512,0.5386,2.9578,1.9917
cast,000000273132__Cubism__salvador-dali_cubist-composition-portrait-of-a-seated-person-holding-a-letter.png,0.7104,0.6375,0.682,2.2397,0.9036
cast,000000273132__Early_Renaissance__pietro-perugino_st-jerome-who-attends-two-unfairly-hanged-1473.png,0.5311,0.566,0.4583,2.3734,2.2656
cast,000000273132__Expressionism__amedeo-modigliani_germaine-survage-with-earrings-1918.png,0.5675,0.7037,0.6271,2.2948,1.2423
cast,000000273132__High_Renaissance__raphael_madonna-and-child-enthroned-with-saints-1505.png,0.5712,0.5031,0.4666,2.3225,2.4653
cast,000000273132__Impressionism__pierre-auguste-renoir_leaving-the-bath-1890.png,0.6336,0.6522,0.6181,2.4281,1.3578
cast,000000273132__Mannerism_Late_Renaissance__tintoretto_st-mark-rescuing-a-saracen-from-shipwreck-1566.png,0.4278,0.5441,0.4142,2.3648,1.6692
cast,000000273132__Minimalism__mario-schifano_untitled-1963.png,0.4471,0.9888,0.386,2.8874,0.7659
cast,000000273132__Naive_Art_Primitivism__marc-chagall_the-young-samuel-the-priest-s-servant-heard-that-he-is-called-by-god-eli-and-he-were-sleeping.png,0.4471,0.9888,0.386,2.8874,7.1634
cast,000000273132__Northern_Renaissance__albrecht-durer_lamentation-over-christ-1507.png,0.3729,0.475,0.1997,2.1668,2.105
cast,000000273132__Pop_Art__peter-max_composition-red-green-1979.png,0.53,0.5283,0.5336,2.4193,2.9963
cast,000000273132__Post_Impressionism__vincent-van-gogh_restaurant-de-la-sirene-at-asnieres-1887.png,0.3575,0.6597,0.1785,2.4136,5.4984
cast,000000273132__Realism__vincent-van-gogh_cottage-with-peasant-coming-home-1885(1).png,0.6522,0.4553,0.5509,1.9977,2.2033
cast,000000273132__Rococo__dmitry-levitzky_portrait-of-baron-a-n-stroganoff.png,0.4437,0.641,0.5397,2.5183,1.3909
cast,000000273132__Romanticism__gustave-dore_paradise-lost-4.png,0.4449,0.474,0.4579,2.0881,0.7704
cast,000000273132__Symbolism__nicholas-roerich_language-of-forest-1922.png,0.5706,0.5773,0.5144,2.4127,1.587
cast,000000273132__Ukiyo_e__kitagawa-utamaro_not_detected_233134.png,0.529,0.5937,0.445,2.278,1.533
cast,000000277051__Abstract_Expressionism__paul-jenkins_not_detected_235703.png,0.6313,0.507,0.6243,2.1361,0.9472
cast,000000277051__Art_Nouveau_Modern__nicholas-roerich_oze-1914.png,0.5709,0.5343,0.4438,2.3666,1.5565
cast,000000277051__Baroque__rembrandt_portrait-of-nicolas-van-bambeeck-1641.png,0.527,0.6738,0.5878,2.4954,0.8553
cast,000000277051__Color_Field_Painting__leon-berkowitz_dark-light-rose-gold-1978.png,0.5394,0.698,0.5415,2.7248,2.3475
cast,000000277051__Cubism__salvador-dali_cubist-composition-portrait-of-a-seated-person-holding-a-letter.png,0.6931,0.8243,0.6604,2.2689,0.6815
cast,000000277051__Early_Renaissance__pietro-perugino_st-jerome-who-attends-two-unfairly-hanged-1473.png,0.5575,0.4838,0.3795,2.052,1.4716
cast,000000277051__Expressionism__amedeo-modigliani_germaine-survage-with-earrings-1918.png,0.6353,0.6151,0.5462,2.0465,0.8813
cast,000000277051__High_Renaissance__raphael_madonna-and-child-enthroned-with-saints-1505.png,0.52,0.5277,0.3255,2.1514,3.0351
cast,000000277051__Impressionism__pierre-auguste-renoir_leaving-the-bath-1890.png,0.6728,0.5448,0.5531,2.0833,1.3621
cast,000000277051__Mannerism_Late_Renaissance__tintoretto_st-mark-rescuing-a-saracen-from-shipwreck-1566.png,0.4206,0.5794,0.2768,2.4816,1.1123
cast,000000277051__Minimalism__mario-schifano_untitled-1963.png,0.5305,1.035,0.5633,2.8258,1.1706
cast,000000277051__Naive_Art_Primitivism__marc-chagall_the-young-samuel-the-priest-s-servant-heard-that-he-is-called-by-god-eli-and-he-were-sleeping.png,0.5305,1.035,0.5633,2.8258,6.9619
cast,000000277051__Northern_Renaissance__albrecht-durer_lamentation-over-christ-1507.png,0.2573,0.7018,0.1241,2.7772,1.9839
cast,000000277051__Pop_Art__peter-max_composition-red-green-1979.png,0.5339,0.5156,0.5431,2.1301,3.0256
cast,000000277051__Post_Impressionism__vincent-van-gogh_restaurant-de-la-sirene-at-asnieres-1887.png,0.2824,0.7297,0.1288,2.8416,5.0908
cast,000000277051__Realism__vincent-van-gogh_cottage-with-peasant-coming-home-1885(1).png,0.6013,0.5505,0.4188,2.1225,2.0333
cast,000000277051__Rococo__dmitry-levitzky_portrait-of-baron-a-n-stroganoff.png,0.5307,0.5933,0.5787,2.1279,1.096
cast,000000277051__Romanticism__gustave-dore_paradise-lost-4.png,0.4077,0.6755,0.3176,2.7587,0.6569
cast,000000277051__Symbolism__nicholas-roerich_language-of-forest-1922.png,0.5244,0.5271,0.353,2.3484,1.4031
cast,000000277051__Ukiyo_e__kitagawa-utamaro_not_detected_233134.png,0.5281,0.5744,0.4425,2.1863,1.5551
cast,000000296969__Abstract_Expressionism__paul-jenkins_not_detected_235703.png,0.302,0.5663,0.1773,2.6382,1.0867
cast,000000296969__Art_Nouveau_Modern__nicholas-roerich_oze-1914.png,0.3732,0.5812,0.2409,2.4918,2.5664
cast,000000296969__Baroque__rembrandt_portrait-of-nicolas-van-bambeeck-1641.png,0.2408,0.5788,0.1621,2.6939,1.0332
cast,000000296969__Color_Field_Painting__leon-berkowitz_dark-light-rose-gold-1978.png,0.1806,0.8767,0.1478,3.338,1.6937
cast,000000296969__Cubism__salvador-dali_cubist-composition-portrait-of-a-seated-person-holding-a-letter.png,0.3638,0.6124,0.2555,2.5101,1.3058
cast,000000296969__Early_Renaissance__pietro-perugino_st-jerome-who-attends-two-unfairly-hanged-1473.png,0.4772,0.5218,0.3337,2.5683,2.0785
cast,000000296969__Expressionism__amedeo-modigliani_germaine-survage-with-earrings-1918.png,0.3517,0.6264,0.2512,2.5798,1.031
cast,000000296969__High_Renaissance__raphael_madonna-and-child-enthroned-with-saints-1505.png,0.5033,0.4973,0.3481,2.4553,4.3599
cast,000000296969__Impressionism__pierre-auguste-renoir_leaving-the-bath-1890.png,0.3598,0.5685,0.2431,2.6097,1.4178
cast,000000296969__Mannerism_Late_Renaissance__tintoretto_st-mark-rescuing-a-saracen-from-shipwreck-1566.png,0.4114,0.509,0.2782,2.4333,2.035
cast,000000296969__Minimalism__mario-schifano_untitled-1963.png,0.139,0.9983,0.0679,3.2304,1.2867
cast,000000296969__Naive_Art_Primitivism__marc-chagall_the-young-samuel-the-priest-s-servant-heard-that-he-is-called-by-god-eli-and-he-were-sleeping.png,0.139,0.9983,0.0679,3.2304,7.1686
cast,000000296969__Northern_Renaissance__albrecht-durer_lamentation-over-christ-1507.png,0.5202,0.543,0.3354,2.7759,3.642
cast,000000296969__Pop_Art__peter-max_composition-red-green-1979.png,0.2951,0.5587,0.178,2.7781,4.2524
cast,000000296969__Post_Impressionism__vincent-van-gogh_restaurant-de-la-sirene-at-asnieres-1887.png,0.4,0.6289,0.1984,3.0609,5.9968
cast,000000296969__Realism__vincent-van-gogh_cottage-with-peasant-coming-home-1885(1).png,0.5053,0.4609,0.3324,2.4037,2.1049
cast,000000296969__Rococo__dmitry-levitzky_portrait-of-baron-a-n-stroganoff.png,0.2333,0.5822,0.1709,2.5625,1.2522
cast,000000296969__Romanticism__gustave-dore_paradise-lost-4.png,0.3676,0.5324,0.2285,2.8121,0.8387
cast,000000296969__Symbolism__nicholas-roerich_language-of-forest-1922.png,0.4364,0.5838,0.3215,2.6166,1.7556
cast,000000296969__Ukiyo_e__kitagawa-utamaro_not_detected_233134.png,0.3707,0.5996,0.217,2.889,3.0981
cast,000000302107__Abstract_Expressionism__paul-jenkins_not_detected_235703.png,0.4989,0.5085,0.5226,2.1722,1.4847
cast,000000302107__Art_Nouveau_Modern__nicholas-roerich_oze-1914.png,0.4802,0.5523,0.4316,2.4347,1.7002
cast,000000302107__Baroque__rembrandt_portrait-of-nicolas-van-bambeeck-1641.png,0.3529,0.5864,0.4689,2.4946,1.1973
cast,000000302107__Color_Field_Painting__leon-berkowitz_dark-light-rose-gold-1978.png,0.3866,0.7971,0.4468,3.022,2.4282
cast,000000302107__Cubism__salvador-dali_cubist-composition-portrait-of-a-seated-person-holding-a-letter.png,0.5987,0.6691,0.5706,2.2635,0.9709
cast,000000302107__Early_Renaissance__pietro-perugino_st-jerome-who-attends-two-unfairly-hanged-1473.png,0.5301,0.4761,0.4193,2.1635,2.7827
cast,000000302107__Expressionism__amedeo-modigliani_germaine-survage-with-earrings-1918.png,0.5273,0.5867,0.5488,2.1203,1.1882
cast,000000302107__High_Renaissance__raphael_madonna-and-child-enthroned-with-saints-1505.png,0.5309,0.4618,0.4477,2.1008,3.1051
cast,000000302107__Impressionism__pierre-auguste-renoir_leaving-the-bath-1890.png,0.5922,0.511,0.5559,2.1274,1.5615
cast,000000302107__Mannerism_Late_Renaissance__tintoretto_st-mark-rescuing-a-saracen-from-shipwreck-1566.png,0.3673,0.552,0.3253,2.4808,1.3257
cast,000000302107__Minimalism__mario-schifano_untitled-1963.png,0.4025,0.9671,0.3215,2.9064,1.51
cast,000000302107__Naive_Art_Primitivism__marc-chagall_the-young-samuel-the-priest-s-servant-heard-that-he-is-called-by-god-eli-and-he-were-sleeping.png,0.4025,0.9671,0.3215,2.9064,7.0316
cast,000000302107__Northern_Renaissance__albrecht-durer_lamentation-over-christ-1507.png,0.3166,0.6177,0.1466,2.6888,2.5053
cast,000000302107__Pop_Art__peter-max_composition-red-green-1979.png,0.5546,0.4555,0.5145,2.1388,3.4987
cast,000000302107__Post_Impressionism__vincent-van-gogh_restaurant-de-la-sirene-at-asnieres-1887.png,0.3328,0.6907,0.1652,2.8214,6.5758
cast,000000302107__Realism__vincent-van-gogh_cottage-with-peasant-coming-home-1885(1).png,0.6242,0.446,0.5006,1.9995,2.446
cast,000000302107__Rococo__dmitry-levitzky_portrait-of-baron-a-n-stroganoff.png,0.3481,0.5531,0.4792,2.2794,1.4468
cast,000000302107__Romanticism__gustave-dore_paradise-lost-4.png,0.3548,0.5836,0.3445,2.6142,0.6919
cast,000000302107__Symbolism__nicholas-roerich_language-of-forest-1922.png,0.5249,0.5238,0.4356,2.3295,2.4544
cast,000000302107__Ukiyo_e__kitagawa-utamaro_not_detected_233134.png,0.5812,0.5329,0.4836,2.0423,1.5801
cast,000000322944__Abstract_Expressionism__paul-jenkins_not_detected_235703.png,0.7205,0.4284,0.6758,1.8016,1.7481
cast,000000322944__Art_Nouveau_Modern__nicholas-roerich_oze-1914.png,0.5901,0.4558,0.5493,2.0995,1.9217
cast,000000322944__Baroque__rembrandt_portrait-of-nicolas-van-bambeeck-1641.png,0.6958,0.5525,0.6064,1.992,1.421
cast,000000322944__Color_Field_Painting__leon-berkowitz_dark-light-rose-gold-1978.png,0.4131,0.7744,0.3719,2.888,1.9593
cast,000000322944__Cubism__salvador-dali_cubist-composition-portrait-of-a-seated-person-holding-a-letter.png,0.5798,0.7642,0.5191,2.0013,1.1561
cast,000000322944__Early_Renaissance__pietro-perugino_st-jerome-who-attends-two-unfairly-hanged-1473.png,0.5493,0.5279,0.4244,2.0785,3.5282
cast,000000322944__Expressionism__amedeo-modigliani_germaine-survage-with-earrings-1918.png,0.5747,0.6378,0.4001,1.8278,1.9832
cast,000000322944__High_Renaissance__raphael_madonna-and-child-enthroned-with-saints-1505.png,0.5809,0.4786,0.4308,1.9652,3.8201
cast,000000322944__Impressionism__pierre-auguste-renoir_leaving-the-bath-1890.png,0.5196,0.5847,0.4324,1.9222,2.4914
cast,000000322944__Mannerism_Late_Renaissance__tintoretto_st-mark-rescuing-a-saracen-from-shipwreck-1566.png,0.6271,0.4697,0.4444,2.0759,1.7592
cast,000000322944__Minimalism__mario-schifano_untitled-1963.png,0.3703,1.0424,0.5162,2.9318,1.442
cast,000000322944__Naive_Art_Primitivism__marc-chagall_the-young-samuel-the-priest-s-servant-heard-that-he-is-called-by-god-eli-and-he-were-sleeping.png,0.3703,1.0424,0.5162,2.9318,7.3274
cast,000000322944__Northern_Renaissance__albrecht-durer_lamentation-over-christ-1507.png,0.2202,0.6337,0.1342,2.4702,2.9781
cast,000000322944__Pop_Art__peter-max_composition-red-green-1979.png,0.3308,0.6077,0.4903,2.232,3.2476
cast,000000322944__Post_Impressionism__vincent-van-gogh_restaurant-de-la-sirene-at-asnieres-1887.png,0.234,0.6863,0.1374,2.5792,6.1922
cast,000000322944__Realism__vincent-van-gogh_cottage-with-peasant-coming-home-1885(1).png,0.5277,0.5136,0.4199,1.8486,3.6797
cast,000000322944__Rococo__dmitry-levitzky_portrait-of-baron-a-n-stroganoff.png,0.6538,0.5486,0.5991,1.8898,1.6668
cast,000000322944__Romanticism__gustave-dore_paradise-lost-4.png,0.6417,0.4852,0.4886,2.1419,1.5008
cast,000000322944__Symbolism__nicholas-roerich_language-of-forest-1922.png,0.4957,0.5228,0.3948,2.1917,3.1713
cast,000000322944__Ukiyo_e__kitagawa-utamaro_not_detected_233134.png,0.3616,0.5908,0.3843,1.9845,2.6263
cast,000000329447__Abstract_Expressionism__paul-jenkins_not_detected_235703.png,0.4818,0.5083,0.3943,2.1442,1.2114
cast,000000329447__Art_Nouveau_Modern__nicholas-roerich_oze-1914.png,0.431,0.6142,0.3955,2.4083,2.8968
cast,000000329447__Baroque__rembrandt_portrait-of-nicolas-van-bambeeck-1641.png,0.3609,0.5413,0.3325,2.3834,0.9878
cast,000000329447__Color_Field_Painting__leon-berkowitz_dark-light-rose-gold-1978.png,0.241,0.9206,0.281,3.1885,2.0984
cast,000000329447__Cubism__salvador-dali_cubist-composition-portrait-of-a-seated-person-holding-a-letter.png,0.4479,0.5159,0.4317,2.1625,1.2376
cast,000000329447__Early_Renaissance__pietro-perugino_st-jerome-who-attends-two-unfairly-hanged-1473.png,0.5115,0.54,0.4388,2.2383,1.4494
cast,000000329447__Expressionism__amedeo-modigliani_germaine-survage-with-earrings-1918.png,0.4385,0.6234,0.3853,2.173,1.0927
cast,000000329447__High_Renaissance__raphael_madonna-and-child-enthroned-with-saints-1505.png,0.5548,0.4898,0.4761,2.0909,3.0615
cast,000000329447__Impressionism__pierre-auguste-renoir_leaving-the-bath-1890.png,0.4079,0.5772,0.3606,2.2086,1.3815
cast,000000329447__Mannerism_Late_Renaissance__tintoretto_st-mark-rescuing-a-saracen-from-shipwreck-1566.png,0.5172,0.533,0.4281,2.2947,1.9337
cast,000000329447__Minimalism__mario-schifano_untitled-1963.png,0.207,0.9267,0.1894,3.1811,1.2376
cast,000000329447__Naive_Art_Primitivism__marc-chagall_the-young-samuel-the-priest-s-servant-heard-that-he-is-called-by-god-eli-and-he-were-sleeping.png,0.207,0.9267,0.1894,3.1811,6.9841
cast,000000329447__Northern_Renaissance__albrecht-durer_lamentation-over-christ-1507.png,0.4011,0.598,0.2532,2.5674,2.7835
cast,000000329447__Pop_Art__peter-max_composition-red-green-1979.png,0.3009,0.5332,0.3039,2.3134,3.4989
cast,000000329447__Post_Impressionism__vincent-van-gogh_restaurant-de-la-sirene-at-asnieres-1887.png,0.3161,0.7133,0.1661,2.8604,5.5289
cast,000000329447__Realism__vincent-van-gogh_cottage-with-peasant-coming-home-1885(1).png,0.5358,0.4321,0.4444,1.9323,2.4417
cast,000000329447__Rococo__dmitry-levitzky_portrait-of-baron-a-n-stroganoff.png,0.3566,0.5355,0.3529,2.2045,1.6123
cast,000000329447__Romanticism__gustave-dore_paradise-lost-4.png,0.4693,0.5322,0.3882,2.4095,0.8299
cast,000000329447__Symbolism__nicholas-roerich_language-of-forest-1922.png,0.441,0.6077,0.4199,2.4464,1.7203
cast,000000329447__Ukiyo_e__kitagawa-utamaro_not_detected_233134.png,0.3505,0.6093,0.2879,2.2607,2.6285
cast,000000338625__Abstract_Expressionism__paul-jenkins_not_detected_235703.png,0.514,0.5022,0.4711,2.3197,1.449
cast,000000338625__Art_Nouveau_Modern__nicholas-roerich_oze-1914.png,0.5092,0.4796,0.4546,2.3444,2.7382
cast,000000338625__Baroque__rembrandt_portrait-of-nicolas-van-bambeeck-1641.png,0.3878,0.6143,0.4112,2.6204,1.0896
cast,000000338625__Color_Field_Painting__leon-berkowitz_dark-light-rose-gold-1978.png,0.3555,0.7371,0.3718,3.1594,2.6224
cast,000000338625__Cubism__salvador-dali_cubist-composition-portrait-of-a-seated-person-holding-a-letter.png,0.5638,0.7634,0.5204,2.4374,1.2561
cast,000000338625__Early_Renaissance__pietro-perugino_st-jerome-who-attends-two-unfairly-hanged-1473.png,0.5776,0.4752,0.5143,2.1704,2.2227
cast,000000338625__Expressionism__amedeo-modigliani_germaine-survage-with-earrings-1918.png,0.5179,0.6328,0.4992,2.3084,1.5963
cast,000000338625__High_Renaissance__raphael_madonna-and-child-enthroned-with-saints-1505.png,0.6103,0.3961,0.5323,1.9053,2.3224
cast,000000338625__Impressionism__pierre-auguste-renoir_leaving-the-bath-1890.png,0.5518,0.5692,0.4991,2.36,1.9762
cast,000000338625__Mannerism_Late_Renaissance__tintoretto_st-mark-rescuing-a-saracen-from-shipwreck-1566.png,0.4647,0.4714,0.4247,2.2582,2.2826
cast,000000338625__Minimalism__mario-schifano_untitled-1963.png,0.3629,1.0364,0.2847,2.9768,1.3812
cast,000000338625__Naive_Art_Primitivism__marc-chagall_the-young-samuel-the-priest-s-servant-heard-that-he-is-called-by-god-eli-and-he-were-sleeping.png,0.3629,1.0364,0.2847,2.9768,6.9493
cast,000000338625__Northern_Renaissance__albrecht-durer_lamentation-over-christ-1507.png,0.4263,0.4857,0.2698,2.3277,2.3678
cast,000000338625__Pop_Art__peter-max_composition-red-green-1979.png,0.505,0.5091,0.4763,2.1528,2.595
cast,000000338625__Post_Impressionism__vincent-van-gogh_restaurant-de-la-sirene-at-asnieres-1887.png,0.3913,0.5987,0.2279,2.5752,5.8971
cast,000000338625__Realism__vincent-van-gogh_cottage-with-peasant-coming-home-1885(1).png,0.6449,0.4424,0.5733,2.0148,2.8801
cast,000000338625__Rococo__dmitry-levitzky_portrait-of-baron-a-n-stroganoff.png,0.3814,0.6144,0.4326,2.4084,1.4341
cast,000000338625__Romanticism__gustave-dore_paradise-lost-4.png,0.4083,0.5267,0.3541,2.5724,0.8883
cast,000000338625__Symbolism__nicholas-roerich_language-of-forest-1922.png,0.5319,0.4952,0.4998,2.3132,1.9591
cast,000000338625__Ukiyo_e__kitagawa-utamaro_not_detected_233134.png,0.5633,0.4928,0.4927,2.0979,1.993
cast,000000356968__Abstract_Expressionism__paul-jenkins_not_detected_235703.png,0.3597,0.5884,0.3001,2.553,1.1252
cast,000000356968__Art_Nouveau_Modern__nicholas-roerich_oze-1914.png,0.4301,0.6021,0.3417,2.4878,2.4555
cast,000000356968__Baroque__rembrandt_portrait-of-nicolas-van-bambeeck-1641.png,0.295,0.541,0.2979,2.5747,0.7134
cast,000000356968__Color_Field_Painting__leon-berkowitz_dark-light-rose-gold-1978.png,0.2649,0.8181,0.252,3.1114,1.9007
cast,000000356968__Cubism__salvador-dali_cubist-composition-portrait-of-a-seated-person-holding-a-letter.png,0.4445,0.6345,0.3732,2.4309,1.1273
cast,000000356968__Early_Renaissance__pietro-perugino_st-jerome-who-attends-two-unfairly-hanged-1473.png,0.458,0.4952,0.3796,2.2685,1.8681
cast,000000356968__Expressionism__amedeo-modigliani_germaine-survage-with-earrings-1918.png,0.4116,0.5218,0.3656,2.2646,1.1872
cast,000000356968__High_Renaissance__raphael_madonna-and-child-enthroned-with-saints-1505.png,0.4964,0.4967,0.3873,2.3174,3.9125
cast,000000356968__Impressionism__pierre-auguste-renoir_leaving-the-bath-1890.png,0.446,0.4921,0.3659,2.2435,1.3312
cast,000000356968__Mannerism_Late_Renaissance__tintoretto_st-mark-rescuing-a-saracen-from-shipwreck-1566.png,0.4225,0.4986,0.3521,2.4183,1.6952
cast,000000356968__Minimalism__mario-schifano_untitled-1963.png,0.2261,0.8881,0.1346,3.0614,1.0862
cast,000000356968__Naive_Art_Primitivism__marc-chagall_the-young-samuel-the-priest-s-servant-heard-that-he-is-called-by-god-eli-and-he-were-sleeping.png,0.2261,0.8881,0.1346,3.0614,6.802
cast,000000356968__Northern_Renaissance__albrecht-durer_lamentation-over-christ-1507.png,0.3646,0.6196,0.215,2.74,3.1828
cast,000000356968__Pop_Art__peter-max_composition-red-green-1979.png,0.3484,0.5446,0.3104,2.5076,3.2403
cast,000000356968__Post_Impressionism__vincent-van-gogh_restaurant-de-la-sirene-at-asnieres-1887.png,0.3469,0.6141,0.1833,2.8356,5.598
cast,000000356968__Realism__vincent-van-gogh_cottage-with-peasant-coming-home-1885(1).png,0.4888,0.4556,0.3931,2.1949,2.1565
cast,000000356968__Rococo__dmitry-levitzky_portrait-of-baron-a-n-stroganoff.png,0.2977,0.5098,0.304,2.373,1.0116
cast,000000356968__Romanticism__gustave-dore_paradise-lost-4.png,0.374,0.5667,0.3381,2.6256,0.7258
cast,000000356968__Symbolism__nicholas-roerich_language-of-forest-1922.png,0.4526,0.5909,0.379,2.5712,1.8483
cast,000000356968__Ukiyo_e__kitagawa-utamaro_not_detected_233134.png,0.3848,0.5582,0.2972,2.5152,2.2589
cast,000000376264__Abstract_Expressionism__paul-jenkins_not_detected_235703.png,0.5089,0.4468,0.4841,1.899,1.3885
cast,000000376264__Art_Nouveau_Modern__nicholas-roerich_oze-1914.png,0.4376,0.5011,0.4695,2.0233,2.6066
cast,000000376264__Baroque__rembrandt_portrait-of-nicolas-van-bambeeck-1641.png,0.373,0.5536,0.3853,2.2855,1.8246
cast,000000376264__Color_Field_Painting__leon-berkowitz_dark-light-rose-gold-1978.png,0.2719,0.7629,0.308,2.8474,2.6993
cast,000000376264__Cubism__salvador-dali_cubist-composition-portrait-of-a-seated-person-holding-a-letter.png,0.4466,0.6582,0.5083,2.0245,1.3749
cast,000000376264__Early_Renaissance__pietro-perugino_st-jerome-who-attends-two-unfairly-hanged-1473.png,0.5319,0.4149,0.5197,1.7916,2.6792
cast,000000376264__Expressionism__amedeo-modigliani_germaine-survage-with-earrings-1918.png,0.4632,0.5561,0.4507,1.8747,1.8373
cast,000000376264__High_Renaissance__raphael_madonna-and-child-enthroned-with-saints-1505.png,0.5422,0.39,0.5399,1.6755,2.5555
cast,000000376264__Impressionism__pierre-auguste-renoir_leaving-the-bath-1890.png,0.4272,0.5108,0.4309,1.9432,2.5412
cast,000000376264__Mannerism_Late_Renaissance__tintoretto_st-mark-rescuing-a-saracen-from-shipwreck-1566.png,0.4963,0.4346,0.4598,1.8739,2.5009
cast,000000376264__Minimalism__mario-schifano_untitled-1963.png,0.2528,0.9399,0.2756,2.9091,1.7159
cast,000000376264__Naive_Art_Primitivism__marc-chagall_the-young-samuel-the-priest-s-servant-heard-that-he-is-called-by-god-eli-and-he-were-sleeping.png,0.2528,0.9399,0.2756,2.9091,7.0867
cast,000000376264__Northern_Renaissance__albrecht-durer_lamentation-over-christ-1507.png,0.3843,0.4963,0.3222,2.1461,2.3086
cast,000000376264__Pop_Art__peter-max_composition-red-green-1979.png,0.367,0.459,0.3959,1.9492,2.2251
cast,000000376264__Post_Impressionism__vincent-van-gogh_restaurant-de-la-sirene-at-asnieres-1887.png,0.3171,0.5966,0.2037,2.3459,7.0611
cast,000000376264__Realism__vincent-van-gogh_cottage-with-peasant-coming-home-1885(1).png,0.5311,0.4039,0.5185,1.7455,3.7636
cast,000000376264__Rococo__dmitry-levitzky_portrait-of-baron-a-n-stroganoff.png,0.3604,0.5182,0.4027,1.9819,2.1947
cast,000000376264__Romanticism__gustave-dore_paradise-lost-4.png,0.4431,0.5064,0.4391,2.336,1.3328
cast,000000376264__Symbolism__nicholas-roerich_language-of-forest-1922.png,0.4497,0.4808,0.5056,1.9103,2.445
cast,000000376264__Ukiyo_e__kitagawa-utamaro_not_detected_233134.png,0.4031,0.4985,0.3679,1.948,1.5556
cast,000000398905__Abstract_Expressionism__paul-jenkins_not_detected_235703.png,0.6267,0.4397,0.715,1.9008,0.5864
cast,000000398905__Art_Nouveau_Modern__nicholas-roerich_oze-1914.png,0.4104,0.5436,0.4193,2.4033,2.0041
cast,000000398905__Baroque__rembrandt_portrait-of-nicolas-van-bambeeck-1641.png,0.4959,0.623,0.5475,2.2643,0.7353
cast,000000398905__Color_Field_Painting__leon-berkowitz_dark-light-rose-gold-1978.png,0.3793,0.7573,0.4264,3.0395,2.1857
cast,000000398905__Cubism__salvador-dali_cubist-composition-portrait-of-a-seated-person-holding-a-letter.png,0.5233,0.774,0.6083,2.3406,0.8394
cast,000000398905__Early_Renaissance__pietro-perugino_st-jerome-who-attends-two-unfairly-hanged-1473.png,0.424,0.5506,0.331,2.3203,1.157
cast,000000398905__Expressionism__amedeo-modigliani_germaine-survage-with-earrings-1918.png,0.483,0.6874,0.4761,2.1408,0.8459
cast,000000398905__High_Renaissance__raphael_madonna-and-child-enthroned-with-saints-1505.png,0.4297,0.5216,0.3143,2.2078,3.3661
cast,000000398905__Impressionism__pierre-auguste-renoir_leaving-the-bath-1890.png,0.4678,0.6295,0.4381,2.3004,1.332
cast,000000398905__Mannerism_Late_Renaissance__tintoretto_st-mark-rescuing-a-saracen-from-shipwreck-1566.png,0.3441,0.5679,0.2925,2.3999,1.7148
cast,000000398905__Minimalism__mario-schifano_untitled-1963.png,0.391,1.032,0.6336,2.9233,1.2038
cast,000000398905__Naive_Art_Primitivism__marc-chagall_the-young-samuel-the-priest-s-servant-heard-that-he-is-called-by-god-eli-and-he-were-sleeping.png,0.391,1.032,0.6336,2.9233,6.9653
cast,000000398905__Northern_Renaissance__albrecht-durer_lamentation-over-christ-1507.png,0.1664,0.6588,0.1006,2.621,2.7611
cast,000000398905__Pop_Art__peter-max_composition-red-green-1979.png,0.4003,0.5631,0.4564,2.298,3.0236
cast,000000398905__Post_Impressionism__vincent-van-gogh_restaurant-de-la-sirene-at-asnieres-1887.png,0.1762,0.7314,0.0622,2.716,4.5114
cast,000000398905__Realism__vincent-van-gogh_cottage-with-peasant-coming-home-1885(1).png,0.4574,0.5505,0.3895,2.1093,1.6253
cast,000000398905__Rococo__dmitry-levitzky_portrait-of-baron-a-n-stroganoff.png,0.4763,0.6008,0.5301,2.0589,0.9901
cast,000000398905__Romanticism__gustave-dore_paradise-lost-4.png,0.3365,0.6183,0.3339,2.5589,0.6051
cast,000000398905__Symbolism__nicholas-roerich_language-of-forest-1922.png,0.344,0.5747,0.2794,2.4638,1.3321
cast,000000398905__Ukiyo_e__kitagawa-utamaro_not_detected_233134.png,0.3866,0.6318,0.3271,2.2561,2.143
cast,000000417911__Abstract_Expressionism__paul-jenkins_not_detected_235703.png,0.4379,0.5408,0.4591,2.1145,1.2948
cast,000000417911__Art_Nouveau_Modern__nicholas-roerich_oze-1914.png,0.4421,0.6056,0.3628,2.4985,3.0025
cast,000000417911__Baroque__rembrandt_portrait-of-nicolas-van-bambeeck-1641.png,0.317,0.5352,0.4256,2.1436,1.1783
cast,000000417911__Color_Field_Painting__leon-berkowitz_dark-light-rose-gold-1978.png,0.4151,0.8071,0.4578,2.4709,3.4732
cast,000000417911__Cubism__salvador-dali_cubist-composition-portrait-of-a-seated-person-holding-a-letter.png,0.5837,0.5396,0.5225,1.871,2.1976
cast,000000417911__Early_Renaissance__pietro-perugino_st-jerome-who-attends-two-unfairly-hanged-1473.png,0.4372,0.5585,0.3512,2.3744,2.1428
cast,000000417911__Expressionism__amedeo-modigliani_germaine-survage-with-earrings-1918.png,0.4602,0.6793,0.4776,2.0894,1.8454
cast,000000417911__High_Renaissance__raphael_madonna-and-child-enthroned-with-saints-1505.png,0.4244,0.5397,0.3362,2.5482,3.9559
cast,000000417911__Impressionism__pierre-auguste-renoir_leaving-the-bath-1890.png,0.5759,0.5858,0.5161,2.0615,2.4213
cast,000000417911__Mannerism_Late_Renaissance__tintoretto_st-mark-rescuing-a-saracen-from-shipwreck-1566.png,0.2811,0.6024,0.2692,2.5891,2.6937
cast,000000417911__Minimalism__mario-schifano_untitled-1963.png,0.4541,0.8613,0.3554,2.5569,1.4982
cast,000000417911__Naive_Art_Primitivism__marc-chagall_the-young-samuel-the-priest-s-servant-heard-that-he-is-called-by-god-eli-and-he-were-sleeping.png,0.4541,0.8613,0.3554,2.5569,6.4463
cast,000000417911__Northern_Renaissance__albrecht-durer_lamentation-over-christ-1507.png,0.2974,0.57,0.1565,2.5859,3.4778
cast,000000417911__Pop_Art__peter-max_composition-red-green-1979.png,0.5848,0.4936,0.5148,2.4079,3.546
cast,000000417911__Post_Impressionism__vincent-van-gogh_restaurant-de-la-sirene-at-asnieres-1887.png,0.3347,0.6688,0.1782,2.5738,6.6176
cast,000000417911__Realism__vincent-van-gogh_cottage-with-peasant-coming-home-1885(1).png,0.5344,0.4644,0.4556,2.1116,2.82
cast,000000417911__Rococo__dmitry-levitzky_portrait-of-baron-a-n-stroganoff.png,0.3162,0.582,0.4525,2.1709,1.3977
cast,000000417911__Romanticism__gustave-dore_paradise-lost-4.png,0.3,0.5141,0.3061,2.0645,0.7883
cast,000000417911__Symbolism__nicholas-roerich_language-of-forest-1922.png,0.4385,0.6428,0.3478,2.6449,1.8669
cast,000000417911__Ukiyo_e__kitagawa-utamaro_not_detected_233134.png,0.5735,0.5959,0.485,2.3211,3.0101
cast,000000427034__Abstract_Expressionism__paul-jenkins_not_detected_235703.png,0.6304,0.4627,0.557,1.8651,0.988
cast,000000427034__Art_Nouveau_Modern__nicholas-roerich_oze-1914.png,0.5358,0.5263,0.4775,2.1462,2.1163
cast,000000427034__Baroque__rembrandt_portrait-of-nicolas-van-bambeeck-1641.png,0.4965,0.5459,0.5262,2.2102,0.9787
cast,000000427034__Color_Field_Painting__leon-berkowitz_dark-light-rose-gold-1978.png,0.4461,0.6852,0.4637,2.6741,2.8749
cast,000000427034__Cubism__salvador-dali_cubist-composition-portrait-of-a-seated-person-holding-a-letter.png,0.6382,0.703,0.6231,2.0734,1.0024
cast,000000427034__Early_Renaissance__pietro-perugino_st-jerome-who-attends-two-unfairly-hanged-1473.png,0.6069,0.4235,0.4583,1.8829,1.2187
cast,000000427034__Expressionism__amedeo-modigliani_germaine-survage-with-earrings-1918.png,0.6231,0.5418,0.5453,1.9047,1.1467
cast,000000427034__High_Renaissance__raphael_madonna-and-child-enthroned-with-saints-1505.png,0.5768,0.4362,0.3997,1.8876,2.2043
cast,000000427034__Impressionism__pierre-auguste-renoir_leaving-the-bath-1890.png,0.604,0.4824,0.5289,1.9092,1.8358
cast,000000427034__Mannerism_Late_Renaissance__tintoretto_st-mark-rescuing-a-saracen-from-shipwreck-1566.png,0.4599,0.5012,0.328,2.1202,1.5072
cast,000000427034__Minimalism__mario-schifano_untitled-1963.png,0.4511,0.8703,0.477,2.6875,1.5136
cast,000000427034__Naive_Art_Primitivism__marc-chagall_the-young-samuel-the-priest-s-servant-heard-that-he-is-called-by-god-eli-and-he-were-sleeping.png,0.4511,0.8703,0.477,2.6875,7.0524
cast,000000427034__Northern_Renaissance__albrecht-durer_lamentation-over-christ-1507.png,0.2875,0.6167,0.1545,2.4499,1.7224
cast,000000427034__Pop_Art__peter-max_composition-red-green-1979.png,0.4974,0.4519,0.5005,2.0214,2.8353
cast,000000427034__Post_Impressionism__vincent-van-gogh_restaurant-de-la-sirene-at-asnieres-1887.png,0.29,0.6514,0.1321,2.5649,5.8014
cast,000000427034__Realism__vincent-van-gogh_cottage-with-peasant-coming-home-1885(1).png,0.6298,0.437,0.4932,1.8284,2.4086
cast,000000427034__Rococo__dmitry-levitzky_portrait-of-baron-a-n-stroganoff.png,0.4898,0.4895,0.5349,1.9561,1.2515
cast,000000427034__Romanticism__gustave-dore_paradise-lost-4.png,0.46,0.5787,0.3676,2.3534,0.7689
cast,000000427034__Symbolism__nicholas-roerich_language-of-forest-1922.png,0.5064,0.5273,0.4053,2.2327,1.4622
cast,000000427034__Ukiyo_e__kitagawa-utamaro_not_detected_233134.png,0.5168,0.494,0.426,1.9373,1.7201
cast,000000435003__Abstract_Expressionism__paul-jenkins_not_detected_235703.png,0.4903,0.4608,0.3639,2.2091,1.1879
cast,000000435003__Art_Nouveau_Modern__nicholas-roerich_oze-1914.png,0.4901,0.4871,0.3919,2.286,2.1365
cast,000000435003__Baroque__rembrandt_portrait-of-nicolas-van-bambeeck-1641.png,0.3782,0.5667,0.3408,2.5676,1.0141
cast,000000435003__Color_Field_Painting__leon-berkowitz_dark-light-rose-gold-1978.png,0.3215,0.7745,0.2888,2.8954,2.6731
cast,000000435003__Cubism__salvador-dali_cubist-composition-portrait-of-a-seated-person-holding-a-letter.png,0.5118,0.6741,0.4251,2.2603,0.9611
cast,000000435003__Early_Renaissance__pietro-perugino_st-jerome-who-attends-two-unfairly-hanged-1473.png,0.5346,0.4638,0.4306,2.0999,1.9088
cast,000000435003__Expressionism__amedeo-modigliani_germaine-survage-with-earrings-1918.png,0.4821,0.598,0.4058,2.1881,1.3581
cast,000000435003__High_Renaissance__raphael_madonna-and-child-enthroned-with-saints-1505.png,0.569,0.4105,0.4514,1.9658,2.0968
cast,000000435003__Impressionism__pierre-auguste-renoir_leaving-the-bath-1890.png,0.4889,0.5388,0.397,2.2211,1.8267
cast,000000435003__Mannerism_Late_Renaissance__tintoretto_st-mark-rescuing-a-saracen-from-shipwreck-1566.png,0.4768,0.4753,0.3658,2.2548,1.5157
cast,000000435003__Minimalism__mario-schifano_untitled-1963.png,0.2898,0.9764,0.1786,2.9695,1.47
cast,000000435003__Naive_Art_Primitivism__marc-chagall_the-young-samuel-the-priest-s-servant-heard-that-he-is-called-by-god-eli-and-he-were-sleeping.png,0.2898,0.9764,0.1786,2.9695,7.1792
cast,000000435003__Northern_Renaissance__albrecht-durer_lamentation-over-christ-1507.png,0.3545,0.5226,0.2357,2.4081,1.9082
cast,000000435003__Pop_Art__peter-max_composition-red-green-1979.png,0.3725,0.4941,0.3207,2.2259,2.7029
cast,000000435003__Post_Impressionism__vincent-van-gogh_restaurant-de-la-sirene-at-asnieres-1887.png,0.3294,0.6022,0.2019,2.6251,5.1916
cast,000000435003__Realism__vincent-van-gogh_cottage-with-peasant-coming-home-1885(1).png,0.5589,0.4268,0.4475,1.9999,2.6648
cast,000000435003__Rococo__dmitry-levitzky_portrait-of-baron-a-n-stroganoff.png,0.3804,0.5396,0.3763,2.2485,1.2319
cast,000000435003__Romanticism__gustave-dore_paradise-lost-4.png,0.441,0.5034,0.3548,2.5387,0.8092
cast,000000435003__Symbolism__nicholas-roerich_language-of-forest-1922.png,0.5004,0.5045,0.4348,2.2314,1.6778
cast,000000435003__Ukiyo_e__kitagawa-utamaro_not_detected_233134.png,0.4277,0.5259,0.3601,2.13,1.144
cast,000000464251__Abstract_Expressionism__paul-jenkins_not_detected_235703.png,0.4934,0.7219,0.6052,2.2124,1.1618
cast,000000464251__Art_Nouveau_Modern__nicholas-roerich_oze-1914.png,0.4902,0.8423,0.5295,2.4815,2.2342
cast,000000464251__Baroque__rembrandt_portrait-of-nicolas-van-bambeeck-1641.png,0.4891,0.5512,0.5844,2.3068,0.7388
cast,000000464251__Color_Field_Painting__leon-berkowitz_dark-light-rose-gold-1978.png,0.3866,0.8915,0.4891,2.9647,2.0643
cast,000000464251__Cubism__salvador-dali_cubist-composition-portrait-of-a-seated-person-holding-a-letter.png,0.534,0.6362,0.6547,2.0982,0.9051
cast,000000464251__Early_Renaissance__pietro-perugino_st-jerome-who-attends-two-unfairly-hanged-1473.png,0.5146,0.614,0.4798,2.3303,1.7852
cast,000000464251__Expressionism__amedeo-modigliani_germaine-survage-with-earrings-1918.png,0.556,0.5276,0.5415,2.1621,0.932
cast,000000464251__High_Renaissance__raphael_madonna-and-child-enthroned-with-saints-1505.png,0.5106,0.6651,0.4556,2.2279,2.7726
cast,000000464251__Impressionism__pierre-auguste-renoir_leaving-the-bath-1890.png,0.5057,0.554,0.5375,2.2535,1.2352
cast,000000464251__Mannerism_Late_Renaissance__tintoretto_st-mark-rescuing-a-saracen-from-shipwreck-1566.png,0.4823,0.6926,0.4322,2.4291,1.3554
cast,000000464251__Minimalism__mario-schifano_untitled-1963.png,0.3606,0.6355,0.372,2.8454,1.3501
cast,000000464251__Naive_Art_Primitivism__marc-chagall_the-young-samuel-the-priest-s-servant-heard-that-he-is-called-by-god-eli-and-he-were-sleeping.png,0.3606,0.6355,0.372,2.8454,7.0876
cast,000000464251__Northern_Renaissance__albrecht-durer_lamentation-over-christ-1507.png,0.2856,0.837,0.1981,2.6851,1.7983
cast,000000464251__Pop_Art__peter-max_composition-red-green-1979.png,0.3707,0.6472,0.4794,2.3768,2.8606
cast,000000464251__Post_Impressionism__vincent-van-gogh_restaurant-de-la-sirene-at-asnieres-1887.png,0.2754,0.7925,0.1562,2.8271,5.4626
cast,000000464251__Realism__vincent-van-gogh_cottage-with-peasant-coming-home-1885(1).png,0.5054,0.5929,0.5067,2.1687,2.5292
cast,000000464251__Rococo__dmitry-levitzky_portrait-of-baron-a-n-stroganoff.png,0.5106,0.4748,0.5902,2.0902,1.0316
cast,000000464251__Romanticism__gustave-dore_paradise-lost-4.png,0.4584,0.769,0.5085,2.6641,0.6134
cast,000000464251__Symbolism__nicholas-roerich_language-of-forest-1922.png,0.4495,0.8054,0.4716,2.53,2.1956
cast,000000464251__Ukiyo_e__kitagawa-utamaro_not_detected_233134.png,0.381,0.6431,0.409,2.3824,1.8469
cast,000000464786__Abstract_Expressionism__paul-jenkins_not_detected_235703.png,0.6811,0.5388,0.6651,2.2615,1.0966
cast,000000464786__Art_Nouveau_Modern__nicholas-roerich_oze-1914.png,0.5511,0.6381,0.4028,2.6818,2.4542
cast,000000464786__Baroque__rembrandt_portrait-of-nicolas-van-bambeeck-1641.png,0.5629,0.6051,0.6146,2.5666,1.106
cast,000000464786__Color_Field_Painting__leon-berkowitz_dark-light-rose-gold-1978.png,0.5215,0.7534,0.52,3.0275,1.6794
cast,000000464786__Cubism__salvador-dali_cubist-composition-portrait-of-a-seated-person-holding-a-letter.png,0.7327,0.7398,0.682,2.3734,0.8049
cast,000000464786__Early_Renaissance__pietro-perugino_st-jerome-who-attends-two-unfairly-hanged-1473.png,0.6538,0.4692,0.4365,2.2922,2.6314
cast,000000464786__Expressionism__amedeo-modigliani_germaine-survage-with-earrings-1918.png,0.7013,0.607,0.5965,2.2729,1.2676
cast,000000464786__High_Renaissance__raphael_madonna-and-child-enthroned-with-saints-1505.png,0.5964,0.5329,0.3483,2.5145,5.9093
cast,000000464786__Impressionism__pierre-auguste-renoir_leaving-the-bath-1890.png,0.7355,0.4912,0.619,2.161,1.8399
cast,000000464786__Mannerism_Late_Renaissance__tintoretto_st-mark-rescuing-a-saracen-from-shipwreck-1566.png,0.4639,0.5933,0.2963,2.6286,2.4144
cast,000000464786__Minimalism__mario-schifano_untitled-1963.png,0.5594,0.8422,0.5465,2.9802,1.5757
cast,000000464786__Naive_Art_Primitivism__marc-chagall_the-young-samuel-the-priest-s-servant-heard-that-he-is-called-by-god-eli-and-he-were-sleeping.png,0.5594,0.8422,0.5465,2.9802,7.3011
cast,000000464786__Northern_Renaissance__albrecht-durer_lamentation-over-christ-1507.png,0.3031,0.7051,0.1504,3.0124,3.9074
cast,000000464786__Pop_Art__peter-max_composition-red-green-1979.png,0.5839,0.5068,0.5885,2.4918,4.121
cast,000000464786__Post_Impressionism__vincent-van-gogh_restaurant-de-la-sirene-at-asnieres-1887.png,0.321,0.7452,0.1452,3.0571,5.6363
cast,000000464786__Realism__vincent-van-gogh_cottage-with-peasant-coming-home-1885(1).png,0.7047,0.4947,0.5207,2.303,2.9351
cast,000000464786__Rococo__dmitry-levitzky_portrait-of-baron-a-n-stroganoff.png,0.5583,0.5498,0.546,2.3735,1.115
cast,000000464786__Romanticism__gustave-dore_paradise-lost-4.png,0.4453,0.6469,0.3863,2.8414,1.0626
cast,000000464786__Symbolism__nicholas-roerich_language-of-forest-1922.png,0.5126,0.6448,0.3672,2.7695,2.9693
cast,000000464786__Ukiyo_e__kitagawa-utamaro_not_detected_233134.png,0.5957,0.5658,0.5026,2.4059,3.5659
cast,000000475387__Abstract_Expressionism__paul-jenkins_not_detected_235703.png,0.3686,0.5289,0.2631,2.5522,1.299
cast,000000475387__Art_Nouveau_Modern__nicholas-roerich_oze-1914.png,0.4048,0.4864,0.3354,2.3899,2.5411
cast,000000475387__Baroque__rembrandt_portrait-of-nicolas-van-bambeeck-1641.png,0.2631,0.6519,0.2424,2.8278,0.9091
cast,000000475387__Color_Field_Painting__leon-berkowitz_dark-light-rose-gold-1978.png,0.2249,0.7685,0.2053,3.2984,2.3399
cast,000000475387__Cubism__salvador-dali_cubist-composition-portrait-of-a-seated-person-holding-a-letter.png,0.4011,0.7776,0.3311,2.5785,1.0848
cast,000000475387__Early_Renaissance__pietro-perugino_st-jerome-who-attends-two-unfairly-hanged-1473.png,0.5079,0.4555,0.4312,2.2393,2.2429
cast,000000475387__Expressionism__amedeo-modigliani_germaine-survage-with-earrings-1918.png,0.4042,0.6298,0.3394,2.4602,1.3994
cast,000000475387__High_Renaissance__raphael_madonna-and-child-enthroned-with-saints-1505.png,0.5454,0.4043,0.4552,1.9828,2.0797
cast,000000475387__Impressionism__pierre-auguste-renoir_leaving-the-bath-1890.png,0.4028,0.5664,0.3276,2.5044,1.9633
cast,000000475387__Mannerism_Late_Renaissance__tintoretto_st-mark-rescuing-a-saracen-from-shipwreck-1566.png,0.4367,0.4585,0.3598,2.2449,2.2371
cast,000000475387__Minimalism__mario-schifano_untitled-1963.png,0.1978,1.1102,0.1146,3.2666,1.0887
cast,000000475387__Naive_Art_Primitivism__marc-chagall_the-young-samuel-the-priest-s-servant-heard-that-he-is-called-by-god-eli-and-he-were-sleeping.png,0.1978,1.1102,0.1146,3.2666,7.016
cast,000000475387__Northern_Renaissance__albrecht-durer_lamentation-over-christ-1507.png,0.4709,0.4874,0.3281,2.4279,2.3569
cast,000000475387__Pop_Art__peter-max_composition-red-green-1979.png,0.3456,0.5203,0.2708,2.4552,3.025
cast,000000475387__Post_Impressionism__vincent-van-gogh_restaurant-de-la-sirene-at-asnieres-1887.png,0.3788,0.6035,0.2315,2.7252,6.4135
cast,000000475387__Realism__vincent-van-gogh_cottage-with-peasant-coming-home-1885(1).png,0.5395,0.4449,0.4322,2.1226,2.8498
cast,000000475387__Rococo__dmitry-levitzky_portrait-of-baron-a-n-stroganoff.png,0.272,0.6032,0.2727,2.5012,1.3447
cast,000000475387__Romanticism__gustave-dore_paradise-lost-4.png,0.3693,0.5344,0.3027,2.7048,0.796
cast,000000475387__Symbolism__nicholas-roerich_language-of-forest-1922.png,0.4702,0.4873,0.4288,2.355,1.9713
cast,000000475387__Ukiyo_e__kitagawa-utamaro_not_detected_233134.png,0.4164,0.5236,0.3236,2.3837,1.5068
cast,000000484029__Abstract_Expressionism__paul-jenkins_not_detected_235703.png,0.5976,0.4572,0.5006,2.1249,1.4437
cast,000000484029__Art_Nouveau_Modern__nicholas-roerich_oze-1914.png,0.534,0.5195,0.4588,2.2394,2.4269
cast,000000484029__Baroque__rembrandt_portrait-of-nicolas-van-bambeeck-1641.png,0.5023,0.6343,0.475,2.4475,1.0778
cast,000000484029__Color_Field_Painting__leon-berkowitz_dark-light-rose-gold-1978.png,0.3939,0.7917,0.3483,2.8945,2.4895
cast,000000484029__Cubism__salvador-dali_cubist-composition-portrait-of-a-seated-person-holding-a-letter.png,0.5732,0.6984,0.5572,2.2158,1.5319
cast,000000484029__Early_Renaissance__pietro-perugino_st-jerome-who-attends-two-unfairly-hanged-1473.png,0.5708,0.4459,0.4633,1.8694,2.1194
cast,000000484029__Expressionism__amedeo-modigliani_germaine-survage-with-earrings-1918.png,0.5163,0.6587,0.4144,2.1793,1.3504
cast,000000484029__High_Renaissance__raphael_madonna-and-child-enthroned-with-saints-1505.png,0.5942,0.4328,0.4544,1.8217,2.347
cast,000000484029__Impressionism__pierre-auguste-renoir_leaving-the-bath-1890.png,0.5145,0.5868,0.4389,2.2144,2.0743
cast,000000484029__Mannerism_Late_Renaissance__tintoretto_st-mark-rescuing-a-saracen-from-shipwreck-1566.png,0.4951,0.5388,0.3572,2.2534,2.0323
cast,000000484029__Minimalism__mario-schifano_untitled-1963.png,0.3775,1.0088,0.3914,2.8756,1.2963
cast,000000484029__Naive_Art_Primitivism__marc-chagall_the-young-samuel-the-priest-s-servant-heard-that-he-is-called-by-god-eli-and-he-were-sleeping.png,0.3775,1.0088,0.3914,2.8756,7.1021
cast,000000484029__Northern_Renaissance__albrecht-durer_lamentation-over-christ-1507.png,0.2715,0.5792,0.1483,2.4299,2.1863
cast,000000484029__Pop_Art__peter-max_composition-red-green-1979.png,0.4197,0.4782,0.4792,2.0403,2.9272
cast,000000484029__Post_Impressionism__vincent-van-gogh_restaurant-de-la-sirene-at-asnieres-1887.png,0.2572,0.6676,0.1373,2.6887,5.3697
cast,000000484029__Realism__vincent-van-gogh_cottage-with-peasant-coming-home-1885(1).png,0.5509,0.486,0.4534,2.0152,2.795
cast,000000484029__Rococo__dmitry-levitzky_portrait-of-baron-a-n-stroganoff.png,0.5068,0.5853,0.4923,2.1031,1.6183
cast,000000484029__Romanticism__gustave-dore_paradise-lost-4.png,0.475,0.5652,0.3728,2.511,0.8665
cast,000000484029__Symbolism__nicholas-roerich_language-of-forest-1922.png,0.4783,0.5236,0.4025,2.2388,1.6262
cast,000000484029__Ukiyo_e__kitagawa-utamaro_not_detected_233134.png,0.4207,0.5762,0.3828,2.2274,1.9811
cast,000000485844__Abstract_Expressionism__paul-jenkins_not_detected_235703.png,0.6441,0.4575,0.5574,1.7635,2.0308
cast,000000485844__Art_Nouveau_Modern__nicholas-roerich_oze-1914.png,0.5686,0.4384,0.5286,2.1681,4.5926
cast,000000485844__Baroque__rembrandt_portrait-of-nicolas-van-bambeeck-1641.png,0.5025,0.6053,0.4734,2.1073,1.6378
cast,000000485844__Color_Field_Painting__leon-berkowitz_dark-light-rose-gold-1978.png,0.3796,0.6984,0.358,2.7013,4.171
cast,000000485844__Cubism__salvador-dali_cubist-composition-portrait-of-a-seated-person-holding-a-letter.png,0.6009,0.7591,0.5859,1.932,2.2323
cast,000000485844__Early_Renaissance__pietro-perugino_st-jerome-who-attends-two-unfairly-hanged-1473.png,0.5955,0.5099,0.5157,2.0839,3.0271
cast,000000485844__Expressionism__amedeo-modigliani_germaine-survage-with-earrings-1918.png,0.5504,0.6716,0.4825,1.9924,2.8803
cast,000000485844__High_Renaissance__raphael_madonna-and-child-enthroned-with-saints-1505.png,0.6271,0.4456,0.5151,1.9906,2.7392
cast,000000485844__Impressionism__pierre-auguste-renoir_leaving-the-bath-1890.png,0.5391,0.6124,0.4526,2.0849,3.4564
cast,000000485844__Mannerism_Late_Renaissance__tintoretto_st-mark-rescuing-a-saracen-from-shipwreck-1566.png,0.5757,0.4605,0.4602,2.0315,4.1189
cast,000000485844__Minimalism__mario-schifano_untitled-1963.png,0.3402,1.0813,0.3619,2.6713,1.6641
cast,000000485844__Naive_Art_Primitivism__marc-chagall_the-young-samuel-the-priest-s-servant-heard-that-he-is-called-by-god-eli-and-he-were-sleeping.png,0.3402,1.0813,0.3619,2.6713,7.8169
cast,000000485844__Northern_Renaissance__albrecht-durer_lamentation-over-christ-1507.png,0.4197,0.4652,0.284,2.0476,4.1143
cast,000000485844__Pop_Art__peter-max_composition-red-green-1979.png,0.4144,0.6003,0.3976,2.2304,3.4291
cast,000000485844__Post_Impressionism__vincent-van-gogh_restaurant-de-la-sirene-at-asnieres-1887.png,0.3498,0.6397,0.1727,2.4522,6.663
cast,000000485844__Realism__vincent-van-gogh_cottage-with-peasant-coming-home-1885(1).png,0.6124,0.4806,0.5188,1.8071,4.6968
cast,000000485844__Rococo__dmitry-levitzky_portrait-of-baron-a-n-stroganoff.png,0.4952,0.6159,0.491,2.1158,2.2993
cast,000000485844__Romanticism__gustave-dore_paradise-lost-4.png,0.5858,0.4411,0.465,1.9116,1.7269
cast,000000485844__Symbolism__nicholas-roerich_language-of-forest-1922.png,0.5141,0.5012,0.4804,2.2265,2.8522
cast,000000485844__Ukiyo_e__kitagawa-utamaro_not_detected_233134.png,0.457,0.5793,0.3701,2.147,3.8872
cast,000000510329__Abstract_Expressionism__paul-jenkins_not_detected_235703.png,0.5682,0.5065,0.5052,2.2289,1.0846
cast,000000510329__Art_Nouveau_Modern__nicholas-roerich_oze-1914.png,0.4914,0.5381,0.425,2.4455,2.6492
cast,000000510329__Baroque__rembrandt_portrait-of-nicolas-van-bambeeck-1641.png,0.4425,0.5898,0.4405,2.6288,0.9716
cast,000000510329__Color_Field_Painting__leon-berkowitz_dark-light-rose-gold-1978.png,0.3528,0.7888,0.3721,3.2017,2.159
cast,000000510329__Cubism__salvador-dali_cubist-composition-portrait-of-a-seated-person-holding-a-letter.png,0.5754,0.6828,0.5684,2.3747,1.175
cast,000000510329__Early_Renaissance__pietro-perugino_st-jerome-who-attends-two-unfairly-hanged-1473.png,0.5711,0.4544,0.4808,2.0706,1.8494
cast,000000510329__Expressionism__amedeo-modigliani_germaine-survage-with-earrings-1918.png,0.5521,0.6017,0.5426,2.0871,1.1744
cast,000000510329__High_Renaissance__raphael_madonna-and-child-enthroned-with-saints-1505.png,0.5848,0.4341,0.4502,2.0872,2.8234
cast,000000510329__Impressionism__pierre-auguste-renoir_leaving-the-bath-1890.png,0.5577,0.5214,0.5215,2.2026,1.6046
cast,000000510329__Mannerism_Late_Renaissance__tintoretto_st-mark-rescuing-a-saracen-from-shipwreck-1566.png,0.4823,0.4989,0.3635,2.3678,1.8712
cast,000000510329__Minimalism__mario-schifano_untitled-1963.png,0.3679,0.9353,0.3,3.0586,1.3161
cast,000000510329__Naive_Art_Primitivism__marc-chagall_the-young-samuel-the-priest-s-servant-heard-that-he-is-called-by-god-eli-and-he-were-sleeping.png,0.3679,0.9353,0.3,3.0586,6.8757
cast,000000510329__Northern_Renaissance__albrecht-durer_lamentation-over-christ-1507.png,0.3925,0.5175,0.2501,2.5045,2.5775
cast,000000510329__Pop_Art__peter-max_composition-red-green-1979.png,0.461,0.4966,0.4714,2.3536,2.7832
cast,000000510329__Post_Impressionism__vincent-van-gogh_restaurant-de-la-sirene-at-asnieres-1887.png,0.3555,0.6239,0.196,2.721,4.8118
cast,000000510329__Realism__vincent-van-gogh_cottage-with-peasant-coming-home-1885(1).png,0.6284,0.3922,0.5513,1.8869,2.4026
cast,000000510329__Rococo__dmitry-levitzky_portrait-of-baron-a-n-stroganoff.png,0.4331,0.5943,0.4648,2.393,1.2851
cast,000000510329__Romanticism__gustave-dore_paradise-lost-4.png,0.4398,0.5402,0.362,2.6333,0.6914
cast,000000510329__Symbolism__nicholas-roerich_language-of-forest-1922.png,0.5111,0.528,0.4828,2.3682,1.5521
cast,000000510329__Ukiyo_e__kitagawa-utamaro_not_detected_233134.png,0.4838,0.5177,0.4371,2.2345,1.9246
cast,000000520659__Abstract_Expressionism__paul-jenkins_not_detected_235703.png,0.4871,0.5496,0.4046,2.6264,1.1995
cast,000000520659__Art_Nouveau_Modern__nicholas-roerich_oze-1914.png,0.4943,0.5848,0.4624,2.446,2.4062
cast,000000520659__Baroque__rembrandt_portrait-of-nicolas-van-bambeeck-1641.png,0.4133,0.5807,0.3792,2.7942,0.9658
cast,000000520659__Color_Field_Painting__leon-berkowitz_dark-light-rose-gold-1978.png,0.2949,0.9032,0.3171,3.2219,2.3162
cast,000000520659__Cubism__salvador-dali_cubist-composition-portrait-of-a-seated-person-holding-a-letter.png,0.4802,0.5786,0.4464,2.4665,1.1806
cast,000000520659__Early_Renaissance__pietro-perugino_st-jerome-who-attends-two-unfairly-hanged-1473.png,0.541,0.519,0.4484,2.2589,1.9519
cast,000000520659__Expressionism__amedeo-modigliani_germaine-survage-with-earrings-1918.png,0.4549,0.693,0.379,2.6383,0.8837
cast,000000520659__High_Renaissance__raphael_madonna-and-child-enthroned-with-saints-1505.png,0.5995,0.4615,0.5066,2.115,2.4359
cast,000000520659__Impressionism__pierre-auguste-renoir_leaving-the-bath-1890.png,0.4357,0.6159,0.3723,2.5922,1.1988
cast,000000520659__Mannerism_Late_Renaissance__tintoretto_st-mark-rescuing-a-saracen-from-shipwreck-1566.png,0.5574,0.5287,0.4838,2.2981,1.85
cast,000000520659__Minimalism__mario-schifano_untitled-1963.png,0.2469,0.9795,0.2283,3.2495,1.2874
cast,000000520659__Naive_Art_Primitivism__marc-chagall_the-young-samuel-the-priest-s-servant-heard-that-he-is-called-by-god-eli-and-he-were-sleeping.png,0.2469,0.9795,0.2283,3.2495,7.1073
cast,000000520659__Northern_Renaissance__albrecht-durer_lamentation-over-christ-1507.png,0.3841,0.5589,0.2214,2.5376,2.0505
cast,000000520659__Pop_Art__peter-max_composition-red-green-1979.png,0.3208,0.5289,0.3528,2.4445,3.4498
cast,000000520659__Post_Impressionism__vincent-van-gogh_restaurant-de-la-sirene-at-asnieres-1887.png,0.3002,0.7055,0.1377,2.9828,4.9081
cast,000000520659__Realism__vincent-van-gogh_cottage-with-peasant-coming-home-1885(1).png,0.5403,0.4702,0.4288,2.3331,2.0116
cast,000000520659__Rococo__dmitry-levitzky_portrait-of-baron-a-n-stroganoff.png,0.4081,0.5844,0.4015,2.5256,1.4312
cast,000000520659__Romanticism__gustave-dore_paradise-lost-4.png,0.4991,0.5449,0.434,2.7455,0.8205
cast,000000520659__Symbolism__nicholas-roerich_language-of-forest-1922.png,0.4843,0.5717,0.4492,2.458,1.6709
cast,000000520659__Ukiyo_e__kitagawa-utamaro_not_detected_233134.png,0.355,0.6313,0.2918,2.6316,1.9406
cast,000000529105__Abstract_Expressionism__paul-jenkins_not_detected_235703.png,0.2523,0.6762,0.1778,2.8551,1.5276
cast,000000529105__Art_Nouveau_Modern__nicholas-roerich_oze-1914.png,0.3164,0.7882,0.2379,2.9922,2.2074
cast,000000529105__Baroque__rembrandt_portrait-of-nicolas-van-bambeeck-1641.png,0.2287,0.6189,0.1703,2.9445,0.7718
cast,000000529105__Color_Field_Painting__leon-berkowitz_dark-light-rose-gold-1978.png,0.1839,1.0312,0.1694,3.2481,1.7078
cast,000000529105__Cubism__salvador-dali_cubist-composition-portrait-of-a-seated-person-holding-a-letter.png,0.332,0.5131,0.2458,2.3897,1.2396
cast,000000529105__Early_Renaissance__pietro-perugino_st-jerome-who-attends-two-unfairly-hanged-1473.png,0.3453,0.6879,0.2849,2.8642,2.5157
cast,000000529105__Expressionism__amedeo-modigliani_germaine-survage-with-earrings-1918.png,0.2907,0.7654,0.2355,2.7401,0.8636
cast,000000529105__High_Renaissance__raphael_madonna-and-child-enthroned-with-saints-1505.png,0.3822,0.679,0.2886,2.958,4.715
cast,000000529105__Impressionism__pierre-auguste-renoir_leaving-the-bath-1890.png,0.3092,0.7319,0.2297,2.7491,1.2208
cast,000000529105__Mannerism_Late_Renaissance__tintoretto_st-mark-rescuing-a-saracen-from-shipwreck-1566.png,0.3312,0.6937,0.2525,2.9856,2.1909
cast,000000529105__Minimalism__mario-schifano_untitled-1963.png,0.1531,0.9047,0.0971,3.0729,1.1601
cast,000000529105__Naive_Art_Primitivism__marc-chagall_the-young-samuel-the-priest-s-servant-heard-that-he-is-called-by-god-eli-and-he-were-sleeping.png,0.1531,0.9047,0.0971,3.0729,6.7441
cast,000000529105__Northern_Renaissance__albrecht-durer_lamentation-over-christ-1507.png,0.328,0.697,0.2141,3.0689,3.508
cast,000000529105__Pop_Art__peter-max_composition-red-green-1979.png,0.2385,0.6742,0.1918,2.9185,4.7494
cast,000000529105__Post_Impressionism__vincent-van-gogh_restaurant-de-la-sirene-at-asnieres-1887.png,0.2888,0.7608,0.1518,3.124,6.1059
cast,000000529105__Realism__vincent-van-gogh_cottage-with-peasant-coming-home-1885(1).png,0.366,0.5793,0.2862,2.6491,1.4479
cast,000000529105__Rococo__dmitry-levitzky_portrait-of-baron-a-n-stroganoff.png,0.2237,0.6667,0.1731,2.9002,1.0009
cast,000000529105__Romanticism__gustave-dore_paradise-lost-4.png,0.3104,0.6364,0.2588,2.8846,0.5775
cast,000000529105__Symbolism__nicholas-roerich_language-of-forest-1922.png,0.3367,0.7752,0.2792,3.0143,1.7951
cast,000000529105__Ukiyo_e__kitagawa-utamaro_not_detected_233134.png,0.2649,0.7763,0.1838,2.9068,2.8482
cast,000000529966__Abstract_Expressionism__paul-jenkins_not_detected_235703.png,0.5182,0.5195,0.4971,1.9521,1.2994
cast,000000529966__Art_Nouveau_Modern__nicholas-roerich_oze-1914.png,0.4406,0.6522,0.3337,2.3964,1.8889
cast,000000529966__Baroque__rembrandt_portrait-of-nicolas-van-bambeeck-1641.png,0.371,0.6972,0.4902,2.3092,1.1476
cast,000000529966__Color_Field_Painting__leon-berkowitz_dark-light-rose-gold-1978.png,0.4573,0.711,0.4087,2.7194,2.4019
cast,000000529966__Cubism__salvador-dali_cubist-composition-portrait-of-a-seated-person-holding-a-letter.png,0.5876,0.8289,0.5375,2.2073,0.6672
cast,000000529966__Early_Renaissance__pietro-perugino_st-jerome-who-attends-two-unfairly-hanged-1473.png,0.5159,0.5536,0.3464,2.0397,2.3362
cast,000000529966__Expressionism__amedeo-modigliani_germaine-survage-with-earrings-1918.png,0.5466,0.6767,0.4995,1.9629,1.4393
cast,000000529966__High_Renaissance__raphael_madonna-and-child-enthroned-with-saints-1505.png,0.4584,0.577,0.3018,2.0664,4.2985
cast,000000529966__Impressionism__pierre-auguste-renoir_leaving-the-bath-1890.png,0.6298,0.5972,0.5557,1.9739,1.8841
cast,000000529966__Mannerism_Late_Renaissance__tintoretto_st-mark-rescuing-a-saracen-from-shipwreck-1566.png,0.3022,0.6198,0.2417,2.3289,1.5557
cast,000000529966__Minimalism__mario-schifano_untitled-1963.png,0.5652,0.9269,0.558,2.6396,1.6131
cast,000000529966__Naive_Art_Primitivism__marc-chagall_the-young-samuel-the-priest-s-servant-heard-that-he-is-called-by-god-eli-and-he-were-sleeping.png,0.5652,0.9269,0.558,2.6396,6.8376
cast,000000529966__Northern_Renaissance__albrecht-durer_lamentation-over-christ-1507.png,0.2912,0.6925,0.183,2.5182,3.3345
cast,000000529966__Pop_Art__peter-max_composition-red-green-1979.png,0.6948,0.4343,0.6865,1.8287,3.5288
cast,000000529966__Post_Impressionism__vincent-van-gogh_restaurant-de-la-sirene-at-asnieres-1887.png,0.3382,0.7337,0.2068,2.5904,4.6366
cast,000000529966__Realism__vincent-van-gogh_cottage-with-peasant-coming-home-1885(1).png,0.6053,0.5397,0.4647,1.9048,2.47
cast,000000529966__Rococo__dmitry-levitzky_portrait-of-baron-a-n-stroganoff.png,0.379,0.6559,0.4842,2.0959,1.5864
cast,000000529966__Romanticism__gustave-dore_paradise-lost-4.png,0.2703,0.6885,0.2743,2.4922,0.9087
cast,000000529966__Symbolism__nicholas-roerich_language-of-forest-1922.png,0.454,0.618,0.3239,2.2653,2.3175
cast,000000529966__Ukiyo_e__kitagawa-utamaro_not_detected_233134.png,0.6767,0.5604,0.5789,1.8975,2.1782
cast,000000546475__Abstract_Expressionism__paul-jenkins_not_detected_235703.png,0.6387,0.557,0.7049,1.8965,1.5814
cast,000000546475__Art_Nouveau_Modern__nicholas-roerich_oze-1914.png,0.5776,0.6308,0.5454,2.1493,1.7532
cast,000000546475__Baroque__rembrandt_portrait-of-nicolas-van-bambeeck-1641.png,0.5801,0.4476,0.6626,1.9267,1.4593
cast,000000546475__Color_Field_Painting__leon-berkowitz_dark-light-rose-gold-1978.png,0.4772,0.7667,0.5868,2.7942,2.1989
cast,000000546475__Cubism__salvador-dali_cubist-composition-portrait-of-a-seated-person-holding-a-letter.png,0.6521,0.6367,0.6949,2.0893,1.0842
cast,000000546475__Early_Renaissance__pietro-perugino_st-jerome-who-attends-two-unfairly-hanged-1473.png,0.4885,0.5407,0.3741,2.135,3.1063
cast,000000546475__Expressionism__amedeo-modigliani_germaine-survage-with-earrings-1918.png,0.5781,0.4838,0.5513,1.894,2.0403
cast,000000546475__High_Renaissance__raphael_madonna-and-child-enthroned-with-saints-1505.png,0.4879,0.5606,0.3654,2.112,2.8608
cast,000000546475__Impressionism__pierre-auguste-renoir_leaving-the-bath-1890.png,0.5967,0.473,0.5914,1.9051,2.159
cast,000000546475__Mannerism_Late_Renaissance__tintoretto_st-mark-rescuing-a-saracen-from-shipwreck-1566.png,0.4446,0.5835,0.3299,2.247,1.5571
cast,000000546475__Minimalism__mario-schifano_untitled-1963.png,0.4569,0.7705,0.4976,2.7254,1.1517
cast,000000546475__Naive_Art_Primitivism__marc-chagall_the-young-samuel-the-priest-s-servant-heard-that-he-is-called-by-god-eli-and-he-were-sleeping.png,0.4569,0.7705,0.4976,2.7254,6.8433
cast,000000546475__Northern_Renaissance__albrecht-durer_lamentation-over-christ-1507.png,0.2512,0.7196,0.1363,2.4889,2.3245
cast,000000546475__Pop_Art__peter-max_composition-red-green-1979.png,0.4352,0.5194,0.5115,2.1666,3.0963
cast,000000546475__Post_Impressionism__vincent-van-gogh_restaurant-de-la-sirene-at-asnieres-1887.png,0.2729,0.6938,0.1599,2.7002,5.6615
cast,000000546475__Realism__vincent-van-gogh_cottage-with-peasant-coming-home-1885(1).png,0.5216,0.5158,0.3996,1.9716,3.0435
cast,000000546475__Rococo__dmitry-levitzky_portrait-of-baron-a-n-stroganoff.png,0.5615,0.4236,0.6747,1.8742,1.728
cast,000000546475__Romanticism__gustave-dore_paradise-lost-4.png,0.4521,0.6399,0.3815,2.4063,1.0395
cast,000000546475__Symbolism__nicholas-roerich_language-of-forest-1922.png,0.4659,0.625,0.3856,2.2302,2.4676
cast,000000546475__Ukiyo_e__kitagawa-utamaro_not_detected_233134.png,0.4299,0.5622,0.4018,2.1402,1.8089
cast,000000560178__Abstract_Expressionism__paul-jenkins_not_detected_235703.png,0.6252,0.5661,0.6393,2.3133,0.8969
cast,000000560178__Art_Nouveau_Modern__nicholas-roerich_oze-1914.png,0.4673,0.7167,0.3667,2.7082,1.9646
cast,000000560178__Baroque__rembrandt_portrait-of-nicolas-van-bambeeck-1641.png,0.5434,0.7022,0.6806,2.4801,0.7071
cast,000000560178__Color_Field_Painting__leon-berkowitz_dark-light-rose-gold-1978.png,0.5385,0.8841,0.6478,2.9111,1.5961
cast,000000560178__Cubism__salvador-dali_cubist-composition-portrait-of-a-seated-person-holding-a-letter.png,0.6587,0.698,0.5758,2.3894,0.7484
cast,000000560178__Early_Renaissance__pietro-perugino_st-jerome-who-attends-two-unfairly-hanged-1473.png,0.4017,0.6652,0.2733,2.5651,1.8039
cast,000000560178__Expressionism__amedeo-modigliani_germaine-survage-with-earrings-1918.png,0.5428,0.7743,0.4265,2.3075,0.6681
cast,000000560178__High_Renaissance__raphael_madonna-and-child-enthroned-with-saints-1505.png,0.3986,0.6909,0.2528,2.7026,5.1437
cast,000000560178__Impressionism__pierre-auguste-renoir_leaving-the-bath-1890.png,0.604,0.6864,0.4328,2.3788,0.9756
cast,000000560178__Mannerism_Late_Renaissance__tintoretto_st-mark-rescuing-a-saracen-from-shipwreck-1566.png,0.3241,0.7139,0.2467,2.7091,1.7124
cast,000000560178__Minimalism__mario-schifano_untitled-1963.png,0.5604,1.0193,0.6966,2.9113,1.1996
cast,000000560178__Naive_Art_Primitivism__marc-chagall_the-young-samuel-the-priest-s-servant-heard-that-he-is-called-by-god-eli-and-he-were-sleeping.png,0.5604,1.0193,0.6966,2.9113,7.2827
cast,000000560178__Northern_Renaissance__albrecht-durer_lamentation-over-christ-1507.png,0.1636,0.7884,0.0708,3.0148,4.7232
cast,000000560178__Pop_Art__peter-max_composition-red-green-1979.png,0.479,0.607,0.485,2.5497,3.8581
cast,000000560178__Post_Impressionism__vincent-van-gogh_restaurant-de-la-sirene-at-asnieres-1887.png,0.1881,0.8405,0.069,2.9984,4.7275
cast,000000560178__Realism__vincent-van-gogh_cottage-with-peasant-coming-home-1885(1).png,0.5031,0.6442,0.3429,2.4574,1.7054
cast,000000560178__Rococo__dmitry-levitzky_portrait-of-baron-a-n-stroganoff.png,0.5294,0.6758,0.6721,2.2335,0.7529
cast,000000560178__Romanticism__gustave-dore_paradise-lost-4.png,0.3383,0.7478,0.3023,2.9326,0.6962
cast,000000560178__Symbolism__nicholas-roerich_language-of-forest-1922.png,0.4025,0.6963,0.2618,2.7646,1.9435
cast,000000560178__Ukiyo_e__kitagawa-utamaro_not_detected_233134.png,0.4319,0.7524,0.3477,2.6731,2.6366
cast,000000572517__Abstract_Expressionism__paul-jenkins_not_detected_235703.png,0.4711,0.5373,0.3379,2.5167,1.2971
cast,000000572517__Art_Nouveau_Modern__nicholas-roerich_oze-1914.png,0.5171,0.5879,0.4009,2.6967,2.4415
cast,000000572517__Baroque__rembrandt_portrait-of-nicolas-van-bambeeck-1641.png,0.4283,0.4999,0.3132,2.4443,1.0757
cast,000000572517__Color_Field_Painting__leon-berkowitz_dark-light-rose-gold-1978.png,0.3386,0.8439,0.2936,3.1034,2.1151
cast,000000572517__Cubism__salvador-dali_cubist-composition-portrait-of-a-seated-person-holding-a-letter.png,0.5382,0.5353,0.4166,2.2109,1.1239
cast,000000572517__Early_Renaissance__pietro-perugino_st-jerome-who-attends-two-unfairly-hanged-1473.png,0.5133,0.5301,0.4123,2.4074,2.2229
cast,000000572517__Expressionism__amedeo-modigliani_germaine-survage-with-earrings-1918.png,0.4962,0.5929,0.3892,2.3842,1.0762
cast,000000572517__High_Renaissance__raphael_madonna-and-child-enthroned-with-saints-1505.png,0.5593,0.4956,0.4344,2.4327,3.1813
cast,000000572517__Impressionism__pierre-auguste-renoir_leaving-the-bath-1890.png,0.5012,0.5478,0.3885,2.336,1.4892
cast,000000572517__Mannerism_Late_Renaissance__tintoretto_st-mark-rescuing-a-saracen-from-shipwreck-1566.png,0.4887,0.5206,0.3912,2.5662,1.7039
cast,000000572517__Minimalism__mario-schifano_untitled-1963.png,0.2845,0.9105,0.157,3.1361,1.1658
cast,000000572517__Naive_Art_Primitivism__marc-chagall_the-young-samuel-the-priest-s-servant-heard-that-he-is-called-by-god-eli-and-he-were-sleeping.png,0.2845,0.9105,0.157,3.1361,7.1451
cast,000000572517__Northern_Renaissance__albrecht-durer_lamentation-over-christ-1507.png,0.3236,0.5618,0.1906,2.7294,2.3949
cast,000000572517__Pop_Art__peter-max_composition-red-green-1979.png,0.3398,0.5718,0.3071,2.7383,3.2401
cast,000000572517__Post_Impressionism__vincent-van-gogh_restaurant-de-la-sirene-at-asnieres-1887.png,0.3081,0.6336,0.1515,2.9292,5.77
cast,000000572517__Realism__vincent-van-gogh_cottage-with-peasant-coming-home-1885(1).png,0.5537,0.4263,0.4312,2.188,2.3239
cast,000000572517__Rococo__dmitry-levitzky_portrait-of-baron-a-n-stroganoff.png,0.4211,0.5426,0.336,2.4597,1.3852
cast,000000572517__Romanticism__gustave-dore_paradise-lost-4.png,0.4864,0.4806,0.3915,2.482,0.7006
cast,000000572517__Symbolism__nicholas-roerich_language-of-forest-1922.png,0.4933,0.6084,0.4136,2.6878,1.792
cast,000000572517__Ukiyo_e__kitagawa-utamaro_not_detected_233134.png,0.3815,0.5998,0.3018,2.6529,2.098
ccstytr,000000001818__Abstract_Expressionism__paul-jenkins_not_detected_235703.png,0.4505,0.3378,0.5362,1.3535,0.9583
ccstytr,000000001818__Art_Nouveau_Modern__nicholas-roerich_oze-1914.png,0.399,0.4199,0.5228,1.6375,1.0441
ccstytr,000000001818__Baroque__rembrandt_portrait-of-nicolas-van-bambeeck-1641.png,0.2625,0.4608,0.4835,1.4135,0.7086
ccstytr,000000001818__Color_Field_Painting__leon-berkowitz_dark-light-rose-gold-1978.png,0.1939,0.7546,0.2628,2.5665,0.7776
ccstytr,000000001818__Cubism__salvador-dali_cubist-composition-portrait-of-a-seated-person-holding-a-letter.png,0.344,0.6183,0.4554,1.423,0.638
ccstytr,000000001818__Early_Renaissance__pietro-perugino_st-jerome-who-attends-two-unfairly-hanged-1473.png,0.5598,0.3996,0.6225,1.6979,0.8771
ccstytr,000000001818__Expressionism__amedeo-modigliani_germaine-survage-with-earrings-1918.png,0.4004,0.5153,0.4811,1.4919,0.5963
ccstytr,000000001818__High_Renaissance__raphael_madonna-and-child-enthroned-with-saints-1505.png,0.4988,0.4705,0.5349,2.1429,1.9165
ccstytr,000000001818__Impressionism__pierre-auguste-renoir_leaving-the-bath-1890.png,0.3432,0.5228,0.4057,1.8747,0.6198
ccstytr,000000001818__Mannerism_Late_Renaissance__tintoretto_st-mark-rescuing-a-saracen-from-shipwreck-1566.png,0.5466,0.3738,0.6221,1.5983,1.0642
ccstytr,000000001818__Minimalism__mario-schifano_untitled-1963.png,0.1608,0.9706,0.1826,2.3778,1.4934
ccstytr,000000001818__Naive_Art_Primitivism__marc-chagall_the-young-samuel-the-priest-s-servant-heard-that-he-is-called-by-god-eli-and-he-were-sleeping.png,0.4916,0.3975,0.5196,1.7637,0.6004
ccstytr,000000001818__Northern_Renaissance__albrecht-durer_lamentation-over-christ-1507.png,0.5202,0.4362,0.4958,2.1183,1.2483
ccstytr,000000001818__Pop_Art__peter-max_composition-red-green-1979.png,0.2875,0.5364,0.3064,2.4193,1.8948
ccstytr,000000001818__Post_Impressionism__vincent-van-gogh_restaurant-de-la-sirene-at-asnieres-1887.png,0.4953,0.5066,0.5072,2.0738,0.9794
ccstytr,000000001818__Realism__vincent-van-gogh_cottage-with-peasant-coming-home-1885(1).png,0.5121,0.3792,0.593,1.4487,0.5865
ccstytr,000000001818__Rococo__dmitry-levitzky_portrait-of-baron-a-n-stroganoff.png,0.2689,0.4867,0.4571,1.4598,0.7496
ccstytr,000000001818__Romanticism__gustave-dore_paradise-lost-4.png,0.4862,0.2983,0.6573,1.1796,1.0948
ccstytr,000000001818__Symbolism__nicholas-roerich_language-of-forest-1922.png,0.4859,0.4745,0.601,1.9783,0.8267
ccstytr,000000001818__Ukiyo_e__kitagawa-utamaro_not_detected_233134.png,0.4082,0.5187,0.4328,2.1391,1.2156
ccstytr,000000009448__Abstract_Expressionism__paul-jenkins_not_detected_235703.png,0.5047,0.3198,0.6042,0.9678,0.9645
ccstytr,000000009448__Art_Nouveau_Modern__nicholas-roerich_oze-1914.png,0.4863,0.4304,0.6139,1.1885,1.0144
ccstytr,000000009448__Baroque__rembrandt_portrait-of-nicolas-van-bambeeck-1641.png,0.3216,0.574,0.556,1.1417,0.5928
ccstytr,000000009448__Color_Field_Painting__leon-berkowitz_dark-light-rose-gold-1978.png,0.3395,0.6794,0.393,1.8429,0.9229
ccstytr,000000009448__Cubism__salvador-dali_cubist-composition-portrait-of-a-seated-person-holding-a-letter.png,0.4422,0.6312,0.5667,1.1845,0.6291
ccstytr,000000009448__Early_Renaissance__pietro-perugino_st-jerome-who-attends-two-unfairly-hanged-1473.png,0.5132,0.4772,0.5482,1.3184,0.8563
ccstytr,000000009448__Expressionism__amedeo-modigliani_germaine-survage-with-earrings-1918.png,0.4375,0.6073,0.5528,1.2572,0.6207
ccstytr,000000009448__High_Renaissance__raphael_madonna-and-child-enthroned-with-saints-1505.png,0.506,0.4456,0.6166,1.3899,1.4231
ccstytr,000000009448__Impressionism__pierre-auguste-renoir_leaving-the-bath-1890.png,0.4276,0.5784,0.4818,1.4815,0.6158
ccstytr,000000009448__Mannerism_Late_Renaissance__tintoretto_st-mark-rescuing-a-saracen-from-shipwreck-1566.png,0.4507,0.4836,0.5455,1.4248,0.9703
ccstytr,000000009448__Minimalism__mario-schifano_untitled-1963.png,0.2893,0.9764,0.3979,1.7674,1.2932
ccstytr,000000009448__Naive_Art_Primitivism__marc-chagall_the-young-samuel-the-priest-s-servant-heard-that-he-is-called-by-god-eli-and-he-were-sleeping.png,0.4806,0.4908,0.461,1.4971,0.703
ccstytr,000000009448__Northern_Renaissance__albrecht-durer_lamentation-over-christ-1507.png,0.3745,0.5124,0.3471,1.8726,1.1531
ccstytr,000000009448__Pop_Art__peter-max_composition-red-green-1979.png,0.4161,0.4592,0.571,1.4472,2.187
ccstytr,000000009448__Post_Impressionism__vincent-van-gogh_restaurant-de-la-sirene-at-asnieres-1887.png,0.4493,0.5963,0.4355,1.7743,1.0936
ccstytr,000000009448__Realism__vincent-van-gogh_cottage-with-peasant-coming-home-1885(1).png,0.5202,0.5174,0.5571,1.4068,0.5949
ccstytr,000000009448__Rococo__dmitry-levitzky_portrait-of-baron-a-n-stroganoff.png,0.3303,0.5697,0.579,1.1096,0.5848
ccstytr,000000009448__Romanticism__gustave-dore_paradise-lost-4.png,0.4563,0.4277,0.5534,1.1496,0.903
ccstytr,000000009448__Symbolism__nicholas-roerich_language-of-forest-1922.png,0.4983,0.4852,0.5518,1.5241,0.8482
ccstytr,000000009448__Ukiyo_e__kitagawa-utamaro_not_detected_233134.png,0.4782,0.5177,0.5636,1.437,1.0401
ccstytr,000000072795__Abstract_Expressionism__paul-jenkins_not_detected_235703.png,0.5779,0.3309,0.5114,1.346,1.3954
ccstytr,000000072795__Art_Nouveau_Modern__nicholas-roerich_oze-1914.png,0.6269,0.324,0.6594,0.9338,1.0541
ccstytr,000000072795__Baroque__rembrandt_portrait-of-nicolas-van-bambeeck-1641.png,0.4735,0.3608,0.5717,1.104,0.6875
ccstytr,000000072795__Color_Field_Painting__leon-berkowitz_dark-light-rose-gold-1978.png,0.3369,0.7956,0.3614,2.3532,0.8084
ccstytr,000000072795__Cubism__salvador-dali_cubist-composition-portrait-of-a-seated-person-holding-a-letter.png,0.4951,0.4828,0.525,1.1895,0.809
ccstytr,000000072795__Early_Renaissance__pietro-perugino_st-jerome-who-attends-two-unfairly-hanged-1473.png,0.6424,0.3582,0.6367,1.2754,1.3084
ccstytr,000000072795__Expressionism__amedeo-modigliani_germaine-survage-with-earrings-1918.png,0.5714,0.4732,0.5736,1.2537,0.8466
ccstytr,000000072795__High_Renaissance__raphael_madonna-and-child-enthroned-with-saints-1505.png,0.6338,0.3445,0.627,1.46,1.5404
ccstytr,000000072795__Impressionism__pierre-auguste-renoir_leaving-the-bath-1890.png,0.474,0.474,0.483,1.5183,0.6889
ccstytr,000000072795__Mannerism_Late_Renaissance__tintoretto_st-mark-rescuing-a-saracen-from-shipwreck-1566.png,0.7667,0.2965,0.7435,1.0259,1.1397
ccstytr,000000072795__Minimalism__mario-schifano_untitled-1963.png,0.2681,0.8261,0.2563,1.9691,1.2561
ccstytr,000000072795__Naive_Art_Primitivism__marc-chagall_the-young-samuel-the-priest-s-servant-heard-that-he-is-called-by-god-eli-and-he-were-sleeping.png,0.5042,0.403,0.5411,1.3872,0.8178
ccstytr,000000072795__Northern_Renaissance__albrecht-durer_lamentation-over-christ-1507.png,0.4571,0.454,0.4275,1.8755,1.2479
ccstytr,000000072795__Pop_Art__peter-max_composition-red-green-1979.png,0.2995,0.4619,0.3517,2.0514,1.8778
ccstytr,000000072795__Post_Impressionism__vincent-van-gogh_restaurant-de-la-sirene-at-asnieres-1887.png,0.5181,0.5219,0.5175,1.7343,1.1669
ccstytr,000000072795__Realism__vincent-van-gogh_cottage-with-peasant-coming-home-1885(1).png,0.6173,0.2828,0.6759,1.006,0.72
ccstytr,000000072795__Rococo__dmitry-levitzky_portrait-of-baron-a-n-stroganoff.png,0.486,0.3545,0.6023,1.0914,0.8432
ccstytr,000000072795__Romanticism__gustave-dore_paradise-lost-4.png,0.7315,0.2846,0.75,1.0122,1.0789
ccstytr,000000072795__Symbolism__nicholas-roerich_language-of-forest-1922.png,0.6095,0.3961,0.6614,1.3692,1.3959
ccstytr,000000072795__Ukiyo_e__kitagawa-utamaro_not_detected_233134.png,0.4001,0.521,0.4431,1.9005,1.4417
ccstytr,000000078420__Abstract_Expressionism__paul-jenkins_not_detected_235703.png,0.7618,0.3503,0.798,1.0463,1.2529
ccstytr,000000078420__Art_Nouveau_Modern__nicholas-roerich_oze-1914.png,0.6934,0.3782,0.728,1.1558,1.0379
ccstytr,000000078420__Baroque__rembrandt_portrait-of-nicolas-van-bambeeck-1641.png,0.6009,0.4167,0.6652,1.2103,0.8977
ccstytr,000000078420__Color_Field_Painting__leon-berkowitz_dark-light-rose-gold-1978.png,0.4807,0.6384,0.5027,2.3008,0.9079
ccstytr,000000078420__Cubism__salvador-dali_cubist-composition-portrait-of-a-seated-person-holding-a-letter.png,0.6559,0.601,0.7531,1.1508,0.6757
ccstytr,000000078420__Early_Renaissance__pietro-perugino_st-jerome-who-attends-two-unfairly-hanged-1473.png,0.6403,0.3878,0.5635,1.6246,1.0342
ccstytr,000000078420__Expressionism__amedeo-modigliani_germaine-survage-with-earrings-1918.png,0.7069,0.3859,0.6963,1.2605,0.8379
ccstytr,000000078420__High_Renaissance__raphael_madonna-and-child-enthroned-with-saints-1505.png,0.6641,0.3678,0.6043,1.6012,1.9182
ccstytr,000000078420__Impressionism__pierre-auguste-renoir_leaving-the-bath-1890.png,0.6065,0.4232,0.6355,1.5355,0.8514
ccstytr,000000078420__Mannerism_Late_Renaissance__tintoretto_st-mark-rescuing-a-saracen-from-shipwreck-1566.png,0.6679,0.3536,0.5901,1.4498,1.4547
ccstytr,000000078420__Minimalism__mario-schifano_untitled-1963.png,0.4419,0.7467,0.5479,1.9653,1.3706
ccstytr,000000078420__Naive_Art_Primitivism__marc-chagall_the-young-samuel-the-priest-s-servant-heard-that-he-is-called-by-god-eli-and-he-were-sleeping.png,0.4545,0.4937,0.4096,1.8293,0.7061
ccstytr,000000078420__Northern_Renaissance__albrecht-durer_lamentation-over-christ-1507.png,0.4125,0.5012,0.3078,1.8765,1.3088
ccstytr,000000078420__Pop_Art__peter-max_composition-red-green-1979.png,0.4781,0.4061,0.6477,1.8074,1.7893
ccstytr,000000078420__Post_Impressionism__vincent-van-gogh_restaurant-de-la-sirene-at-asnieres-1887.png,0.476,0.5004,0.3778,2.0157,1.0903
ccstytr,000000078420__Realism__vincent-van-gogh_cottage-with-peasant-coming-home-1885(1).png,0.6536,0.3652,0.6431,1.2875,0.7566
ccstytr,000000078420__Rococo__dmitry-levitzky_portrait-of-baron-a-n-stroganoff.png,0.6201,0.3485,0.6993,1.1165,0.8938
ccstytr,000000078420__Romanticism__gustave-dore_paradise-lost-4.png,0.6378,0.4275,0.5567,1.3513,1.2666
ccstytr,000000078420__Symbolism__nicholas-roerich_language-of-forest-1922.png,0.6159,0.4273,0.5768,1.6692,1.0999
ccstytr,000000078420__Ukiyo_e__kitagawa-utamaro_not_detected_233134.png,0.5231,0.3926,0.6157,1.5994,1.036
ccstytr,000000085682__Abstract_Expressionism__paul-jenkins_not_detected_235703.png,0.7915,0.3069,0.7013,1.3982,1.0133
ccstytr,000000085682__Art_Nouveau_Modern__nicholas-roerich_oze-1914.png,0.7796,0.4084,0.7434,1.3479,1.1292
ccstytr,000000085682__Baroque__rembrandt_portrait-of-nicolas-van-bambeeck-1641.png,0.5778,0.5251,0.6363,1.2484,0.6621
ccstytr,000000085682__Color_Field_Painting__leon-berkowitz_dark-light-rose-gold-1978.png,0.5216,0.7441,0.4127,2.258,0.7959
ccstytr,000000085682__Cubism__salvador-dali_cubist-composition-portrait-of-a-seated-person-holding-a-letter.png,0.7278,0.63,0.6341,1.3883,0.7903
ccstytr,000000085682__Early_Renaissance__pietro-perugino_st-jerome-who-attends-two-unfairly-hanged-1473.png,0.7128,0.469,0.6082,1.4117,1.0966
ccstytr,000000085682__Expressionism__amedeo-modigliani_germaine-survage-with-earrings-1918.png,0.6814,0.6522,0.6287,1.4109,0.69
ccstytr,000000085682__High_Renaissance__raphael_madonna-and-child-enthroned-with-saints-1505.png,0.6811,0.4917,0.5804,1.8925,1.7013
ccstytr,000000085682__Impressionism__pierre-auguste-renoir_leaving-the-bath-1890.png,0.6412,0.6178,0.5315,1.6515,0.7081
ccstytr,000000085682__Mannerism_Late_Renaissance__tintoretto_st-mark-rescuing-a-saracen-from-shipwreck-1566.png,0.6243,0.5009,0.5399,1.6547,0.975
ccstytr,000000085682__Minimalism__mario-schifano_untitled-1963.png,0.4946,0.9115,0.4955,1.9756,1.145
ccstytr,000000085682__Naive_Art_Primitivism__marc-chagall_the-young-samuel-the-priest-s-servant-heard-that-he-is-called-by-god-eli-and-he-were-sleeping.png,0.5897,0.4457,0.5424,1.352,0.6047
ccstytr,000000085682__Northern_Renaissance__albrecht-durer_lamentation-over-christ-1507.png,0.4594,0.5062,0.4193,2.0976,1.1851
ccstytr,000000085682__Pop_Art__peter-max_composition-red-green-1979.png,0.5536,0.5262,0.6036,2.1559,1.8561
ccstytr,000000085682__Post_Impressionism__vincent-van-gogh_restaurant-de-la-sirene-at-asnieres-1887.png,0.5561,0.5976,0.4907,1.7599,0.8178
ccstytr,000000085682__Realism__vincent-van-gogh_cottage-with-peasant-coming-home-1885(1).png,0.7516,0.4114,0.658,1.0979,0.4663
ccstytr,000000085682__Rococo__dmitry-levitzky_portrait-of-baron-a-n-stroganoff.png,0.5866,0.5415,0.6868,1.3214,0.6721
ccstytr,000000085682__Romanticism__gustave-dore_paradise-lost-4.png,0.6457,0.4075,0.5532,1.2113,0.9624
ccstytr,000000085682__Symbolism__nicholas-roerich_language-of-forest-1922.png,0.6672,0.4919,0.5808,1.629,0.9524
ccstytr,000000085682__Ukiyo_e__kitagawa-utamaro_not_detected_233134.png,0.5835,0.6153,0.5572,1.9779,1.4278
ccstytr,000000094157__Abstract_Expressionism__paul-jenkins_not_detected_235703.png,0.6487,0.4296,0.5311,1.6198,1.218
ccstytr,000000094157__Art_Nouveau_Modern__nicholas-roerich_oze-1914.png,0.6683,0.4241,0.5852,1.4286,0.9197
ccstytr,000000094157__Baroque__rembrandt_portrait-of-nicolas-van-bambeeck-1641.png,0.4481,0.526,0.4902,1.2539,0.6866
ccstytr,000000094157__Color_Field_Painting__leon-berkowitz_dark-light-rose-gold-1978.png,0.5332,0.6981,0.3622,2.0093,0.8205
ccstytr,000000094157__Cubism__salvador-dali_cubist-composition-portrait-of-a-seated-person-holding-a-letter.png,0.6775,0.638,0.5426,1.3348,0.8565
ccstytr,000000094157__Early_Renaissance__pietro-perugino_st-jerome-who-attends-two-unfairly-hanged-1473.png,0.6234,0.4725,0.4728,1.5658,1.3506
ccstytr,000000094157__Expressionism__amedeo-modigliani_germaine-survage-with-earrings-1918.png,0.6359,0.6151,0.5077,1.5527,0.8041
ccstytr,000000094157__High_Renaissance__raphael_madonna-and-child-enthroned-with-saints-1505.png,0.6614,0.4471,0.5722,1.6731,1.4148
ccstytr,000000094157__Impressionism__pierre-auguste-renoir_leaving-the-bath-1890.png,0.6233,0.5653,0.4374,1.6214,0.718
ccstytr,000000094157__Mannerism_Late_Renaissance__tintoretto_st-mark-rescuing-a-saracen-from-shipwreck-1566.png,0.5147,0.4946,0.4415,1.757,1.0367
ccstytr,000000094157__Minimalism__mario-schifano_untitled-1963.png,0.5875,0.8127,0.5629,1.5964,1.0763
ccstytr,000000094157__Naive_Art_Primitivism__marc-chagall_the-young-samuel-the-priest-s-servant-heard-that-he-is-called-by-god-eli-and-he-were-sleeping.png,0.5942,0.4374,0.4456,1.3163,0.7617
ccstytr,000000094157__Northern_Renaissance__albrecht-durer_lamentation-over-christ-1507.png,0.4772,0.5127,0.3656,2.0351,1.2032
ccstytr,000000094157__Pop_Art__peter-max_composition-red-green-1979.png,0.6154,0.4575,0.5766,2.1336,1.6181
ccstytr,000000094157__Post_Impressionism__vincent-van-gogh_restaurant-de-la-sirene-at-asnieres-1887.png,0.5746,0.5647,0.4054,1.6408,1.0031
ccstytr,000000094157__Realism__vincent-van-gogh_cottage-with-peasant-coming-home-1885(1).png,0.7567,0.3796,0.5626,1.061,0.7063
ccstytr,000000094157__Rococo__dmitry-levitzky_portrait-of-baron-a-n-stroganoff.png,0.4629,0.5178,0.5253,1.3762,0.7503
ccstytr,000000094157__Romanticism__gustave-dore_paradise-lost-4.png,0.4809,0.4485,0.4599,1.322,1.0341
ccstytr,000000094157__Symbolism__nicholas-roerich_language-of-forest-1922.png,0.6225,0.4583,0.4831,1.6296,1.2812
ccstytr,000000094157__Ukiyo_e__kitagawa-utamaro_not_detected_233134.png,0.6241,0.576,0.4903,2.0278,1.5847
ccstytr,000000098633__Abstract_Expressionism__paul-jenkins_not_detected_235703.png,0.8119,0.2879,0.8722,0.9546,1.0291
ccstytr,000000098633__Art_Nouveau_Modern__nicholas-roerich_oze-1914.png,0.7188,0.3502,0.672,1.1985,0.7404
ccstytr,000000098633__Baroque__rembrandt_portrait-of-nicolas-van-bambeeck-1641.png,0.6884,0.4222,0.712,1.1054,0.5563
ccstytr,000000098633__Color_Field_Painting__leon-berkowitz_dark-light-rose-gold-1978.png,0.5713,0.6236,0.6026,1.9175,0.919
ccstytr,000000098633__Cubism__salvador-dali_cubist-composition-portrait-of-a-seated-person-holding-a-letter.png,0.7388,0.5911,0.8291,1.0985,0.4997
ccstytr,000000098633__Early_Renaissance__pietro-perugino_st-jerome-who-attends-two-unfairly-hanged-1473.png,0.6079,0.3799,0.531,1.4756,0.9519
ccstytr,000000098633__Expressionism__amedeo-modigliani_germaine-survage-with-earrings-1918.png,0.7504,0.4486,0.7164,1.0266,0.5633
ccstytr,000000098633__High_Renaissance__raphael_madonna-and-child-enthroned-with-saints-1505.png,0.6115,0.3928,0.5629,1.6753,1.3733
ccstytr,000000098633__Impressionism__pierre-auguste-renoir_leaving-the-bath-1890.png,0.6662,0.4377,0.695,1.2845,0.57
ccstytr,000000098633__Mannerism_Late_Renaissance__tintoretto_st-mark-rescuing-a-saracen-from-shipwreck-1566.png,0.5929,0.3969,0.498,1.4854,0.8182
ccstytr,000000098633__Minimalism__mario-schifano_untitled-1963.png,0.5479,0.7923,0.7039,1.7449,1.2596
ccstytr,000000098633__Naive_Art_Primitivism__marc-chagall_the-young-samuel-the-priest-s-servant-heard-that-he-is-called-by-god-eli-and-he-were-sleeping.png,0.432,0.5145,0.356,1.7689,0.5395
ccstytr,000000098633__Northern_Renaissance__albrecht-durer_lamentation-over-christ-1507.png,0.3594,0.5591,0.3085,2.1706,1.1381
ccstytr,000000098633__Pop_Art__peter-max_composition-red-green-1979.png,0.5245,0.4251,0.6674,1.8049,1.5386
ccstytr,000000098633__Post_Impressionism__vincent-van-gogh_restaurant-de-la-sirene-at-asnieres-1887.png,0.4116,0.6175,0.3127,2.158,1.0756
ccstytr,000000098633__Realism__vincent-van-gogh_cottage-with-peasant-coming-home-1885(1).png,0.6258,0.4313,0.5833,1.4855,0.4461
ccstytr,000000098633__Rococo__dmitry-levitzky_portrait-of-baron-a-n-stroganoff.png,0.7145,0.349,0.758,0.8717,0.6247
ccstytr,000000098633__Romanticism__gustave-dore_paradise-lost-4.png,0.6025,0.4518,0.4566,1.463,0.9491
ccstytr,000000098633__Symbolism__nicholas-roerich_language-of-forest-1922.png,0.5729,0.4515,0.4804,1.7322,0.8559
ccstytr,000000098633__Ukiyo_e__kitagawa-utamaro_not_detected_233134.png,0.521,0.4666,0.5896,1.6297,1.0844
ccstytr,000000106912__Abstract_Expressionism__paul-jenkins_not_detected_235703.png,0.7263,0.3722,0.7538,1.4126,1.1116
ccstytr,000000106912__Art_Nouveau_Modern__nicholas-roerich_oze-1914.png,0.6851,0.4388,0.6523,1.3931,1.0026
ccstytr,000000106912__Baroque__rembrandt_portrait-of-nicolas-van-bambeeck-1641.png,0.5477,0.4819,0.721,1.0593,0.5868
ccstytr,000000106912__Color_Field_Painting__leon-berkowitz_dark-light-rose-gold-1978.png,0.6385,0.618,0.579,1.8501,0.7775
ccstytr,000000106912__Cubism__salvador-dali_cubist-composition-portrait-of-a-seated-person-holding-a-letter.png,0.7672,0.6124,0.7492,1.1961,0.7648
ccstytr,000000106912__Early_Renaissance__pietro-perugino_st-jerome-who-attends-two-unfairly-hanged-1473.png,0.5614,0.5024,0.4853,1.7922,1.1742
ccstytr,000000106912__Expressionism__amedeo-modigliani_germaine-survage-with-earrings-1918.png,0.6747,0.5776,0.6662,1.3742,0.7258
ccstytr,000000106912__High_Renaissance__raphael_madonna-and-child-enthroned-with-saints-1505.png,0.5781,0.4994,0.5283,1.9741,1.5354
ccstytr,000000106912__Impressionism__pierre-auguste-renoir_leaving-the-bath-1890.png,0.6837,0.5403,0.631,1.4989,0.6421
ccstytr,000000106912__Mannerism_Late_Renaissance__tintoretto_st-mark-rescuing-a-saracen-from-shipwreck-1566.png,0.4653,0.526,0.4784,1.8867,0.8944
ccstytr,000000106912__Minimalism__mario-schifano_untitled-1963.png,0.6935,0.77,0.7541,1.3742,1.0171
ccstytr,000000106912__Naive_Art_Primitivism__marc-chagall_the-young-samuel-the-priest-s-servant-heard-that-he-is-called-by-god-eli-and-he-were-sleeping.png,0.5029,0.5193,0.3768,1.5367,0.6283
ccstytr,000000106912__Northern_Renaissance__albrecht-durer_lamentation-over-christ-1507.png,0.3527,0.5948,0.264,2.2665,1.4252
ccstytr,000000106912__Pop_Art__peter-max_composition-red-green-1979.png,0.6389,0.4782,0.6965,2.1569,1.9064
ccstytr,000000106912__Post_Impressionism__vincent-van-gogh_restaurant-de-la-sirene-at-asnieres-1887.png,0.454,0.6216,0.3288,1.9262,0.92
ccstytr,000000106912__Realism__vincent-van-gogh_cottage-with-peasant-coming-home-1885(1).png,0.6796,0.4441,0.5722,1.2565,0.4736
ccstytr,000000106912__Rococo__dmitry-levitzky_portrait-of-baron-a-n-stroganoff.png,0.5602,0.4879,0.7371,1.1637,0.7975
ccstytr,000000106912__Romanticism__gustave-dore_paradise-lost-4.png,0.4691,0.4978,0.4409,1.427,0.7903
ccstytr,000000106912__Symbolism__nicholas-roerich_language-of-forest-1922.png,0.5689,0.5224,0.4843,1.9257,0.9453
ccstytr,000000106912__Ukiyo_e__kitagawa-utamaro_not_detected_233134.png,0.6077,0.5717,0.5569,1.9443,1.1532
ccstytr,000000116208__Abstract_Expressionism__paul-jenkins_not_detected_235703.png,0.6526,0.2804,0.6349,1.0765,1.1704
ccstytr,000000116208__Art_Nouveau_Modern__nicholas-roerich_oze-1914.png,0.6417,0.3121,0.7325,0.9791,0.8204
ccstytr,000000116208__Baroque__rembrandt_portrait-of-nicolas-van-bambeeck-1641.png,0.4479,0.4042,0.6173,1.2548,0.7792
ccstytr,000000116208__Color_Field_Painting__leon-berkowitz_dark-light-rose-gold-1978.png,0.35,0.7287,0.3861,2.4195,0.96
ccstytr,000000116208__Cubism__salvador-dali_cubist-composition-portrait-of-a-seated-person-holding-a-letter.png,0.5503,0.5117,0.6187,1.1779,0.5086
ccstytr,000000116208__Early_Renaissance__pietro-perugino_st-jerome-who-attends-two-unfairly-hanged-1473.png,0.7373,0.2682,0.7451,1.0288,1.0362
ccstytr,000000116208__Expressionism__amedeo-modigliani_germaine-survage-with-earrings-1918.png,0.6076,0.4187,0.6651,1.1705,0.6452
ccstytr,000000116208__High_Renaissance__raphael_madonna-and-child-enthroned-with-saints-1505.png,0.7396,0.2836,0.758,1.2032,1.5027
ccstytr,000000116208__Impressionism__pierre-auguste-renoir_leaving-the-bath-1890.png,0.536,0.4183,0.5618,1.4632,0.6067
ccstytr,000000116208__Mannerism_Late_Renaissance__tintoretto_st-mark-rescuing-a-saracen-from-shipwreck-1566.png,0.7403,0.2746,0.7533,1.016,0.9722
ccstytr,000000116208__Minimalism__mario-schifano_untitled-1963.png,0.3074,0.8385,0.3193,2.0541,1.3971
ccstytr,000000116208__Naive_Art_Primitivism__marc-chagall_the-young-samuel-the-priest-s-servant-heard-that-he-is-called-by-god-eli-and-he-were-sleeping.png,0.5479,0.4235,0.5554,1.6463,0.7269
ccstytr,000000116208__Northern_Renaissance__albrecht-durer_lamentation-over-christ-1507.png,0.5358,0.4193,0.4673,1.7746,1.0459
ccstytr,000000116208__Pop_Art__peter-max_composition-red-green-1979.png,0.4225,0.3676,0.5095,1.6756,1.4464
ccstytr,000000116208__Post_Impressionism__vincent-van-gogh_restaurant-de-la-sirene-at-asnieres-1887.png,0.5741,0.4846,0.5649,1.8264,1.189
ccstytr,000000116208__Realism__vincent-van-gogh_cottage-with-peasant-coming-home-1885(1).png,0.6806,0.3092,0.7395,1.1432,0.5673
ccstytr,000000116208__Rococo__dmitry-levitzky_portrait-of-baron-a-n-stroganoff.png,0.4618,0.3724,0.6442,1.0941,0.7344
ccstytr,000000116208__Romanticism__gustave-dore_paradise-lost-4.png,0.6526,0.3402,0.6873,1.2468,1.1207
ccstytr,000000116208__Symbolism__nicholas-roerich_language-of-forest-1922.png,0.6902,0.338,0.7591,1.1845,1.0068
ccstytr,000000116208__Ukiyo_e__kitagawa-utamaro_not_detected_233134.png,0.5437,0.3926,0.6484,1.4246,1.0934
ccstytr,000000135872__Abstract_Expressionism__paul-jenkins_not_detected_235703.png,0.8082,0.2697,0.8277,0.8929,0.9318
ccstytr,000000135872__Art_Nouveau_Modern__nicholas-roerich_oze-1914.png,0.7602,0.3785,0.7658,1.0995,0.9129
ccstytr,000000135872__Baroque__rembrandt_portrait-of-nicolas-van-bambeeck-1641.png,0.6342,0.3389,0.6828,1.0297,0.6368
ccstytr,000000135872__Color_Field_Painting__leon-berkowitz_dark-light-rose-gold-1978.png,0.5348,0.6927,0.4924,2.0183,1.01
ccstytr,000000135872__Cubism__salvador-dali_cubist-composition-portrait-of-a-seated-person-holding-a-letter.png,0.6986,0.5207,0.7429,1.1435,0.5502
ccstytr,000000135872__Early_Renaissance__pietro-perugino_st-jerome-who-attends-two-unfairly-hanged-1473.png,0.7098,0.3495,0.6165,1.1357,0.936
ccstytr,000000135872__Expressionism__amedeo-modigliani_germaine-survage-with-earrings-1918.png,0.7204,0.4751,0.6993,1.1786,0.6879
ccstytr,000000135872__High_Renaissance__raphael_madonna-and-child-enthroned-with-saints-1505.png,0.7252,0.3039,0.6816,1.0749,1.5572
ccstytr,000000135872__Impressionism__pierre-auguste-renoir_leaving-the-bath-1890.png,0.6324,0.4657,0.6191,1.4571,0.6931
ccstytr,000000135872__Mannerism_Late_Renaissance__tintoretto_st-mark-rescuing-a-saracen-from-shipwreck-1566.png,0.6957,0.3646,0.6236,1.2532,1.1062
ccstytr,000000135872__Minimalism__mario-schifano_untitled-1963.png,0.4738,0.7719,0.5289,1.7336,1.1992
ccstytr,000000135872__Naive_Art_Primitivism__marc-chagall_the-young-samuel-the-priest-s-servant-heard-that-he-is-called-by-god-eli-and-he-were-sleeping.png,0.4788,0.4483,0.4266,1.4788,0.7465
ccstytr,000000135872__Northern_Renaissance__albrecht-durer_lamentation-over-christ-1507.png,0.4123,0.4766,0.3728,1.7931,1.0983
ccstytr,000000135872__Pop_Art__peter-max_composition-red-green-1979.png,0.4961,0.3925,0.6552,1.5383,1.619
ccstytr,000000135872__Post_Impressionism__vincent-van-gogh_restaurant-de-la-sirene-at-asnieres-1887.png,0.4903,0.5359,0.4148,1.6524,1.0709
ccstytr,000000135872__Realism__vincent-van-gogh_cottage-with-peasant-coming-home-1885(1).png,0.6606,0.3549,0.6435,1.1704,0.555
ccstytr,000000135872__Rococo__dmitry-levitzky_portrait-of-baron-a-n-stroganoff.png,0.6428,0.3529,0.7097,1.0775,0.6627
ccstytr,000000135872__Romanticism__gustave-dore_paradise-lost-4.png,0.6896,0.3448,0.5745,1.0601,0.9324
ccstytr,000000135872__Symbolism__nicholas-roerich_language-of-forest-1922.png,0.6741,0.3874,0.6599,1.2395,1.0063
ccstytr,000000135872__Ukiyo_e__kitagawa-utamaro_not_detected_233134.png,0.5344,0.4806,0.6272,1.542,1.1353
ccstytr,000000196442__Abstract_Expressionism__paul-jenkins_not_detected_235703.png,0.5992,0.4672,0.6887,1.7174,0.86
ccstytr,000000196442__Art_Nouveau_Modern__nicholas-roerich_oze-1914.png,0.523,0.5135,0.445,1.7559,0.9431
ccstytr,000000196442__Baroque__rembrandt_portrait-of-nicolas-van-bambeeck-1641.png,0.4263,0.585,0.5816,1.2911,0.6135
ccstytr,000000196442__Color_Field_Painting__leon-berkowitz_dark-light-rose-gold-1978.png,0.6363,0.7371,0.5196,1.8983,0.7104
ccstytr,000000196442__Cubism__salvador-dali_cubist-composition-portrait-of-a-seated-person-holding-a-letter.png,0.7102,0.6662,0.6542,1.2297,0.83
ccstytr,000000196442__Early_Renaissance__pietro-perugino_st-jerome-who-attends-two-unfairly-hanged-1473.png,0.4032,0.6063,0.2852,2.2237,0.9103
ccstytr,000000196442__Expressionism__amedeo-modigliani_germaine-survage-with-earrings-1918.png,0.5766,0.6844,0.4814,1.5555,0.6361
ccstytr,000000196442__High_Renaissance__raphael_madonna-and-child-enthroned-with-saints-1505.png,0.3797,0.6042,0.2759,2.5489,1.4513
ccstytr,000000196442__Impressionism__pierre-auguste-renoir_leaving-the-bath-1890.png,0.6556,0.6262,0.5453,1.5908,0.6063
ccstytr,000000196442__Mannerism_Late_Renaissance__tintoretto_st-mark-rescuing-a-saracen-from-shipwreck-1566.png,0.2937,0.6028,0.301,2.2228,0.7873
ccstytr,000000196442__Minimalism__mario-schifano_untitled-1963.png,0.8017,0.8294,0.9003,1.4085,1.1138
ccstytr,000000196442__Naive_Art_Primitivism__marc-chagall_the-young-samuel-the-priest-s-servant-heard-that-he-is-called-by-god-eli-and-he-were-sleeping.png,0.4299,0.5602,0.2002,1.7019,0.5112
ccstytr,000000196442__Northern_Renaissance__albrecht-durer_lamentation-over-christ-1507.png,0.2433,0.6217,0.1377,2.6531,1.2273
ccstytr,000000196442__Pop_Art__peter-max_composition-red-green-1979.png,0.706,0.5315,0.6507,2.2485,1.5091
ccstytr,000000196442__Post_Impressionism__vincent-van-gogh_restaurant-de-la-sirene-at-asnieres-1887.png,0.353,0.6729,0.1459,2.1818,0.8359
ccstytr,000000196442__Realism__vincent-van-gogh_cottage-with-peasant-coming-home-1885(1).png,0.5673,0.4799,0.3381,1.4044,0.4785
ccstytr,000000196442__Rococo__dmitry-levitzky_portrait-of-baron-a-n-stroganoff.png,0.4374,0.5972,0.5464,1.4165,0.6495
ccstytr,000000196442__Romanticism__gustave-dore_paradise-lost-4.png,0.3056,0.5717,0.256,1.7813,0.7727
ccstytr,000000196442__Symbolism__nicholas-roerich_language-of-forest-1922.png,0.446,0.5966,0.2679,2.2808,0.8389
ccstytr,000000196442__Ukiyo_e__kitagawa-utamaro_not_detected_233134.png,0.5323,0.6531,0.3374,2.2788,1.2649
ccstytr,000000210388__Abstract_Expressionism__paul-jenkins_not_detected_235703.png,0.67,0.4341,0.5891,1.14,0.855
ccstytr,000000210388__Art_Nouveau_Modern__nicholas-roerich_oze-1914.png,0.5585,0.5201,0.4745,1.3578,1.055
ccstytr,000000210388__Baroque__rembrandt_portrait-of-nicolas-van-bambeeck-1641.png,0.4539,0.5804,0.435,1.1572,0.6505
ccstytr,000000210388__Color_Field_Painting__leon-berkowitz_dark-light-rose-gold-1978.png,0.5777,0.7447,0.3605,1.8989,0.8736
ccstytr,000000210388__Cubism__salvador-dali_cubist-composition-portrait-of-a-seated-person-holding-a-letter.png,0.6873,0.6817,0.5139,1.2068,0.7467
ccstytr,000000210388__Early_Renaissance__pietro-perugino_st-jerome-who-attends-two-unfairly-hanged-1473.png,0.5017,0.5352,0.3548,1.433,0.8819
ccstytr,000000210388__Expressionism__amedeo-modigliani_germaine-survage-with-earrings-1918.png,0.5924,0.6644,0.436,1.2446,0.6246
ccstytr,000000210388__High_Renaissance__raphael_madonna-and-child-enthroned-with-saints-1505.png,0.5176,0.5228,0.4025,1.7847,1.5483
ccstytr,000000210388__Impressionism__pierre-auguste-renoir_leaving-the-bath-1890.png,0.6043,0.6196,0.4191,1.4615,0.6384
ccstytr,000000210388__Mannerism_Late_Renaissance__tintoretto_st-mark-rescuing-a-saracen-from-shipwreck-1566.png,0.3831,0.5587,0.3187,1.678,0.8243
ccstytr,000000210388__Minimalism__mario-schifano_untitled-1963.png,0.6999,0.8302,0.7469,1.6451,1.0211
ccstytr,000000210388__Naive_Art_Primitivism__marc-chagall_the-young-samuel-the-priest-s-servant-heard-that-he-is-called-by-god-eli-and-he-were-sleeping.png,0.4343,0.5396,0.2805,1.4086,0.5858
ccstytr,000000210388__Northern_Renaissance__albrecht-durer_lamentation-over-christ-1507.png,0.3292,0.572,0.2418,2.0275,1.2823
ccstytr,000000210388__Pop_Art__peter-max_composition-red-green-1979.png,0.7038,0.4595,0.6724,1.8202,1.7796
ccstytr,000000210388__Post_Impressionism__vincent-van-gogh_restaurant-de-la-sirene-at-asnieres-1887.png,0.4072,0.6554,0.2484,1.7961,0.9829
ccstytr,000000210388__Realism__vincent-van-gogh_cottage-with-peasant-coming-home-1885(1).png,0.6011,0.4943,0.4064,1.1742,0.475
ccstytr,000000210388__Rococo__dmitry-levitzky_portrait-of-baron-a-n-stroganoff.png,0.4687,0.5815,0.4582,1.1888,0.5521
ccstytr,000000210388__Romanticism__gustave-dore_paradise-lost-4.png,0.367,0.5455,0.313,1.3445,0.7745
ccstytr,000000210388__Symbolism__nicholas-roerich_language-of-forest-1922.png,0.519,0.5528,0.3764,1.6396,0.9808
ccstytr,000000210388__Ukiyo_e__kitagawa-utamaro_not_detected_233134.png,0.6127,0.6004,0.4463,1.6744,1.4179
ccstytr,000000226171__Abstract_Expressionism__paul-jenkins_not_detected_235703.png,0.7419,0.3817,0.7968,1.2281,0.895
ccstytr,000000226171__Art_Nouveau_Modern__nicholas-roerich_oze-1914.png,0.6455,0.5214,0.6805,1.4231,0.8469
ccstytr,000000226171__Baroque__rembrandt_portrait-of-nicolas-van-bambeeck-1641.png,0.5587,0.3413,0.6948,1.1416,0.6529
ccstytr,000000226171__Color_Field_Painting__leon-berkowitz_dark-light-rose-gold-1978.png,0.502,0.7497,0.5233,2.1684,0.8763
ccstytr,000000226171__Cubism__salvador-dali_cubist-composition-portrait-of-a-seated-person-holding-a-letter.png,0.656,0.4625,0.743,1.2542,0.6139
ccstytr,000000226171__Early_Renaissance__pietro-perugino_st-jerome-who-attends-two-unfairly-hanged-1473.png,0.6461,0.4112,0.6132,1.4159,0.9321
ccstytr,000000226171__Expressionism__amedeo-modigliani_germaine-survage-with-earrings-1918.png,0.6682,0.4885,0.6965,1.4147,0.6925
ccstytr,000000226171__High_Renaissance__raphael_madonna-and-child-enthroned-with-saints-1505.png,0.6663,0.3435,0.6747,1.2549,1.3477
ccstytr,000000226171__Impressionism__pierre-auguste-renoir_leaving-the-bath-1890.png,0.6019,0.4701,0.629,1.5359,0.6959
ccstytr,000000226171__Mannerism_Late_Renaissance__tintoretto_st-mark-rescuing-a-saracen-from-shipwreck-1566.png,0.5878,0.456,0.563,1.6697,0.9777
ccstytr,000000226171__Minimalism__mario-schifano_untitled-1963.png,0.4789,0.6248,0.5875,1.6347,1.0602
ccstytr,000000226171__Naive_Art_Primitivism__marc-chagall_the-young-samuel-the-priest-s-servant-heard-that-he-is-called-by-god-eli-and-he-were-sleeping.png,0.4574,0.5366,0.392,1.7282,0.7222
ccstytr,000000226171__Northern_Renaissance__albrecht-durer_lamentation-over-christ-1507.png,0.3741,0.5583,0.3098,2.0849,1.0743
ccstytr,000000226171__Pop_Art__peter-max_composition-red-green-1979.png,0.4828,0.4223,0.6306,1.9083,1.5358
ccstytr,000000226171__Post_Impressionism__vincent-van-gogh_restaurant-de-la-sirene-at-asnieres-1887.png,0.4737,0.5587,0.3891,1.849,0.9873
ccstytr,000000226171__Realism__vincent-van-gogh_cottage-with-peasant-coming-home-1885(1).png,0.634,0.3834,0.6406,1.3655,0.5616
ccstytr,000000226171__Rococo__dmitry-levitzky_portrait-of-baron-a-n-stroganoff.png,0.5697,0.3462,0.7126,1.189,0.7597
ccstytr,000000226171__Romanticism__gustave-dore_paradise-lost-4.png,0.6012,0.4242,0.5208,1.3251,0.8547
ccstytr,000000226171__Symbolism__nicholas-roerich_language-of-forest-1922.png,0.6265,0.5033,0.6217,1.5703,0.9937
ccstytr,000000226171__Ukiyo_e__kitagawa-utamaro_not_detected_233134.png,0.5085,0.5215,0.5779,1.857,1.1959
ccstytr,000000235857__Abstract_Expressionism__paul-jenkins_not_detected_235703.png,0.5869,0.3771,0.5149,1.4136,1.0586
ccstytr,000000235857__Art_Nouveau_Modern__nicholas-roerich_oze-1914.png,0.5788,0.5117,0.6229,1.5479,1.1657
ccstytr,000000235857__Baroque__rembrandt_portrait-of-nicolas-van-bambeeck-1641.png,0.4047,0.3049,0.6475,1.1027,0.6943
ccstytr,000000235857__Color_Field_Painting__leon-berkowitz_dark-light-rose-gold-1978.png,0.3928,0.7582,0.4112,2.2962,0.7259
ccstytr,000000235857__Cubism__salvador-dali_cubist-composition-portrait-of-a-seated-person-holding-a-letter.png,0.5563,0.4312,0.5676,1.2494,0.8434
ccstytr,000000235857__Early_Renaissance__pietro-perugino_st-jerome-who-attends-two-unfairly-hanged-1473.png,0.7153,0.3679,0.6918,1.4306,0.8687
ccstytr,000000235857__Expressionism__amedeo-modigliani_germaine-survage-with-earrings-1918.png,0.6405,0.3849,0.6465,1.2562,0.678
ccstytr,000000235857__High_Renaissance__raphael_madonna-and-child-enthroned-with-saints-1505.png,0.575,0.4721,0.5214,2.0403,1.6755
ccstytr,000000235857__Impressionism__pierre-auguste-renoir_leaving-the-bath-1890.png,0.591,0.3694,0.5692,1.3448,0.576
ccstytr,000000235857__Mannerism_Late_Renaissance__tintoretto_st-mark-rescuing-a-saracen-from-shipwreck-1566.png,0.6279,0.392,0.6398,1.6089,0.7304
ccstytr,000000235857__Minimalism__mario-schifano_untitled-1963.png,0.3359,0.6678,0.2323,1.9661,1.172
ccstytr,000000235857__Naive_Art_Primitivism__marc-chagall_the-young-samuel-the-priest-s-servant-heard-that-he-is-called-by-god-eli-and-he-were-sleeping.png,0.6768,0.4025,0.6835,1.3925,0.6093
ccstytr,000000235857__Northern_Renaissance__albrecht-durer_lamentation-over-christ-1507.png,0.4666,0.5566,0.3949,2.3339,1.3551
ccstytr,000000235857__Pop_Art__peter-max_composition-red-green-1979.png,0.3971,0.454,0.363,2.2459,1.7535
ccstytr,000000235857__Post_Impressionism__vincent-van-gogh_restaurant-de-la-sirene-at-asnieres-1887.png,0.6365,0.4969,0.5789,1.9554,0.9443
ccstytr,000000235857__Realism__vincent-van-gogh_cottage-with-peasant-coming-home-1885(1).png,0.7329,0.2753,0.7252,1.1135,0.5129
ccstytr,000000235857__Rococo__dmitry-levitzky_portrait-of-baron-a-n-stroganoff.png,0.4118,0.2945,0.6652,1.0567,0.8406
ccstytr,000000235857__Romanticism__gustave-dore_paradise-lost-4.png,0.6047,0.369,0.696,1.3115,0.9035
ccstytr,000000235857__Symbolism__nicholas-roerich_language-of-forest-1922.png,0.6401,0.499,0.6469,1.8397,0.8091
ccstytr,000000235857__Ukiyo_e__kitagawa-utamaro_not_detected_233134.png,0.5184,0.5179,0.5102,2.0995,1.3346
ccstytr,000000272364__Abstract_Expressionism__paul-jenkins_not_detected_235703.png,0.5798,0.2981,0.5615,1.1976,1.1513
ccstytr,000000272364__Art_Nouveau_Modern__nicholas-roerich_oze-1914.png,0.5656,0.3039,0.6064,1.1901,1.079
ccstytr,000000272364__Baroque__rembrandt_portrait-of-nicolas-van-bambeeck-1641.png,0.3116,0.457,0.5407,1.3784,0.8533
ccstytr,000000272364__Color_Field_Painting__leon-berkowitz_dark-light-rose-gold-1978.png,0.3104,0.7129,0.2917,2.5837,0.8934
ccstytr,000000272364__Cubism__salvador-dali_cubist-composition-portrait-of-a-seated-person-holding-a-letter.png,0.5152,0.5594,0.5316,1.2364,0.5201
ccstytr,000000272364__Early_Renaissance__pietro-perugino_st-jerome-who-attends-two-unfairly-hanged-1473.png,0.7241,0.278,0.6987,1.128,0.9097
ccstytr,000000272364__Expressionism__amedeo-modigliani_germaine-survage-with-earrings-1918.png,0.5486,0.4353,0.5781,1.2707,0.6876
ccstytr,000000272364__High_Renaissance__raphael_madonna-and-child-enthroned-with-saints-1505.png,0.7286,0.3055,0.7062,1.3958,1.9008
ccstytr,000000272364__Impressionism__pierre-auguste-renoir_leaving-the-bath-1890.png,0.5186,0.4279,0.4641,1.5514,0.7257
ccstytr,000000272364__Mannerism_Late_Renaissance__tintoretto_st-mark-rescuing-a-saracen-from-shipwreck-1566.png,0.6011,0.2892,0.639,1.1707,1.0337
ccstytr,000000272364__Minimalism__mario-schifano_untitled-1963.png,0.2988,0.8999,0.2143,2.3259,1.5027
ccstytr,000000272364__Naive_Art_Primitivism__marc-chagall_the-young-samuel-the-priest-s-servant-heard-that-he-is-called-by-god-eli-and-he-were-sleeping.png,0.6314,0.3822,0.5469,1.7209,0.7395
ccstytr,000000272364__Northern_Renaissance__albrecht-durer_lamentation-over-christ-1507.png,0.668,0.3913,0.5637,1.9731,1.0977
ccstytr,000000272364__Pop_Art__peter-max_composition-red-green-1979.png,0.4773,0.3599,0.4039,1.8435,1.8174
ccstytr,000000272364__Post_Impressionism__vincent-van-gogh_restaurant-de-la-sirene-at-asnieres-1887.png,0.671,0.4632,0.5956,1.9405,1.1363
ccstytr,000000272364__Realism__vincent-van-gogh_cottage-with-peasant-coming-home-1885(1).png,0.7177,0.3076,0.6726,1.1979,0.6229
ccstytr,000000272364__Rococo__dmitry-levitzky_portrait-of-baron-a-n-stroganoff.png,0.3261,0.4207,0.5765,1.2212,0.7845
ccstytr,000000272364__Romanticism__gustave-dore_paradise-lost-4.png,0.5052,0.3445,0.6299,1.3474,1.1923
ccstytr,000000272364__Symbolism__nicholas-roerich_language-of-forest-1922.png,0.6866,0.3297,0.6929,1.3554,0.8055
ccstytr,000000272364__Ukiyo_e__kitagawa-utamaro_not_detected_233134.png,0.6424,0.3954,0.6211,1.6851,1.2199
ccstytr,000000273132__Abstract_Expressionism__paul-jenkins_not_detected_235703.png,0.7947,0.2617,0.8781,1.1557,0.9768
ccstytr,000000273132__Art_Nouveau_Modern__nicholas-roerich_oze-1914.png,0.7858,0.3733,0.7435,1.3924,0.8438
ccstytr,000000273132__Baroque__rembrandt_portrait-of-nicolas-van-bambeeck-1641.png,0.5499,0.3892,0.8,1.0645,0.6785
ccstytr,000000273132__Color_Field_Painting__leon-berkowitz_dark-light-rose-gold-1978.png,0.5937,0.7336,0.6149,2.1914,0.8831
ccstytr,000000273132__Cubism__salvador-dali_cubist-composition-portrait-of-a-seated-person-holding-a-letter.png,0.8649,0.4353,0.9086,0.9296,0.6423
ccstytr,000000273132__Early_Renaissance__pietro-perugino_st-jerome-who-attends-two-unfairly-hanged-1473.png,0.6807,0.4499,0.5618,1.7249,0.9784
ccstytr,000000273132__Expressionism__amedeo-modigliani_germaine-survage-with-earrings-1918.png,0.7588,0.5225,0.8109,1.2375,0.8096
ccstytr,000000273132__High_Renaissance__raphael_madonna-and-child-enthroned-with-saints-1505.png,0.6363,0.4273,0.5335,1.8679,1.365
ccstytr,000000273132__Impressionism__pierre-auguste-renoir_leaving-the-bath-1890.png,0.7865,0.5169,0.7918,1.6155,0.7353
ccstytr,000000273132__Mannerism_Late_Renaissance__tintoretto_st-mark-rescuing-a-saracen-from-shipwreck-1566.png,0.5712,0.4334,0.5895,1.7173,1.0288
ccstytr,000000273132__Minimalism__mario-schifano_untitled-1963.png,0.6018,0.7724,0.6322,1.6875,1.1165
ccstytr,000000273132__Naive_Art_Primitivism__marc-chagall_the-young-samuel-the-priest-s-servant-heard-that-he-is-called-by-god-eli-and-he-were-sleeping.png,0.6455,0.4099,0.4458,1.5593,0.7226
ccstytr,000000273132__Northern_Renaissance__albrecht-durer_lamentation-over-christ-1507.png,0.433,0.4395,0.2873,1.9431,1.4303
ccstytr,000000273132__Pop_Art__peter-max_composition-red-green-1979.png,0.6116,0.455,0.6537,2.181,1.3869
ccstytr,000000273132__Post_Impressionism__vincent-van-gogh_restaurant-de-la-sirene-at-asnieres-1887.png,0.5751,0.5438,0.3751,1.8304,1.0789
ccstytr,000000273132__Realism__vincent-van-gogh_cottage-with-peasant-coming-home-1885(1).png,0.857,0.2767,0.7609,0.9858,0.6686
ccstytr,000000273132__Rococo__dmitry-levitzky_portrait-of-baron-a-n-stroganoff.png,0.567,0.4053,0.8168,1.1081,0.8157
ccstytr,000000273132__Romanticism__gustave-dore_paradise-lost-4.png,0.5739,0.3366,0.5673,1.286,0.8219
ccstytr,000000273132__Symbolism__nicholas-roerich_language-of-forest-1922.png,0.6967,0.468,0.5587,1.7882,1.0269
ccstytr,000000273132__Ukiyo_e__kitagawa-utamaro_not_detected_233134.png,0.629,0.5213,0.5815,1.9302,1.1485
ccstytr,000000277051__Abstract_Expressionism__paul-jenkins_not_detected_235703.png,0.8339,0.3265,0.8644,0.868,0.9707
ccstytr,000000277051__Art_Nouveau_Modern__nicholas-roerich_oze-1914.png,0.7807,0.3614,0.7051,1.1017,0.896
ccstytr,000000277051__Baroque__rembrandt_portrait-of-nicolas-van-bambeeck-1641.png,0.6198,0.5065,0.7077,1.0009,0.6342
ccstytr,000000277051__Color_Field_Painting__leon-berkowitz_dark-light-rose-gold-1978.png,0.6469,0.6083,0.5572,1.8445,0.9
ccstytr,000000277051__Cubism__salvador-dali_cubist-composition-portrait-of-a-seated-person-holding-a-letter.png,0.8076,0.6718,0.8121,1.0248,0.5709
ccstytr,000000277051__Early_Renaissance__pietro-perugino_st-jerome-who-attends-two-unfairly-hanged-1473.png,0.7113,0.3571,0.5565,1.1025,0.8467
ccstytr,000000277051__Expressionism__amedeo-modigliani_germaine-survage-with-earrings-1918.png,0.7892,0.4692,0.7253,0.9194,0.5925
ccstytr,000000277051__High_Renaissance__raphael_madonna-and-child-enthroned-with-saints-1505.png,0.666,0.3989,0.5169,1.497,1.3259
ccstytr,000000277051__Impressionism__pierre-auguste-renoir_leaving-the-bath-1890.png,0.768,0.4499,0.6855,1.085,0.6535
ccstytr,000000277051__Mannerism_Late_Renaissance__tintoretto_st-mark-rescuing-a-saracen-from-shipwreck-1566.png,0.5745,0.4393,0.5058,1.385,0.8995
ccstytr,000000277051__Minimalism__mario-schifano_untitled-1963.png,0.6333,0.8467,0.7125,1.5501,1.1131
ccstytr,000000277051__Naive_Art_Primitivism__marc-chagall_the-young-samuel-the-priest-s-servant-heard-that-he-is-called-by-god-eli-and-he-were-sleeping.png,0.4924,0.522,0.3638,1.5723,0.6083
ccstytr,000000277051__Northern_Renaissance__albrecht-durer_lamentation-over-christ-1507.png,0.3587,0.6072,0.2329,2.1945,1.0313
ccstytr,000000277051__Pop_Art__peter-max_composition-red-green-1979.png,0.6108,0.4414,0.6975,1.7996,1.7644
ccstytr,000000277051__Post_Impressionism__vincent-van-gogh_restaurant-de-la-sirene-at-asnieres-1887.png,0.4771,0.5973,0.3089,1.9085,0.9346
ccstytr,000000277051__Realism__vincent-van-gogh_cottage-with-peasant-coming-home-1885(1).png,0.709,0.4611,0.579,1.2007,0.5577
ccstytr,000000277051__Rococo__dmitry-levitzky_portrait-of-baron-a-n-stroganoff.png,0.6404,0.4402,0.7376,0.8348,0.6378
ccstytr,000000277051__Romanticism__gustave-dore_paradise-lost-4.png,0.562,0.5116,0.4227,1.3555,0.8482
ccstytr,000000277051__Symbolism__nicholas-roerich_language-of-forest-1922.png,0.6755,0.3933,0.5196,1.3979,0.9164
ccstytr,000000277051__Ukiyo_e__kitagawa-utamaro_not_detected_233134.png,0.5925,0.4943,0.5224,1.6715,0.9794
ccstytr,000000296969__Abstract_Expressionism__paul-jenkins_not_detected_235703.png,0.4814,0.4258,0.3411,1.8784,1.054
ccstytr,000000296969__Art_Nouveau_Modern__nicholas-roerich_oze-1914.png,0.5491,0.4063,0.5241,1.5276,1.1755
ccstytr,000000296969__Baroque__rembrandt_portrait-of-nicolas-van-bambeeck-1641.png,0.3309,0.3652,0.4498,1.3521,0.8503
ccstytr,000000296969__Color_Field_Painting__leon-berkowitz_dark-light-rose-gold-1978.png,0.2877,0.7558,0.2682,2.4213,0.7535
ccstytr,000000296969__Cubism__salvador-dali_cubist-composition-portrait-of-a-seated-person-holding-a-letter.png,0.4704,0.4812,0.3813,1.3953,0.8274
ccstytr,000000296969__Early_Renaissance__pietro-perugino_st-jerome-who-attends-two-unfairly-hanged-1473.png,0.6749,0.4031,0.5788,1.7424,1.0484
ccstytr,000000296969__Expressionism__amedeo-modigliani_germaine-survage-with-earrings-1918.png,0.5362,0.4559,0.5087,1.4684,0.8021
ccstytr,000000296969__High_Renaissance__raphael_madonna-and-child-enthroned-with-saints-1505.png,0.5615,0.488,0.4044,2.2938,1.7764
ccstytr,000000296969__Impressionism__pierre-auguste-renoir_leaving-the-bath-1890.png,0.487,0.4414,0.4067,1.5812,0.7302
ccstytr,000000296969__Mannerism_Late_Renaissance__tintoretto_st-mark-rescuing-a-saracen-from-shipwreck-1566.png,0.651,0.3386,0.6153,1.5295,1.1003
ccstytr,000000296969__Minimalism__mario-schifano_untitled-1963.png,0.2255,0.814,0.1093,2.2714,1.3748
ccstytr,000000296969__Naive_Art_Primitivism__marc-chagall_the-young-samuel-the-priest-s-servant-heard-that-he-is-called-by-god-eli-and-he-were-sleeping.png,0.6702,0.3399,0.6402,1.3806,0.6996
ccstytr,000000296969__Northern_Renaissance__albrecht-durer_lamentation-over-christ-1507.png,0.5519,0.5059,0.4288,2.516,1.1921
ccstytr,000000296969__Pop_Art__peter-max_composition-red-green-1979.png,0.33,0.5155,0.2098,2.5316,1.6518
ccstytr,000000296969__Post_Impressionism__vincent-van-gogh_restaurant-de-la-sirene-at-asnieres-1887.png,0.6251,0.4835,0.5484,2.0175,1.0738
ccstytr,000000296969__Realism__vincent-van-gogh_cottage-with-peasant-coming-home-1885(1).png,0.7227,0.2335,0.6604,1.1374,0.5635
ccstytr,000000296969__Rococo__dmitry-levitzky_portrait-of-baron-a-n-stroganoff.png,0.3381,0.3711,0.4767,1.4122,0.7609
ccstytr,000000296969__Romanticism__gustave-dore_paradise-lost-4.png,0.5975,0.3197,0.6742,1.3108,1.0598
ccstytr,000000296969__Symbolism__nicholas-roerich_language-of-forest-1922.png,0.6297,0.4665,0.586,1.9343,0.9946
ccstytr,000000296969__Ukiyo_e__kitagawa-utamaro_not_detected_233134.png,0.4565,0.5389,0.3564,2.4441,1.5918
ccstytr,000000302107__Abstract_Expressionism__paul-jenkins_not_detected_235703.png,0.6864,0.3404,0.7312,1.1344,1.0472
ccstytr,000000302107__Art_Nouveau_Modern__nicholas-roerich_oze-1914.png,0.7184,0.3256,0.7914,0.978,0.8953
ccstytr,000000302107__Baroque__rembrandt_portrait-of-nicolas-van-bambeeck-1641.png,0.437,0.4077,0.7205,1.123,0.6508
ccstytr,000000302107__Color_Field_Painting__leon-berkowitz_dark-light-rose-gold-1978.png,0.5117,0.7139,0.5487,2.2293,0.827
ccstytr,000000302107__Cubism__salvador-dali_cubist-composition-portrait-of-a-seated-person-holding-a-letter.png,0.7353,0.5135,0.8107,1.0812,0.6134
ccstytr,000000302107__Early_Renaissance__pietro-perugino_st-jerome-who-attends-two-unfairly-hanged-1473.png,0.6557,0.3907,0.6148,1.3743,0.9734
ccstytr,000000302107__Expressionism__amedeo-modigliani_germaine-survage-with-earrings-1918.png,0.6965,0.4466,0.7675,1.1411,0.6803
ccstytr,000000302107__High_Renaissance__raphael_madonna-and-child-enthroned-with-saints-1505.png,0.6586,0.3652,0.6342,1.4143,1.3188
ccstytr,000000302107__Impressionism__pierre-auguste-renoir_leaving-the-bath-1890.png,0.7128,0.4203,0.7164,1.355,0.6389
ccstytr,000000302107__Mannerism_Late_Renaissance__tintoretto_st-mark-rescuing-a-saracen-from-shipwreck-1566.png,0.5538,0.383,0.6265,1.2781,0.9129
ccstytr,000000302107__Minimalism__mario-schifano_untitled-1963.png,0.5368,0.7773,0.4736,1.8307,1.2155
ccstytr,000000302107__Naive_Art_Primitivism__marc-chagall_the-young-samuel-the-priest-s-servant-heard-that-he-is-called-by-god-eli-and-he-were-sleeping.png,0.6149,0.4674,0.4525,1.6258,0.5954
ccstytr,000000302107__Northern_Renaissance__albrecht-durer_lamentation-over-christ-1507.png,0.4424,0.5275,0.3284,2.0922,1.0508
ccstytr,000000302107__Pop_Art__peter-max_composition-red-green-1979.png,0.6258,0.3938,0.5876,1.7533,1.6912
ccstytr,000000302107__Post_Impressionism__vincent-van-gogh_restaurant-de-la-sirene-at-asnieres-1887.png,0.5736,0.5444,0.4149,1.9103,0.9628
ccstytr,000000302107__Realism__vincent-van-gogh_cottage-with-peasant-coming-home-1885(1).png,0.8172,0.2946,0.7298,1.1109,0.5358
ccstytr,000000302107__Rococo__dmitry-levitzky_portrait-of-baron-a-n-stroganoff.png,0.4569,0.3602,0.7572,1.0013,0.6885
ccstytr,000000302107__Romanticism__gustave-dore_paradise-lost-4.png,0.5192,0.4155,0.5305,1.3468,0.8658
ccstytr,000000302107__Symbolism__nicholas-roerich_language-of-forest-1922.png,0.6669,0.4279,0.595,1.5433,1.0055
ccstytr,000000302107__Ukiyo_e__kitagawa-utamaro_not_detected_233134.png,0.6993,0.4398,0.6584,1.4365,1.0774
ccstytr,000000322944__Abstract_Expressionism__paul-jenkins_not_detected_235703.png,0.7484,0.3004,0.8254,0.8463,1.3922
ccstytr,000000322944__Art_Nouveau_Modern__nicholas-roerich_oze-1914.png,0.6638,0.366,0.6199,1.1305,0.8806
ccstytr,000000322944__Baroque__rembrandt_portrait-of-nicolas-van-bambeeck-1641.png,0.718,0.4413,0.6314,0.867,0.512
ccstytr,000000322944__Color_Field_Painting__leon-berkowitz_dark-light-rose-gold-1978.png,0.4685,0.6587,0.4384,1.8928,0.8802
ccstytr,000000322944__Cubism__salvador-dali_cubist-composition-portrait-of-a-seated-person-holding-a-letter.png,0.6287,0.6567,0.6754,0.9662,0.7615
ccstytr,000000322944__Early_Renaissance__pietro-perugino_st-jerome-who-attends-two-unfairly-hanged-1473.png,0.5175,0.4712,0.4863,1.43,0.9552
ccstytr,000000322944__Expressionism__amedeo-modigliani_germaine-survage-with-earrings-1918.png,0.6459,0.541,0.5946,0.9337,0.6361
ccstytr,000000322944__High_Renaissance__raphael_madonna-and-child-enthroned-with-saints-1505.png,0.5362,0.4334,0.5216,1.5847,1.3762
ccstytr,000000322944__Impressionism__pierre-auguste-renoir_leaving-the-bath-1890.png,0.5462,0.5157,0.5146,1.2481,0.6001
ccstytr,000000322944__Mannerism_Late_Renaissance__tintoretto_st-mark-rescuing-a-saracen-from-shipwreck-1566.png,0.614,0.4351,0.5112,1.3685,0.8684
ccstytr,000000322944__Minimalism__mario-schifano_untitled-1963.png,0.4082,0.8904,0.6572,1.6874,1.296
ccstytr,000000322944__Naive_Art_Primitivism__marc-chagall_the-young-samuel-the-priest-s-servant-heard-that-he-is-called-by-god-eli-and-he-were-sleeping.png,0.3676,0.5171,0.3327,1.6013,0.6939
ccstytr,000000322944__Northern_Renaissance__albrecht-durer_lamentation-over-christ-1507.png,0.3158,0.5424,0.2911,1.937,1.143
ccstytr,000000322944__Pop_Art__peter-max_composition-red-green-1979.png,0.3633,0.5523,0.5702,1.8341,1.412
ccstytr,000000322944__Post_Impressionism__vincent-van-gogh_restaurant-de-la-sirene-at-asnieres-1887.png,0.3731,0.6136,0.3061,1.8982,1.1522
ccstytr,000000322944__Realism__vincent-van-gogh_cottage-with-peasant-coming-home-1885(1).png,0.5037,0.4811,0.4847,1.2879,0.7034
ccstytr,000000322944__Rococo__dmitry-levitzky_portrait-of-baron-a-n-stroganoff.png,0.728,0.4288,0.6911,0.8426,0.5574
ccstytr,000000322944__Romanticism__gustave-dore_paradise-lost-4.png,0.6308,0.4323,0.4871,1.1194,0.9293
ccstytr,000000322944__Symbolism__nicholas-roerich_language-of-forest-1922.png,0.4903,0.4883,0.4553,1.7143,1.0339
ccstytr,000000322944__Ukiyo_e__kitagawa-utamaro_not_detected_233134.png,0.3834,0.5513,0.4211,1.5817,1.6189
ccstytr,000000329447__Abstract_Expressionism__paul-jenkins_not_detected_235703.png,0.6311,0.3112,0.5788,1.0728,1.2726
ccstytr,000000329447__Art_Nouveau_Modern__nicholas-roerich_oze-1914.png,0.6031,0.4376,0.698,1.2767,1.2179
ccstytr,000000329447__Baroque__rembrandt_portrait-of-nicolas-van-bambeeck-1641.png,0.455,0.3143,0.6113,0.9862,0.7934
ccstytr,000000329447__Color_Field_Painting__leon-berkowitz_dark-light-rose-gold-1978.png,0.3297,0.8462,0.3872,2.4877,0.7719
ccstytr,000000329447__Cubism__salvador-dali_cubist-composition-portrait-of-a-seated-person-holding-a-letter.png,0.5274,0.3633,0.5757,1.0242,0.791
ccstytr,000000329447__Early_Renaissance__pietro-perugino_st-jerome-who-attends-two-unfairly-hanged-1473.png,0.7362,0.3306,0.7517,1.0376,1.0425
ccstytr,000000329447__Expressionism__amedeo-modigliani_germaine-survage-with-earrings-1918.png,0.5966,0.4712,0.6526,1.1718,0.7348
ccstytr,000000329447__High_Renaissance__raphael_madonna-and-child-enthroned-with-saints-1505.png,0.6504,0.4042,0.6199,1.5157,1.5834
ccstytr,000000329447__Impressionism__pierre-auguste-renoir_leaving-the-bath-1890.png,0.5166,0.4554,0.5601,1.3714,0.6425
ccstytr,000000329447__Mannerism_Late_Renaissance__tintoretto_st-mark-rescuing-a-saracen-from-shipwreck-1566.png,0.7369,0.3486,0.7362,1.1775,1.0279
ccstytr,000000329447__Minimalism__mario-schifano_untitled-1963.png,0.2747,0.7634,0.2433,2.0159,1.2143
ccstytr,000000329447__Naive_Art_Primitivism__marc-chagall_the-young-samuel-the-priest-s-servant-heard-that-he-is-called-by-god-eli-and-he-were-sleeping.png,0.5458,0.4355,0.543,1.484,0.7224
ccstytr,000000329447__Northern_Renaissance__albrecht-durer_lamentation-over-christ-1507.png,0.4834,0.4981,0.4259,1.9506,1.186
ccstytr,000000329447__Pop_Art__peter-max_composition-red-green-1979.png,0.3583,0.4475,0.3915,2.0173,1.5675
ccstytr,000000329447__Post_Impressionism__vincent-van-gogh_restaurant-de-la-sirene-at-asnieres-1887.png,0.5527,0.5301,0.5288,1.7338,1.1631
ccstytr,000000329447__Realism__vincent-van-gogh_cottage-with-peasant-coming-home-1885(1).png,0.6649,0.2678,0.7165,1.0221,0.7749
ccstytr,000000329447__Rococo__dmitry-levitzky_portrait-of-baron-a-n-stroganoff.png,0.4631,0.3269,0.6634,1.0161,0.8128
ccstytr,000000329447__Romanticism__gustave-dore_paradise-lost-4.png,0.6841,0.3046,0.7156,1.0287,1.1023
ccstytr,000000329447__Symbolism__nicholas-roerich_language-of-forest-1922.png,0.6477,0.4616,0.6988,1.5094,1.0243
ccstytr,000000329447__Ukiyo_e__kitagawa-utamaro_not_detected_233134.png,0.4572,0.5439,0.4834,1.8749,1.3693
ccstytr,000000338625__Abstract_Expressionism__paul-jenkins_not_detected_235703.png,0.6977,0.3293,0.6689,1.3262,1.3032
ccstytr,000000338625__Art_Nouveau_Modern__nicholas-roerich_oze-1914.png,0.6977,0.2975,0.7183,1.2631,1.003
ccstytr,000000338625__Baroque__rembrandt_portrait-of-nicolas-van-bambeeck-1641.png,0.452,0.4595,0.607,1.3409,0.8613
ccstytr,000000338625__Color_Field_Painting__leon-berkowitz_dark-light-rose-gold-1978.png,0.4696,0.6558,0.4314,2.3112,0.9823
ccstytr,000000338625__Cubism__salvador-dali_cubist-composition-portrait-of-a-seated-person-holding-a-letter.png,0.6586,0.6363,0.6506,1.4267,0.7559
ccstytr,000000338625__Early_Renaissance__pietro-perugino_st-jerome-who-attends-two-unfairly-hanged-1473.png,0.7611,0.3201,0.7037,1.2175,1.615
ccstytr,000000338625__Expressionism__amedeo-modigliani_germaine-survage-with-earrings-1918.png,0.6636,0.4963,0.6438,1.4452,0.8721
ccstytr,000000338625__High_Renaissance__raphael_madonna-and-child-enthroned-with-saints-1505.png,0.911,0.0769,0.9691,0.24,3.7386
ccstytr,000000338625__Impressionism__pierre-auguste-renoir_leaving-the-bath-1890.png,0.6283,0.4755,0.5588,1.6663,0.9171
ccstytr,000000338625__Mannerism_Late_Renaissance__tintoretto_st-mark-rescuing-a-saracen-from-shipwreck-1566.png,0.6239,0.3504,0.6272,1.4195,1.49
ccstytr,000000338625__Minimalism__mario-schifano_untitled-1963.png,0.4637,0.8638,0.4283,1.8785,1.2268
ccstytr,000000338625__Naive_Art_Primitivism__marc-chagall_the-young-samuel-the-priest-s-servant-heard-that-he-is-called-by-god-eli-and-he-were-sleeping.png,0.6322,0.3945,0.5216,1.5777,0.7611
ccstytr,000000338625__Northern_Renaissance__albrecht-durer_lamentation-over-christ-1507.png,0.5487,0.4166,0.4497,1.7617,1.3631
ccstytr,000000338625__Pop_Art__peter-max_composition-red-green-1979.png,0.5883,0.4166,0.6106,1.7454,1.7658
ccstytr,000000338625__Post_Impressionism__vincent-van-gogh_restaurant-de-la-sirene-at-asnieres-1887.png,0.6497,0.4481,0.5522,1.6127,1.0315
ccstytr,000000338625__Realism__vincent-van-gogh_cottage-with-peasant-coming-home-1885(1).png,0.7952,0.3266,0.7132,1.1789,0.6352
ccstytr,000000338625__Rococo__dmitry-levitzky_portrait-of-baron-a-n-stroganoff.png,0.4642,0.4501,0.6333,1.3307,0.8253
ccstytr,000000338625__Romanticism__gustave-dore_paradise-lost-4.png,0.5899,0.3512,0.6041,1.2949,1.0901
ccstytr,000000338625__Symbolism__nicholas-roerich_language-of-forest-1922.png,0.7606,0.3021,0.7299,1.1559,1.6908
ccstytr,000000338625__Ukiyo_e__kitagawa-utamaro_not_detected_233134.png,0.6893,0.4038,0.6978,1.5319,1.2653
ccstytr,000000356968__Abstract_Expressionism__paul-jenkins_not_detected_235703.png,0.591,0.4147,0.4993,1.5558,0.918
ccstytr,000000356968__Art_Nouveau_Modern__nicholas-roerich_oze-1914.png,0.6321,0.4427,0.6056,1.4435,1.1127
ccstytr,000000356968__Baroque__rembrandt_portrait-of-nicolas-van-bambeeck-1641.png,0.4226,0.299,0.5522,1.0392,0.6748
ccstytr,000000356968__Color_Field_Painting__leon-berkowitz_dark-light-rose-gold-1978.png,0.4124,0.7116,0.4158,2.255,0.7265
ccstytr,000000356968__Cubism__salvador-dali_cubist-composition-portrait-of-a-seated-person-holding-a-letter.png,0.5812,0.4757,0.5249,1.2036,0.7315
ccstytr,000000356968__Early_Renaissance__pietro-perugino_st-jerome-who-attends-two-unfairly-hanged-1473.png,0.7282,0.3454,0.6839,1.3951,0.7723
ccstytr,000000356968__Expressionism__amedeo-modigliani_germaine-survage-with-earrings-1918.png,0.6683,0.3228,0.6411,1.1573,0.6634
ccstytr,000000356968__High_Renaissance__raphael_madonna-and-child-enthroned-with-saints-1505.png,0.5919,0.46,0.5092,2.0333,1.5903
ccstytr,000000356968__Impressionism__pierre-auguste-renoir_leaving-the-bath-1890.png,0.6277,0.3112,0.5819,1.2321,0.5218
ccstytr,000000356968__Mannerism_Late_Renaissance__tintoretto_st-mark-rescuing-a-saracen-from-shipwreck-1566.png,0.6587,0.3167,0.692,1.3655,0.9236
ccstytr,000000356968__Minimalism__mario-schifano_untitled-1963.png,0.3318,0.7051,0.226,1.9925,1.3113
ccstytr,000000356968__Naive_Art_Primitivism__marc-chagall_the-young-samuel-the-priest-s-servant-heard-that-he-is-called-by-god-eli-and-he-were-sleeping.png,0.7144,0.3459,0.7151,1.3124,0.6738
ccstytr,000000356968__Northern_Renaissance__albrecht-durer_lamentation-over-christ-1507.png,0.4651,0.5439,0.3681,2.3368,1.2158
ccstytr,000000356968__Pop_Art__peter-max_composition-red-green-1979.png,0.393,0.4707,0.359,2.1697,1.7011
ccstytr,000000356968__Post_Impressionism__vincent-van-gogh_restaurant-de-la-sirene-at-asnieres-1887.png,0.659,0.4328,0.5894,1.8011,1.116
ccstytr,000000356968__Realism__vincent-van-gogh_cottage-with-peasant-coming-home-1885(1).png,0.7634,0.257,0.7266,1.0724,0.5123
ccstytr,000000356968__Rococo__dmitry-levitzky_portrait-of-baron-a-n-stroganoff.png,0.432,0.2792,0.6035,1.0486,0.7675
ccstytr,000000356968__Romanticism__gustave-dore_paradise-lost-4.png,0.6354,0.3175,0.7565,1.1704,1.0152
ccstytr,000000356968__Symbolism__nicholas-roerich_language-of-forest-1922.png,0.6828,0.4545,0.6501,1.7716,0.7861
ccstytr,000000356968__Ukiyo_e__kitagawa-utamaro_not_detected_233134.png,0.5184,0.483,0.4839,2.1229,1.2608
ccstytr,000000376264__Abstract_Expressionism__paul-jenkins_not_detected_235703.png,0.6307,0.2785,0.6952,0.8139,1.332
ccstytr,000000376264__Art_Nouveau_Modern__nicholas-roerich_oze-1914.png,0.5692,0.3575,0.7013,1.0428,0.8157
ccstytr,000000376264__Baroque__rembrandt_portrait-of-nicolas-van-bambeeck-1641.png,0.4232,0.4006,0.6032,1.128,0.833
ccstytr,000000376264__Color_Field_Painting__leon-berkowitz_dark-light-rose-gold-1978.png,0.3522,0.6865,0.3831,2.128,1.1567
ccstytr,000000376264__Cubism__salvador-dali_cubist-composition-portrait-of-a-seated-person-holding-a-letter.png,0.5063,0.5474,0.6233,1.1342,0.648
ccstytr,000000376264__Early_Renaissance__pietro-perugino_st-jerome-who-attends-two-unfairly-hanged-1473.png,0.6813,0.277,0.6861,0.9353,1.104
ccstytr,000000376264__Expressionism__amedeo-modigliani_germaine-survage-with-earrings-1918.png,0.5669,0.4236,0.6393,1.0879,0.8431
ccstytr,000000376264__High_Renaissance__raphael_madonna-and-child-enthroned-with-saints-1505.png,0.6809,0.2572,0.7406,0.9058,1.9001
ccstytr,000000376264__Impressionism__pierre-auguste-renoir_leaving-the-bath-1890.png,0.4955,0.4312,0.5367,1.4141,0.8806
ccstytr,000000376264__Mannerism_Late_Renaissance__tintoretto_st-mark-rescuing-a-saracen-from-shipwreck-1566.png,0.6608,0.3116,0.6773,1.1036,1.2397
ccstytr,000000376264__Minimalism__mario-schifano_untitled-1963.png,0.3234,0.7796,0.3704,1.8399,1.3474
ccstytr,000000376264__Naive_Art_Primitivism__marc-chagall_the-young-samuel-the-priest-s-servant-heard-that-he-is-called-by-god-eli-and-he-were-sleeping.png,0.4995,0.4263,0.48,1.5364,0.766
ccstytr,000000376264__Northern_Renaissance__albrecht-durer_lamentation-over-christ-1507.png,0.4978,0.3985,0.4809,1.507,1.3807
ccstytr,000000376264__Pop_Art__peter-max_composition-red-green-1979.png,0.4474,0.3456,0.5667,1.3477,1.5833
ccstytr,000000376264__Post_Impressionism__vincent-van-gogh_restaurant-de-la-sirene-at-asnieres-1887.png,0.5458,0.4577,0.5168,1.5541,1.3937
ccstytr,000000376264__Realism__vincent-van-gogh_cottage-with-peasant-coming-home-1885(1).png,0.6016,0.3548,0.6538,1.2499,0.6612
ccstytr,000000376264__Rococo__dmitry-levitzky_portrait-of-baron-a-n-stroganoff.png,0.4374,0.3643,0.6329,0.9984,0.7951
ccstytr,000000376264__Romanticism__gustave-dore_paradise-lost-4.png,0.5904,0.3549,0.5699,1.1413,1.1701
ccstytr,000000376264__Symbolism__nicholas-roerich_language-of-forest-1922.png,0.6436,0.3286,0.7103,1.0234,1.3053
ccstytr,000000376264__Ukiyo_e__kitagawa-utamaro_not_detected_233134.png,0.5297,0.3648,0.6249,1.2223,1.1312
ccstytr,000000398905__Abstract_Expressionism__paul-jenkins_not_detected_235703.png,0.7177,0.2461,0.8846,0.7296,0.7448
ccstytr,000000398905__Art_Nouveau_Modern__nicholas-roerich_oze-1914.png,0.5717,0.4198,0.6097,1.3138,0.8065
ccstytr,000000398905__Baroque__rembrandt_portrait-of-nicolas-van-bambeeck-1641.png,0.5487,0.4855,0.6684,1.0107,0.5238
ccstytr,000000398905__Color_Field_Painting__leon-berkowitz_dark-light-rose-gold-1978.png,0.446,0.6934,0.4771,2.0665,0.8768
ccstytr,000000398905__Cubism__salvador-dali_cubist-composition-portrait-of-a-seated-person-holding-a-letter.png,0.5831,0.6687,0.7016,1.2665,0.5689
ccstytr,000000398905__Early_Renaissance__pietro-perugino_st-jerome-who-attends-two-unfairly-hanged-1473.png,0.5218,0.4286,0.4623,1.182,0.8564
ccstytr,000000398905__Expressionism__amedeo-modigliani_germaine-survage-with-earrings-1918.png,0.5728,0.5895,0.6205,1.199,0.4931
ccstytr,000000398905__High_Renaissance__raphael_madonna-and-child-enthroned-with-saints-1505.png,0.5412,0.412,0.5471,1.4678,1.3847
ccstytr,000000398905__Impressionism__pierre-auguste-renoir_leaving-the-bath-1890.png,0.4972,0.5615,0.5508,1.5471,0.5932
ccstytr,000000398905__Mannerism_Late_Renaissance__tintoretto_st-mark-rescuing-a-saracen-from-shipwreck-1566.png,0.4594,0.4695,0.4296,1.5549,0.8693
ccstytr,000000398905__Minimalism__mario-schifano_untitled-1963.png,0.4524,0.8895,0.7201,1.8119,1.0604
ccstytr,000000398905__Naive_Art_Primitivism__marc-chagall_the-young-samuel-the-priest-s-servant-heard-that-he-is-called-by-god-eli-and-he-were-sleeping.png,0.3461,0.5385,0.2954,1.6724,0.5758
ccstytr,000000398905__Northern_Renaissance__albrecht-durer_lamentation-over-christ-1507.png,0.3167,0.5418,0.2539,1.9833,1.0876
ccstytr,000000398905__Pop_Art__peter-max_composition-red-green-1979.png,0.4693,0.4781,0.6357,1.9885,1.4206
ccstytr,000000398905__Post_Impressionism__vincent-van-gogh_restaurant-de-la-sirene-at-asnieres-1887.png,0.3579,0.6263,0.2838,1.889,0.9843
ccstytr,000000398905__Realism__vincent-van-gogh_cottage-with-peasant-coming-home-1885(1).png,0.4921,0.4897,0.4887,1.3599,0.411
ccstytr,000000398905__Rococo__dmitry-levitzky_portrait-of-baron-a-n-stroganoff.png,0.5601,0.4781,0.6886,1.0014,0.5006
ccstytr,000000398905__Romanticism__gustave-dore_paradise-lost-4.png,0.4705,0.467,0.3987,1.2875,0.796
ccstytr,000000398905__Symbolism__nicholas-roerich_language-of-forest-1922.png,0.4829,0.4497,0.467,1.5088,0.8931
ccstytr,000000398905__Ukiyo_e__kitagawa-utamaro_not_detected_233134.png,0.4335,0.5756,0.4784,1.8652,1.0686
ccstytr,000000417911__Abstract_Expressionism__paul-jenkins_not_detected_235703.png,0.6898,0.3878,0.7042,1.4968,0.8889
ccstytr,000000417911__Art_Nouveau_Modern__nicholas-roerich_oze-1914.png,0.6999,0.4812,0.7024,1.5464,1.062
ccstytr,000000417911__Baroque__rembrandt_portrait-of-nicolas-van-bambeeck-1641.png,0.4531,0.3639,0.7682,1.1216,0.7559
ccstytr,000000417911__Color_Field_Painting__leon-berkowitz_dark-light-rose-gold-1978.png,0.5779,0.7309,0.5818,1.8704,0.8552
ccstytr,000000417911__Cubism__salvador-dali_cubist-composition-portrait-of-a-seated-person-holding-a-letter.png,0.758,0.4417,0.8225,1.1354,0.9384
ccstytr,000000417911__Early_Renaissance__pietro-perugino_st-jerome-who-attends-two-unfairly-hanged-1473.png,0.6683,0.4873,0.6336,1.8032,1.0726
ccstytr,000000417911__Expressionism__amedeo-modigliani_germaine-survage-with-earrings-1918.png,0.6988,0.5344,0.7555,1.2712,0.7842
ccstytr,000000417911__High_Renaissance__raphael_madonna-and-child-enthroned-with-saints-1505.png,0.5876,0.5171,0.552,2.2387,1.8105
ccstytr,000000417911__Impressionism__pierre-auguste-renoir_leaving-the-bath-1890.png,0.7301,0.5164,0.5893,1.5112,0.7939
ccstytr,000000417911__Mannerism_Late_Renaissance__tintoretto_st-mark-rescuing-a-saracen-from-shipwreck-1566.png,0.4961,0.4921,0.5737,1.9021,1.1466
ccstytr,000000417911__Minimalism__mario-schifano_untitled-1963.png,0.6111,0.681,0.568,1.3964,0.9079
ccstytr,000000417911__Naive_Art_Primitivism__marc-chagall_the-young-samuel-the-priest-s-servant-heard-that-he-is-called-by-god-eli-and-he-were-sleeping.png,0.7216,0.433,0.3946,1.4397,0.7261
ccstytr,000000417911__Northern_Renaissance__albrecht-durer_lamentation-over-christ-1507.png,0.4357,0.5495,0.3486,2.457,1.3737
ccstytr,000000417911__Pop_Art__peter-max_composition-red-green-1979.png,0.6599,0.4458,0.5721,2.3102,1.9793
ccstytr,000000417911__Post_Impressionism__vincent-van-gogh_restaurant-de-la-sirene-at-asnieres-1887.png,0.5989,0.5979,0.3784,1.9706,0.9725
ccstytr,000000417911__Realism__vincent-van-gogh_cottage-with-peasant-coming-home-1885(1).png,0.8452,0.2954,0.7554,1.1363,0.6025
ccstytr,000000417911__Rococo__dmitry-levitzky_portrait-of-baron-a-n-stroganoff.png,0.467,0.3747,0.7854,1.118,0.769
ccstytr,000000417911__Romanticism__gustave-dore_paradise-lost-4.png,0.526,0.3607,0.6117,1.2015,0.6526
ccstytr,000000417911__Symbolism__nicholas-roerich_language-of-forest-1922.png,0.6481,0.5586,0.564,2.112,0.9176
ccstytr,000000417911__Ukiyo_e__kitagawa-utamaro_not_detected_233134.png,0.6677,0.58,0.6099,2.2345,1.4369
ccstytr,000000427034__Abstract_Expressionism__paul-jenkins_not_detected_235703.png,0.8115,0.2908,0.8176,0.7171,0.9102
ccstytr,000000427034__Art_Nouveau_Modern__nicholas-roerich_oze-1914.png,0.738,0.372,0.7446,1.0045,0.8129
ccstytr,000000427034__Baroque__rembrandt_portrait-of-nicolas-van-bambeeck-1641.png,0.5758,0.3866,0.6668,0.8554,0.6504
ccstytr,000000427034__Color_Field_Painting__leon-berkowitz_dark-light-rose-gold-1978.png,0.5299,0.6266,0.4812,1.8019,1.0363
ccstytr,000000427034__Cubism__salvador-dali_cubist-composition-portrait-of-a-seated-person-holding-a-letter.png,0.7245,0.5826,0.7548,0.9844,0.5325
ccstytr,000000427034__Early_Renaissance__pietro-perugino_st-jerome-who-attends-two-unfairly-hanged-1473.png,0.7506,0.2921,0.6441,0.8747,0.8395
ccstytr,000000427034__Expressionism__amedeo-modigliani_germaine-survage-with-earrings-1918.png,0.7466,0.407,0.7153,0.952,0.5341
ccstytr,000000427034__High_Renaissance__raphael_madonna-and-child-enthroned-with-saints-1505.png,0.7632,0.2697,0.715,1.0088,1.4978
ccstytr,000000427034__Impressionism__pierre-auguste-renoir_leaving-the-bath-1890.png,0.6682,0.4123,0.6297,1.203,0.6299
ccstytr,000000427034__Mannerism_Late_Renaissance__tintoretto_st-mark-rescuing-a-saracen-from-shipwreck-1566.png,0.6431,0.3632,0.5789,1.2,0.9908
ccstytr,000000427034__Minimalism__mario-schifano_untitled-1963.png,0.534,0.7296,0.5894,1.4986,1.1604
ccstytr,000000427034__Naive_Art_Primitivism__marc-chagall_the-young-samuel-the-priest-s-servant-heard-that-he-is-called-by-god-eli-and-he-were-sleeping.png,0.4993,0.4896,0.4179,1.4595,0.6698
ccstytr,000000427034__Northern_Renaissance__albrecht-durer_lamentation-over-christ-1507.png,0.4073,0.5106,0.2936,1.7982,1.0372
ccstytr,000000427034__Pop_Art__peter-max_composition-red-green-1979.png,0.5657,0.3852,0.6592,1.6991,1.4872
ccstytr,000000427034__Post_Impressionism__vincent-van-gogh_restaurant-de-la-sirene-at-asnieres-1887.png,0.5195,0.5011,0.3934,1.6036,1.2031
ccstytr,000000427034__Realism__vincent-van-gogh_cottage-with-peasant-coming-home-1885(1).png,0.7265,0.3764,0.662,1.0637,0.5531
ccstytr,000000427034__Rococo__dmitry-levitzky_portrait-of-baron-a-n-stroganoff.png,0.5906,0.355,0.6943,0.829,0.6247
ccstytr,000000427034__Romanticism__gustave-dore_paradise-lost-4.png,0.6284,0.4171,0.5322,1.0579,0.8539
ccstytr,000000427034__Symbolism__nicholas-roerich_language-of-forest-1922.png,0.6829,0.3808,0.648,1.1927,0.8777
ccstytr,000000427034__Ukiyo_e__kitagawa-utamaro_not_detected_233134.png,0.5921,0.4319,0.5903,1.5686,0.9233
ccstytr,000000435003__Abstract_Expressionism__paul-jenkins_not_detected_235703.png,0.7094,0.2704,0.643,1.0397,1.0828
ccstytr,000000435003__Art_Nouveau_Modern__nicholas-roerich_oze-1914.png,0.6766,0.3452,0.6799,1.1862,0.9022
ccstytr,000000435003__Baroque__rembrandt_portrait-of-nicolas-van-bambeeck-1641.png,0.4794,0.3825,0.6205,1.1482,0.7187
ccstytr,000000435003__Color_Field_Painting__leon-berkowitz_dark-light-rose-gold-1978.png,0.4338,0.6914,0.4017,2.246,0.9324
ccstytr,000000435003__Cubism__salvador-dali_cubist-composition-portrait-of-a-seated-person-holding-a-letter.png,0.6162,0.5398,0.5838,1.244,0.4921
ccstytr,000000435003__Early_Renaissance__pietro-perugino_st-jerome-who-attends-two-unfairly-hanged-1473.png,0.7562,0.2888,0.6922,1.083,1.1031
ccstytr,000000435003__Expressionism__amedeo-modigliani_germaine-survage-with-earrings-1918.png,0.6596,0.4373,0.6464,1.2217,0.7461
ccstytr,000000435003__High_Renaissance__raphael_madonna-and-child-enthroned-with-saints-1505.png,0.7733,0.228,0.7302,0.9212,1.6957
ccstytr,000000435003__Impressionism__pierre-auguste-renoir_leaving-the-bath-1890.png,0.606,0.4213,0.5533,1.4385,0.75
ccstytr,000000435003__Mannerism_Late_Renaissance__tintoretto_st-mark-rescuing-a-saracen-from-shipwreck-1566.png,0.6958,0.3254,0.6543,1.2559,1.3641
ccstytr,000000435003__Minimalism__mario-schifano_untitled-1963.png,0.3738,0.8206,0.2546,1.8617,1.287
ccstytr,000000435003__Naive_Art_Primitivism__marc-chagall_the-young-samuel-the-priest-s-servant-heard-that-he-is-called-by-god-eli-and-he-were-sleeping.png,0.5674,0.4054,0.5232,1.5589,0.7668
ccstytr,000000435003__Northern_Renaissance__albrecht-durer_lamentation-over-christ-1507.png,0.505,0.4009,0.4583,1.7214,1.209
ccstytr,000000435003__Pop_Art__peter-max_composition-red-green-1979.png,0.4664,0.376,0.4372,1.632,1.6567
ccstytr,000000435003__Post_Impressionism__vincent-van-gogh_restaurant-de-la-sirene-at-asnieres-1887.png,0.5992,0.4592,0.5507,1.647,1.0781
ccstytr,000000435003__Realism__vincent-van-gogh_cottage-with-peasant-coming-home-1885(1).png,0.7018,0.3411,0.6658,1.269,0.6497
ccstytr,000000435003__Rococo__dmitry-levitzky_portrait-of-baron-a-n-stroganoff.png,0.4883,0.3804,0.6419,1.1378,0.7655
ccstytr,000000435003__Romanticism__gustave-dore_paradise-lost-4.png,0.6684,0.3013,0.6144,1.0994,1.071
ccstytr,000000435003__Symbolism__nicholas-roerich_language-of-forest-1922.png,0.7224,0.3442,0.7051,1.2173,1.0789
ccstytr,000000435003__Ukiyo_e__kitagawa-utamaro_not_detected_233134.png,0.5795,0.4077,0.611,1.4679,0.9153
ccstytr,000000464251__Abstract_Expressionism__paul-jenkins_not_detected_235703.png,0.6565,0.5379,0.833,1.1338,0.9391
ccstytr,000000464251__Art_Nouveau_Modern__nicholas-roerich_oze-1914.png,0.6524,0.6921,0.8005,1.3517,1.0475
ccstytr,000000464251__Baroque__rembrandt_portrait-of-nicolas-van-bambeeck-1641.png,0.5629,0.3766,0.7485,1.0623,0.6206
ccstytr,000000464251__Color_Field_Painting__leon-berkowitz_dark-light-rose-gold-1978.png,0.4487,0.8147,0.5379,2.0538,0.8585
ccstytr,000000464251__Cubism__salvador-dali_cubist-composition-portrait-of-a-seated-person-holding-a-letter.png,0.6121,0.4789,0.801,1.0125,0.5832
ccstytr,000000464251__Early_Renaissance__pietro-perugino_st-jerome-who-attends-two-unfairly-hanged-1473.png,0.6341,0.4985,0.6808,1.4038,0.8202
ccstytr,000000464251__Expressionism__amedeo-modigliani_germaine-survage-with-earrings-1918.png,0.6955,0.3639,0.7679,1.1288,0.5338
ccstytr,000000464251__High_Renaissance__raphael_madonna-and-child-enthroned-with-saints-1505.png,0.6012,0.5563,0.6615,1.541,1.3807
ccstytr,000000464251__Impressionism__pierre-auguste-renoir_leaving-the-bath-1890.png,0.5931,0.4307,0.6951,1.3503,0.5506
ccstytr,000000464251__Mannerism_Late_Renaissance__tintoretto_st-mark-rescuing-a-saracen-from-shipwreck-1566.png,0.6132,0.5262,0.6722,1.4879,0.9453
ccstytr,000000464251__Minimalism__mario-schifano_untitled-1963.png,0.4001,0.4806,0.4952,1.6986,1.0952
ccstytr,000000464251__Naive_Art_Primitivism__marc-chagall_the-young-samuel-the-priest-s-servant-heard-that-he-is-called-by-god-eli-and-he-were-sleeping.png,0.4374,0.7059,0.4472,1.7723,0.6257
ccstytr,000000464251__Northern_Renaissance__albrecht-durer_lamentation-over-christ-1507.png,0.3429,0.7541,0.3196,2.1332,1.2225
ccstytr,000000464251__Pop_Art__peter-max_composition-red-green-1979.png,0.4276,0.5222,0.6222,1.7181,1.8656
ccstytr,000000464251__Post_Impressionism__vincent-van-gogh_restaurant-de-la-sirene-at-asnieres-1887.png,0.4437,0.6348,0.4303,1.923,0.9259
ccstytr,000000464251__Realism__vincent-van-gogh_cottage-with-peasant-coming-home-1885(1).png,0.608,0.4953,0.7254,1.3477,0.4214
ccstytr,000000464251__Rococo__dmitry-levitzky_portrait-of-baron-a-n-stroganoff.png,0.6045,0.2869,0.7896,0.8876,0.7344
ccstytr,000000464251__Romanticism__gustave-dore_paradise-lost-4.png,0.5688,0.6128,0.6229,1.4305,0.8863
ccstytr,000000464251__Symbolism__nicholas-roerich_language-of-forest-1922.png,0.5969,0.6862,0.6687,1.5836,0.791
ccstytr,000000464251__Ukiyo_e__kitagawa-utamaro_not_detected_233134.png,0.4673,0.5667,0.6128,1.7579,1.075
ccstytr,000000464786__Abstract_Expressionism__paul-jenkins_not_detected_235703.png,0.8229,0.3752,0.8371,1.3746,0.8518
ccstytr,000000464786__Art_Nouveau_Modern__nicholas-roerich_oze-1914.png,0.6631,0.571,0.5354,2.1751,1.0422
ccstytr,000000464786__Baroque__rembrandt_portrait-of-nicolas-van-bambeeck-1641.png,0.5967,0.4804,0.662,1.6564,0.7061
ccstytr,000000464786__Color_Field_Painting__leon-berkowitz_dark-light-rose-gold-1978.png,0.6016,0.713,0.5472,2.3092,0.6744
ccstytr,000000464786__Cubism__salvador-dali_cubist-composition-portrait-of-a-seated-person-holding-a-letter.png,0.8004,0.6225,0.7667,1.49,0.5803
ccstytr,000000464786__Early_Renaissance__pietro-perugino_st-jerome-who-attends-two-unfairly-hanged-1473.png,0.6481,0.4578,0.4146,2.0073,0.9292
ccstytr,000000464786__Expressionism__amedeo-modigliani_germaine-survage-with-earrings-1918.png,0.7553,0.4879,0.65,1.5648,0.5617
ccstytr,000000464786__High_Renaissance__raphael_madonna-and-child-enthroned-with-saints-1505.png,0.5883,0.5314,0.4445,2.4993,1.8492
ccstytr,000000464786__Impressionism__pierre-auguste-renoir_leaving-the-bath-1890.png,0.7404,0.475,0.6274,1.7556,0.6396
ccstytr,000000464786__Mannerism_Late_Renaissance__tintoretto_st-mark-rescuing-a-saracen-from-shipwreck-1566.png,0.5086,0.5372,0.4351,2.2656,0.9154
ccstytr,000000464786__Minimalism__mario-schifano_untitled-1963.png,0.6053,0.7963,0.696,2.2676,1.3038
ccstytr,000000464786__Naive_Art_Primitivism__marc-chagall_the-young-samuel-the-priest-s-servant-heard-that-he-is-called-by-god-eli-and-he-were-sleeping.png,0.4473,0.6093,0.2807,2.3328,0.514
ccstytr,000000464786__Northern_Renaissance__albrecht-durer_lamentation-over-christ-1507.png,0.3401,0.6702,0.2227,2.8317,1.3718
ccstytr,000000464786__Pop_Art__peter-max_composition-red-green-1979.png,0.595,0.4458,0.645,2.2368,1.6491
ccstytr,000000464786__Post_Impressionism__vincent-van-gogh_restaurant-de-la-sirene-at-asnieres-1887.png,0.4201,0.6709,0.2374,2.7156,0.8887
ccstytr,000000464786__Realism__vincent-van-gogh_cottage-with-peasant-coming-home-1885(1).png,0.6477,0.5249,0.4562,2.1299,0.4935
ccstytr,000000464786__Rococo__dmitry-levitzky_portrait-of-baron-a-n-stroganoff.png,0.6123,0.4094,0.6679,1.4471,0.5944
ccstytr,000000464786__Romanticism__gustave-dore_paradise-lost-4.png,0.5019,0.5819,0.3795,2.088,0.893
ccstytr,000000464786__Symbolism__nicholas-roerich_language-of-forest-1922.png,0.5655,0.6059,0.4021,2.5209,0.9877
ccstytr,000000464786__Ukiyo_e__kitagawa-utamaro_not_detected_233134.png,0.5529,0.577,0.4676,2.4036,1.3003
ccstytr,000000475387__Abstract_Expressionism__paul-jenkins_not_detected_235703.png,0.5625,0.3435,0.5056,1.4529,1.3556
ccstytr,000000475387__Art_Nouveau_Modern__nicholas-roerich_oze-1914.png,0.5675,0.3053,0.6261,1.2436,0.9771
ccstytr,000000475387__Baroque__rembrandt_portrait-of-nicolas-van-bambeeck-1641.png,0.3399,0.4692,0.5338,1.4562,0.9104
ccstytr,000000475387__Color_Field_Painting__leon-berkowitz_dark-light-rose-gold-1978.png,0.3244,0.6849,0.3232,2.4684,1.0538
ccstytr,000000475387__Cubism__salvador-dali_cubist-composition-portrait-of-a-seated-person-holding-a-letter.png,0.4898,0.6562,0.474,1.5659,0.6788
ccstytr,000000475387__Early_Renaissance__pietro-perugino_st-jerome-who-attends-two-unfairly-hanged-1473.png,0.736,0.2747,0.7305,1.1927,1.4059
ccstytr,000000475387__Expressionism__amedeo-modigliani_germaine-survage-with-earrings-1918.png,0.5483,0.4797,0.5548,1.5588,0.8699
ccstytr,000000475387__High_Renaissance__raphael_madonna-and-child-enthroned-with-saints-1505.png,0.7496,0.2246,0.733,1.026,1.7639
ccstytr,000000475387__Impressionism__pierre-auguste-renoir_leaving-the-bath-1890.png,0.4976,0.475,0.4501,1.7813,0.9243
ccstytr,000000475387__Mannerism_Late_Renaissance__tintoretto_st-mark-rescuing-a-saracen-from-shipwreck-1566.png,0.6448,0.3088,0.6725,1.3585,1.325
ccstytr,000000475387__Minimalism__mario-schifano_untitled-1963.png,0.2843,0.9374,0.1903,2.1893,1.3595
ccstytr,000000475387__Naive_Art_Primitivism__marc-chagall_the-young-samuel-the-priest-s-servant-heard-that-he-is-called-by-god-eli-and-he-were-sleeping.png,0.6171,0.3807,0.5919,1.6947,0.8616
ccstytr,000000475387__Northern_Renaissance__albrecht-durer_lamentation-over-christ-1507.png,0.6044,0.3864,0.526,1.8047,1.2291
ccstytr,000000475387__Pop_Art__peter-max_composition-red-green-1979.png,0.4212,0.4396,0.367,2.0059,1.7146
ccstytr,000000475387__Post_Impressionism__vincent-van-gogh_restaurant-de-la-sirene-at-asnieres-1887.png,0.6548,0.4333,0.6397,1.7059,1.1384
ccstytr,000000475387__Realism__vincent-van-gogh_cottage-with-peasant-coming-home-1885(1).png,0.69,0.3324,0.6596,1.2719,0.6524
ccstytr,000000475387__Rococo__dmitry-levitzky_portrait-of-baron-a-n-stroganoff.png,0.3514,0.457,0.5625,1.4247,0.8516
ccstytr,000000475387__Romanticism__gustave-dore_paradise-lost-4.png,0.577,0.3139,0.7014,1.2738,1.2487
ccstytr,000000475387__Symbolism__nicholas-roerich_language-of-forest-1922.png,0.7016,0.2719,0.7445,1.126,1.3482
ccstytr,000000475387__Ukiyo_e__kitagawa-utamaro_not_detected_233134.png,0.563,0.4177,0.5555,1.7511,1.0835
ccstytr,000000484029__Abstract_Expressionism__paul-jenkins_not_detected_235703.png,0.7414,0.3004,0.6918,1.2237,1.1236
ccstytr,000000484029__Art_Nouveau_Modern__nicholas-roerich_oze-1914.png,0.7073,0.3682,0.6857,1.2754,0.9491
ccstytr,000000484029__Baroque__rembrandt_portrait-of-nicolas-van-bambeeck-1641.png,0.588,0.4883,0.5929,1.3812,0.7026
ccstytr,000000484029__Color_Field_Painting__leon-berkowitz_dark-light-rose-gold-1978.png,0.4712,0.7105,0.4327,2.1979,0.9556
ccstytr,000000484029__Cubism__salvador-dali_cubist-composition-portrait-of-a-seated-person-holding-a-letter.png,0.6329,0.6086,0.6489,1.4619,0.6708
ccstytr,000000484029__Early_Renaissance__pietro-perugino_st-jerome-who-attends-two-unfairly-hanged-1473.png,0.7154,0.3427,0.6378,1.12,1.0709
ccstytr,000000484029__Expressionism__amedeo-modigliani_germaine-survage-with-earrings-1918.png,0.6301,0.5655,0.5892,1.537,0.6747
ccstytr,000000484029__High_Renaissance__raphael_madonna-and-child-enthroned-with-saints-1505.png,0.8849,0.1394,0.9389,0.3841,2.8599
ccstytr,000000484029__Impressionism__pierre-auguste-renoir_leaving-the-bath-1890.png,0.5569,0.5532,0.5283,1.7696,0.7473
ccstytr,000000484029__Mannerism_Late_Renaissance__tintoretto_st-mark-rescuing-a-saracen-from-shipwreck-1566.png,0.6504,0.4346,0.5567,1.5813,1.0644
ccstytr,000000484029__Minimalism__mario-schifano_untitled-1963.png,0.4202,0.8728,0.5092,1.9435,1.1939
ccstytr,000000484029__Naive_Art_Primitivism__marc-chagall_the-young-samuel-the-priest-s-servant-heard-that-he-is-called-by-god-eli-and-he-were-sleeping.png,0.4615,0.4654,0.4202,1.6903,0.7068
ccstytr,000000484029__Northern_Renaissance__albrecht-durer_lamentation-over-christ-1507.png,0.4005,0.4781,0.3381,1.9036,1.0597
ccstytr,000000484029__Pop_Art__peter-max_composition-red-green-1979.png,0.4667,0.4164,0.6302,1.746,1.6344
ccstytr,000000484029__Post_Impressionism__vincent-van-gogh_restaurant-de-la-sirene-at-asnieres-1887.png,0.4888,0.5364,0.4224,1.7694,1.04
ccstytr,000000484029__Realism__vincent-van-gogh_cottage-with-peasant-coming-home-1885(1).png,0.6397,0.4009,0.6014,1.3331,0.5596
ccstytr,000000484029__Rococo__dmitry-levitzky_portrait-of-baron-a-n-stroganoff.png,0.5979,0.4767,0.6137,1.3076,0.7955
ccstytr,000000484029__Romanticism__gustave-dore_paradise-lost-4.png,0.6727,0.3752,0.551,1.2912,0.969
ccstytr,000000484029__Symbolism__nicholas-roerich_language-of-forest-1922.png,0.6782,0.3653,0.6573,1.2233,0.9568
ccstytr,000000484029__Ukiyo_e__kitagawa-utamaro_not_detected_233134.png,0.5088,0.5075,0.5785,1.8209,1.034
ccstytr,000000485844__Abstract_Expressionism__paul-jenkins_not_detected_235703.png,0.7481,0.3408,0.7641,1.2559,0.9099
ccstytr,000000485844__Art_Nouveau_Modern__nicholas-roerich_oze-1914.png,0.6721,0.3656,0.6584,1.5899,0.8574
ccstytr,000000485844__Baroque__rembrandt_portrait-of-nicolas-van-bambeeck-1641.png,0.5497,0.506,0.6026,1.3096,0.6332
ccstytr,000000485844__Color_Field_Painting__leon-berkowitz_dark-light-rose-gold-1978.png,0.4221,0.6619,0.3996,2.3812,1.1011
ccstytr,000000485844__Cubism__salvador-dali_cubist-composition-portrait-of-a-seated-person-holding-a-letter.png,0.626,0.7218,0.6832,1.4316,0.6516
ccstytr,000000485844__Early_Renaissance__pietro-perugino_st-jerome-who-attends-two-unfairly-hanged-1473.png,0.7354,0.3854,0.6724,1.3719,0.9211
ccstytr,000000485844__Expressionism__amedeo-modigliani_germaine-survage-with-earrings-1918.png,0.638,0.5988,0.6252,1.5552,0.6728
ccstytr,000000485844__High_Renaissance__raphael_madonna-and-child-enthroned-with-saints-1505.png,0.7065,0.3726,0.6888,1.6119,1.2803
ccstytr,000000485844__Impressionism__pierre-auguste-renoir_leaving-the-bath-1890.png,0.568,0.5857,0.5229,1.8893,0.7934
ccstytr,000000485844__Mannerism_Late_Renaissance__tintoretto_st-mark-rescuing-a-saracen-from-shipwreck-1566.png,0.6681,0.453,0.5843,1.759,1.0216
ccstytr,000000485844__Minimalism__mario-schifano_untitled-1963.png,0.3887,0.9478,0.4624,1.8745,1.0131
ccstytr,000000485844__Naive_Art_Primitivism__marc-chagall_the-young-samuel-the-priest-s-servant-heard-that-he-is-called-by-god-eli-and-he-were-sleeping.png,0.5085,0.4747,0.3827,1.7628,0.6719
ccstytr,000000485844__Northern_Renaissance__albrecht-durer_lamentation-over-christ-1507.png,0.4346,0.5098,0.348,2.0936,1.19
ccstytr,000000485844__Pop_Art__peter-max_composition-red-green-1979.png,0.445,0.5247,0.5416,2.0884,1.4185
ccstytr,000000485844__Post_Impressionism__vincent-van-gogh_restaurant-de-la-sirene-at-asnieres-1887.png,0.5406,0.563,0.4178,1.8003,1.0673
ccstytr,000000485844__Realism__vincent-van-gogh_cottage-with-peasant-coming-home-1885(1).png,0.6759,0.4463,0.6278,1.4031,0.4867
ccstytr,000000485844__Rococo__dmitry-levitzky_portrait-of-baron-a-n-stroganoff.png,0.5603,0.5188,0.6286,1.3636,0.7139
ccstytr,000000485844__Romanticism__gustave-dore_paradise-lost-4.png,0.6885,0.3789,0.5605,1.2509,0.8694
ccstytr,000000485844__Symbolism__nicholas-roerich_language-of-forest-1922.png,0.6698,0.3905,0.6621,1.5765,0.9491
ccstytr,000000485844__Ukiyo_e__kitagawa-utamaro_not_detected_233134.png,0.4804,0.5758,0.4846,2.1386,1.2631
ccstytr,000000510329__Abstract_Expressionism__paul-jenkins_not_detected_235703.png,0.7613,0.2907,0.7721,1.0881,1.0328
ccstytr,000000510329__Art_Nouveau_Modern__nicholas-roerich_oze-1914.png,0.7375,0.3401,0.7869,1.0722,1.0931
ccstytr,000000510329__Baroque__rembrandt_portrait-of-nicolas-van-bambeeck-1641.png,0.5395,0.3691,0.7378,0.9984,0.6773
ccstytr,000000510329__Color_Field_Painting__leon-berkowitz_dark-light-rose-gold-1978.png,0.5019,0.6821,0.5508,2.1897,0.903
ccstytr,000000510329__Cubism__salvador-dali_cubist-composition-portrait-of-a-seated-person-holding-a-letter.png,0.7108,0.5221,0.7666,1.0646,0.666
ccstytr,000000510329__Early_Renaissance__pietro-perugino_st-jerome-who-attends-two-unfairly-hanged-1473.png,0.7721,0.2846,0.7073,0.9855,1.0087
ccstytr,000000510329__Expressionism__amedeo-modigliani_germaine-survage-with-earrings-1918.png,0.7385,0.4236,0.791,1.0556,0.7077
ccstytr,000000510329__High_Renaissance__raphael_madonna-and-child-enthroned-with-saints-1505.png,0.7073,0.3329,0.6587,1.3935,1.1903
ccstytr,000000510329__Impressionism__pierre-auguste-renoir_leaving-the-bath-1890.png,0.6823,0.4128,0.6992,1.3296,0.6239
ccstytr,000000510329__Mannerism_Late_Renaissance__tintoretto_st-mark-rescuing-a-saracen-from-shipwreck-1566.png,0.6713,0.3204,0.6683,1.1429,0.9704
ccstytr,000000510329__Minimalism__mario-schifano_untitled-1963.png,0.4814,0.7888,0.4884,1.816,1.1653
ccstytr,000000510329__Naive_Art_Primitivism__marc-chagall_the-young-samuel-the-priest-s-servant-heard-that-he-is-called-by-god-eli-and-he-were-sleeping.png,0.6495,0.356,0.5699,1.3159,0.6739
ccstytr,000000510329__Northern_Renaissance__albrecht-durer_lamentation-over-christ-1507.png,0.5026,0.4144,0.38,1.7669,0.989
ccstytr,000000510329__Pop_Art__peter-max_composition-red-green-1979.png,0.552,0.3794,0.6245,1.8382,1.7772
ccstytr,000000510329__Post_Impressionism__vincent-van-gogh_restaurant-de-la-sirene-at-asnieres-1887.png,0.6329,0.4345,0.5194,1.531,0.9885
ccstytr,000000510329__Realism__vincent-van-gogh_cottage-with-peasant-coming-home-1885(1).png,0.8394,0.2219,0.827,0.8021,0.5694
ccstytr,000000510329__Rococo__dmitry-levitzky_portrait-of-baron-a-n-stroganoff.png,0.5497,0.3684,0.7736,1.0472,0.7122
ccstytr,000000510329__Romanticism__gustave-dore_paradise-lost-4.png,0.6685,0.3059,0.6746,1.0095,0.8813
ccstytr,000000510329__Symbolism__nicholas-roerich_language-of-forest-1922.png,0.7238,0.3693,0.6912,1.3158,1.0664
ccstytr,000000510329__Ukiyo_e__kitagawa-utamaro_not_detected_233134.png,0.6377,0.4051,0.6808,1.5265,1.1599
ccstytr,000000520659__Abstract_Expressionism__paul-jenkins_not_detected_235703.png,0.6351,0.3581,0.6014,1.4432,1.1385
ccstytr,000000520659__Art_Nouveau_Modern__nicholas-roerich_oze-1914.png,0.6481,0.4057,0.7124,1.3153,0.8793
ccstytr,000000520659__Baroque__rembrandt_portrait-of-nicolas-van-bambeeck-1641.png,0.4859,0.398,0.588,1.5083,0.6593
ccstytr,000000520659__Color_Field_Painting__leon-berkowitz_dark-light-rose-gold-1978.png,0.3605,0.8388,0.3911,2.6486,0.8701
ccstytr,000000520659__Cubism__salvador-dali_cubist-composition-portrait-of-a-seated-person-holding-a-letter.png,0.5314,0.4754,0.5738,1.5064,0.6405
ccstytr,000000520659__Early_Renaissance__pietro-perugino_st-jerome-who-attends-two-unfairly-hanged-1473.png,0.6954,0.3869,0.6997,1.3982,1.1003
ccstytr,000000520659__Expressionism__amedeo-modigliani_germaine-survage-with-earrings-1918.png,0.5897,0.5501,0.6054,1.6427,0.7238
ccstytr,000000520659__High_Renaissance__raphael_madonna-and-child-enthroned-with-saints-1505.png,0.7374,0.3179,0.7368,1.2641,1.4302
ccstytr,000000520659__Impressionism__pierre-auguste-renoir_leaving-the-bath-1890.png,0.503,0.5173,0.52,1.8281,0.6825
ccstytr,000000520659__Mannerism_Late_Renaissance__tintoretto_st-mark-rescuing-a-saracen-from-shipwreck-1566.png,0.7515,0.3598,0.7432,1.3696,0.979
ccstytr,000000520659__Minimalism__mario-schifano_untitled-1963.png,0.3081,0.8242,0.304,2.3145,1.2324
ccstytr,000000520659__Naive_Art_Primitivism__marc-chagall_the-young-samuel-the-priest-s-servant-heard-that-he-is-called-by-god-eli-and-he-were-sleeping.png,0.4883,0.483,0.4879,1.8177,0.6964
ccstytr,000000520659__Northern_Renaissance__albrecht-durer_lamentation-over-christ-1507.png,0.5013,0.4616,0.4492,1.9748,1.1122
ccstytr,000000520659__Pop_Art__peter-max_composition-red-green-1979.png,0.3777,0.4368,0.4609,1.9819,1.7516
ccstytr,000000520659__Post_Impressionism__vincent-van-gogh_restaurant-de-la-sirene-at-asnieres-1887.png,0.525,0.5589,0.5127,1.9736,0.9598
ccstytr,000000520659__Realism__vincent-van-gogh_cottage-with-peasant-coming-home-1885(1).png,0.6373,0.3343,0.6857,1.4071,0.4913
ccstytr,000000520659__Rococo__dmitry-levitzky_portrait-of-baron-a-n-stroganoff.png,0.4965,0.3989,0.6152,1.454,0.7198
ccstytr,000000520659__Romanticism__gustave-dore_paradise-lost-4.png,0.6803,0.3424,0.6796,1.4092,0.9566
ccstytr,000000520659__Symbolism__nicholas-roerich_language-of-forest-1922.png,0.6751,0.42,0.7341,1.4083,0.9999
ccstytr,000000520659__Ukiyo_e__kitagawa-utamaro_not_detected_233134.png,0.4747,0.5241,0.553,1.8887,1.2059
ccstytr,000000529105__Abstract_Expressionism__paul-jenkins_not_detected_235703.png,0.4323,0.5893,0.3001,2.1797,1.0243
ccstytr,000000529105__Art_Nouveau_Modern__nicholas-roerich_oze-1914.png,0.5112,0.6901,0.4781,2.0147,1.0065
ccstytr,000000529105__Baroque__rembrandt_portrait-of-nicolas-van-bambeeck-1641.png,0.3621,0.4025,0.376,1.3704,0.6106
ccstytr,000000529105__Color_Field_Painting__leon-berkowitz_dark-light-rose-gold-1978.png,0.3182,0.9199,0.3241,2.3746,0.6353
ccstytr,000000529105__Cubism__salvador-dali_cubist-composition-portrait-of-a-seated-person-holding-a-letter.png,0.4658,0.4134,0.4075,1.4754,0.829
ccstytr,000000529105__Early_Renaissance__pietro-perugino_st-jerome-who-attends-two-unfairly-hanged-1473.png,0.5294,0.631,0.4775,2.2712,1.0282
ccstytr,000000529105__Expressionism__amedeo-modigliani_germaine-survage-with-earrings-1918.png,0.5141,0.6476,0.4744,1.8613,0.6322
ccstytr,000000529105__High_Renaissance__raphael_madonna-and-child-enthroned-with-saints-1505.png,0.4474,0.6562,0.3504,2.5652,1.9371
ccstytr,000000529105__Impressionism__pierre-auguste-renoir_leaving-the-bath-1890.png,0.4807,0.6066,0.4123,1.8823,0.5094
ccstytr,000000529105__Mannerism_Late_Renaissance__tintoretto_st-mark-rescuing-a-saracen-from-shipwreck-1566.png,0.5566,0.575,0.527,2.1555,0.7365
ccstytr,000000529105__Minimalism__mario-schifano_untitled-1963.png,0.2428,0.7522,0.1485,2.171,1.3433
ccstytr,000000529105__Naive_Art_Primitivism__marc-chagall_the-young-samuel-the-priest-s-servant-heard-that-he-is-called-by-god-eli-and-he-were-sleeping.png,0.6075,0.5301,0.624,1.6471,0.562
ccstytr,000000529105__Northern_Renaissance__albrecht-durer_lamentation-over-christ-1507.png,0.4245,0.6429,0.3474,2.6752,1.375
ccstytr,000000529105__Pop_Art__peter-max_composition-red-green-1979.png,0.2744,0.6301,0.2134,2.6935,1.7797
ccstytr,000000529105__Post_Impressionism__vincent-van-gogh_restaurant-de-la-sirene-at-asnieres-1887.png,0.5352,0.6678,0.4789,2.2953,0.9272
ccstytr,000000529105__Realism__vincent-van-gogh_cottage-with-peasant-coming-home-1885(1).png,0.6176,0.4231,0.5792,1.6079,0.4959
ccstytr,000000529105__Rococo__dmitry-levitzky_portrait-of-baron-a-n-stroganoff.png,0.3627,0.4745,0.3848,1.646,0.6379
ccstytr,000000529105__Romanticism__gustave-dore_paradise-lost-4.png,0.581,0.4489,0.6876,1.5604,0.9849
ccstytr,000000529105__Symbolism__nicholas-roerich_language-of-forest-1922.png,0.5014,0.7223,0.4734,2.4269,0.8867
ccstytr,000000529105__Ukiyo_e__kitagawa-utamaro_not_detected_233134.png,0.3919,0.7255,0.3411,2.5174,1.4584
ccstytr,000000529966__Abstract_Expressionism__paul-jenkins_not_detected_235703.png,0.651,0.3935,0.7135,0.9109,1.3395
ccstytr,000000529966__Art_Nouveau_Modern__nicholas-roerich_oze-1914.png,0.5488,0.5185,0.5536,1.6231,0.9518
ccstytr,000000529966__Baroque__rembrandt_portrait-of-nicolas-van-bambeeck-1641.png,0.4041,0.5471,0.5072,1.3023,0.8166
ccstytr,000000529966__Color_Field_Painting__leon-berkowitz_dark-light-rose-gold-1978.png,0.5441,0.6266,0.4407,1.9944,1.107
ccstytr,000000529966__Cubism__salvador-dali_cubist-composition-portrait-of-a-seated-person-holding-a-letter.png,0.6591,0.6859,0.6322,1.145,0.7101
ccstytr,000000529966__Early_Renaissance__pietro-perugino_st-jerome-who-attends-two-unfairly-hanged-1473.png,0.5321,0.4629,0.4493,1.5445,1.2107
ccstytr,000000529966__Expressionism__amedeo-modigliani_germaine-survage-with-earrings-1918.png,0.6103,0.505,0.5461,1.2149,0.8482
ccstytr,000000529966__High_Renaissance__raphael_madonna-and-child-enthroned-with-saints-1505.png,0.5045,0.502,0.4623,1.8323,1.5755
ccstytr,000000529966__Impressionism__pierre-auguste-renoir_leaving-the-bath-1890.png,0.6253,0.4962,0.5187,1.4169,0.7935
ccstytr,000000529966__Mannerism_Late_Renaissance__tintoretto_st-mark-rescuing-a-saracen-from-shipwreck-1566.png,0.3938,0.5141,0.4478,1.7763,1.0966
ccstytr,000000529966__Minimalism__mario-schifano_untitled-1963.png,0.6358,0.7969,0.63,1.7105,1.3185
ccstytr,000000529966__Naive_Art_Primitivism__marc-chagall_the-young-samuel-the-priest-s-servant-heard-that-he-is-called-by-god-eli-and-he-were-sleeping.png,0.4793,0.576,0.3593,1.8852,0.8077
ccstytr,000000529966__Northern_Renaissance__albrecht-durer_lamentation-over-christ-1507.png,0.3664,0.6139,0.3027,2.2122,1.2863
ccstytr,000000529966__Pop_Art__peter-max_composition-red-green-1979.png,0.738,0.3327,0.7434,1.3496,2.0566
ccstytr,000000529966__Post_Impressionism__vincent-van-gogh_restaurant-de-la-sirene-at-asnieres-1887.png,0.457,0.6182,0.3378,2.1265,1.3884
ccstytr,000000529966__Realism__vincent-van-gogh_cottage-with-peasant-coming-home-1885(1).png,0.5943,0.5088,0.5022,1.5499,0.7907
ccstytr,000000529966__Rococo__dmitry-levitzky_portrait-of-baron-a-n-stroganoff.png,0.4206,0.5021,0.5366,1.1661,0.828
ccstytr,000000529966__Romanticism__gustave-dore_paradise-lost-4.png,0.3596,0.5756,0.4097,1.5751,1.1354
ccstytr,000000529966__Symbolism__nicholas-roerich_language-of-forest-1922.png,0.5348,0.5269,0.4637,1.8685,0.9707
ccstytr,000000529966__Ukiyo_e__kitagawa-utamaro_not_detected_233134.png,0.6494,0.4572,0.5587,1.5549,1.5229
ccstytr,000000546475__Abstract_Expressionism__paul-jenkins_not_detected_235703.png,0.793,0.3829,0.8615,1.0028,0.9788
ccstytr,000000546475__Art_Nouveau_Modern__nicholas-roerich_oze-1914.png,0.7618,0.4848,0.749,1.2297,0.8922
ccstytr,000000546475__Baroque__rembrandt_portrait-of-nicolas-van-bambeeck-1641.png,0.6324,0.3361,0.7702,1.0102,0.5077
ccstytr,000000546475__Color_Field_Painting__leon-berkowitz_dark-light-rose-gold-1978.png,0.5614,0.6717,0.5494,1.9339,0.9631
ccstytr,000000546475__Cubism__salvador-dali_cubist-composition-portrait-of-a-seated-person-holding-a-letter.png,0.7655,0.4855,0.8378,1.0584,0.6072
ccstytr,000000546475__Early_Renaissance__pietro-perugino_st-jerome-who-attends-two-unfairly-hanged-1473.png,0.6536,0.4166,0.5201,1.3577,0.9676
ccstytr,000000546475__Expressionism__amedeo-modigliani_germaine-survage-with-earrings-1918.png,0.7497,0.3545,0.7347,1.0406,0.6674
ccstytr,000000546475__High_Renaissance__raphael_madonna-and-child-enthroned-with-saints-1505.png,0.6462,0.4217,0.5749,1.4986,1.302
ccstytr,000000546475__Impressionism__pierre-auguste-renoir_leaving-the-bath-1890.png,0.6955,0.3811,0.6892,1.2583,0.6759
ccstytr,000000546475__Mannerism_Late_Renaissance__tintoretto_st-mark-rescuing-a-saracen-from-shipwreck-1566.png,0.619,0.4434,0.538,1.4639,0.9221
ccstytr,000000546475__Minimalism__mario-schifano_untitled-1963.png,0.5269,0.5804,0.6522,1.6136,1.2427
ccstytr,000000546475__Naive_Art_Primitivism__marc-chagall_the-young-samuel-the-priest-s-servant-heard-that-he-is-called-by-god-eli-and-he-were-sleeping.png,0.4739,0.5578,0.3666,1.6475,0.6625
ccstytr,000000546475__Northern_Renaissance__albrecht-durer_lamentation-over-christ-1507.png,0.3767,0.6154,0.2852,2.0501,1.0578
ccstytr,000000546475__Pop_Art__peter-max_composition-red-green-1979.png,0.5064,0.4098,0.6467,1.7659,1.6306
ccstytr,000000546475__Post_Impressionism__vincent-van-gogh_restaurant-de-la-sirene-at-asnieres-1887.png,0.4794,0.5492,0.3517,1.916,1.0791
ccstytr,000000546475__Realism__vincent-van-gogh_cottage-with-peasant-coming-home-1885(1).png,0.6634,0.4111,0.5702,1.3949,0.546
ccstytr,000000546475__Rococo__dmitry-levitzky_portrait-of-baron-a-n-stroganoff.png,0.6491,0.2611,0.7972,0.9049,0.5226
ccstytr,000000546475__Romanticism__gustave-dore_paradise-lost-4.png,0.6063,0.4987,0.4628,1.3388,0.8945
ccstytr,000000546475__Symbolism__nicholas-roerich_language-of-forest-1922.png,0.6316,0.5275,0.5471,1.6836,0.8887
ccstytr,000000546475__Ukiyo_e__kitagawa-utamaro_not_detected_233134.png,0.5341,0.4501,0.555,1.6681,1.2154
ccstytr,000000560178__Abstract_Expressionism__paul-jenkins_not_detected_235703.png,0.7643,0.3646,0.8176,1.4526,0.6694
ccstytr,000000560178__Art_Nouveau_Modern__nicholas-roerich_oze-1914.png,0.6564,0.5585,0.583,1.8901,0.8617
ccstytr,000000560178__Baroque__rembrandt_portrait-of-nicolas-van-bambeeck-1641.png,0.6393,0.4887,0.7298,1.3686,0.5649
ccstytr,000000560178__Color_Field_Painting__leon-berkowitz_dark-light-rose-gold-1978.png,0.6351,0.7934,0.5841,2.0996,0.6636
ccstytr,000000560178__Cubism__salvador-dali_cubist-composition-portrait-of-a-seated-person-holding-a-letter.png,0.7968,0.5375,0.7621,1.35,0.598
ccstytr,000000560178__Early_Renaissance__pietro-perugino_st-jerome-who-attends-two-unfairly-hanged-1473.png,0.5394,0.5545,0.4034,1.9728,0.8146
ccstytr,000000560178__Expressionism__amedeo-modigliani_germaine-survage-with-earrings-1918.png,0.6746,0.6225,0.6345,1.4627,0.4831
ccstytr,000000560178__High_Renaissance__raphael_madonna-and-child-enthroned-with-saints-1505.png,0.5273,0.5832,0.4254,2.3483,1.5614
ccstytr,000000560178__Impressionism__pierre-auguste-renoir_leaving-the-bath-1890.png,0.7007,0.5307,0.6449,1.4344,0.5004
ccstytr,000000560178__Mannerism_Late_Renaissance__tintoretto_st-mark-rescuing-a-saracen-from-shipwreck-1566.png,0.4794,0.5763,0.4666,2.0951,0.7093
ccstytr,000000560178__Minimalism__mario-schifano_untitled-1963.png,0.6409,0.8655,0.828,1.9962,1.1038
ccstytr,000000560178__Naive_Art_Primitivism__marc-chagall_the-young-samuel-the-priest-s-servant-heard-that-he-is-called-by-god-eli-and-he-were-sleeping.png,0.413,0.6145,0.2685,1.975,0.5191
ccstytr,000000560178__Northern_Renaissance__albrecht-durer_lamentation-over-christ-1507.png,0.3016,0.6735,0.2018,2.6242,1.3276
ccstytr,000000560178__Pop_Art__peter-max_composition-red-green-1979.png,0.5553,0.5158,0.6393,2.3,1.4577
ccstytr,000000560178__Post_Impressionism__vincent-van-gogh_restaurant-de-la-sirene-at-asnieres-1887.png,0.3815,0.7339,0.2241,2.4213,0.8222
ccstytr,000000560178__Realism__vincent-van-gogh_cottage-with-peasant-coming-home-1885(1).png,0.5971,0.5335,0.4567,1.9189,0.4212
ccstytr,000000560178__Rococo__dmitry-levitzky_portrait-of-baron-a-n-stroganoff.png,0.6473,0.4686,0.7585,1.1931,0.6026
ccstytr,000000560178__Romanticism__gustave-dore_paradise-lost-4.png,0.4822,0.5653,0.4177,1.9203,0.7453
ccstytr,000000560178__Symbolism__nicholas-roerich_language-of-forest-1922.png,0.5558,0.5911,0.4178,2.2053,0.781
ccstytr,000000560178__Ukiyo_e__kitagawa-utamaro_not_detected_233134.png,0.4922,0.6805,0.4369,2.367,1.2709
ccstytr,000000572517__Abstract_Expressionism__paul-jenkins_not_detected_235703.png,0.7335,0.3244,0.5366,1.2425,1.0077
ccstytr,000000572517__Art_Nouveau_Modern__nicholas-roerich_oze-1914.png,0.7691,0.3703,0.7392,1.1315,1.2046
ccstytr,000000572517__Baroque__rembrandt_portrait-of-nicolas-van-bambeeck-1641.png,0.5833,0.2348,0.7715,0.822,0.636
ccstytr,000000572517__Color_Field_Painting__leon-berkowitz_dark-light-rose-gold-1978.png,0.4922,0.7282,0.472,2.1368,0.7597
ccstytr,000000572517__Cubism__salvador-dali_cubist-composition-portrait-of-a-seated-person-holding-a-letter.png,0.6999,0.3652,0.6694,0.9068,0.7292
ccstytr,000000572517__Early_Renaissance__pietro-perugino_st-jerome-who-attends-two-unfairly-hanged-1473.png,0.7715,0.3225,0.7301,1.1776,0.9101
ccstytr,000000572517__Expressionism__amedeo-modigliani_germaine-survage-with-earrings-1918.png,0.7643,0.3632,0.7672,0.9161,0.6882
ccstytr,000000572517__High_Renaissance__raphael_madonna-and-child-enthroned-with-saints-1505.png,0.6686,0.4093,0.5849,1.8162,1.4828
ccstytr,000000572517__Impressionism__pierre-auguste-renoir_leaving-the-bath-1890.png,0.6862,0.3653,0.6452,1.1192,0.5866
ccstytr,000000572517__Mannerism_Late_Renaissance__tintoretto_st-mark-rescuing-a-saracen-from-shipwreck-1566.png,0.7876,0.2764,0.7964,1.0252,1.086
ccstytr,000000572517__Minimalism__mario-schifano_untitled-1963.png,0.3964,0.7195,0.2608,1.8787,1.2722
ccstytr,000000572517__Naive_Art_Primitivism__marc-chagall_the-young-samuel-the-priest-s-servant-heard-that-he-is-called-by-god-eli-and-he-were-sleeping.png,0.6404,0.3381,0.6596,1.1616,0.7182
ccstytr,000000572517__Northern_Renaissance__albrecht-durer_lamentation-over-christ-1507.png,0.4582,0.45,0.4045,1.9522,1.1152
ccstytr,000000572517__Pop_Art__peter-max_composition-red-green-1979.png,0.415,0.4717,0.3796,2.1651,1.6209
ccstytr,000000572517__Post_Impressionism__vincent-van-gogh_restaurant-de-la-sirene-at-asnieres-1887.png,0.602,0.4436,0.5582,1.5291,1.0009
ccstytr,000000572517__Realism__vincent-van-gogh_cottage-with-peasant-coming-home-1885(1).png,0.8049,0.1854,0.8215,0.7142,0.7112
ccstytr,000000572517__Rococo__dmitry-levitzky_portrait-of-baron-a-n-stroganoff.png,0.594,0.2619,0.8019,0.8732,0.7366
ccstytr,000000572517__Romanticism__gustave-dore_paradise-lost-4.png,0.7908,0.2096,0.8171,0.7627,1.0178
ccstytr,000000572517__Symbolism__nicholas-roerich_language-of-forest-1922.png,0.7261,0.4377,0.7128,1.5268,0.8153
ccstytr,000000572517__Ukiyo_e__kitagawa-utamaro_not_detected_233134.png,0.5226,0.4869,0.5361,1.8957,1.3768
sanet,000000001818__Abstract_Expressionism__paul-jenkins_not_detected_235703.jpg,0.3052,0.514,0.3192,2.2554,1.3236
sanet,000000001818__Art_Nouveau_Modern__nicholas-roerich_oze-1914.jpg,0.238,0.5634,0.2868,2.4064,1.0262
sanet,000000001818__Baroque__rembrandt_portrait-of-nicolas-van-bambeeck-1641.jpg,0.221,0.5676,0.2687,2.5172,2.0412
sanet,000000001818__Color_Field_Painting__leon-berkowitz_dark-light-rose-gold-1978.jpg,0.1228,0.8125,0.1867,2.9869,0.9341
sanet,000000001818__Cubism__salvador-dali_cubist-composition-portrait-of-a-seated-person-holding-a-letter.jpg,0.2687,0.6535,0.3012,2.128,0.741
sanet,000000001818__Early_Renaissance__pietro-perugino_st-jerome-who-attends-two-unfairly-hanged-1473.jpg,0.3123,0.5388,0.315,2.3656,1.406
sanet,000000001818__Expressionism__amedeo-modigliani_germaine-survage-with-earrings-1918.jpg,0.2664,0.6302,0.3064,2.2954,1.243
sanet,000000001818__High_Renaissance__raphael_madonna-and-child-enthroned-with-saints-1505.jpg,0.2893,0.5652,0.3008,2.5883,2.494
sanet,000000001818__Impressionism__pierre-auguste-renoir_leaving-the-bath-1890.jpg,0.2416,0.6098,0.2589,2.4405,1.0727
sanet,000000001818__Mannerism_Late_Renaissance__tintoretto_st-mark-rescuing-a-saracen-from-shipwreck-1566.jpg,0.2699,0.5433,0.2749,2.4169,1.5453
sanet,000000001818__Minimalism__mario-schifano_untitled-1963.jpg,0.1241,1.0127,0.1712,2.9933,1.9105
sanet,000000001818__Naive_Art_Primitivism__marc-chagall_the-young-samuel-the-priest-s-servant-heard-that-he-is-called-by-god-eli-and-he-were-sleeping.jpg,0.239,0.4942,0.2223,2.252,1.0744
sanet,000000001818__Northern_Renaissance__albrecht-durer_lamentation-over-christ-1507.jpg,0.2625,0.4901,0.2351,2.3188,2.2815
sanet,000000001818__Pop_Art__peter-max_composition-red-green-1979.jpg,0.1694,0.6177,0.2267,2.8422,2.5252
sanet,000000001818__Post_Impressionism__vincent-van-gogh_restaurant-de-la-sirene-at-asnieres-1887.jpg,0.2161,0.5965,0.1888,2.6053,1.6967
sanet,000000001818__Realism__vincent-van-gogh_cottage-with-peasant-coming-home-1885(1).jpg,0.3124,0.4951,0.3245,2.1638,1.2239
sanet,000000001818__Rococo__dmitry-levitzky_portrait-of-baron-a-n-stroganoff.jpg,0.2026,0.6654,0.2528,2.6211,1.5159
sanet,000000001818__Romanticism__gustave-dore_paradise-lost-4.jpg,0.2467,0.4748,0.269,2.1987,1.3312
sanet,000000001818__Symbolism__nicholas-roerich_language-of-forest-1922.jpg,0.2577,0.6004,0.3208,2.4454,1.3102
sanet,000000001818__Ukiyo_e__kitagawa-utamaro_not_detected_233134.jpg,0.2522,0.5723,0.2578,2.4352,2.059
sanet,000000009448__Abstract_Expressionism__paul-jenkins_not_detected_235703.jpg,0.2786,0.5577,0.3868,2.2141,1.1058
sanet,000000009448__Art_Nouveau_Modern__nicholas-roerich_oze-1914.jpg,0.2551,0.6189,0.3152,2.3366,0.9926
sanet,000000009448__Baroque__rembrandt_portrait-of-nicolas-van-bambeeck-1641.jpg,0.2171,0.6855,0.387,2.3582,1.2715
sanet,000000009448__Color_Field_Painting__leon-berkowitz_dark-light-rose-gold-1978.jpg,0.2168,0.7776,0.2896,2.9958,0.9246
sanet,000000009448__Cubism__salvador-dali_cubist-composition-portrait-of-a-seated-person-holding-a-letter.jpg,0.2819,0.7589,0.3652,2.1682,0.6456
sanet,000000009448__Early_Renaissance__pietro-perugino_st-jerome-who-attends-two-unfairly-hanged-1473.jpg,0.2071,0.6284,0.2173,2.3641,1.3055
sanet,000000009448__Expressionism__amedeo-modigliani_germaine-survage-with-earrings-1918.jpg,0.2234,0.7674,0.286,2.3303,1.0583
sanet,000000009448__High_Renaissance__raphael_madonna-and-child-enthroned-with-saints-1505.jpg,0.2572,0.6107,0.3033,2.217,2.4575
sanet,000000009448__Impressionism__pierre-auguste-renoir_leaving-the-bath-1890.jpg,0.253,0.689,0.2928,2.403,0.9445
sanet,000000009448__Mannerism_Late_Renaissance__tintoretto_st-mark-rescuing-a-saracen-from-shipwreck-1566.jpg,0.1677,0.6499,0.1816,2.4164,1.2569
sanet,000000009448__Minimalism__mario-schifano_untitled-1963.jpg,0.2011,1.041,0.3516,2.7756,1.3068
sanet,000000009448__Naive_Art_Primitivism__marc-chagall_the-young-samuel-the-priest-s-servant-heard-that-he-is-called-by-god-eli-and-he-were-sleeping.jpg,0.1479,0.6295,0.1438,2.3922,0.8947
sanet,000000009448__Northern_Renaissance__albrecht-durer_lamentation-over-christ-1507.jpg,0.147,0.6158,0.1596,2.3768,1.8889
sanet,000000009448__Pop_Art__peter-max_composition-red-green-1979.jpg,0.2372,0.5829,0.3871,2.4544,1.8757
sanet,000000009448__Post_Impressionism__vincent-van-gogh_restaurant-de-la-sirene-at-asnieres-1887.jpg,0.1328,0.7104,0.1262,2.6805,1.5602
sanet,000000009448__Realism__vincent-van-gogh_cottage-with-peasant-coming-home-1885(1).jpg,0.2256,0.6293,0.2272,2.201,0.8461
sanet,000000009448__Rococo__dmitry-levitzky_portrait-of-baron-a-n-stroganoff.jpg,0.2073,0.7308,0.3563,2.2874,1.4419
sanet,000000009448__Romanticism__gustave-dore_paradise-lost-4.jpg,0.1805,0.594,0.2345,2.1402,1.0223
sanet,000000009448__Symbolism__nicholas-roerich_language-of-forest-1922.jpg,0.2274,0.6321,0.2316,2.4018,1.2241
sanet,000000009448__Ukiyo_e__kitagawa-utamaro_not_detected_233134.jpg,0.2183,0.6305,0.2568,2.2997,1.621
sanet,000000072795__Abstract_Expressionism__paul-jenkins_not_detected_235703.jpg,0.3034,0.6256,0.2904,2.5879,1.2533
sanet,000000072795__Art_Nouveau_Modern__nicholas-roerich_oze-1914.jpg,0.3191,0.6074,0.338,2.3111,0.8791
sanet,000000072795__Baroque__rembrandt_portrait-of-nicolas-van-bambeeck-1641.jpg,0.3102,0.5928,0.2871,2.5191,1.5593
sanet,000000072795__Color_Field_Painting__leon-berkowitz_dark-light-rose-gold-1978.jpg,0.2075,0.897,0.2535,3.1893,0.859
sanet,000000072795__Cubism__salvador-dali_cubist-composition-portrait-of-a-seated-person-holding-a-letter.jpg,0.3124,0.6346,0.3349,2.3555,0.65
sanet,000000072795__Early_Renaissance__pietro-perugino_st-jerome-who-attends-two-unfairly-hanged-1473.jpg,0.2446,0.6245,0.2618,2.467,1.3577
sanet,000000072795__Expressionism__amedeo-modigliani_germaine-survage-with-earrings-1918.jpg,0.2745,0.7133,0.2569,2.5256,1.2513
sanet,000000072795__High_Renaissance__raphael_madonna-and-child-enthroned-with-saints-1505.jpg,0.2775,0.572,0.2658,2.3569,1.8477
sanet,000000072795__Impressionism__pierre-auguste-renoir_leaving-the-bath-1890.jpg,0.2652,0.6675,0.2725,2.554,0.9959
sanet,000000072795__Mannerism_Late_Renaissance__tintoretto_st-mark-rescuing-a-saracen-from-shipwreck-1566.jpg,0.3003,0.5709,0.2476,2.332,1.2213
sanet,000000072795__Minimalism__mario-schifano_untitled-1963.jpg,0.1862,0.9324,0.2258,2.9329,2.0581
sanet,000000072795__Naive_Art_Primitivism__marc-chagall_the-young-samuel-the-priest-s-servant-heard-that-he-is-called-by-god-eli-and-he-were-sleeping.jpg,0.1614,0.6122,0.1532,2.3361,1.0765
sanet,000000072795__Northern_Renaissance__albrecht-durer_lamentation-over-christ-1507.jpg,0.1475,0.6039,0.1469,2.4478,1.738
sanet,000000072795__Pop_Art__peter-max_composition-red-green-1979.jpg,0.1411,0.6571,0.2239,2.7466,1.7122
sanet,000000072795__Post_Impressionism__vincent-van-gogh_restaurant-de-la-sirene-at-asnieres-1887.jpg,0.1734,0.6582,0.1551,2.4945,1.7075
sanet,000000072795__Realism__vincent-van-gogh_cottage-with-peasant-coming-home-1885(1).jpg,0.2883,0.5052,0.2985,2.0731,0.9937
sanet,000000072795__Rococo__dmitry-levitzky_portrait-of-baron-a-n-stroganoff.jpg,0.2859,0.6558,0.2934,2.7151,1.6169
sanet,000000072795__Romanticism__gustave-dore_paradise-lost-4.jpg,0.2917,0.5497,0.2729,2.1781,1.0935
sanet,000000072795__Symbolism__nicholas-roerich_language-of-forest-1922.jpg,0.2588,0.6483,0.2754,2.5389,1.2206
sanet,000000072795__Ukiyo_e__kitagawa-utamaro_not_detected_233134.jpg,0.1626,0.6586,0.1878,2.614,1.6481
sanet,000000078420__Abstract_Expressionism__paul-jenkins_not_detected_235703.jpg,0.4647,0.6083,0.4896,2.5871,1.2224
sanet,000000078420__Art_Nouveau_Modern__nicholas-roerich_oze-1914.jpg,0.3588,0.6219,0.2907,2.4193,0.9088
sanet,000000078420__Baroque__rembrandt_portrait-of-nicolas-van-bambeeck-1641.jpg,0.4169,0.6142,0.3748,2.6852,1.5434
sanet,000000078420__Color_Field_Painting__leon-berkowitz_dark-light-rose-gold-1978.jpg,0.3547,0.7393,0.3413,3.1797,0.7143
sanet,000000078420__Cubism__salvador-dali_cubist-composition-portrait-of-a-seated-person-holding-a-letter.jpg,0.4894,0.7025,0.5206,2.2262,0.5733
sanet,000000078420__Early_Renaissance__pietro-perugino_st-jerome-who-attends-two-unfairly-hanged-1473.jpg,0.322,0.5957,0.2345,2.6309,1.197
sanet,000000078420__Expressionism__amedeo-modigliani_germaine-survage-with-earrings-1918.jpg,0.407,0.6282,0.3132,2.6659,0.982
sanet,000000078420__High_Renaissance__raphael_madonna-and-child-enthroned-with-saints-1505.jpg,0.3162,0.5925,0.2525,2.5848,2.0435
sanet,000000078420__Impressionism__pierre-auguste-renoir_leaving-the-bath-1890.jpg,0.4127,0.5934,0.3397,2.6175,0.9284
sanet,000000078420__Mannerism_Late_Renaissance__tintoretto_st-mark-rescuing-a-saracen-from-shipwreck-1566.jpg,0.2856,0.607,0.1763,2.6646,1.2836
sanet,000000078420__Minimalism__mario-schifano_untitled-1963.jpg,0.3573,0.8597,0.4484,2.9786,1.7208
sanet,000000078420__Naive_Art_Primitivism__marc-chagall_the-young-samuel-the-priest-s-servant-heard-that-he-is-called-by-god-eli-and-he-were-sleeping.jpg,0.1959,0.6611,0.126,2.5887,0.8448
sanet,000000078420__Northern_Renaissance__albrecht-durer_lamentation-over-christ-1507.jpg,0.2099,0.6332,0.1496,2.5237,1.8596
sanet,000000078420__Pop_Art__peter-max_composition-red-green-1979.jpg,0.2732,0.5955,0.3874,2.6819,2.1749
sanet,000000078420__Post_Impressionism__vincent-van-gogh_restaurant-de-la-sirene-at-asnieres-1887.jpg,0.2175,0.6216,0.1249,2.625,1.3928
sanet,000000078420__Realism__vincent-van-gogh_cottage-with-peasant-coming-home-1885(1).jpg,0.383,0.5552,0.2959,2.32,0.9019
sanet,000000078420__Rococo__dmitry-levitzky_portrait-of-baron-a-n-stroganoff.jpg,0.4177,0.6239,0.4132,2.8086,1.6616
sanet,000000078420__Romanticism__gustave-dore_paradise-lost-4.jpg,0.3065,0.6474,0.2425,2.5023,1.0803
sanet,000000078420__Symbolism__nicholas-roerich_language-of-forest-1922.jpg,0.3151,0.6338,0.2498,2.5797,1.0823
sanet,000000078420__Ukiyo_e__kitagawa-utamaro_not_detected_233134.jpg,0.2865,0.5427,0.2761,2.3539,1.6926
sanet,000000085682__Abstract_Expressionism__paul-jenkins_not_detected_235703.jpg,0.4418,0.5684,0.43,2.6539,1.0187
sanet,000000085682__Art_Nouveau_Modern__nicholas-roerich_oze-1914.jpg,0.4542,0.6097,0.3908,2.5196,0.8691
sanet,000000085682__Baroque__rembrandt_portrait-of-nicolas-van-bambeeck-1641.jpg,0.3937,0.65,0.431,2.6152,1.328
sanet,000000085682__Color_Field_Painting__leon-berkowitz_dark-light-rose-gold-1978.jpg,0.3329,0.8637,0.2974,3.2,0.6008
sanet,000000085682__Cubism__salvador-dali_cubist-composition-portrait-of-a-seated-person-holding-a-letter.jpg,0.4859,0.7644,0.3511,2.4974,0.5827
sanet,000000085682__Early_Renaissance__pietro-perugino_st-jerome-who-attends-two-unfairly-hanged-1473.jpg,0.3378,0.6418,0.221,2.5523,1.342
sanet,000000085682__Expressionism__amedeo-modigliani_germaine-survage-with-earrings-1918.jpg,0.3993,0.8345,0.2931,2.7304,0.9339
sanet,000000085682__High_Renaissance__raphael_madonna-and-child-enthroned-with-saints-1505.jpg,0.4398,0.5905,0.4168,2.5205,2.2753
sanet,000000085682__Impressionism__pierre-auguste-renoir_leaving-the-bath-1890.jpg,0.4133,0.7287,0.3026,2.8101,0.9649
sanet,000000085682__Mannerism_Late_Renaissance__tintoretto_st-mark-rescuing-a-saracen-from-shipwreck-1566.jpg,0.3142,0.6682,0.2477,2.6872,1.2082
sanet,000000085682__Minimalism__mario-schifano_untitled-1963.jpg,0.3521,1.044,0.4227,2.885,1.2949
sanet,000000085682__Naive_Art_Primitivism__marc-chagall_the-young-samuel-the-priest-s-servant-heard-that-he-is-called-by-god-eli-and-he-were-sleeping.jpg,0.255,0.6093,0.1651,2.3557,0.8158
sanet,000000085682__Northern_Renaissance__albrecht-durer_lamentation-over-christ-1507.jpg,0.3,0.5837,0.3461,2.5167,2.1039
sanet,000000085682__Pop_Art__peter-max_composition-red-green-1979.jpg,0.3616,0.6215,0.4435,2.7901,1.6425
sanet,000000085682__Post_Impressionism__vincent-van-gogh_restaurant-de-la-sirene-at-asnieres-1887.jpg,0.2653,0.6894,0.1676,2.4182,1.572
sanet,000000085682__Realism__vincent-van-gogh_cottage-with-peasant-coming-home-1885(1).jpg,0.425,0.5783,0.3257,2.0799,0.8703
sanet,000000085682__Rococo__dmitry-levitzky_portrait-of-baron-a-n-stroganoff.jpg,0.3834,0.7299,0.4193,2.8525,1.4632
sanet,000000085682__Romanticism__gustave-dore_paradise-lost-4.jpg,0.3465,0.595,0.2366,2.3427,0.9706
sanet,000000085682__Symbolism__nicholas-roerich_language-of-forest-1922.jpg,0.3626,0.6873,0.273,2.5761,1.1182
sanet,000000085682__Ukiyo_e__kitagawa-utamaro_not_detected_233134.jpg,0.2906,0.6916,0.2304,2.5849,1.7354
sanet,000000094157__Abstract_Expressionism__paul-jenkins_not_detected_235703.jpg,0.434,0.633,0.324,2.7091,0.9962
sanet,000000094157__Art_Nouveau_Modern__nicholas-roerich_oze-1914.jpg,0.3498,0.6391,0.2957,2.5045,0.7687
sanet,000000094157__Baroque__rembrandt_portrait-of-nicolas-van-bambeeck-1641.jpg,0.2973,0.6876,0.2579,2.7612,1.4264
sanet,000000094157__Color_Field_Painting__leon-berkowitz_dark-light-rose-gold-1978.jpg,0.3457,0.829,0.1865,3.0799,0.6743
sanet,000000094157__Cubism__salvador-dali_cubist-composition-portrait-of-a-seated-person-holding-a-letter.jpg,0.428,0.7531,0.2769,2.4165,0.6061
sanet,000000094157__Early_Renaissance__pietro-perugino_st-jerome-who-attends-two-unfairly-hanged-1473.jpg,0.2881,0.6309,0.1658,2.5259,1.5234
sanet,000000094157__Expressionism__amedeo-modigliani_germaine-survage-with-earrings-1918.jpg,0.3857,0.81,0.2286,2.7119,1.1773
sanet,000000094157__High_Renaissance__raphael_madonna-and-child-enthroned-with-saints-1505.jpg,0.4652,0.5574,0.3989,2.3536,1.9812
sanet,000000094157__Impressionism__pierre-auguste-renoir_leaving-the-bath-1890.jpg,0.3775,0.7123,0.1931,2.8426,0.9556
sanet,000000094157__Mannerism_Late_Renaissance__tintoretto_st-mark-rescuing-a-saracen-from-shipwreck-1566.jpg,0.2224,0.6767,0.1484,2.824,1.144
sanet,000000094157__Minimalism__mario-schifano_untitled-1963.jpg,0.4397,0.9725,0.4805,2.75,1.8177
sanet,000000094157__Naive_Art_Primitivism__marc-chagall_the-young-samuel-the-priest-s-servant-heard-that-he-is-called-by-god-eli-and-he-were-sleeping.jpg,0.2883,0.6008,0.1173,2.2392,0.9087
sanet,000000094157__Northern_Renaissance__albrecht-durer_lamentation-over-christ-1507.jpg,0.4467,0.5468,0.3612,2.344,2.6142
sanet,000000094157__Pop_Art__peter-max_composition-red-green-1979.jpg,0.4605,0.5835,0.4431,2.7844,1.4916
sanet,000000094157__Post_Impressionism__vincent-van-gogh_restaurant-de-la-sirene-at-asnieres-1887.jpg,0.2707,0.6574,0.1195,2.2747,1.5645
sanet,000000094157__Realism__vincent-van-gogh_cottage-with-peasant-coming-home-1885(1).jpg,0.4532,0.5496,0.2734,1.9441,1.2331
sanet,000000094157__Rococo__dmitry-levitzky_portrait-of-baron-a-n-stroganoff.jpg,0.2849,0.761,0.2912,2.9091,1.694
sanet,000000094157__Romanticism__gustave-dore_paradise-lost-4.jpg,0.2101,0.63,0.154,2.4214,1.1127
sanet,000000094157__Symbolism__nicholas-roerich_language-of-forest-1922.jpg,0.3145,0.6694,0.192,2.6636,1.2262
sanet,000000094157__Ukiyo_e__kitagawa-utamaro_not_detected_233134.jpg,0.3419,0.6718,0.2083,2.7122,1.6553
sanet,000000098633__Abstract_Expressionism__paul-jenkins_not_detected_235703.jpg,0.5528,0.5659,0.6167,2.2355,0.9756
sanet,000000098633__Art_Nouveau_Modern__nicholas-roerich_oze-1914.jpg,0.4213,0.5572,0.3629,2.1818,0.7659
sanet,000000098633__Baroque__rembrandt_portrait-of-nicolas-van-bambeeck-1641.jpg,0.4824,0.6207,0.4632,2.3652,1.338
sanet,000000098633__Color_Field_Painting__leon-berkowitz_dark-light-rose-gold-1978.jpg,0.4191,0.7399,0.4177,2.9948,0.7251
sanet,000000098633__Cubism__salvador-dali_cubist-composition-portrait-of-a-seated-person-holding-a-letter.jpg,0.5435,0.7111,0.5671,2.0507,0.5182
sanet,000000098633__Early_Renaissance__pietro-perugino_st-jerome-who-attends-two-unfairly-hanged-1473.jpg,0.3073,0.5829,0.2581,2.3815,1.3508
sanet,000000098633__Expressionism__amedeo-modigliani_germaine-survage-with-earrings-1918.jpg,0.4315,0.6485,0.3401,2.2654,1.0362
sanet,000000098633__High_Renaissance__raphael_madonna-and-child-enthroned-with-saints-1505.jpg,0.339,0.56,0.3178,2.367,2.1965
sanet,000000098633__Impressionism__pierre-auguste-renoir_leaving-the-bath-1890.jpg,0.4494,0.5842,0.3715,2.2181,0.946
sanet,000000098633__Mannerism_Late_Renaissance__tintoretto_st-mark-rescuing-a-saracen-from-shipwreck-1566.jpg,0.2862,0.5876,0.2246,2.4492,1.1287
sanet,000000098633__Minimalism__mario-schifano_untitled-1963.jpg,0.4278,0.9495,0.5689,2.9433,1.5219
sanet,000000098633__Naive_Art_Primitivism__marc-chagall_the-young-samuel-the-priest-s-servant-heard-that-he-is-called-by-god-eli-and-he-were-sleeping.jpg,0.1788,0.6609,0.1032,2.4343,0.8657
sanet,000000098633__Northern_Renaissance__albrecht-durer_lamentation-over-christ-1507.jpg,0.2036,0.6595,0.1674,2.54,1.9492
sanet,000000098633__Pop_Art__peter-max_composition-red-green-1979.jpg,0.3586,0.5715,0.4721,2.5552,1.6723
sanet,000000098633__Post_Impressionism__vincent-van-gogh_restaurant-de-la-sirene-at-asnieres-1887.jpg,0.1836,0.7037,0.109,2.7385,1.4963
sanet,000000098633__Realism__vincent-van-gogh_cottage-with-peasant-coming-home-1885(1).jpg,0.3828,0.5773,0.3407,2.2662,0.75
sanet,000000098633__Rococo__dmitry-levitzky_portrait-of-baron-a-n-stroganoff.jpg,0.4793,0.5898,0.5342,2.362,1.6199
sanet,000000098633__Romanticism__gustave-dore_paradise-lost-4.jpg,0.3025,0.6396,0.216,2.3743,0.9473
sanet,000000098633__Symbolism__nicholas-roerich_language-of-forest-1922.jpg,0.306,0.6296,0.2876,2.4583,1.2157
sanet,000000098633__Ukiyo_e__kitagawa-utamaro_not_detected_233134.jpg,0.3051,0.6109,0.3068,2.2828,1.6204
sanet,000000106912__Abstract_Expressionism__paul-jenkins_not_detected_235703.jpg,0.4924,0.5976,0.5294,2.6586,1.0885
sanet,000000106912__Art_Nouveau_Modern__nicholas-roerich_oze-1914.jpg,0.4514,0.6412,0.4872,2.4376,0.8805
sanet,000000106912__Baroque__rembrandt_portrait-of-nicolas-van-bambeeck-1641.jpg,0.412,0.6468,0.5697,2.5187,1.0735
sanet,000000106912__Color_Field_Painting__leon-berkowitz_dark-light-rose-gold-1978.jpg,0.4608,0.7157,0.3293,2.9976,0.542
sanet,000000106912__Cubism__salvador-dali_cubist-composition-portrait-of-a-seated-person-holding-a-letter.jpg,0.5499,0.7547,0.4936,2.3063,0.5346
sanet,000000106912__Early_Renaissance__pietro-perugino_st-jerome-who-attends-two-unfairly-hanged-1473.jpg,0.2832,0.6398,0.2293,2.6548,1.1688
sanet,000000106912__Expressionism__amedeo-modigliani_germaine-survage-with-earrings-1918.jpg,0.4307,0.7338,0.3603,2.5472,0.8995
sanet,000000106912__High_Renaissance__raphael_madonna-and-child-enthroned-with-saints-1505.jpg,0.5311,0.622,0.479,2.3899,2.8245
sanet,000000106912__Impressionism__pierre-auguste-renoir_leaving-the-bath-1890.jpg,0.4585,0.6742,0.3173,2.662,0.834
sanet,000000106912__Mannerism_Late_Renaissance__tintoretto_st-mark-rescuing-a-saracen-from-shipwreck-1566.jpg,0.2549,0.6725,0.2269,2.7257,1.2573
sanet,000000106912__Minimalism__mario-schifano_untitled-1963.jpg,0.5314,0.9589,0.6302,2.5508,1.2001
sanet,000000106912__Naive_Art_Primitivism__marc-chagall_the-young-samuel-the-priest-s-servant-heard-that-he-is-called-by-god-eli-and-he-were-sleeping.jpg,0.2303,0.649,0.1317,2.2809,0.8401
sanet,000000106912__Northern_Renaissance__albrecht-durer_lamentation-over-christ-1507.jpg,0.3036,0.6602,0.2559,2.5831,2.7545
sanet,000000106912__Pop_Art__peter-max_composition-red-green-1979.jpg,0.5185,0.6099,0.5627,2.7895,1.7032
sanet,000000106912__Post_Impressionism__vincent-van-gogh_restaurant-de-la-sirene-at-asnieres-1887.jpg,0.2259,0.6932,0.1411,2.5595,1.522
sanet,000000106912__Realism__vincent-van-gogh_cottage-with-peasant-coming-home-1885(1).jpg,0.4206,0.5871,0.3169,2.128,0.7078
sanet,000000106912__Rococo__dmitry-levitzky_portrait-of-baron-a-n-stroganoff.jpg,0.3775,0.7042,0.5509,2.7996,1.1352
sanet,000000106912__Romanticism__gustave-dore_paradise-lost-4.jpg,0.2581,0.6528,0.251,2.298,0.9758
sanet,000000106912__Symbolism__nicholas-roerich_language-of-forest-1922.jpg,0.3448,0.6449,0.2519,2.7092,1.2296
sanet,000000106912__Ukiyo_e__kitagawa-utamaro_not_detected_233134.jpg,0.3388,0.6647,0.2743,2.57,1.6965
sanet,000000116208__Abstract_Expressionism__paul-jenkins_not_detected_235703.jpg,0.419,0.5331,0.395,2.3324,1.3006
sanet,000000116208__Art_Nouveau_Modern__nicholas-roerich_oze-1914.jpg,0.3949,0.5184,0.3853,2.0833,0.8633
sanet,000000116208__Baroque__rembrandt_portrait-of-nicolas-van-bambeeck-1641.jpg,0.368,0.565,0.3551,2.4766,1.6948
sanet,000000116208__Color_Field_Painting__leon-berkowitz_dark-light-rose-gold-1978.jpg,0.2434,0.8224,0.279,3.1882,0.9182
sanet,000000116208__Cubism__salvador-dali_cubist-composition-portrait-of-a-seated-person-holding-a-letter.jpg,0.4187,0.6056,0.4205,2.0552,0.6495
sanet,000000116208__Early_Renaissance__pietro-perugino_st-jerome-who-attends-two-unfairly-hanged-1473.jpg,0.3647,0.5176,0.3061,2.2162,1.4049
sanet,000000116208__Expressionism__amedeo-modigliani_germaine-survage-with-earrings-1918.jpg,0.3729,0.6271,0.3456,2.3145,1.301
sanet,000000116208__High_Renaissance__raphael_madonna-and-child-enthroned-with-saints-1505.jpg,0.3886,0.4911,0.3395,2.12,2.0392
sanet,000000116208__Impressionism__pierre-auguste-renoir_leaving-the-bath-1890.jpg,0.3761,0.576,0.3418,2.3542,1.0212
sanet,000000116208__Mannerism_Late_Renaissance__tintoretto_st-mark-rescuing-a-saracen-from-shipwreck-1566.jpg,0.3578,0.5146,0.279,2.1722,1.185
sanet,000000116208__Minimalism__mario-schifano_untitled-1963.jpg,0.2289,0.9222,0.2833,2.9656,2.2173
sanet,000000116208__Naive_Art_Primitivism__marc-chagall_the-young-samuel-the-priest-s-servant-heard-that-he-is-called-by-god-eli-and-he-were-sleeping.jpg,0.2659,0.5775,0.203,2.4187,0.9377
sanet,000000116208__Northern_Renaissance__albrecht-durer_lamentation-over-christ-1507.jpg,0.2545,0.5462,0.1951,2.2545,1.9321
sanet,000000116208__Pop_Art__peter-max_composition-red-green-1979.jpg,0.237,0.5483,0.3237,2.4514,2.1454
sanet,000000116208__Post_Impressionism__vincent-van-gogh_restaurant-de-la-sirene-at-asnieres-1887.jpg,0.2528,0.6117,0.1856,2.5509,1.6394
sanet,000000116208__Realism__vincent-van-gogh_cottage-with-peasant-coming-home-1885(1).jpg,0.4152,0.4858,0.3756,2.0296,1.1491
sanet,000000116208__Rococo__dmitry-levitzky_portrait-of-baron-a-n-stroganoff.jpg,0.3428,0.598,0.3422,2.4792,1.6413
sanet,000000116208__Romanticism__gustave-dore_paradise-lost-4.jpg,0.3321,0.538,0.2653,2.2517,1.2882
sanet,000000116208__Symbolism__nicholas-roerich_language-of-forest-1922.jpg,0.3618,0.5563,0.3543,2.1535,1.0803
sanet,000000116208__Ukiyo_e__kitagawa-utamaro_not_detected_233134.jpg,0.2917,0.5451,0.2901,2.2565,1.649
sanet,000000135872__Abstract_Expressionism__paul-jenkins_not_detected_235703.jpg,0.465,0.5452,0.5331,2.1517,1.1335
sanet,000000135872__Art_Nouveau_Modern__nicholas-roerich_oze-1914.jpg,0.4621,0.5521,0.4243,2.1572,0.898
sanet,000000135872__Baroque__rembrandt_portrait-of-nicolas-van-bambeeck-1641.jpg,0.4586,0.5067,0.5018,2.3826,1.3384
sanet,000000135872__Color_Field_Painting__leon-berkowitz_dark-light-rose-gold-1978.jpg,0.3778,0.8019,0.3542,3.0005,0.8189
sanet,000000135872__Cubism__salvador-dali_cubist-composition-portrait-of-a-seated-person-holding-a-letter.jpg,0.4958,0.6215,0.4772,2.0794,0.5571
sanet,000000135872__Early_Renaissance__pietro-perugino_st-jerome-who-attends-two-unfairly-hanged-1473.jpg,0.3455,0.5714,0.2845,2.2199,1.1701
sanet,000000135872__Expressionism__amedeo-modigliani_germaine-survage-with-earrings-1918.jpg,0.4247,0.6575,0.337,2.3411,0.9982
sanet,000000135872__High_Renaissance__raphael_madonna-and-child-enthroned-with-saints-1505.jpg,0.4393,0.5011,0.417,2.0852,2.1746
sanet,000000135872__Impressionism__pierre-auguste-renoir_leaving-the-bath-1890.jpg,0.4116,0.6216,0.3148,2.4107,0.9058
sanet,000000135872__Mannerism_Late_Renaissance__tintoretto_st-mark-rescuing-a-saracen-from-shipwreck-1566.jpg,0.3274,0.5772,0.268,2.3497,1.1892
sanet,000000135872__Minimalism__mario-schifano_untitled-1963.jpg,0.3841,0.8679,0.4436,2.6185,1.6261
sanet,000000135872__Naive_Art_Primitivism__marc-chagall_the-young-samuel-the-priest-s-servant-heard-that-he-is-called-by-god-eli-and-he-were-sleeping.jpg,0.1817,0.6031,0.1265,2.4095,0.8974
sanet,000000135872__Northern_Renaissance__albrecht-durer_lamentation-over-christ-1507.jpg,0.2031,0.5909,0.192,2.3425,2.0732
sanet,000000135872__Pop_Art__peter-max_composition-red-green-1979.jpg,0.3315,0.5903,0.4539,2.3918,1.5622
sanet,000000135872__Post_Impressionism__vincent-van-gogh_restaurant-de-la-sirene-at-asnieres-1887.jpg,0.2053,0.6344,0.1294,2.4341,1.7087
sanet,000000135872__Realism__vincent-van-gogh_cottage-with-peasant-coming-home-1885(1).jpg,0.3315,0.5172,0.2924,2.0301,0.9964
sanet,000000135872__Rococo__dmitry-levitzky_portrait-of-baron-a-n-stroganoff.jpg,0.4313,0.6004,0.4638,2.5086,1.3398
sanet,000000135872__Romanticism__gustave-dore_paradise-lost-4.jpg,0.3539,0.5077,0.2974,2.0611,1.0449
sanet,000000135872__Symbolism__nicholas-roerich_language-of-forest-1922.jpg,0.3765,0.5872,0.299,2.2007,1.0906
sanet,000000135872__Ukiyo_e__kitagawa-utamaro_not_detected_233134.jpg,0.2488,0.595,0.2656,2.2379,1.7017
sanet,000000196442__Abstract_Expressionism__paul-jenkins_not_detected_235703.jpg,0.3713,0.6265,0.5081,2.7246,0.9842
sanet,000000196442__Art_Nouveau_Modern__nicholas-roerich_oze-1914.jpg,0.375,0.6612,0.3509,2.7268,0.8038
sanet,000000196442__Baroque__rembrandt_portrait-of-nicolas-van-bambeeck-1641.jpg,0.3383,0.692,0.5241,2.5578,1.0828
sanet,000000196442__Color_Field_Painting__leon-berkowitz_dark-light-rose-gold-1978.jpg,0.4718,0.8406,0.3092,2.836,0.579
sanet,000000196442__Cubism__salvador-dali_cubist-composition-portrait-of-a-seated-person-holding-a-letter.jpg,0.5309,0.8014,0.4186,2.4862,0.4647
sanet,000000196442__Early_Renaissance__pietro-perugino_st-jerome-who-attends-two-unfairly-hanged-1473.jpg,0.2318,0.7261,0.1607,2.9034,1.4274
sanet,000000196442__Expressionism__amedeo-modigliani_germaine-survage-with-earrings-1918.jpg,0.3406,0.8061,0.2221,2.7109,0.995
sanet,000000196442__High_Renaissance__raphael_madonna-and-child-enthroned-with-saints-1505.jpg,0.32,0.6645,0.2774,2.8903,2.2642
sanet,000000196442__Impressionism__pierre-auguste-renoir_leaving-the-bath-1890.jpg,0.4408,0.7343,0.2421,2.7276,0.8471
sanet,000000196442__Mannerism_Late_Renaissance__tintoretto_st-mark-rescuing-a-saracen-from-shipwreck-1566.jpg,0.1764,0.6945,0.1884,2.8766,1.2361
sanet,000000196442__Minimalism__mario-schifano_untitled-1963.jpg,0.6161,1.0477,0.727,2.7153,1.1335
sanet,000000196442__Naive_Art_Primitivism__marc-chagall_the-young-samuel-the-priest-s-servant-heard-that-he-is-called-by-god-eli-and-he-were-sleeping.jpg,0.1822,0.6488,0.0694,2.3677,0.8969
sanet,000000196442__Northern_Renaissance__albrecht-durer_lamentation-over-christ-1507.jpg,0.1703,0.6513,0.0902,2.8338,2.0867
sanet,000000196442__Pop_Art__peter-max_composition-red-green-1979.jpg,0.5518,0.6113,0.5162,2.9578,1.5005
sanet,000000196442__Post_Impressionism__vincent-van-gogh_restaurant-de-la-sirene-at-asnieres-1887.jpg,0.1686,0.7113,0.057,2.7787,1.4419
sanet,000000196442__Realism__vincent-van-gogh_cottage-with-peasant-coming-home-1885(1).jpg,0.308,0.6097,0.2104,2.3197,0.7067
sanet,000000196442__Rococo__dmitry-levitzky_portrait-of-baron-a-n-stroganoff.jpg,0.3012,0.7551,0.5375,2.848,1.0027
sanet,000000196442__Romanticism__gustave-dore_paradise-lost-4.jpg,0.1849,0.6666,0.1721,2.5523,0.9846
sanet,000000196442__Symbolism__nicholas-roerich_language-of-forest-1922.jpg,0.3057,0.7,0.1887,2.8244,1.1368
sanet,000000196442__Ukiyo_e__kitagawa-utamaro_not_detected_233134.jpg,0.2977,0.7067,0.1623,2.7355,1.7898
sanet,000000210388__Abstract_Expressionism__paul-jenkins_not_detected_235703.jpg,0.4544,0.5696,0.4781,2.2706,1.1918
sanet,000000210388__Art_Nouveau_Modern__nicholas-roerich_oze-1914.jpg,0.4071,0.6512,0.432,2.3909,0.9582
sanet,000000210388__Baroque__rembrandt_portrait-of-nicolas-van-bambeeck-1641.jpg,0.3846,0.6466,0.4095,2.3905,1.271
sanet,000000210388__Color_Field_Painting__leon-berkowitz_dark-light-rose-gold-1978.jpg,0.434,0.8532,0.2469,3.0087,0.6462
sanet,000000210388__Cubism__salvador-dali_cubist-composition-portrait-of-a-seated-person-holding-a-letter.jpg,0.514,0.7454,0.4121,2.2173,0.5856
sanet,000000210388__Early_Renaissance__pietro-perugino_st-jerome-who-attends-two-unfairly-hanged-1473.jpg,0.3247,0.6473,0.2012,2.2824,1.3046
sanet,000000210388__Expressionism__amedeo-modigliani_germaine-survage-with-earrings-1918.jpg,0.4448,0.7782,0.2695,2.4296,1.0972
sanet,000000210388__High_Renaissance__raphael_madonna-and-child-enthroned-with-saints-1505.jpg,0.5679,0.5765,0.5186,2.2616,2.8148
sanet,000000210388__Impressionism__pierre-auguste-renoir_leaving-the-bath-1890.jpg,0.4332,0.7069,0.2066,2.5075,0.8865
sanet,000000210388__Mannerism_Late_Renaissance__tintoretto_st-mark-rescuing-a-saracen-from-shipwreck-1566.jpg,0.2255,0.6751,0.1635,2.4952,1.1641
sanet,000000210388__Minimalism__mario-schifano_untitled-1963.jpg,0.5753,0.9519,0.7148,2.568,1.4951
sanet,000000210388__Naive_Art_Primitivism__marc-chagall_the-young-samuel-the-priest-s-servant-heard-that-he-is-called-by-god-eli-and-he-were-sleeping.jpg,0.2089,0.6401,0.1023,2.196,0.8991
sanet,000000210388__Northern_Renaissance__albrecht-durer_lamentation-over-christ-1507.jpg,0.4837,0.5349,0.3453,2.2493,3.1072
sanet,000000210388__Pop_Art__peter-max_composition-red-green-1979.jpg,0.6415,0.5251,0.6088,2.5226,1.7399
sanet,000000210388__Post_Impressionism__vincent-van-gogh_restaurant-de-la-sirene-at-asnieres-1887.jpg,0.2387,0.7147,0.0995,2.5295,1.4814
sanet,000000210388__Realism__vincent-van-gogh_cottage-with-peasant-coming-home-1885(1).jpg,0.4268,0.577,0.2291,1.9412,0.9732
sanet,000000210388__Rococo__dmitry-levitzky_portrait-of-baron-a-n-stroganoff.jpg,0.3446,0.7305,0.4702,2.6566,1.6136
sanet,000000210388__Romanticism__gustave-dore_paradise-lost-4.jpg,0.246,0.6303,0.207,2.1653,0.9367
sanet,000000210388__Symbolism__nicholas-roerich_language-of-forest-1922.jpg,0.3443,0.6888,0.2149,2.4645,1.2404
sanet,000000210388__Ukiyo_e__kitagawa-utamaro_not_detected_233134.jpg,0.3266,0.684,0.1831,2.5151,1.8897
sanet,000000226171__Abstract_Expressionism__paul-jenkins_not_detected_235703.jpg,0.4418,0.647,0.5217,2.4628,1.2804
sanet,000000226171__Art_Nouveau_Modern__nicholas-roerich_oze-1914.jpg,0.3544,0.6833,0.3461,2.3828,0.836
sanet,000000226171__Baroque__rembrandt_portrait-of-nicolas-van-bambeeck-1641.jpg,0.4043,0.5711,0.4392,2.5968,1.2215
sanet,000000226171__Color_Field_Painting__leon-berkowitz_dark-light-rose-gold-1978.jpg,0.3599,0.8312,0.3667,3.1293,0.7931
sanet,000000226171__Cubism__salvador-dali_cubist-composition-portrait-of-a-seated-person-holding-a-letter.jpg,0.4669,0.5581,0.4757,2.1587,0.6428
sanet,000000226171__Early_Renaissance__pietro-perugino_st-jerome-who-attends-two-unfairly-hanged-1473.jpg,0.3233,0.6285,0.2708,2.4074,1.338
sanet,000000226171__Expressionism__amedeo-modigliani_germaine-survage-with-earrings-1918.jpg,0.3584,0.6958,0.3062,2.5963,1.0915
sanet,000000226171__High_Renaissance__raphael_madonna-and-child-enthroned-with-saints-1505.jpg,0.3327,0.5902,0.3192,2.3007,1.8842
sanet,000000226171__Impressionism__pierre-auguste-renoir_leaving-the-bath-1890.jpg,0.3798,0.6672,0.3284,2.6698,1.0082
sanet,000000226171__Mannerism_Late_Renaissance__tintoretto_st-mark-rescuing-a-saracen-from-shipwreck-1566.jpg,0.2695,0.6682,0.2367,2.6516,1.1571
sanet,000000226171__Minimalism__mario-schifano_untitled-1963.jpg,0.3954,0.736,0.5259,2.4321,2.1761
sanet,000000226171__Naive_Art_Primitivism__marc-chagall_the-young-samuel-the-priest-s-servant-heard-that-he-is-called-by-god-eli-and-he-were-sleeping.jpg,0.1778,0.7106,0.1161,2.5512,0.8747
sanet,000000226171__Northern_Renaissance__albrecht-durer_lamentation-over-christ-1507.jpg,0.1876,0.6641,0.1394,2.4727,1.8371
sanet,000000226171__Pop_Art__peter-max_composition-red-green-1979.jpg,0.2816,0.6374,0.406,2.5975,1.7138
sanet,000000226171__Post_Impressionism__vincent-van-gogh_restaurant-de-la-sirene-at-asnieres-1887.jpg,0.1974,0.6825,0.121,2.505,1.5958
sanet,000000226171__Realism__vincent-van-gogh_cottage-with-peasant-coming-home-1885(1).jpg,0.3409,0.5639,0.2931,2.1965,1.0264
sanet,000000226171__Rococo__dmitry-levitzky_portrait-of-baron-a-n-stroganoff.jpg,0.3756,0.6487,0.4231,2.7555,1.6368
sanet,000000226171__Romanticism__gustave-dore_paradise-lost-4.jpg,0.2852,0.6239,0.2335,2.2802,1.0844
sanet,000000226171__Symbolism__nicholas-roerich_language-of-forest-1922.jpg,0.3149,0.6781,0.3086,2.4946,1.1105
sanet,000000226171__Ukiyo_e__kitagawa-utamaro_not_detected_233134.jpg,0.2621,0.6332,0.256,2.4263,1.64
sanet,000000235857__Abstract_Expressionism__paul-jenkins_not_detected_235703.jpg,0.2923,0.6653,0.2767,2.5901,1.124
sanet,000000235857__Art_Nouveau_Modern__nicholas-roerich_oze-1914.jpg,0.2625,0.7214,0.243,2.6806,0.8395
sanet,000000235857__Baroque__rembrandt_portrait-of-nicolas-van-bambeeck-1641.jpg,0.2549,0.5961,0.2651,2.5622,1.3023
sanet,000000235857__Color_Field_Painting__leon-berkowitz_dark-light-rose-gold-1978.jpg,0.217,0.8553,0.2761,3.0537,0.802
sanet,000000235857__Cubism__salvador-dali_cubist-composition-portrait-of-a-seated-person-holding-a-letter.jpg,0.323,0.6022,0.3131,2.362,0.552
sanet,000000235857__Early_Renaissance__pietro-perugino_st-jerome-who-attends-two-unfairly-hanged-1473.jpg,0.2874,0.6074,0.278,2.3963,1.2674
sanet,000000235857__Expressionism__amedeo-modigliani_germaine-survage-with-earrings-1918.jpg,0.3131,0.6396,0.2941,2.492,1.0242
sanet,000000235857__High_Renaissance__raphael_madonna-and-child-enthroned-with-saints-1505.jpg,0.269,0.6396,0.2374,2.6582,2.2483
sanet,000000235857__Impressionism__pierre-auguste-renoir_leaving-the-bath-1890.jpg,0.314,0.6075,0.3007,2.4879,0.964
sanet,000000235857__Mannerism_Late_Renaissance__tintoretto_st-mark-rescuing-a-saracen-from-shipwreck-1566.jpg,0.2372,0.6047,0.2068,2.4658,1.1178
sanet,000000235857__Minimalism__mario-schifano_untitled-1963.jpg,0.216,0.7976,0.1762,2.9558,2.0069
sanet,000000235857__Naive_Art_Primitivism__marc-chagall_the-young-samuel-the-priest-s-servant-heard-that-he-is-called-by-god-eli-and-he-were-sleeping.jpg,0.2093,0.6264,0.1819,2.2751,0.853
sanet,000000235857__Northern_Renaissance__albrecht-durer_lamentation-over-christ-1507.jpg,0.1621,0.6718,0.1413,2.7373,1.853
sanet,000000235857__Pop_Art__peter-max_composition-red-green-1979.jpg,0.1985,0.6559,0.2136,2.8984,1.8607
sanet,000000235857__Post_Impressionism__vincent-van-gogh_restaurant-de-la-sirene-at-asnieres-1887.jpg,0.2032,0.64,0.1621,2.6212,1.6306
sanet,000000235857__Realism__vincent-van-gogh_cottage-with-peasant-coming-home-1885(1).jpg,0.3171,0.5173,0.2971,2.1027,0.7264
sanet,000000235857__Rococo__dmitry-levitzky_portrait-of-baron-a-n-stroganoff.jpg,0.236,0.6118,0.2658,2.7424,1.228
sanet,000000235857__Romanticism__gustave-dore_paradise-lost-4.jpg,0.222,0.6377,0.2227,2.3859,0.9603
sanet,000000235857__Symbolism__nicholas-roerich_language-of-forest-1922.jpg,0.2683,0.7119,0.2487,2.688,1.0635
sanet,000000235857__Ukiyo_e__kitagawa-utamaro_not_detected_233134.jpg,0.2254,0.654,0.2389,2.7016,1.6313
sanet,000000272364__Abstract_Expressionism__paul-jenkins_not_detected_235703.jpg,0.3888,0.5233,0.316,2.4162,1.3643
sanet,000000272364__Art_Nouveau_Modern__nicholas-roerich_oze-1914.jpg,0.3556,0.5207,0.2974,2.3203,0.9794
sanet,000000272364__Baroque__rembrandt_portrait-of-nicolas-van-bambeeck-1641.jpg,0.2662,0.5944,0.2536,2.6537,1.6122
sanet,000000272364__Color_Field_Painting__leon-berkowitz_dark-light-rose-gold-1978.jpg,0.2167,0.7946,0.2113,3.2186,1.0186
sanet,000000272364__Cubism__salvador-dali_cubist-composition-portrait-of-a-seated-person-holding-a-letter.jpg,0.4247,0.6398,0.3461,2.1177,0.7161
sanet,000000272364__Early_Renaissance__pietro-perugino_st-jerome-who-attends-two-unfairly-hanged-1473.jpg,0.3968,0.5001,0.3151,2.1951,1.3916
sanet,000000272364__Expressionism__amedeo-modigliani_germaine-survage-with-earrings-1918.jpg,0.3538,0.6344,0.3053,2.5232,1.3297
sanet,000000272364__High_Renaissance__raphael_madonna-and-child-enthroned-with-saints-1505.jpg,0.4085,0.5099,0.331,2.3524,2.2148
sanet,000000272364__Impressionism__pierre-auguste-renoir_leaving-the-bath-1890.jpg,0.3792,0.5613,0.2864,2.4548,1.0696
sanet,000000272364__Mannerism_Late_Renaissance__tintoretto_st-mark-rescuing-a-saracen-from-shipwreck-1566.jpg,0.3226,0.526,0.2429,2.4132,1.3076
sanet,000000272364__Minimalism__mario-schifano_untitled-1963.jpg,0.2317,0.9948,0.1923,3.0547,1.9489
sanet,000000272364__Naive_Art_Primitivism__marc-chagall_the-young-samuel-the-priest-s-servant-heard-that-he-is-called-by-god-eli-and-he-were-sleeping.jpg,0.3297,0.5437,0.2297,2.4548,0.86
sanet,000000272364__Northern_Renaissance__albrecht-durer_lamentation-over-christ-1507.jpg,0.3267,0.5145,0.2298,2.425,1.8087
sanet,000000272364__Pop_Art__peter-max_composition-red-green-1979.jpg,0.295,0.527,0.2878,2.5408,2.2067
sanet,000000272364__Post_Impressionism__vincent-van-gogh_restaurant-de-la-sirene-at-asnieres-1887.jpg,0.3223,0.5894,0.2044,2.5513,1.5913
sanet,000000272364__Realism__vincent-van-gogh_cottage-with-peasant-coming-home-1885(1).jpg,0.4657,0.4718,0.3766,2.0272,1.2449
sanet,000000272364__Rococo__dmitry-levitzky_portrait-of-baron-a-n-stroganoff.jpg,0.252,0.62,0.2494,2.6423,1.9005
sanet,000000272364__Romanticism__gustave-dore_paradise-lost-4.jpg,0.259,0.5439,0.2451,2.4315,1.142
sanet,000000272364__Symbolism__nicholas-roerich_language-of-forest-1922.jpg,0.3807,0.5406,0.3371,2.3112,1.052
sanet,000000272364__Ukiyo_e__kitagawa-utamaro_not_detected_233134.jpg,0.3493,0.5347,0.2918,2.3603,1.6691
sanet,000000273132__Abstract_Expressionism__paul-jenkins_not_detected_235703.jpg,0.4975,0.5251,0.551,2.4702,1.0508
sanet,000000273132__Art_Nouveau_Modern__nicholas-roerich_oze-1914.jpg,0.44,0.5969,0.3463,2.5757,0.8976
sanet,000000273132__Baroque__rembrandt_portrait-of-nicolas-van-bambeeck-1641.jpg,0.4057,0.6013,0.4792,2.7041,1.6872
sanet,000000273132__Color_Field_Painting__leon-berkowitz_dark-light-rose-gold-1978.jpg,0.3944,0.865,0.4202,3.2175,0.4556
sanet,000000273132__Cubism__salvador-dali_cubist-composition-portrait-of-a-seated-person-holding-a-letter.jpg,0.6378,0.5857,0.6199,2.0658,0.4916
sanet,000000273132__Early_Renaissance__pietro-perugino_st-jerome-who-attends-two-unfairly-hanged-1473.jpg,0.3463,0.6254,0.3259,2.5638,1.4578
sanet,000000273132__Expressionism__amedeo-modigliani_germaine-survage-with-earrings-1918.jpg,0.4234,0.7328,0.4429,2.5548,1.2221
sanet,000000273132__High_Renaissance__raphael_madonna-and-child-enthroned-with-saints-1505.jpg,0.3517,0.5766,0.3024,2.569,1.894
sanet,000000273132__Impressionism__pierre-auguste-renoir_leaving-the-bath-1890.jpg,0.5059,0.6919,0.4293,2.6422,0.9625
sanet,000000273132__Mannerism_Late_Renaissance__tintoretto_st-mark-rescuing-a-saracen-from-shipwreck-1566.jpg,0.2767,0.6152,0.2574,2.6594,1.3459
sanet,000000273132__Minimalism__mario-schifano_untitled-1963.jpg,0.4105,0.9489,0.4653,2.9652,2.0562
sanet,000000273132__Naive_Art_Primitivism__marc-chagall_the-young-samuel-the-priest-s-servant-heard-that-he-is-called-by-god-eli-and-he-were-sleeping.jpg,0.2663,0.5826,0.1516,2.4575,0.9384
sanet,000000273132__Northern_Renaissance__albrecht-durer_lamentation-over-christ-1507.jpg,0.2234,0.5391,0.1446,2.3701,1.9315
sanet,000000273132__Pop_Art__peter-max_composition-red-green-1979.jpg,0.3725,0.6019,0.4013,2.7448,1.6688
sanet,000000273132__Post_Impressionism__vincent-van-gogh_restaurant-de-la-sirene-at-asnieres-1887.jpg,0.2498,0.642,0.1345,2.5154,1.7896
sanet,000000273132__Realism__vincent-van-gogh_cottage-with-peasant-coming-home-1885(1).jpg,0.4433,0.5042,0.3658,2.2138,1.1637
sanet,000000273132__Rococo__dmitry-levitzky_portrait-of-baron-a-n-stroganoff.jpg,0.3899,0.7068,0.4744,2.9111,1.8864
sanet,000000273132__Romanticism__gustave-dore_paradise-lost-4.jpg,0.2681,0.5473,0.2925,2.3279,1.1775
sanet,000000273132__Symbolism__nicholas-roerich_language-of-forest-1922.jpg,0.3958,0.6428,0.3124,2.5012,1.1978
sanet,000000273132__Ukiyo_e__kitagawa-utamaro_not_detected_233134.jpg,0.3044,0.6287,0.2537,2.547,1.7787
sanet,000000277051__Abstract_Expressionism__paul-jenkins_not_detected_235703.jpg,0.5212,0.5667,0.5722,2.34,0.9475
sanet,000000277051__Art_Nouveau_Modern__nicholas-roerich_oze-1914.jpg,0.4796,0.5658,0.4187,2.2689,0.746
sanet,000000277051__Baroque__rembrandt_portrait-of-nicolas-van-bambeeck-1641.jpg,0.4713,0.6389,0.5635,2.2823,1.1566
sanet,000000277051__Color_Field_Painting__leon-berkowitz_dark-light-rose-gold-1978.jpg,0.4841,0.7072,0.4066,3.0208,0.7447
sanet,000000277051__Cubism__salvador-dali_cubist-composition-portrait-of-a-seated-person-holding-a-letter.jpg,0.6097,0.7563,0.5616,2.0967,0.5015
sanet,000000277051__Early_Renaissance__pietro-perugino_st-jerome-who-attends-two-unfairly-hanged-1473.jpg,0.374,0.5531,0.2833,2.2764,1.2026
sanet,000000277051__Expressionism__amedeo-modigliani_germaine-survage-with-earrings-1918.jpg,0.49,0.6395,0.3838,2.2839,0.9913
sanet,000000277051__High_Renaissance__raphael_madonna-and-child-enthroned-with-saints-1505.jpg,0.4554,0.5627,0.3899,2.2812,2.1501
sanet,000000277051__Impressionism__pierre-auguste-renoir_leaving-the-bath-1890.jpg,0.5272,0.5858,0.3642,2.2946,0.9696
sanet,000000277051__Mannerism_Late_Renaissance__tintoretto_st-mark-rescuing-a-saracen-from-shipwreck-1566.jpg,0.2979,0.6056,0.2199,2.4401,1.1941
sanet,000000277051__Minimalism__mario-schifano_untitled-1963.jpg,0.4996,0.9608,0.6106,2.7094,1.4991
sanet,000000277051__Naive_Art_Primitivism__marc-chagall_the-young-samuel-the-priest-s-servant-heard-that-he-is-called-by-god-eli-and-he-were-sleeping.jpg,0.221,0.6707,0.1099,2.4828,0.809
sanet,000000277051__Northern_Renaissance__albrecht-durer_lamentation-over-christ-1507.jpg,0.1769,0.692,0.1014,2.5814,1.8687
sanet,000000277051__Pop_Art__peter-max_composition-red-green-1979.jpg,0.4164,0.5947,0.5148,2.5911,1.3706
sanet,000000277051__Post_Impressionism__vincent-van-gogh_restaurant-de-la-sirene-at-asnieres-1887.jpg,0.2232,0.7054,0.1111,2.6827,1.4097
sanet,000000277051__Realism__vincent-van-gogh_cottage-with-peasant-coming-home-1885(1).jpg,0.4291,0.6016,0.3038,2.1431,0.8218
sanet,000000277051__Rococo__dmitry-levitzky_portrait-of-baron-a-n-stroganoff.jpg,0.4716,0.6087,0.5403,2.3282,1.2581
sanet,000000277051__Romanticism__gustave-dore_paradise-lost-4.jpg,0.2922,0.6735,0.239,2.4093,0.9417
sanet,000000277051__Symbolism__nicholas-roerich_language-of-forest-1922.jpg,0.4,0.5812,0.2775,2.3708,1.088
sanet,000000277051__Ukiyo_e__kitagawa-utamaro_not_detected_233134.jpg,0.3046,0.6248,0.2558,2.3907,1.6011
sanet,000000296969__Abstract_Expressionism__paul-jenkins_not_detected_235703.jpg,0.2237,0.634,0.1464,2.7689,1.1083
sanet,000000296969__Art_Nouveau_Modern__nicholas-roerich_oze-1914.jpg,0.2487,0.6294,0.1697,2.597,0.7614
sanet,000000296969__Baroque__rembrandt_portrait-of-nicolas-van-bambeeck-1641.jpg,0.205,0.5858,0.1462,2.7405,1.5693
sanet,000000296969__Color_Field_Painting__leon-berkowitz_dark-light-rose-gold-1978.jpg,0.149,0.8523,0.1587,3.2518,0.6721
sanet,000000296969__Cubism__salvador-dali_cubist-composition-portrait-of-a-seated-person-holding-a-letter.jpg,0.2784,0.5991,0.179,2.5336,0.6597
sanet,000000296969__Early_Renaissance__pietro-perugino_st-jerome-who-attends-two-unfairly-hanged-1473.jpg,0.2715,0.5996,0.2056,2.7116,1.2548
sanet,000000296969__Expressionism__amedeo-modigliani_germaine-survage-with-earrings-1918.jpg,0.252,0.6853,0.2054,2.7545,1.1265
sanet,000000296969__High_Renaissance__raphael_madonna-and-child-enthroned-with-saints-1505.jpg,0.2478,0.6051,0.1779,2.7785,2.0121
sanet,000000296969__Impressionism__pierre-auguste-renoir_leaving-the-bath-1890.jpg,0.2581,0.6357,0.1866,2.8074,1.0375
sanet,000000296969__Mannerism_Late_Renaissance__tintoretto_st-mark-rescuing-a-saracen-from-shipwreck-1566.jpg,0.2504,0.576,0.1788,2.6219,1.2176
sanet,000000296969__Minimalism__mario-schifano_untitled-1963.jpg,0.1386,0.9304,0.0846,3.2262,1.7312
sanet,000000296969__Naive_Art_Primitivism__marc-chagall_the-young-samuel-the-priest-s-servant-heard-that-he-is-called-by-god-eli-and-he-were-sleeping.jpg,0.2366,0.5606,0.188,2.5001,0.7699
sanet,000000296969__Northern_Renaissance__albrecht-durer_lamentation-over-christ-1507.jpg,0.1943,0.6008,0.1403,2.8316,1.9375
sanet,000000296969__Pop_Art__peter-max_composition-red-green-1979.jpg,0.1297,0.6458,0.1252,3.0679,1.4826
sanet,000000296969__Post_Impressionism__vincent-van-gogh_restaurant-de-la-sirene-at-asnieres-1887.jpg,0.222,0.6148,0.1614,2.7902,1.5807
sanet,000000296969__Realism__vincent-van-gogh_cottage-with-peasant-coming-home-1885(1).jpg,0.3174,0.4725,0.2346,2.2752,0.8201
sanet,000000296969__Rococo__dmitry-levitzky_portrait-of-baron-a-n-stroganoff.jpg,0.1881,0.6435,0.1627,2.8067,1.4715
sanet,000000296969__Romanticism__gustave-dore_paradise-lost-4.jpg,0.2202,0.5694,0.1877,2.6116,0.8868
sanet,000000296969__Symbolism__nicholas-roerich_language-of-forest-1922.jpg,0.2659,0.6556,0.2234,2.782,1.0064
sanet,000000296969__Ukiyo_e__kitagawa-utamaro_not_detected_233134.jpg,0.1939,0.6373,0.1619,2.9495,1.5013
sanet,000000302107__Abstract_Expressionism__paul-jenkins_not_detected_235703.jpg,0.3917,0.6162,0.4539,2.4875,1.0265
sanet,000000302107__Art_Nouveau_Modern__nicholas-roerich_oze-1914.jpg,0.413,0.5807,0.3931,2.3312,0.7853
sanet,000000302107__Baroque__rembrandt_portrait-of-nicolas-van-bambeeck-1641.jpg,0.3263,0.5771,0.4202,2.5507,1.3418
sanet,000000302107__Color_Field_Painting__leon-berkowitz_dark-light-rose-gold-1978.jpg,0.3484,0.7998,0.3797,3.1538,0.8105
sanet,000000302107__Cubism__salvador-dali_cubist-composition-portrait-of-a-seated-person-holding-a-letter.jpg,0.5349,0.6346,0.5156,2.2363,0.5545
sanet,000000302107__Early_Renaissance__pietro-perugino_st-jerome-who-attends-two-unfairly-hanged-1473.jpg,0.3146,0.6266,0.2839,2.5188,1.3218
sanet,000000302107__Expressionism__amedeo-modigliani_germaine-survage-with-earrings-1918.jpg,0.4076,0.6603,0.3844,2.4881,1.0878
sanet,000000302107__High_Renaissance__raphael_madonna-and-child-enthroned-with-saints-1505.jpg,0.3866,0.5611,0.3332,2.3315,2.0032
sanet,000000302107__Impressionism__pierre-auguste-renoir_leaving-the-bath-1890.jpg,0.4521,0.6289,0.3758,2.5132,0.9739
sanet,000000302107__Mannerism_Late_Renaissance__tintoretto_st-mark-rescuing-a-saracen-from-shipwreck-1566.jpg,0.2761,0.5802,0.2979,2.3412,1.1096
sanet,000000302107__Minimalism__mario-schifano_untitled-1963.jpg,0.3952,0.923,0.3812,2.8953,1.7738
sanet,000000302107__Naive_Art_Primitivism__marc-chagall_the-young-samuel-the-priest-s-servant-heard-that-he-is-called-by-god-eli-and-he-were-sleeping.jpg,0.2476,0.6329,0.1473,2.4947,0.9163
sanet,000000302107__Northern_Renaissance__albrecht-durer_lamentation-over-christ-1507.jpg,0.2097,0.6225,0.1513,2.4564,1.7541
sanet,000000302107__Pop_Art__peter-max_composition-red-green-1979.jpg,0.3743,0.6063,0.3852,2.7327,1.5122
sanet,000000302107__Post_Impressionism__vincent-van-gogh_restaurant-de-la-sirene-at-asnieres-1887.jpg,0.2418,0.6544,0.1354,2.6783,1.5186
sanet,000000302107__Realism__vincent-van-gogh_cottage-with-peasant-coming-home-1885(1).jpg,0.4096,0.509,0.333,2.1568,0.7684
sanet,000000302107__Rococo__dmitry-levitzky_portrait-of-baron-a-n-stroganoff.jpg,0.3089,0.6264,0.4572,2.6301,1.3817
sanet,000000302107__Romanticism__gustave-dore_paradise-lost-4.jpg,0.2523,0.6037,0.3104,2.2405,1.1121
sanet,000000302107__Symbolism__nicholas-roerich_language-of-forest-1922.jpg,0.3729,0.6038,0.3098,2.5167,1.1751
sanet,000000302107__Ukiyo_e__kitagawa-utamaro_not_detected_233134.jpg,0.3394,0.5883,0.3123,2.318,1.6245
sanet,000000322944__Abstract_Expressionism__paul-jenkins_not_detected_235703.jpg,0.5677,0.4903,0.5238,2.2877,1.0695
sanet,000000322944__Art_Nouveau_Modern__nicholas-roerich_oze-1914.jpg,0.4931,0.4816,0.3559,2.139,0.9203
sanet,000000322944__Baroque__rembrandt_portrait-of-nicolas-van-bambeeck-1641.jpg,0.5956,0.5312,0.503,2.02,1.5252
sanet,000000322944__Color_Field_Painting__leon-berkowitz_dark-light-rose-gold-1978.jpg,0.3422,0.7664,0.2724,3.0401,0.7848
sanet,000000322944__Cubism__salvador-dali_cubist-composition-portrait-of-a-seated-person-holding-a-letter.jpg,0.4846,0.758,0.374,2.1318,0.556
sanet,000000322944__Early_Renaissance__pietro-perugino_st-jerome-who-attends-two-unfairly-hanged-1473.jpg,0.2839,0.6056,0.2116,2.4175,1.1582
sanet,000000322944__Expressionism__amedeo-modigliani_germaine-survage-with-earrings-1918.jpg,0.3918,0.6907,0.2759,2.1448,0.9273
sanet,000000322944__High_Renaissance__raphael_madonna-and-child-enthroned-with-saints-1505.jpg,0.3527,0.5049,0.4601,2.3003,2.6295
sanet,000000322944__Impressionism__pierre-auguste-renoir_leaving-the-bath-1890.jpg,0.4036,0.6001,0.2585,2.2277,0.8825
sanet,000000322944__Mannerism_Late_Renaissance__tintoretto_st-mark-rescuing-a-saracen-from-shipwreck-1566.jpg,0.3286,0.58,0.2035,2.3225,1.2224
sanet,000000322944__Minimalism__mario-schifano_untitled-1963.jpg,0.3457,1.0132,0.5595,2.913,1.4443
sanet,000000322944__Naive_Art_Primitivism__marc-chagall_the-young-samuel-the-priest-s-servant-heard-that-he-is-called-by-god-eli-and-he-were-sleeping.jpg,0.1664,0.6284,0.1029,2.4977,0.8959
sanet,000000322944__Northern_Renaissance__albrecht-durer_lamentation-over-christ-1507.jpg,0.1676,0.6247,0.1425,2.3852,2.0342
sanet,000000322944__Pop_Art__peter-max_composition-red-green-1979.jpg,0.2518,0.6111,0.4246,2.6225,1.692
sanet,000000322944__Post_Impressionism__vincent-van-gogh_restaurant-de-la-sirene-at-asnieres-1887.jpg,0.1822,0.6959,0.1186,2.7946,1.6504
sanet,000000322944__Realism__vincent-van-gogh_cottage-with-peasant-coming-home-1885(1).jpg,0.2976,0.6182,0.2368,2.4247,0.7044
sanet,000000322944__Rococo__dmitry-levitzky_portrait-of-baron-a-n-stroganoff.jpg,0.5704,0.5752,0.488,2.1484,1.3867
sanet,000000322944__Romanticism__gustave-dore_paradise-lost-4.jpg,0.3888,0.5616,0.2143,2.1872,0.8645
sanet,000000322944__Symbolism__nicholas-roerich_language-of-forest-1922.jpg,0.2839,0.6265,0.2313,2.5577,1.193
sanet,000000322944__Ukiyo_e__kitagawa-utamaro_not_detected_233134.jpg,0.2314,0.6344,0.2269,2.3419,1.9131
sanet,000000329447__Abstract_Expressionism__paul-jenkins_not_detected_235703.jpg,0.3823,0.6047,0.35,2.3295,1.2438
sanet,000000329447__Art_Nouveau_Modern__nicholas-roerich_oze-1914.jpg,0.3272,0.662,0.3295,2.402,0.9287
sanet,000000329447__Baroque__rembrandt_portrait-of-nicolas-van-bambeeck-1641.jpg,0.3268,0.5598,0.2938,2.3377,1.3048
sanet,000000329447__Color_Field_Painting__leon-berkowitz_dark-light-rose-gold-1978.jpg,0.2161,0.9316,0.2762,3.1264,0.8545
sanet,000000329447__Cubism__salvador-dali_cubist-composition-portrait-of-a-seated-person-holding-a-letter.jpg,0.362,0.5205,0.3525,2.1794,0.6574
sanet,000000329447__Early_Renaissance__pietro-perugino_st-jerome-who-attends-two-unfairly-hanged-1473.jpg,0.3445,0.5724,0.3251,2.0844,1.1812
sanet,000000329447__Expressionism__amedeo-modigliani_germaine-survage-with-earrings-1918.jpg,0.3347,0.6905,0.3246,2.2929,1.1267
sanet,000000329447__High_Renaissance__raphael_madonna-and-child-enthroned-with-saints-1505.jpg,0.3312,0.5873,0.334,2.2586,2.1541
sanet,000000329447__Impressionism__pierre-auguste-renoir_leaving-the-bath-1890.jpg,0.3174,0.6513,0.3065,2.4443,0.9491
sanet,000000329447__Mannerism_Late_Renaissance__tintoretto_st-mark-rescuing-a-saracen-from-shipwreck-1566.jpg,0.3416,0.5739,0.2937,2.1639,1.211
sanet,000000329447__Minimalism__mario-schifano_untitled-1963.jpg,0.2235,0.8406,0.2168,2.8763,2.4593
sanet,000000329447__Naive_Art_Primitivism__marc-chagall_the-young-samuel-the-priest-s-servant-heard-that-he-is-called-by-god-eli-and-he-were-sleeping.jpg,0.2199,0.6201,0.1941,2.3868,0.8988
sanet,000000329447__Northern_Renaissance__albrecht-durer_lamentation-over-christ-1507.jpg,0.1927,0.6287,0.1611,2.5052,1.9914
sanet,000000329447__Pop_Art__peter-max_composition-red-green-1979.jpg,0.182,0.6509,0.2564,2.6935,1.5176
sanet,000000329447__Post_Impressionism__vincent-van-gogh_restaurant-de-la-sirene-at-asnieres-1887.jpg,0.2121,0.6619,0.1617,2.5472,1.733
sanet,000000329447__Realism__vincent-van-gogh_cottage-with-peasant-coming-home-1885(1).jpg,0.3653,0.4815,0.3423,1.947,0.9293
sanet,000000329447__Rococo__dmitry-levitzky_portrait-of-baron-a-n-stroganoff.jpg,0.3158,0.6317,0.3119,2.4659,1.5443
sanet,000000329447__Romanticism__gustave-dore_paradise-lost-4.jpg,0.3147,0.5513,0.3072,2.099,0.9979
sanet,000000329447__Symbolism__nicholas-roerich_language-of-forest-1922.jpg,0.3102,0.6718,0.3323,2.4164,1.1524
sanet,000000329447__Ukiyo_e__kitagawa-utamaro_not_detected_233134.jpg,0.2338,0.6698,0.2521,2.5378,1.6689
sanet,000000338625__Abstract_Expressionism__paul-jenkins_not_detected_235703.jpg,0.4005,0.5603,0.3908,2.6963,1.4178
sanet,000000338625__Art_Nouveau_Modern__nicholas-roerich_oze-1914.jpg,0.3789,0.5312,0.3456,2.3615,0.84
sanet,000000338625__Baroque__rembrandt_portrait-of-nicolas-van-bambeeck-1641.jpg,0.3243,0.6036,0.3623,2.7835,1.4179
sanet,000000338625__Color_Field_Painting__leon-berkowitz_dark-light-rose-gold-1978.jpg,0.3113,0.7697,0.2744,3.238,0.7461
sanet,000000338625__Cubism__salvador-dali_cubist-composition-portrait-of-a-seated-person-holding-a-letter.jpg,0.4595,0.7432,0.4004,2.3686,0.5744
sanet,000000338625__Early_Renaissance__pietro-perugino_st-jerome-who-attends-two-unfairly-hanged-1473.jpg,0.3146,0.5704,0.2491,2.4942,1.4557
sanet,000000338625__Expressionism__amedeo-modigliani_germaine-survage-with-earrings-1918.jpg,0.3798,0.6878,0.3157,2.6487,1.1044
sanet,000000338625__High_Renaissance__raphael_madonna-and-child-enthroned-with-saints-1505.jpg,0.4034,0.5014,0.3445,2.3041,2.0415
sanet,000000338625__Impressionism__pierre-auguste-renoir_leaving-the-bath-1890.jpg,0.3795,0.6301,0.2846,2.7846,1.0364
sanet,000000338625__Mannerism_Late_Renaissance__tintoretto_st-mark-rescuing-a-saracen-from-shipwreck-1566.jpg,0.2615,0.5645,0.236,2.6249,1.2108
sanet,000000338625__Minimalism__mario-schifano_untitled-1963.jpg,0.3439,0.9843,0.3528,2.8321,1.7338
sanet,000000338625__Naive_Art_Primitivism__marc-chagall_the-young-samuel-the-priest-s-servant-heard-that-he-is-called-by-god-eli-and-he-were-sleeping.jpg,0.2484,0.5668,0.1619,2.4781,0.8976
sanet,000000338625__Northern_Renaissance__albrecht-durer_lamentation-over-christ-1507.jpg,0.2271,0.5518,0.1631,2.4927,1.8955
sanet,000000338625__Pop_Art__peter-max_composition-red-green-1979.jpg,0.3098,0.5829,0.3596,2.7482,1.949
sanet,000000338625__Post_Impressionism__vincent-van-gogh_restaurant-de-la-sirene-at-asnieres-1887.jpg,0.265,0.568,0.1614,2.309,1.5531
sanet,000000338625__Realism__vincent-van-gogh_cottage-with-peasant-coming-home-1885(1).jpg,0.4182,0.4855,0.3383,2.1052,1.02
sanet,000000338625__Rococo__dmitry-levitzky_portrait-of-baron-a-n-stroganoff.jpg,0.3061,0.6541,0.3525,2.866,1.5848
sanet,000000338625__Romanticism__gustave-dore_paradise-lost-4.jpg,0.2477,0.5505,0.2258,2.4152,1.1208
sanet,000000338625__Symbolism__nicholas-roerich_language-of-forest-1922.jpg,0.3473,0.5507,0.2995,2.3732,1.0715
sanet,000000338625__Ukiyo_e__kitagawa-utamaro_not_detected_233134.jpg,0.3211,0.559,0.2756,2.4566,1.6325
sanet,000000356968__Abstract_Expressionism__paul-jenkins_not_detected_235703.jpg,0.2859,0.6749,0.2612,2.5892,1.0836
sanet,000000356968__Art_Nouveau_Modern__nicholas-roerich_oze-1914.jpg,0.3049,0.6745,0.2734,2.5726,0.8858
sanet,000000356968__Baroque__rembrandt_portrait-of-nicolas-van-bambeeck-1641.jpg,0.2756,0.579,0.2667,2.4795,1.5678
sanet,000000356968__Color_Field_Painting__leon-berkowitz_dark-light-rose-gold-1978.jpg,0.2361,0.8137,0.2683,3.0423,0.7532
sanet,000000356968__Cubism__salvador-dali_cubist-composition-portrait-of-a-seated-person-holding-a-letter.jpg,0.3535,0.6314,0.311,2.2505,0.5911
sanet,000000356968__Early_Renaissance__pietro-perugino_st-jerome-who-attends-two-unfairly-hanged-1473.jpg,0.2761,0.5763,0.2607,2.3468,1.2856
sanet,000000356968__Expressionism__amedeo-modigliani_germaine-survage-with-earrings-1918.jpg,0.2981,0.6218,0.2679,2.4726,1.1374
sanet,000000356968__High_Renaissance__raphael_madonna-and-child-enthroned-with-saints-1505.jpg,0.2695,0.6238,0.2247,2.681,2.0501
sanet,000000356968__Impressionism__pierre-auguste-renoir_leaving-the-bath-1890.jpg,0.3372,0.5741,0.2934,2.3895,0.9621
sanet,000000356968__Mannerism_Late_Renaissance__tintoretto_st-mark-rescuing-a-saracen-from-shipwreck-1566.jpg,0.2424,0.5685,0.2192,2.456,1.2978
sanet,000000356968__Minimalism__mario-schifano_untitled-1963.jpg,0.2198,0.8603,0.1778,2.9389,1.6596
sanet,000000356968__Naive_Art_Primitivism__marc-chagall_the-young-samuel-the-priest-s-servant-heard-that-he-is-called-by-god-eli-and-he-were-sleeping.jpg,0.2154,0.6003,0.1716,2.3794,0.8432
sanet,000000356968__Northern_Renaissance__albrecht-durer_lamentation-over-christ-1507.jpg,0.1463,0.651,0.1126,2.7079,1.9016
sanet,000000356968__Pop_Art__peter-max_composition-red-green-1979.jpg,0.1768,0.6558,0.2075,2.8954,1.8
sanet,000000356968__Post_Impressionism__vincent-van-gogh_restaurant-de-la-sirene-at-asnieres-1887.jpg,0.1953,0.619,0.1519,2.6664,1.6667
sanet,000000356968__Realism__vincent-van-gogh_cottage-with-peasant-coming-home-1885(1).jpg,0.3057,0.5089,0.2798,2.1025,0.9407
sanet,000000356968__Rococo__dmitry-levitzky_portrait-of-baron-a-n-stroganoff.jpg,0.2439,0.614,0.2514,2.6743,1.4323
sanet,000000356968__Romanticism__gustave-dore_paradise-lost-4.jpg,0.2235,0.598,0.2526,2.3175,1.0918
sanet,000000356968__Symbolism__nicholas-roerich_language-of-forest-1922.jpg,0.2828,0.6782,0.2674,2.6668,1.1963
sanet,000000356968__Ukiyo_e__kitagawa-utamaro_not_detected_233134.jpg,0.21,0.6258,0.1995,2.7236,1.7268
sanet,000000376264__Abstract_Expressionism__paul-jenkins_not_detected_235703.jpg,0.4043,0.5177,0.4334,2.1325,1.6466
sanet,000000376264__Art_Nouveau_Modern__nicholas-roerich_oze-1914.jpg,0.3171,0.5595,0.3382,2.1394,0.9212
sanet,000000376264__Baroque__rembrandt_portrait-of-nicolas-van-bambeeck-1641.jpg,0.3237,0.563,0.3514,2.4179,1.4947
sanet,000000376264__Color_Field_Painting__leon-berkowitz_dark-light-rose-gold-1978.jpg,0.2399,0.791,0.2657,3.1014,1.1336
sanet,000000376264__Cubism__salvador-dali_cubist-composition-portrait-of-a-seated-person-holding-a-letter.jpg,0.3713,0.6342,0.4062,2.0515,0.6784
sanet,000000376264__Early_Renaissance__pietro-perugino_st-jerome-who-attends-two-unfairly-hanged-1473.jpg,0.3177,0.514,0.2768,2.0458,1.6084
sanet,000000376264__Expressionism__amedeo-modigliani_germaine-survage-with-earrings-1918.jpg,0.3424,0.6161,0.3344,2.2391,1.4538
sanet,000000376264__High_Renaissance__raphael_madonna-and-child-enthroned-with-saints-1505.jpg,0.3245,0.5098,0.3358,2.1114,2.032
sanet,000000376264__Impressionism__pierre-auguste-renoir_leaving-the-bath-1890.jpg,0.3263,0.594,0.2942,2.3973,1.0981
sanet,000000376264__Mannerism_Late_Renaissance__tintoretto_st-mark-rescuing-a-saracen-from-shipwreck-1566.jpg,0.2885,0.5413,0.2804,2.1705,1.2784
sanet,000000376264__Minimalism__mario-schifano_untitled-1963.jpg,0.2555,0.8905,0.3426,2.8581,2.0029
sanet,000000376264__Naive_Art_Primitivism__marc-chagall_the-young-samuel-the-priest-s-servant-heard-that-he-is-called-by-god-eli-and-he-were-sleeping.jpg,0.2182,0.5998,0.1725,2.4439,0.9308
sanet,000000376264__Northern_Renaissance__albrecht-durer_lamentation-over-christ-1507.jpg,0.2339,0.5469,0.2148,2.114,2.0746
sanet,000000376264__Pop_Art__peter-max_composition-red-green-1979.jpg,0.2494,0.535,0.3579,2.2565,2.2009
sanet,000000376264__Post_Impressionism__vincent-van-gogh_restaurant-de-la-sirene-at-asnieres-1887.jpg,0.2248,0.5983,0.163,2.4433,1.6759
sanet,000000376264__Realism__vincent-van-gogh_cottage-with-peasant-coming-home-1885(1).jpg,0.3477,0.5053,0.3506,2.0865,1.0578
sanet,000000376264__Rococo__dmitry-levitzky_portrait-of-baron-a-n-stroganoff.jpg,0.315,0.5991,0.3311,2.4599,1.9931
sanet,000000376264__Romanticism__gustave-dore_paradise-lost-4.jpg,0.2665,0.5451,0.2537,2.1762,1.2082
sanet,000000376264__Symbolism__nicholas-roerich_language-of-forest-1922.jpg,0.3197,0.5651,0.3396,2.1683,1.2264
sanet,000000376264__Ukiyo_e__kitagawa-utamaro_not_detected_233134.jpg,0.2826,0.5339,0.3034,2.1444,1.7257
sanet,000000398905__Abstract_Expressionism__paul-jenkins_not_detected_235703.jpg,0.4904,0.493,0.6392,2.034,0.9416
sanet,000000398905__Art_Nouveau_Modern__nicholas-roerich_oze-1914.jpg,0.376,0.5632,0.3728,2.2889,0.8631
sanet,000000398905__Baroque__rembrandt_portrait-of-nicolas-van-bambeeck-1641.jpg,0.4115,0.5834,0.5196,2.2637,1.498
sanet,000000398905__Color_Field_Painting__leon-berkowitz_dark-light-rose-gold-1978.jpg,0.3426,0.7749,0.31,3.0224,0.8135
sanet,000000398905__Cubism__salvador-dali_cubist-composition-portrait-of-a-seated-person-holding-a-letter.jpg,0.4705,0.7034,0.4967,2.044,0.6271
sanet,000000398905__Early_Renaissance__pietro-perugino_st-jerome-who-attends-two-unfairly-hanged-1473.jpg,0.3037,0.5742,0.2423,2.1326,1.3028
sanet,000000398905__Expressionism__amedeo-modigliani_germaine-survage-with-earrings-1918.jpg,0.3914,0.7132,0.3202,2.2891,0.9614
sanet,000000398905__High_Renaissance__raphael_madonna-and-child-enthroned-with-saints-1505.jpg,0.3778,0.5493,0.3757,2.2937,2.0307
sanet,000000398905__Impressionism__pierre-auguste-renoir_leaving-the-bath-1890.jpg,0.3736,0.6337,0.2726,2.3628,0.9556
sanet,000000398905__Mannerism_Late_Renaissance__tintoretto_st-mark-rescuing-a-saracen-from-shipwreck-1566.jpg,0.2535,0.6136,0.1944,2.4999,1.1711
sanet,000000398905__Minimalism__mario-schifano_untitled-1963.jpg,0.3669,0.9778,0.6459,2.7217,1.626
sanet,000000398905__Naive_Art_Primitivism__marc-chagall_the-young-samuel-the-priest-s-servant-heard-that-he-is-called-by-god-eli-and-he-were-sleeping.jpg,0.1907,0.6438,0.0989,2.3814,0.8087
sanet,000000398905__Northern_Renaissance__albrecht-durer_lamentation-over-christ-1507.jpg,0.2342,0.626,0.1875,2.3665,2.1153
sanet,000000398905__Pop_Art__peter-max_composition-red-green-1979.jpg,0.3562,0.5925,0.4747,2.543,1.7487
sanet,000000398905__Post_Impressionism__vincent-van-gogh_restaurant-de-la-sirene-at-asnieres-1887.jpg,0.2061,0.6906,0.1191,2.4804,1.5918
sanet,000000398905__Realism__vincent-van-gogh_cottage-with-peasant-coming-home-1885(1).jpg,0.3511,0.567,0.28,2.0524,1.035
sanet,000000398905__Rococo__dmitry-levitzky_portrait-of-baron-a-n-stroganoff.jpg,0.3935,0.6265,0.4312,2.3316,1.5394
sanet,000000398905__Romanticism__gustave-dore_paradise-lost-4.jpg,0.2661,0.585,0.2007,2.1259,1.0655
sanet,000000398905__Symbolism__nicholas-roerich_language-of-forest-1922.jpg,0.3075,0.5927,0.2226,2.3108,1.1449
sanet,000000398905__Ukiyo_e__kitagawa-utamaro_not_detected_233134.jpg,0.2781,0.6412,0.2228,2.3971,1.6746
sanet,000000417911__Abstract_Expressionism__paul-jenkins_not_detected_235703.jpg,0.3599,0.6593,0.4011,2.5128,0.9614
sanet,000000417911__Art_Nouveau_Modern__nicholas-roerich_oze-1914.jpg,0.348,0.6885,0.3394,2.5609,0.8939
sanet,000000417911__Baroque__rembrandt_portrait-of-nicolas-van-bambeeck-1641.jpg,0.302,0.6083,0.3521,2.5787,1.5434
sanet,000000417911__Color_Field_Painting__leon-berkowitz_dark-light-rose-gold-1978.jpg,0.3629,0.8465,0.356,2.7957,0.8209
sanet,000000417911__Cubism__salvador-dali_cubist-composition-portrait-of-a-seated-person-holding-a-letter.jpg,0.4954,0.6025,0.4319,2.3044,0.6894
sanet,000000417911__Early_Renaissance__pietro-perugino_st-jerome-who-attends-two-unfairly-hanged-1473.jpg,0.2794,0.6601,0.2556,2.6822,1.3807
sanet,000000417911__Expressionism__amedeo-modigliani_germaine-survage-with-earrings-1918.jpg,0.3617,0.7389,0.3247,2.5717,1.0501
sanet,000000417911__High_Renaissance__raphael_madonna-and-child-enthroned-with-saints-1505.jpg,0.3178,0.6613,0.291,2.76,2.7349
sanet,000000417911__Impressionism__pierre-auguste-renoir_leaving-the-bath-1890.jpg,0.4029,0.6932,0.2741,2.6047,1.1943
sanet,000000417911__Mannerism_Late_Renaissance__tintoretto_st-mark-rescuing-a-saracen-from-shipwreck-1566.jpg,0.2018,0.6814,0.2247,2.7786,1.2534
sanet,000000417911__Minimalism__mario-schifano_untitled-1963.jpg,0.4286,0.8514,0.365,2.4378,0.9536
sanet,000000417911__Naive_Art_Primitivism__marc-chagall_the-young-samuel-the-priest-s-servant-heard-that-he-is-called-by-god-eli-and-he-were-sleeping.jpg,0.2435,0.6087,0.1766,2.3302,0.9226
sanet,000000417911__Northern_Renaissance__albrecht-durer_lamentation-over-christ-1507.jpg,0.185,0.632,0.1484,2.7462,2.3475
sanet,000000417911__Pop_Art__peter-max_composition-red-green-1979.jpg,0.3673,0.6505,0.359,2.9423,1.6555
sanet,000000417911__Post_Impressionism__vincent-van-gogh_restaurant-de-la-sirene-at-asnieres-1887.jpg,0.2064,0.6997,0.1365,2.7185,1.4734
sanet,000000417911__Realism__vincent-van-gogh_cottage-with-peasant-coming-home-1885(1).jpg,0.3678,0.5422,0.3373,2.2904,0.9425
sanet,000000417911__Rococo__dmitry-levitzky_portrait-of-baron-a-n-stroganoff.jpg,0.284,0.6791,0.3848,2.6791,1.2048
sanet,000000417911__Romanticism__gustave-dore_paradise-lost-4.jpg,0.2073,0.5989,0.2568,2.3567,0.8726
sanet,000000417911__Symbolism__nicholas-roerich_language-of-forest-1922.jpg,0.3263,0.675,0.2877,2.7058,1.2495
sanet,000000417911__Ukiyo_e__kitagawa-utamaro_not_detected_233134.jpg,0.2928,0.6718,0.2687,2.6222,2.0719
sanet,000000427034__Abstract_Expressionism__paul-jenkins_not_detected_235703.jpg,0.4701,0.5448,0.4821,2.0444,1.1116
sanet,000000427034__Art_Nouveau_Modern__nicholas-roerich_oze-1914.jpg,0.4162,0.5809,0.3426,2.1533,0.7725
sanet,000000427034__Baroque__rembrandt_portrait-of-nicolas-van-bambeeck-1641.jpg,0.4057,0.5564,0.449,2.1828,1.3964
sanet,000000427034__Color_Field_Painting__leon-berkowitz_dark-light-rose-gold-1978.jpg,0.3841,0.7297,0.3109,2.9291,0.9017
sanet,000000427034__Cubism__salvador-dali_cubist-composition-portrait-of-a-seated-person-holding-a-letter.jpg,0.5192,0.6731,0.4829,1.9587,0.5142
sanet,000000427034__Early_Renaissance__pietro-perugino_st-jerome-who-attends-two-unfairly-hanged-1473.jpg,0.364,0.5374,0.2434,2.0545,1.1179
sanet,000000427034__Expressionism__amedeo-modigliani_germaine-survage-with-earrings-1918.jpg,0.4393,0.5999,0.3215,2.1609,1.0204
sanet,000000427034__High_Renaissance__raphael_madonna-and-child-enthroned-with-saints-1505.jpg,0.4444,0.5276,0.3907,2.0857,1.9609
sanet,000000427034__Impressionism__pierre-auguste-renoir_leaving-the-bath-1890.jpg,0.4396,0.5705,0.3116,2.2759,0.857
sanet,000000427034__Mannerism_Late_Renaissance__tintoretto_st-mark-rescuing-a-saracen-from-shipwreck-1566.jpg,0.2964,0.576,0.2173,2.3179,1.1851
sanet,000000427034__Minimalism__mario-schifano_untitled-1963.jpg,0.4249,0.8269,0.5126,2.5793,1.7286
sanet,000000427034__Naive_Art_Primitivism__marc-chagall_the-young-samuel-the-priest-s-servant-heard-that-he-is-called-by-god-eli-and-he-were-sleeping.jpg,0.2217,0.6478,0.1211,2.3456,0.7956
sanet,000000427034__Northern_Renaissance__albrecht-durer_lamentation-over-christ-1507.jpg,0.2463,0.6088,0.194,2.2473,1.9573
sanet,000000427034__Pop_Art__peter-max_composition-red-green-1979.jpg,0.3646,0.5724,0.4166,2.4355,1.6458
sanet,000000427034__Post_Impressionism__vincent-van-gogh_restaurant-de-la-sirene-at-asnieres-1887.jpg,0.2452,0.6237,0.1195,2.4548,1.5038
sanet,000000427034__Realism__vincent-van-gogh_cottage-with-peasant-coming-home-1885(1).jpg,0.4063,0.5312,0.3069,2.0625,0.9843
sanet,000000427034__Rococo__dmitry-levitzky_portrait-of-baron-a-n-stroganoff.jpg,0.4065,0.565,0.4068,2.3126,1.4482
sanet,000000427034__Romanticism__gustave-dore_paradise-lost-4.jpg,0.2997,0.5922,0.2238,2.0956,0.9982
sanet,000000427034__Symbolism__nicholas-roerich_language-of-forest-1922.jpg,0.3778,0.5926,0.2571,2.2299,1.0491
sanet,000000427034__Ukiyo_e__kitagawa-utamaro_not_detected_233134.jpg,0.3042,0.5716,0.2398,2.3123,1.6105
sanet,000000435003__Abstract_Expressionism__paul-jenkins_not_detected_235703.jpg,0.3734,0.5581,0.3178,2.4834,1.2315
sanet,000000435003__Art_Nouveau_Modern__nicholas-roerich_oze-1914.jpg,0.3482,0.5601,0.2946,2.3231,0.8613
sanet,000000435003__Baroque__rembrandt_portrait-of-nicolas-van-bambeeck-1641.jpg,0.3292,0.5727,0.2915,2.6134,1.154
sanet,000000435003__Color_Field_Painting__leon-berkowitz_dark-light-rose-gold-1978.jpg,0.2779,0.8015,0.2616,3.152,0.8418
sanet,000000435003__Cubism__salvador-dali_cubist-composition-portrait-of-a-seated-person-holding-a-letter.jpg,0.4347,0.6429,0.3611,2.1354,0.5395
sanet,000000435003__Early_Renaissance__pietro-perugino_st-jerome-who-attends-two-unfairly-hanged-1473.jpg,0.3187,0.5414,0.2484,2.3589,1.2523
sanet,000000435003__Expressionism__amedeo-modigliani_germaine-survage-with-earrings-1918.jpg,0.3378,0.6394,0.2674,2.4385,1.2398
sanet,000000435003__High_Renaissance__raphael_madonna-and-child-enthroned-with-saints-1505.jpg,0.347,0.5005,0.2822,2.2293,1.9313
sanet,000000435003__Impressionism__pierre-auguste-renoir_leaving-the-bath-1890.jpg,0.3627,0.6071,0.2903,2.54,0.9073
sanet,000000435003__Mannerism_Late_Renaissance__tintoretto_st-mark-rescuing-a-saracen-from-shipwreck-1566.jpg,0.2727,0.5715,0.2155,2.5181,1.2467
sanet,000000435003__Minimalism__mario-schifano_untitled-1963.jpg,0.2827,0.8948,0.2213,2.7437,1.9665
sanet,000000435003__Naive_Art_Primitivism__marc-chagall_the-young-samuel-the-priest-s-servant-heard-that-he-is-called-by-god-eli-and-he-were-sleeping.jpg,0.2051,0.588,0.1593,2.4958,0.9471
sanet,000000435003__Northern_Renaissance__albrecht-durer_lamentation-over-christ-1507.jpg,0.1867,0.5529,0.1511,2.4034,1.8006
sanet,000000435003__Pop_Art__peter-max_composition-red-green-1979.jpg,0.241,0.5727,0.262,2.5498,1.6672
sanet,000000435003__Post_Impressionism__vincent-van-gogh_restaurant-de-la-sirene-at-asnieres-1887.jpg,0.215,0.6073,0.1536,2.524,1.5516
sanet,000000435003__Realism__vincent-van-gogh_cottage-with-peasant-coming-home-1885(1).jpg,0.3332,0.5078,0.2666,2.1757,1.1766
sanet,000000435003__Rococo__dmitry-levitzky_portrait-of-baron-a-n-stroganoff.jpg,0.3141,0.6226,0.2953,2.6284,1.3194
sanet,000000435003__Romanticism__gustave-dore_paradise-lost-4.jpg,0.2591,0.5374,0.2356,2.2643,1.0606
sanet,000000435003__Symbolism__nicholas-roerich_language-of-forest-1922.jpg,0.3308,0.5604,0.2974,2.2699,1.0716
sanet,000000435003__Ukiyo_e__kitagawa-utamaro_not_detected_233134.jpg,0.2611,0.5548,0.2822,2.3182,1.4619
sanet,000000464251__Abstract_Expressionism__paul-jenkins_not_detected_235703.jpg,0.382,0.8682,0.4947,2.4217,1.2961
sanet,000000464251__Art_Nouveau_Modern__nicholas-roerich_oze-1914.jpg,0.3897,0.8943,0.4456,2.4171,0.7146
sanet,000000464251__Baroque__rembrandt_portrait-of-nicolas-van-bambeeck-1641.jpg,0.4025,0.6976,0.4691,2.5533,1.5386
sanet,000000464251__Color_Field_Painting__leon-berkowitz_dark-light-rose-gold-1978.jpg,0.321,0.8857,0.3579,3.1606,0.6523
sanet,000000464251__Cubism__salvador-dali_cubist-composition-portrait-of-a-seated-person-holding-a-letter.jpg,0.4608,0.6179,0.5169,2.0252,0.4938
sanet,000000464251__Early_Renaissance__pietro-perugino_st-jerome-who-attends-two-unfairly-hanged-1473.jpg,0.343,0.7105,0.2832,2.3916,1.2313
sanet,000000464251__Expressionism__amedeo-modigliani_germaine-survage-with-earrings-1918.jpg,0.4199,0.6373,0.3642,2.3818,1.0243
sanet,000000464251__High_Renaissance__raphael_madonna-and-child-enthroned-with-saints-1505.jpg,0.3424,0.7765,0.3356,2.3704,1.9265
sanet,000000464251__Impressionism__pierre-auguste-renoir_leaving-the-bath-1890.jpg,0.4101,0.6606,0.4232,2.2786,0.9092
sanet,000000464251__Mannerism_Late_Renaissance__tintoretto_st-mark-rescuing-a-saracen-from-shipwreck-1566.jpg,0.3046,0.7761,0.2859,2.5203,1.1578
sanet,000000464251__Minimalism__mario-schifano_untitled-1963.jpg,0.3456,0.6429,0.4254,2.7682,1.3986
sanet,000000464251__Naive_Art_Primitivism__marc-chagall_the-young-samuel-the-priest-s-servant-heard-that-he-is-called-by-god-eli-and-he-were-sleeping.jpg,0.1927,0.8828,0.1498,2.5415,0.9042
sanet,000000464251__Northern_Renaissance__albrecht-durer_lamentation-over-christ-1507.jpg,0.1753,0.8557,0.1566,2.5751,1.8769
sanet,000000464251__Pop_Art__peter-max_composition-red-green-1979.jpg,0.2685,0.7977,0.4135,2.625,1.8799
sanet,000000464251__Post_Impressionism__vincent-van-gogh_restaurant-de-la-sirene-at-asnieres-1887.jpg,0.2149,0.7636,0.1705,2.6698,1.5307
sanet,000000464251__Realism__vincent-van-gogh_cottage-with-peasant-coming-home-1885(1).jpg,0.3567,0.6748,0.3581,2.1858,0.9159
sanet,000000464251__Rococo__dmitry-levitzky_portrait-of-baron-a-n-stroganoff.jpg,0.4183,0.633,0.4662,2.5743,1.4026
sanet,000000464251__Romanticism__gustave-dore_paradise-lost-4.jpg,0.2983,0.7941,0.3141,2.2976,1.0339
sanet,000000464251__Symbolism__nicholas-roerich_language-of-forest-1922.jpg,0.3324,0.8683,0.3288,2.4313,1.1156
sanet,000000464251__Ukiyo_e__kitagawa-utamaro_not_detected_233134.jpg,0.2349,0.7302,0.2717,2.4643,1.5866
sanet,000000464786__Abstract_Expressionism__paul-jenkins_not_detected_235703.jpg,0.5379,0.6333,0.5407,2.5947,1.1661
sanet,000000464786__Art_Nouveau_Modern__nicholas-roerich_oze-1914.jpg,0.4072,0.7143,0.3675,2.972,0.864
sanet,000000464786__Baroque__rembrandt_portrait-of-nicolas-van-bambeeck-1641.jpg,0.4425,0.6744,0.4773,2.9665,1.5162
sanet,000000464786__Color_Field_Painting__leon-berkowitz_dark-light-rose-gold-1978.jpg,0.4503,0.7862,0.393,3.3114,0.7124
sanet,000000464786__Cubism__salvador-dali_cubist-composition-portrait-of-a-seated-person-holding-a-letter.jpg,0.6244,0.7017,0.5474,2.5273,0.6253
sanet,000000464786__Early_Renaissance__pietro-perugino_st-jerome-who-attends-two-unfairly-hanged-1473.jpg,0.3734,0.6037,0.2469,2.6953,1.3979
sanet,000000464786__Expressionism__amedeo-modigliani_germaine-survage-with-earrings-1918.jpg,0.4758,0.6519,0.3578,2.7167,1.1445
sanet,000000464786__High_Renaissance__raphael_madonna-and-child-enthroned-with-saints-1505.jpg,0.3698,0.6719,0.2936,3.0356,2.341
sanet,000000464786__Impressionism__pierre-auguste-renoir_leaving-the-bath-1890.jpg,0.5331,0.591,0.3713,2.6089,1.0029
sanet,000000464786__Mannerism_Late_Renaissance__tintoretto_st-mark-rescuing-a-saracen-from-shipwreck-1566.jpg,0.2722,0.6861,0.2045,2.9424,1.2531
sanet,000000464786__Minimalism__mario-schifano_untitled-1963.jpg,0.5016,0.8726,0.5558,3.3507,1.404
sanet,000000464786__Naive_Art_Primitivism__marc-chagall_the-young-samuel-the-priest-s-servant-heard-that-he-is-called-by-god-eli-and-he-were-sleeping.jpg,0.1999,0.7299,0.0913,2.9059,0.8012
sanet,000000464786__Northern_Renaissance__albrecht-durer_lamentation-over-christ-1507.jpg,0.1993,0.7305,0.1279,2.9847,2.059
sanet,000000464786__Pop_Art__peter-max_composition-red-green-1979.jpg,0.3843,0.6406,0.4203,2.9952,1.5854
sanet,000000464786__Post_Impressionism__vincent-van-gogh_restaurant-de-la-sirene-at-asnieres-1887.jpg,0.1882,0.7517,0.0927,3.2439,1.4688
sanet,000000464786__Realism__vincent-van-gogh_cottage-with-peasant-coming-home-1885(1).jpg,0.382,0.6463,0.2502,2.9065,0.8894
sanet,000000464786__Rococo__dmitry-levitzky_portrait-of-baron-a-n-stroganoff.jpg,0.4463,0.6382,0.4399,2.9067,1.4523
sanet,000000464786__Romanticism__gustave-dore_paradise-lost-4.jpg,0.2843,0.7149,0.2034,2.7692,1.0156
sanet,000000464786__Symbolism__nicholas-roerich_language-of-forest-1922.jpg,0.3698,0.7176,0.2486,2.9419,1.3179
sanet,000000464786__Ukiyo_e__kitagawa-utamaro_not_detected_233134.jpg,0.3238,0.6693,0.263,2.837,1.9306
sanet,000000475387__Abstract_Expressionism__paul-jenkins_not_detected_235703.jpg,0.2975,0.5714,0.2416,2.6916,1.3138
sanet,000000475387__Art_Nouveau_Modern__nicholas-roerich_oze-1914.jpg,0.2924,0.5405,0.2715,2.3707,0.9368
sanet,000000475387__Baroque__rembrandt_portrait-of-nicolas-van-bambeeck-1641.jpg,0.2359,0.6131,0.2101,2.7348,1.8866
sanet,000000475387__Color_Field_Painting__leon-berkowitz_dark-light-rose-gold-1978.jpg,0.2,0.7811,0.2114,3.2124,0.9839
sanet,000000475387__Cubism__salvador-dali_cubist-composition-portrait-of-a-seated-person-holding-a-letter.jpg,0.327,0.735,0.2855,2.3834,0.7075
sanet,000000475387__Early_Renaissance__pietro-perugino_st-jerome-who-attends-two-unfairly-hanged-1473.jpg,0.3042,0.5295,0.2482,2.4033,1.4465
sanet,000000475387__Expressionism__amedeo-modigliani_germaine-survage-with-earrings-1918.jpg,0.2895,0.6819,0.2636,2.6229,1.2254
sanet,000000475387__High_Renaissance__raphael_madonna-and-child-enthroned-with-saints-1505.jpg,0.3186,0.4877,0.275,2.2685,2.0662
sanet,000000475387__Impressionism__pierre-auguste-renoir_leaving-the-bath-1890.jpg,0.2892,0.6215,0.2405,2.7391,1.1321
sanet,000000475387__Mannerism_Late_Renaissance__tintoretto_st-mark-rescuing-a-saracen-from-shipwreck-1566.jpg,0.2654,0.54,0.2291,2.46,1.2853
sanet,000000475387__Minimalism__mario-schifano_untitled-1963.jpg,0.2057,0.9857,0.1503,2.9231,2.1515
sanet,000000475387__Naive_Art_Primitivism__marc-chagall_the-young-samuel-the-priest-s-servant-heard-that-he-is-called-by-god-eli-and-he-were-sleeping.jpg,0.2357,0.555,0.195,2.5061,1.0519
sanet,000000475387__Northern_Renaissance__albrecht-durer_lamentation-over-christ-1507.jpg,0.2253,0.5282,0.1776,2.4239,1.9936
sanet,000000475387__Pop_Art__peter-max_composition-red-green-1979.jpg,0.2023,0.5837,0.2129,2.7504,1.9429
sanet,000000475387__Post_Impressionism__vincent-van-gogh_restaurant-de-la-sirene-at-asnieres-1887.jpg,0.2437,0.5574,0.1939,2.3776,1.8437
sanet,000000475387__Realism__vincent-van-gogh_cottage-with-peasant-coming-home-1885(1).jpg,0.353,0.4821,0.2995,2.1462,1.263
sanet,000000475387__Rococo__dmitry-levitzky_portrait-of-baron-a-n-stroganoff.jpg,0.2201,0.6666,0.2288,2.7733,1.7197
sanet,000000475387__Romanticism__gustave-dore_paradise-lost-4.jpg,0.239,0.5195,0.212,2.3143,1.3181
sanet,000000475387__Symbolism__nicholas-roerich_language-of-forest-1922.jpg,0.2973,0.5381,0.2794,2.37,1.1854
sanet,000000475387__Ukiyo_e__kitagawa-utamaro_not_detected_233134.jpg,0.2459,0.5518,0.2344,2.4849,1.6359
sanet,000000484029__Abstract_Expressionism__paul-jenkins_not_detected_235703.jpg,0.4276,0.5684,0.4051,2.4659,1.2633
sanet,000000484029__Art_Nouveau_Modern__nicholas-roerich_oze-1914.jpg,0.3864,0.5923,0.3244,2.3905,0.9264
sanet,000000484029__Baroque__rembrandt_portrait-of-nicolas-van-bambeeck-1641.jpg,0.4042,0.6438,0.3876,2.6858,1.4268
sanet,000000484029__Color_Field_Painting__leon-berkowitz_dark-light-rose-gold-1978.jpg,0.3257,0.8141,0.2685,3.1791,0.8743
sanet,000000484029__Cubism__salvador-dali_cubist-composition-portrait-of-a-seated-person-holding-a-letter.jpg,0.4475,0.7105,0.3953,2.2879,0.6326
sanet,000000484029__Early_Renaissance__pietro-perugino_st-jerome-who-attends-two-unfairly-hanged-1473.jpg,0.3468,0.5653,0.2504,2.334,1.1919
sanet,000000484029__Expressionism__amedeo-modigliani_germaine-survage-with-earrings-1918.jpg,0.3624,0.7339,0.2823,2.6175,1.2882
sanet,000000484029__High_Renaissance__raphael_madonna-and-child-enthroned-with-saints-1505.jpg,0.3707,0.5439,0.3141,2.249,1.9346
sanet,000000484029__Impressionism__pierre-auguste-renoir_leaving-the-bath-1890.jpg,0.3671,0.6878,0.2969,2.7807,1.0086
sanet,000000484029__Mannerism_Late_Renaissance__tintoretto_st-mark-rescuing-a-saracen-from-shipwreck-1566.jpg,0.2848,0.626,0.2262,2.5936,1.1973
sanet,000000484029__Minimalism__mario-schifano_untitled-1963.jpg,0.3171,0.975,0.4324,2.7554,1.9458
sanet,000000484029__Naive_Art_Primitivism__marc-chagall_the-young-samuel-the-priest-s-servant-heard-that-he-is-called-by-god-eli-and-he-were-sleeping.jpg,0.1996,0.6261,0.1336,2.4524,0.8307
sanet,000000484029__Northern_Renaissance__albrecht-durer_lamentation-over-christ-1507.jpg,0.1966,0.5815,0.1603,2.3815,2.0456
sanet,000000484029__Pop_Art__peter-max_composition-red-green-1979.jpg,0.2821,0.5909,0.3853,2.5304,1.8883
sanet,000000484029__Post_Impressionism__vincent-van-gogh_restaurant-de-la-sirene-at-asnieres-1887.jpg,0.2073,0.6384,0.1162,2.4386,1.5975
sanet,000000484029__Realism__vincent-van-gogh_cottage-with-peasant-coming-home-1885(1).jpg,0.3713,0.5456,0.306,2.1222,1.0546
sanet,000000484029__Rococo__dmitry-levitzky_portrait-of-baron-a-n-stroganoff.jpg,0.3888,0.6921,0.3446,2.7969,1.8654
sanet,000000484029__Romanticism__gustave-dore_paradise-lost-4.jpg,0.3031,0.5766,0.2399,2.2776,1.1748
sanet,000000484029__Symbolism__nicholas-roerich_language-of-forest-1922.jpg,0.3328,0.6136,0.2568,2.4484,0.9704
sanet,000000484029__Ukiyo_e__kitagawa-utamaro_not_detected_233134.jpg,0.2618,0.6087,0.2559,2.4016,1.6445
sanet,000000485844__Abstract_Expressionism__paul-jenkins_not_detected_235703.jpg,0.4918,0.4953,0.4572,2.188,1.309
sanet,000000485844__Art_Nouveau_Modern__nicholas-roerich_oze-1914.jpg,0.3846,0.5179,0.2841,2.3852,0.8243
sanet,000000485844__Baroque__rembrandt_portrait-of-nicolas-van-bambeeck-1641.jpg,0.3956,0.5996,0.3665,2.4802,1.4531
sanet,000000485844__Color_Field_Painting__leon-berkowitz_dark-light-rose-gold-1978.jpg,0.3057,0.7621,0.2663,3.0436,0.8939
sanet,000000485844__Cubism__salvador-dali_cubist-composition-portrait-of-a-seated-person-holding-a-letter.jpg,0.4833,0.781,0.3759,2.1212,0.6483
sanet,000000485844__Early_Renaissance__pietro-perugino_st-jerome-who-attends-two-unfairly-hanged-1473.jpg,0.3774,0.5354,0.2727,2.1617,1.6068
sanet,000000485844__Expressionism__amedeo-modigliani_germaine-survage-with-earrings-1918.jpg,0.4065,0.7068,0.3006,2.4926,1.0956
sanet,000000485844__High_Renaissance__raphael_madonna-and-child-enthroned-with-saints-1505.jpg,0.403,0.5041,0.3543,2.2657,1.8631
sanet,000000485844__Impressionism__pierre-auguste-renoir_leaving-the-bath-1890.jpg,0.3877,0.668,0.2421,2.645,1.0378
sanet,000000485844__Mannerism_Late_Renaissance__tintoretto_st-mark-rescuing-a-saracen-from-shipwreck-1566.jpg,0.3129,0.5899,0.2097,2.5517,1.3013
sanet,000000485844__Minimalism__mario-schifano_untitled-1963.jpg,0.3107,1.0255,0.4108,2.5984,1.3583
sanet,000000485844__Naive_Art_Primitivism__marc-chagall_the-young-samuel-the-priest-s-servant-heard-that-he-is-called-by-god-eli-and-he-were-sleeping.jpg,0.235,0.5775,0.1391,2.3534,1.0049
sanet,000000485844__Northern_Renaissance__albrecht-durer_lamentation-over-christ-1507.jpg,0.2382,0.5666,0.1808,2.3587,2.046
sanet,000000485844__Pop_Art__peter-max_composition-red-green-1979.jpg,0.2756,0.5799,0.3447,2.5364,1.6061
sanet,000000485844__Post_Impressionism__vincent-van-gogh_restaurant-de-la-sirene-at-asnieres-1887.jpg,0.254,0.64,0.1545,2.4437,1.5756
sanet,000000485844__Realism__vincent-van-gogh_cottage-with-peasant-coming-home-1885(1).jpg,0.4166,0.5412,0.3304,1.9874,1.1778
sanet,000000485844__Rococo__dmitry-levitzky_portrait-of-baron-a-n-stroganoff.jpg,0.38,0.6699,0.3257,2.7162,1.8185
sanet,000000485844__Romanticism__gustave-dore_paradise-lost-4.jpg,0.3256,0.5139,0.238,2.0436,1.0798
sanet,000000485844__Symbolism__nicholas-roerich_language-of-forest-1922.jpg,0.3558,0.5613,0.2956,2.3833,1.1156
sanet,000000485844__Ukiyo_e__kitagawa-utamaro_not_detected_233134.jpg,0.2722,0.6339,0.245,2.5868,1.8177
sanet,000000510329__Abstract_Expressionism__paul-jenkins_not_detected_235703.jpg,0.4321,0.5637,0.4098,2.5386,1.352
sanet,000000510329__Art_Nouveau_Modern__nicholas-roerich_oze-1914.jpg,0.3815,0.5725,0.3167,2.3784,0.8231
sanet,000000510329__Baroque__rembrandt_portrait-of-nicolas-van-bambeeck-1641.jpg,0.3867,0.5699,0.4224,2.4915,1.3895
sanet,000000510329__Color_Field_Painting__leon-berkowitz_dark-light-rose-gold-1978.jpg,0.3276,0.7888,0.3419,3.1809,0.7214
sanet,000000510329__Cubism__salvador-dali_cubist-composition-portrait-of-a-seated-person-holding-a-letter.jpg,0.4696,0.6548,0.4691,2.2334,0.5546
sanet,000000510329__Early_Renaissance__pietro-perugino_st-jerome-who-attends-two-unfairly-hanged-1473.jpg,0.3486,0.5375,0.3062,2.221,1.239
sanet,000000510329__Expressionism__amedeo-modigliani_germaine-survage-with-earrings-1918.jpg,0.3973,0.6734,0.3561,2.469,1.0981
sanet,000000510329__High_Renaissance__raphael_madonna-and-child-enthroned-with-saints-1505.jpg,0.3808,0.5362,0.3549,2.268,1.8526
sanet,000000510329__Impressionism__pierre-auguste-renoir_leaving-the-bath-1890.jpg,0.4028,0.6085,0.3226,2.5244,0.9151
sanet,000000510329__Mannerism_Late_Renaissance__tintoretto_st-mark-rescuing-a-saracen-from-shipwreck-1566.jpg,0.284,0.5662,0.2392,2.4189,1.1571
sanet,000000510329__Minimalism__mario-schifano_untitled-1963.jpg,0.3596,0.8766,0.3712,2.822,1.97
sanet,000000510329__Naive_Art_Primitivism__marc-chagall_the-young-samuel-the-priest-s-servant-heard-that-he-is-called-by-god-eli-and-he-were-sleeping.jpg,0.2596,0.5489,0.171,2.281,0.8732
sanet,000000510329__Northern_Renaissance__albrecht-durer_lamentation-over-christ-1507.jpg,0.2524,0.5394,0.1956,2.3799,1.8363
sanet,000000510329__Pop_Art__peter-max_composition-red-green-1979.jpg,0.317,0.5672,0.3902,2.6875,1.6002
sanet,000000510329__Post_Impressionism__vincent-van-gogh_restaurant-de-la-sirene-at-asnieres-1887.jpg,0.2537,0.5847,0.1408,2.4231,1.5703
sanet,000000510329__Realism__vincent-van-gogh_cottage-with-peasant-coming-home-1885(1).jpg,0.4326,0.4476,0.3724,1.924,1.0756
sanet,000000510329__Rococo__dmitry-levitzky_portrait-of-baron-a-n-stroganoff.jpg,0.3453,0.6451,0.4315,2.632,1.4229
sanet,000000510329__Romanticism__gustave-dore_paradise-lost-4.jpg,0.2869,0.5438,0.2723,2.1123,1.0619
sanet,000000510329__Symbolism__nicholas-roerich_language-of-forest-1922.jpg,0.3582,0.5855,0.3111,2.3473,1.1292
sanet,000000510329__Ukiyo_e__kitagawa-utamaro_not_detected_233134.jpg,0.3048,0.5654,0.2826,2.423,1.5053
sanet,000000520659__Abstract_Expressionism__paul-jenkins_not_detected_235703.jpg,0.3849,0.6332,0.3342,2.6076,1.2904
sanet,000000520659__Art_Nouveau_Modern__nicholas-roerich_oze-1914.jpg,0.3801,0.6311,0.3656,2.3887,0.7811
sanet,000000520659__Baroque__rembrandt_portrait-of-nicolas-van-bambeeck-1641.jpg,0.3635,0.5977,0.3309,2.763,1.4196
sanet,000000520659__Color_Field_Painting__leon-berkowitz_dark-light-rose-gold-1978.jpg,0.2525,0.917,0.2834,3.2955,0.854
sanet,000000520659__Cubism__salvador-dali_cubist-composition-portrait-of-a-seated-person-holding-a-letter.jpg,0.3879,0.5874,0.3814,2.3997,0.5784
sanet,000000520659__Early_Renaissance__pietro-perugino_st-jerome-who-attends-two-unfairly-hanged-1473.jpg,0.3208,0.6105,0.2868,2.5359,1.4867
sanet,000000520659__Expressionism__amedeo-modigliani_germaine-survage-with-earrings-1918.jpg,0.3392,0.7547,0.2924,2.6966,1.1897
sanet,000000520659__High_Renaissance__raphael_madonna-and-child-enthroned-with-saints-1505.jpg,0.3474,0.5527,0.2993,2.3499,1.9375
sanet,000000520659__Impressionism__pierre-auguste-renoir_leaving-the-bath-1890.jpg,0.3258,0.6997,0.2948,2.7496,1.004
sanet,000000520659__Mannerism_Late_Renaissance__tintoretto_st-mark-rescuing-a-saracen-from-shipwreck-1566.jpg,0.3302,0.6068,0.2675,2.5727,1.2619
sanet,000000520659__Minimalism__mario-schifano_untitled-1963.jpg,0.242,0.9088,0.2529,3.0331,1.6721
sanet,000000520659__Naive_Art_Primitivism__marc-chagall_the-young-samuel-the-priest-s-servant-heard-that-he-is-called-by-god-eli-and-he-were-sleeping.jpg,0.2097,0.6453,0.1654,2.5991,0.9154
sanet,000000520659__Northern_Renaissance__albrecht-durer_lamentation-over-christ-1507.jpg,0.1859,0.5945,0.1429,2.5146,1.8519
sanet,000000520659__Pop_Art__peter-max_composition-red-green-1979.jpg,0.1846,0.6524,0.2729,2.8187,1.884
sanet,000000520659__Post_Impressionism__vincent-van-gogh_restaurant-de-la-sirene-at-asnieres-1887.jpg,0.1998,0.6706,0.137,2.645,1.7004
sanet,000000520659__Realism__vincent-van-gogh_cottage-with-peasant-coming-home-1885(1).jpg,0.3709,0.5135,0.3316,2.175,1.0366
sanet,000000520659__Rococo__dmitry-levitzky_portrait-of-baron-a-n-stroganoff.jpg,0.3495,0.6617,0.3414,2.839,1.5042
sanet,000000520659__Romanticism__gustave-dore_paradise-lost-4.jpg,0.3152,0.5761,0.2861,2.4381,1.0262
sanet,000000520659__Symbolism__nicholas-roerich_language-of-forest-1922.jpg,0.3258,0.6499,0.2945,2.4999,1.0508
sanet,000000520659__Ukiyo_e__kitagawa-utamaro_not_detected_233134.jpg,0.216,0.6514,0.2163,2.6236,1.6349
sanet,000000529105__Abstract_Expressionism__paul-jenkins_not_detected_235703.jpg,0.1965,0.7961,0.1576,2.9936,1.007
sanet,000000529105__Art_Nouveau_Modern__nicholas-roerich_oze-1914.jpg,0.216,0.8301,0.1819,2.8626,0.8177
sanet,000000529105__Baroque__rembrandt_portrait-of-nicolas-van-bambeeck-1641.jpg,0.1976,0.677,0.1776,2.7545,1.3611
sanet,000000529105__Color_Field_Painting__leon-berkowitz_dark-light-rose-gold-1978.jpg,0.1573,1.0228,0.1901,3.246,0.6516
sanet,000000529105__Cubism__salvador-dali_cubist-composition-portrait-of-a-seated-person-holding-a-letter.jpg,0.2412,0.5772,0.1944,2.6787,0.5548
sanet,000000529105__Early_Renaissance__pietro-perugino_st-jerome-who-attends-two-unfairly-hanged-1473.jpg,0.1851,0.7797,0.1854,2.9508,1.5113
sanet,000000529105__Expressionism__amedeo-modigliani_germaine-survage-with-earrings-1918.jpg,0.2129,0.853,0.1976,2.8736,0.964
sanet,000000529105__High_Renaissance__raphael_madonna-and-child-enthroned-with-saints-1505.jpg,0.1935,0.7658,0.1607,2.9799,2.276
sanet,000000529105__Impressionism__pierre-auguste-renoir_leaving-the-bath-1890.jpg,0.2279,0.7913,0.2053,2.8261,0.9906
sanet,000000529105__Mannerism_Late_Renaissance__tintoretto_st-mark-rescuing-a-saracen-from-shipwreck-1566.jpg,0.1878,0.7492,0.1626,2.8105,1.299
sanet,000000529105__Minimalism__mario-schifano_untitled-1963.jpg,0.1386,0.8986,0.0956,3.1278,1.5596
sanet,000000529105__Naive_Art_Primitivism__marc-chagall_the-young-samuel-the-priest-s-servant-heard-that-he-is-called-by-god-eli-and-he-were-sleeping.jpg,0.1682,0.7083,0.1526,2.5538,0.8309
sanet,000000529105__Northern_Renaissance__albrecht-durer_lamentation-over-christ-1507.jpg,0.1291,0.7325,0.122,3.0015,2.1229
sanet,000000529105__Pop_Art__peter-max_composition-red-green-1979.jpg,0.1122,0.7912,0.1224,3.1865,1.499
sanet,000000529105__Post_Impressionism__vincent-van-gogh_restaurant-de-la-sirene-at-asnieres-1887.jpg,0.1568,0.7696,0.1354,2.9536,1.5468
sanet,000000529105__Realism__vincent-van-gogh_cottage-with-peasant-coming-home-1885(1).jpg,0.2368,0.6049,0.2163,2.5142,0.8425
sanet,000000529105__Rococo__dmitry-levitzky_portrait-of-baron-a-n-stroganoff.jpg,0.1759,0.7663,0.1714,3.0611,1.4779
sanet,000000529105__Romanticism__gustave-dore_paradise-lost-4.jpg,0.1793,0.6699,0.1922,2.5302,1.0807
sanet,000000529105__Symbolism__nicholas-roerich_language-of-forest-1922.jpg,0.2035,0.8552,0.1943,2.9593,1.1054
sanet,000000529105__Ukiyo_e__kitagawa-utamaro_not_detected_233134.jpg,0.1572,0.7984,0.1529,3.0017,1.6356
sanet,000000529966__Abstract_Expressionism__paul-jenkins_not_detected_235703.jpg,0.4119,0.6221,0.4651,2.236,1.1812
sanet,000000529966__Art_Nouveau_Modern__nicholas-roerich_oze-1914.jpg,0.3413,0.7045,0.2957,2.5776,0.8875
sanet,000000529966__Baroque__rembrandt_portrait-of-nicolas-van-bambeeck-1641.jpg,0.3219,0.7075,0.3575,2.6291,1.1725
sanet,000000529966__Color_Field_Painting__leon-berkowitz_dark-light-rose-gold-1978.jpg,0.4109,0.7451,0.3008,3.1295,1.0804
sanet,000000529966__Cubism__salvador-dali_cubist-composition-portrait-of-a-seated-person-holding-a-letter.jpg,0.492,0.7705,0.4107,2.1791,0.5823
sanet,000000529966__Early_Renaissance__pietro-perugino_st-jerome-who-attends-two-unfairly-hanged-1473.jpg,0.3007,0.6162,0.2027,2.3422,1.3622
sanet,000000529966__Expressionism__amedeo-modigliani_germaine-survage-with-earrings-1918.jpg,0.3928,0.7141,0.2687,2.4294,1.0089
sanet,000000529966__High_Renaissance__raphael_madonna-and-child-enthroned-with-saints-1505.jpg,0.4054,0.6357,0.3459,2.4295,2.5706
sanet,000000529966__Impressionism__pierre-auguste-renoir_leaving-the-bath-1890.jpg,0.4329,0.6305,0.2909,2.4392,0.8728
sanet,000000529966__Mannerism_Late_Renaissance__tintoretto_st-mark-rescuing-a-saracen-from-shipwreck-1566.jpg,0.2037,0.6797,0.1614,2.5789,1.25
sanet,000000529966__Minimalism__mario-schifano_untitled-1963.jpg,0.5422,0.8553,0.5783,2.9014,1.6558
sanet,000000529966__Naive_Art_Primitivism__marc-chagall_the-young-samuel-the-priest-s-servant-heard-that-he-is-called-by-god-eli-and-he-were-sleeping.jpg,0.212,0.7304,0.1023,2.7347,0.8415
sanet,000000529966__Northern_Renaissance__albrecht-durer_lamentation-over-christ-1507.jpg,0.239,0.708,0.1297,2.6497,2.0567
sanet,000000529966__Pop_Art__peter-max_composition-red-green-1979.jpg,0.5297,0.5244,0.54,2.3836,1.6802
sanet,000000529966__Post_Impressionism__vincent-van-gogh_restaurant-de-la-sirene-at-asnieres-1887.jpg,0.2014,0.7255,0.1123,2.9296,1.6293
sanet,000000529966__Realism__vincent-van-gogh_cottage-with-peasant-coming-home-1885(1).jpg,0.3544,0.646,0.2245,2.4686,0.8846
sanet,000000529966__Rococo__dmitry-levitzky_portrait-of-baron-a-n-stroganoff.jpg,0.3108,0.6925,0.3557,2.6099,1.5329
sanet,000000529966__Romanticism__gustave-dore_paradise-lost-4.jpg,0.1921,0.7372,0.1506,2.5604,1.028
sanet,000000529966__Symbolism__nicholas-roerich_language-of-forest-1922.jpg,0.3369,0.6886,0.2214,2.6094,1.1283
sanet,000000529966__Ukiyo_e__kitagawa-utamaro_not_detected_233134.jpg,0.3841,0.6407,0.2741,2.4311,1.6668
sanet,000000546475__Abstract_Expressionism__paul-jenkins_not_detected_235703.jpg,0.5203,0.6533,0.5919,2.3385,1.0871
sanet,000000546475__Art_Nouveau_Modern__nicholas-roerich_oze-1914.jpg,0.5119,0.6584,0.477,2.2152,0.8146
sanet,000000546475__Baroque__rembrandt_portrait-of-nicolas-van-bambeeck-1641.jpg,0.5359,0.5102,0.559,2.0951,1.6727
sanet,000000546475__Color_Field_Painting__leon-berkowitz_dark-light-rose-gold-1978.jpg,0.4136,0.7861,0.3942,3.0288,0.7304
sanet,000000546475__Cubism__salvador-dali_cubist-composition-portrait-of-a-seated-person-holding-a-letter.jpg,0.5854,0.5988,0.6099,2.0561,0.5313
sanet,000000546475__Early_Renaissance__pietro-perugino_st-jerome-who-attends-two-unfairly-hanged-1473.jpg,0.3549,0.6289,0.2569,2.3202,1.1041
sanet,000000546475__Expressionism__amedeo-modigliani_germaine-survage-with-earrings-1918.jpg,0.4599,0.5723,0.3537,2.2564,0.9677
sanet,000000546475__High_Renaissance__raphael_madonna-and-child-enthroned-with-saints-1505.jpg,0.3876,0.6025,0.3707,2.2462,2.0628
sanet,000000546475__Impressionism__pierre-auguste-renoir_leaving-the-bath-1890.jpg,0.4855,0.5623,0.408,2.1819,0.8663
sanet,000000546475__Mannerism_Late_Renaissance__tintoretto_st-mark-rescuing-a-saracen-from-shipwreck-1566.jpg,0.3129,0.6336,0.2658,2.4116,1.1868
sanet,000000546475__Minimalism__mario-schifano_untitled-1963.jpg,0.4245,0.7657,0.5638,2.7487,1.6712
sanet,000000546475__Naive_Art_Primitivism__marc-chagall_the-young-samuel-the-priest-s-servant-heard-that-he-is-called-by-god-eli-and-he-were-sleeping.jpg,0.217,0.7387,0.117,2.5561,0.7475
sanet,000000546475__Northern_Renaissance__albrecht-durer_lamentation-over-christ-1507.jpg,0.1915,0.7293,0.1303,2.4165,1.8602
sanet,000000546475__Pop_Art__peter-max_composition-red-green-1979.jpg,0.3396,0.6317,0.4856,2.5259,1.5704
sanet,000000546475__Post_Impressionism__vincent-van-gogh_restaurant-de-la-sirene-at-asnieres-1887.jpg,0.2255,0.6989,0.1391,2.7367,1.5581
sanet,000000546475__Realism__vincent-van-gogh_cottage-with-peasant-coming-home-1885(1).jpg,0.4003,0.5944,0.2975,2.2889,0.7713
sanet,000000546475__Rococo__dmitry-levitzky_portrait-of-baron-a-n-stroganoff.jpg,0.5154,0.4915,0.5461,2.1808,1.2245
sanet,000000546475__Romanticism__gustave-dore_paradise-lost-4.jpg,0.3207,0.6844,0.1992,2.261,0.9166
sanet,000000546475__Symbolism__nicholas-roerich_language-of-forest-1922.jpg,0.3757,0.6788,0.3101,2.4713,1.2605
sanet,000000546475__Ukiyo_e__kitagawa-utamaro_not_detected_233134.jpg,0.3018,0.6217,0.2836,2.3669,1.6258
sanet,000000560178__Abstract_Expressionism__paul-jenkins_not_detected_235703.jpg,0.5504,0.6518,0.5764,2.4953,0.8792
sanet,000000560178__Art_Nouveau_Modern__nicholas-roerich_oze-1914.jpg,0.4803,0.7221,0.476,2.7219,0.8992
sanet,000000560178__Baroque__rembrandt_portrait-of-nicolas-van-bambeeck-1641.jpg,0.5126,0.657,0.5384,2.5151,0.9201
sanet,000000560178__Color_Field_Painting__leon-berkowitz_dark-light-rose-gold-1978.jpg,0.4674,0.8984,0.373,3.2198,0.5353
sanet,000000560178__Cubism__salvador-dali_cubist-composition-portrait-of-a-seated-person-holding-a-letter.jpg,0.6002,0.6585,0.5527,2.382,0.4938
sanet,000000560178__Early_Renaissance__pietro-perugino_st-jerome-who-attends-two-unfairly-hanged-1473.jpg,0.2864,0.7174,0.1771,2.7262,1.2892
sanet,000000560178__Expressionism__amedeo-modigliani_germaine-survage-with-earrings-1918.jpg,0.4693,0.7825,0.378,2.5671,0.8226
sanet,000000560178__High_Renaissance__raphael_madonna-and-child-enthroned-with-saints-1505.jpg,0.4435,0.7055,0.3873,2.8003,2.673
sanet,000000560178__Impressionism__pierre-auguste-renoir_leaving-the-bath-1890.jpg,0.4854,0.7039,0.3851,2.5217,0.8346
sanet,000000560178__Mannerism_Late_Renaissance__tintoretto_st-mark-rescuing-a-saracen-from-shipwreck-1566.jpg,0.2557,0.746,0.1883,2.8152,1.1346
sanet,000000560178__Minimalism__mario-schifano_untitled-1963.jpg,0.5155,1.0306,0.7088,3.088,1.1059
sanet,000000560178__Naive_Art_Primitivism__marc-chagall_the-young-samuel-the-priest-s-servant-heard-that-he-is-called-by-god-eli-and-he-were-sleeping.jpg,0.1809,0.7722,0.0745,2.7445,0.8044
sanet,000000560178__Northern_Renaissance__albrecht-durer_lamentation-over-christ-1507.jpg,0.1218,0.7946,0.0631,2.9973,2.1996
sanet,000000560178__Pop_Art__peter-max_composition-red-green-1979.jpg,0.396,0.7005,0.4899,2.9765,1.5885
sanet,000000560178__Post_Impressionism__vincent-van-gogh_restaurant-de-la-sirene-at-asnieres-1887.jpg,0.1677,0.8238,0.071,3.0276,1.5976
sanet,000000560178__Realism__vincent-van-gogh_cottage-with-peasant-coming-home-1885(1).jpg,0.3666,0.6888,0.2486,2.5959,0.6611
sanet,000000560178__Rococo__dmitry-levitzky_portrait-of-baron-a-n-stroganoff.jpg,0.4828,0.7037,0.5504,2.6243,0.9303
sanet,000000560178__Romanticism__gustave-dore_paradise-lost-4.jpg,0.286,0.7475,0.232,2.717,1.0179
sanet,000000560178__Symbolism__nicholas-roerich_language-of-forest-1922.jpg,0.3675,0.7469,0.2711,2.8467,1.2744
sanet,000000560178__Ukiyo_e__kitagawa-utamaro_not_detected_233134.jpg,0.2589,0.7899,0.2046,2.9048,1.78
sanet,000000572517__Abstract_Expressionism__paul-jenkins_not_detected_235703.jpg,0.3817,0.6152,0.2897,2.5917,1.1388
sanet,000000572517__Art_Nouveau_Modern__nicholas-roerich_oze-1914.jpg,0.3688,0.6188,0.2987,2.4653,0.8347
sanet,000000572517__Baroque__rembrandt_portrait-of-nicolas-van-bambeeck-1641.jpg,0.3689,0.534,0.2985,2.4906,1.4481
sanet,000000572517__Color_Field_Painting__leon-berkowitz_dark-light-rose-gold-1978.jpg,0.2946,0.8566,0.2912,3.0702,0.7485
sanet,000000572517__Cubism__salvador-dali_cubist-composition-portrait-of-a-seated-person-holding-a-letter.jpg,0.43,0.549,0.3414,2.1934,0.5839
sanet,000000572517__Early_Renaissance__pietro-perugino_st-jerome-who-attends-two-unfairly-hanged-1473.jpg,0.3084,0.5921,0.273,2.4991,1.3697
sanet,000000572517__Expressionism__amedeo-modigliani_germaine-survage-with-earrings-1918.jpg,0.3612,0.6605,0.3091,2.4582,1.0817
sanet,000000572517__High_Renaissance__raphael_madonna-and-child-enthroned-with-saints-1505.jpg,0.3148,0.5851,0.2646,2.6458,2.0289
sanet,000000572517__Impressionism__pierre-auguste-renoir_leaving-the-bath-1890.jpg,0.3702,0.6234,0.2977,2.4883,1.018
sanet,000000572517__Mannerism_Late_Renaissance__tintoretto_st-mark-rescuing-a-saracen-from-shipwreck-1566.jpg,0.2834,0.5816,0.238,2.493,1.2695
sanet,000000572517__Minimalism__mario-schifano_untitled-1963.jpg,0.2753,0.8513,0.1846,2.948,1.7133
sanet,000000572517__Naive_Art_Primitivism__marc-chagall_the-young-samuel-the-priest-s-servant-heard-that-he-is-called-by-god-eli-and-he-were-sleeping.jpg,0.2144,0.5512,0.1724,2.2523,0.9513
sanet,000000572517__Northern_Renaissance__albrecht-durer_lamentation-over-christ-1507.jpg,0.1437,0.5767,0.1151,2.5596,1.9746
sanet,000000572517__Pop_Art__peter-max_composition-red-green-1979.jpg,0.2039,0.6459,0.2245,2.9088,1.4522
sanet,000000572517__Post_Impressionism__vincent-van-gogh_restaurant-de-la-sirene-at-asnieres-1887.jpg,0.2041,0.6042,0.1462,2.5733,1.6669
sanet,000000572517__Realism__vincent-van-gogh_cottage-with-peasant-coming-home-1885(1).jpg,0.3465,0.4578,0.2987,2.0979,0.918
sanet,000000572517__Rococo__dmitry-levitzky_portrait-of-baron-a-n-stroganoff.jpg,0.3442,0.6257,0.3028,2.7508,1.3577
sanet,000000572517__Romanticism__gustave-dore_paradise-lost-4.jpg,0.294,0.5076,0.2735,2.1709,0.9851
sanet,000000572517__Symbolism__nicholas-roerich_language-of-forest-1922.jpg,0.3162,0.6526,0.2752,2.6309,1.0699
sanet,000000572517__Ukiyo_e__kitagawa-utamaro_not_detected_233134.jpg,0.2175,0.6288,0.2222,2.6497,1.6748
stytr2,000000001818__Abstract_Expressionism__paul-jenkins_not_detected_235703.jpg,0.3408,0.5153,0.2977,2.3494,1.1919
stytr2,000000001818__Art_Nouveau_Modern__nicholas-roerich_oze-1914.jpg,0.3514,0.4972,0.4092,2.1668,1.6814
stytr2,000000001818__Baroque__rembrandt_portrait-of-nicolas-van-bambeeck-1641.jpg,0.2138,0.5995,0.2985,2.484,0.8821
stytr2,000000001818__Color_Field_Painting__leon-berkowitz_dark-light-rose-gold-1978.jpg,0.1582,0.8614,0.2123,3.1932,0.6694
stytr2,000000001818__Cubism__salvador-dali_cubist-composition-portrait-of-a-seated-person-holding-a-letter.jpg,0.3066,0.7119,0.3788,2.0142,0.7389
stytr2,000000001818__Early_Renaissance__pietro-perugino_st-jerome-who-attends-two-unfairly-hanged-1473.jpg,0.4498,0.549,0.4408,2.4174,1.7288
stytr2,000000001818__Expressionism__amedeo-modigliani_germaine-survage-with-earrings-1918.jpg,0.3315,0.6367,0.3585,2.1945,0.9231
stytr2,000000001818__High_Renaissance__raphael_madonna-and-child-enthroned-with-saints-1505.jpg,0.4243,0.5369,0.4264,2.5247,3.6651
stytr2,000000001818__Impressionism__pierre-auguste-renoir_leaving-the-bath-1890.jpg,0.3075,0.6025,0.3209,2.3485,1.1278
stytr2,000000001818__Mannerism_Late_Renaissance__tintoretto_st-mark-rescuing-a-saracen-from-shipwreck-1566.jpg,0.4156,0.4803,0.3981,2.2673,2.2263
stytr2,000000001818__Minimalism__mario-schifano_untitled-1963.jpg,0.0957,1.1042,0.1193,3.3215,1.2794
stytr2,000000001818__Naive_Art_Primitivism__marc-chagall_the-young-samuel-the-priest-s-servant-heard-that-he-is-called-by-god-eli-and-he-were-sleeping.jpg,0.3936,0.4891,0.3292,2.3233,0.9227
stytr2,000000001818__Northern_Renaissance__albrecht-durer_lamentation-over-christ-1507.jpg,0.4702,0.459,0.3886,2.1803,3.0827
stytr2,000000001818__Pop_Art__peter-max_composition-red-green-1979.jpg,0.2105,0.6238,0.1871,2.9024,2.3967
stytr2,000000001818__Post_Impressionism__vincent-van-gogh_restaurant-de-la-sirene-at-asnieres-1887.jpg,0.3943,0.5678,0.3187,2.4959,2.35
stytr2,000000001818__Realism__vincent-van-gogh_cottage-with-peasant-coming-home-1885(1).jpg,0.4603,0.4566,0.4491,1.9421,0.8694
stytr2,000000001818__Rococo__dmitry-levitzky_portrait-of-baron-a-n-stroganoff.jpg,0.2153,0.6431,0.2827,2.6139,0.5508
stytr2,000000001818__Romanticism__gustave-dore_paradise-lost-4.jpg,0.3667,0.4626,0.3715,2.1649,1.2564
stytr2,000000001818__Symbolism__nicholas-roerich_language-of-forest-1922.jpg,0.4023,0.5546,0.4537,2.4137,1.7824
stytr2,000000001818__Ukiyo_e__kitagawa-utamaro_not_detected_233134.jpg,0.3238,0.5761,0.3105,2.4376,2.5293
stytr2,000000009448__Abstract_Expressionism__paul-jenkins_not_detected_235703.jpg,0.3752,0.4962,0.4757,1.971,0.9346
stytr2,000000009448__Art_Nouveau_Modern__nicholas-roerich_oze-1914.jpg,0.4468,0.4769,0.5527,1.6668,1.577
stytr2,000000009448__Baroque__rembrandt_portrait-of-nicolas-van-bambeeck-1641.jpg,0.2875,0.672,0.4687,2.2578,1.0472
stytr2,000000009448__Color_Field_Painting__leon-berkowitz_dark-light-rose-gold-1978.jpg,0.297,0.7891,0.2987,2.9163,0.7915
stytr2,000000009448__Cubism__salvador-dali_cubist-composition-portrait-of-a-seated-person-holding-a-letter.jpg,0.4023,0.7164,0.5146,1.7636,0.7221
stytr2,000000009448__Early_Renaissance__pietro-perugino_st-jerome-who-attends-two-unfairly-hanged-1473.jpg,0.387,0.5748,0.374,2.1477,1.4809
stytr2,000000009448__Expressionism__amedeo-modigliani_germaine-survage-with-earrings-1918.jpg,0.3533,0.7315,0.4118,2.052,0.8768
stytr2,000000009448__High_Renaissance__raphael_madonna-and-child-enthroned-with-saints-1505.jpg,0.4403,0.5273,0.5203,1.8598,2.9999
stytr2,000000009448__Impressionism__pierre-auguste-renoir_leaving-the-bath-1890.jpg,0.3667,0.6656,0.3705,2.1215,0.9971
stytr2,000000009448__Mannerism_Late_Renaissance__tintoretto_st-mark-rescuing-a-saracen-from-shipwreck-1566.jpg,0.3517,0.5672,0.4119,2.0642,1.7957
stytr2,000000009448__Minimalism__mario-schifano_untitled-1963.jpg,0.2021,1.1215,0.3151,2.8472,1.3934
stytr2,000000009448__Naive_Art_Primitivism__marc-chagall_the-young-samuel-the-priest-s-servant-heard-that-he-is-called-by-god-eli-and-he-were-sleeping.jpg,0.3274,0.6046,0.2368,2.3543,0.7827
stytr2,000000009448__Northern_Renaissance__albrecht-durer_lamentation-over-christ-1507.jpg,0.2585,0.6059,0.1827,2.396,2.4903
stytr2,000000009448__Pop_Art__peter-max_composition-red-green-1979.jpg,0.3313,0.5742,0.424,2.3188,2.2862
stytr2,000000009448__Post_Impressionism__vincent-van-gogh_restaurant-de-la-sirene-at-asnieres-1887.jpg,0.3215,0.683,0.2426,2.5075,2.1312
stytr2,000000009448__Realism__vincent-van-gogh_cottage-with-peasant-coming-home-1885(1).jpg,0.438,0.5849,0.4479,1.9498,0.6295
stytr2,000000009448__Rococo__dmitry-levitzky_portrait-of-baron-a-n-stroganoff.jpg,0.2916,0.6924,0.476,2.2386,0.8559
stytr2,000000009448__Romanticism__gustave-dore_paradise-lost-4.jpg,0.3424,0.5592,0.375,2.0034,1.0036
stytr2,000000009448__Symbolism__nicholas-roerich_language-of-forest-1922.jpg,0.4284,0.5337,0.4249,2.031,1.617
stytr2,000000009448__Ukiyo_e__kitagawa-utamaro_not_detected_233134.jpg,0.3908,0.5769,0.4158,1.8879,2.1336
stytr2,000000072795__Abstract_Expressionism__paul-jenkins_not_detected_235703.jpg,0.4708,0.5269,0.3557,2.5283,1.2742
stytr2,000000072795__Art_Nouveau_Modern__nicholas-roerich_oze-1914.jpg,0.5797,0.4694,0.5732,1.8673,1.3281
stytr2,000000072795__Baroque__rembrandt_portrait-of-nicolas-van-bambeeck-1641.jpg,0.4378,0.5531,0.3835,2.4645,0.9185
stytr2,000000072795__Color_Field_Painting__leon-berkowitz_dark-light-rose-gold-1978.jpg,0.3066,0.8745,0.325,3.089,1.0108
stytr2,000000072795__Cubism__salvador-dali_cubist-composition-portrait-of-a-seated-person-holding-a-letter.jpg,0.4882,0.5921,0.4603,1.9664,0.8205
stytr2,000000072795__Early_Renaissance__pietro-perugino_st-jerome-who-attends-two-unfairly-hanged-1473.jpg,0.5343,0.5306,0.4674,2.3258,1.8594
stytr2,000000072795__Expressionism__amedeo-modigliani_germaine-survage-with-earrings-1918.jpg,0.4984,0.6347,0.4361,2.3004,0.9964
stytr2,000000072795__High_Renaissance__raphael_madonna-and-child-enthroned-with-saints-1505.jpg,0.5543,0.4764,0.4798,2.1701,2.6032
stytr2,000000072795__Impressionism__pierre-auguste-renoir_leaving-the-bath-1890.jpg,0.44,0.6053,0.3986,2.4285,0.9658
stytr2,000000072795__Mannerism_Late_Renaissance__tintoretto_st-mark-rescuing-a-saracen-from-shipwreck-1566.jpg,0.6076,0.475,0.5172,2.1428,1.5838
stytr2,000000072795__Minimalism__mario-schifano_untitled-1963.jpg,0.1718,0.9874,0.1506,3.1776,1.4125
stytr2,000000072795__Naive_Art_Primitivism__marc-chagall_the-young-samuel-the-priest-s-servant-heard-that-he-is-called-by-god-eli-and-he-were-sleeping.jpg,0.4115,0.537,0.3355,2.2061,0.7067
stytr2,000000072795__Northern_Renaissance__albrecht-durer_lamentation-over-christ-1507.jpg,0.3677,0.5632,0.2499,2.4777,2.4074
stytr2,000000072795__Pop_Art__peter-max_composition-red-green-1979.jpg,0.2233,0.5879,0.2046,2.8362,2.0838
stytr2,000000072795__Post_Impressionism__vincent-van-gogh_restaurant-de-la-sirene-at-asnieres-1887.jpg,0.4367,0.5933,0.3178,2.256,2.2015
stytr2,000000072795__Realism__vincent-van-gogh_cottage-with-peasant-coming-home-1885(1).jpg,0.5844,0.3946,0.5515,1.7225,0.7307
stytr2,000000072795__Rococo__dmitry-levitzky_portrait-of-baron-a-n-stroganoff.jpg,0.425,0.5619,0.3955,2.4841,0.9053
stytr2,000000072795__Romanticism__gustave-dore_paradise-lost-4.jpg,0.5721,0.5124,0.4681,2.2373,1.0671
stytr2,000000072795__Symbolism__nicholas-roerich_language-of-forest-1922.jpg,0.5145,0.5207,0.4839,2.2217,1.6638
stytr2,000000072795__Ukiyo_e__kitagawa-utamaro_not_detected_233134.jpg,0.3289,0.6083,0.2942,2.6064,2.1107
stytr2,000000078420__Abstract_Expressionism__paul-jenkins_not_detected_235703.jpg,0.6813,0.5036,0.6777,1.9942,1.0591
stytr2,000000078420__Art_Nouveau_Modern__nicholas-roerich_oze-1914.jpg,0.6102,0.5034,0.5616,1.8594,1.2795
stytr2,000000078420__Baroque__rembrandt_portrait-of-nicolas-van-bambeeck-1641.jpg,0.5737,0.5444,0.5755,2.3143,1.0424
stytr2,000000078420__Color_Field_Painting__leon-berkowitz_dark-light-rose-gold-1978.jpg,0.4303,0.7189,0.4071,3.0676,0.7631
stytr2,000000078420__Cubism__salvador-dali_cubist-composition-portrait-of-a-seated-person-holding-a-letter.jpg,0.6485,0.669,0.7329,1.6986,0.7308
stytr2,000000078420__Early_Renaissance__pietro-perugino_st-jerome-who-attends-two-unfairly-hanged-1473.jpg,0.5536,0.5037,0.3822,2.2756,1.6411
stytr2,000000078420__Expressionism__amedeo-modigliani_germaine-survage-with-earrings-1918.jpg,0.664,0.5081,0.5685,1.945,0.8975
stytr2,000000078420__High_Renaissance__raphael_madonna-and-child-enthroned-with-saints-1505.jpg,0.595,0.4746,0.4912,2.0838,3.0464
stytr2,000000078420__Impressionism__pierre-auguste-renoir_leaving-the-bath-1890.jpg,0.5913,0.4954,0.5338,2.1053,1.0981
stytr2,000000078420__Mannerism_Late_Renaissance__tintoretto_st-mark-rescuing-a-saracen-from-shipwreck-1566.jpg,0.5529,0.4823,0.3808,2.0913,1.9591
stytr2,000000078420__Minimalism__mario-schifano_untitled-1963.jpg,0.3426,0.8967,0.4007,2.9702,1.1803
stytr2,000000078420__Naive_Art_Primitivism__marc-chagall_the-young-samuel-the-priest-s-servant-heard-that-he-is-called-by-god-eli-and-he-were-sleeping.jpg,0.3345,0.6177,0.2121,2.4017,0.7846
stytr2,000000078420__Northern_Renaissance__albrecht-durer_lamentation-over-christ-1507.jpg,0.3416,0.5815,0.2093,2.2981,2.4565
stytr2,000000078420__Pop_Art__peter-max_composition-red-green-1979.jpg,0.4021,0.525,0.4884,2.4765,2.0413
stytr2,000000078420__Post_Impressionism__vincent-van-gogh_restaurant-de-la-sirene-at-asnieres-1887.jpg,0.3541,0.5783,0.2,2.4402,1.9952
stytr2,000000078420__Realism__vincent-van-gogh_cottage-with-peasant-coming-home-1885(1).jpg,0.6367,0.4528,0.5468,1.8463,0.6745
stytr2,000000078420__Rococo__dmitry-levitzky_portrait-of-baron-a-n-stroganoff.jpg,0.579,0.5096,0.5961,2.2329,0.7321
stytr2,000000078420__Romanticism__gustave-dore_paradise-lost-4.jpg,0.4812,0.597,0.3296,2.1708,1.1853
stytr2,000000078420__Symbolism__nicholas-roerich_language-of-forest-1922.jpg,0.5337,0.5362,0.4024,2.118,1.4733
stytr2,000000078420__Ukiyo_e__kitagawa-utamaro_not_detected_233134.jpg,0.4665,0.4425,0.4711,1.8716,1.8822
stytr2,000000085682__Abstract_Expressionism__paul-jenkins_not_detected_235703.jpg,0.6239,0.4728,0.5443,2.5144,1.1409
stytr2,000000085682__Art_Nouveau_Modern__nicholas-roerich_oze-1914.jpg,0.712,0.45,0.6388,2.0139,1.702
stytr2,000000085682__Baroque__rembrandt_portrait-of-nicolas-van-bambeeck-1641.jpg,0.5316,0.6391,0.5601,2.5095,0.9513
stytr2,000000085682__Color_Field_Painting__leon-berkowitz_dark-light-rose-gold-1978.jpg,0.4876,0.8248,0.3681,2.9908,0.7042
stytr2,000000085682__Cubism__salvador-dali_cubist-composition-portrait-of-a-seated-person-holding-a-letter.jpg,0.6869,0.7012,0.6317,2.1005,0.9674
stytr2,000000085682__Early_Renaissance__pietro-perugino_st-jerome-who-attends-two-unfairly-hanged-1473.jpg,0.6082,0.5713,0.4587,2.271,1.6935
stytr2,000000085682__Expressionism__amedeo-modigliani_germaine-survage-with-earrings-1918.jpg,0.6086,0.7695,0.5106,2.357,0.9091
stytr2,000000085682__High_Renaissance__raphael_madonna-and-child-enthroned-with-saints-1505.jpg,0.6441,0.5102,0.5699,2.3684,3.305
stytr2,000000085682__Impressionism__pierre-auguste-renoir_leaving-the-bath-1890.jpg,0.6038,0.7247,0.444,2.5172,1.0395
stytr2,000000085682__Mannerism_Late_Renaissance__tintoretto_st-mark-rescuing-a-saracen-from-shipwreck-1566.jpg,0.5331,0.5826,0.4366,2.3967,2.0578
stytr2,000000085682__Minimalism__mario-schifano_untitled-1963.jpg,0.3684,1.0349,0.3846,2.8633,1.058
stytr2,000000085682__Naive_Art_Primitivism__marc-chagall_the-young-samuel-the-priest-s-servant-heard-that-he-is-called-by-god-eli-and-he-were-sleeping.jpg,0.4484,0.5721,0.3094,2.2451,0.8459
stytr2,000000085682__Northern_Renaissance__albrecht-durer_lamentation-over-christ-1507.jpg,0.346,0.5784,0.2628,2.5289,2.5111
stytr2,000000085682__Pop_Art__peter-max_composition-red-green-1979.jpg,0.4944,0.5632,0.4798,2.6832,2.3607
stytr2,000000085682__Post_Impressionism__vincent-van-gogh_restaurant-de-la-sirene-at-asnieres-1887.jpg,0.472,0.659,0.3176,2.3435,2.013
stytr2,000000085682__Realism__vincent-van-gogh_cottage-with-peasant-coming-home-1885(1).jpg,0.7368,0.4939,0.6137,1.8557,0.6576
stytr2,000000085682__Rococo__dmitry-levitzky_portrait-of-baron-a-n-stroganoff.jpg,0.5205,0.6678,0.5596,2.5959,0.7915
stytr2,000000085682__Romanticism__gustave-dore_paradise-lost-4.jpg,0.5195,0.552,0.3445,2.26,1.1085
stytr2,000000085682__Symbolism__nicholas-roerich_language-of-forest-1922.jpg,0.6506,0.5472,0.4589,2.3182,1.8477
stytr2,000000085682__Ukiyo_e__kitagawa-utamaro_not_detected_233134.jpg,0.5438,0.6427,0.4858,2.4122,2.628
stytr2,000000094157__Abstract_Expressionism__paul-jenkins_not_detected_235703.jpg,0.5009,0.5826,0.4617,2.4679,1.1584
stytr2,000000094157__Art_Nouveau_Modern__nicholas-roerich_oze-1914.jpg,0.5705,0.5113,0.5124,2.0383,1.4594
stytr2,000000094157__Baroque__rembrandt_portrait-of-nicolas-van-bambeeck-1641.jpg,0.4085,0.6325,0.4412,2.3746,1.1325
stytr2,000000094157__Color_Field_Painting__leon-berkowitz_dark-light-rose-gold-1978.jpg,0.4772,0.7929,0.3144,2.7933,0.9839
stytr2,000000094157__Cubism__salvador-dali_cubist-composition-portrait-of-a-seated-person-holding-a-letter.jpg,0.6457,0.7081,0.5346,1.8632,1.0537
stytr2,000000094157__Early_Renaissance__pietro-perugino_st-jerome-who-attends-two-unfairly-hanged-1473.jpg,0.517,0.6215,0.3606,2.2678,1.7683
stytr2,000000094157__Expressionism__amedeo-modigliani_germaine-survage-with-earrings-1918.jpg,0.5695,0.7792,0.4238,2.3165,1.0066
stytr2,000000094157__High_Renaissance__raphael_madonna-and-child-enthroned-with-saints-1505.jpg,0.5868,0.5396,0.483,2.2249,2.2808
stytr2,000000094157__Impressionism__pierre-auguste-renoir_leaving-the-bath-1890.jpg,0.5815,0.7143,0.3593,2.4663,0.9849
stytr2,000000094157__Mannerism_Late_Renaissance__tintoretto_st-mark-rescuing-a-saracen-from-shipwreck-1566.jpg,0.4079,0.616,0.3632,2.3892,1.7605
stytr2,000000094157__Minimalism__mario-schifano_untitled-1963.jpg,0.4696,0.9438,0.4825,2.5813,1.5362
stytr2,000000094157__Naive_Art_Primitivism__marc-chagall_the-young-samuel-the-priest-s-servant-heard-that-he-is-called-by-god-eli-and-he-were-sleeping.jpg,0.4625,0.5432,0.2591,2.0391,0.9438
stytr2,000000094157__Northern_Renaissance__albrecht-durer_lamentation-over-christ-1507.jpg,0.3961,0.5837,0.2799,2.4531,2.2355
stytr2,000000094157__Pop_Art__peter-max_composition-red-green-1979.jpg,0.5741,0.554,0.5237,2.6871,1.9749
stytr2,000000094157__Post_Impressionism__vincent-van-gogh_restaurant-de-la-sirene-at-asnieres-1887.jpg,0.488,0.6419,0.2602,2.2277,2.1364
stytr2,000000094157__Realism__vincent-van-gogh_cottage-with-peasant-coming-home-1885(1).jpg,0.7379,0.472,0.5278,1.647,0.849
stytr2,000000094157__Rococo__dmitry-levitzky_portrait-of-baron-a-n-stroganoff.jpg,0.3879,0.6914,0.4749,2.468,1.0188
stytr2,000000094157__Romanticism__gustave-dore_paradise-lost-4.jpg,0.3834,0.5851,0.2965,2.1763,1.2511
stytr2,000000094157__Symbolism__nicholas-roerich_language-of-forest-1922.jpg,0.5362,0.5861,0.3607,2.3079,1.6979
stytr2,000000094157__Ukiyo_e__kitagawa-utamaro_not_detected_233134.jpg,0.5866,0.6366,0.4424,2.4935,2.1508
stytr2,000000098633__Abstract_Expressionism__paul-jenkins_not_detected_235703.jpg,0.6881,0.4822,0.7275,1.9746,1.0584
stytr2,000000098633__Art_Nouveau_Modern__nicholas-roerich_oze-1914.jpg,0.6121,0.4522,0.5491,1.6926,1.1995
stytr2,000000098633__Baroque__rembrandt_portrait-of-nicolas-van-bambeeck-1641.jpg,0.6193,0.5837,0.6028,2.2009,0.9779
stytr2,000000098633__Color_Field_Painting__leon-berkowitz_dark-light-rose-gold-1978.jpg,0.4759,0.7142,0.4104,2.6217,0.9376
stytr2,000000098633__Cubism__salvador-dali_cubist-composition-portrait-of-a-seated-person-holding-a-letter.jpg,0.69,0.682,0.7087,1.6854,0.6428
stytr2,000000098633__Early_Renaissance__pietro-perugino_st-jerome-who-attends-two-unfairly-hanged-1473.jpg,0.4709,0.4728,0.395,2.0153,1.5845
stytr2,000000098633__Expressionism__amedeo-modigliani_germaine-survage-with-earrings-1918.jpg,0.6455,0.5486,0.5232,1.6529,0.8703
stytr2,000000098633__High_Renaissance__raphael_madonna-and-child-enthroned-with-saints-1505.jpg,0.4843,0.4832,0.4272,2.0926,2.5363
stytr2,000000098633__Impressionism__pierre-auguste-renoir_leaving-the-bath-1890.jpg,0.5868,0.5221,0.5123,1.8293,0.9583
stytr2,000000098633__Mannerism_Late_Renaissance__tintoretto_st-mark-rescuing-a-saracen-from-shipwreck-1566.jpg,0.4771,0.4853,0.3693,1.9043,1.5961
stytr2,000000098633__Minimalism__mario-schifano_untitled-1963.jpg,0.4274,0.9763,0.5053,2.8464,1.3769
stytr2,000000098633__Naive_Art_Primitivism__marc-chagall_the-young-samuel-the-priest-s-servant-heard-that-he-is-called-by-god-eli-and-he-were-sleeping.jpg,0.286,0.6222,0.1692,2.2972,0.7611
stytr2,000000098633__Northern_Renaissance__albrecht-durer_lamentation-over-christ-1507.jpg,0.2825,0.6309,0.1948,2.42,2.3452
stytr2,000000098633__Pop_Art__peter-max_composition-red-green-1979.jpg,0.4535,0.54,0.5254,2.4278,1.9066
stytr2,000000098633__Post_Impressionism__vincent-van-gogh_restaurant-de-la-sirene-at-asnieres-1887.jpg,0.3131,0.6637,0.183,2.4494,2.225
stytr2,000000098633__Realism__vincent-van-gogh_cottage-with-peasant-coming-home-1885(1).jpg,0.5752,0.4732,0.4916,1.8036,0.665
stytr2,000000098633__Rococo__dmitry-levitzky_portrait-of-baron-a-n-stroganoff.jpg,0.6249,0.5155,0.6359,1.9801,0.8375
stytr2,000000098633__Romanticism__gustave-dore_paradise-lost-4.jpg,0.4066,0.6056,0.3069,2.195,1.069
stytr2,000000098633__Symbolism__nicholas-roerich_language-of-forest-1922.jpg,0.4595,0.5429,0.3534,2.0648,1.5222
stytr2,000000098633__Ukiyo_e__kitagawa-utamaro_not_detected_233134.jpg,0.4362,0.5289,0.429,1.9054,1.9494
stytr2,000000106912__Abstract_Expressionism__paul-jenkins_not_detected_235703.jpg,0.5637,0.5197,0.629,2.4375,1.2647
stytr2,000000106912__Art_Nouveau_Modern__nicholas-roerich_oze-1914.jpg,0.6141,0.5165,0.5553,1.9794,1.6167
stytr2,000000106912__Baroque__rembrandt_portrait-of-nicolas-van-bambeeck-1641.jpg,0.4953,0.609,0.6113,2.2864,1.0271
stytr2,000000106912__Color_Field_Painting__leon-berkowitz_dark-light-rose-gold-1978.jpg,0.5397,0.691,0.3914,2.6558,0.7622
stytr2,000000106912__Cubism__salvador-dali_cubist-composition-portrait-of-a-seated-person-holding-a-letter.jpg,0.7338,0.6809,0.7249,1.7464,1.0144
stytr2,000000106912__Early_Renaissance__pietro-perugino_st-jerome-who-attends-two-unfairly-hanged-1473.jpg,0.4521,0.56,0.3428,2.3445,1.8105
stytr2,000000106912__Expressionism__amedeo-modigliani_germaine-survage-with-earrings-1918.jpg,0.5746,0.6871,0.4663,2.238,0.9545
stytr2,000000106912__High_Renaissance__raphael_madonna-and-child-enthroned-with-saints-1505.jpg,0.5304,0.543,0.4556,2.2957,2.8775
stytr2,000000106912__Impressionism__pierre-auguste-renoir_leaving-the-bath-1890.jpg,0.6226,0.6265,0.4816,2.2373,1.0153
stytr2,000000106912__Mannerism_Late_Renaissance__tintoretto_st-mark-rescuing-a-saracen-from-shipwreck-1566.jpg,0.3611,0.6089,0.3247,2.3846,1.833
stytr2,000000106912__Minimalism__mario-schifano_untitled-1963.jpg,0.5469,0.9042,0.5717,2.3255,1.2812
stytr2,000000106912__Naive_Art_Primitivism__marc-chagall_the-young-samuel-the-priest-s-servant-heard-that-he-is-called-by-god-eli-and-he-were-sleeping.jpg,0.3438,0.6207,0.1736,2.2026,0.865
stytr2,000000106912__Northern_Renaissance__albrecht-durer_lamentation-over-christ-1507.jpg,0.2926,0.6546,0.1995,2.6475,2.5405
stytr2,000000106912__Pop_Art__peter-max_composition-red-green-1979.jpg,0.6022,0.5488,0.6138,2.7041,2.478
stytr2,000000106912__Post_Impressionism__vincent-van-gogh_restaurant-de-la-sirene-at-asnieres-1887.jpg,0.3627,0.6668,0.1878,2.3889,2.1679
stytr2,000000106912__Realism__vincent-van-gogh_cottage-with-peasant-coming-home-1885(1).jpg,0.6247,0.5079,0.4865,1.8521,0.61
stytr2,000000106912__Rococo__dmitry-levitzky_portrait-of-baron-a-n-stroganoff.jpg,0.4825,0.6407,0.5949,2.4519,0.8989
stytr2,000000106912__Romanticism__gustave-dore_paradise-lost-4.jpg,0.3447,0.6258,0.2515,2.1307,1.1732
stytr2,000000106912__Symbolism__nicholas-roerich_language-of-forest-1922.jpg,0.4861,0.6034,0.3215,2.3872,1.743
stytr2,000000106912__Ukiyo_e__kitagawa-utamaro_not_detected_233134.jpg,0.5464,0.602,0.4378,2.2917,2.4421
stytr2,000000116208__Abstract_Expressionism__paul-jenkins_not_detected_235703.jpg,0.569,0.4431,0.4944,2.0863,1.2142
stytr2,000000116208__Art_Nouveau_Modern__nicholas-roerich_oze-1914.jpg,0.59,0.4156,0.6156,1.6967,1.1
stytr2,000000116208__Baroque__rembrandt_portrait-of-nicolas-van-bambeeck-1641.jpg,0.4269,0.5392,0.445,2.3358,1.1003
stytr2,000000116208__Color_Field_Painting__leon-berkowitz_dark-light-rose-gold-1978.jpg,0.3098,0.8024,0.3198,3.0701,1.0252
stytr2,000000116208__Cubism__salvador-dali_cubist-composition-portrait-of-a-seated-person-holding-a-letter.jpg,0.5371,0.608,0.5568,1.8156,0.602
stytr2,000000116208__Early_Renaissance__pietro-perugino_st-jerome-who-attends-two-unfairly-hanged-1473.jpg,0.6349,0.438,0.5851,1.9071,1.7931
stytr2,000000116208__Expressionism__amedeo-modigliani_germaine-survage-with-earrings-1918.jpg,0.5651,0.5577,0.5542,1.9498,0.9611
stytr2,000000116208__High_Renaissance__raphael_madonna-and-child-enthroned-with-saints-1505.jpg,0.6817,0.3863,0.6465,1.8292,2.5023
stytr2,000000116208__Impressionism__pierre-auguste-renoir_leaving-the-bath-1890.jpg,0.514,0.5383,0.4848,2.1314,1.0817
stytr2,000000116208__Mannerism_Late_Renaissance__tintoretto_st-mark-rescuing-a-saracen-from-shipwreck-1566.jpg,0.6193,0.4288,0.5505,1.8693,1.5678
stytr2,000000116208__Minimalism__mario-schifano_untitled-1963.jpg,0.2205,0.9691,0.2177,3.0817,1.3709
stytr2,000000116208__Naive_Art_Primitivism__marc-chagall_the-young-samuel-the-priest-s-servant-heard-that-he-is-called-by-god-eli-and-he-were-sleeping.jpg,0.4392,0.5534,0.352,2.3514,0.7441
stytr2,000000116208__Northern_Renaissance__albrecht-durer_lamentation-over-christ-1507.jpg,0.4444,0.5113,0.3052,2.1524,2.4115
stytr2,000000116208__Pop_Art__peter-max_composition-red-green-1979.jpg,0.3558,0.504,0.3573,2.4176,1.9347
stytr2,000000116208__Post_Impressionism__vincent-van-gogh_restaurant-de-la-sirene-at-asnieres-1887.jpg,0.4736,0.5551,0.354,2.2835,2.2186
stytr2,000000116208__Realism__vincent-van-gogh_cottage-with-peasant-coming-home-1885(1).jpg,0.6666,0.4034,0.6469,1.6857,0.6831
stytr2,000000116208__Rococo__dmitry-levitzky_portrait-of-baron-a-n-stroganoff.jpg,0.4299,0.5246,0.4786,2.1573,0.957
stytr2,000000116208__Romanticism__gustave-dore_paradise-lost-4.jpg,0.5247,0.5162,0.4451,2.2274,1.1128
stytr2,000000116208__Symbolism__nicholas-roerich_language-of-forest-1922.jpg,0.6073,0.442,0.5875,1.7989,1.4727
stytr2,000000116208__Ukiyo_e__kitagawa-utamaro_not_detected_233134.jpg,0.4726,0.4798,0.4637,1.9177,1.7126
stytr2,000000135872__Abstract_Expressionism__paul-jenkins_not_detected_235703.jpg,0.6452,0.4386,0.6319,1.7828,1.0978
stytr2,000000135872__Art_Nouveau_Modern__nicholas-roerich_oze-1914.jpg,0.6879,0.4323,0.6175,1.6296,1.4395
stytr2,000000135872__Baroque__rembrandt_portrait-of-nicolas-van-bambeeck-1641.jpg,0.5903,0.4441,0.579,2.0328,0.9616
stytr2,000000135872__Color_Field_Painting__leon-berkowitz_dark-light-rose-gold-1978.jpg,0.4526,0.7886,0.341,2.9544,0.79
stytr2,000000135872__Cubism__salvador-dali_cubist-composition-portrait-of-a-seated-person-holding-a-letter.jpg,0.6751,0.5863,0.6634,1.6243,0.7472
stytr2,000000135872__Early_Renaissance__pietro-perugino_st-jerome-who-attends-two-unfairly-hanged-1473.jpg,0.5727,0.4643,0.4241,1.8548,1.5118
stytr2,000000135872__Expressionism__amedeo-modigliani_germaine-survage-with-earrings-1918.jpg,0.6223,0.5992,0.5031,1.9329,0.8896
stytr2,000000135872__High_Renaissance__raphael_madonna-and-child-enthroned-with-saints-1505.jpg,0.6636,0.4069,0.5678,1.7425,2.7574
stytr2,000000135872__Impressionism__pierre-auguste-renoir_leaving-the-bath-1890.jpg,0.5724,0.5645,0.465,2.1149,1.0099
stytr2,000000135872__Mannerism_Late_Renaissance__tintoretto_st-mark-rescuing-a-saracen-from-shipwreck-1566.jpg,0.5527,0.4737,0.4513,1.922,1.772
stytr2,000000135872__Minimalism__mario-schifano_untitled-1963.jpg,0.358,0.9012,0.3605,2.6984,1.3568
stytr2,000000135872__Naive_Art_Primitivism__marc-chagall_the-young-samuel-the-priest-s-servant-heard-that-he-is-called-by-god-eli-and-he-were-sleeping.jpg,0.3426,0.5457,0.2294,2.1209,0.8804
stytr2,000000135872__Northern_Renaissance__albrecht-durer_lamentation-over-christ-1507.jpg,0.3156,0.5599,0.2215,2.236,2.3962
stytr2,000000135872__Pop_Art__peter-max_composition-red-green-1979.jpg,0.4266,0.5084,0.4871,2.1101,1.8852
stytr2,000000135872__Post_Impressionism__vincent-van-gogh_restaurant-de-la-sirene-at-asnieres-1887.jpg,0.3844,0.5806,0.2312,2.1364,2.2195
stytr2,000000135872__Realism__vincent-van-gogh_cottage-with-peasant-coming-home-1885(1).jpg,0.6181,0.4089,0.5243,1.6589,0.6569
stytr2,000000135872__Rococo__dmitry-levitzky_portrait-of-baron-a-n-stroganoff.jpg,0.578,0.4939,0.5993,2.059,0.6483
stytr2,000000135872__Romanticism__gustave-dore_paradise-lost-4.jpg,0.5141,0.4816,0.3814,1.9074,1.1136
stytr2,000000135872__Symbolism__nicholas-roerich_language-of-forest-1922.jpg,0.5801,0.482,0.43,1.7991,1.4797
stytr2,000000135872__Ukiyo_e__kitagawa-utamaro_not_detected_233134.jpg,0.4588,0.507,0.4461,1.8888,2.1915
stytr2,000000196442__Abstract_Expressionism__paul-jenkins_not_detected_235703.jpg,0.4721,0.5711,0.6462,2.3497,0.9778
stytr2,000000196442__Art_Nouveau_Modern__nicholas-roerich_oze-1914.jpg,0.4773,0.5637,0.4492,2.2621,1.603
stytr2,000000196442__Baroque__rembrandt_portrait-of-nicolas-van-bambeeck-1641.jpg,0.4078,0.6675,0.5933,2.3684,1.0373
stytr2,000000196442__Color_Field_Painting__leon-berkowitz_dark-light-rose-gold-1978.jpg,0.5543,0.8142,0.397,2.6018,0.9152
stytr2,000000196442__Cubism__salvador-dali_cubist-composition-portrait-of-a-seated-person-holding-a-letter.jpg,0.6752,0.7262,0.63,1.873,0.9517
stytr2,000000196442__Early_Renaissance__pietro-perugino_st-jerome-who-attends-two-unfairly-hanged-1473.jpg,0.3533,0.6859,0.2682,2.6314,1.6319
stytr2,000000196442__Expressionism__amedeo-modigliani_germaine-survage-with-earrings-1918.jpg,0.5044,0.7591,0.3931,2.2032,0.8352
stytr2,000000196442__High_Renaissance__raphael_madonna-and-child-enthroned-with-saints-1505.jpg,0.3884,0.636,0.3747,2.6984,2.9879
stytr2,000000196442__Impressionism__pierre-auguste-renoir_leaving-the-bath-1890.jpg,0.5939,0.7144,0.402,2.2526,0.9505
stytr2,000000196442__Mannerism_Late_Renaissance__tintoretto_st-mark-rescuing-a-saracen-from-shipwreck-1566.jpg,0.2402,0.6477,0.2574,2.5752,1.8437
stytr2,000000196442__Minimalism__mario-schifano_untitled-1963.jpg,0.6834,0.9634,0.7678,2.388,1.0181
stytr2,000000196442__Naive_Art_Primitivism__marc-chagall_the-young-samuel-the-priest-s-servant-heard-that-he-is-called-by-god-eli-and-he-were-sleeping.jpg,0.3166,0.6072,0.1082,2.1893,0.9129
stytr2,000000196442__Northern_Renaissance__albrecht-durer_lamentation-over-christ-1507.jpg,0.2645,0.6164,0.1848,2.7975,2.5859
stytr2,000000196442__Pop_Art__peter-max_composition-red-green-1979.jpg,0.6393,0.5712,0.5856,2.6664,2.1272
stytr2,000000196442__Post_Impressionism__vincent-van-gogh_restaurant-de-la-sirene-at-asnieres-1887.jpg,0.3179,0.6899,0.1268,2.5019,2.0528
stytr2,000000196442__Realism__vincent-van-gogh_cottage-with-peasant-coming-home-1885(1).jpg,0.5133,0.534,0.3667,2.0324,0.5751
stytr2,000000196442__Rococo__dmitry-levitzky_portrait-of-baron-a-n-stroganoff.jpg,0.3774,0.7194,0.6069,2.5239,0.9249
stytr2,000000196442__Romanticism__gustave-dore_paradise-lost-4.jpg,0.2317,0.6391,0.2089,2.3213,1.0394
stytr2,000000196442__Symbolism__nicholas-roerich_language-of-forest-1922.jpg,0.3966,0.654,0.2455,2.6163,1.5117
stytr2,000000196442__Ukiyo_e__kitagawa-utamaro_not_detected_233134.jpg,0.5154,0.65,0.3426,2.4732,2.4069
stytr2,000000210388__Abstract_Expressionism__paul-jenkins_not_detected_235703.jpg,0.5714,0.5377,0.6444,2.168,0.9272
stytr2,000000210388__Art_Nouveau_Modern__nicholas-roerich_oze-1914.jpg,0.5178,0.5739,0.4881,2.0259,1.6278
stytr2,000000210388__Baroque__rembrandt_portrait-of-nicolas-van-bambeeck-1641.jpg,0.4372,0.6403,0.483,2.2215,0.8745
stytr2,000000210388__Color_Field_Painting__leon-berkowitz_dark-light-rose-gold-1978.jpg,0.5284,0.8283,0.3007,2.8072,0.847
stytr2,000000210388__Cubism__salvador-dali_cubist-composition-portrait-of-a-seated-person-holding-a-letter.jpg,0.6629,0.7332,0.5522,1.922,0.8755
stytr2,000000210388__Early_Renaissance__pietro-perugino_st-jerome-who-attends-two-unfairly-hanged-1473.jpg,0.4403,0.6292,0.3055,2.2061,1.5424
stytr2,000000210388__Expressionism__amedeo-modigliani_germaine-survage-with-earrings-1918.jpg,0.5624,0.7524,0.3469,2.1276,0.8547
stytr2,000000210388__High_Renaissance__raphael_madonna-and-child-enthroned-with-saints-1505.jpg,0.4451,0.6003,0.3569,2.3465,2.8862
stytr2,000000210388__Impressionism__pierre-auguste-renoir_leaving-the-bath-1890.jpg,0.5863,0.6985,0.3333,2.2836,0.9247
stytr2,000000210388__Mannerism_Late_Renaissance__tintoretto_st-mark-rescuing-a-saracen-from-shipwreck-1566.jpg,0.3287,0.6191,0.3207,2.2832,1.7931
stytr2,000000210388__Minimalism__mario-schifano_untitled-1963.jpg,0.5976,0.9215,0.7134,2.524,1.2677
stytr2,000000210388__Naive_Art_Primitivism__marc-chagall_the-young-samuel-the-priest-s-servant-heard-that-he-is-called-by-god-eli-and-he-were-sleeping.jpg,0.3148,0.6291,0.1562,2.2081,0.9058
stytr2,000000210388__Northern_Renaissance__albrecht-durer_lamentation-over-christ-1507.jpg,0.3204,0.6,0.2326,2.504,2.5103
stytr2,000000210388__Pop_Art__peter-max_composition-red-green-1979.jpg,0.7225,0.4724,0.6985,2.3274,2.3478
stytr2,000000210388__Post_Impressionism__vincent-van-gogh_restaurant-de-la-sirene-at-asnieres-1887.jpg,0.3443,0.7045,0.175,2.4086,2.171
stytr2,000000210388__Realism__vincent-van-gogh_cottage-with-peasant-coming-home-1885(1).jpg,0.5767,0.5569,0.363,1.911,0.6147
stytr2,000000210388__Rococo__dmitry-levitzky_portrait-of-baron-a-n-stroganoff.jpg,0.423,0.6785,0.4667,2.298,0.569
stytr2,000000210388__Romanticism__gustave-dore_paradise-lost-4.jpg,0.298,0.6325,0.2324,2.2493,1.0551
stytr2,000000210388__Symbolism__nicholas-roerich_language-of-forest-1922.jpg,0.469,0.6309,0.2969,2.3035,1.5166
stytr2,000000210388__Ukiyo_e__kitagawa-utamaro_not_detected_233134.jpg,0.5723,0.6247,0.4025,2.1839,2.5811
stytr2,000000226171__Abstract_Expressionism__paul-jenkins_not_detected_235703.jpg,0.5968,0.5397,0.6489,2.1266,1.1304
stytr2,000000226171__Art_Nouveau_Modern__nicholas-roerich_oze-1914.jpg,0.5816,0.5542,0.5707,1.943,1.448
stytr2,000000226171__Baroque__rembrandt_portrait-of-nicolas-van-bambeeck-1641.jpg,0.5265,0.47,0.5938,2.2238,1.1816
stytr2,000000226171__Color_Field_Painting__leon-berkowitz_dark-light-rose-gold-1978.jpg,0.4235,0.8194,0.3739,2.9283,1.0615
stytr2,000000226171__Cubism__salvador-dali_cubist-composition-portrait-of-a-seated-person-holding-a-letter.jpg,0.6312,0.5204,0.7025,1.6902,0.9156
stytr2,000000226171__Early_Renaissance__pietro-perugino_st-jerome-who-attends-two-unfairly-hanged-1473.jpg,0.5383,0.5064,0.4627,1.9768,1.5586
stytr2,000000226171__Expressionism__amedeo-modigliani_germaine-survage-with-earrings-1918.jpg,0.5667,0.6106,0.507,2.2087,0.9401
stytr2,000000226171__High_Renaissance__raphael_madonna-and-child-enthroned-with-saints-1505.jpg,0.5659,0.4454,0.5144,1.8048,2.5352
stytr2,000000226171__Impressionism__pierre-auguste-renoir_leaving-the-bath-1890.jpg,0.5445,0.5827,0.49,2.2634,1.1323
stytr2,000000226171__Mannerism_Late_Renaissance__tintoretto_st-mark-rescuing-a-saracen-from-shipwreck-1566.jpg,0.4728,0.5559,0.3928,2.3006,1.7254
stytr2,000000226171__Minimalism__mario-schifano_untitled-1963.jpg,0.3779,0.767,0.4389,2.4671,1.5544
stytr2,000000226171__Naive_Art_Primitivism__marc-chagall_the-young-samuel-the-priest-s-servant-heard-that-he-is-called-by-god-eli-and-he-were-sleeping.jpg,0.3292,0.6436,0.2148,2.3325,0.8306
stytr2,000000226171__Northern_Renaissance__albrecht-durer_lamentation-over-christ-1507.jpg,0.3002,0.639,0.1894,2.4156,2.2467
stytr2,000000226171__Pop_Art__peter-max_composition-red-green-1979.jpg,0.4088,0.532,0.4934,2.4487,1.9746
stytr2,000000226171__Post_Impressionism__vincent-van-gogh_restaurant-de-la-sirene-at-asnieres-1887.jpg,0.3735,0.6124,0.2285,2.18,2.126
stytr2,000000226171__Realism__vincent-van-gogh_cottage-with-peasant-coming-home-1885(1).jpg,0.578,0.4512,0.5289,1.8166,0.6817
stytr2,000000226171__Rococo__dmitry-levitzky_portrait-of-baron-a-n-stroganoff.jpg,0.5045,0.5154,0.5874,2.3292,1.0357
stytr2,000000226171__Romanticism__gustave-dore_paradise-lost-4.jpg,0.4392,0.5694,0.3326,2.0335,1.0356
stytr2,000000226171__Symbolism__nicholas-roerich_language-of-forest-1922.jpg,0.5221,0.5699,0.4351,2.0703,1.5797
stytr2,000000226171__Ukiyo_e__kitagawa-utamaro_not_detected_233134.jpg,0.4277,0.5622,0.42,2.2344,2.0901
stytr2,000000235857__Abstract_Expressionism__paul-jenkins_not_detected_235703.jpg,0.4127,0.5834,0.3302,2.4209,1.1016
stytr2,000000235857__Art_Nouveau_Modern__nicholas-roerich_oze-1914.jpg,0.4958,0.5911,0.4447,2.3006,1.6181
stytr2,000000235857__Baroque__rembrandt_portrait-of-nicolas-van-bambeeck-1641.jpg,0.3448,0.5396,0.3517,2.5259,0.9797
stytr2,000000235857__Color_Field_Painting__leon-berkowitz_dark-light-rose-gold-1978.jpg,0.3221,0.8492,0.3376,3.0159,0.7503
stytr2,000000235857__Cubism__salvador-dali_cubist-composition-portrait-of-a-seated-person-holding-a-letter.jpg,0.4757,0.564,0.4344,1.9891,0.8939
stytr2,000000235857__Early_Renaissance__pietro-perugino_st-jerome-who-attends-two-unfairly-hanged-1473.jpg,0.5677,0.4813,0.4912,2.1387,1.6954
stytr2,000000235857__Expressionism__amedeo-modigliani_germaine-survage-with-earrings-1918.jpg,0.5219,0.5591,0.4653,2.2157,0.8869
stytr2,000000235857__High_Renaissance__raphael_madonna-and-child-enthroned-with-saints-1505.jpg,0.451,0.5573,0.3658,2.5066,2.8825
stytr2,000000235857__Impressionism__pierre-auguste-renoir_leaving-the-bath-1890.jpg,0.501,0.5241,0.4319,2.2679,0.8855
stytr2,000000235857__Mannerism_Late_Renaissance__tintoretto_st-mark-rescuing-a-saracen-from-shipwreck-1566.jpg,0.4557,0.5223,0.3874,2.3548,1.5287
stytr2,000000235857__Minimalism__mario-schifano_untitled-1963.jpg,0.2082,0.8312,0.1315,3.0368,1.3887
stytr2,000000235857__Naive_Art_Primitivism__marc-chagall_the-young-samuel-the-priest-s-servant-heard-that-he-is-called-by-god-eli-and-he-were-sleeping.jpg,0.5085,0.5415,0.3895,2.1262,0.8153
stytr2,000000235857__Northern_Renaissance__albrecht-durer_lamentation-over-christ-1507.jpg,0.3341,0.6534,0.216,2.7178,2.5804
stytr2,000000235857__Pop_Art__peter-max_composition-red-green-1979.jpg,0.3036,0.5721,0.2321,2.8159,1.9893
stytr2,000000235857__Post_Impressionism__vincent-van-gogh_restaurant-de-la-sirene-at-asnieres-1887.jpg,0.4948,0.5689,0.3345,2.4473,2.1796
stytr2,000000235857__Realism__vincent-van-gogh_cottage-with-peasant-coming-home-1885(1).jpg,0.6267,0.4001,0.5406,1.8119,0.6344
stytr2,000000235857__Rococo__dmitry-levitzky_portrait-of-baron-a-n-stroganoff.jpg,0.3403,0.5193,0.3578,2.4403,0.7486
stytr2,000000235857__Romanticism__gustave-dore_paradise-lost-4.jpg,0.4287,0.6029,0.3843,2.3781,1.0195
stytr2,000000235857__Symbolism__nicholas-roerich_language-of-forest-1922.jpg,0.5297,0.6036,0.462,2.431,1.5361
stytr2,000000235857__Ukiyo_e__kitagawa-utamaro_not_detected_233134.jpg,0.4244,0.5708,0.3552,2.4899,2.3385
stytr2,000000272364__Abstract_Expressionism__paul-jenkins_not_detected_235703.jpg,0.4424,0.4819,0.3547,2.3422,1.081
stytr2,000000272364__Art_Nouveau_Modern__nicholas-roerich_oze-1914.jpg,0.5132,0.4162,0.4979,1.9416,1.5366
stytr2,000000272364__Baroque__rembrandt_portrait-of-nicolas-van-bambeeck-1641.jpg,0.2934,0.5729,0.3598,2.5255,1.0445
stytr2,000000272364__Color_Field_Painting__leon-berkowitz_dark-light-rose-gold-1978.jpg,0.2758,0.7935,0.2481,3.2919,0.8378
stytr2,000000272364__Cubism__salvador-dali_cubist-composition-portrait-of-a-seated-person-holding-a-letter.jpg,0.5005,0.6469,0.5004,1.9317,0.6475
stytr2,000000272364__Early_Renaissance__pietro-perugino_st-jerome-who-attends-two-unfairly-hanged-1473.jpg,0.6055,0.4487,0.5296,2.1136,1.4636
stytr2,000000272364__Expressionism__amedeo-modigliani_germaine-survage-with-earrings-1918.jpg,0.4865,0.573,0.4584,2.1915,0.8994
stytr2,000000272364__High_Renaissance__raphael_madonna-and-child-enthroned-with-saints-1505.jpg,0.6357,0.4224,0.5705,2.1163,2.858
stytr2,000000272364__Impressionism__pierre-auguste-renoir_leaving-the-bath-1890.jpg,0.5013,0.5364,0.4108,2.2939,1.0015
stytr2,000000272364__Mannerism_Late_Renaissance__tintoretto_st-mark-rescuing-a-saracen-from-shipwreck-1566.jpg,0.4951,0.439,0.4451,2.0986,1.6665
stytr2,000000272364__Minimalism__mario-schifano_untitled-1963.jpg,0.206,1.0373,0.1451,3.3196,1.524
stytr2,000000272364__Naive_Art_Primitivism__marc-chagall_the-young-samuel-the-priest-s-servant-heard-that-he-is-called-by-god-eli-and-he-were-sleeping.jpg,0.5506,0.5139,0.3882,2.4694,0.7611
stytr2,000000272364__Northern_Renaissance__albrecht-durer_lamentation-over-christ-1507.jpg,0.5436,0.4873,0.3755,2.4804,2.6467
stytr2,000000272364__Pop_Art__peter-max_composition-red-green-1979.jpg,0.42,0.4923,0.3176,2.5504,2.1928
stytr2,000000272364__Post_Impressionism__vincent-van-gogh_restaurant-de-la-sirene-at-asnieres-1887.jpg,0.5824,0.549,0.4175,2.5039,2.164
stytr2,000000272364__Realism__vincent-van-gogh_cottage-with-peasant-coming-home-1885(1).jpg,0.6832,0.4107,0.5916,1.8534,0.7976
stytr2,000000272364__Rococo__dmitry-levitzky_portrait-of-baron-a-n-stroganoff.jpg,0.298,0.5704,0.3581,2.3707,0.7406
stytr2,000000272364__Romanticism__gustave-dore_paradise-lost-4.jpg,0.4149,0.5215,0.3883,2.4836,1.1353
stytr2,000000272364__Symbolism__nicholas-roerich_language-of-forest-1922.jpg,0.5998,0.4608,0.5604,2.1238,1.3635
stytr2,000000272364__Ukiyo_e__kitagawa-utamaro_not_detected_233134.jpg,0.5675,0.481,0.4839,2.1802,2.0369
stytr2,000000273132__Abstract_Expressionism__paul-jenkins_not_detected_235703.jpg,0.6373,0.4328,0.7077,2.0323,1.0296
stytr2,000000273132__Art_Nouveau_Modern__nicholas-roerich_oze-1914.jpg,0.7274,0.4443,0.6312,1.8747,1.4968
stytr2,000000273132__Baroque__rembrandt_portrait-of-nicolas-van-bambeeck-1641.jpg,0.5419,0.5209,0.6637,2.1138,0.9187
stytr2,000000273132__Color_Field_Painting__leon-berkowitz_dark-light-rose-gold-1978.jpg,0.5113,0.837,0.4583,2.8248,0.8799
stytr2,000000273132__Cubism__salvador-dali_cubist-composition-portrait-of-a-seated-person-holding-a-letter.jpg,0.8105,0.5486,0.812,1.5961,0.8489
stytr2,000000273132__Early_Renaissance__pietro-perugino_st-jerome-who-attends-two-unfairly-hanged-1473.jpg,0.579,0.5413,0.4443,2.2499,1.6151
stytr2,000000273132__Expressionism__amedeo-modigliani_germaine-survage-with-earrings-1918.jpg,0.6642,0.6389,0.6175,1.9944,0.9975
stytr2,000000273132__High_Renaissance__raphael_madonna-and-child-enthroned-with-saints-1505.jpg,0.5851,0.487,0.494,2.1359,2.4537
stytr2,000000273132__Impressionism__pierre-auguste-renoir_leaving-the-bath-1890.jpg,0.7157,0.5994,0.6135,2.153,1.033
stytr2,000000273132__Mannerism_Late_Renaissance__tintoretto_st-mark-rescuing-a-saracen-from-shipwreck-1566.jpg,0.4935,0.5054,0.4548,2.0839,1.9031
stytr2,000000273132__Minimalism__mario-schifano_untitled-1963.jpg,0.4377,0.9484,0.4027,2.7718,1.3913
stytr2,000000273132__Naive_Art_Primitivism__marc-chagall_the-young-samuel-the-priest-s-servant-heard-that-he-is-called-by-god-eli-and-he-were-sleeping.jpg,0.4738,0.5114,0.2317,2.0565,0.9234
stytr2,000000273132__Northern_Renaissance__albrecht-durer_lamentation-over-christ-1507.jpg,0.3526,0.4956,0.1893,2.0963,2.8466
stytr2,000000273132__Pop_Art__peter-max_composition-red-green-1979.jpg,0.5382,0.5328,0.4992,2.5881,2.0691
stytr2,000000273132__Post_Impressionism__vincent-van-gogh_restaurant-de-la-sirene-at-asnieres-1887.jpg,0.4673,0.5828,0.2297,2.0445,2.1921
stytr2,000000273132__Realism__vincent-van-gogh_cottage-with-peasant-coming-home-1885(1).jpg,0.7462,0.3963,0.6024,1.626,0.6811
stytr2,000000273132__Rococo__dmitry-levitzky_portrait-of-baron-a-n-stroganoff.jpg,0.5172,0.5755,0.6785,2.2189,0.752
stytr2,000000273132__Romanticism__gustave-dore_paradise-lost-4.jpg,0.4505,0.4883,0.3852,2.0728,1.0951
stytr2,000000273132__Symbolism__nicholas-roerich_language-of-forest-1922.jpg,0.6171,0.5318,0.4503,2.1249,1.4829
stytr2,000000273132__Ukiyo_e__kitagawa-utamaro_not_detected_233134.jpg,0.5707,0.5454,0.4655,2.1039,2.0041
stytr2,000000277051__Abstract_Expressionism__paul-jenkins_not_detected_235703.jpg,0.6743,0.48,0.7165,1.939,0.924
stytr2,000000277051__Art_Nouveau_Modern__nicholas-roerich_oze-1914.jpg,0.7011,0.4375,0.5824,1.7371,1.2839
stytr2,000000277051__Baroque__rembrandt_portrait-of-nicolas-van-bambeeck-1641.jpg,0.5988,0.583,0.6617,2.1059,0.9653
stytr2,000000277051__Color_Field_Painting__leon-berkowitz_dark-light-rose-gold-1978.jpg,0.5615,0.6791,0.4154,2.8673,0.8914
stytr2,000000277051__Cubism__salvador-dali_cubist-composition-portrait-of-a-seated-person-holding-a-letter.jpg,0.7788,0.7324,0.7598,1.6538,0.6121
stytr2,000000277051__Early_Renaissance__pietro-perugino_st-jerome-who-attends-two-unfairly-hanged-1473.jpg,0.6002,0.4304,0.4092,1.7837,1.4297
stytr2,000000277051__Expressionism__amedeo-modigliani_germaine-survage-with-earrings-1918.jpg,0.6996,0.5595,0.5465,1.6865,0.7912
stytr2,000000277051__High_Renaissance__raphael_madonna-and-child-enthroned-with-saints-1505.jpg,0.6113,0.4627,0.4263,1.9562,2.6132
stytr2,000000277051__Impressionism__pierre-auguste-renoir_leaving-the-bath-1890.jpg,0.7103,0.5148,0.5478,1.8113,0.953
stytr2,000000277051__Mannerism_Late_Renaissance__tintoretto_st-mark-rescuing-a-saracen-from-shipwreck-1566.jpg,0.4742,0.518,0.3583,2.044,1.6119
stytr2,000000277051__Minimalism__mario-schifano_untitled-1963.jpg,0.4866,0.9914,0.5457,2.6709,1.2656
stytr2,000000277051__Naive_Art_Primitivism__marc-chagall_the-young-samuel-the-priest-s-servant-heard-that-he-is-called-by-god-eli-and-he-were-sleeping.jpg,0.3371,0.6483,0.1702,2.3495,0.7547
stytr2,000000277051__Northern_Renaissance__albrecht-durer_lamentation-over-christ-1507.jpg,0.2688,0.6737,0.1343,2.5486,2.4187
stytr2,000000277051__Pop_Art__peter-max_composition-red-green-1979.jpg,0.5485,0.5363,0.5863,2.4555,2.0815
stytr2,000000277051__Post_Impressionism__vincent-van-gogh_restaurant-de-la-sirene-at-asnieres-1887.jpg,0.3684,0.6521,0.173,2.3771,1.9262
stytr2,000000277051__Realism__vincent-van-gogh_cottage-with-peasant-coming-home-1885(1).jpg,0.622,0.5214,0.4459,1.7622,0.5883
stytr2,000000277051__Rococo__dmitry-levitzky_portrait-of-baron-a-n-stroganoff.jpg,0.6033,0.5227,0.6882,1.9294,0.6601
stytr2,000000277051__Romanticism__gustave-dore_paradise-lost-4.jpg,0.439,0.6323,0.279,2.155,0.9888
stytr2,000000277051__Symbolism__nicholas-roerich_language-of-forest-1922.jpg,0.5818,0.4783,0.3681,1.8817,1.4877
stytr2,000000277051__Ukiyo_e__kitagawa-utamaro_not_detected_233134.jpg,0.5292,0.5339,0.4055,1.9805,1.8968
stytr2,000000296969__Abstract_Expressionism__paul-jenkins_not_detected_235703.jpg,0.3245,0.5768,0.1799,2.7673,1.0899
stytr2,000000296969__Art_Nouveau_Modern__nicholas-roerich_oze-1914.jpg,0.4939,0.4978,0.3821,2.1725,1.4628
stytr2,000000296969__Baroque__rembrandt_portrait-of-nicolas-van-bambeeck-1641.jpg,0.2915,0.5506,0.258,2.6718,1.121
stytr2,000000296969__Color_Field_Painting__leon-berkowitz_dark-light-rose-gold-1978.jpg,0.2483,0.8479,0.2285,3.2298,0.7518
stytr2,000000296969__Cubism__salvador-dali_cubist-composition-portrait-of-a-seated-person-holding-a-letter.jpg,0.4316,0.5979,0.3157,2.2679,0.762
stytr2,000000296969__Early_Renaissance__pietro-perugino_st-jerome-who-attends-two-unfairly-hanged-1473.jpg,0.5325,0.558,0.3952,2.6013,1.5835
stytr2,000000296969__Expressionism__amedeo-modigliani_germaine-survage-with-earrings-1918.jpg,0.442,0.6281,0.3475,2.4973,0.8675
stytr2,000000296969__High_Renaissance__raphael_madonna-and-child-enthroned-with-saints-1505.jpg,0.4472,0.5634,0.2958,2.7967,2.8905
stytr2,000000296969__Impressionism__pierre-auguste-renoir_leaving-the-bath-1890.jpg,0.4344,0.6014,0.3116,2.6237,0.8977
stytr2,000000296969__Mannerism_Late_Renaissance__tintoretto_st-mark-rescuing-a-saracen-from-shipwreck-1566.jpg,0.4724,0.5015,0.3506,2.433,1.5904
stytr2,000000296969__Minimalism__mario-schifano_untitled-1963.jpg,0.1152,0.967,0.0511,3.4031,1.5234
stytr2,000000296969__Naive_Art_Primitivism__marc-chagall_the-young-samuel-the-priest-s-servant-heard-that-he-is-called-by-god-eli-and-he-were-sleeping.jpg,0.5881,0.4788,0.451,2.3159,0.8394
stytr2,000000296969__Northern_Renaissance__albrecht-durer_lamentation-over-christ-1507.jpg,0.4447,0.5843,0.2772,2.8467,2.3282
stytr2,000000296969__Pop_Art__peter-max_composition-red-green-1979.jpg,0.2281,0.6339,0.1168,3.1375,1.9238
stytr2,000000296969__Post_Impressionism__vincent-van-gogh_restaurant-de-la-sirene-at-asnieres-1887.jpg,0.5579,0.5561,0.372,2.635,2.1389
stytr2,000000296969__Realism__vincent-van-gogh_cottage-with-peasant-coming-home-1885(1).jpg,0.6531,0.3669,0.4842,1.9189,0.6669
stytr2,000000296969__Rococo__dmitry-levitzky_portrait-of-baron-a-n-stroganoff.jpg,0.2819,0.5645,0.299,2.6105,0.9017
stytr2,000000296969__Romanticism__gustave-dore_paradise-lost-4.jpg,0.4543,0.5492,0.3579,2.6155,1.0801
stytr2,000000296969__Symbolism__nicholas-roerich_language-of-forest-1922.jpg,0.5214,0.565,0.391,2.5603,1.6503
stytr2,000000296969__Ukiyo_e__kitagawa-utamaro_not_detected_233134.jpg,0.3616,0.6018,0.2247,2.9531,2.16
stytr2,000000302107__Abstract_Expressionism__paul-jenkins_not_detected_235703.jpg,0.5193,0.5165,0.5782,2.1026,1.1459
stytr2,000000302107__Art_Nouveau_Modern__nicholas-roerich_oze-1914.jpg,0.6317,0.4221,0.6218,1.6987,1.2539
stytr2,000000302107__Baroque__rembrandt_portrait-of-nicolas-van-bambeeck-1641.jpg,0.4285,0.5151,0.5651,2.2091,0.932
stytr2,000000302107__Color_Field_Painting__leon-berkowitz_dark-light-rose-gold-1978.jpg,0.4434,0.7751,0.4155,2.9728,0.999
stytr2,000000302107__Cubism__salvador-dali_cubist-composition-portrait-of-a-seated-person-holding-a-letter.jpg,0.6958,0.5973,0.7257,1.7332,0.6826
stytr2,000000302107__Early_Renaissance__pietro-perugino_st-jerome-who-attends-two-unfairly-hanged-1473.jpg,0.541,0.5206,0.4731,2.247,1.6699
stytr2,000000302107__Expressionism__amedeo-modigliani_germaine-survage-with-earrings-1918.jpg,0.597,0.5736,0.5891,2.0388,0.8857
stytr2,000000302107__High_Renaissance__raphael_madonna-and-child-enthroned-with-saints-1505.jpg,0.5983,0.4598,0.5169,1.9679,2.5682
stytr2,000000302107__Impressionism__pierre-auguste-renoir_leaving-the-bath-1890.jpg,0.6432,0.5247,0.5534,2.1494,0.9266
stytr2,000000302107__Mannerism_Late_Renaissance__tintoretto_st-mark-rescuing-a-saracen-from-shipwreck-1566.jpg,0.4528,0.4943,0.4477,2.045,1.53
stytr2,000000302107__Minimalism__mario-schifano_untitled-1963.jpg,0.4064,0.8998,0.3165,2.6619,1.5413
stytr2,000000302107__Naive_Art_Primitivism__marc-chagall_the-young-samuel-the-priest-s-servant-heard-that-he-is-called-by-god-eli-and-he-were-sleeping.jpg,0.4529,0.5825,0.2503,2.2909,0.7681
stytr2,000000302107__Northern_Renaissance__albrecht-durer_lamentation-over-christ-1507.jpg,0.3445,0.5966,0.1954,2.4277,2.3232
stytr2,000000302107__Pop_Art__peter-max_composition-red-green-1979.jpg,0.5521,0.5155,0.4658,2.4679,1.9135
stytr2,000000302107__Post_Impressionism__vincent-van-gogh_restaurant-de-la-sirene-at-asnieres-1887.jpg,0.4676,0.5973,0.2729,2.3948,2.0087
stytr2,000000302107__Realism__vincent-van-gogh_cottage-with-peasant-coming-home-1885(1).jpg,0.7041,0.3942,0.587,1.6871,0.6502
stytr2,000000302107__Rococo__dmitry-levitzky_portrait-of-baron-a-n-stroganoff.jpg,0.4181,0.4911,0.5931,2.1468,0.7191
stytr2,000000302107__Romanticism__gustave-dore_paradise-lost-4.jpg,0.4217,0.5553,0.37,2.1128,1.0501
stytr2,000000302107__Symbolism__nicholas-roerich_language-of-forest-1922.jpg,0.6006,0.483,0.4766,2.0794,1.5794
stytr2,000000302107__Ukiyo_e__kitagawa-utamaro_not_detected_233134.jpg,0.6327,0.4916,0.5418,1.9424,2.0286
stytr2,000000322944__Abstract_Expressionism__paul-jenkins_not_detected_235703.jpg,0.7268,0.4131,0.7131,1.8299,1.1453
stytr2,000000322944__Art_Nouveau_Modern__nicholas-roerich_oze-1914.jpg,0.6513,0.3919,0.5187,1.7138,1.4886
stytr2,000000322944__Baroque__rembrandt_portrait-of-nicolas-van-bambeeck-1641.jpg,0.7151,0.4768,0.6512,1.7419,0.8889
stytr2,000000322944__Color_Field_Painting__leon-berkowitz_dark-light-rose-gold-1978.jpg,0.4079,0.7494,0.3165,2.8399,0.8709
stytr2,000000322944__Cubism__salvador-dali_cubist-composition-portrait-of-a-seated-person-holding-a-letter.jpg,0.6337,0.7088,0.53,1.555,0.7857
stytr2,000000322944__Early_Renaissance__pietro-perugino_st-jerome-who-attends-two-unfairly-hanged-1473.jpg,0.4589,0.58,0.3623,2.1571,1.553
stytr2,000000322944__Expressionism__amedeo-modigliani_germaine-survage-with-earrings-1918.jpg,0.5786,0.6393,0.3927,1.7547,0.845
stytr2,000000322944__High_Renaissance__raphael_madonna-and-child-enthroned-with-saints-1505.jpg,0.5105,0.502,0.4245,2.1092,2.9262
stytr2,000000322944__Impressionism__pierre-auguste-renoir_leaving-the-bath-1890.jpg,0.5099,0.5976,0.4042,1.8985,1.0323
stytr2,000000322944__Mannerism_Late_Renaissance__tintoretto_st-mark-rescuing-a-saracen-from-shipwreck-1566.jpg,0.5643,0.495,0.3745,1.8818,1.7597
stytr2,000000322944__Minimalism__mario-schifano_untitled-1963.jpg,0.3143,1.0372,0.5174,2.7464,1.3415
stytr2,000000322944__Naive_Art_Primitivism__marc-chagall_the-young-samuel-the-priest-s-servant-heard-that-he-is-called-by-god-eli-and-he-were-sleeping.jpg,0.2562,0.6265,0.1622,2.3527,0.8488
stytr2,000000322944__Northern_Renaissance__albrecht-durer_lamentation-over-christ-1507.jpg,0.2442,0.6211,0.1507,2.357,2.3488
stytr2,000000322944__Pop_Art__peter-max_composition-red-green-1979.jpg,0.3148,0.5972,0.4983,2.4688,2.0188
stytr2,000000322944__Post_Impressionism__vincent-van-gogh_restaurant-de-la-sirene-at-asnieres-1887.jpg,0.2877,0.6774,0.1902,2.4957,2.1936
stytr2,000000322944__Realism__vincent-van-gogh_cottage-with-peasant-coming-home-1885(1).jpg,0.4933,0.5379,0.3597,1.9236,0.6328
stytr2,000000322944__Rococo__dmitry-levitzky_portrait-of-baron-a-n-stroganoff.jpg,0.691,0.5143,0.6846,1.829,0.6274
stytr2,000000322944__Romanticism__gustave-dore_paradise-lost-4.jpg,0.4868,0.5341,0.2601,2.0197,1.0011
stytr2,000000322944__Symbolism__nicholas-roerich_language-of-forest-1922.jpg,0.4227,0.555,0.3115,2.1822,1.6732
stytr2,000000322944__Ukiyo_e__kitagawa-utamaro_not_detected_233134.jpg,0.3389,0.5812,0.3336,1.9183,2.2508
stytr2,000000329447__Abstract_Expressionism__paul-jenkins_not_detected_235703.jpg,0.5209,0.487,0.3909,2.0721,1.2245
stytr2,000000329447__Art_Nouveau_Modern__nicholas-roerich_oze-1914.jpg,0.5703,0.5036,0.5498,1.8576,1.6414
stytr2,000000329447__Baroque__rembrandt_portrait-of-nicolas-van-bambeeck-1641.jpg,0.4225,0.4843,0.4424,2.1239,0.9512
stytr2,000000329447__Color_Field_Painting__leon-berkowitz_dark-light-rose-gold-1978.jpg,0.2909,0.9252,0.3194,3.1984,0.9613
stytr2,000000329447__Cubism__salvador-dali_cubist-composition-portrait-of-a-seated-person-holding-a-letter.jpg,0.5071,0.4703,0.4916,1.678,0.7813
stytr2,000000329447__Early_Renaissance__pietro-perugino_st-jerome-who-attends-two-unfairly-hanged-1473.jpg,0.6156,0.4768,0.5531,1.8531,1.6274
stytr2,000000329447__Expressionism__amedeo-modigliani_germaine-survage-with-earrings-1918.jpg,0.5328,0.6002,0.5054,1.9551,1.0023
stytr2,000000329447__High_Renaissance__raphael_madonna-and-child-enthroned-with-saints-1505.jpg,0.5804,0.483,0.4963,2.0565,2.6884
stytr2,000000329447__Impressionism__pierre-auguste-renoir_leaving-the-bath-1890.jpg,0.481,0.5599,0.45,2.078,1.0424
stytr2,000000329447__Mannerism_Late_Renaissance__tintoretto_st-mark-rescuing-a-saracen-from-shipwreck-1566.jpg,0.6012,0.4769,0.5141,1.9168,1.6127
stytr2,000000329447__Minimalism__mario-schifano_untitled-1963.jpg,0.1851,0.8964,0.1624,3.0204,1.3623
stytr2,000000329447__Naive_Art_Primitivism__marc-chagall_the-young-samuel-the-priest-s-servant-heard-that-he-is-called-by-god-eli-and-he-were-sleeping.jpg,0.4495,0.5458,0.3452,2.2155,0.7987
stytr2,000000329447__Northern_Renaissance__albrecht-durer_lamentation-over-christ-1507.jpg,0.3864,0.5916,0.2468,2.4103,2.4834
stytr2,000000329447__Pop_Art__peter-max_composition-red-green-1979.jpg,0.2804,0.5546,0.2777,2.6369,1.9227
stytr2,000000329447__Post_Impressionism__vincent-van-gogh_restaurant-de-la-sirene-at-asnieres-1887.jpg,0.4564,0.5911,0.3177,2.214,2.2024
stytr2,000000329447__Realism__vincent-van-gogh_cottage-with-peasant-coming-home-1885(1).jpg,0.6497,0.354,0.5996,1.5594,0.8884
stytr2,000000329447__Rococo__dmitry-levitzky_portrait-of-baron-a-n-stroganoff.jpg,0.4147,0.504,0.4303,2.1699,0.8736
stytr2,000000329447__Romanticism__gustave-dore_paradise-lost-4.jpg,0.5562,0.5173,0.4656,2.0881,1.001
stytr2,000000329447__Symbolism__nicholas-roerich_language-of-forest-1922.jpg,0.5692,0.5329,0.5313,2.0635,1.7364
stytr2,000000329447__Ukiyo_e__kitagawa-utamaro_not_detected_233134.jpg,0.3827,0.59,0.3365,2.3317,2.0779
stytr2,000000338625__Abstract_Expressionism__paul-jenkins_not_detected_235703.jpg,0.5481,0.4857,0.5127,2.2598,1.1166
stytr2,000000338625__Art_Nouveau_Modern__nicholas-roerich_oze-1914.jpg,0.6293,0.4118,0.5889,1.9076,1.3838
stytr2,000000338625__Baroque__rembrandt_portrait-of-nicolas-van-bambeeck-1641.jpg,0.4331,0.5505,0.4779,2.279,1.0903
stytr2,000000338625__Color_Field_Painting__leon-berkowitz_dark-light-rose-gold-1978.jpg,0.3992,0.7425,0.3307,3.117,0.8643
stytr2,000000338625__Cubism__salvador-dali_cubist-composition-portrait-of-a-seated-person-holding-a-letter.jpg,0.6258,0.704,0.5993,1.9115,0.8737
stytr2,000000338625__Early_Renaissance__pietro-perugino_st-jerome-who-attends-two-unfairly-hanged-1473.jpg,0.6114,0.4633,0.5208,1.9711,1.7825
stytr2,000000338625__Expressionism__amedeo-modigliani_germaine-survage-with-earrings-1918.jpg,0.5744,0.6262,0.5099,2.2304,0.9222
stytr2,000000338625__High_Renaissance__raphael_madonna-and-child-enthroned-with-saints-1505.jpg,0.7118,0.3562,0.6576,1.6148,2.8988
stytr2,000000338625__Impressionism__pierre-auguste-renoir_leaving-the-bath-1890.jpg,0.5711,0.5849,0.4514,2.3749,1.0358
stytr2,000000338625__Mannerism_Late_Renaissance__tintoretto_st-mark-rescuing-a-saracen-from-shipwreck-1566.jpg,0.4968,0.465,0.468,2.1125,1.9467
stytr2,000000338625__Minimalism__mario-schifano_untitled-1963.jpg,0.3457,1.0031,0.3012,2.7178,1.4109
stytr2,000000338625__Naive_Art_Primitivism__marc-chagall_the-young-samuel-the-priest-s-servant-heard-that-he-is-called-by-god-eli-and-he-were-sleeping.jpg,0.4899,0.5195,0.3301,2.3111,0.7974
stytr2,000000338625__Northern_Renaissance__albrecht-durer_lamentation-over-christ-1507.jpg,0.4131,0.4945,0.2684,2.1854,2.6309
stytr2,000000338625__Pop_Art__peter-max_composition-red-green-1979.jpg,0.5061,0.5338,0.4596,2.3837,2.082
stytr2,000000338625__Post_Impressionism__vincent-van-gogh_restaurant-de-la-sirene-at-asnieres-1887.jpg,0.522,0.5145,0.34,2.1331,2.207
stytr2,000000338625__Realism__vincent-van-gogh_cottage-with-peasant-coming-home-1885(1).jpg,0.719,0.4144,0.6057,1.7494,0.7129
stytr2,000000338625__Rococo__dmitry-levitzky_portrait-of-baron-a-n-stroganoff.jpg,0.4181,0.5979,0.4908,2.4122,0.7746
stytr2,000000338625__Romanticism__gustave-dore_paradise-lost-4.jpg,0.4757,0.4891,0.3894,2.1123,1.1573
stytr2,000000338625__Symbolism__nicholas-roerich_language-of-forest-1922.jpg,0.6366,0.4372,0.5445,1.872,1.7249
stytr2,000000338625__Ukiyo_e__kitagawa-utamaro_not_detected_233134.jpg,0.5985,0.4831,0.5274,2.0611,2.0143
stytr2,000000356968__Abstract_Expressionism__paul-jenkins_not_detected_235703.jpg,0.408,0.5993,0.332,2.56,1.0376
stytr2,000000356968__Art_Nouveau_Modern__nicholas-roerich_oze-1914.jpg,0.557,0.5383,0.4651,2.054,1.5851
stytr2,000000356968__Baroque__rembrandt_portrait-of-nicolas-van-bambeeck-1641.jpg,0.3745,0.5277,0.358,2.4691,0.9815
stytr2,000000356968__Color_Field_Painting__leon-berkowitz_dark-light-rose-gold-1978.jpg,0.3428,0.8066,0.3377,2.9802,0.9604
stytr2,000000356968__Cubism__salvador-dali_cubist-composition-portrait-of-a-seated-person-holding-a-letter.jpg,0.5203,0.6144,0.4482,1.9849,0.814
stytr2,000000356968__Early_Renaissance__pietro-perugino_st-jerome-who-attends-two-unfairly-hanged-1473.jpg,0.5737,0.4861,0.5029,2.1384,1.4481
stytr2,000000356968__Expressionism__amedeo-modigliani_germaine-survage-with-earrings-1918.jpg,0.5248,0.5324,0.4581,2.1888,0.858
stytr2,000000356968__High_Renaissance__raphael_madonna-and-child-enthroned-with-saints-1505.jpg,0.4808,0.5445,0.3823,2.4491,2.8518
stytr2,000000356968__Impressionism__pierre-auguste-renoir_leaving-the-bath-1890.jpg,0.535,0.5025,0.443,2.1552,0.8295
stytr2,000000356968__Mannerism_Late_Renaissance__tintoretto_st-mark-rescuing-a-saracen-from-shipwreck-1566.jpg,0.4765,0.4832,0.4457,2.1883,1.6101
stytr2,000000356968__Minimalism__mario-schifano_untitled-1963.jpg,0.1987,0.8818,0.1283,3.1175,1.3545
stytr2,000000356968__Naive_Art_Primitivism__marc-chagall_the-young-samuel-the-priest-s-servant-heard-that-he-is-called-by-god-eli-and-he-were-sleeping.jpg,0.5418,0.5029,0.4097,2.0801,0.762
stytr2,000000356968__Northern_Renaissance__albrecht-durer_lamentation-over-christ-1507.jpg,0.347,0.6222,0.2065,2.6863,2.3987
stytr2,000000356968__Pop_Art__peter-max_composition-red-green-1979.jpg,0.2957,0.5969,0.2342,2.7961,2.1453
stytr2,000000356968__Post_Impressionism__vincent-van-gogh_restaurant-de-la-sirene-at-asnieres-1887.jpg,0.5129,0.5336,0.3474,2.3847,2.1673
stytr2,000000356968__Realism__vincent-van-gogh_cottage-with-peasant-coming-home-1885(1).jpg,0.6554,0.402,0.5606,1.7866,0.5892
stytr2,000000356968__Rococo__dmitry-levitzky_portrait-of-baron-a-n-stroganoff.jpg,0.3613,0.5135,0.3921,2.3741,0.9542
stytr2,000000356968__Romanticism__gustave-dore_paradise-lost-4.jpg,0.4579,0.5666,0.4321,2.3593,1.0529
stytr2,000000356968__Symbolism__nicholas-roerich_language-of-forest-1922.jpg,0.5797,0.5523,0.5066,2.333,1.4182
stytr2,000000356968__Ukiyo_e__kitagawa-utamaro_not_detected_233134.jpg,0.4192,0.55,0.3303,2.5133,2.0727
stytr2,000000376264__Abstract_Expressionism__paul-jenkins_not_detected_235703.jpg,0.5614,0.4083,0.5525,1.7093,1.2862
stytr2,000000376264__Art_Nouveau_Modern__nicholas-roerich_oze-1914.jpg,0.5181,0.4577,0.5746,1.7034,1.1675
stytr2,000000376264__Baroque__rembrandt_portrait-of-nicolas-van-bambeeck-1641.jpg,0.4056,0.504,0.4769,2.1701,1.2151
stytr2,000000376264__Color_Field_Painting__leon-berkowitz_dark-light-rose-gold-1978.jpg,0.2974,0.7814,0.3293,3.0438,1.0279
stytr2,000000376264__Cubism__salvador-dali_cubist-composition-portrait-of-a-seated-person-holding-a-letter.jpg,0.4884,0.61,0.5849,1.5843,0.8575
stytr2,000000376264__Early_Renaissance__pietro-perugino_st-jerome-who-attends-two-unfairly-hanged-1473.jpg,0.5714,0.4211,0.5386,1.7448,1.792
stytr2,000000376264__Expressionism__amedeo-modigliani_germaine-survage-with-earrings-1918.jpg,0.5249,0.528,0.5329,1.7622,1.1752
stytr2,000000376264__High_Renaissance__raphael_madonna-and-child-enthroned-with-saints-1505.jpg,0.5728,0.389,0.5814,1.7047,2.4303
stytr2,000000376264__Impressionism__pierre-auguste-renoir_leaving-the-bath-1890.jpg,0.4652,0.5186,0.4636,1.9785,1.3682
stytr2,000000376264__Mannerism_Late_Renaissance__tintoretto_st-mark-rescuing-a-saracen-from-shipwreck-1566.jpg,0.535,0.4316,0.4643,1.8536,1.7379
stytr2,000000376264__Minimalism__mario-schifano_untitled-1963.jpg,0.226,0.9417,0.2543,3.0309,1.2994
stytr2,000000376264__Naive_Art_Primitivism__marc-chagall_the-young-samuel-the-priest-s-servant-heard-that-he-is-called-by-god-eli-and-he-were-sleeping.jpg,0.3899,0.5462,0.3008,2.2008,0.801
stytr2,000000376264__Northern_Renaissance__albrecht-durer_lamentation-over-christ-1507.jpg,0.3815,0.5095,0.2998,2.0186,2.4323
stytr2,000000376264__Pop_Art__peter-max_composition-red-green-1979.jpg,0.3618,0.4779,0.391,2.1037,1.9739
stytr2,000000376264__Post_Impressionism__vincent-van-gogh_restaurant-de-la-sirene-at-asnieres-1887.jpg,0.4314,0.5242,0.3011,2.0896,2.4075
stytr2,000000376264__Realism__vincent-van-gogh_cottage-with-peasant-coming-home-1885(1).jpg,0.5842,0.3984,0.5948,1.5952,0.965
stytr2,000000376264__Rococo__dmitry-levitzky_portrait-of-baron-a-n-stroganoff.jpg,0.403,0.501,0.504,1.9911,0.9582
stytr2,000000376264__Romanticism__gustave-dore_paradise-lost-4.jpg,0.455,0.5017,0.4112,1.9858,1.3375
stytr2,000000376264__Symbolism__nicholas-roerich_language-of-forest-1922.jpg,0.5379,0.4407,0.5502,1.678,1.7279
stytr2,000000376264__Ukiyo_e__kitagawa-utamaro_not_detected_233134.jpg,0.4442,0.4493,0.4664,1.7255,1.8125
stytr2,000000398905__Abstract_Expressionism__paul-jenkins_not_detected_235703.jpg,0.6754,0.386,0.8225,1.5919,0.9149
stytr2,000000398905__Art_Nouveau_Modern__nicholas-roerich_oze-1914.jpg,0.5235,0.4463,0.5994,1.7802,1.5464
stytr2,000000398905__Baroque__rembrandt_portrait-of-nicolas-van-bambeeck-1641.jpg,0.5215,0.5443,0.6687,1.8943,0.8909
stytr2,000000398905__Color_Field_Painting__leon-berkowitz_dark-light-rose-gold-1978.jpg,0.3943,0.7735,0.3502,2.8444,0.9753
stytr2,000000398905__Cubism__salvador-dali_cubist-composition-portrait-of-a-seated-person-holding-a-letter.jpg,0.5828,0.7019,0.7068,1.6755,0.7724
stytr2,000000398905__Early_Renaissance__pietro-perugino_st-jerome-who-attends-two-unfairly-hanged-1473.jpg,0.4435,0.5122,0.3957,1.8403,1.6304
stytr2,000000398905__Expressionism__amedeo-modigliani_germaine-survage-with-earrings-1918.jpg,0.5223,0.6584,0.4959,1.8726,0.7963
stytr2,000000398905__High_Renaissance__raphael_madonna-and-child-enthroned-with-saints-1505.jpg,0.4455,0.488,0.42,2.0242,2.4507
stytr2,000000398905__Impressionism__pierre-auguste-renoir_leaving-the-bath-1890.jpg,0.4817,0.624,0.4542,2.1498,1.0646
stytr2,000000398905__Mannerism_Late_Renaissance__tintoretto_st-mark-rescuing-a-saracen-from-shipwreck-1566.jpg,0.3874,0.5308,0.3385,2.0995,1.7895
stytr2,000000398905__Minimalism__mario-schifano_untitled-1963.jpg,0.3632,1.0111,0.6407,2.7066,1.217
stytr2,000000398905__Naive_Art_Primitivism__marc-chagall_the-young-samuel-the-priest-s-servant-heard-that-he-is-called-by-god-eli-and-he-were-sleeping.jpg,0.2689,0.6105,0.1839,2.2495,0.8444
stytr2,000000398905__Northern_Renaissance__albrecht-durer_lamentation-over-christ-1507.jpg,0.2577,0.6033,0.1868,2.3094,2.3444
stytr2,000000398905__Pop_Art__peter-max_composition-red-green-1979.jpg,0.4386,0.5275,0.565,2.3755,2.0534
stytr2,000000398905__Post_Impressionism__vincent-van-gogh_restaurant-de-la-sirene-at-asnieres-1887.jpg,0.3071,0.6577,0.1956,2.2734,2.2419
stytr2,000000398905__Realism__vincent-van-gogh_cottage-with-peasant-coming-home-1885(1).jpg,0.4828,0.5179,0.4559,1.7367,0.6573
stytr2,000000398905__Rococo__dmitry-levitzky_portrait-of-baron-a-n-stroganoff.jpg,0.5065,0.5728,0.6612,2.0333,0.558
stytr2,000000398905__Romanticism__gustave-dore_paradise-lost-4.jpg,0.3506,0.5559,0.2669,2.0388,1.0881
stytr2,000000398905__Symbolism__nicholas-roerich_language-of-forest-1922.jpg,0.4211,0.5057,0.3847,1.9601,1.4797
stytr2,000000398905__Ukiyo_e__kitagawa-utamaro_not_detected_233134.jpg,0.3983,0.5964,0.3583,2.0915,2.2036
stytr2,000000417911__Abstract_Expressionism__paul-jenkins_not_detected_235703.jpg,0.4984,0.5786,0.5019,2.2815,1.0307
stytr2,000000417911__Art_Nouveau_Modern__nicholas-roerich_oze-1914.jpg,0.6089,0.5565,0.5123,2.054,1.6126
stytr2,000000417911__Baroque__rembrandt_portrait-of-nicolas-van-bambeeck-1641.jpg,0.4252,0.5161,0.5197,2.1578,0.9147
stytr2,000000417911__Color_Field_Painting__leon-berkowitz_dark-light-rose-gold-1978.jpg,0.4942,0.8348,0.4197,2.666,0.9796
stytr2,000000417911__Cubism__salvador-dali_cubist-composition-portrait-of-a-seated-person-holding-a-letter.jpg,0.6859,0.556,0.6429,1.8143,0.9749
stytr2,000000417911__Early_Renaissance__pietro-perugino_st-jerome-who-attends-two-unfairly-hanged-1473.jpg,0.5321,0.5986,0.4769,2.3565,1.7329
stytr2,000000417911__Expressionism__amedeo-modigliani_germaine-survage-with-earrings-1918.jpg,0.5876,0.6727,0.5551,2.063,0.9835
stytr2,000000417911__High_Renaissance__raphael_madonna-and-child-enthroned-with-saints-1505.jpg,0.4923,0.5972,0.4404,2.5942,3.1858
stytr2,000000417911__Impressionism__pierre-auguste-renoir_leaving-the-bath-1890.jpg,0.6388,0.6506,0.3631,2.2447,1.1165
stytr2,000000417911__Mannerism_Late_Renaissance__tintoretto_st-mark-rescuing-a-saracen-from-shipwreck-1566.jpg,0.3927,0.5807,0.4208,2.2681,2.1775
stytr2,000000417911__Minimalism__mario-schifano_untitled-1963.jpg,0.4498,0.88,0.3198,2.5072,0.7167
stytr2,000000417911__Naive_Art_Primitivism__marc-chagall_the-young-samuel-the-priest-s-servant-heard-that-he-is-called-by-god-eli-and-he-were-sleeping.jpg,0.5245,0.5281,0.2528,1.9053,1.0493
stytr2,000000417911__Northern_Renaissance__albrecht-durer_lamentation-over-christ-1507.jpg,0.3539,0.5923,0.2114,2.5917,3.0559
stytr2,000000417911__Pop_Art__peter-max_composition-red-green-1979.jpg,0.5667,0.5805,0.435,2.5984,2.5014
stytr2,000000417911__Post_Impressionism__vincent-van-gogh_restaurant-de-la-sirene-at-asnieres-1887.jpg,0.4957,0.6211,0.2818,2.1805,2.4992
stytr2,000000417911__Realism__vincent-van-gogh_cottage-with-peasant-coming-home-1885(1).jpg,0.7162,0.3789,0.6107,1.6107,0.8025
stytr2,000000417911__Rococo__dmitry-levitzky_portrait-of-baron-a-n-stroganoff.jpg,0.4048,0.6019,0.5427,2.3707,0.6396
stytr2,000000417911__Romanticism__gustave-dore_paradise-lost-4.jpg,0.393,0.5293,0.3969,2.0011,0.8929
stytr2,000000417911__Symbolism__nicholas-roerich_language-of-forest-1922.jpg,0.5717,0.6299,0.4559,2.5398,1.6173
stytr2,000000417911__Ukiyo_e__kitagawa-utamaro_not_detected_233134.jpg,0.5861,0.6038,0.476,2.3219,2.6314
stytr2,000000427034__Abstract_Expressionism__paul-jenkins_not_detected_235703.jpg,0.6637,0.4431,0.6275,1.7183,1.0866
stytr2,000000427034__Art_Nouveau_Modern__nicholas-roerich_oze-1914.jpg,0.6482,0.4478,0.5792,1.656,1.3519
stytr2,000000427034__Baroque__rembrandt_portrait-of-nicolas-van-bambeeck-1641.jpg,0.5388,0.4913,0.5696,1.9239,1.0486
stytr2,000000427034__Color_Field_Painting__leon-berkowitz_dark-light-rose-gold-1978.jpg,0.4629,0.7115,0.3667,2.6459,0.9266
stytr2,000000427034__Cubism__salvador-dali_cubist-composition-portrait-of-a-seated-person-holding-a-letter.jpg,0.6892,0.6536,0.6883,1.53,0.7611
stytr2,000000427034__Early_Renaissance__pietro-perugino_st-jerome-who-attends-two-unfairly-hanged-1473.jpg,0.6119,0.4025,0.4694,1.6888,1.453
stytr2,000000427034__Expressionism__amedeo-modigliani_germaine-survage-with-earrings-1918.jpg,0.6546,0.5222,0.5276,1.713,0.8749
stytr2,000000427034__High_Renaissance__raphael_madonna-and-child-enthroned-with-saints-1505.jpg,0.6538,0.3857,0.5368,1.5935,2.7173
stytr2,000000427034__Impressionism__pierre-auguste-renoir_leaving-the-bath-1890.jpg,0.6126,0.4918,0.4942,1.892,1.1167
stytr2,000000427034__Mannerism_Late_Renaissance__tintoretto_st-mark-rescuing-a-saracen-from-shipwreck-1566.jpg,0.5244,0.4704,0.384,1.9064,1.8075
stytr2,000000427034__Minimalism__mario-schifano_untitled-1963.jpg,0.4102,0.8655,0.4584,2.4887,1.2096
stytr2,000000427034__Naive_Art_Primitivism__marc-chagall_the-young-samuel-the-priest-s-servant-heard-that-he-is-called-by-god-eli-and-he-were-sleeping.jpg,0.3601,0.6016,0.2259,2.1535,0.8764
stytr2,000000427034__Northern_Renaissance__albrecht-durer_lamentation-over-christ-1507.jpg,0.3149,0.5853,0.1871,2.1802,2.566
stytr2,000000427034__Pop_Art__peter-max_composition-red-green-1979.jpg,0.5021,0.4735,0.5161,2.1745,2.1519
stytr2,000000427034__Post_Impressionism__vincent-van-gogh_restaurant-de-la-sirene-at-asnieres-1887.jpg,0.4127,0.554,0.2258,2.0927,2.2293
stytr2,000000427034__Realism__vincent-van-gogh_cottage-with-peasant-coming-home-1885(1).jpg,0.661,0.4285,0.5381,1.5524,0.8035
stytr2,000000427034__Rococo__dmitry-levitzky_portrait-of-baron-a-n-stroganoff.jpg,0.533,0.4803,0.5977,1.8699,0.7219
stytr2,000000427034__Romanticism__gustave-dore_paradise-lost-4.jpg,0.4716,0.5513,0.3127,1.9362,1.0675
stytr2,000000427034__Symbolism__nicholas-roerich_language-of-forest-1922.jpg,0.5822,0.472,0.4625,1.7477,1.6227
stytr2,000000427034__Ukiyo_e__kitagawa-utamaro_not_detected_233134.jpg,0.5251,0.4698,0.433,1.8843,2.114
stytr2,000000435003__Abstract_Expressionism__paul-jenkins_not_detected_235703.jpg,0.5548,0.4467,0.4388,2.0341,1.1602
stytr2,000000435003__Art_Nouveau_Modern__nicholas-roerich_oze-1914.jpg,0.605,0.4328,0.5093,1.8078,1.4386
stytr2,000000435003__Baroque__rembrandt_portrait-of-nicolas-van-bambeeck-1641.jpg,0.443,0.5173,0.4177,2.2794,1.0894
stytr2,000000435003__Color_Field_Painting__leon-berkowitz_dark-light-rose-gold-1978.jpg,0.3584,0.7916,0.3087,3.0224,0.8892
stytr2,000000435003__Cubism__salvador-dali_cubist-composition-portrait-of-a-seated-person-holding-a-letter.jpg,0.5936,0.6107,0.5136,1.7673,0.7601
stytr2,000000435003__Early_Renaissance__pietro-perugino_st-jerome-who-attends-two-unfairly-hanged-1473.jpg,0.6213,0.4224,0.5206,1.8074,1.6439
stytr2,000000435003__Expressionism__amedeo-modigliani_germaine-survage-with-earrings-1918.jpg,0.5636,0.5865,0.4788,2.1106,0.9394
stytr2,000000435003__High_Renaissance__raphael_madonna-and-child-enthroned-with-saints-1505.jpg,0.7171,0.3453,0.6386,1.5643,3.0998
stytr2,000000435003__Impressionism__pierre-auguste-renoir_leaving-the-bath-1890.jpg,0.5485,0.5457,0.4287,2.2185,1.0782
stytr2,000000435003__Mannerism_Late_Renaissance__tintoretto_st-mark-rescuing-a-saracen-from-shipwreck-1566.jpg,0.5396,0.4491,0.4564,1.989,2.0635
stytr2,000000435003__Minimalism__mario-schifano_untitled-1963.jpg,0.2613,0.9582,0.147,2.8876,1.4046
stytr2,000000435003__Naive_Art_Primitivism__marc-chagall_the-young-samuel-the-priest-s-servant-heard-that-he-is-called-by-god-eli-and-he-were-sleeping.jpg,0.4222,0.5302,0.3152,2.3105,0.8162
stytr2,000000435003__Northern_Renaissance__albrecht-durer_lamentation-over-christ-1507.jpg,0.3815,0.506,0.2718,2.2086,2.4739
stytr2,000000435003__Pop_Art__peter-max_composition-red-green-1979.jpg,0.3834,0.5078,0.3178,2.3295,2.2356
stytr2,000000435003__Post_Impressionism__vincent-van-gogh_restaurant-de-la-sirene-at-asnieres-1887.jpg,0.4637,0.5372,0.3397,2.1905,2.052
stytr2,000000435003__Realism__vincent-van-gogh_cottage-with-peasant-coming-home-1885(1).jpg,0.6461,0.418,0.5466,1.7873,0.759
stytr2,000000435003__Rococo__dmitry-levitzky_portrait-of-baron-a-n-stroganoff.jpg,0.4321,0.5374,0.4387,2.226,0.7478
stytr2,000000435003__Romanticism__gustave-dore_paradise-lost-4.jpg,0.5084,0.4607,0.4155,1.9932,1.1357
stytr2,000000435003__Symbolism__nicholas-roerich_language-of-forest-1922.jpg,0.618,0.4297,0.5369,1.7886,1.646
stytr2,000000435003__Ukiyo_e__kitagawa-utamaro_not_detected_233134.jpg,0.4908,0.4878,0.4562,1.9617,1.8929
stytr2,000000464251__Abstract_Expressionism__paul-jenkins_not_detected_235703.jpg,0.5334,0.7141,0.6536,2.0468,1.0767
stytr2,000000464251__Art_Nouveau_Modern__nicholas-roerich_oze-1914.jpg,0.5917,0.7735,0.6879,1.9797,1.3336
stytr2,000000464251__Baroque__rembrandt_portrait-of-nicolas-van-bambeeck-1641.jpg,0.5362,0.5431,0.6437,2.0781,0.8802
stytr2,000000464251__Color_Field_Painting__leon-berkowitz_dark-light-rose-gold-1978.jpg,0.4173,0.8797,0.4538,2.9591,0.9709
stytr2,000000464251__Cubism__salvador-dali_cubist-composition-portrait-of-a-seated-person-holding-a-letter.jpg,0.5984,0.5643,0.7416,1.5789,0.6857
stytr2,000000464251__Early_Renaissance__pietro-perugino_st-jerome-who-attends-two-unfairly-hanged-1473.jpg,0.5589,0.6139,0.5494,1.9914,1.5661
stytr2,000000464251__Expressionism__amedeo-modigliani_germaine-survage-with-earrings-1918.jpg,0.6457,0.4898,0.6387,1.8387,0.8325
stytr2,000000464251__High_Renaissance__raphael_madonna-and-child-enthroned-with-saints-1505.jpg,0.5345,0.6703,0.56,2.0773,2.4779
stytr2,000000464251__Impressionism__pierre-auguste-renoir_leaving-the-bath-1890.jpg,0.5775,0.5089,0.6052,1.9244,1.0161
stytr2,000000464251__Mannerism_Late_Renaissance__tintoretto_st-mark-rescuing-a-saracen-from-shipwreck-1566.jpg,0.519,0.6389,0.5341,2.09,1.5967
stytr2,000000464251__Minimalism__mario-schifano_untitled-1963.jpg,0.3677,0.6579,0.3255,2.7362,1.216
stytr2,000000464251__Naive_Art_Primitivism__marc-chagall_the-young-samuel-the-priest-s-servant-heard-that-he-is-called-by-god-eli-and-he-were-sleeping.jpg,0.3303,0.8203,0.2728,2.3144,0.7495
stytr2,000000464251__Northern_Renaissance__albrecht-durer_lamentation-over-christ-1507.jpg,0.2842,0.8229,0.2174,2.4071,2.2193
stytr2,000000464251__Pop_Art__peter-max_composition-red-green-1979.jpg,0.3601,0.6429,0.439,2.3835,2.0709
stytr2,000000464251__Post_Impressionism__vincent-van-gogh_restaurant-de-la-sirene-at-asnieres-1887.jpg,0.3714,0.6969,0.2761,2.3708,2.0242
stytr2,000000464251__Realism__vincent-van-gogh_cottage-with-peasant-coming-home-1885(1).jpg,0.5643,0.5544,0.5996,1.773,0.5687
stytr2,000000464251__Rococo__dmitry-levitzky_portrait-of-baron-a-n-stroganoff.jpg,0.5609,0.4834,0.6683,2.0401,0.6995
stytr2,000000464251__Romanticism__gustave-dore_paradise-lost-4.jpg,0.4491,0.7806,0.4378,2.144,0.9543
stytr2,000000464251__Symbolism__nicholas-roerich_language-of-forest-1922.jpg,0.5143,0.7875,0.54,2.1844,1.2747
stytr2,000000464251__Ukiyo_e__kitagawa-utamaro_not_detected_233134.jpg,0.4066,0.623,0.4718,2.0564,2.0163
stytr2,000000464786__Abstract_Expressionism__paul-jenkins_not_detected_235703.jpg,0.6683,0.5275,0.6954,2.2853,1.0725
stytr2,000000464786__Art_Nouveau_Modern__nicholas-roerich_oze-1914.jpg,0.6294,0.5883,0.5575,2.4171,1.7458
stytr2,000000464786__Baroque__rembrandt_portrait-of-nicolas-van-bambeeck-1641.jpg,0.5886,0.5562,0.629,2.4579,1.0441
stytr2,000000464786__Color_Field_Painting__leon-berkowitz_dark-light-rose-gold-1978.jpg,0.5165,0.7891,0.4501,2.9784,0.7006
stytr2,000000464786__Cubism__salvador-dali_cubist-composition-portrait-of-a-seated-person-holding-a-letter.jpg,0.7877,0.6541,0.7463,1.8283,0.7748
stytr2,000000464786__Early_Renaissance__pietro-perugino_st-jerome-who-attends-two-unfairly-hanged-1473.jpg,0.5586,0.5162,0.3838,2.3191,1.7535
stytr2,000000464786__Expressionism__amedeo-modigliani_germaine-survage-with-earrings-1918.jpg,0.6841,0.5632,0.5617,2.0347,0.8185
stytr2,000000464786__High_Renaissance__raphael_madonna-and-child-enthroned-with-saints-1505.jpg,0.4994,0.5824,0.3826,2.7935,3.0575
stytr2,000000464786__Impressionism__pierre-auguste-renoir_leaving-the-bath-1890.jpg,0.7092,0.5103,0.5665,2.0289,1.1394
stytr2,000000464786__Mannerism_Late_Renaissance__tintoretto_st-mark-rescuing-a-saracen-from-shipwreck-1566.jpg,0.4125,0.5874,0.332,2.5914,1.8251
stytr2,000000464786__Minimalism__mario-schifano_untitled-1963.jpg,0.489,0.8765,0.5269,3.0876,1.142
stytr2,000000464786__Naive_Art_Primitivism__marc-chagall_the-young-samuel-the-priest-s-servant-heard-that-he-is-called-by-god-eli-and-he-were-sleeping.jpg,0.3146,0.6752,0.1628,2.6235,0.8443
stytr2,000000464786__Northern_Renaissance__albrecht-durer_lamentation-over-christ-1507.jpg,0.2813,0.7128,0.1648,2.9788,2.5569
stytr2,000000464786__Pop_Art__peter-max_composition-red-green-1979.jpg,0.5172,0.546,0.5257,2.6755,2.0367
stytr2,000000464786__Post_Impressionism__vincent-van-gogh_restaurant-de-la-sirene-at-asnieres-1887.jpg,0.3342,0.7035,0.1619,2.9582,2.2455
stytr2,000000464786__Realism__vincent-van-gogh_cottage-with-peasant-coming-home-1885(1).jpg,0.5964,0.5273,0.4333,2.3591,0.7206
stytr2,000000464786__Rococo__dmitry-levitzky_portrait-of-baron-a-n-stroganoff.jpg,0.5772,0.5339,0.65,2.341,0.6424
stytr2,000000464786__Romanticism__gustave-dore_paradise-lost-4.jpg,0.3918,0.6741,0.2934,2.6098,1.0278
stytr2,000000464786__Symbolism__nicholas-roerich_language-of-forest-1922.jpg,0.5124,0.6452,0.3726,2.6166,1.7118
stytr2,000000464786__Ukiyo_e__kitagawa-utamaro_not_detected_233134.jpg,0.4804,0.5876,0.3667,2.4968,2.2947
stytr2,000000475387__Abstract_Expressionism__paul-jenkins_not_detected_235703.jpg,0.4266,0.5115,0.3205,2.3551,1.3664
stytr2,000000475387__Art_Nouveau_Modern__nicholas-roerich_oze-1914.jpg,0.513,0.4282,0.4716,1.977,1.3258
stytr2,000000475387__Baroque__rembrandt_portrait-of-nicolas-van-bambeeck-1641.jpg,0.3153,0.5792,0.3197,2.4691,1.1764
stytr2,000000475387__Color_Field_Painting__leon-berkowitz_dark-light-rose-gold-1978.jpg,0.2774,0.7739,0.2604,3.1883,0.9508
stytr2,000000475387__Cubism__salvador-dali_cubist-composition-portrait-of-a-seated-person-holding-a-letter.jpg,0.4646,0.7351,0.4175,2.1029,0.8625
stytr2,000000475387__Early_Renaissance__pietro-perugino_st-jerome-who-attends-two-unfairly-hanged-1473.jpg,0.6015,0.4365,0.5325,2.0051,1.9386
stytr2,000000475387__Expressionism__amedeo-modigliani_germaine-survage-with-earrings-1918.jpg,0.475,0.6152,0.4217,2.2714,1.0848
stytr2,000000475387__High_Renaissance__raphael_madonna-and-child-enthroned-with-saints-1505.jpg,0.6574,0.3688,0.5909,1.7385,2.5653
stytr2,000000475387__Impressionism__pierre-auguste-renoir_leaving-the-bath-1890.jpg,0.4589,0.5883,0.3703,2.4875,1.1231
stytr2,000000475387__Mannerism_Late_Renaissance__tintoretto_st-mark-rescuing-a-saracen-from-shipwreck-1566.jpg,0.5039,0.4509,0.447,2.1338,1.8453
stytr2,000000475387__Minimalism__mario-schifano_untitled-1963.jpg,0.1889,1.0421,0.1106,3.1129,1.5536
stytr2,000000475387__Naive_Art_Primitivism__marc-chagall_the-young-samuel-the-priest-s-servant-heard-that-he-is-called-by-god-eli-and-he-were-sleeping.jpg,0.5126,0.5063,0.4033,2.3285,0.8312
stytr2,000000475387__Northern_Renaissance__albrecht-durer_lamentation-over-christ-1507.jpg,0.4968,0.4637,0.355,2.1624,2.5282
stytr2,000000475387__Pop_Art__peter-max_composition-red-green-1979.jpg,0.3377,0.5505,0.2505,2.64,2.1368
stytr2,000000475387__Post_Impressionism__vincent-van-gogh_restaurant-de-la-sirene-at-asnieres-1887.jpg,0.5466,0.5036,0.4233,2.2035,2.1055
stytr2,000000475387__Realism__vincent-van-gogh_cottage-with-peasant-coming-home-1885(1).jpg,0.6484,0.4186,0.5582,1.8104,0.8707
stytr2,000000475387__Rococo__dmitry-levitzky_portrait-of-baron-a-n-stroganoff.jpg,0.3114,0.5933,0.3354,2.4402,0.847
stytr2,000000475387__Romanticism__gustave-dore_paradise-lost-4.jpg,0.4719,0.4719,0.4342,2.1402,1.39
stytr2,000000475387__Symbolism__nicholas-roerich_language-of-forest-1922.jpg,0.5882,0.4297,0.5444,1.9552,1.7206
stytr2,000000475387__Ukiyo_e__kitagawa-utamaro_not_detected_233134.jpg,0.4817,0.4993,0.4156,2.2404,1.7068
stytr2,000000484029__Abstract_Expressionism__paul-jenkins_not_detected_235703.jpg,0.6196,0.4769,0.5485,2.136,1.143
stytr2,000000484029__Art_Nouveau_Modern__nicholas-roerich_oze-1914.jpg,0.6528,0.4233,0.5853,1.6993,1.3951
stytr2,000000484029__Baroque__rembrandt_portrait-of-nicolas-van-bambeeck-1641.jpg,0.5488,0.5887,0.5054,2.3286,1.0328
stytr2,000000484029__Color_Field_Painting__leon-berkowitz_dark-light-rose-gold-1978.jpg,0.4357,0.7956,0.3387,2.925,0.9342
stytr2,000000484029__Cubism__salvador-dali_cubist-composition-portrait-of-a-seated-person-holding-a-letter.jpg,0.6326,0.6446,0.6243,1.7715,0.9925
stytr2,000000484029__Early_Renaissance__pietro-perugino_st-jerome-who-attends-two-unfairly-hanged-1473.jpg,0.6246,0.4353,0.4672,1.7342,1.6441
stytr2,000000484029__Expressionism__amedeo-modigliani_germaine-survage-with-earrings-1918.jpg,0.5785,0.6788,0.477,2.1511,0.925
stytr2,000000484029__High_Renaissance__raphael_madonna-and-child-enthroned-with-saints-1505.jpg,0.6756,0.37,0.5845,1.5697,2.8099
stytr2,000000484029__Impressionism__pierre-auguste-renoir_leaving-the-bath-1890.jpg,0.5354,0.6418,0.4283,2.3186,1.1334
stytr2,000000484029__Mannerism_Late_Renaissance__tintoretto_st-mark-rescuing-a-saracen-from-shipwreck-1566.jpg,0.5393,0.5283,0.4046,2.1684,1.8117
stytr2,000000484029__Minimalism__mario-schifano_untitled-1963.jpg,0.3284,0.9845,0.3877,2.7502,1.3507
stytr2,000000484029__Naive_Art_Primitivism__marc-chagall_the-young-samuel-the-priest-s-servant-heard-that-he-is-called-by-god-eli-and-he-were-sleeping.jpg,0.362,0.5632,0.2657,2.1775,0.8234
stytr2,000000484029__Northern_Renaissance__albrecht-durer_lamentation-over-christ-1507.jpg,0.3326,0.5562,0.2347,2.2222,2.4065
stytr2,000000484029__Pop_Art__peter-max_composition-red-green-1979.jpg,0.405,0.5316,0.485,2.337,2.0329
stytr2,000000484029__Post_Impressionism__vincent-van-gogh_restaurant-de-la-sirene-at-asnieres-1887.jpg,0.417,0.5764,0.2991,2.0997,2.1382
stytr2,000000484029__Realism__vincent-van-gogh_cottage-with-peasant-coming-home-1885(1).jpg,0.6259,0.457,0.5459,1.6976,0.7964
stytr2,000000484029__Rococo__dmitry-levitzky_portrait-of-baron-a-n-stroganoff.jpg,0.5447,0.5953,0.5347,2.2042,0.6712
stytr2,000000484029__Romanticism__gustave-dore_paradise-lost-4.jpg,0.527,0.5214,0.3587,2.0037,1.1765
stytr2,000000484029__Symbolism__nicholas-roerich_language-of-forest-1922.jpg,0.6004,0.4447,0.4741,1.7766,1.55
stytr2,000000484029__Ukiyo_e__kitagawa-utamaro_not_detected_233134.jpg,0.4576,0.551,0.4529,2.0388,2.0046
stytr2,000000485844__Abstract_Expressionism__paul-jenkins_not_detected_235703.jpg,0.6132,0.4745,0.534,2.0909,1.1546
stytr2,000000485844__Art_Nouveau_Modern__nicholas-roerich_oze-1914.jpg,0.6072,0.4204,0.4822,1.9568,1.5072
stytr2,000000485844__Baroque__rembrandt_portrait-of-nicolas-van-bambeeck-1641.jpg,0.5145,0.5667,0.4553,2.0462,0.9803
stytr2,000000485844__Color_Field_Painting__leon-berkowitz_dark-light-rose-gold-1978.jpg,0.3819,0.7506,0.2962,2.902,1.0823
stytr2,000000485844__Cubism__salvador-dali_cubist-composition-portrait-of-a-seated-person-holding-a-letter.jpg,0.6123,0.7527,0.5298,1.6905,1.0009
stytr2,000000485844__Early_Renaissance__pietro-perugino_st-jerome-who-attends-two-unfairly-hanged-1473.jpg,0.6225,0.503,0.486,1.8989,1.8277
stytr2,000000485844__Expressionism__amedeo-modigliani_germaine-survage-with-earrings-1918.jpg,0.5646,0.6813,0.3822,2.1596,1.0066
stytr2,000000485844__High_Renaissance__raphael_madonna-and-child-enthroned-with-saints-1505.jpg,0.6224,0.4436,0.5278,1.9206,2.4266
stytr2,000000485844__Impressionism__pierre-auguste-renoir_leaving-the-bath-1890.jpg,0.53,0.6487,0.366,2.324,1.2997
stytr2,000000485844__Mannerism_Late_Renaissance__tintoretto_st-mark-rescuing-a-saracen-from-shipwreck-1566.jpg,0.5287,0.5116,0.3779,2.1932,1.9917
stytr2,000000485844__Minimalism__mario-schifano_untitled-1963.jpg,0.2776,1.0437,0.328,2.5993,1.089
stytr2,000000485844__Naive_Art_Primitivism__marc-chagall_the-young-samuel-the-priest-s-servant-heard-that-he-is-called-by-god-eli-and-he-were-sleeping.jpg,0.4009,0.5355,0.2273,2.196,0.983
stytr2,000000485844__Northern_Renaissance__albrecht-durer_lamentation-over-christ-1507.jpg,0.3442,0.538,0.2157,2.2032,2.5854
stytr2,000000485844__Pop_Art__peter-max_composition-red-green-1979.jpg,0.371,0.5913,0.3882,2.5655,1.9895
stytr2,000000485844__Post_Impressionism__vincent-van-gogh_restaurant-de-la-sirene-at-asnieres-1887.jpg,0.4604,0.5759,0.2834,1.999,2.2839
stytr2,000000485844__Realism__vincent-van-gogh_cottage-with-peasant-coming-home-1885(1).jpg,0.644,0.4803,0.4801,1.6409,0.8031
stytr2,000000485844__Rococo__dmitry-levitzky_portrait-of-baron-a-n-stroganoff.jpg,0.5041,0.6271,0.4791,2.2417,0.6532
stytr2,000000485844__Romanticism__gustave-dore_paradise-lost-4.jpg,0.5233,0.4788,0.3725,1.8997,1.1219
stytr2,000000485844__Symbolism__nicholas-roerich_language-of-forest-1922.jpg,0.5559,0.4762,0.4345,1.9907,1.6536
stytr2,000000485844__Ukiyo_e__kitagawa-utamaro_not_detected_233134.jpg,0.4174,0.6069,0.3728,2.3363,2.352
stytr2,000000510329__Abstract_Expressionism__paul-jenkins_not_detected_235703.jpg,0.6163,0.4821,0.5839,2.1593,1.0264
stytr2,000000510329__Art_Nouveau_Modern__nicholas-roerich_oze-1914.jpg,0.6465,0.4578,0.6285,1.9148,1.4763
stytr2,000000510329__Baroque__rembrandt_portrait-of-nicolas-van-bambeeck-1641.jpg,0.4958,0.5426,0.5625,2.3118,0.9553
stytr2,000000510329__Color_Field_Painting__leon-berkowitz_dark-light-rose-gold-1978.jpg,0.4222,0.7716,0.4509,2.9984,0.894
stytr2,000000510329__Cubism__salvador-dali_cubist-composition-portrait-of-a-seated-person-holding-a-letter.jpg,0.644,0.6356,0.6784,1.8259,0.7156
stytr2,000000510329__Early_Renaissance__pietro-perugino_st-jerome-who-attends-two-unfairly-hanged-1473.jpg,0.6228,0.4459,0.5391,1.9021,1.4357
stytr2,000000510329__Expressionism__amedeo-modigliani_germaine-survage-with-earrings-1918.jpg,0.6459,0.5907,0.6282,2.0238,0.8229
stytr2,000000510329__High_Renaissance__raphael_madonna-and-child-enthroned-with-saints-1505.jpg,0.6067,0.4456,0.5203,2.0626,2.328
stytr2,000000510329__Impressionism__pierre-auguste-renoir_leaving-the-bath-1890.jpg,0.6112,0.5587,0.5725,2.2201,0.8973
stytr2,000000510329__Mannerism_Late_Renaissance__tintoretto_st-mark-rescuing-a-saracen-from-shipwreck-1566.jpg,0.5423,0.4782,0.4618,2.0556,1.5998
stytr2,000000510329__Minimalism__mario-schifano_untitled-1963.jpg,0.3366,0.9262,0.3375,2.8707,1.3787
stytr2,000000510329__Naive_Art_Primitivism__marc-chagall_the-young-samuel-the-priest-s-servant-heard-that-he-is-called-by-god-eli-and-he-were-sleeping.jpg,0.4942,0.4847,0.3286,2.1113,0.8001
stytr2,000000510329__Northern_Renaissance__albrecht-durer_lamentation-over-christ-1507.jpg,0.3987,0.4942,0.2576,2.2512,2.4484
stytr2,000000510329__Pop_Art__peter-max_composition-red-green-1979.jpg,0.4676,0.5142,0.4733,2.5335,2.0468
stytr2,000000510329__Post_Impressionism__vincent-van-gogh_restaurant-de-la-sirene-at-asnieres-1887.jpg,0.5021,0.5165,0.319,2.1558,1.9969
stytr2,000000510329__Realism__vincent-van-gogh_cottage-with-peasant-coming-home-1885(1).jpg,0.7658,0.3495,0.7001,1.5465,0.6165
stytr2,000000510329__Rococo__dmitry-levitzky_portrait-of-baron-a-n-stroganoff.jpg,0.4856,0.5707,0.58,2.3722,0.7831
stytr2,000000510329__Romanticism__gustave-dore_paradise-lost-4.jpg,0.519,0.5067,0.3853,2.1247,1.0433
stytr2,000000510329__Symbolism__nicholas-roerich_language-of-forest-1922.jpg,0.6161,0.4858,0.5136,2.0523,1.4494
stytr2,000000510329__Ukiyo_e__kitagawa-utamaro_not_detected_233134.jpg,0.5496,0.4829,0.5152,2.1197,2.1021
stytr2,000000520659__Abstract_Expressionism__paul-jenkins_not_detected_235703.jpg,0.5445,0.5231,0.4348,2.3886,1.1993
stytr2,000000520659__Art_Nouveau_Modern__nicholas-roerich_oze-1914.jpg,0.6154,0.4969,0.6174,1.9916,1.2481
stytr2,000000520659__Baroque__rembrandt_portrait-of-nicolas-van-bambeeck-1641.jpg,0.4741,0.5412,0.4368,2.5672,1.0653
stytr2,000000520659__Color_Field_Painting__leon-berkowitz_dark-light-rose-gold-1978.jpg,0.326,0.9149,0.3232,3.2158,0.903
stytr2,000000520659__Cubism__salvador-dali_cubist-composition-portrait-of-a-seated-person-holding-a-letter.jpg,0.5409,0.5367,0.5272,2.0265,0.7861
stytr2,000000520659__Early_Renaissance__pietro-perugino_st-jerome-who-attends-two-unfairly-hanged-1473.jpg,0.6076,0.5058,0.5401,2.1565,1.7404
stytr2,000000520659__Expressionism__amedeo-modigliani_germaine-survage-with-earrings-1918.jpg,0.5401,0.6804,0.4933,2.3565,0.9169
stytr2,000000520659__High_Renaissance__raphael_madonna-and-child-enthroned-with-saints-1505.jpg,0.6929,0.4037,0.6394,1.9051,2.8026
stytr2,000000520659__Impressionism__pierre-auguste-renoir_leaving-the-bath-1890.jpg,0.484,0.6342,0.4309,2.4734,0.9755
stytr2,000000520659__Mannerism_Late_Renaissance__tintoretto_st-mark-rescuing-a-saracen-from-shipwreck-1566.jpg,0.6303,0.5042,0.5554,2.1562,1.7328
stytr2,000000520659__Minimalism__mario-schifano_untitled-1963.jpg,0.2247,0.9449,0.2054,3.2007,1.3889
stytr2,000000520659__Naive_Art_Primitivism__marc-chagall_the-young-samuel-the-priest-s-servant-heard-that-he-is-called-by-god-eli-and-he-were-sleeping.jpg,0.4065,0.5884,0.3133,2.4554,0.756
stytr2,000000520659__Northern_Renaissance__albrecht-durer_lamentation-over-christ-1507.jpg,0.4023,0.5512,0.2826,2.4169,2.5881
stytr2,000000520659__Pop_Art__peter-max_composition-red-green-1979.jpg,0.2954,0.5627,0.2999,2.7362,2.0247
stytr2,000000520659__Post_Impressionism__vincent-van-gogh_restaurant-de-la-sirene-at-asnieres-1887.jpg,0.4426,0.6183,0.3199,2.4456,2.0424
stytr2,000000520659__Realism__vincent-van-gogh_cottage-with-peasant-coming-home-1885(1).jpg,0.6375,0.4052,0.5948,1.9006,0.6582
stytr2,000000520659__Rococo__dmitry-levitzky_portrait-of-baron-a-n-stroganoff.jpg,0.4646,0.5403,0.4526,2.4565,0.7799
stytr2,000000520659__Romanticism__gustave-dore_paradise-lost-4.jpg,0.5684,0.5272,0.4693,2.3166,1.0332
stytr2,000000520659__Symbolism__nicholas-roerich_language-of-forest-1922.jpg,0.5904,0.5146,0.5571,2.161,1.3985
stytr2,000000520659__Ukiyo_e__kitagawa-utamaro_not_detected_233134.jpg,0.3942,0.5957,0.3726,2.4052,2.1739
stytr2,000000529105__Abstract_Expressionism__paul-jenkins_not_detected_235703.jpg,0.2768,0.716,0.1967,2.8833,1.2261
stytr2,000000529105__Art_Nouveau_Modern__nicholas-roerich_oze-1914.jpg,0.4315,0.7259,0.3411,2.5483,1.4976
stytr2,000000529105__Baroque__rembrandt_portrait-of-nicolas-van-bambeeck-1641.jpg,0.2801,0.6342,0.2296,2.7963,1.3537
stytr2,000000529105__Color_Field_Painting__leon-berkowitz_dark-light-rose-gold-1978.jpg,0.2515,1.0309,0.2563,3.038,0.7039
stytr2,000000529105__Cubism__salvador-dali_cubist-composition-portrait-of-a-seated-person-holding-a-letter.jpg,0.3906,0.5321,0.2709,2.284,0.9321
stytr2,000000529105__Early_Renaissance__pietro-perugino_st-jerome-who-attends-two-unfairly-hanged-1473.jpg,0.3904,0.7072,0.324,2.8229,1.6322
stytr2,000000529105__Expressionism__amedeo-modigliani_germaine-survage-with-earrings-1918.jpg,0.3805,0.7717,0.3229,2.6993,0.8884
stytr2,000000529105__High_Renaissance__raphael_madonna-and-child-enthroned-with-saints-1505.jpg,0.3464,0.7107,0.2554,2.9192,2.8636
stytr2,000000529105__Impressionism__pierre-auguste-renoir_leaving-the-bath-1890.jpg,0.3868,0.7364,0.2971,2.7221,0.8761
stytr2,000000529105__Mannerism_Late_Renaissance__tintoretto_st-mark-rescuing-a-saracen-from-shipwreck-1566.jpg,0.3748,0.6707,0.3192,2.7678,1.5991
stytr2,000000529105__Minimalism__mario-schifano_untitled-1963.jpg,0.1384,0.9078,0.0808,3.1238,1.2646
stytr2,000000529105__Naive_Art_Primitivism__marc-chagall_the-young-samuel-the-priest-s-servant-heard-that-he-is-called-by-god-eli-and-he-were-sleeping.jpg,0.4698,0.6175,0.3738,2.3057,0.8485
stytr2,000000529105__Northern_Renaissance__albrecht-durer_lamentation-over-christ-1507.jpg,0.3035,0.7031,0.2107,2.9578,2.386
stytr2,000000529105__Pop_Art__peter-max_composition-red-green-1979.jpg,0.1914,0.7228,0.1131,3.1241,2.0675
stytr2,000000529105__Post_Impressionism__vincent-van-gogh_restaurant-de-la-sirene-at-asnieres-1887.jpg,0.4216,0.7245,0.2796,2.7592,2.1808
stytr2,000000529105__Realism__vincent-van-gogh_cottage-with-peasant-coming-home-1885(1).jpg,0.5123,0.5066,0.3953,2.1743,0.5933
stytr2,000000529105__Rococo__dmitry-levitzky_portrait-of-baron-a-n-stroganoff.jpg,0.2702,0.6775,0.2365,2.8414,1.2173
stytr2,000000529105__Romanticism__gustave-dore_paradise-lost-4.jpg,0.3777,0.6623,0.3298,2.6183,1.0944
stytr2,000000529105__Symbolism__nicholas-roerich_language-of-forest-1922.jpg,0.4182,0.7588,0.3349,2.8677,1.5603
stytr2,000000529105__Ukiyo_e__kitagawa-utamaro_not_detected_233134.jpg,0.3096,0.7452,0.2223,2.8888,2.0819
stytr2,000000529966__Abstract_Expressionism__paul-jenkins_not_detected_235703.jpg,0.506,0.5283,0.6522,1.7437,1.3947
stytr2,000000529966__Art_Nouveau_Modern__nicholas-roerich_oze-1914.jpg,0.5113,0.5886,0.4901,2.0046,1.4723
stytr2,000000529966__Baroque__rembrandt_portrait-of-nicolas-van-bambeeck-1641.jpg,0.3888,0.6254,0.5076,2.1429,1.0894
stytr2,000000529966__Color_Field_Painting__leon-berkowitz_dark-light-rose-gold-1978.jpg,0.4785,0.7341,0.3425,2.9182,0.7247
stytr2,000000529966__Cubism__salvador-dali_cubist-composition-portrait-of-a-seated-person-holding-a-letter.jpg,0.6395,0.7328,0.6305,1.5348,0.9056
stytr2,000000529966__Early_Renaissance__pietro-perugino_st-jerome-who-attends-two-unfairly-hanged-1473.jpg,0.4672,0.5604,0.348,2.1239,1.6993
stytr2,000000529966__Expressionism__amedeo-modigliani_germaine-survage-with-earrings-1918.jpg,0.5459,0.6148,0.4475,1.8639,1.1292
stytr2,000000529966__High_Renaissance__raphael_madonna-and-child-enthroned-with-saints-1505.jpg,0.4787,0.5849,0.4073,2.2281,2.8384
stytr2,000000529966__Impressionism__pierre-auguste-renoir_leaving-the-bath-1890.jpg,0.5973,0.5662,0.4488,1.9399,1.2566
stytr2,000000529966__Mannerism_Late_Renaissance__tintoretto_st-mark-rescuing-a-saracen-from-shipwreck-1566.jpg,0.3316,0.6074,0.296,2.2349,1.8307
stytr2,000000529966__Minimalism__mario-schifano_untitled-1963.jpg,0.5368,0.9254,0.5423,2.6423,1.2872
stytr2,000000529966__Naive_Art_Primitivism__marc-chagall_the-young-samuel-the-priest-s-servant-heard-that-he-is-called-by-god-eli-and-he-were-sleeping.jpg,0.355,0.6868,0.2011,2.4767,0.8164
stytr2,000000529966__Northern_Renaissance__albrecht-durer_lamentation-over-christ-1507.jpg,0.3067,0.6686,0.2149,2.5984,2.7361
stytr2,000000529966__Pop_Art__peter-max_composition-red-green-1979.jpg,0.7323,0.3812,0.7229,1.7498,2.4693
stytr2,000000529966__Post_Impressionism__vincent-van-gogh_restaurant-de-la-sirene-at-asnieres-1887.jpg,0.3577,0.6928,0.1997,2.6353,2.2202
stytr2,000000529966__Realism__vincent-van-gogh_cottage-with-peasant-coming-home-1885(1).jpg,0.5267,0.5598,0.3913,1.986,0.8496
stytr2,000000529966__Rococo__dmitry-levitzky_portrait-of-baron-a-n-stroganoff.jpg,0.3994,0.6121,0.5276,2.0356,0.8671
stytr2,000000529966__Romanticism__gustave-dore_paradise-lost-4.jpg,0.2983,0.6836,0.2648,2.1977,1.1425
stytr2,000000529966__Symbolism__nicholas-roerich_language-of-forest-1922.jpg,0.4808,0.6278,0.348,2.2603,1.5939
stytr2,000000529966__Ukiyo_e__kitagawa-utamaro_not_detected_233134.jpg,0.5892,0.5252,0.4466,1.8039,2.4345
stytr2,000000546475__Abstract_Expressionism__paul-jenkins_not_detected_235703.jpg,0.6764,0.5453,0.7295,1.9344,1.109
stytr2,000000546475__Art_Nouveau_Modern__nicholas-roerich_oze-1914.jpg,0.7068,0.534,0.6829,1.724,1.2992
stytr2,000000546475__Baroque__rembrandt_portrait-of-nicolas-van-bambeeck-1641.jpg,0.6295,0.4207,0.6745,1.8315,1.088
stytr2,000000546475__Color_Field_Painting__leon-berkowitz_dark-light-rose-gold-1978.jpg,0.479,0.7559,0.4028,2.8362,0.9154
stytr2,000000546475__Cubism__salvador-dali_cubist-composition-portrait-of-a-seated-person-holding-a-letter.jpg,0.742,0.5526,0.7713,1.5446,0.7454
stytr2,000000546475__Early_Renaissance__pietro-perugino_st-jerome-who-attends-two-unfairly-hanged-1473.jpg,0.5409,0.5375,0.3936,2.06,1.423
stytr2,000000546475__Expressionism__amedeo-modigliani_germaine-survage-with-earrings-1918.jpg,0.6563,0.4764,0.5321,1.8052,0.8293
stytr2,000000546475__High_Renaissance__raphael_madonna-and-child-enthroned-with-saints-1505.jpg,0.5907,0.5011,0.4876,1.9037,2.7703
stytr2,000000546475__Impressionism__pierre-auguste-renoir_leaving-the-bath-1890.jpg,0.6397,0.4596,0.5248,1.8226,1.0015
stytr2,000000546475__Mannerism_Late_Renaissance__tintoretto_st-mark-rescuing-a-saracen-from-shipwreck-1566.jpg,0.5147,0.5295,0.3812,2.0611,1.6397
stytr2,000000546475__Minimalism__mario-schifano_untitled-1963.jpg,0.4185,0.7662,0.4471,2.5715,1.0833
stytr2,000000546475__Naive_Art_Primitivism__marc-chagall_the-young-samuel-the-priest-s-servant-heard-that-he-is-called-by-god-eli-and-he-were-sleeping.jpg,0.3307,0.6801,0.2015,2.3537,0.7606
stytr2,000000546475__Northern_Renaissance__albrecht-durer_lamentation-over-christ-1507.jpg,0.2867,0.7026,0.1732,2.3741,2.2343
stytr2,000000546475__Pop_Art__peter-max_composition-red-green-1979.jpg,0.4323,0.5292,0.5125,2.4105,2.0641
stytr2,000000546475__Post_Impressionism__vincent-van-gogh_restaurant-de-la-sirene-at-asnieres-1887.jpg,0.3604,0.6244,0.2109,2.4176,2.106
stytr2,000000546475__Realism__vincent-van-gogh_cottage-with-peasant-coming-home-1885(1).jpg,0.6133,0.4942,0.4724,1.8844,0.6027
stytr2,000000546475__Rococo__dmitry-levitzky_portrait-of-baron-a-n-stroganoff.jpg,0.6188,0.3825,0.7065,1.7952,0.7182
stytr2,000000546475__Romanticism__gustave-dore_paradise-lost-4.jpg,0.4627,0.6441,0.2931,2.1041,1.0463
stytr2,000000546475__Symbolism__nicholas-roerich_language-of-forest-1922.jpg,0.5412,0.5855,0.4106,2.0652,1.6222
stytr2,000000546475__Ukiyo_e__kitagawa-utamaro_not_detected_233134.jpg,0.4573,0.5096,0.4136,1.9698,2.0889
stytr2,000000560178__Abstract_Expressionism__paul-jenkins_not_detected_235703.jpg,0.6648,0.5274,0.6967,2.1683,0.9571
stytr2,000000560178__Art_Nouveau_Modern__nicholas-roerich_oze-1914.jpg,0.6362,0.5771,0.4969,2.0895,1.7747
stytr2,000000560178__Baroque__rembrandt_portrait-of-nicolas-van-bambeeck-1641.jpg,0.6225,0.5747,0.6958,2.1805,0.9355
stytr2,000000560178__Color_Field_Painting__leon-berkowitz_dark-light-rose-gold-1978.jpg,0.5405,0.8726,0.3969,2.7599,0.7836
stytr2,000000560178__Cubism__salvador-dali_cubist-composition-portrait-of-a-seated-person-holding-a-letter.jpg,0.7761,0.568,0.7319,1.7031,0.8526
stytr2,000000560178__Early_Renaissance__pietro-perugino_st-jerome-who-attends-two-unfairly-hanged-1473.jpg,0.4253,0.6262,0.2733,2.2699,1.5227
stytr2,000000560178__Expressionism__amedeo-modigliani_germaine-survage-with-earrings-1918.jpg,0.6122,0.7077,0.4453,2.0002,0.8322
stytr2,000000560178__High_Renaissance__raphael_madonna-and-child-enthroned-with-saints-1505.jpg,0.4322,0.6512,0.3023,2.5503,2.8638
stytr2,000000560178__Impressionism__pierre-auguste-renoir_leaving-the-bath-1890.jpg,0.6535,0.5939,0.4818,1.9147,1.0298
stytr2,000000560178__Mannerism_Late_Renaissance__tintoretto_st-mark-rescuing-a-saracen-from-shipwreck-1566.jpg,0.3586,0.667,0.2772,2.3994,1.6146
stytr2,000000560178__Minimalism__mario-schifano_untitled-1963.jpg,0.5005,1.0088,0.6322,2.879,1.1207
stytr2,000000560178__Naive_Art_Primitivism__marc-chagall_the-young-samuel-the-priest-s-servant-heard-that-he-is-called-by-god-eli-and-he-were-sleeping.jpg,0.2656,0.7155,0.1132,2.4097,0.8487
stytr2,000000560178__Northern_Renaissance__albrecht-durer_lamentation-over-christ-1507.jpg,0.2198,0.7682,0.1186,2.9042,2.4466
stytr2,000000560178__Pop_Art__peter-max_composition-red-green-1979.jpg,0.5264,0.6084,0.5715,2.7517,1.8437
stytr2,000000560178__Post_Impressionism__vincent-van-gogh_restaurant-de-la-sirene-at-asnieres-1887.jpg,0.2854,0.7896,0.136,2.6881,2.126
stytr2,000000560178__Realism__vincent-van-gogh_cottage-with-peasant-coming-home-1885(1).jpg,0.536,0.5982,0.3569,2.1678,0.6637
stytr2,000000560178__Rococo__dmitry-levitzky_portrait-of-baron-a-n-stroganoff.jpg,0.6109,0.5878,0.6722,2.0502,0.5948
stytr2,000000560178__Romanticism__gustave-dore_paradise-lost-4.jpg,0.3436,0.7143,0.2338,2.4365,1.081
stytr2,000000560178__Symbolism__nicholas-roerich_language-of-forest-1922.jpg,0.4552,0.6509,0.2487,2.5024,1.4986
stytr2,000000560178__Ukiyo_e__kitagawa-utamaro_not_detected_233134.jpg,0.4321,0.7153,0.3407,2.5057,2.3862
stytr2,000000572517__Abstract_Expressionism__paul-jenkins_not_detected_235703.jpg,0.5507,0.521,0.3774,2.358,1.1036
stytr2,000000572517__Art_Nouveau_Modern__nicholas-roerich_oze-1914.jpg,0.6767,0.4816,0.553,1.9249,1.6198
stytr2,000000572517__Baroque__rembrandt_portrait-of-nicolas-van-bambeeck-1641.jpg,0.5168,0.4619,0.4603,2.2101,0.9384
stytr2,000000572517__Color_Field_Painting__leon-berkowitz_dark-light-rose-gold-1978.jpg,0.4098,0.8339,0.3707,2.9781,0.973
stytr2,000000572517__Cubism__salvador-dali_cubist-composition-portrait-of-a-seated-person-holding-a-letter.jpg,0.6317,0.5052,0.5215,1.7346,0.8104
stytr2,000000572517__Early_Renaissance__pietro-perugino_st-jerome-who-attends-two-unfairly-hanged-1473.jpg,0.5971,0.5119,0.5106,2.0637,1.6026
stytr2,000000572517__Expressionism__amedeo-modigliani_germaine-survage-with-earrings-1918.jpg,0.6288,0.5792,0.5369,2.0309,0.8561
stytr2,000000572517__High_Renaissance__raphael_madonna-and-child-enthroned-with-saints-1505.jpg,0.5663,0.5068,0.4455,2.3369,2.7824
stytr2,000000572517__Impressionism__pierre-auguste-renoir_leaving-the-bath-1890.jpg,0.593,0.5537,0.4788,2.1213,0.9376
stytr2,000000572517__Mannerism_Late_Renaissance__tintoretto_st-mark-rescuing-a-saracen-from-shipwreck-1566.jpg,0.5972,0.4483,0.5076,1.9982,1.5745
stytr2,000000572517__Minimalism__mario-schifano_untitled-1963.jpg,0.2562,0.8881,0.1365,2.9999,1.3902
stytr2,000000572517__Naive_Art_Primitivism__marc-chagall_the-young-samuel-the-priest-s-servant-heard-that-he-is-called-by-god-eli-and-he-were-sleeping.jpg,0.476,0.4531,0.3669,1.9956,0.7696
stytr2,000000572517__Northern_Renaissance__albrecht-durer_lamentation-over-christ-1507.jpg,0.3501,0.5181,0.2379,2.399,2.2878
stytr2,000000572517__Pop_Art__peter-max_composition-red-green-1979.jpg,0.3194,0.5952,0.2476,2.806,1.8306
stytr2,000000572517__Post_Impressionism__vincent-van-gogh_restaurant-de-la-sirene-at-asnieres-1887.jpg,0.4694,0.5228,0.317,2.2216,1.9755
stytr2,000000572517__Realism__vincent-van-gogh_cottage-with-peasant-coming-home-1885(1).jpg,0.7228,0.3254,0.6224,1.5685,0.6004
stytr2,000000572517__Rococo__dmitry-levitzky_portrait-of-baron-a-n-stroganoff.jpg,0.5091,0.5262,0.4959,2.2926,0.8193
stytr2,000000572517__Romanticism__gustave-dore_paradise-lost-4.jpg,0.5901,0.4315,0.4951,1.8805,0.9383
stytr2,000000572517__Symbolism__nicholas-roerich_language-of-forest-1922.jpg,0.6068,0.5454,0.5048,2.2368,1.4361
stytr2,000000572517__Ukiyo_e__kitagawa-utamaro_not_detected_233134.jpg,0.4365,0.5543,0.3742,2.3164,2.1061
