method,content,style,ocr_sim,n_gt
stytr2,84,chinese_landscape__130942,0.25,4
adain,84,chinese_landscape__130942,0.0,4
sanet,84,chinese_landscape__130942,0.1111,4
cast,84,chinese_landscape__130942,0.1389,4
stytr2,84,chinese_landscape__132834,0.1944,4
adain,84,chinese_landscape__132834,0.0,4
sanet,84,chinese_landscape__132834,0.0,4
cast,84,chinese_landscape__132834,0.1667,4
stytr2,84,chinese_landscape__132836,0.2222,4
adain,84,chinese_landscape__132836,0.0,4
sanet,84,chinese_landscape__132836,0.0,4
cast,84,chinese_landscape__132836,0.1389,4
stytr2,84,chinese_landscape__132840,0.1111,4
adain,84,chinese_landscape__132840,0.0,4
sanet,84,chinese_landscape__132840,0.0,4
cast,84,chinese_landscape__132840,0.1389,4
stytr2,84,chinese_landscape__132930,0.1389,4
adain,84,chinese_landscape__132930,0.0,4
sanet,84,chinese_landscape__132930,0.0,4
cast,84,chinese_landscape__132930,0.1667,4
stytr2,84,chinese_landscape__137205,0.1667,4
adain,84,chinese_landscape__137205,0.0,4
sanet,84,chinese_landscape__137205,0.0,4
cast,84,chinese_landscape__137205,0.1667,4
stytr2,84,chinese_landscape__142574,0.1944,4
adain,84,chinese_landscape__142574,0.0,4
sanet,84,chinese_landscape__142574,0.0,4
cast,84,chinese_landscape__142574,0.1944,4
stytr2,84,chinese_landscape__142578,0.1667,4
adain,84,chinese_landscape__142578,0.0,4
sanet,84,chinese_landscape__142578,0.0,4
cast,84,chinese_landscape__142578,0.1111,4
stytr2,84,chinese_landscape__144829,0.2222,4
adain,84,chinese_landscape__144829,0.0,4
sanet,84,chinese_landscape__144829,0.1389,4
cast,84,chinese_landscape__144829,0.1111,4
stytr2,84,chinese_landscape__148342,0.25,4
adain,84,chinese_landscape__148342,0.0,4
sanet,84,chinese_landscape__148342,0.0913,4
cast,84,chinese_landscape__148342,0.0,4
stytr2,84,mural__img_1082crop_1_0,0.2222,4
adain,84,mural__img_1082crop_1_0,0.0,4
sanet,84,mural__img_1082crop_1_0,0.0,4
cast,84,mural__img_1082crop_1_0,0.1667,4
stytr2,84,mural__img_1224crop_0_0,0.1468,4
adain,84,mural__img_1224crop_0_0,0.0,4
sanet,84,mural__img_1224crop_0_0,0.0,4
cast,84,mural__img_1224crop_0_0,0.1111,4
stytr2,84,mural__img_1224crop_1_1,0.0,4
adain,84,mural__img_1224crop_1_1,0.0,4
sanet,84,mural__img_1224crop_1_1,0.0,4
cast,84,mural__img_1224crop_1_1,0.1111,4
stytr2,84,mural__img_16crop_0_0,0.0,4
adain,84,mural__img_16crop_0_0,0.0,4
sanet,84,mural__img_16crop_0_0,0.0,4
cast,84,mural__img_16crop_0_0,0.1111,4
stytr2,84,mural__img_276crop_1_0,0.0,4
adain,84,mural__img_276crop_1_0,0.0,4
sanet,84,mural__img_276crop_1_0,0.0,4
cast,84,mural__img_276crop_1_0,0.0833,4
stytr2,84,mural__img_326crop_1_1,0.0,4
adain,84,mural__img_326crop_1_1,0.0,4
sanet,84,mural__img_326crop_1_1,0.0,4
cast,84,mural__img_326crop_1_1,0.1667,4
stytr2,84,mural__img_327crop_0_1,0.0,4
adain,84,mural__img_327crop_0_1,0.0,4
sanet,84,mural__img_327crop_0_1,0.0,4
cast,84,mural__img_327crop_0_1,0.1111,4
stytr2,84,mural__img_536crop_1_0,0.0,4
adain,84,mural__img_536crop_1_0,0.0,4
sanet,84,mural__img_536crop_1_0,0.0,4
cast,84,mural__img_536crop_1_0,0.1667,4
stytr2,84,mural__img_593crop_0_0,0.1111,4
adain,84,mural__img_593crop_0_0,0.0,4
sanet,84,mural__img_593crop_0_0,0.0,4
cast,84,mural__img_593crop_0_0,0.0,4
stytr2,84,mural__img_739crop_1_1,0.0,4
adain,84,mural__img_739crop_1_1,0.0,4
sanet,84,mural__img_739crop_1_1,0.0,4
cast,84,mural__img_739crop_1_1,0.1389,4
stytr2,84,western_painting__met_359775,0.0,4
adain,84,western_painting__met_359775,0.0,4
sanet,84,western_painting__met_359775,0.1389,4
cast,84,western_painting__met_359775,0.1389,4
stytr2,84,western_painting__met_383787,0.0833,4
adain,84,western_painting__met_383787,0.0,4
sanet,84,western_painting__met_383787,0.0,4
cast,84,western_painting__met_383787,0.1389,4
stytr2,84,western_painting__met_406721,0.1389,4
adain,84,western_painting__met_406721,0.0,4
sanet,84,western_painting__met_406721,0.0,4
cast,84,western_painting__met_406721,0.1944,4
stytr2,84,western_painting__met_437769,0.1667,4
adain,84,western_painting__met_437769,0.0,4
sanet,84,western_painting__met_437769,0.0,4
cast,84,western_painting__met_437769,0.119,4
stytr2,84,western_painting__met_437967,0.2222,4
adain,84,western_painting__met_437967,0.0,4
sanet,84,western_painting__met_437967,0.0,4
cast,84,western_painting__met_437967,0.1389,4
stytr2,84,western_painting__met_439405,0.0,4
adain,84,western_painting__met_439405,0.0,4
sanet,84,western_painting__met_439405,0.0,4
cast,84,western_painting__met_439405,0.2222,4
stytr2,84,western_painting__met_649693,0.1667,4
adain,84,western_painting__met_649693,0.0,4
sanet,84,western_painting__met_649693,0.0,4
cast,84,western_painting__met_649693,0.1111,4
stytr2,84,western_painting__met_739494,0.0,4
adain,84,western_painting__met_739494,0.0,4
sanet,84,western_painting__met_739494,0.0,4
cast,84,western_painting__met_739494,0.0,4
stytr2,84,western_painting__met_787672,0.0,4
adain,84,western_painting__met_787672,0.0,4
sanet,84,western_painting__met_787672,0.0,4
cast,84,western_painting__met_787672,0.1111,4
stytr2,84,western_painting__met_788182,0.0,4
adain,84,western_painting__met_788182,0.0,4
sanet,84,western_painting__met_788182,0.0,4
cast,84,western_painting__met_788182,0.1111,4
stytr2,129,chinese_landscape__130942,0.2857,6
adain,129,chinese_landscape__130942,0.1429,6
sanet,129,chinese_landscape__130942,0.1458,6
cast,129,chinese_landscape__130942,0.1458,6
stytr2,129,chinese_landscape__132834,0.1667,6
adain,129,chinese_landscape__132834,0.1667,6
sanet,129,chinese_landscape__132834,0.1429,6
cast,129,chinese_landscape__132834,0.2143,6
stytr2,129,chinese_landscape__132836,0.2619,6
adain,129,chinese_landscape__132836,0.1429,6
sanet,129,chinese_landscape__132836,0.1458,6
cast,129,chinese_landscape__132836,0.1667,6
stytr2,129,chinese_landscape__132840,0.2857,6
adain,129,chinese_landscape__132840,0.0952,6
sanet,129,chinese_landscape__132840,0.1429,6
cast,129,chinese_landscape__132840,0.2411,6
stytr2,129,chinese_landscape__132930,0.2381,6
adain,129,chinese_landscape__132930,0.119,6
sanet,129,chinese_landscape__132930,0.1429,6
cast,129,chinese_landscape__132930,0.1429,6
stytr2,129,chinese_landscape__137205,0.1429,6
adain,129,chinese_landscape__137205,0.1667,6
sanet,129,chinese_landscape__137205,0.1458,6
cast,129,chinese_landscape__137205,0.2381,6
stytr2,129,chinese_landscape__142574,0.2619,6
adain,129,chinese_landscape__142574,0.0,6
sanet,129,chinese_landscape__142574,0.119,6
cast,129,chinese_landscape__142574,0.1429,6
stytr2,129,chinese_landscape__142578,0.2143,6
adain,129,chinese_landscape__142578,0.119,6
sanet,129,chinese_landscape__142578,0.1429,6
cast,129,chinese_landscape__142578,0.119,6
stytr2,129,chinese_landscape__144829,0.2381,6
adain,129,chinese_landscape__144829,0.119,6
sanet,129,chinese_landscape__144829,0.119,6
cast,129,chinese_landscape__144829,0.2143,6
stytr2,129,chinese_landscape__148342,0.2143,6
adain,129,chinese_landscape__148342,0.0,6
sanet,129,chinese_landscape__148342,0.1667,6
cast,129,chinese_landscape__148342,0.119,6
stytr2,129,mural__img_1082crop_1_0,0.1429,6
adain,129,mural__img_1082crop_1_0,0.1429,6
sanet,129,mural__img_1082crop_1_0,0.1458,6
cast,129,mural__img_1082crop_1_0,0.2381,6
stytr2,129,mural__img_1224crop_0_0,0.2143,6
adain,129,mural__img_1224crop_0_0,0.0,6
sanet,129,mural__img_1224crop_0_0,0.1667,6
cast,129,mural__img_1224crop_0_0,0.1905,6
stytr2,129,mural__img_1224crop_1_1,0.1667,6
adain,129,mural__img_1224crop_1_1,0.0,6
sanet,129,mural__img_1224crop_1_1,0.1429,6
cast,129,mural__img_1224crop_1_1,0.2857,6
stytr2,129,mural__img_16crop_0_0,0.1458,6
adain,129,mural__img_16crop_0_0,0.0,6
sanet,129,mural__img_16crop_0_0,0.1458,6
cast,129,mural__img_16crop_0_0,0.1667,6
stytr2,129,mural__img_276crop_1_0,0.1667,6
adain,129,mural__img_276crop_1_0,0.0,6
sanet,129,mural__img_276crop_1_0,0.1429,6
cast,129,mural__img_276crop_1_0,0.0952,6
stytr2,129,mural__img_326crop_1_1,0.1667,6
adain,129,mural__img_326crop_1_1,0.0,6
sanet,129,mural__img_326crop_1_1,0.1667,6
cast,129,mural__img_326crop_1_1,0.1429,6
stytr2,129,mural__img_327crop_0_1,0.1667,6
adain,129,mural__img_327crop_0_1,0.0952,6
sanet,129,mural__img_327crop_0_1,0.1458,6
cast,129,mural__img_327crop_0_1,0.2381,6
stytr2,129,mural__img_536crop_1_0,0.1458,6
adain,129,mural__img_536crop_1_0,0.1429,6
sanet,129,mural__img_536crop_1_0,0.1667,6
cast,129,mural__img_536crop_1_0,0.2381,6
stytr2,129,mural__img_593crop_0_0,0.1429,6
adain,129,mural__img_593crop_0_0,0.0,6
sanet,129,mural__img_593crop_0_0,0.1667,6
cast,129,mural__img_593crop_0_0,0.2173,6
stytr2,129,mural__img_739crop_1_1,0.1429,6
adain,129,mural__img_739crop_1_1,0.0,6
sanet,129,mural__img_739crop_1_1,0.1429,6
cast,129,mural__img_739crop_1_1,0.119,6
stytr2,129,western_painting__met_359775,0.1429,6
adain,129,western_painting__met_359775,0.0,6
sanet,129,western_painting__met_359775,0.0952,6
cast,129,western_painting__met_359775,0.2381,6
stytr2,129,western_painting__met_383787,0.0952,6
adain,129,western_painting__met_383787,0.0714,6
sanet,129,western_painting__met_383787,0.119,6
cast,129,western_painting__met_383787,0.1458,6
stytr2,129,western_painting__met_406721,0.1667,6
adain,129,western_painting__met_406721,0.0,6
sanet,129,western_painting__met_406721,0.119,6
cast,129,western_painting__met_406721,0.2619,6
stytr2,129,western_painting__met_437769,0.0952,6
adain,129,western_painting__met_437769,0.0,6
sanet,129,western_painting__met_437769,0.1429,6
cast,129,western_painting__met_437769,0.119,6
stytr2,129,western_painting__met_437967,0.1667,6
adain,129,western_painting__met_437967,0.0,6
sanet,129,western_painting__met_437967,0.119,6
cast,129,western_painting__met_437967,0.1429,6
stytr2,129,western_painting__met_439405,0.119,6
adain,129,western_painting__met_439405,0.0,6
sanet,129,western_painting__met_439405,0.119,6
cast,129,western_painting__met_439405,0.1667,6
stytr2,129,western_painting__met_649693,0.0,6
adain,129,western_painting__met_649693,0.0,6
sanet,129,western_painting__met_649693,0.1667,6
cast,129,western_painting__met_649693,0.2173,6
stytr2,129,western_painting__met_739494,0.0714,6
adain,129,western_painting__met_739494,0.0,6
sanet,129,western_painting__met_739494,0.1458,6
cast,129,western_painting__met_739494,0.2143,6
stytr2,129,western_painting__met_787672,0.1429,6
adain,129,western_painting__met_787672,0.1667,6
sanet,129,western_painting__met_787672,0.1667,6
cast,129,western_painting__met_787672,0.2381,6
stytr2,129,western_painting__met_788182,0.119,6
adain,129,western_painting__met_788182,0.0,6
sanet,129,western_painting__met_788182,0.1429,6
cast,129,western_painting__met_788182,0.2143,6
stytr2,163,chinese_landscape__130942,0.4001,10
adain,163,chinese_landscape__130942,0.1,10
sanet,163,chinese_landscape__130942,0.2,10
cast,163,chinese_landscape__130942,0.2417,10
stytr2,163,chinese_landscape__132834,0.4043,10
adain,163,chinese_landscape__132834,0.0,10
sanet,163,chinese_landscape__132834,0.2524,10
cast,163,chinese_landscape__132834,0.1143,10
stytr2,163,chinese_landscape__132836,0.4593,10
adain,163,chinese_landscape__132836,0.0,10
sanet,163,chinese_landscape__132836,0.2771,10
cast,163,chinese_landscape__132836,0.181,10
stytr2,163,chinese_landscape__132840,0.4743,10
adain,163,chinese_landscape__132840,0.0,10
sanet,163,chinese_landscape__132840,0.3024,10
cast,163,chinese_landscape__132840,0.2024,10
stytr2,163,chinese_landscape__132930,0.5343,10
adain,163,chinese_landscape__132930,0.0,10
sanet,163,chinese_landscape__132930,0.1821,10
cast,163,chinese_landscape__132930,0.1,10
stytr2,163,chinese_landscape__137205,0.2174,10
adain,163,chinese_landscape__137205,0.0,10
sanet,163,chinese_landscape__137205,0.0821,10
cast,163,chinese_landscape__137205,0.1143,10
stytr2,163,chinese_landscape__142574,0.5204,10
adain,163,chinese_landscape__142574,0.0,10
sanet,163,chinese_landscape__142574,0.3024,10
cast,163,chinese_landscape__142574,0.1143,10
stytr2,163,chinese_landscape__142578,0.4043,10
adain,163,chinese_landscape__142578,0.0563,10
sanet,163,chinese_landscape__142578,0.1143,10
cast,163,chinese_landscape__142578,0.1,10
stytr2,163,chinese_landscape__144829,0.5693,10
adain,163,chinese_landscape__144829,0.0,10
sanet,163,chinese_landscape__144829,0.0791,10
cast,163,chinese_landscape__144829,0.1143,10
stytr2,163,chinese_landscape__148342,0.3893,10
adain,163,chinese_landscape__148342,0.0,10
sanet,163,chinese_landscape__148342,0.1,10
cast,163,chinese_landscape__148342,0.3293,10
stytr2,163,mural__img_1082crop_1_0,0.181,10
adain,163,mural__img_1082crop_1_0,0.0,10
sanet,163,mural__img_1082crop_1_0,0.0905,10
cast,163,mural__img_1082crop_1_0,0.209,10
stytr2,163,mural__img_1224crop_0_0,0.1024,10
adain,163,mural__img_1224crop_0_0,0.0,10
sanet,163,mural__img_1224crop_0_0,0.2631,10
cast,163,mural__img_1224crop_0_0,0.3524,10
stytr2,163,mural__img_1224crop_1_1,0.2424,10
adain,163,mural__img_1224crop_1_1,0.1,10
sanet,163,mural__img_1224crop_1_1,0.15,10
cast,163,mural__img_1224crop_1_1,0.3624,10
stytr2,163,mural__img_16crop_0_0,0.1643,10
adain,163,mural__img_16crop_0_0,0.0,10
sanet,163,mural__img_16crop_0_0,0.1827,10
cast,163,mural__img_16crop_0_0,0.3024,10
stytr2,163,mural__img_276crop_1_0,0.0914,10
adain,163,mural__img_276crop_1_0,0.0,10
sanet,163,mural__img_276crop_1_0,0.0,10
cast,163,mural__img_276crop_1_0,0.1143,10
stytr2,163,mural__img_326crop_1_1,0.1974,10
adain,163,mural__img_326crop_1_1,0.0,10
sanet,163,mural__img_326crop_1_1,0.0,10
cast,163,mural__img_326crop_1_1,0.3024,10
stytr2,163,mural__img_327crop_0_1,0.229,10
adain,163,mural__img_327crop_0_1,0.0,10
sanet,163,mural__img_327crop_0_1,0.2,10
cast,163,mural__img_327crop_0_1,0.2024,10
stytr2,163,mural__img_536crop_1_0,0.3543,10
adain,163,mural__img_536crop_1_0,0.0,10
sanet,163,mural__img_536crop_1_0,0.3024,10
cast,163,mural__img_536crop_1_0,0.375,10
stytr2,163,mural__img_593crop_0_0,0.1743,10
adain,163,mural__img_593crop_0_0,0.0,10
sanet,163,mural__img_593crop_0_0,0.175,10
cast,163,mural__img_593crop_0_0,0.3893,10
stytr2,163,mural__img_739crop_1_1,0.1543,10
adain,163,mural__img_739crop_1_1,0.0,10
sanet,163,mural__img_739crop_1_1,0.0,10
cast,163,mural__img_739crop_1_1,0.0914,10
stytr2,163,western_painting__met_359775,0.1893,10
adain,163,western_painting__met_359775,0.0,10
sanet,163,western_painting__met_359775,0.125,10
cast,163,western_painting__met_359775,0.315,10
stytr2,163,western_painting__met_383787,0.4293,10
adain,163,western_painting__met_383787,0.0,10
sanet,163,western_painting__met_383787,0.0857,10
cast,163,western_painting__met_383787,0.2893,10
stytr2,163,western_painting__met_406721,0.1143,10
adain,163,western_painting__met_406721,0.0,10
sanet,163,western_painting__met_406721,0.175,10
cast,163,western_painting__met_406721,0.1643,10
stytr2,163,western_painting__met_437769,0.2893,10
adain,163,western_painting__met_437769,0.075,10
sanet,163,western_painting__met_437769,0.075,10
cast,163,western_painting__met_437769,0.1,10
stytr2,163,western_painting__met_437967,0.3143,10
adain,163,western_painting__met_437967,0.0,10
sanet,163,western_painting__met_437967,0.0,10
cast,163,western_painting__met_437967,0.1607,10
stytr2,163,western_painting__met_439405,0.0571,10
adain,163,western_painting__met_439405,0.0,10
sanet,163,western_painting__met_439405,0.0,10
cast,163,western_painting__met_439405,0.0571,10
stytr2,163,western_painting__met_649693,0.175,10
adain,163,western_painting__met_649693,0.0,10
sanet,163,western_painting__met_649693,0.175,10
cast,163,western_painting__met_649693,0.1,10
stytr2,163,western_painting__met_739494,0.1893,10
adain,163,western_painting__met_739494,0.0,10
sanet,163,western_painting__met_739494,0.3143,10
cast,163,western_painting__met_739494,0.3293,10
stytr2,163,western_painting__met_787672,0.1893,10
adain,163,western_painting__met_787672,0.0,10
sanet,163,western_painting__met_787672,0.2271,10
cast,163,western_painting__met_787672,0.25,10
stytr2,163,western_painting__met_788182,0.2643,10
adain,163,western_painting__met_788182,0.0,10
sanet,163,western_painting__met_788182,0.0,10
cast,163,western_painting__met_788182,0.2893,10
stytr2,324,chinese_landscape__130942,0.5198,11
adain,324,chinese_landscape__130942,0.256,11
sanet,324,chinese_landscape__130942,0.2719,11
cast,324,chinese_landscape__130942,0.3401,11
stytr2,324,chinese_landscape__132834,0.5385,11
adain,324,chinese_landscape__132834,0.0649,11
sanet,324,chinese_landscape__132834,0.0909,11
cast,324,chinese_landscape__132834,0.3488,11
stytr2,324,chinese_landscape__132836,0.4797,11
adain,324,chinese_landscape__132836,0.2151,11
sanet,324,chinese_landscape__132836,0.3052,11
cast,324,chinese_landscape__132836,0.4215,11
stytr2,324,chinese_landscape__132840,0.444,11
adain,324,chinese_landscape__132840,0.026,11
sanet,324,chinese_landscape__132840,0.2598,11
cast,324,chinese_landscape__132840,0.3905,11
stytr2,324,chinese_landscape__132930,0.5617,11
adain,324,chinese_landscape__132930,0.0,11
sanet,324,chinese_landscape__132930,0.2719,11
cast,324,chinese_landscape__132930,0.3326,11
stytr2,324,chinese_landscape__137205,0.2719,11
adain,324,chinese_landscape__137205,0.131,11
sanet,324,chinese_landscape__137205,0.0808,11
cast,324,chinese_landscape__137205,0.4132,11
stytr2,324,chinese_landscape__142574,0.4895,11
adain,324,chinese_landscape__142574,0.0,11
sanet,324,chinese_landscape__142574,0.0909,11
cast,324,chinese_landscape__142574,0.4034,11
stytr2,324,chinese_landscape__142578,0.4257,11
adain,324,chinese_landscape__142578,0.2264,11
sanet,324,chinese_landscape__142578,0.2901,11
cast,324,chinese_landscape__142578,0.3605,11
stytr2,324,chinese_landscape__144829,0.3902,11
adain,324,chinese_landscape__144829,0.1446,11
sanet,324,chinese_landscape__144829,0.2901,11
cast,324,chinese_landscape__144829,0.3921,11
stytr2,324,chinese_landscape__148342,0.3436,11
adain,324,chinese_landscape__148342,0.0,11
sanet,324,chinese_landscape__148342,0.2901,11
cast,324,chinese_landscape__148342,0.2576,11
stytr2,324,mural__img_1082crop_1_0,0.2749,11
adain,324,mural__img_1082crop_1_0,0.2196,11
sanet,324,mural__img_1082crop_1_0,0.2719,11
cast,324,mural__img_1082crop_1_0,0.4332,11
stytr2,324,mural__img_1224crop_0_0,0.2749,11
adain,324,mural__img_1224crop_0_0,0.0,11
sanet,324,mural__img_1224crop_0_0,0.2719,11
cast,324,mural__img_1224crop_0_0,0.4026,11
stytr2,324,mural__img_1224crop_1_1,0.2598,11
adain,324,mural__img_1224crop_1_1,0.0,11
sanet,324,mural__img_1224crop_1_1,0.28,11
cast,324,mural__img_1224crop_1_1,0.423,11
stytr2,324,mural__img_16crop_0_0,0.2749,11
adain,324,mural__img_16crop_0_0,0.0,11
sanet,324,mural__img_16crop_0_0,0.0808,11
cast,324,mural__img_16crop_0_0,0.328,11
stytr2,324,mural__img_276crop_1_0,0.2749,11
adain,324,mural__img_276crop_1_0,0.0,11
sanet,324,mural__img_276crop_1_0,0.2719,11
cast,324,mural__img_276crop_1_0,0.2398,11
stytr2,324,mural__img_326crop_1_1,0.2749,11
adain,324,mural__img_326crop_1_1,0.0,11
sanet,324,mural__img_326crop_1_1,0.0909,11
cast,324,mural__img_326crop_1_1,0.2749,11
stytr2,324,mural__img_327crop_0_1,0.3261,11
adain,324,mural__img_327crop_0_1,0.0519,11
sanet,324,mural__img_327crop_0_1,0.2497,11
cast,324,mural__img_327crop_0_1,0.4539,11
stytr2,324,mural__img_536crop_1_0,0.3325,11
adain,324,mural__img_536crop_1_0,0.1537,11
sanet,324,mural__img_536crop_1_0,0.2749,11
cast,324,mural__img_536crop_1_0,0.4129,11
stytr2,324,mural__img_593crop_0_0,0.2749,11
adain,324,mural__img_593crop_0_0,0.0,11
sanet,324,mural__img_593crop_0_0,0.2618,11
cast,324,mural__img_593crop_0_0,0.3512,11
stytr2,324,mural__img_739crop_1_1,0.2749,11
adain,324,mural__img_739crop_1_1,0.0,11
sanet,324,mural__img_739crop_1_1,0.2749,11
cast,324,mural__img_739crop_1_1,0.5277,11
stytr2,324,western_painting__met_359775,0.2749,11
adain,324,western_painting__met_359775,0.0,11
sanet,324,western_painting__met_359775,0.2618,11
cast,324,western_painting__met_359775,0.2939,11
stytr2,324,western_painting__met_383787,0.1412,11
adain,324,western_painting__met_383787,0.0992,11
sanet,324,western_painting__met_383787,0.2605,11
cast,324,western_painting__met_383787,0.2972,11
stytr2,324,western_painting__met_406721,0.3196,11
adain,324,western_painting__met_406721,0.0,11
sanet,324,western_painting__met_406721,0.1511,11
cast,324,western_painting__met_406721,0.2511,11
stytr2,324,western_painting__met_437769,0.3507,11
adain,324,western_painting__met_437769,0.1537,11
sanet,324,western_painting__met_437769,0.2256,11
cast,324,western_painting__met_437769,0.3918,11
stytr2,324,western_painting__met_437967,0.3853,11
adain,324,western_painting__met_437967,0.181,11
sanet,324,western_painting__met_437967,0.2598,11
cast,324,western_painting__met_437967,0.2658,11
stytr2,324,western_painting__met_439405,0.2658,11
adain,324,western_painting__met_439405,0.0,11
sanet,324,western_painting__met_439405,0.1364,11
cast,324,western_painting__met_439405,0.4473,11
stytr2,324,western_painting__met_649693,0.3139,11
adain,324,western_painting__met_649693,0.0,11
sanet,324,western_painting__met_649693,0.2201,11
cast,324,western_painting__met_649693,0.4101,11
stytr2,324,western_painting__met_739494,0.2749,11
adain,324,western_painting__met_739494,0.0901,11
sanet,324,western_painting__met_739494,0.268,11
cast,324,western_painting__met_739494,0.3921,11
stytr2,324,western_painting__met_787672,0.2749,11
adain,324,western_painting__met_787672,0.0152,11
sanet,324,western_painting__met_787672,0.2719,11
cast,324,western_painting__met_787672,0.3367,11
stytr2,324,western_painting__met_788182,0.2901,11
adain,324,western_painting__met_788182,0.039,11
sanet,324,western_painting__met_788182,0.0909,11
cast,324,western_painting__met_788182,0.3867,11
stytr2,361,chinese_landscape__130942,0.5097,8
adain,361,chinese_landscape__130942,0.0625,8
sanet,361,chinese_landscape__130942,0.3385,8
cast,361,chinese_landscape__130942,0.1962,8
stytr2,361,chinese_landscape__132834,0.4231,8
adain,361,chinese_landscape__132834,0.0625,8
sanet,361,chinese_landscape__132834,0.125,8
cast,361,chinese_landscape__132834,0.2674,8
stytr2,361,chinese_landscape__132836,0.3194,8
adain,361,chinese_landscape__132836,0.0,8
sanet,361,chinese_landscape__132836,0.125,8
cast,361,chinese_landscape__132836,0.125,8
stytr2,361,chinese_landscape__132840,0.3755,8
adain,361,chinese_landscape__132840,0.0625,8
sanet,361,chinese_landscape__132840,0.125,8
cast,361,chinese_landscape__132840,0.125,8
stytr2,361,chinese_landscape__132930,0.3924,8
adain,361,chinese_landscape__132930,0.0625,8
sanet,361,chinese_landscape__132930,0.125,8
cast,361,chinese_landscape__132930,0.125,8
stytr2,361,chinese_landscape__137205,0.3455,8
adain,361,chinese_landscape__137205,0.0625,8
sanet,361,chinese_landscape__137205,0.125,8
cast,361,chinese_landscape__137205,0.125,8
stytr2,361,chinese_landscape__142574,0.125,8
adain,361,chinese_landscape__142574,0.0,8
sanet,361,chinese_landscape__142574,0.125,8
cast,361,chinese_landscape__142574,0.125,8
stytr2,361,chinese_landscape__142578,0.3701,8
adain,361,chinese_landscape__142578,0.0625,8
sanet,361,chinese_landscape__142578,0.125,8
cast,361,chinese_landscape__142578,0.125,8
stytr2,361,chinese_landscape__144829,0.4431,8
adain,361,chinese_landscape__144829,0.0625,8
sanet,361,chinese_landscape__144829,0.125,8
cast,361,chinese_landscape__144829,0.125,8
stytr2,361,chinese_landscape__148342,0.3562,8
adain,361,chinese_landscape__148342,0.0625,8
sanet,361,chinese_landscape__148342,0.0938,8
cast,361,chinese_landscape__148342,0.125,8
stytr2,361,mural__img_1082crop_1_0,0.344,8
adain,361,mural__img_1082crop_1_0,0.0938,8
sanet,361,mural__img_1082crop_1_0,0.125,8
cast,361,mural__img_1082crop_1_0,0.0938,8
stytr2,361,mural__img_1224crop_0_0,0.125,8
adain,361,mural__img_1224crop_0_0,0.0,8
sanet,361,mural__img_1224crop_0_0,0.0,8
cast,361,mural__img_1224crop_0_0,0.0938,8
stytr2,361,mural__img_1224crop_1_1,0.1,8
adain,361,mural__img_1224crop_1_1,0.0,8
sanet,361,mural__img_1224crop_1_1,0.0,8
cast,361,mural__img_1224crop_1_1,0.1389,8
stytr2,361,mural__img_16crop_0_0,0.125,8
adain,361,mural__img_16crop_0_0,0.0,8
sanet,361,mural__img_16crop_0_0,0.0938,8
cast,361,mural__img_16crop_0_0,0.0625,8
stytr2,361,mural__img_276crop_1_0,0.125,8
adain,361,mural__img_276crop_1_0,0.0,8
sanet,361,mural__img_276crop_1_0,0.0,8
cast,361,mural__img_276crop_1_0,0.0938,8
stytr2,361,mural__img_326crop_1_1,0.125,8
adain,361,mural__img_326crop_1_1,0.0,8
sanet,361,mural__img_326crop_1_1,0.0,8
cast,361,mural__img_326crop_1_1,0.0938,8
stytr2,361,mural__img_327crop_0_1,0.125,8
adain,361,mural__img_327crop_0_1,0.0,8
sanet,361,mural__img_327crop_0_1,0.0625,8
cast,361,mural__img_327crop_0_1,0.0938,8
stytr2,361,mural__img_536crop_1_0,0.2378,8
adain,361,mural__img_536crop_1_0,0.0625,8
sanet,361,mural__img_536crop_1_0,0.0938,8
cast,361,mural__img_536crop_1_0,0.1649,8
stytr2,361,mural__img_593crop_0_0,0.125,8
adain,361,mural__img_593crop_0_0,0.0625,8
sanet,361,mural__img_593crop_0_0,0.0938,8
cast,361,mural__img_593crop_0_0,0.0938,8
stytr2,361,mural__img_739crop_1_1,0.2118,8
adain,361,mural__img_739crop_1_1,0.0,8
sanet,361,mural__img_739crop_1_1,0.0,8
cast,361,mural__img_739crop_1_1,0.0938,8
stytr2,361,western_painting__met_359775,0.3476,8
adain,361,western_painting__met_359775,0.0625,8
sanet,361,western_painting__met_359775,0.0,8
cast,361,western_painting__met_359775,0.125,8
stytr2,361,western_painting__met_383787,0.3264,8
adain,361,western_painting__met_383787,0.0625,8
sanet,361,western_painting__met_383787,0.125,8
cast,361,western_painting__met_383787,0.2674,8
stytr2,361,western_painting__met_406721,0.3472,8
adain,361,western_painting__met_406721,0.0,8
sanet,361,western_painting__met_406721,0.3587,8
cast,361,western_painting__met_406721,0.125,8
stytr2,361,western_painting__met_437769,0.175,8
adain,361,western_painting__met_437769,0.0625,8
sanet,361,western_painting__met_437769,0.0938,8
cast,361,western_painting__met_437769,0.125,8
stytr2,361,western_painting__met_437967,0.0938,8
adain,361,western_painting__met_437967,0.0,8
sanet,361,western_painting__met_437967,0.2049,8
cast,361,western_painting__met_437967,0.0938,8
stytr2,361,western_painting__met_439405,0.125,8
adain,361,western_painting__met_439405,0.0,8
sanet,361,western_painting__met_439405,0.0938,8
cast,361,western_painting__met_439405,0.0938,8
stytr2,361,western_painting__met_649693,0.0625,8
adain,361,western_painting__met_649693,0.0,8
sanet,361,western_painting__met_649693,0.0,8
cast,361,western_painting__met_649693,0.125,8
stytr2,361,western_painting__met_739494,0.316,8
adain,361,western_painting__met_739494,0.0,8
sanet,361,western_painting__met_739494,0.0,8
cast,361,western_painting__met_739494,0.2674,8
stytr2,361,western_painting__met_787672,0.3316,8
adain,361,western_painting__met_787672,0.0625,8
sanet,361,western_painting__met_787672,0.125,8
cast,361,western_painting__met_787672,0.125,8
stytr2,361,western_painting__met_788182,0.3604,8
adain,361,western_painting__met_788182,0.0625,8
sanet,361,western_painting__met_788182,0.0938,8
cast,361,western_painting__met_788182,0.125,8
stytr2,468,chinese_landscape__130942,0.3445,13
adain,468,chinese_landscape__130942,0.1566,13
sanet,468,chinese_landscape__130942,0.1758,13
cast,468,chinese_landscape__130942,0.1758,13
stytr2,468,chinese_landscape__132834,0.3021,13
adain,468,chinese_landscape__132834,0.1758,13
sanet,468,chinese_landscape__132834,0.1758,13
cast,468,chinese_landscape__132834,0.1758,13
stytr2,468,chinese_landscape__132836,0.3657,13
adain,468,chinese_landscape__132836,0.1758,13
sanet,468,chinese_landscape__132836,0.1758,13
cast,468,chinese_landscape__132836,0.1758,13
stytr2,468,chinese_landscape__132840,0.3349,13
adain,468,chinese_landscape__132840,0.1758,13
sanet,468,chinese_landscape__132840,0.1758,13
cast,468,chinese_landscape__132840,0.1758,13
stytr2,468,chinese_landscape__132930,0.3229,13
adain,468,chinese_landscape__132930,0.1758,13
sanet,468,chinese_landscape__132930,0.1758,13
cast,468,chinese_landscape__132930,0.1758,13
stytr2,468,chinese_landscape__137205,0.3508,13
adain,468,chinese_landscape__137205,0.1758,13
sanet,468,chinese_landscape__137205,0.1758,13
cast,468,chinese_landscape__137205,0.1758,13
stytr2,468,chinese_landscape__142574,0.3055,13
adain,468,chinese_landscape__142574,0.0577,13
sanet,468,chinese_landscape__142574,0.1758,13
cast,468,chinese_landscape__142574,0.1758,13
stytr2,468,chinese_landscape__142578,0.3001,13
adain,468,chinese_landscape__142578,0.1758,13
sanet,468,chinese_landscape__142578,0.1758,13
cast,468,chinese_landscape__142578,0.1758,13
stytr2,468,chinese_landscape__144829,0.3349,13
adain,468,chinese_landscape__144829,0.1566,13
sanet,468,chinese_landscape__144829,0.1758,13
cast,468,chinese_landscape__144829,0.1758,13
stytr2,468,chinese_landscape__148342,0.1758,13
adain,468,chinese_landscape__148342,0.1566,13
sanet,468,chinese_landscape__148342,0.1758,13
cast,468,chinese_landscape__148342,0.1758,13
stytr2,468,mural__img_1082crop_1_0,0.1758,13
adain,468,mural__img_1082crop_1_0,0.1566,13
sanet,468,mural__img_1082crop_1_0,0.1566,13
cast,468,mural__img_1082crop_1_0,0.1758,13
stytr2,468,mural__img_1224crop_0_0,0.1758,13
adain,468,mural__img_1224crop_0_0,0.0,13
sanet,468,mural__img_1224crop_0_0,0.0,13
cast,468,mural__img_1224crop_0_0,0.1758,13
stytr2,468,mural__img_1224crop_1_1,0.1758,13
adain,468,mural__img_1224crop_1_1,0.0,13
sanet,468,mural__img_1224crop_1_1,0.1758,13
cast,468,mural__img_1224crop_1_1,0.1758,13
stytr2,468,mural__img_16crop_0_0,0.1758,13
adain,468,mural__img_16crop_0_0,0.0,13
sanet,468,mural__img_16crop_0_0,0.1264,13
cast,468,mural__img_16crop_0_0,0.1758,13
stytr2,468,mural__img_276crop_1_0,0.1758,13
adain,468,mural__img_276crop_1_0,0.0,13
sanet,468,mural__img_276crop_1_0,0.1758,13
cast,468,mural__img_276crop_1_0,0.1758,13
stytr2,468,mural__img_326crop_1_1,0.1758,13
adain,468,mural__img_326crop_1_1,0.0,13
sanet,468,mural__img_326crop_1_1,0.0,13
cast,468,mural__img_326crop_1_1,0.1758,13
stytr2,468,mural__img_327crop_0_1,0.1758,13
adain,468,mural__img_327crop_0_1,0.0,13
sanet,468,mural__img_327crop_0_1,0.1758,13
cast,468,mural__img_327crop_0_1,0.1758,13
stytr2,468,mural__img_536crop_1_0,0.1758,13
adain,468,mural__img_536crop_1_0,0.0,13
sanet,468,mural__img_536crop_1_0,0.1758,13
cast,468,mural__img_536crop_1_0,0.1758,13
stytr2,468,mural__img_593crop_0_0,0.1758,13
adain,468,mural__img_593crop_0_0,0.0,13
sanet,468,mural__img_593crop_0_0,0.1456,13
cast,468,mural__img_593crop_0_0,0.1758,13
stytr2,468,mural__img_739crop_1_1,0.1758,13
adain,468,mural__img_739crop_1_1,0.0,13
sanet,468,mural__img_739crop_1_1,0.0687,13
cast,468,mural__img_739crop_1_1,0.1758,13
stytr2,468,western_painting__met_359775,0.1758,13
adain,468,western_painting__met_359775,0.0577,13
sanet,468,western_painting__met_359775,0.1566,13
cast,468,western_painting__met_359775,0.1758,13
stytr2,468,western_painting__met_383787,0.3349,13
adain,468,western_painting__met_383787,0.1758,13
sanet,468,western_painting__met_383787,0.1758,13
cast,468,western_painting__met_383787,0.1758,13
stytr2,468,western_painting__met_406721,0.1758,13
adain,468,western_painting__met_406721,0.0577,13
sanet,468,western_painting__met_406721,0.214,13
cast,468,western_painting__met_406721,0.1758,13
stytr2,468,western_painting__met_437769,0.1758,13
adain,468,western_painting__met_437769,0.0,13
sanet,468,western_painting__met_437769,0.1566,13
cast,468,western_painting__met_437769,0.1758,13
stytr2,468,western_painting__met_437967,0.1758,13
adain,468,western_painting__met_437967,0.0,13
sanet,468,western_painting__met_437967,0.1758,13
cast,468,western_painting__met_437967,0.1758,13
stytr2,468,western_painting__met_439405,0.1566,13
adain,468,western_painting__met_439405,0.0,13
sanet,468,western_painting__met_439405,0.0,13
cast,468,western_painting__met_439405,0.1758,13
stytr2,468,western_painting__met_649693,0.1604,13
adain,468,western_painting__met_649693,0.0577,13
sanet,468,western_painting__met_649693,0.1758,13
cast,468,western_painting__met_649693,0.1758,13
stytr2,468,western_painting__met_739494,0.1758,13
adain,468,western_painting__met_739494,0.0,13
sanet,468,western_painting__met_739494,0.1758,13
cast,468,western_painting__met_739494,0.1758,13
stytr2,468,western_painting__met_787672,0.1758,13
adain,468,western_painting__met_787672,0.1374,13
sanet,468,western_painting__met_787672,0.1758,13
cast,468,western_painting__met_787672,0.1758,13
stytr2,468,western_painting__met_788182,0.1758,13
adain,468,western_painting__met_788182,0.1566,13
sanet,468,western_painting__met_788182,0.1758,13
cast,468,western_painting__met_788182,0.1758,13
stytr2,469,chinese_landscape__130942,0.4356,8
adain,469,chinese_landscape__130942,0.0,8
sanet,469,chinese_landscape__130942,0.1328,8
cast,469,chinese_landscape__130942,0.5052,8
stytr2,469,chinese_landscape__132834,0.3443,8
adain,469,chinese_landscape__132834,0.0,8
sanet,469,chinese_landscape__132834,0.1209,8
cast,469,chinese_landscape__132834,0.3698,8
stytr2,469,chinese_landscape__132836,0.3103,8
adain,469,chinese_landscape__132836,0.025,8
sanet,469,chinese_landscape__132836,0.1031,8
cast,469,chinese_landscape__132836,0.3903,8
stytr2,469,chinese_landscape__132840,0.241,8
adain,469,chinese_landscape__132840,0.0,8
sanet,469,chinese_landscape__132840,0.0,8
cast,469,chinese_landscape__132840,0.2519,8
stytr2,469,chinese_landscape__132930,0.2566,8
adain,469,chinese_landscape__132930,0.0,8
sanet,469,chinese_landscape__132930,0.0,8
cast,469,chinese_landscape__132930,0.4516,8
stytr2,469,chinese_landscape__137205,0.2531,8
adain,469,chinese_landscape__137205,0.0,8
sanet,469,chinese_landscape__137205,0.0,8
cast,469,chinese_landscape__137205,0.3031,8
stytr2,469,chinese_landscape__142574,0.3716,8
adain,469,chinese_landscape__142574,0.0,8
sanet,469,chinese_landscape__142574,0.0,8
cast,469,chinese_landscape__142574,0.3564,8
stytr2,469,chinese_landscape__142578,0.2827,8
adain,469,chinese_landscape__142578,0.0,8
sanet,469,chinese_landscape__142578,0.0822,8
cast,469,chinese_landscape__142578,0.2839,8
stytr2,469,chinese_landscape__144829,0.4059,8
adain,469,chinese_landscape__144829,0.0562,8
sanet,469,chinese_landscape__144829,0.1641,8
cast,469,chinese_landscape__144829,0.3698,8
stytr2,469,chinese_landscape__148342,0.3123,8
adain,469,chinese_landscape__148342,0.0,8
sanet,469,chinese_landscape__148342,0.125,8
cast,469,chinese_landscape__148342,0.2927,8
stytr2,469,mural__img_1082crop_1_0,0.2779,8
adain,469,mural__img_1082crop_1_0,0.0,8
sanet,469,mural__img_1082crop_1_0,0.0,8
cast,469,mural__img_1082crop_1_0,0.526,8
stytr2,469,mural__img_1224crop_0_0,0.255,8
adain,469,mural__img_1224crop_0_0,0.0,8
sanet,469,mural__img_1224crop_0_0,0.0864,8
cast,469,mural__img_1224crop_0_0,0.2193,8
stytr2,469,mural__img_1224crop_1_1,0.2109,8
adain,469,mural__img_1224crop_1_1,0.0,8
sanet,469,mural__img_1224crop_1_1,0.1114,8
cast,469,mural__img_1224crop_1_1,0.2812,8
stytr2,469,mural__img_16crop_0_0,0.2511,8
adain,469,mural__img_16crop_0_0,0.0,8
sanet,469,mural__img_16crop_0_0,0.0,8
cast,469,mural__img_16crop_0_0,0.1685,8
stytr2,469,mural__img_276crop_1_0,0.125,8
adain,469,mural__img_276crop_1_0,0.0,8
sanet,469,mural__img_276crop_1_0,0.0,8
cast,469,mural__img_276crop_1_0,0.2057,8
stytr2,469,mural__img_326crop_1_1,0.2701,8
adain,469,mural__img_326crop_1_1,0.0,8
sanet,469,mural__img_326crop_1_1,0.0,8
cast,469,mural__img_326crop_1_1,0.1685,8
stytr2,469,mural__img_327crop_0_1,0.2887,8
adain,469,mural__img_327crop_0_1,0.0,8
sanet,469,mural__img_327crop_0_1,0.1131,8
cast,469,mural__img_327crop_0_1,0.4615,8
stytr2,469,mural__img_536crop_1_0,0.3122,8
adain,469,mural__img_536crop_1_0,0.0,8
sanet,469,mural__img_536crop_1_0,0.0971,8
cast,469,mural__img_536crop_1_0,0.3299,8
stytr2,469,mural__img_593crop_0_0,0.3377,8
adain,469,mural__img_593crop_0_0,0.0,8
sanet,469,mural__img_593crop_0_0,0.0,8
cast,469,mural__img_593crop_0_0,0.3348,8
stytr2,469,mural__img_739crop_1_1,0.2623,8
adain,469,mural__img_739crop_1_1,0.0,8
sanet,469,mural__img_739crop_1_1,0.0,8
cast,469,mural__img_739crop_1_1,0.4111,8
stytr2,469,western_painting__met_359775,0.2394,8
adain,469,western_painting__met_359775,0.0,8
sanet,469,western_painting__met_359775,0.0848,8
cast,469,western_painting__met_359775,0.3861,8
stytr2,469,western_painting__met_383787,0.0,8
adain,469,western_painting__met_383787,0.0104,8
sanet,469,western_painting__met_383787,0.0,8
cast,469,western_painting__met_383787,0.2571,8
stytr2,469,western_painting__met_406721,0.2628,8
adain,469,western_painting__met_406721,0.0,8
sanet,469,western_painting__met_406721,0.0971,8
cast,469,western_painting__met_406721,0.1685,8
stytr2,469,western_painting__met_437769,0.3512,8
adain,469,western_painting__met_437769,0.0,8
sanet,469,western_painting__met_437769,0.0929,8
cast,469,western_painting__met_437769,0.3365,8
stytr2,469,western_painting__met_437967,0.3318,8
adain,469,western_painting__met_437967,0.0,8
sanet,469,western_painting__met_437967,0.0,8
cast,469,western_painting__met_437967,0.3382,8
stytr2,469,western_painting__met_439405,0.3579,8
adain,469,western_painting__met_439405,0.0,8
sanet,469,western_painting__met_439405,0.0,8
cast,469,western_painting__met_439405,0.4217,8
stytr2,469,western_painting__met_649693,0.0,8
adain,469,western_painting__met_649693,0.0,8
sanet,469,western_painting__met_649693,0.1531,8
cast,469,western_painting__met_649693,0.2248,8
stytr2,469,western_painting__met_739494,0.0357,8
adain,469,western_painting__met_739494,0.0,8
sanet,469,western_painting__met_739494,0.1566,8
cast,469,western_painting__met_739494,0.2749,8
stytr2,469,western_painting__met_787672,0.1607,8
adain,469,western_painting__met_787672,0.0,8
sanet,469,western_painting__met_787672,0.1131,8
cast,469,western_painting__met_787672,0.2406,8
stytr2,469,western_painting__met_788182,0.1358,8
adain,469,western_painting__met_788182,0.0,8
sanet,469,western_painting__met_788182,0.1328,8
cast,469,western_painting__met_788182,0.2427,8
stytr2,484,chinese_landscape__130942,0.419,10
adain,484,chinese_landscape__130942,0.0806,10
sanet,484,chinese_landscape__130942,0.125,10
cast,484,chinese_landscape__130942,0.4,10
stytr2,484,chinese_landscape__132834,0.2,10
adain,484,chinese_landscape__132834,0.0,10
sanet,484,chinese_landscape__132834,0.1056,10
cast,484,chinese_landscape__132834,0.2557,10
stytr2,484,chinese_landscape__132836,0.1689,10
adain,484,chinese_landscape__132836,0.0,10
sanet,484,chinese_landscape__132836,0.1067,10
cast,484,chinese_landscape__132836,0.2536,10
stytr2,484,chinese_landscape__132840,0.3131,10
adain,484,chinese_landscape__132840,0.0,10
sanet,484,chinese_landscape__132840,0.1139,10
cast,484,chinese_landscape__132840,0.125,10
stytr2,484,chinese_landscape__132930,0.4008,10
adain,484,chinese_landscape__132930,0.0,10
sanet,484,chinese_landscape__132930,0.125,10
cast,484,chinese_landscape__132930,0.3029,10
stytr2,484,chinese_landscape__137205,0.2425,10
adain,484,chinese_landscape__137205,0.0,10
sanet,484,chinese_landscape__137205,0.0833,10
cast,484,chinese_landscape__137205,0.2845,10
stytr2,484,chinese_landscape__142574,0.302,10
adain,484,chinese_landscape__142574,0.0,10
sanet,484,chinese_landscape__142574,0.1139,10
cast,484,chinese_landscape__142574,0.2948,10
stytr2,484,chinese_landscape__142578,0.302,10
adain,484,chinese_landscape__142578,0.0,10
sanet,484,chinese_landscape__142578,0.0944,10
cast,484,chinese_landscape__142578,0.2897,10
stytr2,484,chinese_landscape__144829,0.3789,10
adain,484,chinese_landscape__144829,0.0,10
sanet,484,chinese_landscape__144829,0.125,10
cast,484,chinese_landscape__144829,0.3355,10
stytr2,484,chinese_landscape__148342,0.1472,10
adain,484,chinese_landscape__148342,0.0,10
sanet,484,chinese_landscape__148342,0.125,10
cast,484,chinese_landscape__148342,0.3405,10
stytr2,484,mural__img_1082crop_1_0,0.2393,10
adain,484,mural__img_1082crop_1_0,0.0,10
sanet,484,mural__img_1082crop_1_0,0.0861,10
cast,484,mural__img_1082crop_1_0,0.125,10
stytr2,484,mural__img_1224crop_0_0,0.1028,10
adain,484,mural__img_1224crop_0_0,0.0,10
sanet,484,mural__img_1224crop_0_0,0.0722,10
cast,484,mural__img_1224crop_0_0,0.3479,10
stytr2,484,mural__img_1224crop_1_1,0.0833,10
adain,484,mural__img_1224crop_1_1,0.0,10
sanet,484,mural__img_1224crop_1_1,0.05,10
cast,484,mural__img_1224crop_1_1,0.325,10
stytr2,484,mural__img_16crop_0_0,0.1139,10
adain,484,mural__img_16crop_0_0,0.0,10
sanet,484,mural__img_16crop_0_0,0.0833,10
cast,484,mural__img_16crop_0_0,0.1056,10
stytr2,484,mural__img_276crop_1_0,0.2365,10
adain,484,mural__img_276crop_1_0,0.0,10
sanet,484,mural__img_276crop_1_0,0.0944,10
cast,484,mural__img_276crop_1_0,0.0944,10
stytr2,484,mural__img_326crop_1_1,0.1139,10
adain,484,mural__img_326crop_1_1,0.0,10
sanet,484,mural__img_326crop_1_1,0.0833,10
cast,484,mural__img_326crop_1_1,0.125,10
stytr2,484,mural__img_327crop_0_1,0.1056,10
adain,484,mural__img_327crop_0_1,0.0,10
sanet,484,mural__img_327crop_0_1,0.0722,10
cast,484,mural__img_327crop_0_1,0.2845,10
stytr2,484,mural__img_536crop_1_0,0.2139,10
adain,484,mural__img_536crop_1_0,0.0,10
sanet,484,mural__img_536crop_1_0,0.1349,10
cast,484,mural__img_536crop_1_0,0.2845,10
stytr2,484,mural__img_593crop_0_0,0.1139,10
adain,484,mural__img_593crop_0_0,0.0,10
sanet,484,mural__img_593crop_0_0,0.0944,10
cast,484,mural__img_593crop_0_0,0.325,10
stytr2,484,mural__img_739crop_1_1,0.1139,10
adain,484,mural__img_739crop_1_1,0.0,10
sanet,484,mural__img_739crop_1_1,0.0722,10
cast,484,mural__img_739crop_1_1,0.1523,10
stytr2,484,western_painting__met_359775,0.2853,10
adain,484,western_painting__met_359775,0.0,10
sanet,484,western_painting__met_359775,0.0722,10
cast,484,western_painting__met_359775,0.1717,10
stytr2,484,western_painting__met_383787,0.125,10
adain,484,western_painting__met_383787,0.0,10
sanet,484,western_painting__met_383787,0.1139,10
cast,484,western_painting__met_383787,0.2393,10
stytr2,484,western_painting__met_406721,0.125,10
adain,484,western_painting__met_406721,0.0,10
sanet,484,western_painting__met_406721,0.125,10
cast,484,western_painting__met_406721,0.2857,10
stytr2,484,western_painting__met_437769,0.1885,10
adain,484,western_painting__met_437769,0.0,10
sanet,484,western_painting__met_437769,0.0,10
cast,484,western_painting__met_437769,0.1417,10
stytr2,484,western_painting__met_437967,0.1139,10
adain,484,western_painting__met_437967,0.0,10
sanet,484,western_painting__met_437967,0.0833,10
cast,484,western_painting__met_437967,0.2679,10
stytr2,484,western_painting__met_439405,0.1139,10
adain,484,western_painting__met_439405,0.0,10
sanet,484,western_painting__met_439405,0.0,10
cast,484,western_painting__met_439405,0.125,10
stytr2,484,western_painting__met_649693,0.0917,10
adain,484,western_painting__met_649693,0.0,10
sanet,484,western_painting__met_649693,0.0833,10
cast,484,western_painting__met_649693,0.1917,10
stytr2,484,western_painting__met_739494,0.0833,10
adain,484,western_painting__met_739494,0.0,10
sanet,484,western_painting__met_739494,0.0833,10
cast,484,western_painting__met_739494,0.2679,10
stytr2,484,western_painting__met_787672,0.171,10
adain,484,western_painting__met_787672,0.0,10
sanet,484,western_painting__met_787672,0.0944,10
cast,484,western_painting__met_787672,0.1722,10
stytr2,484,western_painting__met_788182,0.1139,10
adain,484,western_painting__met_788182,0.0111,10
sanet,484,western_painting__met_788182,0.1028,10
cast,484,western_painting__met_788182,0.125,10
stytr2,661,chinese_landscape__130942,0.6107,8
adain,661,chinese_landscape__130942,0.2292,8
sanet,661,chinese_landscape__130942,0.3438,8
cast,661,chinese_landscape__130942,0.4442,8
stytr2,661,chinese_landscape__132834,0.2604,8
adain,661,chinese_landscape__132834,0.2135,8
sanet,661,chinese_landscape__132834,0.2604,8
cast,661,chinese_landscape__132834,0.5229,8
stytr2,661,chinese_landscape__132836,0.3604,8
adain,661,chinese_landscape__132836,0.1823,8
sanet,661,chinese_landscape__132836,0.2604,8
cast,661,chinese_landscape__132836,0.4281,8
stytr2,661,chinese_landscape__132840,0.3531,8
adain,661,chinese_landscape__132840,0.1198,8
sanet,661,chinese_landscape__132840,0.3229,8
cast,661,chinese_landscape__132840,0.3318,8
stytr2,661,chinese_landscape__132930,0.4382,8
adain,661,chinese_landscape__132930,0.1064,8
sanet,661,chinese_landscape__132930,0.309,8
cast,661,chinese_landscape__132930,0.3939,8
stytr2,661,chinese_landscape__137205,0.2604,8
adain,661,chinese_landscape__137205,0.0,8
sanet,661,chinese_landscape__137205,0.3292,8
cast,661,chinese_landscape__137205,0.3449,8
stytr2,661,chinese_landscape__142574,0.593,8
adain,661,chinese_landscape__142574,0.1042,8
sanet,661,chinese_landscape__142574,0.2604,8
cast,661,chinese_landscape__142574,0.3438,8
stytr2,661,chinese_landscape__142578,0.3854,8
adain,661,chinese_landscape__142578,0.1458,8
sanet,661,chinese_landscape__142578,0.3281,8
cast,661,chinese_landscape__142578,0.3604,8
stytr2,661,chinese_landscape__144829,0.3757,8
adain,661,chinese_landscape__144829,0.1198,8
sanet,661,chinese_landscape__144829,0.2448,8
cast,661,chinese_landscape__144829,0.4046,8
stytr2,661,chinese_landscape__148342,0.4683,8
adain,661,chinese_landscape__148342,0.0938,8
sanet,661,chinese_landscape__148342,0.2604,8
cast,661,chinese_landscape__148342,0.5188,8
stytr2,661,mural__img_1082crop_1_0,0.4594,8
adain,661,mural__img_1082crop_1_0,0.2292,8
sanet,661,mural__img_1082crop_1_0,0.3135,8
cast,661,mural__img_1082crop_1_0,0.4226,8
stytr2,661,mural__img_1224crop_0_0,0.3604,8
adain,661,mural__img_1224crop_0_0,0.1885,8
sanet,661,mural__img_1224crop_0_0,0.1208,8
cast,661,mural__img_1224crop_0_0,0.3847,8
stytr2,661,mural__img_1224crop_1_1,0.3438,8
adain,661,mural__img_1224crop_1_1,0.1885,8
sanet,661,mural__img_1224crop_1_1,0.1094,8
cast,661,mural__img_1224crop_1_1,0.4873,8
stytr2,661,mural__img_16crop_0_0,0.2604,8
adain,661,mural__img_16crop_0_0,0.0,8
sanet,661,mural__img_16crop_0_0,0.0052,8
cast,661,mural__img_16crop_0_0,0.3274,8
stytr2,661,mural__img_276crop_1_0,0.2827,8
adain,661,mural__img_276crop_1_0,0.0,8
sanet,661,mural__img_276crop_1_0,0.2448,8
cast,661,mural__img_276crop_1_0,0.3438,8
stytr2,661,mural__img_326crop_1_1,0.3604,8
adain,661,mural__img_326crop_1_1,0.0,8
sanet,661,mural__img_326crop_1_1,0.1042,8
cast,661,mural__img_326crop_1_1,0.2604,8
stytr2,661,mural__img_327crop_0_1,0.3125,8
adain,661,mural__img_327crop_0_1,0.0729,8
sanet,661,mural__img_327crop_0_1,0.1808,8
cast,661,mural__img_327crop_0_1,0.3516,8
stytr2,661,mural__img_536crop_1_0,0.4531,8
adain,661,mural__img_536crop_1_0,0.0885,8
sanet,661,mural__img_536crop_1_0,0.2979,8
cast,661,mural__img_536crop_1_0,0.4676,8
stytr2,661,mural__img_593crop_0_0,0.4516,8
adain,661,mural__img_593crop_0_0,0.1823,8
sanet,661,mural__img_593crop_0_0,0.3448,8
cast,661,mural__img_593crop_0_0,0.3274,8
stytr2,661,mural__img_739crop_1_1,0.3698,8
adain,661,mural__img_739crop_1_1,0.0,8
sanet,661,mural__img_739crop_1_1,0.1719,8
cast,661,mural__img_739crop_1_1,0.3604,8
stytr2,661,western_painting__met_359775,0.2604,8
adain,661,western_painting__met_359775,0.1042,8
sanet,661,western_painting__met_359775,0.2604,8
cast,661,western_painting__met_359775,0.3511,8
stytr2,661,western_painting__met_383787,0.3854,8
adain,661,western_painting__met_383787,0.1604,8
sanet,661,western_painting__met_383787,0.2604,8
cast,661,western_painting__met_383787,0.3177,8
stytr2,661,western_painting__met_406721,0.3604,8
adain,661,western_painting__met_406721,0.0,8
sanet,661,western_painting__met_406721,0.3604,8
cast,661,western_painting__met_406721,0.4194,8
stytr2,661,western_painting__met_437769,0.3445,8
adain,661,western_painting__met_437769,0.0885,8
sanet,661,western_painting__met_437769,0.0521,8
cast,661,western_painting__met_437769,0.3433,8
stytr2,661,western_painting__met_437967,0.496,8
adain,661,western_painting__met_437967,0.0729,8
sanet,661,western_painting__met_437967,0.0,8
cast,661,western_painting__met_437967,0.2604,8
stytr2,661,western_painting__met_439405,0.2448,8
adain,661,western_painting__met_439405,0.0521,8
sanet,661,western_painting__met_439405,0.1208,8
cast,661,western_painting__met_439405,0.5156,8
stytr2,661,western_painting__met_649693,0.3172,8
adain,661,western_painting__met_649693,0.1771,8
sanet,661,western_painting__met_649693,0.2604,8
cast,661,western_painting__met_649693,0.3531,8
stytr2,661,western_painting__met_739494,0.3854,8
adain,661,western_painting__met_739494,0.0938,8
sanet,661,western_painting__met_739494,0.2448,8
cast,661,western_painting__met_739494,0.3243,8
stytr2,661,western_painting__met_787672,0.3943,8
adain,661,western_painting__met_787672,0.2135,8
sanet,661,western_painting__met_787672,0.2604,8
cast,661,western_painting__met_787672,0.3676,8
stytr2,661,western_painting__met_788182,0.2604,8
adain,661,western_painting__met_788182,0.1389,8
sanet,661,western_painting__met_788182,0.2604,8
cast,661,western_painting__met_788182,0.339,8
stytr2,817,chinese_landscape__130942,0.575,5
adain,817,chinese_landscape__130942,0.0,5
sanet,817,chinese_landscape__130942,0.3333,5
cast,817,chinese_landscape__130942,0.3667,5
stytr2,817,chinese_landscape__132834,0.5714,5
adain,817,chinese_landscape__132834,0.0,5
sanet,817,chinese_landscape__132834,0.475,5
cast,817,chinese_landscape__132834,0.5464,5
stytr2,817,chinese_landscape__132836,0.575,5
adain,817,chinese_landscape__132836,0.0,5
sanet,817,chinese_landscape__132836,0.2667,5
cast,817,chinese_landscape__132836,0.5429,5
stytr2,817,chinese_landscape__132840,0.575,5
adain,817,chinese_landscape__132840,0.0,5
sanet,817,chinese_landscape__132840,0.3667,5
cast,817,chinese_landscape__132840,0.55,5
stytr2,817,chinese_landscape__132930,0.6,5
adain,817,chinese_landscape__132930,0.0,5
sanet,817,chinese_landscape__132930,0.2,5
cast,817,chinese_landscape__132930,0.4,5
stytr2,817,chinese_landscape__137205,0.4329,5
adain,817,chinese_landscape__137205,0.0,5
sanet,817,chinese_landscape__137205,0.2,5
cast,817,chinese_landscape__137205,0.425,5
stytr2,817,chinese_landscape__142574,0.6,5
adain,817,chinese_landscape__142574,0.0,5
sanet,817,chinese_landscape__142574,0.3,5
cast,817,chinese_landscape__142574,0.4417,5
stytr2,817,chinese_landscape__142578,0.575,5
adain,817,chinese_landscape__142578,0.0,5
sanet,817,chinese_landscape__142578,0.5083,5
cast,817,chinese_landscape__142578,0.4,5
stytr2,817,chinese_landscape__144829,0.6,5
adain,817,chinese_landscape__144829,0.0,5
sanet,817,chinese_landscape__144829,0.3667,5
cast,817,chinese_landscape__144829,0.375,5
stytr2,817,chinese_landscape__148342,0.5714,5
adain,817,chinese_landscape__148342,0.0,5
sanet,817,chinese_landscape__148342,0.4,5
cast,817,chinese_landscape__148342,0.4,5
stytr2,817,mural__img_1082crop_1_0,0.525,5
adain,817,mural__img_1082crop_1_0,0.0,5
sanet,817,mural__img_1082crop_1_0,0.2,5
cast,817,mural__img_1082crop_1_0,0.5,5
stytr2,817,mural__img_1224crop_0_0,0.4817,5
adain,817,mural__img_1224crop_0_0,0.0,5
sanet,817,mural__img_1224crop_0_0,0.15,5
cast,817,mural__img_1224crop_0_0,0.4714,5
stytr2,817,mural__img_1224crop_1_1,0.45,5
adain,817,mural__img_1224crop_1_1,0.0,5
sanet,817,mural__img_1224crop_1_1,0.175,5
cast,817,mural__img_1224crop_1_1,0.525,5
stytr2,817,mural__img_16crop_0_0,0.2893,5
adain,817,mural__img_16crop_0_0,0.0,5
sanet,817,mural__img_16crop_0_0,0.175,5
cast,817,mural__img_16crop_0_0,0.3167,5
stytr2,817,mural__img_276crop_1_0,0.2,5
adain,817,mural__img_276crop_1_0,0.0,5
sanet,817,mural__img_276crop_1_0,0.175,5
cast,817,mural__img_276crop_1_0,0.45,5
stytr2,817,mural__img_326crop_1_1,0.4867,5
adain,817,mural__img_326crop_1_1,0.0,5
sanet,817,mural__img_326crop_1_1,0.175,5
cast,817,mural__img_326crop_1_1,0.35,5
stytr2,817,mural__img_327crop_0_1,0.575,5
adain,817,mural__img_327crop_0_1,0.0,5
sanet,817,mural__img_327crop_0_1,0.2,5
cast,817,mural__img_327crop_0_1,0.525,5
stytr2,817,mural__img_536crop_1_0,0.55,5
adain,817,mural__img_536crop_1_0,0.1,5
sanet,817,mural__img_536crop_1_0,0.3,5
cast,817,mural__img_536crop_1_0,0.375,5
stytr2,817,mural__img_593crop_0_0,0.6,5
adain,817,mural__img_593crop_0_0,0.075,5
sanet,817,mural__img_593crop_0_0,0.525,5
cast,817,mural__img_593crop_0_0,0.475,5
stytr2,817,mural__img_739crop_1_1,0.4,5
adain,817,mural__img_739crop_1_1,0.0,5
sanet,817,mural__img_739crop_1_1,0.375,5
cast,817,mural__img_739crop_1_1,0.575,5
stytr2,817,western_painting__met_359775,0.2667,5
adain,817,western_painting__met_359775,0.0,5
sanet,817,western_painting__met_359775,0.4167,5
cast,817,western_painting__met_359775,0.5429,5
stytr2,817,western_painting__met_383787,0.3667,5
adain,817,western_painting__met_383787,0.0,5
sanet,817,western_painting__met_383787,0.175,5
cast,817,western_painting__met_383787,0.475,5
stytr2,817,western_painting__met_406721,0.5667,5
adain,817,western_painting__met_406721,0.0,5
sanet,817,western_painting__met_406721,0.275,5
cast,817,western_painting__met_406721,0.4714,5
stytr2,817,western_painting__met_437769,0.5143,5
adain,817,western_painting__met_437769,0.125,5
sanet,817,western_painting__met_437769,0.275,5
cast,817,western_painting__met_437769,0.5167,5
stytr2,817,western_painting__met_437967,0.5429,5
adain,817,western_painting__met_437967,0.15,5
sanet,817,western_painting__met_437967,0.2,5
cast,817,western_painting__met_437967,0.4917,5
stytr2,817,western_painting__met_439405,0.3333,5
adain,817,western_painting__met_439405,0.0,5
sanet,817,western_painting__met_439405,0.3083,5
cast,817,western_painting__met_439405,0.5143,5
stytr2,817,western_painting__met_649693,0.15,5
adain,817,western_painting__met_649693,0.0,5
sanet,817,western_painting__met_649693,0.175,5
cast,817,western_painting__met_649693,0.55,5
stytr2,817,western_painting__met_739494,0.4,5
adain,817,western_painting__met_739494,0.0,5
sanet,817,western_painting__met_739494,0.3333,5
cast,817,western_painting__met_739494,0.4,5
stytr2,817,western_painting__met_787672,0.375,5
adain,817,western_painting__met_787672,0.0,5
sanet,817,western_painting__met_787672,0.3167,5
cast,817,western_painting__met_787672,0.6,5
stytr2,817,western_painting__met_788182,0.4,5
adain,817,western_painting__met_788182,0.0,5
sanet,817,western_painting__met_788182,0.3667,5
cast,817,western_painting__met_788182,0.55,5
stytr2,840,chinese_landscape__130942,0.5665,7
adain,840,chinese_landscape__130942,0.102,7
sanet,840,chinese_landscape__130942,0.1429,7
cast,840,chinese_landscape__130942,0.4476,7
stytr2,840,chinese_landscape__132834,0.5524,7
adain,840,chinese_landscape__132834,0.0,7
sanet,840,chinese_landscape__132834,0.102,7
cast,840,chinese_landscape__132834,0.1429,7
stytr2,840,chinese_landscape__132836,0.5012,7
adain,840,chinese_landscape__132836,0.0912,7
sanet,840,chinese_landscape__132836,0.102,7
cast,840,chinese_landscape__132836,0.2143,7
stytr2,840,chinese_landscape__132840,0.2679,7
adain,840,chinese_landscape__132840,0.0816,7
sanet,840,chinese_landscape__132840,0.1224,7
cast,840,chinese_landscape__132840,0.1224,7
stytr2,840,chinese_landscape__132930,0.7571,7
adain,840,chinese_landscape__132930,0.0,7
sanet,840,chinese_landscape__132930,0.1116,7
cast,840,chinese_landscape__132930,0.2321,7
stytr2,840,chinese_landscape__137205,0.1429,7
adain,840,chinese_landscape__137205,0.0,7
sanet,840,chinese_landscape__137205,0.102,7
cast,840,chinese_landscape__137205,0.1582,7
stytr2,840,chinese_landscape__142574,0.5726,7
adain,840,chinese_landscape__142574,0.0,7
sanet,840,chinese_landscape__142574,0.1429,7
cast,840,chinese_landscape__142574,0.5131,7
stytr2,840,chinese_landscape__142578,0.6571,7
adain,840,chinese_landscape__142578,0.0,7
sanet,840,chinese_landscape__142578,0.1429,7
cast,840,chinese_landscape__142578,0.4063,7
stytr2,840,chinese_landscape__144829,0.4202,7
adain,840,chinese_landscape__144829,0.0816,7
sanet,840,chinese_landscape__144829,0.1429,7
cast,840,chinese_landscape__144829,0.3762,7
stytr2,840,chinese_landscape__148342,0.4452,7
adain,840,chinese_landscape__148342,0.0,7
sanet,840,chinese_landscape__148342,0.1429,7
cast,840,chinese_landscape__148342,0.551,7
stytr2,840,mural__img_1082crop_1_0,0.2143,7
adain,840,mural__img_1082crop_1_0,0.0,7
sanet,840,mural__img_1082crop_1_0,0.1429,7
cast,840,mural__img_1082crop_1_0,0.3463,7
stytr2,840,mural__img_1224crop_0_0,0.1429,7
adain,840,mural__img_1224crop_0_0,0.0,7
sanet,840,mural__img_1224crop_0_0,0.0,7
cast,840,mural__img_1224crop_0_0,0.1224,7
stytr2,840,mural__img_1224crop_1_1,0.1429,7
adain,840,mural__img_1224crop_1_1,0.0,7
sanet,840,mural__img_1224crop_1_1,0.0,7
cast,840,mural__img_1224crop_1_1,0.281,7
stytr2,840,mural__img_16crop_0_0,0.1429,7
adain,840,mural__img_16crop_0_0,0.0,7
sanet,840,mural__img_16crop_0_0,0.102,7
cast,840,mural__img_16crop_0_0,0.3354,7
stytr2,840,mural__img_276crop_1_0,0.1429,7
adain,840,mural__img_276crop_1_0,0.0,7
sanet,840,mural__img_276crop_1_0,0.102,7
cast,840,mural__img_276crop_1_0,0.1429,7
stytr2,840,mural__img_326crop_1_1,0.2286,7
adain,840,mural__img_326crop_1_1,0.0,7
sanet,840,mural__img_326crop_1_1,0.0816,7
cast,840,mural__img_326crop_1_1,0.5048,7
stytr2,840,mural__img_327crop_0_1,0.1429,7
adain,840,mural__img_327crop_0_1,0.0,7
sanet,840,mural__img_327crop_0_1,0.0816,7
cast,840,mural__img_327crop_0_1,0.4048,7
stytr2,840,mural__img_536crop_1_0,0.4079,7
adain,840,mural__img_536crop_1_0,0.0,7
sanet,840,mural__img_536crop_1_0,0.1429,7
cast,840,mural__img_536crop_1_0,0.4222,7
stytr2,840,mural__img_593crop_0_0,0.5143,7
adain,840,mural__img_593crop_0_0,0.0,7
sanet,840,mural__img_593crop_0_0,0.1224,7
cast,840,mural__img_593crop_0_0,0.4321,7
stytr2,840,mural__img_739crop_1_1,0.1429,7
adain,840,mural__img_739crop_1_1,0.0,7
sanet,840,mural__img_739crop_1_1,0.1429,7
cast,840,mural__img_739crop_1_1,0.4905,7
stytr2,840,western_painting__met_359775,0.1429,7
adain,840,western_painting__met_359775,0.0,7
sanet,840,western_painting__met_359775,0.1224,7
cast,840,western_painting__met_359775,0.3202,7
stytr2,840,western_painting__met_383787,0.1224,7
adain,840,western_painting__met_383787,0.0,7
sanet,840,western_painting__met_383787,0.0816,7
cast,840,western_painting__met_383787,0.1224,7
stytr2,840,western_painting__met_406721,0.2321,7
adain,840,western_painting__met_406721,0.0,7
sanet,840,western_painting__met_406721,0.0816,7
cast,840,western_painting__met_406721,0.369,7
stytr2,840,western_painting__met_437769,0.5357,7
adain,840,western_painting__met_437769,0.0707,7
sanet,840,western_painting__met_437769,0.1224,7
cast,840,western_painting__met_437769,0.1224,7
stytr2,840,western_painting__met_437967,0.1429,7
adain,840,western_painting__met_437967,0.0,7
sanet,840,western_painting__met_437967,0.1224,7
cast,840,western_painting__met_437967,0.1429,7
stytr2,840,western_painting__met_439405,0.4905,7
adain,840,western_painting__met_439405,0.0,7
sanet,840,western_painting__met_439405,0.1429,7
cast,840,western_painting__met_439405,0.4268,7
stytr2,840,western_painting__met_649693,0.0,7
adain,840,western_painting__met_649693,0.0,7
sanet,840,western_painting__met_649693,0.0408,7
cast,840,western_painting__met_649693,0.1224,7
stytr2,840,western_painting__met_739494,0.1224,7
adain,840,western_painting__met_739494,0.0,7
sanet,840,western_painting__met_739494,0.1429,7
cast,840,western_painting__met_739494,0.4048,7
stytr2,840,western_painting__met_787672,0.1429,7
adain,840,western_painting__met_787672,0.0707,7
sanet,840,western_painting__met_787672,0.1224,7
cast,840,western_painting__met_787672,0.1429,7
stytr2,840,western_painting__met_788182,0.2117,7
adain,840,western_painting__met_788182,0.0,7
sanet,840,western_painting__met_788182,0.1429,7
cast,840,western_painting__met_788182,0.1224,7
stytr2,851,chinese_landscape__130942,0.5167,5
adain,851,chinese_landscape__130942,0.15,5
sanet,851,chinese_landscape__130942,0.2167,5
cast,851,chinese_landscape__130942,0.2167,5
stytr2,851,chinese_landscape__132834,0.4833,5
adain,851,chinese_landscape__132834,0.1,5
sanet,851,chinese_landscape__132834,0.2167,5
cast,851,chinese_landscape__132834,0.4167,5
stytr2,851,chinese_landscape__132836,0.4167,5
adain,851,chinese_landscape__132836,0.0,5
sanet,851,chinese_landscape__132836,0.2167,5
cast,851,chinese_landscape__132836,0.45,5
stytr2,851,chinese_landscape__132840,0.5,5
adain,851,chinese_landscape__132840,0.1,5
sanet,851,chinese_landscape__132840,0.2567,5
cast,851,chinese_landscape__132840,0.4167,5
stytr2,851,chinese_landscape__132930,0.4167,5
adain,851,chinese_landscape__132930,0.0,5
sanet,851,chinese_landscape__132930,0.1667,5
cast,851,chinese_landscape__132930,0.4167,5
stytr2,851,chinese_landscape__137205,0.15,5
adain,851,chinese_landscape__137205,0.0,5
sanet,851,chinese_landscape__137205,0.1,5
cast,851,chinese_landscape__137205,0.5667,5
stytr2,851,chinese_landscape__142574,0.4167,5
adain,851,chinese_landscape__142574,0.0,5
sanet,851,chinese_landscape__142574,0.1667,5
cast,851,chinese_landscape__142574,0.4667,5
stytr2,851,chinese_landscape__142578,0.45,5
adain,851,chinese_landscape__142578,0.05,5
sanet,851,chinese_landscape__142578,0.2167,5
cast,851,chinese_landscape__142578,0.2167,5
stytr2,851,chinese_landscape__144829,0.5267,5
adain,851,chinese_landscape__144829,0.0,5
sanet,851,chinese_landscape__144829,0.2167,5
cast,851,chinese_landscape__144829,0.4167,5
stytr2,851,chinese_landscape__148342,0.0167,5
adain,851,chinese_landscape__148342,0.1,5
sanet,851,chinese_landscape__148342,0.2067,5
cast,851,chinese_landscape__148342,0.4167,5
stytr2,851,mural__img_1082crop_1_0,0.1667,5
adain,851,mural__img_1082crop_1_0,0.1,5
sanet,851,mural__img_1082crop_1_0,0.1667,5
cast,851,mural__img_1082crop_1_0,0.2167,5
stytr2,851,mural__img_1224crop_0_0,0.15,5
adain,851,mural__img_1224crop_0_0,0.0,5
sanet,851,mural__img_1224crop_0_0,0.0,5
cast,851,mural__img_1224crop_0_0,0.2167,5
stytr2,851,mural__img_1224crop_1_1,0.15,5
adain,851,mural__img_1224crop_1_1,0.0,5
sanet,851,mural__img_1224crop_1_1,0.1,5
cast,851,mural__img_1224crop_1_1,0.2222,5
stytr2,851,mural__img_16crop_0_0,0.15,5
adain,851,mural__img_16crop_0_0,0.0,5
sanet,851,mural__img_16crop_0_0,0.2,5
cast,851,mural__img_16crop_0_0,0.2567,5
stytr2,851,mural__img_276crop_1_0,0.1,5
adain,851,mural__img_276crop_1_0,0.0,5
sanet,851,mural__img_276crop_1_0,0.15,5
cast,851,mural__img_276crop_1_0,0.0167,5
stytr2,851,mural__img_326crop_1_1,0.1667,5
adain,851,mural__img_326crop_1_1,0.0,5
sanet,851,mural__img_326crop_1_1,0.0,5
cast,851,mural__img_326crop_1_1,0.2567,5
stytr2,851,mural__img_327crop_0_1,0.1667,5
adain,851,mural__img_327crop_0_1,0.0,5
sanet,851,mural__img_327crop_0_1,0.0,5
cast,851,mural__img_327crop_0_1,0.2567,5
stytr2,851,mural__img_536crop_1_0,0.2867,5
adain,851,mural__img_536crop_1_0,0.0,5
sanet,851,mural__img_536crop_1_0,0.15,5
cast,851,mural__img_536crop_1_0,0.2167,5
stytr2,851,mural__img_593crop_0_0,0.1667,5
adain,851,mural__img_593crop_0_0,0.1,5
sanet,851,mural__img_593crop_0_0,0.15,5
cast,851,mural__img_593crop_0_0,0.2167,5
stytr2,851,mural__img_739crop_1_1,0.2167,5
adain,851,mural__img_739crop_1_1,0.0,5
sanet,851,mural__img_739crop_1_1,0.0,5
cast,851,mural__img_739crop_1_1,0.2167,5
stytr2,851,western_painting__met_359775,0.1667,5
adain,851,western_painting__met_359775,0.1,5
sanet,851,western_painting__met_359775,0.1667,5
cast,851,western_painting__met_359775,0.4167,5
stytr2,851,western_painting__met_383787,0.1667,5
adain,851,western_painting__met_383787,0.0,5
sanet,851,western_painting__met_383787,0.0167,5
cast,851,western_painting__met_383787,0.3067,5
stytr2,851,western_painting__met_406721,0.2167,5
adain,851,western_painting__met_406721,0.1,5
sanet,851,western_painting__met_406721,0.1667,5
cast,851,western_painting__met_406721,0.2333,5
stytr2,851,western_painting__met_437769,0.2167,5
adain,851,western_painting__met_437769,0.0,5
sanet,851,western_painting__met_437769,0.1,5
cast,851,western_painting__met_437769,0.2167,5
stytr2,851,western_painting__met_437967,0.2167,5
adain,851,western_painting__met_437967,0.0,5
sanet,851,western_painting__met_437967,0.2,5
cast,851,western_painting__met_437967,0.2167,5
stytr2,851,western_painting__met_439405,0.15,5
adain,851,western_painting__met_439405,0.0,5
sanet,851,western_painting__met_439405,0.0,5
cast,851,western_painting__met_439405,0.2333,5
stytr2,851,western_painting__met_649693,0.1,5
adain,851,western_painting__met_649693,0.1567,5
sanet,851,western_painting__met_649693,0.15,5
cast,851,western_painting__met_649693,0.5167,5
stytr2,851,western_painting__met_739494,0.2167,5
adain,851,western_painting__met_739494,0.0,5
sanet,851,western_painting__met_739494,0.2,5
cast,851,western_painting__met_739494,0.45,5
stytr2,851,western_painting__met_787672,0.1667,5
adain,851,western_painting__met_787672,0.1,5
sanet,851,western_painting__met_787672,0.1667,5
cast,851,western_painting__met_787672,0.4167,5
stytr2,851,western_painting__met_788182,0.3667,5
adain,851,western_painting__met_788182,0.0,5
sanet,851,western_painting__met_788182,0.15,5
cast,851,western_painting__met_788182,0.4167,5
stytr2,857,chinese_landscape__130942,0.423,8
adain,857,chinese_landscape__130942,0.0417,8
sanet,857,chinese_landscape__130942,0.3655,8
cast,857,chinese_landscape__130942,0.404,8
stytr2,857,chinese_landscape__132834,0.433,8
adain,857,chinese_landscape__132834,0.1632,8
sanet,857,chinese_landscape__132834,0.3741,8
cast,857,chinese_landscape__132834,0.3967,8
stytr2,857,chinese_landscape__132836,0.4091,8
adain,857,chinese_landscape__132836,0.0,8
sanet,857,chinese_landscape__132836,0.2894,8
cast,857,chinese_landscape__132836,0.4431,8
stytr2,857,chinese_landscape__132840,0.4091,8
adain,857,chinese_landscape__132840,0.0,8
sanet,857,chinese_landscape__132840,0.3616,8
cast,857,chinese_landscape__132840,0.3967,8
stytr2,857,chinese_landscape__132930,0.4091,8
adain,857,chinese_landscape__132930,0.0,8
sanet,857,chinese_landscape__132930,0.3976,8
cast,857,chinese_landscape__132930,0.3915,8
stytr2,857,chinese_landscape__137205,0.4191,8
adain,857,chinese_landscape__137205,0.0,8
sanet,857,chinese_landscape__137205,0.3578,8
cast,857,chinese_landscape__137205,0.4037,8
stytr2,857,chinese_landscape__142574,0.423,8
adain,857,chinese_landscape__142574,0.0,8
sanet,857,chinese_landscape__142574,0.1944,8
cast,857,chinese_landscape__142574,0.3915,8
stytr2,857,chinese_landscape__142578,0.4091,8
adain,857,chinese_landscape__142578,0.0,8
sanet,857,chinese_landscape__142578,0.1806,8
cast,857,chinese_landscape__142578,0.3901,8
stytr2,857,chinese_landscape__144829,0.423,8
adain,857,chinese_landscape__144829,0.125,8
sanet,857,chinese_landscape__144829,0.3525,8
cast,857,chinese_landscape__144829,0.3915,8
stytr2,857,chinese_landscape__148342,0.4091,8
adain,857,chinese_landscape__148342,0.125,8
sanet,857,chinese_landscape__148342,0.3322,8
cast,857,chinese_landscape__148342,0.4078,8
stytr2,857,mural__img_1082crop_1_0,0.4118,8
adain,857,mural__img_1082crop_1_0,0.0,8
sanet,857,mural__img_1082crop_1_0,0.1944,8
cast,857,mural__img_1082crop_1_0,0.4074,8
stytr2,857,mural__img_1224crop_0_0,0.3398,8
adain,857,mural__img_1224crop_0_0,0.0,8
sanet,857,mural__img_1224crop_0_0,0.0556,8
cast,857,mural__img_1224crop_0_0,0.367,8
stytr2,857,mural__img_1224crop_1_1,0.3814,8
adain,857,mural__img_1224crop_1_1,0.0,8
sanet,857,mural__img_1224crop_1_1,0.0926,8
cast,857,mural__img_1224crop_1_1,0.3659,8
stytr2,857,mural__img_16crop_0_0,0.191,8
adain,857,mural__img_16crop_0_0,0.0,8
sanet,857,mural__img_16crop_0_0,0.125,8
cast,857,mural__img_16crop_0_0,0.3762,8
stytr2,857,mural__img_276crop_1_0,0.0972,8
adain,857,mural__img_276crop_1_0,0.0,8
sanet,857,mural__img_276crop_1_0,0.0938,8
cast,857,mural__img_276crop_1_0,0.2148,8
stytr2,857,mural__img_326crop_1_1,0.2523,8
adain,857,mural__img_326crop_1_1,0.0,8
sanet,857,mural__img_326crop_1_1,0.0,8
cast,857,mural__img_326crop_1_1,0.3915,8
stytr2,857,mural__img_327crop_0_1,0.3638,8
adain,857,mural__img_327crop_0_1,0.0,8
sanet,857,mural__img_327crop_0_1,0.1944,8
cast,857,mural__img_327crop_0_1,0.3548,8
stytr2,857,mural__img_536crop_1_0,0.3645,8
adain,857,mural__img_536crop_1_0,0.0,8
sanet,857,mural__img_536crop_1_0,0.0,8
cast,857,mural__img_536crop_1_0,0.3776,8
stytr2,857,mural__img_593crop_0_0,0.4005,8
adain,857,mural__img_593crop_0_0,0.0,8
sanet,857,mural__img_593crop_0_0,0.2961,8
cast,857,mural__img_593crop_0_0,0.3637,8
stytr2,857,mural__img_739crop_1_1,0.3278,8
adain,857,mural__img_739crop_1_1,0.0,8
sanet,857,mural__img_739crop_1_1,0.0556,8
cast,857,mural__img_739crop_1_1,0.414,8
stytr2,857,western_painting__met_359775,0.3755,8
adain,857,western_painting__met_359775,0.0,8
sanet,857,western_painting__met_359775,0.2916,8
cast,857,western_painting__met_359775,0.3974,8
stytr2,857,western_painting__met_383787,0.3915,8
adain,857,western_painting__met_383787,0.0,8
sanet,857,western_painting__met_383787,0.25,8
cast,857,western_painting__met_383787,0.3974,8
stytr2,857,western_painting__met_406721,0.4001,8
adain,857,western_painting__met_406721,0.0,8
sanet,857,western_painting__met_406721,0.1966,8
cast,857,western_painting__met_406721,0.2842,8
stytr2,857,western_painting__met_437769,0.1771,8
adain,857,western_painting__met_437769,0.0,8
sanet,857,western_painting__met_437769,0.0,8
cast,857,western_painting__met_437769,0.363,8
stytr2,857,western_painting__met_437967,0.3814,8
adain,857,western_painting__met_437967,0.0,8
sanet,857,western_painting__met_437967,0.125,8
cast,857,western_painting__met_437967,0.4026,8
stytr2,857,western_painting__met_439405,0.1849,8
adain,857,western_painting__met_439405,0.0,8
sanet,857,western_painting__met_439405,0.0,8
cast,857,western_painting__met_439405,0.3842,8
stytr2,857,western_painting__met_649693,0.3658,8
adain,857,western_painting__met_649693,0.0,8
sanet,857,western_painting__met_649693,0.1944,8
cast,857,western_painting__met_649693,0.4389,8
stytr2,857,western_painting__met_739494,0.3241,8
adain,857,western_painting__met_739494,0.0,8
sanet,857,western_painting__met_739494,0.2881,8
cast,857,western_painting__met_739494,0.3757,8
stytr2,857,western_painting__met_787672,0.3966,8
adain,857,western_painting__met_787672,0.0625,8
sanet,857,western_painting__met_787672,0.2947,8
cast,857,western_painting__met_787672,0.357,8
stytr2,857,western_painting__met_788182,0.3607,8
adain,857,western_painting__met_788182,0.0625,8
sanet,857,western_painting__met_788182,0.1857,8
cast,857,western_painting__met_788182,0.3967,8
stytr2,978,chinese_landscape__130942,0.4705,11
adain,978,chinese_landscape__130942,0.0909,11
sanet,978,chinese_landscape__130942,0.0909,11
cast,978,chinese_landscape__130942,0.1818,11
stytr2,978,chinese_landscape__132834,0.4174,11
adain,978,chinese_landscape__132834,0.0909,11
sanet,978,chinese_landscape__132834,0.0909,11
cast,978,chinese_landscape__132834,0.2273,11
stytr2,978,chinese_landscape__132836,0.4295,11
adain,978,chinese_landscape__132836,0.0909,11
sanet,978,chinese_landscape__132836,0.0909,11
cast,978,chinese_landscape__132836,0.1818,11
stytr2,978,chinese_landscape__132840,0.4295,11
adain,978,chinese_landscape__132840,0.0909,11
sanet,978,chinese_landscape__132840,0.0909,11
cast,978,chinese_landscape__132840,0.2492,11
stytr2,978,chinese_landscape__132930,0.3492,11
adain,978,chinese_landscape__132930,0.0909,11
sanet,978,chinese_landscape__132930,0.0909,11
cast,978,chinese_landscape__132930,0.1818,11
stytr2,978,chinese_landscape__137205,0.1818,11
adain,978,chinese_landscape__137205,0.0909,11
sanet,978,chinese_landscape__137205,0.0909,11
cast,978,chinese_landscape__137205,0.1818,11
stytr2,978,chinese_landscape__142574,0.3947,11
adain,978,chinese_landscape__142574,0.0682,11
sanet,978,chinese_landscape__142574,0.0909,11
cast,978,chinese_landscape__142574,0.25,11
stytr2,978,chinese_landscape__142578,0.328,11
adain,978,chinese_landscape__142578,0.0682,11
sanet,978,chinese_landscape__142578,0.0909,11
cast,978,chinese_landscape__142578,0.2492,11
stytr2,978,chinese_landscape__144829,0.4523,11
adain,978,chinese_landscape__144829,0.0909,11
sanet,978,chinese_landscape__144829,0.0909,11
cast,978,chinese_landscape__144829,0.0909,11
stytr2,978,chinese_landscape__148342,0.2886,11
adain,978,chinese_landscape__148342,0.0909,11
sanet,978,chinese_landscape__148342,0.1538,11
cast,978,chinese_landscape__148342,0.2955,11
stytr2,978,mural__img_1082crop_1_0,0.25,11
adain,978,mural__img_1082crop_1_0,0.0909,11
sanet,978,mural__img_1082crop_1_0,0.0682,11
cast,978,mural__img_1082crop_1_0,0.25,11
stytr2,978,mural__img_1224crop_0_0,0.1818,11
adain,978,mural__img_1224crop_0_0,0.0682,11
sanet,978,mural__img_1224crop_0_0,0.0682,11
cast,978,mural__img_1224crop_0_0,0.1818,11
stytr2,978,mural__img_1224crop_1_1,0.0909,11
adain,978,mural__img_1224crop_1_1,0.0682,11
sanet,978,mural__img_1224crop_1_1,0.0682,11
cast,978,mural__img_1224crop_1_1,0.2492,11
stytr2,978,mural__img_16crop_0_0,0.0909,11
adain,978,mural__img_16crop_0_0,0.0,11
sanet,978,mural__img_16crop_0_0,0.0909,11
cast,978,mural__img_16crop_0_0,0.1818,11
stytr2,978,mural__img_276crop_1_0,0.1818,11
adain,978,mural__img_276crop_1_0,0.0682,11
sanet,978,mural__img_276crop_1_0,0.0909,11
cast,978,mural__img_276crop_1_0,0.2273,11
stytr2,978,mural__img_326crop_1_1,0.0909,11
adain,978,mural__img_326crop_1_1,0.0455,11
sanet,978,mural__img_326crop_1_1,0.0682,11
cast,978,mural__img_326crop_1_1,0.0909,11
stytr2,978,mural__img_327crop_0_1,0.0909,11
adain,978,mural__img_327crop_0_1,0.0682,11
sanet,978,mural__img_327crop_0_1,0.0909,11
cast,978,mural__img_327crop_0_1,0.3129,11
stytr2,978,mural__img_536crop_1_0,0.25,11
adain,978,mural__img_536crop_1_0,0.0909,11
sanet,978,mural__img_536crop_1_0,0.0682,11
cast,978,mural__img_536crop_1_0,0.25,11
stytr2,978,mural__img_593crop_0_0,0.2273,11
adain,978,mural__img_593crop_0_0,0.0682,11
sanet,978,mural__img_593crop_0_0,0.0682,11
cast,978,mural__img_593crop_0_0,0.25,11
stytr2,978,mural__img_739crop_1_1,0.0909,11
adain,978,mural__img_739crop_1_1,0.0682,11
sanet,978,mural__img_739crop_1_1,0.0909,11
cast,978,mural__img_739crop_1_1,0.0909,11
stytr2,978,western_painting__met_359775,0.1538,11
adain,978,western_painting__met_359775,0.0682,11
sanet,978,western_painting__met_359775,0.0909,11
cast,978,western_painting__met_359775,0.25,11
stytr2,978,western_painting__met_383787,0.2182,11
adain,978,western_painting__met_383787,0.0909,11
sanet,978,western_painting__met_383787,0.0909,11
cast,978,western_painting__met_383787,0.1818,11
stytr2,978,western_painting__met_406721,0.3932,11
adain,978,western_painting__met_406721,0.0909,11
sanet,978,western_painting__met_406721,0.0455,11
cast,978,western_painting__met_406721,0.0909,11
stytr2,978,western_painting__met_437769,0.2902,11
adain,978,western_painting__met_437769,0.0682,11
sanet,978,western_painting__met_437769,0.0682,11
cast,978,western_painting__met_437769,0.25,11
stytr2,978,western_painting__met_437967,0.0682,11
adain,978,western_painting__met_437967,0.0682,11
sanet,978,western_painting__met_437967,0.0682,11
cast,978,western_painting__met_437967,0.2273,11
stytr2,978,western_painting__met_439405,0.0909,11
adain,978,western_painting__met_439405,0.0455,11
sanet,978,western_painting__met_439405,0.0909,11
cast,978,western_painting__met_439405,0.3129,11
stytr2,978,western_painting__met_649693,0.2371,11
adain,978,western_painting__met_649693,0.0682,11
sanet,978,western_painting__met_649693,0.0909,11
cast,978,western_painting__met_649693,0.2333,11
stytr2,978,western_painting__met_739494,0.222,11
adain,978,western_painting__met_739494,0.0455,11
sanet,978,western_painting__met_739494,0.0909,11
cast,978,western_painting__met_739494,0.25,11
stytr2,978,western_painting__met_787672,0.1818,11
adain,978,western_painting__met_787672,0.0682,11
sanet,978,western_painting__met_787672,0.0909,11
cast,978,western_painting__met_787672,0.25,11
stytr2,978,western_painting__met_788182,0.1818,11
adain,978,western_painting__met_788182,0.0909,11
sanet,978,western_painting__met_788182,0.1515,11
cast,978,western_painting__met_788182,0.1818,11
stytr2,1041,chinese_landscape__130942,0.25,8
adain,1041,chinese_landscape__130942,0.0,8
sanet,1041,chinese_landscape__130942,0.25,8
cast,1041,chinese_landscape__130942,0.25,8
stytr2,1041,chinese_landscape__132834,0.25,8
adain,1041,chinese_landscape__132834,0.0,8
sanet,1041,chinese_landscape__132834,0.125,8
cast,1041,chinese_landscape__132834,0.25,8
stytr2,1041,chinese_landscape__132836,0.25,8
adain,1041,chinese_landscape__132836,0.0,8
sanet,1041,chinese_landscape__132836,0.1875,8
cast,1041,chinese_landscape__132836,0.2188,8
stytr2,1041,chinese_landscape__132840,0.25,8
adain,1041,chinese_landscape__132840,0.0,8
sanet,1041,chinese_landscape__132840,0.125,8
cast,1041,chinese_landscape__132840,0.2188,8
stytr2,1041,chinese_landscape__132930,0.25,8
adain,1041,chinese_landscape__132930,0.0938,8
sanet,1041,chinese_landscape__132930,0.0938,8
cast,1041,chinese_landscape__132930,0.2188,8
stytr2,1041,chinese_landscape__137205,0.25,8
adain,1041,chinese_landscape__137205,0.0,8
sanet,1041,chinese_landscape__137205,0.0625,8
cast,1041,chinese_landscape__137205,0.1875,8
stytr2,1041,chinese_landscape__142574,0.25,8
adain,1041,chinese_landscape__142574,0.0,8
sanet,1041,chinese_landscape__142574,0.125,8
cast,1041,chinese_landscape__142574,0.125,8
stytr2,1041,chinese_landscape__142578,0.25,8
adain,1041,chinese_landscape__142578,0.0938,8
sanet,1041,chinese_landscape__142578,0.1875,8
cast,1041,chinese_landscape__142578,0.25,8
stytr2,1041,chinese_landscape__144829,0.25,8
adain,1041,chinese_landscape__144829,0.0625,8
sanet,1041,chinese_landscape__144829,0.1875,8
cast,1041,chinese_landscape__144829,0.25,8
stytr2,1041,chinese_landscape__148342,0.25,8
adain,1041,chinese_landscape__148342,0.0938,8
sanet,1041,chinese_landscape__148342,0.125,8
cast,1041,chinese_landscape__148342,0.25,8
stytr2,1041,mural__img_1082crop_1_0,0.25,8
adain,1041,mural__img_1082crop_1_0,0.0938,8
sanet,1041,mural__img_1082crop_1_0,0.125,8
cast,1041,mural__img_1082crop_1_0,0.25,8
stytr2,1041,mural__img_1224crop_0_0,0.2188,8
adain,1041,mural__img_1224crop_0_0,0.0,8
sanet,1041,mural__img_1224crop_0_0,0.0625,8
cast,1041,mural__img_1224crop_0_0,0.25,8
stytr2,1041,mural__img_1224crop_1_1,0.1875,8
adain,1041,mural__img_1224crop_1_1,0.0,8
sanet,1041,mural__img_1224crop_1_1,0.0,8
cast,1041,mural__img_1224crop_1_1,0.2188,8
stytr2,1041,mural__img_16crop_0_0,0.0938,8
adain,1041,mural__img_16crop_0_0,0.0,8
sanet,1041,mural__img_16crop_0_0,0.125,8
cast,1041,mural__img_16crop_0_0,0.0,8
stytr2,1041,mural__img_276crop_1_0,0.0938,8
adain,1041,mural__img_276crop_1_0,0.0,8
sanet,1041,mural__img_276crop_1_0,0.125,8
cast,1041,mural__img_276crop_1_0,0.125,8
stytr2,1041,mural__img_326crop_1_1,0.1875,8
adain,1041,mural__img_326crop_1_1,0.0,8
sanet,1041,mural__img_326crop_1_1,0.0938,8
cast,1041,mural__img_326crop_1_1,0.2188,8
stytr2,1041,mural__img_327crop_0_1,0.25,8
adain,1041,mural__img_327crop_0_1,0.0,8
sanet,1041,mural__img_327crop_0_1,0.0,8
cast,1041,mural__img_327crop_0_1,0.125,8
stytr2,1041,mural__img_536crop_1_0,0.2188,8
adain,1041,mural__img_536crop_1_0,0.0,8
sanet,1041,mural__img_536crop_1_0,0.125,8
cast,1041,mural__img_536crop_1_0,0.2188,8
stytr2,1041,mural__img_593crop_0_0,0.25,8
adain,1041,mural__img_593crop_0_0,0.0,8
sanet,1041,mural__img_593crop_0_0,0.0938,8
cast,1041,mural__img_593crop_0_0,0.2188,8
stytr2,1041,mural__img_739crop_1_1,0.2188,8
adain,1041,mural__img_739crop_1_1,0.0,8
sanet,1041,mural__img_739crop_1_1,0.0625,8
cast,1041,mural__img_739crop_1_1,0.2188,8
stytr2,1041,western_painting__met_359775,0.25,8
adain,1041,western_painting__met_359775,0.0625,8
sanet,1041,western_painting__met_359775,0.125,8
cast,1041,western_painting__met_359775,0.25,8
stytr2,1041,western_painting__met_383787,0.25,8
adain,1041,western_painting__met_383787,0.0938,8
sanet,1041,western_painting__met_383787,0.0938,8
cast,1041,western_painting__met_383787,0.2188,8
stytr2,1041,western_painting__met_406721,0.25,8
adain,1041,western_painting__met_406721,0.0938,8
sanet,1041,western_painting__met_406721,0.125,8
cast,1041,western_painting__met_406721,0.2188,8
stytr2,1041,western_painting__met_437769,0.2188,8
adain,1041,western_painting__met_437769,0.0,8
sanet,1041,western_painting__met_437769,0.0938,8
cast,1041,western_painting__met_437769,0.25,8
stytr2,1041,western_painting__met_437967,0.2188,8
adain,1041,western_painting__met_437967,0.0,8
sanet,1041,western_painting__met_437967,0.125,8
cast,1041,western_painting__met_437967,0.25,8
stytr2,1041,western_painting__met_439405,0.25,8
adain,1041,western_painting__met_439405,0.0,8
sanet,1041,western_painting__met_439405,0.0,8
cast,1041,western_painting__met_439405,0.2188,8
stytr2,1041,western_painting__met_649693,0.125,8
adain,1041,western_painting__met_649693,0.0,8
sanet,1041,western_painting__met_649693,0.0938,8
cast,1041,western_painting__met_649693,0.2188,8
stytr2,1041,western_painting__met_739494,0.25,8
adain,1041,western_painting__met_739494,0.0,8
sanet,1041,western_painting__met_739494,0.125,8
cast,1041,western_painting__met_739494,0.25,8
stytr2,1041,western_painting__met_787672,0.2188,8
adain,1041,western_painting__met_787672,0.0,8
sanet,1041,western_painting__met_787672,0.125,8
cast,1041,western_painting__met_787672,0.25,8
stytr2,1041,western_painting__met_788182,0.25,8
adain,1041,western_painting__met_788182,0.0938,8
sanet,1041,western_painting__met_788182,0.0938,8
cast,1041,western_painting__met_788182,0.2188,8
stytr2,1185,chinese_landscape__130942,0.2253,7
adain,1185,chinese_landscape__130942,0.0,7
sanet,1185,chinese_landscape__130942,0.1143,7
cast,1185,chinese_landscape__130942,0.2021,7
stytr2,1185,chinese_landscape__132834,0.2479,7
adain,1185,chinese_landscape__132834,0.0,7
sanet,1185,chinese_landscape__132834,0.0893,7
cast,1185,chinese_landscape__132834,0.231,7
stytr2,1185,chinese_landscape__132836,0.2427,7
adain,1185,chinese_landscape__132836,0.0,7
sanet,1185,chinese_landscape__132836,0.2154,7
cast,1185,chinese_landscape__132836,0.2542,7
stytr2,1185,chinese_landscape__132840,0.2427,7
adain,1185,chinese_landscape__132840,0.0,7
sanet,1185,chinese_landscape__132840,0.0857,7
cast,1185,chinese_landscape__132840,0.2696,7
stytr2,1185,chinese_landscape__132930,0.2049,7
adain,1185,chinese_landscape__132930,0.0,7
sanet,1185,chinese_landscape__132930,0.1635,7
cast,1185,chinese_landscape__132930,0.218,7
stytr2,1185,chinese_landscape__137205,0.3125,7
adain,1185,chinese_landscape__137205,0.0,7
sanet,1185,chinese_landscape__137205,0.1693,7
cast,1185,chinese_landscape__137205,0.1984,7
stytr2,1185,chinese_landscape__142574,0.3471,7
adain,1185,chinese_landscape__142574,0.0,7
sanet,1185,chinese_landscape__142574,0.1143,7
cast,1185,chinese_landscape__142574,0.1429,7
stytr2,1185,chinese_landscape__142578,0.3236,7
adain,1185,chinese_landscape__142578,0.0,7
sanet,1185,chinese_landscape__142578,0.125,7
cast,1185,chinese_landscape__142578,0.1286,7
stytr2,1185,chinese_landscape__144829,0.3737,7
adain,1185,chinese_landscape__144829,0.0,7
sanet,1185,chinese_landscape__144829,0.1751,7
cast,1185,chinese_landscape__144829,0.3064,7
stytr2,1185,chinese_landscape__148342,0.2122,7
adain,1185,chinese_landscape__148342,0.0,7
sanet,1185,chinese_landscape__148342,0.1071,7
cast,1185,chinese_landscape__148342,0.1891,7
stytr2,1185,mural__img_1082crop_1_0,0.1786,7
adain,1185,mural__img_1082crop_1_0,0.0,7
sanet,1185,mural__img_1082crop_1_0,0.1224,7
cast,1185,mural__img_1082crop_1_0,0.1143,7
stytr2,1185,mural__img_1224crop_0_0,0.1111,7
adain,1185,mural__img_1224crop_0_0,0.0,7
sanet,1185,mural__img_1224crop_0_0,0.0357,7
cast,1185,mural__img_1224crop_0_0,0.1143,7
stytr2,1185,mural__img_1224crop_1_1,0.1733,7
adain,1185,mural__img_1224crop_1_1,0.0,7
sanet,1185,mural__img_1224crop_1_1,0.0,7
cast,1185,mural__img_1224crop_1_1,0.1111,7
stytr2,1185,mural__img_16crop_0_0,0.1143,7
adain,1185,mural__img_16crop_0_0,0.0,7
sanet,1185,mural__img_16crop_0_0,0.0612,7
cast,1185,mural__img_16crop_0_0,0.2034,7
stytr2,1185,mural__img_276crop_1_0,0.127,7
adain,1185,mural__img_276crop_1_0,0.0,7
sanet,1185,mural__img_276crop_1_0,0.0,7
cast,1185,mural__img_276crop_1_0,0.1965,7
stytr2,1185,mural__img_326crop_1_1,0.1071,7
adain,1185,mural__img_326crop_1_1,0.0,7
sanet,1185,mural__img_326crop_1_1,0.0,7
cast,1185,mural__img_326crop_1_1,0.2236,7
stytr2,1185,mural__img_327crop_0_1,0.125,7
adain,1185,mural__img_327crop_0_1,0.0,7
sanet,1185,mural__img_327crop_0_1,0.0714,7
cast,1185,mural__img_327crop_0_1,0.127,7
stytr2,1185,mural__img_536crop_1_0,0.125,7
adain,1185,mural__img_536crop_1_0,0.0,7
sanet,1185,mural__img_536crop_1_0,0.125,7
cast,1185,mural__img_536crop_1_0,0.1286,7
stytr2,1185,mural__img_593crop_0_0,0.1286,7
adain,1185,mural__img_593crop_0_0,0.0,7
sanet,1185,mural__img_593crop_0_0,0.0952,7
cast,1185,mural__img_593crop_0_0,0.1143,7
stytr2,1185,mural__img_739crop_1_1,0.1111,7
adain,1185,mural__img_739crop_1_1,0.0,7
sanet,1185,mural__img_739crop_1_1,0.0,7
cast,1185,mural__img_739crop_1_1,0.15,7
stytr2,1185,western_painting__met_359775,0.1902,7
adain,1185,western_painting__met_359775,0.0,7
sanet,1185,western_painting__met_359775,0.0794,7
cast,1185,western_painting__met_359775,0.2424,7
stytr2,1185,western_painting__met_383787,0.1429,7
adain,1185,western_painting__met_383787,0.0,7
sanet,1185,western_painting__met_383787,0.1416,7
cast,1185,western_painting__met_383787,0.1286,7
stytr2,1185,western_painting__met_406721,0.2253,7
adain,1185,western_painting__met_406721,0.0,7
sanet,1185,western_painting__met_406721,0.2021,7
cast,1185,western_painting__met_406721,0.2131,7
stytr2,1185,western_painting__met_437769,0.125,7
adain,1185,western_painting__met_437769,0.0,7
sanet,1185,western_painting__met_437769,0.0,7
cast,1185,western_painting__met_437769,0.1111,7
stytr2,1185,western_painting__met_437967,0.1863,7
adain,1185,western_painting__met_437967,0.0,7
sanet,1185,western_painting__met_437967,0.0794,7
cast,1185,western_painting__met_437967,0.2189,7
stytr2,1185,western_painting__met_439405,0.125,7
adain,1185,western_painting__met_439405,0.0,7
sanet,1185,western_painting__met_439405,0.0,7
cast,1185,western_painting__met_439405,0.1922,7
stytr2,1185,western_painting__met_649693,0.1738,7
adain,1185,western_painting__met_649693,0.0,7
sanet,1185,western_painting__met_649693,0.1071,7
cast,1185,western_painting__met_649693,0.1907,7
stytr2,1185,western_painting__met_739494,0.1872,7
adain,1185,western_painting__met_739494,0.0,7
sanet,1185,western_painting__met_739494,0.127,7
cast,1185,western_painting__met_739494,0.1866,7
stytr2,1185,western_painting__met_787672,0.2261,7
adain,1185,western_painting__met_787672,0.0,7
sanet,1185,western_painting__met_787672,0.1111,7
cast,1185,western_painting__met_787672,0.2253,7
stytr2,1185,western_painting__met_788182,0.2281,7
adain,1185,western_painting__met_788182,0.0,7
sanet,1185,western_painting__met_788182,0.1131,7
cast,1185,western_painting__met_788182,0.2269,7
stytr2,1269,chinese_landscape__130942,0.1717,7
adain,1269,chinese_landscape__130942,0.0,7
sanet,1269,chinese_landscape__130942,0.1181,7
cast,1269,chinese_landscape__130942,0.1717,7
stytr2,1269,chinese_landscape__132834,0.1717,7
adain,1269,chinese_landscape__132834,0.0,7
sanet,1269,chinese_landscape__132834,0.0714,7
cast,1269,chinese_landscape__132834,0.1717,7
stytr2,1269,chinese_landscape__132836,0.236,7
adain,1269,chinese_landscape__132836,0.0,7
sanet,1269,chinese_landscape__132836,0.1538,7
cast,1269,chinese_landscape__132836,0.1717,7
stytr2,1269,chinese_landscape__132840,0.1717,7
adain,1269,chinese_landscape__132840,0.0,7
sanet,1269,chinese_landscape__132840,0.1181,7
cast,1269,chinese_landscape__132840,0.1717,7
stytr2,1269,chinese_landscape__132930,0.2574,7
adain,1269,chinese_landscape__132930,0.0,7
sanet,1269,chinese_landscape__132930,0.0,7
cast,1269,chinese_landscape__132930,0.1717,7
stytr2,1269,chinese_landscape__137205,0.2003,7
adain,1269,chinese_landscape__137205,0.0,7
sanet,1269,chinese_landscape__137205,0.0,7
cast,1269,chinese_landscape__137205,0.1717,7
stytr2,1269,chinese_landscape__142574,0.1717,7
adain,1269,chinese_landscape__142574,0.0,7
sanet,1269,chinese_landscape__142574,0.0,7
cast,1269,chinese_landscape__142574,0.1717,7
stytr2,1269,chinese_landscape__142578,0.1717,7
adain,1269,chinese_landscape__142578,0.0,7
sanet,1269,chinese_landscape__142578,0.1538,7
cast,1269,chinese_landscape__142578,0.1717,7
stytr2,1269,chinese_landscape__144829,0.1717,7
adain,1269,chinese_landscape__144829,0.0,7
sanet,1269,chinese_landscape__144829,0.1538,7
cast,1269,chinese_landscape__144829,0.1717,7
stytr2,1269,chinese_landscape__148342,0.1717,7
adain,1269,chinese_landscape__148342,0.0,7
sanet,1269,chinese_landscape__148342,0.0,7
cast,1269,chinese_landscape__148342,0.1717,7
stytr2,1269,mural__img_1082crop_1_0,0.2074,7
adain,1269,mural__img_1082crop_1_0,0.0,7
sanet,1269,mural__img_1082crop_1_0,0.0,7
cast,1269,mural__img_1082crop_1_0,0.1717,7
stytr2,1269,mural__img_1224crop_0_0,0.136,7
adain,1269,mural__img_1224crop_0_0,0.0,7
sanet,1269,mural__img_1224crop_0_0,0.0,7
cast,1269,mural__img_1224crop_0_0,0.1717,7
stytr2,1269,mural__img_1224crop_1_1,0.1538,7
adain,1269,mural__img_1224crop_1_1,0.0,7
sanet,1269,mural__img_1224crop_1_1,0.0,7
cast,1269,mural__img_1224crop_1_1,0.1538,7
stytr2,1269,mural__img_16crop_0_0,0.1717,7
adain,1269,mural__img_16crop_0_0,0.0,7
sanet,1269,mural__img_16crop_0_0,0.0,7
cast,1269,mural__img_16crop_0_0,0.1717,7
stytr2,1269,mural__img_276crop_1_0,0.1538,7
adain,1269,mural__img_276crop_1_0,0.0,7
sanet,1269,mural__img_276crop_1_0,0.0,7
cast,1269,mural__img_276crop_1_0,0.1717,7
stytr2,1269,mural__img_326crop_1_1,0.13,7
adain,1269,mural__img_326crop_1_1,0.0,7
sanet,1269,mural__img_326crop_1_1,0.0,7
cast,1269,mural__img_326crop_1_1,0.1717,7
stytr2,1269,mural__img_327crop_0_1,0.1717,7
adain,1269,mural__img_327crop_0_1,0.0,7
sanet,1269,mural__img_327crop_0_1,0.1334,7
cast,1269,mural__img_327crop_0_1,0.1717,7
stytr2,1269,mural__img_536crop_1_0,0.1717,7
adain,1269,mural__img_536crop_1_0,0.0,7
sanet,1269,mural__img_536crop_1_0,0.0722,7
cast,1269,mural__img_536crop_1_0,0.1717,7
stytr2,1269,mural__img_593crop_0_0,0.1717,7
adain,1269,mural__img_593crop_0_0,0.0,7
sanet,1269,mural__img_593crop_0_0,0.0,7
cast,1269,mural__img_593crop_0_0,0.1717,7
stytr2,1269,mural__img_739crop_1_1,0.1717,7
adain,1269,mural__img_739crop_1_1,0.0,7
sanet,1269,mural__img_739crop_1_1,0.0,7
cast,1269,mural__img_739crop_1_1,0.1717,7
stytr2,1269,western_painting__met_359775,0.1538,7
adain,1269,western_painting__met_359775,0.0,7
sanet,1269,western_painting__met_359775,0.0,7
cast,1269,western_painting__met_359775,0.1717,7
stytr2,1269,western_painting__met_383787,0.1538,7
adain,1269,western_painting__met_383787,0.0,7
sanet,1269,western_painting__met_383787,0.0926,7
cast,1269,western_painting__met_383787,0.1717,7
stytr2,1269,western_painting__met_406721,0.1717,7
adain,1269,western_painting__met_406721,0.0,7
sanet,1269,western_painting__met_406721,0.113,7
cast,1269,western_painting__met_406721,0.2288,7
stytr2,1269,western_painting__met_437769,0.2003,7
adain,1269,western_painting__met_437769,0.0,7
sanet,1269,western_painting__met_437769,0.0,7
cast,1269,western_painting__met_437769,0.1717,7
stytr2,1269,western_painting__met_437967,0.1717,7
adain,1269,western_painting__met_437967,0.0,7
sanet,1269,western_painting__met_437967,0.0,7
cast,1269,western_painting__met_437967,0.1717,7
stytr2,1269,western_painting__met_439405,0.1717,7
adain,1269,western_painting__met_439405,0.0,7
sanet,1269,western_painting__met_439405,0.0,7
cast,1269,western_painting__met_439405,0.1717,7
stytr2,1269,western_painting__met_649693,0.0586,7
adain,1269,western_painting__met_649693,0.0,7
sanet,1269,western_painting__met_649693,0.0,7
cast,1269,western_painting__met_649693,0.1717,7
stytr2,1269,western_painting__met_739494,0.1334,7
adain,1269,western_painting__met_739494,0.0,7
sanet,1269,western_painting__met_739494,0.113,7
cast,1269,western_painting__met_739494,0.1717,7
stytr2,1269,western_painting__met_787672,0.1538,7
adain,1269,western_painting__met_787672,0.0,7
sanet,1269,western_painting__met_787672,0.13,7
cast,1269,western_painting__met_787672,0.1717,7
stytr2,1269,western_painting__met_788182,0.1717,7
adain,1269,western_painting__met_788182,0.0,7
sanet,1269,western_painting__met_788182,0.0,7
cast,1269,western_painting__met_788182,0.1717,7
stytr2,1337,chinese_landscape__130942,0.0952,3
adain,1337,chinese_landscape__130942,0.0,3
sanet,1337,chinese_landscape__130942,0.0,3
cast,1337,chinese_landscape__130942,0.0,3
stytr2,1337,chinese_landscape__132834,0.0,3
adain,1337,chinese_landscape__132834,0.0,3
sanet,1337,chinese_landscape__132834,0.0,3
cast,1337,chinese_landscape__132834,0.0,3
stytr2,1337,chinese_landscape__132836,0.0,3
adain,1337,chinese_landscape__132836,0.0,3
sanet,1337,chinese_landscape__132836,0.0,3
cast,1337,chinese_landscape__132836,0.0,3
stytr2,1337,chinese_landscape__132840,0.1905,3
adain,1337,chinese_landscape__132840,0.0,3
sanet,1337,chinese_landscape__132840,0.0,3
cast,1337,chinese_landscape__132840,0.0,3
stytr2,1337,chinese_landscape__132930,0.0,3
adain,1337,chinese_landscape__132930,0.0,3
sanet,1337,chinese_landscape__132930,0.0,3
cast,1337,chinese_landscape__132930,0.0,3
stytr2,1337,chinese_landscape__137205,0.0,3
adain,1337,chinese_landscape__137205,0.0,3
sanet,1337,chinese_landscape__137205,0.0,3
cast,1337,chinese_landscape__137205,0.0,3
stytr2,1337,chinese_landscape__142574,0.2857,3
adain,1337,chinese_landscape__142574,0.0,3
sanet,1337,chinese_landscape__142574,0.0,3
cast,1337,chinese_landscape__142574,0.0,3
stytr2,1337,chinese_landscape__142578,0.1429,3
adain,1337,chinese_landscape__142578,0.0,3
sanet,1337,chinese_landscape__142578,0.0,3
cast,1337,chinese_landscape__142578,0.0,3
stytr2,1337,chinese_landscape__144829,0.2381,3
adain,1337,chinese_landscape__144829,0.0,3
sanet,1337,chinese_landscape__144829,0.0952,3
cast,1337,chinese_landscape__144829,0.0,3
stytr2,1337,chinese_landscape__148342,0.0,3
adain,1337,chinese_landscape__148342,0.0,3
sanet,1337,chinese_landscape__148342,0.0,3
cast,1337,chinese_landscape__148342,0.0,3
stytr2,1337,mural__img_1082crop_1_0,0.0,3
adain,1337,mural__img_1082crop_1_0,0.0,3
sanet,1337,mural__img_1082crop_1_0,0.0,3
cast,1337,mural__img_1082crop_1_0,0.0,3
stytr2,1337,mural__img_1224crop_0_0,0.0,3
adain,1337,mural__img_1224crop_0_0,0.0,3
sanet,1337,mural__img_1224crop_0_0,0.0,3
cast,1337,mural__img_1224crop_0_0,0.0,3
stytr2,1337,mural__img_1224crop_1_1,0.0,3
adain,1337,mural__img_1224crop_1_1,0.0,3
sanet,1337,mural__img_1224crop_1_1,0.0,3
cast,1337,mural__img_1224crop_1_1,0.0,3
stytr2,1337,mural__img_16crop_0_0,0.0,3
adain,1337,mural__img_16crop_0_0,0.0,3
sanet,1337,mural__img_16crop_0_0,0.0,3
cast,1337,mural__img_16crop_0_0,0.0,3
stytr2,1337,mural__img_276crop_1_0,0.0,3
adain,1337,mural__img_276crop_1_0,0.0,3
sanet,1337,mural__img_276crop_1_0,0.0,3
cast,1337,mural__img_276crop_1_0,0.0,3
stytr2,1337,mural__img_326crop_1_1,0.0,3
adain,1337,mural__img_326crop_1_1,0.0,3
sanet,1337,mural__img_326crop_1_1,0.0,3
cast,1337,mural__img_326crop_1_1,0.0,3
stytr2,1337,mural__img_327crop_0_1,0.0952,3
adain,1337,mural__img_327crop_0_1,0.0,3
sanet,1337,mural__img_327crop_0_1,0.0,3
cast,1337,mural__img_327crop_0_1,0.0,3
stytr2,1337,mural__img_536crop_1_0,0.0,3
adain,1337,mural__img_536crop_1_0,0.0,3
sanet,1337,mural__img_536crop_1_0,0.0,3
cast,1337,mural__img_536crop_1_0,0.0,3
stytr2,1337,mural__img_593crop_0_0,0.0,3
adain,1337,mural__img_593crop_0_0,0.0,3
sanet,1337,mural__img_593crop_0_0,0.0,3
cast,1337,mural__img_593crop_0_0,0.0,3
stytr2,1337,mural__img_739crop_1_1,0.0,3
adain,1337,mural__img_739crop_1_1,0.0,3
sanet,1337,mural__img_739crop_1_1,0.0,3
cast,1337,mural__img_739crop_1_1,0.0,3
stytr2,1337,western_painting__met_359775,0.0,3
adain,1337,western_painting__met_359775,0.0,3
sanet,1337,western_painting__met_359775,0.0,3
cast,1337,western_painting__met_359775,0.0,3
stytr2,1337,western_painting__met_383787,0.0,3
adain,1337,western_painting__met_383787,0.0,3
sanet,1337,western_painting__met_383787,0.0,3
cast,1337,western_painting__met_383787,0.0,3
stytr2,1337,western_painting__met_406721,0.0,3
adain,1337,western_painting__met_406721,0.0,3
sanet,1337,western_painting__met_406721,0.0,3
cast,1337,western_painting__met_406721,0.0,3
stytr2,1337,western_painting__met_437769,0.0,3
adain,1337,western_painting__met_437769,0.0,3
sanet,1337,western_painting__met_437769,0.0,3
cast,1337,western_painting__met_437769,0.0,3
stytr2,1337,western_painting__met_437967,0.0,3
adain,1337,western_painting__met_437967,0.0,3
sanet,1337,western_painting__met_437967,0.0,3
cast,1337,western_painting__met_437967,0.0,3
stytr2,1337,western_painting__met_439405,0.0,3
adain,1337,western_painting__met_439405,0.0,3
sanet,1337,western_painting__met_439405,0.0,3
cast,1337,western_painting__met_439405,0.0,3
stytr2,1337,western_painting__met_649693,0.0,3
adain,1337,western_painting__met_649693,0.0,3
sanet,1337,western_painting__met_649693,0.0,3
cast,1337,western_painting__met_649693,0.0,3
stytr2,1337,western_painting__met_739494,0.0,3
adain,1337,western_painting__met_739494,0.0,3
sanet,1337,western_painting__met_739494,0.0,3
cast,1337,western_painting__met_739494,0.0,3
stytr2,1337,western_painting__met_787672,0.0,3
adain,1337,western_painting__met_787672,0.0,3
sanet,1337,western_painting__met_787672,0.0,3
cast,1337,western_painting__met_787672,0.0606,3
stytr2,1337,western_painting__met_788182,0.0,3
adain,1337,western_painting__met_788182,0.0,3
sanet,1337,western_painting__met_788182,0.0,3
cast,1337,western_painting__met_788182,0.0,3
stytr2,1344,chinese_landscape__130942,0.5164,6
adain,1344,chinese_landscape__130942,0.0779,6
sanet,1344,chinese_landscape__130942,0.5013,6
cast,1344,chinese_landscape__130942,0.5619,6
stytr2,1344,chinese_landscape__132834,0.5316,6
adain,1344,chinese_landscape__132834,0.0,6
sanet,1344,chinese_landscape__132834,0.2722,6
cast,1344,chinese_landscape__132834,0.5164,6
stytr2,1344,chinese_landscape__132836,0.5164,6
adain,1344,chinese_landscape__132836,0.0,6
sanet,1344,chinese_landscape__132836,0.4434,6
cast,1344,chinese_landscape__132836,0.5164,6
stytr2,1344,chinese_landscape__132840,0.4876,6
adain,1344,chinese_landscape__132840,0.0,6
sanet,1344,chinese_landscape__132840,0.3783,6
cast,1344,chinese_landscape__132840,0.6149,6
stytr2,1344,chinese_landscape__132930,0.5316,6
adain,1344,chinese_landscape__132930,0.0,6
sanet,1344,chinese_landscape__132930,0.3801,6
cast,1344,chinese_landscape__132930,0.6391,6
stytr2,1344,chinese_landscape__137205,0.471,6
adain,1344,chinese_landscape__137205,0.0,6
sanet,1344,chinese_landscape__137205,0.4268,6
cast,1344,chinese_landscape__137205,0.5164,6
stytr2,1344,chinese_landscape__142574,0.5316,6
adain,1344,chinese_landscape__142574,0.0,6
sanet,1344,chinese_landscape__142574,0.5055,6
cast,1344,chinese_landscape__142574,0.5225,6
stytr2,1344,chinese_landscape__142578,0.5316,6
adain,1344,chinese_landscape__142578,0.0,6
sanet,1344,chinese_landscape__142578,0.5025,6
cast,1344,chinese_landscape__142578,0.5013,6
stytr2,1344,chinese_landscape__144829,0.5316,6
adain,1344,chinese_landscape__144829,0.0,6
sanet,1344,chinese_landscape__144829,0.3779,6
cast,1344,chinese_landscape__144829,0.5225,6
stytr2,1344,chinese_landscape__148342,0.5376,6
adain,1344,chinese_landscape__148342,0.0,6
sanet,1344,chinese_landscape__148342,0.407,6
cast,1344,chinese_landscape__148342,0.5467,6
stytr2,1344,mural__img_1082crop_1_0,0.5316,6
adain,1344,mural__img_1082crop_1_0,0.0,6
sanet,1344,mural__img_1082crop_1_0,0.0,6
cast,1344,mural__img_1082crop_1_0,0.5402,6
stytr2,1344,mural__img_1224crop_0_0,0.5073,6
adain,1344,mural__img_1224crop_0_0,0.0,6
sanet,1344,mural__img_1224crop_0_0,0.0,6
cast,1344,mural__img_1224crop_0_0,0.4274,6
stytr2,1344,mural__img_1224crop_1_1,0.3838,6
adain,1344,mural__img_1224crop_1_1,0.0,6
sanet,1344,mural__img_1224crop_1_1,0.2379,6
cast,1344,mural__img_1224crop_1_1,0.5225,6
stytr2,1344,mural__img_16crop_0_0,0.1528,6
adain,1344,mural__img_16crop_0_0,0.0,6
sanet,1344,mural__img_16crop_0_0,0.2962,6
cast,1344,mural__img_16crop_0_0,0.3535,6
stytr2,1344,mural__img_276crop_1_0,0.1139,6
adain,1344,mural__img_276crop_1_0,0.0,6
sanet,1344,mural__img_276crop_1_0,0.1417,6
cast,1344,mural__img_276crop_1_0,0.3865,6
stytr2,1344,mural__img_326crop_1_1,0.452,6
adain,1344,mural__img_326crop_1_1,0.0,6
sanet,1344,mural__img_326crop_1_1,0.0972,6
cast,1344,mural__img_326crop_1_1,0.5181,6
stytr2,1344,mural__img_327crop_0_1,0.5225,6
adain,1344,mural__img_327crop_0_1,0.0,6
sanet,1344,mural__img_327crop_0_1,0.2106,6
cast,1344,mural__img_327crop_0_1,0.4725,6
stytr2,1344,mural__img_536crop_1_0,0.5194,6
adain,1344,mural__img_536crop_1_0,0.0,6
sanet,1344,mural__img_536crop_1_0,0.0,6
cast,1344,mural__img_536crop_1_0,0.5376,6
stytr2,1344,mural__img_593crop_0_0,0.5484,6
adain,1344,mural__img_593crop_0_0,0.0,6
sanet,1344,mural__img_593crop_0_0,0.1556,6
cast,1344,mural__img_593crop_0_0,0.5013,6
stytr2,1344,mural__img_739crop_1_1,0.3304,6
adain,1344,mural__img_739crop_1_1,0.0,6
sanet,1344,mural__img_739crop_1_1,0.0931,6
cast,1344,mural__img_739crop_1_1,0.4947,6
stytr2,1344,western_painting__met_359775,0.4592,6
adain,1344,western_painting__met_359775,0.0,6
sanet,1344,western_painting__met_359775,0.3455,6
cast,1344,western_painting__met_359775,0.5164,6
stytr2,1344,western_painting__met_383787,0.4342,6
adain,1344,western_painting__met_383787,0.0,6
sanet,1344,western_painting__met_383787,0.4625,6
cast,1344,western_painting__met_383787,0.4558,6
stytr2,1344,western_painting__met_406721,0.3965,6
adain,1344,western_painting__met_406721,0.0,6
sanet,1344,western_painting__met_406721,0.5339,6
cast,1344,western_painting__met_406721,0.5164,6
stytr2,1344,western_painting__met_437769,0.1111,6
adain,1344,western_painting__met_437769,0.0,6
sanet,1344,western_painting__met_437769,0.132,6
cast,1344,western_painting__met_437769,0.5164,6
stytr2,1344,western_painting__met_437967,0.4453,6
adain,1344,western_painting__met_437967,0.0,6
sanet,1344,western_painting__met_437967,0.2974,6
cast,1344,western_painting__met_437967,0.5164,6
stytr2,1344,western_painting__met_439405,0.392,6
adain,1344,western_painting__met_439405,0.0,6
sanet,1344,western_painting__met_439405,0.0,6
cast,1344,western_painting__met_439405,0.4747,6
stytr2,1344,western_painting__met_649693,0.488,6
adain,1344,western_painting__met_649693,0.0,6
sanet,1344,western_painting__met_649693,0.3048,6
cast,1344,western_painting__met_649693,0.5164,6
stytr2,1344,western_painting__met_739494,0.1111,6
adain,1344,western_painting__met_739494,0.0,6
sanet,1344,western_painting__met_739494,0.2166,6
cast,1344,western_painting__met_739494,0.4274,6
stytr2,1344,western_painting__met_787672,0.5021,6
adain,1344,western_painting__met_787672,0.0,6
sanet,1344,western_painting__met_787672,0.3523,6
cast,1344,western_painting__met_787672,0.5164,6
stytr2,1344,western_painting__met_788182,0.4669,6
adain,1344,western_painting__met_788182,0.0,6
sanet,1344,western_painting__met_788182,0.3045,6
cast,1344,western_painting__met_788182,0.5316,6
stytr2,1535,chinese_landscape__130942,0.6102,15
adain,1535,chinese_landscape__130942,0.0833,15
sanet,1535,chinese_landscape__130942,0.3822,15
cast,1535,chinese_landscape__130942,0.5561,15
stytr2,1535,chinese_landscape__132834,0.5909,15
adain,1535,chinese_landscape__132834,0.0641,15
sanet,1535,chinese_landscape__132834,0.4493,15
cast,1535,chinese_landscape__132834,0.5472,15
stytr2,1535,chinese_landscape__132836,0.5987,15
adain,1535,chinese_landscape__132836,0.0519,15
sanet,1535,chinese_landscape__132836,0.38,15
cast,1535,chinese_landscape__132836,0.5411,15
stytr2,1535,chinese_landscape__132840,0.6061,15
adain,1535,chinese_landscape__132840,0.0,15
sanet,1535,chinese_landscape__132840,0.3731,15
cast,1535,chinese_landscape__132840,0.5318,15
stytr2,1535,chinese_landscape__132930,0.6227,15
adain,1535,chinese_landscape__132930,0.0,15
sanet,1535,chinese_landscape__132930,0.3876,15
cast,1535,chinese_landscape__132930,0.5231,15
stytr2,1535,chinese_landscape__137205,0.5956,15
adain,1535,chinese_landscape__137205,0.0667,15
sanet,1535,chinese_landscape__137205,0.4324,15
cast,1535,chinese_landscape__137205,0.5394,15
stytr2,1535,chinese_landscape__142574,0.6275,15
adain,1535,chinese_landscape__142574,0.063,15
sanet,1535,chinese_landscape__142574,0.2985,15
cast,1535,chinese_landscape__142574,0.5616,15
stytr2,1535,chinese_landscape__142578,0.6005,15
adain,1535,chinese_landscape__142578,0.0,15
sanet,1535,chinese_landscape__142578,0.5009,15
cast,1535,chinese_landscape__142578,0.5505,15
stytr2,1535,chinese_landscape__144829,0.6227,15
adain,1535,chinese_landscape__144829,0.1167,15
sanet,1535,chinese_landscape__144829,0.5061,15
cast,1535,chinese_landscape__144829,0.5294,15
stytr2,1535,chinese_landscape__148342,0.5736,15
adain,1535,chinese_landscape__148342,0.0426,15
sanet,1535,chinese_landscape__148342,0.3704,15
cast,1535,chinese_landscape__148342,0.5372,15
stytr2,1535,mural__img_1082crop_1_0,0.5502,15
adain,1535,mural__img_1082crop_1_0,0.1895,15
sanet,1535,mural__img_1082crop_1_0,0.2119,15
cast,1535,mural__img_1082crop_1_0,0.5831,15
stytr2,1535,mural__img_1224crop_0_0,0.4431,15
adain,1535,mural__img_1224crop_0_0,0.0985,15
sanet,1535,mural__img_1224crop_0_0,0.275,15
cast,1535,mural__img_1224crop_0_0,0.5328,15
stytr2,1535,mural__img_1224crop_1_1,0.4986,15
adain,1535,mural__img_1224crop_1_1,0.0,15
sanet,1535,mural__img_1224crop_1_1,0.3205,15
cast,1535,mural__img_1224crop_1_1,0.545,15
stytr2,1535,mural__img_16crop_0_0,0.2628,15
adain,1535,mural__img_16crop_0_0,0.0,15
sanet,1535,mural__img_16crop_0_0,0.15,15
cast,1535,mural__img_16crop_0_0,0.4853,15
stytr2,1535,mural__img_276crop_1_0,0.2963,15
adain,1535,mural__img_276crop_1_0,0.0,15
sanet,1535,mural__img_276crop_1_0,0.2152,15
cast,1535,mural__img_276crop_1_0,0.5102,15
stytr2,1535,mural__img_326crop_1_1,0.5313,15
adain,1535,mural__img_326crop_1_1,0.0,15
sanet,1535,mural__img_326crop_1_1,0.1667,15
cast,1535,mural__img_326crop_1_1,0.532,15
stytr2,1535,mural__img_327crop_0_1,0.5283,15
adain,1535,mural__img_327crop_0_1,0.0,15
sanet,1535,mural__img_327crop_0_1,0.4317,15
cast,1535,mural__img_327crop_0_1,0.5783,15
stytr2,1535,mural__img_536crop_1_0,0.5483,15
adain,1535,mural__img_536crop_1_0,0.0333,15
sanet,1535,mural__img_536crop_1_0,0.3285,15
cast,1535,mural__img_536crop_1_0,0.565,15
stytr2,1535,mural__img_593crop_0_0,0.5783,15
adain,1535,mural__img_593crop_0_0,0.0,15
sanet,1535,mural__img_593crop_0_0,0.5575,15
cast,1535,mural__img_593crop_0_0,0.565,15
stytr2,1535,mural__img_739crop_1_1,0.4267,15
adain,1535,mural__img_739crop_1_1,0.1333,15
sanet,1535,mural__img_739crop_1_1,0.3568,15
cast,1535,mural__img_739crop_1_1,0.5702,15
stytr2,1535,western_painting__met_359775,0.392,15
adain,1535,western_painting__met_359775,0.0,15
sanet,1535,western_painting__met_359775,0.2615,15
cast,1535,western_painting__met_359775,0.5505,15
stytr2,1535,western_painting__met_383787,0.318,15
adain,1535,western_painting__met_383787,0.0,15
sanet,1535,western_painting__met_383787,0.3593,15
cast,1535,western_painting__met_383787,0.5394,15
stytr2,1535,western_painting__met_406721,0.5502,15
adain,1535,western_painting__met_406721,0.0,15
sanet,1535,western_painting__met_406721,0.4164,15
cast,1535,western_painting__met_406721,0.542,15
stytr2,1535,western_painting__met_437769,0.479,15
adain,1535,western_painting__met_437769,0.0667,15
sanet,1535,western_painting__met_437769,0.368,15
cast,1535,western_painting__met_437769,0.5531,15
stytr2,1535,western_painting__met_437967,0.5086,15
adain,1535,western_painting__met_437967,0.0,15
sanet,1535,western_painting__met_437967,0.3635,15
cast,1535,western_painting__met_437967,0.5246,15
stytr2,1535,western_painting__met_439405,0.4338,15
adain,1535,western_painting__met_439405,0.0667,15
sanet,1535,western_painting__met_439405,0.3235,15
cast,1535,western_painting__met_439405,0.5661,15
stytr2,1535,western_painting__met_649693,0.3738,15
adain,1535,western_painting__met_649693,0.0444,15
sanet,1535,western_painting__met_649693,0.2831,15
cast,1535,western_painting__met_649693,0.5672,15
stytr2,1535,western_painting__met_739494,0.5391,15
adain,1535,western_painting__met_739494,0.0,15
sanet,1535,western_painting__met_739494,0.4182,15
cast,1535,western_painting__met_739494,0.5505,15
stytr2,1535,western_painting__met_787672,0.4864,15
adain,1535,western_painting__met_787672,0.0833,15
sanet,1535,western_painting__met_787672,0.4998,15
cast,1535,western_painting__met_787672,0.5383,15
stytr2,1535,western_painting__met_788182,0.4724,15
adain,1535,western_painting__met_788182,0.0,15
sanet,1535,western_painting__met_788182,0.3731,15
cast,1535,western_painting__met_788182,0.5405,15
stytr2,1582,chinese_landscape__130942,0.2818,22
adain,1582,chinese_landscape__130942,0.017,22
sanet,1582,chinese_landscape__130942,0.0341,22
cast,1582,chinese_landscape__130942,0.3016,22
stytr2,1582,chinese_landscape__132834,0.2899,22
adain,1582,chinese_landscape__132834,0.0,22
sanet,1582,chinese_landscape__132834,0.0398,22
cast,1582,chinese_landscape__132834,0.2114,22
stytr2,1582,chinese_landscape__132836,0.2337,22
adain,1582,chinese_landscape__132836,0.0,22
sanet,1582,chinese_landscape__132836,0.0398,22
cast,1582,chinese_landscape__132836,0.1756,22
stytr2,1582,chinese_landscape__132840,0.3997,22
adain,1582,chinese_landscape__132840,0.0,22
sanet,1582,chinese_landscape__132840,0.0716,22
cast,1582,chinese_landscape__132840,0.0455,22
stytr2,1582,chinese_landscape__132930,0.0739,22
adain,1582,chinese_landscape__132930,0.0,22
sanet,1582,chinese_landscape__132930,0.0284,22
cast,1582,chinese_landscape__132930,0.318,22
stytr2,1582,chinese_landscape__137205,0.2436,22
adain,1582,chinese_landscape__137205,0.0,22
sanet,1582,chinese_landscape__137205,0.1682,22
cast,1582,chinese_landscape__137205,0.1905,22
stytr2,1582,chinese_landscape__142574,0.2102,22
adain,1582,chinese_landscape__142574,0.0,22
sanet,1582,chinese_landscape__142574,0.0398,22
cast,1582,chinese_landscape__142574,0.2325,22
stytr2,1582,chinese_landscape__142578,0.2915,22
adain,1582,chinese_landscape__142578,0.0,22
sanet,1582,chinese_landscape__142578,0.0398,22
cast,1582,chinese_landscape__142578,0.2095,22
stytr2,1582,chinese_landscape__144829,0.4099,22
adain,1582,chinese_landscape__144829,0.0,22
sanet,1582,chinese_landscape__144829,0.1218,22
cast,1582,chinese_landscape__144829,0.0727,22
stytr2,1582,chinese_landscape__148342,0.2681,22
adain,1582,chinese_landscape__148342,0.0,22
sanet,1582,chinese_landscape__148342,0.0398,22
cast,1582,chinese_landscape__148342,0.1346,22
stytr2,1582,mural__img_1082crop_1_0,0.2501,22
adain,1582,mural__img_1082crop_1_0,0.0,22
sanet,1582,mural__img_1082crop_1_0,0.0398,22
cast,1582,mural__img_1082crop_1_0,0.0682,22
stytr2,1582,mural__img_1224crop_0_0,0.0636,22
adain,1582,mural__img_1224crop_0_0,0.0,22
sanet,1582,mural__img_1224crop_0_0,0.0341,22
cast,1582,mural__img_1224crop_0_0,0.2573,22
stytr2,1582,mural__img_1224crop_1_1,0.0455,22
adain,1582,mural__img_1224crop_1_1,0.0,22
sanet,1582,mural__img_1224crop_1_1,0.0284,22
cast,1582,mural__img_1224crop_1_1,0.0727,22
stytr2,1582,mural__img_16crop_0_0,0.0398,22
adain,1582,mural__img_16crop_0_0,0.0,22
sanet,1582,mural__img_16crop_0_0,0.0398,22
cast,1582,mural__img_16crop_0_0,0.0398,22
stytr2,1582,mural__img_276crop_1_0,0.0455,22
adain,1582,mural__img_276crop_1_0,0.0,22
sanet,1582,mural__img_276crop_1_0,0.0398,22
cast,1582,mural__img_276crop_1_0,0.0398,22
stytr2,1582,mural__img_326crop_1_1,0.0455,22
adain,1582,mural__img_326crop_1_1,0.0,22
sanet,1582,mural__img_326crop_1_1,0.0341,22
cast,1582,mural__img_326crop_1_1,0.0398,22
stytr2,1582,mural__img_327crop_0_1,0.225,22
adain,1582,mural__img_327crop_0_1,0.0,22
sanet,1582,mural__img_327crop_0_1,0.0398,22
cast,1582,mural__img_327crop_0_1,0.0455,22
stytr2,1582,mural__img_536crop_1_0,0.3069,22
adain,1582,mural__img_536crop_1_0,0.0,22
sanet,1582,mural__img_536crop_1_0,0.0398,22
cast,1582,mural__img_536crop_1_0,0.0778,22
stytr2,1582,mural__img_593crop_0_0,0.4076,22
adain,1582,mural__img_593crop_0_0,0.0,22
sanet,1582,mural__img_593crop_0_0,0.0398,22
cast,1582,mural__img_593crop_0_0,0.0682,22
stytr2,1582,mural__img_739crop_1_1,0.275,22
adain,1582,mural__img_739crop_1_1,0.0,22
sanet,1582,mural__img_739crop_1_1,0.0398,22
cast,1582,mural__img_739crop_1_1,0.2712,22
stytr2,1582,western_painting__met_359775,0.0398,22
adain,1582,western_painting__met_359775,0.0,22
sanet,1582,western_painting__met_359775,0.0341,22
cast,1582,western_painting__met_359775,0.0455,22
stytr2,1582,western_painting__met_383787,0.0398,22
adain,1582,western_painting__met_383787,0.0,22
sanet,1582,western_painting__met_383787,0.0398,22
cast,1582,western_painting__met_383787,0.2561,22
stytr2,1582,western_painting__met_406721,0.0455,22
adain,1582,western_painting__met_406721,0.0,22
sanet,1582,western_painting__met_406721,0.0732,22
cast,1582,western_painting__met_406721,0.0455,22
stytr2,1582,western_painting__met_437769,0.1843,22
adain,1582,western_painting__met_437769,0.0,22
sanet,1582,western_painting__met_437769,0.0398,22
cast,1582,western_painting__met_437769,0.0455,22
stytr2,1582,western_painting__met_437967,0.0341,22
adain,1582,western_painting__met_437967,0.0,22
sanet,1582,western_painting__met_437967,0.0398,22
cast,1582,western_painting__met_437967,0.0455,22
stytr2,1582,western_painting__met_439405,0.2771,22
adain,1582,western_painting__met_439405,0.0,22
sanet,1582,western_painting__met_439405,0.0284,22
cast,1582,western_painting__met_439405,0.0455,22
stytr2,1582,western_painting__met_649693,0.017,22
adain,1582,western_painting__met_649693,0.0,22
sanet,1582,western_painting__met_649693,0.0341,22
cast,1582,western_painting__met_649693,0.0636,22
stytr2,1582,western_painting__met_739494,0.2103,22
adain,1582,western_painting__met_739494,0.0,22
sanet,1582,western_painting__met_739494,0.0341,22
cast,1582,western_painting__met_739494,0.0455,22
stytr2,1582,western_painting__met_787672,0.0455,22
adain,1582,western_painting__met_787672,0.0,22
sanet,1582,western_painting__met_787672,0.126,22
cast,1582,western_painting__met_787672,0.2912,22
stytr2,1582,western_painting__met_788182,0.0455,22
adain,1582,western_painting__met_788182,0.0,22
sanet,1582,western_painting__met_788182,0.0398,22
cast,1582,western_painting__met_788182,0.2336,22
stytr2,1600,chinese_landscape__130942,0.4082,7
adain,1600,chinese_landscape__130942,0.0,7
sanet,1600,chinese_landscape__130942,0.2449,7
cast,1600,chinese_landscape__130942,0.3245,7
stytr2,1600,chinese_landscape__132834,0.2727,7
adain,1600,chinese_landscape__132834,0.0,7
sanet,1600,chinese_landscape__132834,0.1071,7
cast,1600,chinese_landscape__132834,0.2993,7
stytr2,1600,chinese_landscape__132836,0.3388,7
adain,1600,chinese_landscape__132836,0.0,7
sanet,1600,chinese_landscape__132836,0.125,7
cast,1600,chinese_landscape__132836,0.3102,7
stytr2,1600,chinese_landscape__132840,0.2857,7
adain,1600,chinese_landscape__132840,0.0,7
sanet,1600,chinese_landscape__132840,0.2066,7
cast,1600,chinese_landscape__132840,0.2423,7
stytr2,1600,chinese_landscape__132930,0.3748,7
adain,1600,chinese_landscape__132930,0.0,7
sanet,1600,chinese_landscape__132930,0.125,7
cast,1600,chinese_landscape__132930,0.2245,7
stytr2,1600,chinese_landscape__137205,0.2222,7
adain,1600,chinese_landscape__137205,0.0,7
sanet,1600,chinese_landscape__137205,0.125,7
cast,1600,chinese_landscape__137205,0.3152,7
stytr2,1600,chinese_landscape__142574,0.3618,7
adain,1600,chinese_landscape__142574,0.0,7
sanet,1600,chinese_landscape__142574,0.2041,7
cast,1600,chinese_landscape__142574,0.2449,7
stytr2,1600,chinese_landscape__142578,0.362,7
adain,1600,chinese_landscape__142578,0.0,7
sanet,1600,chinese_landscape__142578,0.3061,7
cast,1600,chinese_landscape__142578,0.2245,7
stytr2,1600,chinese_landscape__144829,0.3952,7
adain,1600,chinese_landscape__144829,0.0,7
sanet,1600,chinese_landscape__144829,0.1429,7
cast,1600,chinese_landscape__144829,0.2934,7
stytr2,1600,chinese_landscape__148342,0.349,7
adain,1600,chinese_landscape__148342,0.0,7
sanet,1600,chinese_landscape__148342,0.125,7
cast,1600,chinese_landscape__148342,0.2245,7
stytr2,1600,mural__img_1082crop_1_0,0.2468,7
adain,1600,mural__img_1082crop_1_0,0.074,7
sanet,1600,mural__img_1082crop_1_0,0.125,7
cast,1600,mural__img_1082crop_1_0,0.3401,7
stytr2,1600,mural__img_1224crop_0_0,0.125,7
adain,1600,mural__img_1224crop_0_0,0.0,7
sanet,1600,mural__img_1224crop_0_0,0.0714,7
cast,1600,mural__img_1224crop_0_0,0.3102,7
stytr2,1600,mural__img_1224crop_1_1,0.125,7
adain,1600,mural__img_1224crop_1_1,0.0536,7
sanet,1600,mural__img_1224crop_1_1,0.0893,7
cast,1600,mural__img_1224crop_1_1,0.3041,7
stytr2,1600,mural__img_16crop_0_0,0.2041,7
adain,1600,mural__img_16crop_0_0,0.0,7
sanet,1600,mural__img_16crop_0_0,0.0893,7
cast,1600,mural__img_16crop_0_0,0.1429,7
stytr2,1600,mural__img_276crop_1_0,0.1429,7
adain,1600,mural__img_276crop_1_0,0.0,7
sanet,1600,mural__img_276crop_1_0,0.125,7
cast,1600,mural__img_276crop_1_0,0.1429,7
stytr2,1600,mural__img_326crop_1_1,0.1429,7
adain,1600,mural__img_326crop_1_1,0.0,7
sanet,1600,mural__img_326crop_1_1,0.0714,7
cast,1600,mural__img_326crop_1_1,0.2286,7
stytr2,1600,mural__img_327crop_0_1,0.2381,7
adain,1600,mural__img_327crop_0_1,0.0536,7
sanet,1600,mural__img_327crop_0_1,0.0893,7
cast,1600,mural__img_327crop_0_1,0.3544,7
stytr2,1600,mural__img_536crop_1_0,0.3524,7
adain,1600,mural__img_536crop_1_0,0.0536,7
sanet,1600,mural__img_536crop_1_0,0.0893,7
cast,1600,mural__img_536crop_1_0,0.3284,7
stytr2,1600,mural__img_593crop_0_0,0.3356,7
adain,1600,mural__img_593crop_0_0,0.0357,7
sanet,1600,mural__img_593crop_0_0,0.1071,7
cast,1600,mural__img_593crop_0_0,0.3414,7
stytr2,1600,mural__img_739crop_1_1,0.2143,7
adain,1600,mural__img_739crop_1_1,0.0,7
sanet,1600,mural__img_739crop_1_1,0.0714,7
cast,1600,mural__img_739crop_1_1,0.3024,7
stytr2,1600,western_painting__met_359775,0.2066,7
adain,1600,western_painting__met_359775,0.0,7
sanet,1600,western_painting__met_359775,0.0536,7
cast,1600,western_painting__met_359775,0.2959,7
stytr2,1600,western_painting__met_383787,0.1429,7
adain,1600,western_painting__met_383787,0.0,7
sanet,1600,western_painting__met_383787,0.1071,7
cast,1600,western_painting__met_383787,0.2755,7
stytr2,1600,western_painting__met_406721,0.2222,7
adain,1600,western_painting__met_406721,0.0,7
sanet,1600,western_painting__met_406721,0.1071,7
cast,1600,western_painting__met_406721,0.1429,7
stytr2,1600,western_painting__met_437769,0.2143,7
adain,1600,western_painting__met_437769,0.0,7
sanet,1600,western_painting__met_437769,0.0714,7
cast,1600,western_painting__met_437769,0.2107,7
stytr2,1600,western_painting__met_437967,0.3673,7
adain,1600,western_painting__met_437967,0.0,7
sanet,1600,western_painting__met_437967,0.125,7
cast,1600,western_painting__met_437967,0.1964,7
stytr2,1600,western_painting__met_439405,0.1429,7
adain,1600,western_painting__met_439405,0.0,7
sanet,1600,western_painting__met_439405,0.0,7
cast,1600,western_painting__met_439405,0.3358,7
stytr2,1600,western_painting__met_649693,0.0714,7
adain,1600,western_painting__met_649693,0.0,7
sanet,1600,western_painting__met_649693,0.0893,7
cast,1600,western_painting__met_649693,0.1429,7
stytr2,1600,western_painting__met_739494,0.125,7
adain,1600,western_painting__met_739494,0.0,7
sanet,1600,western_painting__met_739494,0.125,7
cast,1600,western_painting__met_739494,0.2662,7
stytr2,1600,western_painting__met_787672,0.1786,7
adain,1600,western_painting__met_787672,0.0,7
sanet,1600,western_painting__met_787672,0.0893,7
cast,1600,western_painting__met_787672,0.1429,7
stytr2,1600,western_painting__met_788182,0.1429,7
adain,1600,western_painting__met_788182,0.0,7
sanet,1600,western_painting__met_788182,0.125,7
cast,1600,western_painting__met_788182,0.2041,7
stytr2,1670,chinese_landscape__130942,0.4231,4
adain,1670,chinese_landscape__130942,0.0,4
sanet,1670,chinese_landscape__130942,0.3269,4
cast,1670,chinese_landscape__130942,0.1875,4
stytr2,1670,chinese_landscape__132834,0.3462,4
adain,1670,chinese_landscape__132834,0.0,4
sanet,1670,chinese_landscape__132834,0.1875,4
cast,1670,chinese_landscape__132834,0.3654,4
stytr2,1670,chinese_landscape__132836,0.3269,4
adain,1670,chinese_landscape__132836,0.0,4
sanet,1670,chinese_landscape__132836,0.25,4
cast,1670,chinese_landscape__132836,0.25,4
stytr2,1670,chinese_landscape__132840,0.25,4
adain,1670,chinese_landscape__132840,0.0,4
sanet,1670,chinese_landscape__132840,0.25,4
cast,1670,chinese_landscape__132840,0.25,4
stytr2,1670,chinese_landscape__132930,0.3654,4
adain,1670,chinese_landscape__132930,0.0,4
sanet,1670,chinese_landscape__132930,0.0,4
cast,1670,chinese_landscape__132930,0.3029,4
stytr2,1670,chinese_landscape__137205,0.25,4
adain,1670,chinese_landscape__137205,0.0,4
sanet,1670,chinese_landscape__137205,0.25,4
cast,1670,chinese_landscape__137205,0.125,4
stytr2,1670,chinese_landscape__142574,0.4038,4
adain,1670,chinese_landscape__142574,0.0,4
sanet,1670,chinese_landscape__142574,0.25,4
cast,1670,chinese_landscape__142574,0.3798,4
stytr2,1670,chinese_landscape__142578,0.4038,4
adain,1670,chinese_landscape__142578,0.0,4
sanet,1670,chinese_landscape__142578,0.25,4
cast,1670,chinese_landscape__142578,0.1875,4
stytr2,1670,chinese_landscape__144829,0.3846,4
adain,1670,chinese_landscape__144829,0.0,4
sanet,1670,chinese_landscape__144829,0.25,4
cast,1670,chinese_landscape__144829,0.2788,4
stytr2,1670,chinese_landscape__148342,0.3846,4
adain,1670,chinese_landscape__148342,0.0,4
sanet,1670,chinese_landscape__148342,0.25,4
cast,1670,chinese_landscape__148342,0.125,4
stytr2,1670,mural__img_1082crop_1_0,0.3462,4
adain,1670,mural__img_1082crop_1_0,0.0,4
sanet,1670,mural__img_1082crop_1_0,0.0,4
cast,1670,mural__img_1082crop_1_0,0.1875,4
stytr2,1670,mural__img_1224crop_0_0,0.1875,4
adain,1670,mural__img_1224crop_0_0,0.0,4
sanet,1670,mural__img_1224crop_0_0,0.0,4
cast,1670,mural__img_1224crop_0_0,0.125,4
stytr2,1670,mural__img_1224crop_1_1,0.25,4
adain,1670,mural__img_1224crop_1_1,0.0,4
sanet,1670,mural__img_1224crop_1_1,0.0,4
cast,1670,mural__img_1224crop_1_1,0.1875,4
stytr2,1670,mural__img_16crop_0_0,0.25,4
adain,1670,mural__img_16crop_0_0,0.0,4
sanet,1670,mural__img_16crop_0_0,0.0,4
cast,1670,mural__img_16crop_0_0,0.1875,4
stytr2,1670,mural__img_276crop_1_0,0.125,4
adain,1670,mural__img_276crop_1_0,0.0,4
sanet,1670,mural__img_276crop_1_0,0.25,4
cast,1670,mural__img_276crop_1_0,0.125,4
stytr2,1670,mural__img_326crop_1_1,0.2885,4
adain,1670,mural__img_326crop_1_1,0.0,4
sanet,1670,mural__img_326crop_1_1,0.0,4
cast,1670,mural__img_326crop_1_1,0.125,4
stytr2,1670,mural__img_327crop_0_1,0.3077,4
adain,1670,mural__img_327crop_0_1,0.0,4
sanet,1670,mural__img_327crop_0_1,0.0,4
cast,1670,mural__img_327crop_0_1,0.1875,4
stytr2,1670,mural__img_536crop_1_0,0.25,4
adain,1670,mural__img_536crop_1_0,0.0,4
sanet,1670,mural__img_536crop_1_0,0.226,4
cast,1670,mural__img_536crop_1_0,0.1875,4
stytr2,1670,mural__img_593crop_0_0,0.25,4
adain,1670,mural__img_593crop_0_0,0.0,4
sanet,1670,mural__img_593crop_0_0,0.125,4
cast,1670,mural__img_593crop_0_0,0.125,4
stytr2,1670,mural__img_739crop_1_1,0.125,4
adain,1670,mural__img_739crop_1_1,0.0,4
sanet,1670,mural__img_739crop_1_1,0.0,4
cast,1670,mural__img_739crop_1_1,0.125,4
stytr2,1670,western_painting__met_359775,0.1875,4
adain,1670,western_painting__met_359775,0.0,4
sanet,1670,western_painting__met_359775,0.1875,4
cast,1670,western_painting__met_359775,0.125,4
stytr2,1670,western_painting__met_383787,0.1875,4
adain,1670,western_painting__met_383787,0.0,4
sanet,1670,western_painting__met_383787,0.0,4
cast,1670,western_painting__met_383787,0.1875,4
stytr2,1670,western_painting__met_406721,0.25,4
adain,1670,western_painting__met_406721,0.0,4
sanet,1670,western_painting__met_406721,0.1154,4
cast,1670,western_painting__met_406721,0.25,4
stytr2,1670,western_painting__met_437769,0.1875,4
adain,1670,western_painting__met_437769,0.0,4
sanet,1670,western_painting__met_437769,0.0,4
cast,1670,western_painting__met_437769,0.125,4
stytr2,1670,western_painting__met_437967,0.2067,4
adain,1670,western_painting__met_437967,0.0,4
sanet,1670,western_painting__met_437967,0.0,4
cast,1670,western_painting__met_437967,0.125,4
stytr2,1670,western_painting__met_439405,0.25,4
adain,1670,western_painting__met_439405,0.0,4
sanet,1670,western_painting__met_439405,0.0,4
cast,1670,western_painting__met_439405,0.125,4
stytr2,1670,western_painting__met_649693,0.0,4
adain,1670,western_painting__met_649693,0.0,4
sanet,1670,western_painting__met_649693,0.1875,4
cast,1670,western_painting__met_649693,0.2788,4
stytr2,1670,western_painting__met_739494,0.1875,4
adain,1670,western_painting__met_739494,0.0,4
sanet,1670,western_painting__met_739494,0.25,4
cast,1670,western_painting__met_739494,0.125,4
stytr2,1670,western_painting__met_787672,0.25,4
adain,1670,western_painting__met_787672,0.0,4
sanet,1670,western_painting__met_787672,0.0385,4
cast,1670,western_painting__met_787672,0.4038,4
stytr2,1670,western_painting__met_788182,0.1875,4
adain,1670,western_painting__met_788182,0.0,4
sanet,1670,western_painting__met_788182,0.1875,4
cast,1670,western_painting__met_788182,0.1875,4
stytr2,1707,chinese_landscape__130942,0.625,3
adain,1707,chinese_landscape__130942,0.0,3
sanet,1707,chinese_landscape__130942,0.5046,3
cast,1707,chinese_landscape__130942,0.625,3
stytr2,1707,chinese_landscape__132834,0.5833,3
adain,1707,chinese_landscape__132834,0.0,3
sanet,1707,chinese_landscape__132834,0.5046,3
cast,1707,chinese_landscape__132834,0.6667,3
stytr2,1707,chinese_landscape__132836,0.5833,3
adain,1707,chinese_landscape__132836,0.0,3
sanet,1707,chinese_landscape__132836,0.5463,3
cast,1707,chinese_landscape__132836,0.6667,3
stytr2,1707,chinese_landscape__132840,0.5833,3
adain,1707,chinese_landscape__132840,0.0,3
sanet,1707,chinese_landscape__132840,0.5046,3
cast,1707,chinese_landscape__132840,0.625,3
stytr2,1707,chinese_landscape__132930,0.625,3
adain,1707,chinese_landscape__132930,0.0,3
sanet,1707,chinese_landscape__132930,0.2963,3
cast,1707,chinese_landscape__132930,0.588,3
stytr2,1707,chinese_landscape__137205,0.588,3
adain,1707,chinese_landscape__137205,0.0,3
sanet,1707,chinese_landscape__137205,0.2,3
cast,1707,chinese_landscape__137205,0.588,3
stytr2,1707,chinese_landscape__142574,0.625,3
adain,1707,chinese_landscape__142574,0.0,3
sanet,1707,chinese_landscape__142574,0.1898,3
cast,1707,chinese_landscape__142574,0.588,3
stytr2,1707,chinese_landscape__142578,0.625,3
adain,1707,chinese_landscape__142578,0.0,3
sanet,1707,chinese_landscape__142578,0.2639,3
cast,1707,chinese_landscape__142578,0.588,3
stytr2,1707,chinese_landscape__144829,0.625,3
adain,1707,chinese_landscape__144829,0.0,3
sanet,1707,chinese_landscape__144829,0.2963,3
cast,1707,chinese_landscape__144829,0.588,3
stytr2,1707,chinese_landscape__148342,0.5046,3
adain,1707,chinese_landscape__148342,0.0,3
sanet,1707,chinese_landscape__148342,0.2639,3
cast,1707,chinese_landscape__148342,0.588,3
stytr2,1707,mural__img_1082crop_1_0,0.5463,3
adain,1707,mural__img_1082crop_1_0,0.0,3
sanet,1707,mural__img_1082crop_1_0,0.1587,3
cast,1707,mural__img_1082crop_1_0,0.625,3
stytr2,1707,mural__img_1224crop_0_0,0.2222,3
adain,1707,mural__img_1224crop_0_0,0.0741,3
sanet,1707,mural__img_1224crop_0_0,0.1958,3
cast,1707,mural__img_1224crop_0_0,0.5833,3
stytr2,1707,mural__img_1224crop_1_1,0.4676,3
adain,1707,mural__img_1224crop_1_1,0.0741,3
sanet,1707,mural__img_1224crop_1_1,0.2269,3
cast,1707,mural__img_1224crop_1_1,0.5833,3
stytr2,1707,mural__img_16crop_0_0,0.2269,3
adain,1707,mural__img_16crop_0_0,0.0,3
sanet,1707,mural__img_16crop_0_0,0.1481,3
cast,1707,mural__img_16crop_0_0,0.588,3
stytr2,1707,mural__img_276crop_1_0,0.2593,3
adain,1707,mural__img_276crop_1_0,0.0,3
sanet,1707,mural__img_276crop_1_0,0.1852,3
cast,1707,mural__img_276crop_1_0,0.4583,3
stytr2,1707,mural__img_326crop_1_1,0.2222,3
adain,1707,mural__img_326crop_1_1,0.0741,3
sanet,1707,mural__img_326crop_1_1,0.1852,3
cast,1707,mural__img_326crop_1_1,0.5463,3
stytr2,1707,mural__img_327crop_0_1,0.588,3
adain,1707,mural__img_327crop_0_1,0.0741,3
sanet,1707,mural__img_327crop_0_1,0.2963,3
cast,1707,mural__img_327crop_0_1,0.588,3
stytr2,1707,mural__img_536crop_1_0,0.5833,3
adain,1707,mural__img_536crop_1_0,0.0741,3
sanet,1707,mural__img_536crop_1_0,0.2269,3
cast,1707,mural__img_536crop_1_0,0.625,3
stytr2,1707,mural__img_593crop_0_0,0.5417,3
adain,1707,mural__img_593crop_0_0,0.0741,3
sanet,1707,mural__img_593crop_0_0,0.2593,3
cast,1707,mural__img_593crop_0_0,0.5833,3
stytr2,1707,mural__img_739crop_1_1,0.5417,3
adain,1707,mural__img_739crop_1_1,0.0,3
sanet,1707,mural__img_739crop_1_1,0.0,3
cast,1707,mural__img_739crop_1_1,0.6296,3
stytr2,1707,western_painting__met_359775,0.2963,3
adain,1707,western_painting__met_359775,0.0,3
sanet,1707,western_painting__met_359775,0.2639,3
cast,1707,western_painting__met_359775,0.588,3
stytr2,1707,western_painting__met_383787,0.2593,3
adain,1707,western_painting__met_383787,0.0,3
sanet,1707,western_painting__met_383787,0.2269,3
cast,1707,western_painting__met_383787,0.6296,3
stytr2,1707,western_painting__met_406721,0.5417,3
adain,1707,western_painting__met_406721,0.0741,3
sanet,1707,western_painting__met_406721,0.2963,3
cast,1707,western_painting__met_406721,0.5509,3
stytr2,1707,western_painting__met_437769,0.2963,3
adain,1707,western_painting__met_437769,0.0,3
sanet,1707,western_painting__met_437769,0.2639,3
cast,1707,western_painting__met_437769,0.5833,3
stytr2,1707,western_painting__met_437967,0.5,3
adain,1707,western_painting__met_437967,0.1693,3
sanet,1707,western_painting__met_437967,0.2269,3
cast,1707,western_painting__met_437967,0.2963,3
stytr2,1707,western_painting__met_439405,0.2593,3
adain,1707,western_painting__met_439405,0.0,3
sanet,1707,western_painting__met_439405,0.1958,3
cast,1707,western_painting__met_439405,0.5417,3
stytr2,1707,western_painting__met_649693,0.1852,3
adain,1707,western_painting__met_649693,0.037,3
sanet,1707,western_painting__met_649693,0.2639,3
cast,1707,western_painting__met_649693,0.5833,3
stytr2,1707,western_painting__met_739494,0.2222,3
adain,1707,western_painting__met_739494,0.0,3
sanet,1707,western_painting__met_739494,0.2593,3
cast,1707,western_painting__met_739494,0.625,3
stytr2,1707,western_painting__met_787672,0.2963,3
adain,1707,western_painting__met_787672,0.0,3
sanet,1707,western_painting__met_787672,0.2639,3
cast,1707,western_painting__met_787672,0.625,3
stytr2,1707,western_painting__met_788182,0.3333,3
adain,1707,western_painting__met_788182,0.0,3
sanet,1707,western_painting__met_788182,0.2269,3
cast,1707,western_painting__met_788182,0.5917,3
stytr2,1899,chinese_landscape__130942,0.2326,9
adain,1899,chinese_landscape__130942,0.1119,9
sanet,1899,chinese_landscape__130942,0.1422,9
cast,1899,chinese_landscape__130942,0.1422,9
stytr2,1899,chinese_landscape__132834,0.2252,9
adain,1899,chinese_landscape__132834,0.1219,9
sanet,1899,chinese_landscape__132834,0.1422,9
cast,1899,chinese_landscape__132834,0.1422,9
stytr2,1899,chinese_landscape__132836,0.2059,9
adain,1899,chinese_landscape__132836,0.1297,9
sanet,1899,chinese_landscape__132836,0.1422,9
cast,1899,chinese_landscape__132836,0.1422,9
stytr2,1899,chinese_landscape__132840,0.1911,9
adain,1899,chinese_landscape__132840,0.1237,9
sanet,1899,chinese_landscape__132840,0.1422,9
cast,1899,chinese_landscape__132840,0.1422,9
stytr2,1899,chinese_landscape__132930,0.2133,9
adain,1899,chinese_landscape__132930,0.1244,9
sanet,1899,chinese_landscape__132930,0.1422,9
cast,1899,chinese_landscape__132930,0.1422,9
stytr2,1899,chinese_landscape__137205,0.1422,9
adain,1899,chinese_landscape__137205,0.0,9
sanet,1899,chinese_landscape__137205,0.1145,9
cast,1899,chinese_landscape__137205,0.1422,9
stytr2,1899,chinese_landscape__142574,0.203,9
adain,1899,chinese_landscape__142574,0.1207,9
sanet,1899,chinese_landscape__142574,0.1422,9
cast,1899,chinese_landscape__142574,0.1422,9
stytr2,1899,chinese_landscape__142578,0.2059,9
adain,1899,chinese_landscape__142578,0.1311,9
sanet,1899,chinese_landscape__142578,0.1422,9
cast,1899,chinese_landscape__142578,0.1422,9
stytr2,1899,chinese_landscape__144829,0.1941,9
adain,1899,chinese_landscape__144829,0.1311,9
sanet,1899,chinese_landscape__144829,0.1422,9
cast,1899,chinese_landscape__144829,0.1422,9
stytr2,1899,chinese_landscape__148342,0.1422,9
adain,1899,chinese_landscape__148342,0.0,9
sanet,1899,chinese_landscape__148342,0.1422,9
cast,1899,chinese_landscape__148342,0.1422,9
stytr2,1899,mural__img_1082crop_1_0,0.1793,9
adain,1899,mural__img_1082crop_1_0,0.0985,9
sanet,1899,mural__img_1082crop_1_0,0.1283,9
cast,1899,mural__img_1082crop_1_0,0.1422,9
stytr2,1899,mural__img_1224crop_0_0,0.1283,9
adain,1899,mural__img_1224crop_0_0,0.0985,9
sanet,1899,mural__img_1224crop_0_0,0.0615,9
cast,1899,mural__img_1224crop_0_0,0.1689,9
stytr2,1899,mural__img_1224crop_1_1,0.1422,9
adain,1899,mural__img_1224crop_1_1,0.0985,9
sanet,1899,mural__img_1224crop_1_1,0.103,9
cast,1899,mural__img_1224crop_1_1,0.1357,9
stytr2,1899,mural__img_16crop_0_0,0.1422,9
adain,1899,mural__img_16crop_0_0,0.0,9
sanet,1899,mural__img_16crop_0_0,0.1223,9
cast,1899,mural__img_16crop_0_0,0.1422,9
stytr2,1899,mural__img_276crop_1_0,0.1422,9
adain,1899,mural__img_276crop_1_0,0.0,9
sanet,1899,mural__img_276crop_1_0,0.1052,9
cast,1899,mural__img_276crop_1_0,0.1283,9
stytr2,1899,mural__img_326crop_1_1,0.1422,9
adain,1899,mural__img_326crop_1_1,0.0,9
sanet,1899,mural__img_326crop_1_1,0.1052,9
cast,1899,mural__img_326crop_1_1,0.1422,9
stytr2,1899,mural__img_327crop_0_1,0.1422,9
adain,1899,mural__img_327crop_0_1,0.0867,9
sanet,1899,mural__img_327crop_0_1,0.1283,9
cast,1899,mural__img_327crop_0_1,0.1422,9
stytr2,1899,mural__img_536crop_1_0,0.1422,9
adain,1899,mural__img_536crop_1_0,0.0867,9
sanet,1899,mural__img_536crop_1_0,0.1169,9
cast,1899,mural__img_536crop_1_0,0.1422,9
stytr2,1899,mural__img_593crop_0_0,0.1422,9
adain,1899,mural__img_593crop_0_0,0.1223,9
sanet,1899,mural__img_593crop_0_0,0.1263,9
cast,1899,mural__img_593crop_0_0,0.1422,9
stytr2,1899,mural__img_739crop_1_1,0.1283,9
adain,1899,mural__img_739crop_1_1,0.0496,9
sanet,1899,mural__img_739crop_1_1,0.1094,9
cast,1899,mural__img_739crop_1_1,0.1422,9
stytr2,1899,western_painting__met_359775,0.1422,9
adain,1899,western_painting__met_359775,0.1263,9
sanet,1899,western_painting__met_359775,0.1283,9
cast,1899,western_painting__met_359775,0.1422,9
stytr2,1899,western_painting__met_383787,0.1422,9
adain,1899,western_painting__met_383787,0.1223,9
sanet,1899,western_painting__met_383787,0.1422,9
cast,1899,western_painting__met_383787,0.1422,9
stytr2,1899,western_painting__met_406721,0.1793,9
adain,1899,western_painting__met_406721,0.0,9
sanet,1899,western_painting__met_406721,0.0859,9
cast,1899,western_painting__met_406721,0.1422,9
stytr2,1899,western_painting__met_437769,0.1867,9
adain,1899,western_painting__met_437769,0.1052,9
sanet,1899,western_painting__met_437769,0.1422,9
cast,1899,western_painting__met_437769,0.1422,9
stytr2,1899,western_painting__met_437967,0.1422,9
adain,1899,western_painting__met_437967,0.0906,9
sanet,1899,western_painting__met_437967,0.1263,9
cast,1899,western_painting__met_437967,0.1422,9
stytr2,1899,western_painting__met_439405,0.1807,9
adain,1899,western_painting__met_439405,0.0,9
sanet,1899,western_painting__met_439405,0.1237,9
cast,1899,western_painting__met_439405,0.1422,9
stytr2,1899,western_painting__met_649693,0.1422,9
adain,1899,western_painting__met_649693,0.0,9
sanet,1899,western_painting__met_649693,0.0912,9
cast,1899,western_painting__met_649693,0.1422,9
stytr2,1899,western_painting__met_739494,0.1071,9
adain,1899,western_painting__met_739494,0.0,9
sanet,1899,western_painting__met_739494,0.1422,9
cast,1899,western_painting__met_739494,0.1422,9
stytr2,1899,western_painting__met_787672,0.1422,9
adain,1899,western_painting__met_787672,0.1263,9
sanet,1899,western_painting__met_787672,0.1422,9
cast,1899,western_painting__met_787672,0.1508,9
stytr2,1899,western_painting__met_788182,0.1422,9
adain,1899,western_painting__met_788182,0.098,9
sanet,1899,western_painting__met_788182,0.1299,9
cast,1899,western_painting__met_788182,0.1422,9
stytr2,2088,chinese_landscape__130942,0.6442,8
adain,2088,chinese_landscape__130942,0.0996,8
sanet,2088,chinese_landscape__130942,0.4931,8
cast,2088,chinese_landscape__130942,0.6615,8
stytr2,2088,chinese_landscape__132834,0.5951,8
adain,2088,chinese_landscape__132834,0.1652,8
sanet,2088,chinese_landscape__132834,0.4679,8
cast,2088,chinese_landscape__132834,0.5523,8
stytr2,2088,chinese_landscape__132836,0.6638,8
adain,2088,chinese_landscape__132836,0.0208,8
sanet,2088,chinese_landscape__132836,0.4389,8
cast,2088,chinese_landscape__132836,0.5344,8
stytr2,2088,chinese_landscape__132840,0.6817,8
adain,2088,chinese_landscape__132840,0.2188,8
sanet,2088,chinese_landscape__132840,0.4567,8
cast,2088,chinese_landscape__132840,0.6566,8
stytr2,2088,chinese_landscape__132930,0.6288,8
adain,2088,chinese_landscape__132930,0.125,8
sanet,2088,chinese_landscape__132930,0.3594,8
cast,2088,chinese_landscape__132930,0.586,8
stytr2,2088,chinese_landscape__137205,0.6542,8
adain,2088,chinese_landscape__137205,0.125,8
sanet,2088,chinese_landscape__137205,0.3674,8
cast,2088,chinese_landscape__137205,0.5478,8
stytr2,2088,chinese_landscape__142574,0.6442,8
adain,2088,chinese_landscape__142574,0.125,8
sanet,2088,chinese_landscape__142574,0.4478,8
cast,2088,chinese_landscape__142574,0.5931,8
stytr2,2088,chinese_landscape__142578,0.5451,8
adain,2088,chinese_landscape__142578,0.125,8
sanet,2088,chinese_landscape__142578,0.3518,8
cast,2088,chinese_landscape__142578,0.4833,8
stytr2,2088,chinese_landscape__144829,0.6944,8
adain,2088,chinese_landscape__144829,0.1875,8
sanet,2088,chinese_landscape__144829,0.4322,8
cast,2088,chinese_landscape__144829,0.597,8
stytr2,2088,chinese_landscape__148342,0.5639,8
adain,2088,chinese_landscape__148342,0.0938,8
sanet,2088,chinese_landscape__148342,0.334,8
cast,2088,chinese_landscape__148342,0.5133,8
stytr2,2088,mural__img_1082crop_1_0,0.6089,8
adain,2088,mural__img_1082crop_1_0,0.0938,8
sanet,2088,mural__img_1082crop_1_0,0.2143,8
cast,2088,mural__img_1082crop_1_0,0.5736,8
stytr2,2088,mural__img_1224crop_0_0,0.45,8
adain,2088,mural__img_1224crop_0_0,0.0,8
sanet,2088,mural__img_1224crop_0_0,0.1652,8
cast,2088,mural__img_1224crop_0_0,0.4032,8
stytr2,2088,mural__img_1224crop_1_1,0.4657,8
adain,2088,mural__img_1224crop_1_1,0.0,8
sanet,2088,mural__img_1224crop_1_1,0.2304,8
cast,2088,mural__img_1224crop_1_1,0.5064,8
stytr2,2088,mural__img_16crop_0_0,0.5859,8
adain,2088,mural__img_16crop_0_0,0.0,8
sanet,2088,mural__img_16crop_0_0,0.3228,8
cast,2088,mural__img_16crop_0_0,0.4267,8
stytr2,2088,mural__img_276crop_1_0,0.3607,8
adain,2088,mural__img_276crop_1_0,0.0,8
sanet,2088,mural__img_276crop_1_0,0.2143,8
cast,2088,mural__img_276crop_1_0,0.4207,8
stytr2,2088,mural__img_326crop_1_1,0.4322,8
adain,2088,mural__img_326crop_1_1,0.0,8
sanet,2088,mural__img_326crop_1_1,0.125,8
cast,2088,mural__img_326crop_1_1,0.4124,8
stytr2,2088,mural__img_327crop_0_1,0.5649,8
adain,2088,mural__img_327crop_0_1,0.0,8
sanet,2088,mural__img_327crop_0_1,0.3496,8
cast,2088,mural__img_327crop_0_1,0.4854,8
stytr2,2088,mural__img_536crop_1_0,0.4478,8
adain,2088,mural__img_536crop_1_0,0.0,8
sanet,2088,mural__img_536crop_1_0,0.2246,8
cast,2088,mural__img_536crop_1_0,0.6102,8
stytr2,2088,mural__img_593crop_0_0,0.5234,8
adain,2088,mural__img_593crop_0_0,0.0,8
sanet,2088,mural__img_593crop_0_0,0.2083,8
cast,2088,mural__img_593crop_0_0,0.466,8
stytr2,2088,mural__img_739crop_1_1,0.4049,8
adain,2088,mural__img_739crop_1_1,0.0,8
sanet,2088,mural__img_739crop_1_1,0.0938,8
cast,2088,mural__img_739crop_1_1,0.3927,8
stytr2,2088,western_painting__met_359775,0.546,8
adain,2088,western_painting__met_359775,0.1473,8
sanet,2088,western_painting__met_359775,0.4322,8
cast,2088,western_painting__met_359775,0.6233,8
stytr2,2088,western_painting__met_383787,0.6899,8
adain,2088,western_painting__met_383787,0.125,8
sanet,2088,western_painting__met_383787,0.45,8
cast,2088,western_painting__met_383787,0.5931,8
stytr2,2088,western_painting__met_406721,0.4366,8
adain,2088,western_painting__met_406721,0.0,8
sanet,2088,western_painting__met_406721,0.4038,8
cast,2088,western_painting__met_406721,0.4059,8
stytr2,2088,western_painting__met_437769,0.3485,8
adain,2088,western_painting__met_437769,0.0938,8
sanet,2088,western_painting__met_437769,0.125,8
cast,2088,western_painting__met_437769,0.3853,8
stytr2,2088,western_painting__met_437967,0.4083,8
adain,2088,western_painting__met_437967,0.0625,8
sanet,2088,western_painting__met_437967,0.0938,8
cast,2088,western_painting__met_437967,0.4032,8
stytr2,2088,western_painting__met_439405,0.0875,8
adain,2088,western_painting__met_439405,0.0625,8
sanet,2088,western_painting__met_439405,0.0625,8
cast,2088,western_painting__met_439405,0.325,8
stytr2,2088,western_painting__met_649693,0.4262,8
adain,2088,western_painting__met_649693,0.0625,8
sanet,2088,western_painting__met_649693,0.3116,8
cast,2088,western_painting__met_649693,0.5523,8
stytr2,2088,western_painting__met_739494,0.5333,8
adain,2088,western_painting__met_739494,0.0938,8
sanet,2088,western_painting__met_739494,0.2009,8
cast,2088,western_painting__met_739494,0.5378,8
stytr2,2088,western_painting__met_787672,0.455,8
adain,2088,western_painting__met_787672,0.0,8
sanet,2088,western_painting__met_787672,0.3496,8
cast,2088,western_painting__met_787672,0.4157,8
stytr2,2088,western_painting__met_788182,0.4344,8
adain,2088,western_painting__met_788182,0.125,8
sanet,2088,western_painting__met_788182,0.45,8
cast,2088,western_painting__met_788182,0.5619,8
stytr2,2089,chinese_landscape__130942,0.1905,11
adain,2089,chinese_landscape__130942,0.0455,11
sanet,2089,chinese_landscape__130942,0.0455,11
cast,2089,chinese_landscape__130942,0.2004,11
stytr2,2089,chinese_landscape__132834,0.1602,11
adain,2089,chinese_landscape__132834,0.0,11
sanet,2089,chinese_landscape__132834,0.0455,11
cast,2089,chinese_landscape__132834,0.1957,11
stytr2,2089,chinese_landscape__132836,0.1651,11
adain,2089,chinese_landscape__132836,0.0173,11
sanet,2089,chinese_landscape__132836,0.0,11
cast,2089,chinese_landscape__132836,0.181,11
stytr2,2089,chinese_landscape__132840,0.1677,11
adain,2089,chinese_landscape__132840,0.0,11
sanet,2089,chinese_landscape__132840,0.0606,11
cast,2089,chinese_landscape__132840,0.1957,11
stytr2,2089,chinese_landscape__132930,0.1968,11
adain,2089,chinese_landscape__132930,0.0,11
sanet,2089,chinese_landscape__132930,0.0,11
cast,2089,chinese_landscape__132930,0.2,11
stytr2,2089,chinese_landscape__137205,0.1794,11
adain,2089,chinese_landscape__137205,0.0,11
sanet,2089,chinese_landscape__137205,0.0303,11
cast,2089,chinese_landscape__137205,0.1806,11
stytr2,2089,chinese_landscape__142574,0.197,11
adain,2089,chinese_landscape__142574,0.0,11
sanet,2089,chinese_landscape__142574,0.0,11
cast,2089,chinese_landscape__142574,0.2019,11
stytr2,2089,chinese_landscape__142578,0.1753,11
adain,2089,chinese_landscape__142578,0.0,11
sanet,2089,chinese_landscape__142578,0.0606,11
cast,2089,chinese_landscape__142578,0.2018,11
stytr2,2089,chinese_landscape__144829,0.173,11
adain,2089,chinese_landscape__144829,0.0,11
sanet,2089,chinese_landscape__144829,0.0758,11
cast,2089,chinese_landscape__144829,0.1723,11
stytr2,2089,chinese_landscape__148342,0.1606,11
adain,2089,chinese_landscape__148342,0.0,11
sanet,2089,chinese_landscape__148342,0.0758,11
cast,2089,chinese_landscape__148342,0.1801,11
stytr2,2089,mural__img_1082crop_1_0,0.1827,11
adain,2089,mural__img_1082crop_1_0,0.0,11
sanet,2089,mural__img_1082crop_1_0,0.0758,11
cast,2089,mural__img_1082crop_1_0,0.1619,11
stytr2,2089,mural__img_1224crop_0_0,0.116,11
adain,2089,mural__img_1224crop_0_0,0.0,11
sanet,2089,mural__img_1224crop_0_0,0.0,11
cast,2089,mural__img_1224crop_0_0,0.1694,11
stytr2,2089,mural__img_1224crop_1_1,0.1005,11
adain,2089,mural__img_1224crop_1_1,0.0,11
sanet,2089,mural__img_1224crop_1_1,0.0,11
cast,2089,mural__img_1224crop_1_1,0.142,11
stytr2,2089,mural__img_16crop_0_0,0.151,11
adain,2089,mural__img_16crop_0_0,0.0,11
sanet,2089,mural__img_16crop_0_0,0.0455,11
cast,2089,mural__img_16crop_0_0,0.168,11
stytr2,2089,mural__img_276crop_1_0,0.0,11
adain,2089,mural__img_276crop_1_0,0.0,11
sanet,2089,mural__img_276crop_1_0,0.0,11
cast,2089,mural__img_276crop_1_0,0.1562,11
stytr2,2089,mural__img_326crop_1_1,0.1564,11
adain,2089,mural__img_326crop_1_1,0.0,11
sanet,2089,mural__img_326crop_1_1,0.0,11
cast,2089,mural__img_326crop_1_1,0.129,11
stytr2,2089,mural__img_327crop_0_1,0.1784,11
adain,2089,mural__img_327crop_0_1,0.0,11
sanet,2089,mural__img_327crop_0_1,0.0303,11
cast,2089,mural__img_327crop_0_1,0.1883,11
stytr2,2089,mural__img_536crop_1_0,0.1701,11
adain,2089,mural__img_536crop_1_0,0.0303,11
sanet,2089,mural__img_536crop_1_0,0.0303,11
cast,2089,mural__img_536crop_1_0,0.178,11
stytr2,2089,mural__img_593crop_0_0,0.1853,11
adain,2089,mural__img_593crop_0_0,0.0,11
sanet,2089,mural__img_593crop_0_0,0.0,11
cast,2089,mural__img_593crop_0_0,0.2043,11
stytr2,2089,mural__img_739crop_1_1,0.1459,11
adain,2089,mural__img_739crop_1_1,0.0,11
sanet,2089,mural__img_739crop_1_1,0.0,11
cast,2089,mural__img_739crop_1_1,0.1914,11
stytr2,2089,western_painting__met_359775,0.158,11
adain,2089,western_painting__met_359775,0.0,11
sanet,2089,western_painting__met_359775,0.0,11
cast,2089,western_painting__met_359775,0.2056,11
stytr2,2089,western_painting__met_383787,0.0784,11
adain,2089,western_painting__met_383787,0.0,11
sanet,2089,western_painting__met_383787,0.0,11
cast,2089,western_painting__met_383787,0.2056,11
stytr2,2089,western_painting__met_406721,0.1504,11
adain,2089,western_painting__met_406721,0.0,11
sanet,2089,western_painting__met_406721,0.0,11
cast,2089,western_painting__met_406721,0.1524,11
stytr2,2089,western_painting__met_437769,0.1674,11
adain,2089,western_painting__met_437769,0.0,11
sanet,2089,western_painting__met_437769,0.0606,11
cast,2089,western_painting__met_437769,0.1977,11
stytr2,2089,western_painting__met_437967,0.1699,11
adain,2089,western_painting__met_437967,0.0303,11
sanet,2089,western_painting__met_437967,0.0455,11
cast,2089,western_painting__met_437967,0.1865,11
stytr2,2089,western_painting__met_439405,0.1701,11
adain,2089,western_painting__met_439405,0.0,11
sanet,2089,western_painting__met_439405,0.0303,11
cast,2089,western_painting__met_439405,0.1831,11
stytr2,2089,western_painting__met_649693,0.0,11
adain,2089,western_painting__met_649693,0.0209,11
sanet,2089,western_painting__met_649693,0.0,11
cast,2089,western_painting__met_649693,0.2004,11
stytr2,2089,western_painting__met_739494,0.1169,11
adain,2089,western_painting__met_739494,0.0,11
sanet,2089,western_painting__met_739494,0.0909,11
cast,2089,western_painting__met_739494,0.2056,11
stytr2,2089,western_painting__met_787672,0.1104,11
adain,2089,western_painting__met_787672,0.0,11
sanet,2089,western_painting__met_787672,0.0606,11
cast,2089,western_painting__met_787672,0.1913,11
stytr2,2089,western_painting__met_788182,0.1182,11
adain,2089,western_painting__met_788182,0.0148,11
sanet,2089,western_painting__met_788182,0.0649,11
cast,2089,western_painting__met_788182,0.206,11
stytr2,2144,chinese_landscape__130942,0.6,5
adain,2144,chinese_landscape__130942,0.2,5
sanet,2144,chinese_landscape__130942,0.5143,5
cast,2144,chinese_landscape__130942,0.3429,5
stytr2,2144,chinese_landscape__132834,0.5714,5
adain,2144,chinese_landscape__132834,0.2607,5
sanet,2144,chinese_landscape__132834,0.3464,5
cast,2144,chinese_landscape__132834,0.4857,5
stytr2,2144,chinese_landscape__132836,0.5714,5
adain,2144,chinese_landscape__132836,0.175,5
sanet,2144,chinese_landscape__132836,0.5179,5
cast,2144,chinese_landscape__132836,0.4857,5
stytr2,2144,chinese_landscape__132840,0.6,5
adain,2144,chinese_landscape__132840,0.125,5
sanet,2144,chinese_landscape__132840,0.3143,5
cast,2144,chinese_landscape__132840,0.325,5
stytr2,2144,chinese_landscape__132930,0.5714,5
adain,2144,chinese_landscape__132930,0.0,5
sanet,2144,chinese_landscape__132930,0.375,5
cast,2144,chinese_landscape__132930,0.3143,5
stytr2,2144,chinese_landscape__137205,0.5714,5
adain,2144,chinese_landscape__137205,0.125,5
sanet,2144,chinese_landscape__137205,0.3714,5
cast,2144,chinese_landscape__137205,0.3143,5
stytr2,2144,chinese_landscape__142574,0.6,5
adain,2144,chinese_landscape__142574,0.0,5
sanet,2144,chinese_landscape__142574,0.3429,5
cast,2144,chinese_landscape__142574,0.3143,5
stytr2,2144,chinese_landscape__142578,0.5429,5
adain,2144,chinese_landscape__142578,0.0,5
sanet,2144,chinese_landscape__142578,0.4857,5
cast,2144,chinese_landscape__142578,0.4,5
stytr2,2144,chinese_landscape__144829,0.5714,5
adain,2144,chinese_landscape__144829,0.175,5
sanet,2144,chinese_landscape__144829,0.4571,5
cast,2144,chinese_landscape__144829,0.4952,5
stytr2,2144,chinese_landscape__148342,0.5714,5
adain,2144,chinese_landscape__148342,0.075,5
sanet,2144,chinese_landscape__148342,0.4,5
cast,2144,chinese_landscape__148342,0.3143,5
stytr2,2144,mural__img_1082crop_1_0,0.6,5
adain,2144,mural__img_1082crop_1_0,0.0,5
sanet,2144,mural__img_1082crop_1_0,0.3714,5
cast,2144,mural__img_1082crop_1_0,0.4857,5
stytr2,2144,mural__img_1224crop_0_0,0.6,5
adain,2144,mural__img_1224crop_0_0,0.1,5
sanet,2144,mural__img_1224crop_0_0,0.175,5
cast,2144,mural__img_1224crop_0_0,0.5714,5
stytr2,2144,mural__img_1224crop_1_1,0.4929,5
adain,2144,mural__img_1224crop_1_1,0.0,5
sanet,2144,mural__img_1224crop_1_1,0.2321,5
cast,2144,mural__img_1224crop_1_1,0.5714,5
stytr2,2144,mural__img_16crop_0_0,0.5429,5
adain,2144,mural__img_16crop_0_0,0.0,5
sanet,2144,mural__img_16crop_0_0,0.4571,5
cast,2144,mural__img_16crop_0_0,0.4607,5
stytr2,2144,mural__img_276crop_1_0,0.3429,5
adain,2144,mural__img_276crop_1_0,0.0,5
sanet,2144,mural__img_276crop_1_0,0.175,5
cast,2144,mural__img_276crop_1_0,0.4,5
stytr2,2144,mural__img_326crop_1_1,0.4857,5
adain,2144,mural__img_326crop_1_1,0.0,5
sanet,2144,mural__img_326crop_1_1,0.2929,5
cast,2144,mural__img_326crop_1_1,0.4607,5
stytr2,2144,mural__img_327crop_0_1,0.5429,5
adain,2144,mural__img_327crop_0_1,0.0,5
sanet,2144,mural__img_327crop_0_1,0.4321,5
cast,2144,mural__img_327crop_0_1,0.5429,5
stytr2,2144,mural__img_536crop_1_0,0.575,5
adain,2144,mural__img_536crop_1_0,0.0,5
sanet,2144,mural__img_536crop_1_0,0.3143,5
cast,2144,mural__img_536crop_1_0,0.5714,5
stytr2,2144,mural__img_593crop_0_0,0.6,5
adain,2144,mural__img_593crop_0_0,0.0,5
sanet,2144,mural__img_593crop_0_0,0.3464,5
cast,2144,mural__img_593crop_0_0,0.5143,5
stytr2,2144,mural__img_739crop_1_1,0.4857,5
adain,2144,mural__img_739crop_1_1,0.0,5
sanet,2144,mural__img_739crop_1_1,0.2393,5
cast,2144,mural__img_739crop_1_1,0.5714,5
stytr2,2144,western_painting__met_359775,0.5429,5
adain,2144,western_painting__met_359775,0.0,5
sanet,2144,western_painting__met_359775,0.3464,5
cast,2144,western_painting__met_359775,0.4286,5
stytr2,2144,western_painting__met_383787,0.3429,5
adain,2144,western_painting__met_383787,0.0,5
sanet,2144,western_painting__met_383787,0.2857,5
cast,2144,western_painting__met_383787,0.4571,5
stytr2,2144,western_painting__met_406721,0.5429,5
adain,2144,western_painting__met_406721,0.0,5
sanet,2144,western_painting__met_406721,0.3714,5
cast,2144,western_painting__met_406721,0.4893,5
stytr2,2144,western_painting__met_437769,0.4857,5
adain,2144,western_painting__met_437769,0.0,5
sanet,2144,western_painting__met_437769,0.3786,5
cast,2144,western_painting__met_437769,0.5143,5
stytr2,2144,western_painting__met_437967,0.5714,5
adain,2144,western_painting__met_437967,0.0,5
sanet,2144,western_painting__met_437967,0.5143,5
cast,2144,western_painting__met_437967,0.5143,5
stytr2,2144,western_painting__met_439405,0.5429,5
adain,2144,western_painting__met_439405,0.0,5
sanet,2144,western_painting__met_439405,0.2679,5
cast,2144,western_painting__met_439405,0.5143,5
stytr2,2144,western_painting__met_649693,0.2929,5
adain,2144,western_painting__met_649693,0.125,5
sanet,2144,western_painting__met_649693,0.2893,5
cast,2144,western_painting__met_649693,0.3429,5
stytr2,2144,western_painting__met_739494,0.175,5
adain,2144,western_painting__met_739494,0.0,5
sanet,2144,western_painting__met_739494,0.3179,5
cast,2144,western_painting__met_739494,0.4857,5
stytr2,2144,western_painting__met_787672,0.5429,5
adain,2144,western_painting__met_787672,0.0,5
sanet,2144,western_painting__met_787672,0.2,5
cast,2144,western_painting__met_787672,0.5143,5
stytr2,2144,western_painting__met_788182,0.4,5
adain,2144,western_painting__met_788182,0.0,5
sanet,2144,western_painting__met_788182,0.175,5
cast,2144,western_painting__met_788182,0.4571,5
stytr2,2197,chinese_landscape__130942,0.3744,6
adain,2197,chinese_landscape__130942,0.0,6
sanet,2197,chinese_landscape__130942,0.125,6
cast,2197,chinese_landscape__130942,0.1979,6
stytr2,2197,chinese_landscape__132834,0.1979,6
adain,2197,chinese_landscape__132834,0.0,6
sanet,2197,chinese_landscape__132834,0.125,6
cast,2197,chinese_landscape__132834,0.1979,6
stytr2,2197,chinese_landscape__132836,0.3268,6
adain,2197,chinese_landscape__132836,0.0,6
sanet,2197,chinese_landscape__132836,0.1562,6
cast,2197,chinese_landscape__132836,0.1979,6
stytr2,2197,chinese_landscape__132840,0.3476,6
adain,2197,chinese_landscape__132840,0.0,6
sanet,2197,chinese_landscape__132840,0.1354,6
cast,2197,chinese_landscape__132840,0.1979,6
stytr2,2197,chinese_landscape__132930,0.422,6
adain,2197,chinese_landscape__132930,0.0,6
sanet,2197,chinese_landscape__132930,0.1354,6
cast,2197,chinese_landscape__132930,0.1979,6
stytr2,2197,chinese_landscape__137205,0.1979,6
adain,2197,chinese_landscape__137205,0.0,6
sanet,2197,chinese_landscape__137205,0.1562,6
cast,2197,chinese_landscape__137205,0.1979,6
stytr2,2197,chinese_landscape__142574,0.3744,6
adain,2197,chinese_landscape__142574,0.0,6
sanet,2197,chinese_landscape__142574,0.1562,6
cast,2197,chinese_landscape__142574,0.1979,6
stytr2,2197,chinese_landscape__142578,0.1979,6
adain,2197,chinese_landscape__142578,0.0,6
sanet,2197,chinese_landscape__142578,0.1562,6
cast,2197,chinese_landscape__142578,0.1979,6
stytr2,2197,chinese_landscape__144829,0.4012,6
adain,2197,chinese_landscape__144829,0.0,6
sanet,2197,chinese_landscape__144829,0.1771,6
cast,2197,chinese_landscape__144829,0.1979,6
stytr2,2197,chinese_landscape__148342,0.3744,6
adain,2197,chinese_landscape__148342,0.0,6
sanet,2197,chinese_landscape__148342,0.1354,6
cast,2197,chinese_landscape__148342,0.1979,6
stytr2,2197,mural__img_1082crop_1_0,0.1979,6
adain,2197,mural__img_1082crop_1_0,0.0833,6
sanet,2197,mural__img_1082crop_1_0,0.1458,6
cast,2197,mural__img_1082crop_1_0,0.1979,6
stytr2,2197,mural__img_1224crop_0_0,0.4012,6
adain,2197,mural__img_1224crop_0_0,0.0,6
sanet,2197,mural__img_1224crop_0_0,0.125,6
cast,2197,mural__img_1224crop_0_0,0.1979,6
stytr2,2197,mural__img_1224crop_1_1,0.1979,6
adain,2197,mural__img_1224crop_1_1,0.0,6
sanet,2197,mural__img_1224crop_1_1,0.1042,6
cast,2197,mural__img_1224crop_1_1,0.1979,6
stytr2,2197,mural__img_16crop_0_0,0.1979,6
adain,2197,mural__img_16crop_0_0,0.0,6
sanet,2197,mural__img_16crop_0_0,0.0833,6
cast,2197,mural__img_16crop_0_0,0.1771,6
stytr2,2197,mural__img_276crop_1_0,0.1979,6
adain,2197,mural__img_276crop_1_0,0.0,6
sanet,2197,mural__img_276crop_1_0,0.0729,6
cast,2197,mural__img_276crop_1_0,0.1979,6
stytr2,2197,mural__img_326crop_1_1,0.1979,6
adain,2197,mural__img_326crop_1_1,0.0,6
sanet,2197,mural__img_326crop_1_1,0.0729,6
cast,2197,mural__img_326crop_1_1,0.1979,6
stytr2,2197,mural__img_327crop_0_1,0.1979,6
adain,2197,mural__img_327crop_0_1,0.0625,6
sanet,2197,mural__img_327crop_0_1,0.1354,6
cast,2197,mural__img_327crop_0_1,0.1979,6
stytr2,2197,mural__img_536crop_1_0,0.422,6
adain,2197,mural__img_536crop_1_0,0.0,6
sanet,2197,mural__img_536crop_1_0,0.125,6
cast,2197,mural__img_536crop_1_0,0.1979,6
stytr2,2197,mural__img_593crop_0_0,0.1979,6
adain,2197,mural__img_593crop_0_0,0.0,6
sanet,2197,mural__img_593crop_0_0,0.125,6
cast,2197,mural__img_593crop_0_0,0.1979,6
stytr2,2197,mural__img_739crop_1_1,0.422,6
adain,2197,mural__img_739crop_1_1,0.0,6
sanet,2197,mural__img_739crop_1_1,0.1042,6
cast,2197,mural__img_739crop_1_1,0.4965,6
stytr2,2197,western_painting__met_359775,0.3536,6
adain,2197,western_painting__met_359775,0.0,6
sanet,2197,western_painting__met_359775,0.1354,6
cast,2197,western_painting__met_359775,0.1979,6
stytr2,2197,western_painting__met_383787,0.1979,6
adain,2197,western_painting__met_383787,0.0,6
sanet,2197,western_painting__met_383787,0.125,6
cast,2197,western_painting__met_383787,0.1979,6
stytr2,2197,western_painting__met_406721,0.1979,6
adain,2197,western_painting__met_406721,0.0,6
sanet,2197,western_painting__met_406721,0.1771,6
cast,2197,western_painting__met_406721,0.1979,6
stytr2,2197,western_painting__met_437769,0.4488,6
adain,2197,western_painting__met_437769,0.0,6
sanet,2197,western_painting__met_437769,0.125,6
cast,2197,western_painting__met_437769,0.1979,6
stytr2,2197,western_painting__met_437967,0.1979,6
adain,2197,western_painting__met_437967,0.0,6
sanet,2197,western_painting__met_437967,0.125,6
cast,2197,western_painting__met_437967,0.1979,6
stytr2,2197,western_painting__met_439405,0.1979,6
adain,2197,western_painting__met_439405,0.0,6
sanet,2197,western_painting__met_439405,0.1042,6
cast,2197,western_painting__met_439405,0.1979,6
stytr2,2197,western_painting__met_649693,0.1609,6
adain,2197,western_painting__met_649693,0.0,6
sanet,2197,western_painting__met_649693,0.1562,6
cast,2197,western_painting__met_649693,0.4012,6
stytr2,2197,western_painting__met_739494,0.1979,6
adain,2197,western_painting__met_739494,0.0,6
sanet,2197,western_painting__met_739494,0.1667,6
cast,2197,western_painting__met_739494,0.3177,6
stytr2,2197,western_painting__met_787672,0.1979,6
adain,2197,western_painting__met_787672,0.0,6
sanet,2197,western_painting__met_787672,0.1715,6
cast,2197,western_painting__met_787672,0.1979,6
stytr2,2197,western_painting__met_788182,0.1979,6
adain,2197,western_painting__met_788182,0.0,6
sanet,2197,western_painting__met_788182,0.1562,6
cast,2197,western_painting__met_788182,0.1979,6
stytr2,2245,chinese_landscape__130942,0.593,7
adain,2245,chinese_landscape__130942,0.1762,7
sanet,2245,chinese_landscape__130942,0.2143,7
cast,2245,chinese_landscape__130942,0.3631,7
stytr2,2245,chinese_landscape__132834,0.4167,7
adain,2245,chinese_landscape__132834,0.0714,7
sanet,2245,chinese_landscape__132834,0.2143,7
cast,2245,chinese_landscape__132834,0.4141,7
stytr2,2245,chinese_landscape__132836,0.4167,7
adain,2245,chinese_landscape__132836,0.0714,7
sanet,2245,chinese_landscape__132836,0.2143,7
cast,2245,chinese_landscape__132836,0.3631,7
stytr2,2245,chinese_landscape__132840,0.3631,7
adain,2245,chinese_landscape__132840,0.1429,7
sanet,2245,chinese_landscape__132840,0.2347,7
cast,2245,chinese_landscape__132840,0.3452,7
stytr2,2245,chinese_landscape__132930,0.6869,7
adain,2245,chinese_landscape__132930,0.0952,7
sanet,2245,chinese_landscape__132930,0.2143,7
cast,2245,chinese_landscape__132930,0.3452,7
stytr2,2245,chinese_landscape__137205,0.3413,7
adain,2245,chinese_landscape__137205,0.0,7
sanet,2245,chinese_landscape__137205,0.2679,7
cast,2245,chinese_landscape__137205,0.4192,7
stytr2,2245,chinese_landscape__142574,0.5,7
adain,2245,chinese_landscape__142574,0.0,7
sanet,2245,chinese_landscape__142574,0.2143,7
cast,2245,chinese_landscape__142574,0.2143,7
stytr2,2245,chinese_landscape__142578,0.4167,7
adain,2245,chinese_landscape__142578,0.1762,7
sanet,2245,chinese_landscape__142578,0.2143,7
cast,2245,chinese_landscape__142578,0.3036,7
stytr2,2245,chinese_landscape__144829,0.4167,7
adain,2245,chinese_landscape__144829,0.0714,7
sanet,2245,chinese_landscape__144829,0.3036,7
cast,2245,chinese_landscape__144829,0.3214,7
stytr2,2245,chinese_landscape__148342,0.3631,7
adain,2245,chinese_landscape__148342,0.1,7
sanet,2245,chinese_landscape__148342,0.2143,7
cast,2245,chinese_landscape__148342,0.4464,7
stytr2,2245,mural__img_1082crop_1_0,0.3393,7
adain,2245,mural__img_1082crop_1_0,0.1667,7
sanet,2245,mural__img_1082crop_1_0,0.25,7
cast,2245,mural__img_1082crop_1_0,0.3554,7
stytr2,2245,mural__img_1224crop_0_0,0.1429,7
adain,2245,mural__img_1224crop_0_0,0.0476,7
sanet,2245,mural__img_1224crop_0_0,0.2143,7
cast,2245,mural__img_1224crop_0_0,0.3554,7
stytr2,2245,mural__img_1224crop_1_1,0.1524,7
adain,2245,mural__img_1224crop_1_1,0.0476,7
sanet,2245,mural__img_1224crop_1_1,0.1905,7
cast,2245,mural__img_1224crop_1_1,0.3554,7
stytr2,2245,mural__img_16crop_0_0,0.1429,7
adain,2245,mural__img_16crop_0_0,0.0,7
sanet,2245,mural__img_16crop_0_0,0.1224,7
cast,2245,mural__img_16crop_0_0,0.2143,7
stytr2,2245,mural__img_276crop_1_0,0.1429,7
adain,2245,mural__img_276crop_1_0,0.0,7
sanet,2245,mural__img_276crop_1_0,0.2143,7
cast,2245,mural__img_276crop_1_0,0.3036,7
stytr2,2245,mural__img_326crop_1_1,0.1905,7
adain,2245,mural__img_326crop_1_1,0.0,7
sanet,2245,mural__img_326crop_1_1,0.1905,7
cast,2245,mural__img_326crop_1_1,0.2143,7
stytr2,2245,mural__img_327crop_0_1,0.1905,7
adain,2245,mural__img_327crop_0_1,0.0,7
sanet,2245,mural__img_327crop_0_1,0.2048,7
cast,2245,mural__img_327crop_0_1,0.3036,7
stytr2,2245,mural__img_536crop_1_0,0.3495,7
adain,2245,mural__img_536crop_1_0,0.0476,7
sanet,2245,mural__img_536crop_1_0,0.2143,7
cast,2245,mural__img_536crop_1_0,0.3036,7
stytr2,2245,mural__img_593crop_0_0,0.1905,7
adain,2245,mural__img_593crop_0_0,0.0,7
sanet,2245,mural__img_593crop_0_0,0.2143,7
cast,2245,mural__img_593crop_0_0,0.3036,7
stytr2,2245,mural__img_739crop_1_1,0.1429,7
adain,2245,mural__img_739crop_1_1,0.0,7
sanet,2245,mural__img_739crop_1_1,0.1429,7
cast,2245,mural__img_739crop_1_1,0.3524,7
stytr2,2245,western_painting__met_359775,0.3418,7
adain,2245,western_painting__met_359775,0.0952,7
sanet,2245,western_painting__met_359775,0.1429,7
cast,2245,western_painting__met_359775,0.4286,7
stytr2,2245,western_painting__met_383787,0.3452,7
adain,2245,western_painting__met_383787,0.1667,7
sanet,2245,western_painting__met_383787,0.2143,7
cast,2245,western_painting__met_383787,0.3036,7
stytr2,2245,western_painting__met_406721,0.3571,7
adain,2245,western_painting__met_406721,0.0,7
sanet,2245,western_painting__met_406721,0.2143,7
cast,2245,western_painting__met_406721,0.3036,7
stytr2,2245,western_painting__met_437769,0.0714,7
adain,2245,western_painting__met_437769,0.0,7
sanet,2245,western_painting__met_437769,0.1476,7
cast,2245,western_painting__met_437769,0.2143,7
stytr2,2245,western_painting__met_437967,0.3036,7
adain,2245,western_painting__met_437967,0.0,7
sanet,2245,western_painting__met_437967,0.1429,7
cast,2245,western_painting__met_437967,0.2143,7
stytr2,2245,western_painting__met_439405,0.119,7
adain,2245,western_painting__met_439405,0.0,7
sanet,2245,western_painting__met_439405,0.0,7
cast,2245,western_painting__met_439405,0.2857,7
stytr2,2245,western_painting__met_649693,0.2483,7
adain,2245,western_painting__met_649693,0.0,7
sanet,2245,western_painting__met_649693,0.2143,7
cast,2245,western_painting__met_649693,0.3036,7
stytr2,2245,western_painting__met_739494,0.2381,7
adain,2245,western_painting__met_739494,0.0,7
sanet,2245,western_painting__met_739494,0.2143,7
cast,2245,western_painting__met_739494,0.4464,7
stytr2,2245,western_painting__met_787672,0.3622,7
adain,2245,western_painting__met_787672,0.1429,7
sanet,2245,western_painting__met_787672,0.2143,7
cast,2245,western_painting__met_787672,0.3036,7
stytr2,2245,western_painting__met_788182,0.3214,7
adain,2245,western_painting__met_788182,0.0714,7
sanet,2245,western_painting__met_788182,0.2143,7
cast,2245,western_painting__met_788182,0.3036,7
stytr2,2247,chinese_landscape__130942,0.6835,7
adain,2247,chinese_landscape__130942,0.0,7
sanet,2247,chinese_landscape__130942,0.1452,7
cast,2247,chinese_landscape__130942,0.7204,7
stytr2,2247,chinese_landscape__132834,0.5765,7
adain,2247,chinese_landscape__132834,0.0612,7
sanet,2247,chinese_landscape__132834,0.0,7
cast,2247,chinese_landscape__132834,0.6447,7
stytr2,2247,chinese_landscape__132836,0.6061,7
adain,2247,chinese_landscape__132836,0.0,7
sanet,2247,chinese_landscape__132836,0.0,7
cast,2247,chinese_landscape__132836,0.6306,7
stytr2,2247,chinese_landscape__132840,0.624,7
adain,2247,chinese_landscape__132840,0.0,7
sanet,2247,chinese_landscape__132840,0.0,7
cast,2247,chinese_landscape__132840,0.5483,7
stytr2,2247,chinese_landscape__132930,0.624,7
adain,2247,chinese_landscape__132930,0.0,7
sanet,2247,chinese_landscape__132930,0.0,7
cast,2247,chinese_landscape__132930,0.7204,7
stytr2,2247,chinese_landscape__137205,0.5662,7
adain,2247,chinese_landscape__137205,0.0,7
sanet,2247,chinese_landscape__137205,0.273,7
cast,2247,chinese_landscape__137205,0.6061,7
stytr2,2247,chinese_landscape__142574,0.7204,7
adain,2247,chinese_landscape__142574,0.0,7
sanet,2247,chinese_landscape__142574,0.0,7
cast,2247,chinese_landscape__142574,0.7204,7
stytr2,2247,chinese_landscape__142578,0.7204,7
adain,2247,chinese_landscape__142578,0.0,7
sanet,2247,chinese_landscape__142578,0.0,7
cast,2247,chinese_landscape__142578,0.674,7
stytr2,2247,chinese_landscape__144829,0.624,7
adain,2247,chinese_landscape__144829,0.0,7
sanet,2247,chinese_landscape__144829,0.0,7
cast,2247,chinese_landscape__144829,0.8429,7
stytr2,2247,chinese_landscape__148342,0.5406,7
adain,2247,chinese_landscape__148342,0.0,7
sanet,2247,chinese_landscape__148342,0.0,7
cast,2247,chinese_landscape__148342,0.7204,7
stytr2,2247,mural__img_1082crop_1_0,0.4949,7
adain,2247,mural__img_1082crop_1_0,0.0,7
sanet,2247,mural__img_1082crop_1_0,0.0,7
cast,2247,mural__img_1082crop_1_0,0.7202,7
stytr2,2247,mural__img_1224crop_0_0,0.3912,7
adain,2247,mural__img_1224crop_0_0,0.0,7
sanet,2247,mural__img_1224crop_0_0,0.0,7
cast,2247,mural__img_1224crop_0_0,0.5765,7
stytr2,2247,mural__img_1224crop_1_1,0.341,7
adain,2247,mural__img_1224crop_1_1,0.0,7
sanet,2247,mural__img_1224crop_1_1,0.0,7
cast,2247,mural__img_1224crop_1_1,0.5765,7
stytr2,2247,mural__img_16crop_0_0,0.2075,7
adain,2247,mural__img_16crop_0_0,0.0,7
sanet,2247,mural__img_16crop_0_0,0.0,7
cast,2247,mural__img_16crop_0_0,0.6061,7
stytr2,2247,mural__img_276crop_1_0,0.0,7
adain,2247,mural__img_276crop_1_0,0.0,7
sanet,2247,mural__img_276crop_1_0,0.0,7
cast,2247,mural__img_276crop_1_0,0.5269,7
stytr2,2247,mural__img_326crop_1_1,0.4949,7
adain,2247,mural__img_326crop_1_1,0.0,7
sanet,2247,mural__img_326crop_1_1,0.0,7
cast,2247,mural__img_326crop_1_1,0.6087,7
stytr2,2247,mural__img_327crop_0_1,0.5449,7
adain,2247,mural__img_327crop_0_1,0.0,7
sanet,2247,mural__img_327crop_0_1,0.0,7
cast,2247,mural__img_327crop_0_1,0.624,7
stytr2,2247,mural__img_536crop_1_0,0.4437,7
adain,2247,mural__img_536crop_1_0,0.0,7
sanet,2247,mural__img_536crop_1_0,0.0,7
cast,2247,mural__img_536crop_1_0,0.6061,7
stytr2,2247,mural__img_593crop_0_0,0.4439,7
adain,2247,mural__img_593crop_0_0,0.0,7
sanet,2247,mural__img_593crop_0_0,0.0,7
cast,2247,mural__img_593crop_0_0,0.6333,7
stytr2,2247,mural__img_739crop_1_1,0.4362,7
adain,2247,mural__img_739crop_1_1,0.0,7
sanet,2247,mural__img_739crop_1_1,0.0,7
cast,2247,mural__img_739crop_1_1,0.6512,7
stytr2,2247,western_painting__met_359775,0.1597,7
adain,2247,western_painting__met_359775,0.0,7
sanet,2247,western_painting__met_359775,0.0,7
cast,2247,western_painting__met_359775,0.674,7
stytr2,2247,western_painting__met_383787,0.0,7
adain,2247,western_painting__met_383787,0.0,7
sanet,2247,western_painting__met_383787,0.0,7
cast,2247,western_painting__met_383787,0.5026,7
stytr2,2247,western_painting__met_406721,0.5332,7
adain,2247,western_painting__met_406721,0.0,7
sanet,2247,western_painting__met_406721,0.0,7
cast,2247,western_painting__met_406721,0.674,7
stytr2,2247,western_painting__met_437769,0.1335,7
adain,2247,western_painting__met_437769,0.0,7
sanet,2247,western_painting__met_437769,0.0,7
cast,2247,western_painting__met_437769,0.6061,7
stytr2,2247,western_painting__met_437967,0.4694,7
adain,2247,western_painting__met_437967,0.0,7
sanet,2247,western_painting__met_437967,0.0,7
cast,2247,western_painting__met_437967,0.624,7
stytr2,2247,western_painting__met_439405,0.5306,7
adain,2247,western_painting__met_439405,0.0,7
sanet,2247,western_painting__met_439405,0.0,7
cast,2247,western_painting__met_439405,0.6726,7
stytr2,2247,western_painting__met_649693,0.0,7
adain,2247,western_painting__met_649693,0.0,7
sanet,2247,western_painting__met_649693,0.0357,7
cast,2247,western_painting__met_649693,0.5737,7
stytr2,2247,western_painting__met_739494,0.1071,7
adain,2247,western_painting__met_739494,0.0,7
sanet,2247,western_painting__met_739494,0.0,7
cast,2247,western_painting__met_739494,0.5923,7
stytr2,2247,western_painting__met_787672,0.3776,7
adain,2247,western_painting__met_787672,0.0,7
sanet,2247,western_painting__met_787672,0.0,7
cast,2247,western_painting__met_787672,0.5483,7
stytr2,2247,western_painting__met_788182,0.1597,7
adain,2247,western_painting__met_788182,0.0,7
sanet,2247,western_painting__met_788182,0.0,7
cast,2247,western_painting__met_788182,0.6128,7
stytr2,2290,chinese_landscape__130942,0.4524,4
adain,2290,chinese_landscape__130942,0.2857,4
sanet,2290,chinese_landscape__130942,0.2857,4
cast,2290,chinese_landscape__130942,0.2857,4
stytr2,2290,chinese_landscape__132834,0.4524,4
adain,2290,chinese_landscape__132834,0.1786,4
sanet,2290,chinese_landscape__132834,0.2857,4
cast,2290,chinese_landscape__132834,0.2857,4
stytr2,2290,chinese_landscape__132836,0.4524,4
adain,2290,chinese_landscape__132836,0.25,4
sanet,2290,chinese_landscape__132836,0.2857,4
cast,2290,chinese_landscape__132836,0.2857,4
stytr2,2290,chinese_landscape__132840,0.2857,4
adain,2290,chinese_landscape__132840,0.1786,4
sanet,2290,chinese_landscape__132840,0.2857,4
cast,2290,chinese_landscape__132840,0.2857,4
stytr2,2290,chinese_landscape__132930,0.369,4
adain,2290,chinese_landscape__132930,0.1071,4
sanet,2290,chinese_landscape__132930,0.2857,4
cast,2290,chinese_landscape__132930,0.2857,4
stytr2,2290,chinese_landscape__137205,0.2857,4
adain,2290,chinese_landscape__137205,0.1786,4
sanet,2290,chinese_landscape__137205,0.2857,4
cast,2290,chinese_landscape__137205,0.2857,4
stytr2,2290,chinese_landscape__142574,0.2857,4
adain,2290,chinese_landscape__142574,0.1071,4
sanet,2290,chinese_landscape__142574,0.2857,4
cast,2290,chinese_landscape__142574,0.2857,4
stytr2,2290,chinese_landscape__142578,0.2857,4
adain,2290,chinese_landscape__142578,0.1786,4
sanet,2290,chinese_landscape__142578,0.2857,4
cast,2290,chinese_landscape__142578,0.2857,4
stytr2,2290,chinese_landscape__144829,0.4524,4
adain,2290,chinese_landscape__144829,0.2143,4
sanet,2290,chinese_landscape__144829,0.2857,4
cast,2290,chinese_landscape__144829,0.2857,4
stytr2,2290,chinese_landscape__148342,0.2857,4
adain,2290,chinese_landscape__148342,0.25,4
sanet,2290,chinese_landscape__148342,0.2857,4
cast,2290,chinese_landscape__148342,0.2857,4
stytr2,2290,mural__img_1082crop_1_0,0.2857,4
adain,2290,mural__img_1082crop_1_0,0.2143,4
sanet,2290,mural__img_1082crop_1_0,0.2143,4
cast,2290,mural__img_1082crop_1_0,0.2857,4
stytr2,2290,mural__img_1224crop_0_0,0.2857,4
adain,2290,mural__img_1224crop_0_0,0.1071,4
sanet,2290,mural__img_1224crop_0_0,0.25,4
cast,2290,mural__img_1224crop_0_0,0.2857,4
stytr2,2290,mural__img_1224crop_1_1,0.1786,4
adain,2290,mural__img_1224crop_1_1,0.1429,4
sanet,2290,mural__img_1224crop_1_1,0.2143,4
cast,2290,mural__img_1224crop_1_1,0.2857,4
stytr2,2290,mural__img_16crop_0_0,0.2857,4
adain,2290,mural__img_16crop_0_0,0.0,4
sanet,2290,mural__img_16crop_0_0,0.1786,4
cast,2290,mural__img_16crop_0_0,0.2857,4
stytr2,2290,mural__img_276crop_1_0,0.2857,4
adain,2290,mural__img_276crop_1_0,0.0,4
sanet,2290,mural__img_276crop_1_0,0.2857,4
cast,2290,mural__img_276crop_1_0,0.2857,4
stytr2,2290,mural__img_326crop_1_1,0.2857,4
adain,2290,mural__img_326crop_1_1,0.0,4
sanet,2290,mural__img_326crop_1_1,0.1786,4
cast,2290,mural__img_326crop_1_1,0.2857,4
stytr2,2290,mural__img_327crop_0_1,0.2857,4
adain,2290,mural__img_327crop_0_1,0.2143,4
sanet,2290,mural__img_327crop_0_1,0.2143,4
cast,2290,mural__img_327crop_0_1,0.2857,4
stytr2,2290,mural__img_536crop_1_0,0.4524,4
adain,2290,mural__img_536crop_1_0,0.1786,4
sanet,2290,mural__img_536crop_1_0,0.2857,4
cast,2290,mural__img_536crop_1_0,0.2857,4
stytr2,2290,mural__img_593crop_0_0,0.2857,4
adain,2290,mural__img_593crop_0_0,0.1786,4
sanet,2290,mural__img_593crop_0_0,0.2857,4
cast,2290,mural__img_593crop_0_0,0.2857,4
stytr2,2290,mural__img_739crop_1_1,0.2857,4
adain,2290,mural__img_739crop_1_1,0.1786,4
sanet,2290,mural__img_739crop_1_1,0.2857,4
cast,2290,mural__img_739crop_1_1,0.2857,4
stytr2,2290,western_painting__met_359775,0.2857,4
adain,2290,western_painting__met_359775,0.1786,4
sanet,2290,western_painting__met_359775,0.2857,4
cast,2290,western_painting__met_359775,0.2857,4
stytr2,2290,western_painting__met_383787,0.2857,4
adain,2290,western_painting__met_383787,0.2143,4
sanet,2290,western_painting__met_383787,0.25,4
cast,2290,western_painting__met_383787,0.2857,4
stytr2,2290,western_painting__met_406721,0.2857,4
adain,2290,western_painting__met_406721,0.0,4
sanet,2290,western_painting__met_406721,0.2857,4
cast,2290,western_painting__met_406721,0.4524,4
stytr2,2290,western_painting__met_437769,0.2857,4
adain,2290,western_painting__met_437769,0.2143,4
sanet,2290,western_painting__met_437769,0.2857,4
cast,2290,western_painting__met_437769,0.2857,4
stytr2,2290,western_painting__met_437967,0.2857,4
adain,2290,western_painting__met_437967,0.2143,4
sanet,2290,western_painting__met_437967,0.2857,4
cast,2290,western_painting__met_437967,0.2857,4
stytr2,2290,western_painting__met_439405,0.2857,4
adain,2290,western_painting__met_439405,0.2143,4
sanet,2290,western_painting__met_439405,0.1786,4
cast,2290,western_painting__met_439405,0.2857,4
stytr2,2290,western_painting__met_649693,0.2857,4
adain,2290,western_painting__met_649693,0.1786,4
sanet,2290,western_painting__met_649693,0.2857,4
cast,2290,western_painting__met_649693,0.2857,4
stytr2,2290,western_painting__met_739494,0.2857,4
adain,2290,western_painting__met_739494,0.1786,4
sanet,2290,western_painting__met_739494,0.2857,4
cast,2290,western_painting__met_739494,0.2857,4
stytr2,2290,western_painting__met_787672,0.2857,4
adain,2290,western_painting__met_787672,0.2143,4
sanet,2290,western_painting__met_787672,0.2857,4
cast,2290,western_painting__met_787672,0.2857,4
stytr2,2290,western_painting__met_788182,0.2857,4
adain,2290,western_painting__met_788182,0.1786,4
sanet,2290,western_painting__met_788182,0.2857,4
cast,2290,western_painting__met_788182,0.2857,4
stytr2,2333,chinese_landscape__130942,0.4854,12
adain,2333,chinese_landscape__130942,0.0938,12
sanet,2333,chinese_landscape__130942,0.2211,12
cast,2333,chinese_landscape__130942,0.3354,12
stytr2,2333,chinese_landscape__132834,0.4271,12
adain,2333,chinese_landscape__132834,0.1295,12
sanet,2333,chinese_landscape__132834,0.1682,12
cast,2333,chinese_landscape__132834,0.3354,12
stytr2,2333,chinese_landscape__132836,0.4271,12
adain,2333,chinese_landscape__132836,0.0,12
sanet,2333,chinese_landscape__132836,0.2152,12
cast,2333,chinese_landscape__132836,0.2997,12
stytr2,2333,chinese_landscape__132840,0.4271,12
adain,2333,chinese_landscape__132840,0.0938,12
sanet,2333,chinese_landscape__132840,0.2366,12
cast,2333,chinese_landscape__132840,0.4104,12
stytr2,2333,chinese_landscape__132930,0.4688,12
adain,2333,chinese_landscape__132930,0.0938,12
sanet,2333,chinese_landscape__132930,0.1497,12
cast,2333,chinese_landscape__132930,0.3354,12
stytr2,2333,chinese_landscape__137205,0.4323,12
adain,2333,chinese_landscape__137205,0.0938,12
sanet,2333,chinese_landscape__137205,0.1176,12
cast,2333,chinese_landscape__137205,0.3637,12
stytr2,2333,chinese_landscape__142574,0.4512,12
adain,2333,chinese_landscape__142574,0.0938,12
sanet,2333,chinese_landscape__142574,0.1533,12
cast,2333,chinese_landscape__142574,0.3563,12
stytr2,2333,chinese_landscape__142578,0.4688,12
adain,2333,chinese_landscape__142578,0.0938,12
sanet,2333,chinese_landscape__142578,0.1964,12
cast,2333,chinese_landscape__142578,0.3354,12
stytr2,2333,chinese_landscape__144829,0.4271,12
adain,2333,chinese_landscape__144829,0.0938,12
sanet,2333,chinese_landscape__144829,0.2666,12
cast,2333,chinese_landscape__144829,0.3146,12
stytr2,2333,chinese_landscape__148342,0.4271,12
adain,2333,chinese_landscape__148342,0.0938,12
sanet,2333,chinese_landscape__148342,0.1295,12
cast,2333,chinese_landscape__148342,0.3354,12
stytr2,2333,mural__img_1082crop_1_0,0.3438,12
adain,2333,mural__img_1082crop_1_0,0.0938,12
sanet,2333,mural__img_1082crop_1_0,0.1295,12
cast,2333,mural__img_1082crop_1_0,0.4292,12
stytr2,2333,mural__img_1224crop_0_0,0.3726,12
adain,2333,mural__img_1224crop_0_0,0.0,12
sanet,2333,mural__img_1224crop_0_0,0.0938,12
cast,2333,mural__img_1224crop_0_0,0.325,12
stytr2,2333,mural__img_1224crop_1_1,0.2773,12
adain,2333,mural__img_1224crop_1_1,0.0938,12
sanet,2333,mural__img_1224crop_1_1,0.0,12
cast,2333,mural__img_1224crop_1_1,0.4438,12
stytr2,2333,mural__img_16crop_0_0,0.2521,12
adain,2333,mural__img_16crop_0_0,0.0,12
sanet,2333,mural__img_16crop_0_0,0.0938,12
cast,2333,mural__img_16crop_0_0,0.3098,12
stytr2,2333,mural__img_276crop_1_0,0.3619,12
adain,2333,mural__img_276crop_1_0,0.0,12
sanet,2333,mural__img_276crop_1_0,0.0938,12
cast,2333,mural__img_276crop_1_0,0.1807,12
stytr2,2333,mural__img_326crop_1_1,0.3235,12
adain,2333,mural__img_326crop_1_1,0.0,12
sanet,2333,mural__img_326crop_1_1,0.0938,12
cast,2333,mural__img_326crop_1_1,0.4318,12
stytr2,2333,mural__img_327crop_0_1,0.3795,12
adain,2333,mural__img_327crop_0_1,0.0938,12
sanet,2333,mural__img_327crop_0_1,0.0938,12
cast,2333,mural__img_327crop_0_1,0.4485,12
stytr2,2333,mural__img_536crop_1_0,0.3312,12
adain,2333,mural__img_536crop_1_0,0.0729,12
sanet,2333,mural__img_536crop_1_0,0.0938,12
cast,2333,mural__img_536crop_1_0,0.4188,12
stytr2,2333,mural__img_593crop_0_0,0.3214,12
adain,2333,mural__img_593crop_0_0,0.0938,12
sanet,2333,mural__img_593crop_0_0,0.1176,12
cast,2333,mural__img_593crop_0_0,0.3354,12
stytr2,2333,mural__img_739crop_1_1,0.3452,12
adain,2333,mural__img_739crop_1_1,0.0938,12
sanet,2333,mural__img_739crop_1_1,0.0938,12
cast,2333,mural__img_739crop_1_1,0.2143,12
stytr2,2333,western_painting__met_359775,0.4152,12
adain,2333,western_painting__met_359775,0.0729,12
sanet,2333,western_painting__met_359775,0.0938,12
cast,2333,western_painting__met_359775,0.3937,12
stytr2,2333,western_painting__met_383787,0.4256,12
adain,2333,western_painting__met_383787,0.0938,12
sanet,2333,western_painting__met_383787,0.1414,12
cast,2333,western_painting__met_383787,0.4438,12
stytr2,2333,western_painting__met_406721,0.3068,12
adain,2333,western_painting__met_406721,0.0521,12
sanet,2333,western_painting__met_406721,0.1289,12
cast,2333,western_painting__met_406721,0.3798,12
stytr2,2333,western_painting__met_437769,0.2964,12
adain,2333,western_painting__met_437769,0.0938,12
sanet,2333,western_painting__met_437769,0.0938,12
cast,2333,western_painting__met_437769,0.2721,12
stytr2,2333,western_painting__met_437967,0.4214,12
adain,2333,western_painting__met_437967,0.0938,12
sanet,2333,western_painting__met_437967,0.0938,12
cast,2333,western_painting__met_437967,0.2997,12
stytr2,2333,western_painting__met_439405,0.3042,12
adain,2333,western_painting__met_439405,0.1083,12
sanet,2333,western_painting__met_439405,0.0938,12
cast,2333,western_painting__met_439405,0.214,12
stytr2,2333,western_painting__met_649693,0.192,12
adain,2333,western_painting__met_649693,0.0,12
sanet,2333,western_painting__met_649693,0.0938,12
cast,2333,western_painting__met_649693,0.4164,12
stytr2,2333,western_painting__met_739494,0.3521,12
adain,2333,western_painting__met_739494,0.0521,12
sanet,2333,western_painting__met_739494,0.1271,12
cast,2333,western_painting__met_739494,0.3262,12
stytr2,2333,western_painting__met_787672,0.3012,12
adain,2333,western_painting__met_787672,0.0938,12
sanet,2333,western_painting__met_787672,0.0938,12
cast,2333,western_painting__met_787672,0.3076,12
stytr2,2333,western_painting__met_788182,0.3068,12
adain,2333,western_painting__met_788182,0.0938,12
sanet,2333,western_painting__met_788182,0.1399,12
cast,2333,western_painting__met_788182,0.2997,12
stytr2,2448,chinese_landscape__130942,0.2917,6
adain,2448,chinese_landscape__130942,0.0741,6
sanet,2448,chinese_landscape__130942,0.1667,6
cast,2448,chinese_landscape__130942,0.1667,6
stytr2,2448,chinese_landscape__132834,0.2222,6
adain,2448,chinese_landscape__132834,0.0,6
sanet,2448,chinese_landscape__132834,0.1667,6
cast,2448,chinese_landscape__132834,0.1667,6
stytr2,2448,chinese_landscape__132836,0.1667,6
adain,2448,chinese_landscape__132836,0.0556,6
sanet,2448,chinese_landscape__132836,0.1296,6
cast,2448,chinese_landscape__132836,0.2778,6
stytr2,2448,chinese_landscape__132840,0.1667,6
adain,2448,chinese_landscape__132840,0.0,6
sanet,2448,chinese_landscape__132840,0.1667,6
cast,2448,chinese_landscape__132840,0.2315,6
stytr2,2448,chinese_landscape__132930,0.2778,6
adain,2448,chinese_landscape__132930,0.0,6
sanet,2448,chinese_landscape__132930,0.1667,6
cast,2448,chinese_landscape__132930,0.3056,6
stytr2,2448,chinese_landscape__137205,0.1667,6
adain,2448,chinese_landscape__137205,0.0,6
sanet,2448,chinese_landscape__137205,0.1481,6
cast,2448,chinese_landscape__137205,0.1667,6
stytr2,2448,chinese_landscape__142574,0.25,6
adain,2448,chinese_landscape__142574,0.0,6
sanet,2448,chinese_landscape__142574,0.1667,6
cast,2448,chinese_landscape__142574,0.2778,6
stytr2,2448,chinese_landscape__142578,0.1667,6
adain,2448,chinese_landscape__142578,0.0,6
sanet,2448,chinese_landscape__142578,0.1481,6
cast,2448,chinese_landscape__142578,0.2778,6
stytr2,2448,chinese_landscape__144829,0.2778,6
adain,2448,chinese_landscape__144829,0.0,6
sanet,2448,chinese_landscape__144829,0.1667,6
cast,2448,chinese_landscape__144829,0.1667,6
stytr2,2448,chinese_landscape__148342,0.1667,6
adain,2448,chinese_landscape__148342,0.0,6
sanet,2448,chinese_landscape__148342,0.1481,6
cast,2448,chinese_landscape__148342,0.2778,6
stytr2,2448,mural__img_1082crop_1_0,0.1667,6
adain,2448,mural__img_1082crop_1_0,0.0,6
sanet,2448,mural__img_1082crop_1_0,0.1667,6
cast,2448,mural__img_1082crop_1_0,0.25,6
stytr2,2448,mural__img_1224crop_0_0,0.1667,6
adain,2448,mural__img_1224crop_0_0,0.0,6
sanet,2448,mural__img_1224crop_0_0,0.1111,6
cast,2448,mural__img_1224crop_0_0,0.1667,6
stytr2,2448,mural__img_1224crop_1_1,0.1667,6
adain,2448,mural__img_1224crop_1_1,0.0,6
sanet,2448,mural__img_1224crop_1_1,0.1111,6
cast,2448,mural__img_1224crop_1_1,0.1667,6
stytr2,2448,mural__img_16crop_0_0,0.1667,6
adain,2448,mural__img_16crop_0_0,0.0,6
sanet,2448,mural__img_16crop_0_0,0.1481,6
cast,2448,mural__img_16crop_0_0,0.1667,6
stytr2,2448,mural__img_276crop_1_0,0.1667,6
adain,2448,mural__img_276crop_1_0,0.0,6
sanet,2448,mural__img_276crop_1_0,0.1481,6
cast,2448,mural__img_276crop_1_0,0.1667,6
stytr2,2448,mural__img_326crop_1_1,0.1667,6
adain,2448,mural__img_326crop_1_1,0.0,6
sanet,2448,mural__img_326crop_1_1,0.1296,6
cast,2448,mural__img_326crop_1_1,0.25,6
stytr2,2448,mural__img_327crop_0_1,0.2778,6
adain,2448,mural__img_327crop_0_1,0.0,6
sanet,2448,mural__img_327crop_0_1,0.1296,6
cast,2448,mural__img_327crop_0_1,0.2778,6
stytr2,2448,mural__img_536crop_1_0,0.25,6
adain,2448,mural__img_536crop_1_0,0.0,6
sanet,2448,mural__img_536crop_1_0,0.1481,6
cast,2448,mural__img_536crop_1_0,0.25,6
stytr2,2448,mural__img_593crop_0_0,0.1667,6
adain,2448,mural__img_593crop_0_0,0.0,6
sanet,2448,mural__img_593crop_0_0,0.0,6
cast,2448,mural__img_593crop_0_0,0.1667,6
stytr2,2448,mural__img_739crop_1_1,0.1667,6
adain,2448,mural__img_739crop_1_1,0.0,6
sanet,2448,mural__img_739crop_1_1,0.1481,6
cast,2448,mural__img_739crop_1_1,0.2778,6
stytr2,2448,western_painting__met_359775,0.2222,6
adain,2448,western_painting__met_359775,0.0,6
sanet,2448,western_painting__met_359775,0.1481,6
cast,2448,western_painting__met_359775,0.25,6
stytr2,2448,western_painting__met_383787,0.1667,6
adain,2448,western_painting__met_383787,0.0,6
sanet,2448,western_painting__met_383787,0.1667,6
cast,2448,western_painting__met_383787,0.25,6
stytr2,2448,western_painting__met_406721,0.1667,6
adain,2448,western_painting__met_406721,0.0,6
sanet,2448,western_painting__met_406721,0.0926,6
cast,2448,western_painting__met_406721,0.1667,6
stytr2,2448,western_painting__met_437769,0.1667,6
adain,2448,western_painting__met_437769,0.1111,6
sanet,2448,western_painting__met_437769,0.1481,6
cast,2448,western_painting__met_437769,0.1667,6
stytr2,2448,western_painting__met_437967,0.1667,6
adain,2448,western_painting__met_437967,0.0926,6
sanet,2448,western_painting__met_437967,0.1296,6
cast,2448,western_painting__met_437967,0.1667,6
stytr2,2448,western_painting__met_439405,0.1667,6
adain,2448,western_painting__met_439405,0.0,6
sanet,2448,western_painting__met_439405,0.1296,6
cast,2448,western_painting__met_439405,0.1667,6
stytr2,2448,western_painting__met_649693,0.1481,6
adain,2448,western_painting__met_649693,0.0,6
sanet,2448,western_painting__met_649693,0.1296,6
cast,2448,western_painting__met_649693,0.1667,6
stytr2,2448,western_painting__met_739494,0.1667,6
adain,2448,western_painting__met_739494,0.0,6
sanet,2448,western_painting__met_739494,0.1481,6
cast,2448,western_painting__met_739494,0.25,6
stytr2,2448,western_painting__met_787672,0.1667,6
adain,2448,western_painting__met_787672,0.0,6
sanet,2448,western_painting__met_787672,0.1481,6
cast,2448,western_painting__met_787672,0.2292,6
stytr2,2448,western_painting__met_788182,0.1667,6
adain,2448,western_painting__met_788182,0.0,6
sanet,2448,western_painting__met_788182,0.1667,6
cast,2448,western_painting__met_788182,0.25,6
stytr2,2507,chinese_landscape__130942,0.3462,4
adain,2507,chinese_landscape__130942,0.2769,4
sanet,2507,chinese_landscape__130942,0.3462,4
cast,2507,chinese_landscape__130942,0.3462,4
stytr2,2507,chinese_landscape__132834,0.3462,4
adain,2507,chinese_landscape__132834,0.0,4
sanet,2507,chinese_landscape__132834,0.2769,4
cast,2507,chinese_landscape__132834,0.3462,4
stytr2,2507,chinese_landscape__132836,0.3462,4
adain,2507,chinese_landscape__132836,0.0,4
sanet,2507,chinese_landscape__132836,0.3462,4
cast,2507,chinese_landscape__132836,0.3462,4
stytr2,2507,chinese_landscape__132840,0.3462,4
adain,2507,chinese_landscape__132840,0.0,4
sanet,2507,chinese_landscape__132840,0.2077,4
cast,2507,chinese_landscape__132840,0.2769,4
stytr2,2507,chinese_landscape__132930,0.3045,4
adain,2507,chinese_landscape__132930,0.0,4
sanet,2507,chinese_landscape__132930,0.2077,4
cast,2507,chinese_landscape__132930,0.3462,4
stytr2,2507,chinese_landscape__137205,0.3462,4
adain,2507,chinese_landscape__137205,0.1385,4
sanet,2507,chinese_landscape__137205,0.2769,4
cast,2507,chinese_landscape__137205,0.3462,4
stytr2,2507,chinese_landscape__142574,0.4939,4
adain,2507,chinese_landscape__142574,0.0,4
sanet,2507,chinese_landscape__142574,0.0,4
cast,2507,chinese_landscape__142574,0.3462,4
stytr2,2507,chinese_landscape__142578,0.4582,4
adain,2507,chinese_landscape__142578,0.0,4
sanet,2507,chinese_landscape__142578,0.2769,4
cast,2507,chinese_landscape__142578,0.3462,4
stytr2,2507,chinese_landscape__144829,0.3462,4
adain,2507,chinese_landscape__144829,0.2077,4
sanet,2507,chinese_landscape__144829,0.3462,4
cast,2507,chinese_landscape__144829,0.3462,4
stytr2,2507,chinese_landscape__148342,0.3462,4
adain,2507,chinese_landscape__148342,0.0,4
sanet,2507,chinese_landscape__148342,0.3462,4
cast,2507,chinese_landscape__148342,0.2769,4
stytr2,2507,mural__img_1082crop_1_0,0.3045,4
adain,2507,mural__img_1082crop_1_0,0.0,4
sanet,2507,mural__img_1082crop_1_0,0.0,4
cast,2507,mural__img_1082crop_1_0,0.3462,4
stytr2,2507,mural__img_1224crop_0_0,0.2769,4
adain,2507,mural__img_1224crop_0_0,0.0,4
sanet,2507,mural__img_1224crop_0_0,0.0,4
cast,2507,mural__img_1224crop_0_0,0.3462,4
stytr2,2507,mural__img_1224crop_1_1,0.3045,4
adain,2507,mural__img_1224crop_1_1,0.0,4
sanet,2507,mural__img_1224crop_1_1,0.0,4
cast,2507,mural__img_1224crop_1_1,0.3462,4
stytr2,2507,mural__img_16crop_0_0,0.2769,4
adain,2507,mural__img_16crop_0_0,0.0,4
sanet,2507,mural__img_16crop_0_0,0.3462,4
cast,2507,mural__img_16crop_0_0,0.2769,4
stytr2,2507,mural__img_276crop_1_0,0.3462,4
adain,2507,mural__img_276crop_1_0,0.0,4
sanet,2507,mural__img_276crop_1_0,0.2077,4
cast,2507,mural__img_276crop_1_0,0.3462,4
stytr2,2507,mural__img_326crop_1_1,0.3462,4
adain,2507,mural__img_326crop_1_1,0.0,4
sanet,2507,mural__img_326crop_1_1,0.0,4
cast,2507,mural__img_326crop_1_1,0.3462,4
stytr2,2507,mural__img_327crop_0_1,0.3462,4
adain,2507,mural__img_327crop_0_1,0.0,4
sanet,2507,mural__img_327crop_0_1,0.2077,4
cast,2507,mural__img_327crop_0_1,0.3462,4
stytr2,2507,mural__img_536crop_1_0,0.3462,4
adain,2507,mural__img_536crop_1_0,0.0,4
sanet,2507,mural__img_536crop_1_0,0.2769,4
cast,2507,mural__img_536crop_1_0,0.3462,4
stytr2,2507,mural__img_593crop_0_0,0.3462,4
adain,2507,mural__img_593crop_0_0,0.0,4
sanet,2507,mural__img_593crop_0_0,0.0,4
cast,2507,mural__img_593crop_0_0,0.3462,4
stytr2,2507,mural__img_739crop_1_1,0.3462,4
adain,2507,mural__img_739crop_1_1,0.0,4
sanet,2507,mural__img_739crop_1_1,0.0,4
cast,2507,mural__img_739crop_1_1,0.3462,4
stytr2,2507,western_painting__met_359775,0.3045,4
adain,2507,western_painting__met_359775,0.0,4
sanet,2507,western_painting__met_359775,0.0,4
cast,2507,western_painting__met_359775,0.3462,4
stytr2,2507,western_painting__met_383787,0.3045,4
adain,2507,western_painting__met_383787,0.0,4
sanet,2507,western_painting__met_383787,0.2077,4
cast,2507,western_painting__met_383787,0.3462,4
stytr2,2507,western_painting__met_406721,0.3462,4
adain,2507,western_painting__met_406721,0.0,4
sanet,2507,western_painting__met_406721,0.2077,4
cast,2507,western_painting__met_406721,0.3462,4
stytr2,2507,western_painting__met_437769,0.2769,4
adain,2507,western_painting__met_437769,0.0,4
sanet,2507,western_painting__met_437769,0.2769,4
cast,2507,western_painting__met_437769,0.3462,4
stytr2,2507,western_painting__met_437967,0.3462,4
adain,2507,western_painting__met_437967,0.0,4
sanet,2507,western_painting__met_437967,0.2769,4
cast,2507,western_painting__met_437967,0.2769,4
stytr2,2507,western_painting__met_439405,0.2769,4
adain,2507,western_painting__met_439405,0.0,4
sanet,2507,western_painting__met_439405,0.0,4
cast,2507,western_painting__met_439405,0.3462,4
stytr2,2507,western_painting__met_649693,0.2244,4
adain,2507,western_painting__met_649693,0.0,4
sanet,2507,western_painting__met_649693,0.2769,4
cast,2507,western_painting__met_649693,0.3462,4
stytr2,2507,western_painting__met_739494,0.3045,4
adain,2507,western_painting__met_739494,0.0,4
sanet,2507,western_painting__met_739494,0.0,4
cast,2507,western_painting__met_739494,0.3462,4
stytr2,2507,western_painting__met_787672,0.3462,4
adain,2507,western_painting__met_787672,0.0,4
sanet,2507,western_painting__met_787672,0.2769,4
cast,2507,western_painting__met_787672,0.3462,4
stytr2,2507,western_painting__met_788182,0.3045,4
adain,2507,western_painting__met_788182,0.0,4
sanet,2507,western_painting__met_788182,0.2769,4
cast,2507,western_painting__met_788182,0.3462,4
stytr2,2548,chinese_landscape__130942,0.9389,6
adain,2548,chinese_landscape__130942,0.2083,6
sanet,2548,chinese_landscape__130942,0.75,6
cast,2548,chinese_landscape__130942,0.7917,6
stytr2,2548,chinese_landscape__132834,0.85,6
adain,2548,chinese_landscape__132834,0.0,6
sanet,2548,chinese_landscape__132834,0.75,6
cast,2548,chinese_landscape__132834,0.7917,6
stytr2,2548,chinese_landscape__132836,0.8635,6
adain,2548,chinese_landscape__132836,0.0,6
sanet,2548,chinese_landscape__132836,0.5,6
cast,2548,chinese_landscape__132836,0.625,6
stytr2,2548,chinese_landscape__132840,0.85,6
adain,2548,chinese_landscape__132840,0.125,6
sanet,2548,chinese_landscape__132840,0.4167,6
cast,2548,chinese_landscape__132840,0.8,6
stytr2,2548,chinese_landscape__132930,0.9389,6
adain,2548,chinese_landscape__132930,0.0,6
sanet,2548,chinese_landscape__132930,0.4306,6
cast,2548,chinese_landscape__132930,0.7917,6
stytr2,2548,chinese_landscape__137205,0.8333,6
adain,2548,chinese_landscape__137205,0.0,6
sanet,2548,chinese_landscape__137205,0.4028,6
cast,2548,chinese_landscape__137205,0.7917,6
stytr2,2548,chinese_landscape__142574,0.9389,6
adain,2548,chinese_landscape__142574,0.0,6
sanet,2548,chinese_landscape__142574,0.4333,6
cast,2548,chinese_landscape__142574,0.7028,6
stytr2,2548,chinese_landscape__142578,0.9389,6
adain,2548,chinese_landscape__142578,0.1333,6
sanet,2548,chinese_landscape__142578,0.7028,6
cast,2548,chinese_landscape__142578,0.6333,6
stytr2,2548,chinese_landscape__144829,0.9028,6
adain,2548,chinese_landscape__144829,0.2917,6
sanet,2548,chinese_landscape__144829,0.8333,6
cast,2548,chinese_landscape__144829,0.7444,6
stytr2,2548,chinese_landscape__148342,0.8833,6
adain,2548,chinese_landscape__148342,0.0,6
sanet,2548,chinese_landscape__148342,0.5833,6
cast,2548,chinese_landscape__148342,0.8,6
stytr2,2548,mural__img_1082crop_1_0,0.8611,6
adain,2548,mural__img_1082crop_1_0,0.1667,6
sanet,2548,mural__img_1082crop_1_0,0.4444,6
cast,2548,mural__img_1082crop_1_0,0.8778,6
stytr2,2548,mural__img_1224crop_0_0,0.75,6
adain,2548,mural__img_1224crop_0_0,0.0,6
sanet,2548,mural__img_1224crop_0_0,0.0,6
cast,2548,mural__img_1224crop_0_0,0.85,6
stytr2,2548,mural__img_1224crop_1_1,0.85,6
adain,2548,mural__img_1224crop_1_1,0.0,6
sanet,2548,mural__img_1224crop_1_1,0.0,6
cast,2548,mural__img_1224crop_1_1,0.8833,6
stytr2,2548,mural__img_16crop_0_0,0.5536,6
adain,2548,mural__img_16crop_0_0,0.0,6
sanet,2548,mural__img_16crop_0_0,0.125,6
cast,2548,mural__img_16crop_0_0,0.75,6
stytr2,2548,mural__img_276crop_1_0,0.0,6
adain,2548,mural__img_276crop_1_0,0.0,6
sanet,2548,mural__img_276crop_1_0,0.2917,6
cast,2548,mural__img_276crop_1_0,0.7917,6
stytr2,2548,mural__img_326crop_1_1,0.8222,6
adain,2548,mural__img_326crop_1_1,0.0,6
sanet,2548,mural__img_326crop_1_1,0.0833,6
cast,2548,mural__img_326crop_1_1,0.8472,6
stytr2,2548,mural__img_327crop_0_1,0.6833,6
adain,2548,mural__img_327crop_0_1,0.0,6
sanet,2548,mural__img_327crop_0_1,0.2333,6
cast,2548,mural__img_327crop_0_1,0.75,6
stytr2,2548,mural__img_536crop_1_0,0.8417,6
adain,2548,mural__img_536crop_1_0,0.0,6
sanet,2548,mural__img_536crop_1_0,0.2361,6
cast,2548,mural__img_536crop_1_0,0.9444,6
stytr2,2548,mural__img_593crop_0_0,0.8,6
adain,2548,mural__img_593crop_0_0,0.0,6
sanet,2548,mural__img_593crop_0_0,0.4667,6
cast,2548,mural__img_593crop_0_0,0.8889,6
stytr2,2548,mural__img_739crop_1_1,0.5,6
adain,2548,mural__img_739crop_1_1,0.0,6
sanet,2548,mural__img_739crop_1_1,0.2917,6
cast,2548,mural__img_739crop_1_1,0.9167,6
stytr2,2548,western_painting__met_359775,0.756,6
adain,2548,western_painting__met_359775,0.0417,6
sanet,2548,western_painting__met_359775,0.375,6
cast,2548,western_painting__met_359775,0.7917,6
stytr2,2548,western_painting__met_383787,0.625,6
adain,2548,western_painting__met_383787,0.0,6
sanet,2548,western_painting__met_383787,0.4167,6
cast,2548,western_painting__met_383787,0.7028,6
stytr2,2548,western_painting__met_406721,0.8639,6
adain,2548,western_painting__met_406721,0.0,6
sanet,2548,western_painting__met_406721,0.6667,6
cast,2548,western_painting__met_406721,0.8889,6
stytr2,2548,western_painting__met_437769,0.5536,6
adain,2548,western_painting__met_437769,0.0,6
sanet,2548,western_painting__met_437769,0.1667,6
cast,2548,western_painting__met_437769,0.8333,6
stytr2,2548,western_painting__met_437967,0.6472,6
adain,2548,western_painting__met_437967,0.0,6
sanet,2548,western_painting__met_437967,0.425,6
cast,2548,western_painting__met_437967,0.8889,6
stytr2,2548,western_painting__met_439405,0.2917,6
adain,2548,western_painting__met_439405,0.0,6
sanet,2548,western_painting__met_439405,0.0,6
cast,2548,western_painting__met_439405,0.7917,6
stytr2,2548,western_painting__met_649693,0.4583,6
adain,2548,western_painting__met_649693,0.0,6
sanet,2548,western_painting__met_649693,0.4167,6
cast,2548,western_painting__met_649693,0.8472,6
stytr2,2548,western_painting__met_739494,0.6389,6
adain,2548,western_painting__met_739494,0.0,6
sanet,2548,western_painting__met_739494,0.6111,6
cast,2548,western_painting__met_739494,0.8333,6
stytr2,2548,western_painting__met_787672,0.7976,6
adain,2548,western_painting__met_787672,0.0,6
sanet,2548,western_painting__met_787672,0.6111,6
cast,2548,western_painting__met_787672,0.9028,6
stytr2,2548,western_painting__met_788182,0.6667,6
adain,2548,western_painting__met_788182,0.0,6
sanet,2548,western_painting__met_788182,0.4861,6
cast,2548,western_painting__met_788182,0.7917,6
stytr2,2561,chinese_landscape__130942,0.4688,4
adain,2561,chinese_landscape__130942,0.1429,4
sanet,2561,chinese_landscape__130942,0.4643,4
cast,2561,chinese_landscape__130942,0.4688,4
stytr2,2561,chinese_landscape__132834,0.4688,4
adain,2561,chinese_landscape__132834,0.2143,4
sanet,2561,chinese_landscape__132834,0.4643,4
cast,2561,chinese_landscape__132834,0.433,4
stytr2,2561,chinese_landscape__132836,0.4688,4
adain,2561,chinese_landscape__132836,0.25,4
sanet,2561,chinese_landscape__132836,0.4643,4
cast,2561,chinese_landscape__132836,0.4375,4
stytr2,2561,chinese_landscape__132840,0.4688,4
adain,2561,chinese_landscape__132840,0.1786,4
sanet,2561,chinese_landscape__132840,0.4688,4
cast,2561,chinese_landscape__132840,0.4018,4
stytr2,2561,chinese_landscape__132930,0.5,4
adain,2561,chinese_landscape__132930,0.25,4
sanet,2561,chinese_landscape__132930,0.3929,4
cast,2561,chinese_landscape__132930,0.4643,4
stytr2,2561,chinese_landscape__137205,0.4688,4
adain,2561,chinese_landscape__137205,0.25,4
sanet,2561,chinese_landscape__137205,0.4062,4
cast,2561,chinese_landscape__137205,0.375,4
stytr2,2561,chinese_landscape__142574,0.4688,4
adain,2561,chinese_landscape__142574,0.2857,4
sanet,2561,chinese_landscape__142574,0.4643,4
cast,2561,chinese_landscape__142574,0.433,4
stytr2,2561,chinese_landscape__142578,0.4688,4
adain,2561,chinese_landscape__142578,0.25,4
sanet,2561,chinese_landscape__142578,0.4688,4
cast,2561,chinese_landscape__142578,0.433,4
stytr2,2561,chinese_landscape__144829,0.4688,4
adain,2561,chinese_landscape__144829,0.2143,4
sanet,2561,chinese_landscape__144829,0.5,4
cast,2561,chinese_landscape__144829,0.433,4
stytr2,2561,chinese_landscape__148342,0.4688,4
adain,2561,chinese_landscape__148342,0.25,4
sanet,2561,chinese_landscape__148342,0.4375,4
cast,2561,chinese_landscape__148342,0.4643,4
stytr2,2561,mural__img_1082crop_1_0,0.4688,4
adain,2561,mural__img_1082crop_1_0,0.25,4
sanet,2561,mural__img_1082crop_1_0,0.3929,4
cast,2561,mural__img_1082crop_1_0,0.4286,4
stytr2,2561,mural__img_1224crop_0_0,0.4688,4
adain,2561,mural__img_1224crop_0_0,0.1786,4
sanet,2561,mural__img_1224crop_0_0,0.3661,4
cast,2561,mural__img_1224crop_0_0,0.4688,4
stytr2,2561,mural__img_1224crop_1_1,0.4688,4
adain,2561,mural__img_1224crop_1_1,0.2143,4
sanet,2561,mural__img_1224crop_1_1,0.3929,4
cast,2561,mural__img_1224crop_1_1,0.4688,4
stytr2,2561,mural__img_16crop_0_0,0.5,4
adain,2561,mural__img_16crop_0_0,0.0,4
sanet,2561,mural__img_16crop_0_0,0.433,4
cast,2561,mural__img_16crop_0_0,0.433,4
stytr2,2561,mural__img_276crop_1_0,0.2857,4
adain,2561,mural__img_276crop_1_0,0.1429,4
sanet,2561,mural__img_276crop_1_0,0.5,4
cast,2561,mural__img_276crop_1_0,0.433,4
stytr2,2561,mural__img_326crop_1_1,0.4688,4
adain,2561,mural__img_326crop_1_1,0.2143,4
sanet,2561,mural__img_326crop_1_1,0.433,4
cast,2561,mural__img_326crop_1_1,0.433,4
stytr2,2561,mural__img_327crop_0_1,0.5,4
adain,2561,mural__img_327crop_0_1,0.3571,4
sanet,2561,mural__img_327crop_0_1,0.433,4
cast,2561,mural__img_327crop_0_1,0.433,4
stytr2,2561,mural__img_536crop_1_0,0.5,4
adain,2561,mural__img_536crop_1_0,0.2188,4
sanet,2561,mural__img_536crop_1_0,0.4643,4
cast,2561,mural__img_536crop_1_0,0.4688,4
stytr2,2561,mural__img_593crop_0_0,0.4688,4
adain,2561,mural__img_593crop_0_0,0.1429,4
sanet,2561,mural__img_593crop_0_0,0.4688,4
cast,2561,mural__img_593crop_0_0,0.433,4
stytr2,2561,mural__img_739crop_1_1,0.4286,4
adain,2561,mural__img_739crop_1_1,0.2188,4
sanet,2561,mural__img_739crop_1_1,0.4688,4
cast,2561,mural__img_739crop_1_1,0.4375,4
stytr2,2561,western_painting__met_359775,0.4688,4
adain,2561,western_painting__met_359775,0.2857,4
sanet,2561,western_painting__met_359775,0.5,4
cast,2561,western_painting__met_359775,0.433,4
stytr2,2561,western_painting__met_383787,0.3973,4
adain,2561,western_painting__met_383787,0.1429,4
sanet,2561,western_painting__met_383787,0.3973,4
cast,2561,western_painting__met_383787,0.3973,4
stytr2,2561,western_painting__met_406721,0.4688,4
adain,2561,western_painting__met_406721,0.2143,4
sanet,2561,western_painting__met_406721,0.3973,4
cast,2561,western_painting__met_406721,0.4286,4
stytr2,2561,western_painting__met_437769,0.4286,4
adain,2561,western_painting__met_437769,0.25,4
sanet,2561,western_painting__met_437769,0.433,4
cast,2561,western_painting__met_437769,0.4643,4
stytr2,2561,western_painting__met_437967,0.4688,4
adain,2561,western_painting__met_437967,0.25,4
sanet,2561,western_painting__met_437967,0.5,4
cast,2561,western_painting__met_437967,0.4643,4
stytr2,2561,western_painting__met_439405,0.5,4
adain,2561,western_painting__met_439405,0.2143,4
sanet,2561,western_painting__met_439405,0.4643,4
cast,2561,western_painting__met_439405,0.4375,4
stytr2,2561,western_painting__met_649693,0.0357,4
adain,2561,western_painting__met_649693,0.1786,4
sanet,2561,western_painting__met_649693,0.25,4
cast,2561,western_painting__met_649693,0.433,4
stytr2,2561,western_painting__met_739494,0.5,4
adain,2561,western_painting__met_739494,0.1786,4
sanet,2561,western_painting__met_739494,0.4688,4
cast,2561,western_painting__met_739494,0.433,4
stytr2,2561,western_painting__met_787672,0.4688,4
adain,2561,western_painting__met_787672,0.1786,4
sanet,2561,western_painting__met_787672,0.5,4
cast,2561,western_painting__met_787672,0.433,4
stytr2,2561,western_painting__met_788182,0.4688,4
adain,2561,western_painting__met_788182,0.4286,4
sanet,2561,western_painting__met_788182,0.3259,4
cast,2561,western_painting__met_788182,0.433,4
stytr2,2594,chinese_landscape__130942,0.4509,12
adain,2594,chinese_landscape__130942,0.2411,12
sanet,2594,chinese_landscape__130942,0.3751,12
cast,2594,chinese_landscape__130942,0.4149,12
stytr2,2594,chinese_landscape__132834,0.4329,12
adain,2594,chinese_landscape__132834,0.298,12
sanet,2594,chinese_landscape__132834,0.3751,12
cast,2594,chinese_landscape__132834,0.4433,12
stytr2,2594,chinese_landscape__132836,0.3647,12
adain,2594,chinese_landscape__132836,0.2876,12
sanet,2594,chinese_landscape__132836,0.3751,12
cast,2594,chinese_landscape__132836,0.3887,12
stytr2,2594,chinese_landscape__132840,0.4253,12
adain,2594,chinese_landscape__132840,0.2876,12
sanet,2594,chinese_landscape__132840,0.3751,12
cast,2594,chinese_landscape__132840,0.4433,12
stytr2,2594,chinese_landscape__132930,0.4357,12
adain,2594,chinese_landscape__132930,0.2918,12
sanet,2594,chinese_landscape__132930,0.3168,12
cast,2594,chinese_landscape__132930,0.4357,12
stytr2,2594,chinese_landscape__137205,0.4102,12
adain,2594,chinese_landscape__137205,0.2065,12
sanet,2594,chinese_landscape__137205,0.3543,12
cast,2594,chinese_landscape__137205,0.3997,12
stytr2,2594,chinese_landscape__142574,0.4253,12
adain,2594,chinese_landscape__142574,0.2798,12
sanet,2594,chinese_landscape__142574,0.3647,12
cast,2594,chinese_landscape__142574,0.4357,12
stytr2,2594,chinese_landscape__142578,0.3981,12
adain,2594,chinese_landscape__142578,0.3439,12
sanet,2594,chinese_landscape__142578,0.2866,12
cast,2594,chinese_landscape__142578,0.3647,12
stytr2,2594,chinese_landscape__144829,0.4282,12
adain,2594,chinese_landscape__144829,0.3044,12
sanet,2594,chinese_landscape__144829,0.3751,12
cast,2594,chinese_landscape__144829,0.3543,12
stytr2,2594,chinese_landscape__148342,0.3963,12
adain,2594,chinese_landscape__148342,0.2399,12
sanet,2594,chinese_landscape__148342,0.2925,12
cast,2594,chinese_landscape__148342,0.3543,12
stytr2,2594,mural__img_1082crop_1_0,0.3751,12
adain,2594,mural__img_1082crop_1_0,0.2203,12
sanet,2594,mural__img_1082crop_1_0,0.3409,12
cast,2594,mural__img_1082crop_1_0,0.4282,12
stytr2,2594,mural__img_1224crop_0_0,0.3356,12
adain,2594,mural__img_1224crop_0_0,0.0,12
sanet,2594,mural__img_1224crop_0_0,0.2291,12
cast,2594,mural__img_1224crop_0_0,0.4177,12
stytr2,2594,mural__img_1224crop_1_1,0.3508,12
adain,2594,mural__img_1224crop_1_1,0.0,12
sanet,2594,mural__img_1224crop_1_1,0.2776,12
cast,2594,mural__img_1224crop_1_1,0.4253,12
stytr2,2594,mural__img_16crop_0_0,0.3543,12
adain,2594,mural__img_16crop_0_0,0.0,12
sanet,2594,mural__img_16crop_0_0,0.3647,12
cast,2594,mural__img_16crop_0_0,0.3543,12
stytr2,2594,mural__img_276crop_1_0,0.0729,12
adain,2594,mural__img_276crop_1_0,0.0,12
sanet,2594,mural__img_276crop_1_0,0.3118,12
cast,2594,mural__img_276crop_1_0,0.3647,12
stytr2,2594,mural__img_326crop_1_1,0.2738,12
adain,2594,mural__img_326crop_1_1,0.0,12
sanet,2594,mural__img_326crop_1_1,0.2989,12
cast,2594,mural__img_326crop_1_1,0.3647,12
stytr2,2594,mural__img_327crop_0_1,0.4206,12
adain,2594,mural__img_327crop_0_1,0.0,12
sanet,2594,mural__img_327crop_0_1,0.2461,12
cast,2594,mural__img_327crop_0_1,0.3543,12
stytr2,2594,mural__img_536crop_1_0,0.413,12
adain,2594,mural__img_536crop_1_0,0.2024,12
sanet,2594,mural__img_536crop_1_0,0.3182,12
cast,2594,mural__img_536crop_1_0,0.3543,12
stytr2,2594,mural__img_593crop_0_0,0.3751,12
adain,2594,mural__img_593crop_0_0,0.2074,12
sanet,2594,mural__img_593crop_0_0,0.0521,12
cast,2594,mural__img_593crop_0_0,0.3543,12
stytr2,2594,mural__img_739crop_1_1,0.3238,12
adain,2594,mural__img_739crop_1_1,0.1562,12
sanet,2594,mural__img_739crop_1_1,0.0729,12
cast,2594,mural__img_739crop_1_1,0.4149,12
stytr2,2594,western_painting__met_359775,0.3647,12
adain,2594,western_painting__met_359775,0.2083,12
sanet,2594,western_painting__met_359775,0.2698,12
cast,2594,western_painting__met_359775,0.4026,12
stytr2,2594,western_painting__met_383787,0.3751,12
adain,2594,western_painting__met_383787,0.1299,12
sanet,2594,western_painting__met_383787,0.3979,12
cast,2594,western_painting__met_383787,0.4405,12
stytr2,2594,western_painting__met_406721,0.3252,12
adain,2594,western_painting__met_406721,0.2383,12
sanet,2594,western_painting__met_406721,0.3742,12
cast,2594,western_painting__met_406721,0.3751,12
stytr2,2594,western_painting__met_437769,0.2409,12
adain,2594,western_painting__met_437769,0.0,12
sanet,2594,western_painting__met_437769,0.0521,12
cast,2594,western_painting__met_437769,0.3148,12
stytr2,2594,western_painting__met_437967,0.3659,12
adain,2594,western_painting__met_437967,0.0,12
sanet,2594,western_painting__met_437967,0.3118,12
cast,2594,western_painting__met_437967,0.3647,12
stytr2,2594,western_painting__met_439405,0.3356,12
adain,2594,western_painting__met_439405,0.1632,12
sanet,2594,western_painting__met_439405,0.2974,12
cast,2594,western_painting__met_439405,0.4177,12
stytr2,2594,western_painting__met_649693,0.2658,12
adain,2594,western_painting__met_649693,0.0,12
sanet,2594,western_painting__met_649693,0.0729,12
cast,2594,western_painting__met_649693,0.43,12
stytr2,2594,western_painting__met_739494,0.3647,12
adain,2594,western_painting__met_739494,0.0,12
sanet,2594,western_painting__met_739494,0.0625,12
cast,2594,western_painting__met_739494,0.3543,12
stytr2,2594,western_painting__met_787672,0.3647,12
adain,2594,western_painting__met_787672,0.2243,12
sanet,2594,western_painting__met_787672,0.3174,12
cast,2594,western_painting__met_787672,0.4433,12
stytr2,2594,western_painting__met_788182,0.3751,12
adain,2594,western_painting__met_788182,0.2083,12
sanet,2594,western_painting__met_788182,0.3148,12
cast,2594,western_painting__met_788182,0.4177,12
stytr2,2680,chinese_landscape__130942,0.4167,4
adain,2680,chinese_landscape__130942,0.25,4
sanet,2680,chinese_landscape__130942,0.25,4
cast,2680,chinese_landscape__130942,0.25,4
stytr2,2680,chinese_landscape__132834,0.25,4
adain,2680,chinese_landscape__132834,0.25,4
sanet,2680,chinese_landscape__132834,0.25,4
cast,2680,chinese_landscape__132834,0.25,4
stytr2,2680,chinese_landscape__132836,0.25,4
adain,2680,chinese_landscape__132836,0.25,4
sanet,2680,chinese_landscape__132836,0.25,4
cast,2680,chinese_landscape__132836,0.25,4
stytr2,2680,chinese_landscape__132840,0.25,4
adain,2680,chinese_landscape__132840,0.2083,4
sanet,2680,chinese_landscape__132840,0.25,4
cast,2680,chinese_landscape__132840,0.25,4
stytr2,2680,chinese_landscape__132930,0.3333,4
adain,2680,chinese_landscape__132930,0.125,4
sanet,2680,chinese_landscape__132930,0.25,4
cast,2680,chinese_landscape__132930,0.25,4
stytr2,2680,chinese_landscape__137205,0.25,4
adain,2680,chinese_landscape__137205,0.25,4
sanet,2680,chinese_landscape__137205,0.25,4
cast,2680,chinese_landscape__137205,0.25,4
stytr2,2680,chinese_landscape__142574,0.25,4
adain,2680,chinese_landscape__142574,0.0833,4
sanet,2680,chinese_landscape__142574,0.25,4
cast,2680,chinese_landscape__142574,0.25,4
stytr2,2680,chinese_landscape__142578,0.25,4
adain,2680,chinese_landscape__142578,0.0,4
sanet,2680,chinese_landscape__142578,0.25,4
cast,2680,chinese_landscape__142578,0.25,4
stytr2,2680,chinese_landscape__144829,0.5833,4
adain,2680,chinese_landscape__144829,0.2083,4
sanet,2680,chinese_landscape__144829,0.25,4
cast,2680,chinese_landscape__144829,0.25,4
stytr2,2680,chinese_landscape__148342,0.25,4
adain,2680,chinese_landscape__148342,0.0833,4
sanet,2680,chinese_landscape__148342,0.25,4
cast,2680,chinese_landscape__148342,0.25,4
stytr2,2680,mural__img_1082crop_1_0,0.25,4
adain,2680,mural__img_1082crop_1_0,0.25,4
sanet,2680,mural__img_1082crop_1_0,0.2143,4
cast,2680,mural__img_1082crop_1_0,0.25,4
stytr2,2680,mural__img_1224crop_0_0,0.2143,4
adain,2680,mural__img_1224crop_0_0,0.1667,4
sanet,2680,mural__img_1224crop_0_0,0.25,4
cast,2680,mural__img_1224crop_0_0,0.25,4
stytr2,2680,mural__img_1224crop_1_1,0.25,4
adain,2680,mural__img_1224crop_1_1,0.2083,4
sanet,2680,mural__img_1224crop_1_1,0.25,4
cast,2680,mural__img_1224crop_1_1,0.25,4
stytr2,2680,mural__img_16crop_0_0,0.25,4
adain,2680,mural__img_16crop_0_0,0.0,4
sanet,2680,mural__img_16crop_0_0,0.2083,4
cast,2680,mural__img_16crop_0_0,0.25,4
stytr2,2680,mural__img_276crop_1_0,0.2083,4
adain,2680,mural__img_276crop_1_0,0.0,4
sanet,2680,mural__img_276crop_1_0,0.25,4
cast,2680,mural__img_276crop_1_0,0.25,4
stytr2,2680,mural__img_326crop_1_1,0.25,4
adain,2680,mural__img_326crop_1_1,0.0,4
sanet,2680,mural__img_326crop_1_1,0.25,4
cast,2680,mural__img_326crop_1_1,0.25,4
stytr2,2680,mural__img_327crop_0_1,0.25,4
adain,2680,mural__img_327crop_0_1,0.25,4
sanet,2680,mural__img_327crop_0_1,0.25,4
cast,2680,mural__img_327crop_0_1,0.25,4
stytr2,2680,mural__img_536crop_1_0,0.25,4
adain,2680,mural__img_536crop_1_0,0.1667,4
sanet,2680,mural__img_536crop_1_0,0.25,4
cast,2680,mural__img_536crop_1_0,0.25,4
stytr2,2680,mural__img_593crop_0_0,0.25,4
adain,2680,mural__img_593crop_0_0,0.2083,4
sanet,2680,mural__img_593crop_0_0,0.25,4
cast,2680,mural__img_593crop_0_0,0.25,4
stytr2,2680,mural__img_739crop_1_1,0.25,4
adain,2680,mural__img_739crop_1_1,0.1667,4
sanet,2680,mural__img_739crop_1_1,0.25,4
cast,2680,mural__img_739crop_1_1,0.25,4
stytr2,2680,western_painting__met_359775,0.25,4
adain,2680,western_painting__met_359775,0.2083,4
sanet,2680,western_painting__met_359775,0.25,4
cast,2680,western_painting__met_359775,0.25,4
stytr2,2680,western_painting__met_383787,0.25,4
adain,2680,western_painting__met_383787,0.0,4
sanet,2680,western_painting__met_383787,0.25,4
cast,2680,western_painting__met_383787,0.25,4
stytr2,2680,western_painting__met_406721,0.25,4
adain,2680,western_painting__met_406721,0.0,4
sanet,2680,western_painting__met_406721,0.25,4
cast,2680,western_painting__met_406721,0.25,4
stytr2,2680,western_painting__met_437769,0.25,4
adain,2680,western_painting__met_437769,0.25,4
sanet,2680,western_painting__met_437769,0.25,4
cast,2680,western_painting__met_437769,0.25,4
stytr2,2680,western_painting__met_437967,0.25,4
adain,2680,western_painting__met_437967,0.25,4
sanet,2680,western_painting__met_437967,0.25,4
cast,2680,western_painting__met_437967,0.25,4
stytr2,2680,western_painting__met_439405,0.2083,4
adain,2680,western_painting__met_439405,0.0,4
sanet,2680,western_painting__met_439405,0.25,4
cast,2680,western_painting__met_439405,0.25,4
stytr2,2680,western_painting__met_649693,0.2083,4
adain,2680,western_painting__met_649693,0.0,4
sanet,2680,western_painting__met_649693,0.25,4
cast,2680,western_painting__met_649693,0.25,4
stytr2,2680,western_painting__met_739494,0.25,4
adain,2680,western_painting__met_739494,0.125,4
sanet,2680,western_painting__met_739494,0.25,4
cast,2680,western_painting__met_739494,0.25,4
stytr2,2680,western_painting__met_787672,0.25,4
adain,2680,western_painting__met_787672,0.25,4
sanet,2680,western_painting__met_787672,0.25,4
cast,2680,western_painting__met_787672,0.25,4
stytr2,2680,western_painting__met_788182,0.25,4
adain,2680,western_painting__met_788182,0.2083,4
sanet,2680,western_painting__met_788182,0.25,4
cast,2680,western_painting__met_788182,0.25,4
stytr2,2743,chinese_landscape__130942,0.4198,9
adain,2743,chinese_landscape__130942,0.0,9
sanet,2743,chinese_landscape__130942,0.2469,9
cast,2743,chinese_landscape__130942,0.2681,9
stytr2,2743,chinese_landscape__132834,0.3757,9
adain,2743,chinese_landscape__132834,0.0,9
sanet,2743,chinese_landscape__132834,0.2389,9
cast,2743,chinese_landscape__132834,0.3182,9
stytr2,2743,chinese_landscape__132836,0.3769,9
adain,2743,chinese_landscape__132836,0.0,9
sanet,2743,chinese_landscape__132836,0.1252,9
cast,2743,chinese_landscape__132836,0.357,9
stytr2,2743,chinese_landscape__132840,0.4039,9
adain,2743,chinese_landscape__132840,0.0,9
sanet,2743,chinese_landscape__132840,0.1206,9
cast,2743,chinese_landscape__132840,0.2106,9
stytr2,2743,chinese_landscape__132930,0.4039,9
adain,2743,chinese_landscape__132930,0.0,9
sanet,2743,chinese_landscape__132930,0.1275,9
cast,2743,chinese_landscape__132930,0.1958,9
stytr2,2743,chinese_landscape__137205,0.2899,9
adain,2743,chinese_landscape__137205,0.0,9
sanet,2743,chinese_landscape__137205,0.1799,9
cast,2743,chinese_landscape__137205,0.1958,9
stytr2,2743,chinese_landscape__142574,0.3817,9
adain,2743,chinese_landscape__142574,0.0,9
sanet,2743,chinese_landscape__142574,0.1333,9
cast,2743,chinese_landscape__142574,0.2925,9
stytr2,2743,chinese_landscape__142578,0.3829,9
adain,2743,chinese_landscape__142578,0.0,9
sanet,2743,chinese_landscape__142578,0.2502,9
cast,2743,chinese_landscape__142578,0.341,9
stytr2,2743,chinese_landscape__144829,0.3892,9
adain,2743,chinese_landscape__144829,0.0,9
sanet,2743,chinese_landscape__144829,0.2343,9
cast,2743,chinese_landscape__144829,0.3305,9
stytr2,2743,chinese_landscape__148342,0.2781,9
adain,2743,chinese_landscape__148342,0.0,9
sanet,2743,chinese_landscape__148342,0.2167,9
cast,2743,chinese_landscape__148342,0.23,9
stytr2,2743,mural__img_1082crop_1_0,0.2985,9
adain,2743,mural__img_1082crop_1_0,0.0617,9
sanet,2743,mural__img_1082crop_1_0,0.1411,9
cast,2743,mural__img_1082crop_1_0,0.3781,9
stytr2,2743,mural__img_1224crop_0_0,0.2519,9
adain,2743,mural__img_1224crop_0_0,0.0,9
sanet,2743,mural__img_1224crop_0_0,0.0494,9
cast,2743,mural__img_1224crop_0_0,0.3423,9
stytr2,2743,mural__img_1224crop_1_1,0.2687,9
adain,2743,mural__img_1224crop_1_1,0.0,9
sanet,2743,mural__img_1224crop_1_1,0.0617,9
cast,2743,mural__img_1224crop_1_1,0.3298,9
stytr2,2743,mural__img_16crop_0_0,0.0617,9
adain,2743,mural__img_16crop_0_0,0.0,9
sanet,2743,mural__img_16crop_0_0,0.0889,9
cast,2743,mural__img_16crop_0_0,0.0386,9
stytr2,2743,mural__img_276crop_1_0,0.0756,9
adain,2743,mural__img_276crop_1_0,0.0,9
sanet,2743,mural__img_276crop_1_0,0.0741,9
cast,2743,mural__img_276crop_1_0,0.1327,9
stytr2,2743,mural__img_326crop_1_1,0.1111,9
adain,2743,mural__img_326crop_1_1,0.0,9
sanet,2743,mural__img_326crop_1_1,0.037,9
cast,2743,mural__img_326crop_1_1,0.3153,9
stytr2,2743,mural__img_327crop_0_1,0.2934,9
adain,2743,mural__img_327crop_0_1,0.0,9
sanet,2743,mural__img_327crop_0_1,0.091,9
cast,2743,mural__img_327crop_0_1,0.2557,9
stytr2,2743,mural__img_536crop_1_0,0.2716,9
adain,2743,mural__img_536crop_1_0,0.0,9
sanet,2743,mural__img_536crop_1_0,0.0864,9
cast,2743,mural__img_536crop_1_0,0.3375,9
stytr2,2743,mural__img_593crop_0_0,0.2593,9
adain,2743,mural__img_593crop_0_0,0.0,9
sanet,2743,mural__img_593crop_0_0,0.1929,9
cast,2743,mural__img_593crop_0_0,0.3175,9
stytr2,2743,mural__img_739crop_1_1,0.1958,9
adain,2743,mural__img_739crop_1_1,0.0,9
sanet,2743,mural__img_739crop_1_1,0.0494,9
cast,2743,mural__img_739crop_1_1,0.2211,9
stytr2,2743,western_painting__met_359775,0.2363,9
adain,2743,western_painting__met_359775,0.0,9
sanet,2743,western_painting__met_359775,0.1957,9
cast,2743,western_painting__met_359775,0.2621,9
stytr2,2743,western_painting__met_383787,0.0815,9
adain,2743,western_painting__met_383787,0.0222,9
sanet,2743,western_painting__met_383787,0.2123,9
cast,2743,western_painting__met_383787,0.3312,9
stytr2,2743,western_painting__met_406721,0.2052,9
adain,2743,western_painting__met_406721,0.0,9
sanet,2743,western_painting__met_406721,0.084,9
cast,2743,western_painting__met_406721,0.3534,9
stytr2,2743,western_painting__met_437769,0.2395,9
adain,2743,western_painting__met_437769,0.0,9
sanet,2743,western_painting__met_437769,0.0,9
cast,2743,western_painting__met_437769,0.3152,9
stytr2,2743,western_painting__met_437967,0.3025,9
adain,2743,western_painting__met_437967,0.0,9
sanet,2743,western_painting__met_437967,0.1839,9
cast,2743,western_painting__met_437967,0.2148,9
stytr2,2743,western_painting__met_439405,0.1217,9
adain,2743,western_painting__met_439405,0.0,9
sanet,2743,western_painting__met_439405,0.0247,9
cast,2743,western_painting__met_439405,0.2894,9
stytr2,2743,western_painting__met_649693,0.0494,9
adain,2743,western_painting__met_649693,0.0,9
sanet,2743,western_painting__met_649693,0.0952,9
cast,2743,western_painting__met_649693,0.2829,9
stytr2,2743,western_painting__met_739494,0.1552,9
adain,2743,western_painting__met_739494,0.0,9
sanet,2743,western_painting__met_739494,0.1065,9
cast,2743,western_painting__met_739494,0.3545,9
stytr2,2743,western_painting__met_787672,0.3104,9
adain,2743,western_painting__met_787672,0.0,9
sanet,2743,western_painting__met_787672,0.1327,9
cast,2743,western_painting__met_787672,0.3757,9
stytr2,2743,western_painting__met_788182,0.2726,9
adain,2743,western_painting__met_788182,0.0,9
sanet,2743,western_painting__met_788182,0.1501,9
cast,2743,western_painting__met_788182,0.3058,9
stytr2,2919,chinese_landscape__130942,0.6711,4
adain,2919,chinese_landscape__130942,0.0,4
sanet,2919,chinese_landscape__130942,0.25,4
cast,2919,chinese_landscape__130942,0.4448,4
stytr2,2919,chinese_landscape__132834,0.6284,4
adain,2919,chinese_landscape__132834,0.0,4
sanet,2919,chinese_landscape__132834,0.2825,4
cast,2919,chinese_landscape__132834,0.5412,4
stytr2,2919,chinese_landscape__132836,0.5909,4
adain,2919,chinese_landscape__132836,0.0,4
sanet,2919,chinese_landscape__132836,0.2825,4
cast,2919,chinese_landscape__132836,0.489,4
stytr2,2919,chinese_landscape__132840,0.6364,4
adain,2919,chinese_landscape__132840,0.0,4
sanet,2919,chinese_landscape__132840,0.1875,4
cast,2919,chinese_landscape__132840,0.2727,4
stytr2,2919,chinese_landscape__132930,0.5649,4
adain,2919,chinese_landscape__132930,0.0,4
sanet,2919,chinese_landscape__132930,0.1786,4
cast,2919,chinese_landscape__132930,0.25,4
stytr2,2919,chinese_landscape__137205,0.5649,4
adain,2919,chinese_landscape__137205,0.0,4
sanet,2919,chinese_landscape__137205,0.224,4
cast,2919,chinese_landscape__137205,0.3182,4
stytr2,2919,chinese_landscape__142574,0.6506,4
adain,2919,chinese_landscape__142574,0.0,4
sanet,2919,chinese_landscape__142574,0.2143,4
cast,2919,chinese_landscape__142574,0.3409,4
stytr2,2919,chinese_landscape__142578,0.5649,4
adain,2919,chinese_landscape__142578,0.0,4
sanet,2919,chinese_landscape__142578,0.3766,4
cast,2919,chinese_landscape__142578,0.531,4
stytr2,2919,chinese_landscape__144829,0.6364,4
adain,2919,chinese_landscape__144829,0.0,4
sanet,2919,chinese_landscape__144829,0.25,4
cast,2919,chinese_landscape__144829,0.3864,4
stytr2,2919,chinese_landscape__148342,0.6006,4
adain,2919,chinese_landscape__148342,0.0,4
sanet,2919,chinese_landscape__148342,0.2825,4
cast,2919,chinese_landscape__148342,0.4935,4
stytr2,2919,mural__img_1082crop_1_0,0.4643,4
adain,2919,mural__img_1082crop_1_0,0.0,4
sanet,2919,mural__img_1082crop_1_0,0.0,4
cast,2919,mural__img_1082crop_1_0,0.4643,4
stytr2,2919,mural__img_1224crop_0_0,0.25,4
adain,2919,mural__img_1224crop_0_0,0.0,4
sanet,2919,mural__img_1224crop_0_0,0.0,4
cast,2919,mural__img_1224crop_0_0,0.3799,4
stytr2,2919,mural__img_1224crop_1_1,0.3571,4
adain,2919,mural__img_1224crop_1_1,0.0,4
sanet,2919,mural__img_1224crop_1_1,0.0,4
cast,2919,mural__img_1224crop_1_1,0.3571,4
stytr2,2919,mural__img_16crop_0_0,0.2143,4
adain,2919,mural__img_16crop_0_0,0.0,4
sanet,2919,mural__img_16crop_0_0,0.1786,4
cast,2919,mural__img_16crop_0_0,0.25,4
stytr2,2919,mural__img_276crop_1_0,0.25,4
adain,2919,mural__img_276crop_1_0,0.0,4
sanet,2919,mural__img_276crop_1_0,0.0,4
cast,2919,mural__img_276crop_1_0,0.2188,4
stytr2,2919,mural__img_326crop_1_1,0.25,4
adain,2919,mural__img_326crop_1_1,0.0,4
sanet,2919,mural__img_326crop_1_1,0.0,4
cast,2919,mural__img_326crop_1_1,0.25,4
stytr2,2919,mural__img_327crop_0_1,0.4838,4
adain,2919,mural__img_327crop_0_1,0.2143,4
sanet,2919,mural__img_327crop_0_1,0.1429,4
cast,2919,mural__img_327crop_0_1,0.4286,4
stytr2,2919,mural__img_536crop_1_0,0.5552,4
adain,2919,mural__img_536crop_1_0,0.0,4
sanet,2919,mural__img_536crop_1_0,0.1071,4
cast,2919,mural__img_536crop_1_0,0.3409,4
stytr2,2919,mural__img_593crop_0_0,0.4643,4
adain,2919,mural__img_593crop_0_0,0.0,4
sanet,2919,mural__img_593crop_0_0,0.2143,4
cast,2919,mural__img_593crop_0_0,0.3929,4
stytr2,2919,mural__img_739crop_1_1,0.4643,4
adain,2919,mural__img_739crop_1_1,0.0,4
sanet,2919,mural__img_739crop_1_1,0.1786,4
cast,2919,mural__img_739crop_1_1,0.5195,4
stytr2,2919,western_painting__met_359775,0.4481,4
adain,2919,western_painting__met_359775,0.0,4
sanet,2919,western_painting__met_359775,0.1786,4
cast,2919,western_painting__met_359775,0.5195,4
stytr2,2919,western_painting__met_383787,0.25,4
adain,2919,western_painting__met_383787,0.0,4
sanet,2919,western_painting__met_383787,0.25,4
cast,2919,western_painting__met_383787,0.3864,4
stytr2,2919,western_painting__met_406721,0.3929,4
adain,2919,western_painting__met_406721,0.0,4
sanet,2919,western_painting__met_406721,0.1786,4
cast,2919,western_painting__met_406721,0.25,4
stytr2,2919,western_painting__met_437769,0.3571,4
adain,2919,western_painting__met_437769,0.0,4
sanet,2919,western_painting__met_437769,0.0,4
cast,2919,western_painting__met_437769,0.5779,4
stytr2,2919,western_painting__met_437967,0.5779,4
adain,2919,western_painting__met_437967,0.0,4
sanet,2919,western_painting__met_437967,0.0,4
cast,2919,western_painting__met_437967,0.3636,4
stytr2,2919,western_painting__met_439405,0.25,4
adain,2919,western_painting__met_439405,0.0,4
sanet,2919,western_painting__met_439405,0.0,4
cast,2919,western_painting__met_439405,0.4838,4
stytr2,2919,western_painting__met_649693,0.25,4
adain,2919,western_painting__met_649693,0.0,4
sanet,2919,western_painting__met_649693,0.0,4
cast,2919,western_painting__met_649693,0.3636,4
stytr2,2919,western_painting__met_739494,0.4838,4
adain,2919,western_painting__met_739494,0.0,4
sanet,2919,western_painting__met_739494,0.0714,4
cast,2919,western_painting__met_739494,0.4341,4
stytr2,2919,western_painting__met_787672,0.5962,4
adain,2919,western_painting__met_787672,0.0,4
sanet,2919,western_painting__met_787672,0.25,4
cast,2919,western_painting__met_787672,0.5797,4
stytr2,2919,western_painting__met_788182,0.3409,4
adain,2919,western_painting__met_788182,0.0357,4
sanet,2919,western_painting__met_788182,0.25,4
cast,2919,western_painting__met_788182,0.3409,4
stytr2,3028,chinese_landscape__130942,0.625,4
adain,3028,chinese_landscape__130942,0.0,4
sanet,3028,chinese_landscape__130942,0.5,4
cast,3028,chinese_landscape__130942,0.7083,4
stytr2,3028,chinese_landscape__132834,0.7083,4
adain,3028,chinese_landscape__132834,0.1389,4
sanet,3028,chinese_landscape__132834,0.5476,4
cast,3028,chinese_landscape__132834,0.6806,4
stytr2,3028,chinese_landscape__132836,0.6667,4
adain,3028,chinese_landscape__132836,0.1071,4
sanet,3028,chinese_landscape__132836,0.4444,4
cast,3028,chinese_landscape__132836,0.4722,4
stytr2,3028,chinese_landscape__132840,0.625,4
adain,3028,chinese_landscape__132840,0.1071,4
sanet,3028,chinese_landscape__132840,0.7222,4
cast,3028,chinese_landscape__132840,0.7143,4
stytr2,3028,chinese_landscape__132930,0.6389,4
adain,3028,chinese_landscape__132930,0.0,4
sanet,3028,chinese_landscape__132930,0.5917,4
cast,3028,chinese_landscape__132930,0.4444,4
stytr2,3028,chinese_landscape__137205,0.6667,4
adain,3028,chinese_landscape__137205,0.0,4
sanet,3028,chinese_landscape__137205,0.625,4
cast,3028,chinese_landscape__137205,0.4722,4
stytr2,3028,chinese_landscape__142574,0.4722,4
adain,3028,chinese_landscape__142574,0.0,4
sanet,3028,chinese_landscape__142574,0.5,4
cast,3028,chinese_landscape__142574,0.6806,4
stytr2,3028,chinese_landscape__142578,0.625,4
adain,3028,chinese_landscape__142578,0.1667,4
sanet,3028,chinese_landscape__142578,0.5,4
cast,3028,chinese_landscape__142578,0.4722,4
stytr2,3028,chinese_landscape__144829,0.625,4
adain,3028,chinese_landscape__144829,0.1667,4
sanet,3028,chinese_landscape__144829,0.5,4
cast,3028,chinese_landscape__144829,0.4722,4
stytr2,3028,chinese_landscape__148342,0.4583,4
adain,3028,chinese_landscape__148342,0.0556,4
sanet,3028,chinese_landscape__148342,0.4087,4
cast,3028,chinese_landscape__148342,0.4444,4
stytr2,3028,mural__img_1082crop_1_0,0.4722,4
adain,3028,mural__img_1082crop_1_0,0.2583,4
sanet,3028,mural__img_1082crop_1_0,0.2143,4
cast,3028,mural__img_1082crop_1_0,0.441,4
stytr2,3028,mural__img_1224crop_0_0,0.4365,4
adain,3028,mural__img_1224crop_0_0,0.125,4
sanet,3028,mural__img_1224crop_0_0,0.3056,4
cast,3028,mural__img_1224crop_0_0,0.4444,4
stytr2,3028,mural__img_1224crop_1_1,0.381,4
adain,3028,mural__img_1224crop_1_1,0.0,4
sanet,3028,mural__img_1224crop_1_1,0.1786,4
cast,3028,mural__img_1224crop_1_1,0.4028,4
stytr2,3028,mural__img_16crop_0_0,0.5,4
adain,3028,mural__img_16crop_0_0,0.0,4
sanet,3028,mural__img_16crop_0_0,0.125,4
cast,3028,mural__img_16crop_0_0,0.5317,4
stytr2,3028,mural__img_276crop_1_0,0.3889,4
adain,3028,mural__img_276crop_1_0,0.0,4
sanet,3028,mural__img_276crop_1_0,0.4365,4
cast,3028,mural__img_276crop_1_0,0.25,4
stytr2,3028,mural__img_326crop_1_1,0.4722,4
adain,3028,mural__img_326crop_1_1,0.0,4
sanet,3028,mural__img_326crop_1_1,0.0,4
cast,3028,mural__img_326crop_1_1,0.6667,4
stytr2,3028,mural__img_327crop_0_1,0.4306,4
adain,3028,mural__img_327crop_0_1,0.1333,4
sanet,3028,mural__img_327crop_0_1,0.3452,4
cast,3028,mural__img_327crop_0_1,0.4722,4
stytr2,3028,mural__img_536crop_1_0,0.4444,4
adain,3028,mural__img_536crop_1_0,0.1333,4
sanet,3028,mural__img_536crop_1_0,0.3452,4
cast,3028,mural__img_536crop_1_0,0.4722,4
stytr2,3028,mural__img_593crop_0_0,0.4444,4
adain,3028,mural__img_593crop_0_0,0.1333,4
sanet,3028,mural__img_593crop_0_0,0.3472,4
cast,3028,mural__img_593crop_0_0,0.441,4
stytr2,3028,mural__img_739crop_1_1,0.4167,4
adain,3028,mural__img_739crop_1_1,0.0,4
sanet,3028,mural__img_739crop_1_1,0.1333,4
cast,3028,mural__img_739crop_1_1,0.4444,4
stytr2,3028,western_painting__met_359775,0.5139,4
adain,3028,western_painting__met_359775,0.0,4
sanet,3028,western_painting__met_359775,0.5972,4
cast,3028,western_painting__met_359775,0.7222,4
stytr2,3028,western_painting__met_383787,0.441,4
adain,3028,western_painting__met_383787,0.0,4
sanet,3028,western_painting__met_383787,0.4722,4
cast,3028,western_painting__met_383787,0.7222,4
stytr2,3028,western_painting__met_406721,0.5,4
adain,3028,western_painting__met_406721,0.0,4
sanet,3028,western_painting__met_406721,0.7083,4
cast,3028,western_painting__met_406721,0.5,4
stytr2,3028,western_painting__met_437769,0.4028,4
adain,3028,western_painting__met_437769,0.0,4
sanet,3028,western_painting__met_437769,0.1786,4
cast,3028,western_painting__met_437769,0.4444,4
stytr2,3028,western_painting__met_437967,0.4444,4
adain,3028,western_painting__met_437967,0.0,4
sanet,3028,western_painting__met_437967,0.3472,4
cast,3028,western_painting__met_437967,0.5,4
stytr2,3028,western_painting__met_439405,0.4444,4
adain,3028,western_painting__met_439405,0.0,4
sanet,3028,western_painting__met_439405,0.0,4
cast,3028,western_painting__met_439405,0.7143,4
stytr2,3028,western_painting__met_649693,0.381,4
adain,3028,western_painting__met_649693,0.0,4
sanet,3028,western_painting__met_649693,0.4921,4
cast,3028,western_painting__met_649693,0.75,4
stytr2,3028,western_painting__met_739494,0.2083,4
adain,3028,western_painting__met_739494,0.0,4
sanet,3028,western_painting__met_739494,0.4167,4
cast,3028,western_painting__met_739494,0.5,4
stytr2,3028,western_painting__met_787672,0.5035,4
adain,3028,western_painting__met_787672,0.0,4
sanet,3028,western_painting__met_787672,0.4722,4
cast,3028,western_painting__met_787672,0.4722,4
stytr2,3028,western_painting__met_788182,0.4087,4
adain,3028,western_painting__met_788182,0.125,4
sanet,3028,western_painting__met_788182,0.4722,4
cast,3028,western_painting__met_788182,0.6806,4
stytr2,3218,chinese_landscape__130942,0.5671,6
adain,3218,chinese_landscape__130942,0.1111,6
sanet,3218,chinese_landscape__130942,0.3148,6
cast,3218,chinese_landscape__130942,0.3333,6
stytr2,3218,chinese_landscape__132834,0.4583,6
adain,3218,chinese_landscape__132834,0.2153,6
sanet,3218,chinese_landscape__132834,0.3125,6
cast,3218,chinese_landscape__132834,0.4821,6
stytr2,3218,chinese_landscape__132836,0.4583,6
adain,3218,chinese_landscape__132836,0.1296,6
sanet,3218,chinese_landscape__132836,0.3148,6
cast,3218,chinese_landscape__132836,0.3958,6
stytr2,3218,chinese_landscape__132840,0.4583,6
adain,3218,chinese_landscape__132840,0.1167,6
sanet,3218,chinese_landscape__132840,0.2546,6
cast,3218,chinese_landscape__132840,0.3333,6
stytr2,3218,chinese_landscape__132930,0.6042,6
adain,3218,chinese_landscape__132930,0.0,6
sanet,3218,chinese_landscape__132930,0.3148,6
cast,3218,chinese_landscape__132930,0.3333,6
stytr2,3218,chinese_landscape__137205,0.2778,6
adain,3218,chinese_landscape__137205,0.0,6
sanet,3218,chinese_landscape__137205,0.2755,6
cast,3218,chinese_landscape__137205,0.3333,6
stytr2,3218,chinese_landscape__142574,0.45,6
adain,3218,chinese_landscape__142574,0.0,6
sanet,3218,chinese_landscape__142574,0.294,6
cast,3218,chinese_landscape__142574,0.3333,6
stytr2,3218,chinese_landscape__142578,0.5648,6
adain,3218,chinese_landscape__142578,0.1042,6
sanet,3218,chinese_landscape__142578,0.3333,6
cast,3218,chinese_landscape__142578,0.338,6
stytr2,3218,chinese_landscape__144829,0.6071,6
adain,3218,chinese_landscape__144829,0.1366,6
sanet,3218,chinese_landscape__144829,0.2917,6
cast,3218,chinese_landscape__144829,0.3333,6
stytr2,3218,chinese_landscape__148342,0.4653,6
adain,3218,chinese_landscape__148342,0.0,6
sanet,3218,chinese_landscape__148342,0.2546,6
cast,3218,chinese_landscape__148342,0.3333,6
stytr2,3218,mural__img_1082crop_1_0,0.2963,6
adain,3218,mural__img_1082crop_1_0,0.1319,6
sanet,3218,mural__img_1082crop_1_0,0.1481,6
cast,3218,mural__img_1082crop_1_0,0.3333,6
stytr2,3218,mural__img_1224crop_0_0,0.3125,6
adain,3218,mural__img_1224crop_0_0,0.0,6
sanet,3218,mural__img_1224crop_0_0,0.1296,6
cast,3218,mural__img_1224crop_0_0,0.3333,6
stytr2,3218,mural__img_1224crop_1_1,0.3125,6
adain,3218,mural__img_1224crop_1_1,0.0417,6
sanet,3218,mural__img_1224crop_1_1,0.2523,6
cast,3218,mural__img_1224crop_1_1,0.3125,6
stytr2,3218,mural__img_16crop_0_0,0.25,6
adain,3218,mural__img_16crop_0_0,0.0,6
sanet,3218,mural__img_16crop_0_0,0.2338,6
cast,3218,mural__img_16crop_0_0,0.3125,6
stytr2,3218,mural__img_276crop_1_0,0.1667,6
adain,3218,mural__img_276crop_1_0,0.0,6
sanet,3218,mural__img_276crop_1_0,0.1481,6
cast,3218,mural__img_276crop_1_0,0.3333,6
stytr2,3218,mural__img_326crop_1_1,0.2778,6
adain,3218,mural__img_326crop_1_1,0.0,6
sanet,3218,mural__img_326crop_1_1,0.1296,6
cast,3218,mural__img_326crop_1_1,0.3333,6
stytr2,3218,mural__img_327crop_0_1,0.2778,6
adain,3218,mural__img_327crop_0_1,0.0556,6
sanet,3218,mural__img_327crop_0_1,0.1296,6
cast,3218,mural__img_327crop_0_1,0.4405,6
stytr2,3218,mural__img_536crop_1_0,0.2963,6
adain,3218,mural__img_536crop_1_0,0.0,6
sanet,3218,mural__img_536crop_1_0,0.1296,6
cast,3218,mural__img_536crop_1_0,0.3333,6
stytr2,3218,mural__img_593crop_0_0,0.3148,6
adain,3218,mural__img_593crop_0_0,0.0,6
sanet,3218,mural__img_593crop_0_0,0.1667,6
cast,3218,mural__img_593crop_0_0,0.3333,6
stytr2,3218,mural__img_739crop_1_1,0.2667,6
adain,3218,mural__img_739crop_1_1,0.0,6
sanet,3218,mural__img_739crop_1_1,0.0741,6
cast,3218,mural__img_739crop_1_1,0.3333,6
stytr2,3218,western_painting__met_359775,0.2593,6
adain,3218,western_painting__met_359775,0.0,6
sanet,3218,western_painting__met_359775,0.2731,6
cast,3218,western_painting__met_359775,0.3333,6
stytr2,3218,western_painting__met_383787,0.3,6
adain,3218,western_painting__met_383787,0.0,6
sanet,3218,western_painting__met_383787,0.2731,6
cast,3218,western_painting__met_383787,0.3333,6
stytr2,3218,western_painting__met_406721,0.3333,6
adain,3218,western_painting__met_406721,0.0,6
sanet,3218,western_painting__met_406721,0.3125,6
cast,3218,western_painting__met_406721,0.3333,6
stytr2,3218,western_painting__met_437769,0.1667,6
adain,3218,western_painting__met_437769,0.0,6
sanet,3218,western_painting__met_437769,0.0926,6
cast,3218,western_painting__met_437769,0.3125,6
stytr2,3218,western_painting__met_437967,0.2917,6
adain,3218,western_painting__met_437967,0.0,6
sanet,3218,western_painting__met_437967,0.1296,6
cast,3218,western_painting__met_437967,0.3333,6
stytr2,3218,western_painting__met_439405,0.1667,6
adain,3218,western_painting__met_439405,0.0,6
sanet,3218,western_painting__met_439405,0.0,6
cast,3218,western_painting__met_439405,0.3125,6
stytr2,3218,western_painting__met_649693,0.2222,6
adain,3218,western_painting__met_649693,0.0,6
sanet,3218,western_painting__met_649693,0.2523,6
cast,3218,western_painting__met_649693,0.3333,6
stytr2,3218,western_painting__met_739494,0.2292,6
adain,3218,western_painting__met_739494,0.0,6
sanet,3218,western_painting__met_739494,0.2778,6
cast,3218,western_painting__met_739494,0.4196,6
stytr2,3218,western_painting__met_787672,0.3125,6
adain,3218,western_painting__met_787672,0.1366,6
sanet,3218,western_painting__met_787672,0.2792,6
cast,3218,western_painting__met_787672,0.4236,6
stytr2,3218,western_painting__met_788182,0.2593,6
adain,3218,western_painting__met_788182,0.0,6
sanet,3218,western_painting__met_788182,0.294,6
cast,3218,western_painting__met_788182,0.375,6
stytr2,3359,chinese_landscape__130942,0.6237,6
adain,3359,chinese_landscape__130942,0.0,6
sanet,3359,chinese_landscape__130942,0.4419,6
cast,3359,chinese_landscape__130942,0.5975,6
stytr2,3359,chinese_landscape__132834,0.6086,6
adain,3359,chinese_landscape__132834,0.2556,6
sanet,3359,chinese_landscape__132834,0.4167,6
cast,3359,chinese_landscape__132834,0.6818,6
stytr2,3359,chinese_landscape__132836,0.6086,6
adain,3359,chinese_landscape__132836,0.1667,6
sanet,3359,chinese_landscape__132836,0.5328,6
cast,3359,chinese_landscape__132836,0.697,6
stytr2,3359,chinese_landscape__132840,0.6086,6
adain,3359,chinese_landscape__132840,0.0,6
sanet,3359,chinese_landscape__132840,0.4389,6
cast,3359,chinese_landscape__132840,0.6222,6
stytr2,3359,chinese_landscape__132930,0.6237,6
adain,3359,chinese_landscape__132930,0.2222,6
sanet,3359,chinese_landscape__132930,0.498,6
cast,3359,chinese_landscape__132930,0.6237,6
stytr2,3359,chinese_landscape__137205,0.5934,6
adain,3359,chinese_landscape__137205,0.0,6
sanet,3359,chinese_landscape__137205,0.4419,6
cast,3359,chinese_landscape__137205,0.6212,6
stytr2,3359,chinese_landscape__142574,0.6086,6
adain,3359,chinese_landscape__142574,0.2,6
sanet,3359,chinese_landscape__142574,0.4222,6
cast,3359,chinese_landscape__142574,0.6389,6
stytr2,3359,chinese_landscape__142578,0.6086,6
adain,3359,chinese_landscape__142578,0.0,6
sanet,3359,chinese_landscape__142578,0.5328,6
cast,3359,chinese_landscape__142578,0.6212,6
stytr2,3359,chinese_landscape__144829,0.6237,6
adain,3359,chinese_landscape__144829,0.2333,6
sanet,3359,chinese_landscape__144829,0.4394,6
cast,3359,chinese_landscape__144829,0.654,6
stytr2,3359,chinese_landscape__148342,0.5934,6
adain,3359,chinese_landscape__148342,0.2,6
sanet,3359,chinese_landscape__148342,0.4404,6
cast,3359,chinese_landscape__148342,0.6364,6
stytr2,3359,mural__img_1082crop_1_0,0.6212,6
adain,3359,mural__img_1082crop_1_0,0.2222,6
sanet,3359,mural__img_1082crop_1_0,0.2576,6
cast,3359,mural__img_1082crop_1_0,0.5404,6
stytr2,3359,mural__img_1224crop_0_0,0.5126,6
adain,3359,mural__img_1224crop_0_0,0.0,6
sanet,3359,mural__img_1224crop_0_0,0.2096,6
cast,3359,mural__img_1224crop_0_0,0.5101,6
stytr2,3359,mural__img_1224crop_1_1,0.4697,6
adain,3359,mural__img_1224crop_1_1,0.0,6
sanet,3359,mural__img_1224crop_1_1,0.0,6
cast,3359,mural__img_1224crop_1_1,0.5919,6
stytr2,3359,mural__img_16crop_0_0,0.4571,6
adain,3359,mural__img_16crop_0_0,0.0,6
sanet,3359,mural__img_16crop_0_0,0.0818,6
cast,3359,mural__img_16crop_0_0,0.5727,6
stytr2,3359,mural__img_276crop_1_0,0.3611,6
adain,3359,mural__img_276crop_1_0,0.0,6
sanet,3359,mural__img_276crop_1_0,0.3056,6
cast,3359,mural__img_276crop_1_0,0.5076,6
stytr2,3359,mural__img_326crop_1_1,0.3722,6
adain,3359,mural__img_326crop_1_1,0.0,6
sanet,3359,mural__img_326crop_1_1,0.0,6
cast,3359,mural__img_326crop_1_1,0.2879,6
stytr2,3359,mural__img_327crop_0_1,0.5934,6
adain,3359,mural__img_327crop_0_1,0.3056,6
sanet,3359,mural__img_327crop_0_1,0.1061,6
cast,3359,mural__img_327crop_0_1,0.6677,6
stytr2,3359,mural__img_536crop_1_0,0.4722,6
adain,3359,mural__img_536crop_1_0,0.1528,6
sanet,3359,mural__img_536crop_1_0,0.0,6
cast,3359,mural__img_536crop_1_0,0.5654,6
stytr2,3359,mural__img_593crop_0_0,0.2727,6
adain,3359,mural__img_593crop_0_0,0.0,6
sanet,3359,mural__img_593crop_0_0,0.0909,6
cast,3359,mural__img_593crop_0_0,0.4071,6
stytr2,3359,mural__img_739crop_1_1,0.4571,6
adain,3359,mural__img_739crop_1_1,0.0,6
sanet,3359,mural__img_739crop_1_1,0.0,6
cast,3359,mural__img_739crop_1_1,0.5253,6
stytr2,3359,western_painting__met_359775,0.5152,6
adain,3359,western_painting__met_359775,0.25,6
sanet,3359,western_painting__met_359775,0.3333,6
cast,3359,western_painting__met_359775,0.6086,6
stytr2,3359,western_painting__met_383787,0.5631,6
adain,3359,western_painting__met_383787,0.1528,6
sanet,3359,western_painting__met_383787,0.4419,6
cast,3359,western_painting__met_383787,0.6086,6
stytr2,3359,western_painting__met_406721,0.5328,6
adain,3359,western_painting__met_406721,0.0,6
sanet,3359,western_painting__met_406721,0.5328,6
cast,3359,western_painting__met_406721,0.5379,6
stytr2,3359,western_painting__met_437769,0.5449,6
adain,3359,western_painting__met_437769,0.0,6
sanet,3359,western_painting__met_437769,0.0,6
cast,3359,western_painting__met_437769,0.6061,6
stytr2,3359,western_painting__met_437967,0.6237,6
adain,3359,western_painting__met_437967,0.0,6
sanet,3359,western_painting__met_437967,0.3641,6
cast,3359,western_painting__met_437967,0.5783,6
stytr2,3359,western_painting__met_439405,0.4869,6
adain,3359,western_painting__met_439405,0.0,6
sanet,3359,western_painting__met_439405,0.0,6
cast,3359,western_painting__met_439405,0.5934,6
stytr2,3359,western_painting__met_649693,0.5934,6
adain,3359,western_painting__met_649693,0.2111,6
sanet,3359,western_painting__met_649693,0.5146,6
cast,3359,western_painting__met_649693,0.6237,6
stytr2,3359,western_painting__met_739494,0.4419,6
adain,3359,western_painting__met_739494,0.25,6
sanet,3359,western_painting__met_739494,0.2889,6
cast,3359,western_painting__met_739494,0.5768,6
stytr2,3359,western_painting__met_787672,0.5146,6
adain,3359,western_painting__met_787672,0.1667,6
sanet,3359,western_painting__met_787672,0.5131,6
cast,3359,western_painting__met_787672,0.6212,6
stytr2,3359,western_painting__met_788182,0.5631,6
adain,3359,western_painting__met_788182,0.3333,6
sanet,3359,western_painting__met_788182,0.4056,6
cast,3359,western_painting__met_788182,0.6515,6
stytr2,3450,chinese_landscape__130942,0.8472,3
adain,3450,chinese_landscape__130942,0.0,3
sanet,3450,chinese_landscape__130942,0.425,3
cast,3450,chinese_landscape__130942,0.9333,3
stytr2,3450,chinese_landscape__132834,0.8917,3
adain,3450,chinese_landscape__132834,0.0,3
sanet,3450,chinese_landscape__132834,0.25,3
cast,3450,chinese_landscape__132834,0.8667,3
stytr2,3450,chinese_landscape__132836,0.7583,3
adain,3450,chinese_landscape__132836,0.0,3
sanet,3450,chinese_landscape__132836,0.2917,3
cast,3450,chinese_landscape__132836,0.8667,3
stytr2,3450,chinese_landscape__132840,0.8917,3
adain,3450,chinese_landscape__132840,0.0,3
sanet,3450,chinese_landscape__132840,0.4083,3
cast,3450,chinese_landscape__132840,0.8667,3
stytr2,3450,chinese_landscape__132930,0.8917,3
adain,3450,chinese_landscape__132930,0.0,3
sanet,3450,chinese_landscape__132930,0.2083,3
cast,3450,chinese_landscape__132930,0.8,3
stytr2,3450,chinese_landscape__137205,0.625,3
adain,3450,chinese_landscape__137205,0.0,3
sanet,3450,chinese_landscape__137205,0.25,3
cast,3450,chinese_landscape__137205,0.6667,3
stytr2,3450,chinese_landscape__142574,0.8917,3
adain,3450,chinese_landscape__142574,0.0,3
sanet,3450,chinese_landscape__142574,0.25,3
cast,3450,chinese_landscape__142574,0.8,3
stytr2,3450,chinese_landscape__142578,0.625,3
adain,3450,chinese_landscape__142578,0.0,3
sanet,3450,chinese_landscape__142578,0.25,3
cast,3450,chinese_landscape__142578,0.7583,3
stytr2,3450,chinese_landscape__144829,0.9333,3
adain,3450,chinese_landscape__144829,0.0,3
sanet,3450,chinese_landscape__144829,0.475,3
cast,3450,chinese_landscape__144829,0.8333,3
stytr2,3450,chinese_landscape__148342,0.75,3
adain,3450,chinese_landscape__148342,0.0,3
sanet,3450,chinese_landscape__148342,0.25,3
cast,3450,chinese_landscape__148342,0.9333,3
stytr2,3450,mural__img_1082crop_1_0,0.2917,3
adain,3450,mural__img_1082crop_1_0,0.0,3
sanet,3450,mural__img_1082crop_1_0,0.0,3
cast,3450,mural__img_1082crop_1_0,0.8667,3
stytr2,3450,mural__img_1224crop_0_0,0.5833,3
adain,3450,mural__img_1224crop_0_0,0.0,3
sanet,3450,mural__img_1224crop_0_0,0.0,3
cast,3450,mural__img_1224crop_0_0,0.6667,3
stytr2,3450,mural__img_1224crop_1_1,0.625,3
adain,3450,mural__img_1224crop_1_1,0.0,3
sanet,3450,mural__img_1224crop_1_1,0.0,3
cast,3450,mural__img_1224crop_1_1,0.8667,3
stytr2,3450,mural__img_16crop_0_0,0.2083,3
adain,3450,mural__img_16crop_0_0,0.0,3
sanet,3450,mural__img_16crop_0_0,0.0,3
cast,3450,mural__img_16crop_0_0,0.8,3
stytr2,3450,mural__img_276crop_1_0,0.25,3
adain,3450,mural__img_276crop_1_0,0.0,3
sanet,3450,mural__img_276crop_1_0,0.0,3
cast,3450,mural__img_276crop_1_0,0.6667,3
stytr2,3450,mural__img_326crop_1_1,0.5833,3
adain,3450,mural__img_326crop_1_1,0.0,3
sanet,3450,mural__img_326crop_1_1,0.125,3
cast,3450,mural__img_326crop_1_1,0.625,3
stytr2,3450,mural__img_327crop_0_1,0.625,3
adain,3450,mural__img_327crop_0_1,0.0,3
sanet,3450,mural__img_327crop_0_1,0.3333,3
cast,3450,mural__img_327crop_0_1,0.8667,3
stytr2,3450,mural__img_536crop_1_0,0.625,3
adain,3450,mural__img_536crop_1_0,0.0,3
sanet,3450,mural__img_536crop_1_0,0.1667,3
cast,3450,mural__img_536crop_1_0,0.6667,3
stytr2,3450,mural__img_593crop_0_0,0.5833,3
adain,3450,mural__img_593crop_0_0,0.0,3
sanet,3450,mural__img_593crop_0_0,0.125,3
cast,3450,mural__img_593crop_0_0,0.8667,3
stytr2,3450,mural__img_739crop_1_1,0.5833,3
adain,3450,mural__img_739crop_1_1,0.0,3
sanet,3450,mural__img_739crop_1_1,0.0833,3
cast,3450,mural__img_739crop_1_1,0.6667,3
stytr2,3450,western_painting__met_359775,0.5417,3
adain,3450,western_painting__met_359775,0.0,3
sanet,3450,western_painting__met_359775,0.1667,3
cast,3450,western_painting__met_359775,0.7583,3
stytr2,3450,western_painting__met_383787,0.625,3
adain,3450,western_painting__met_383787,0.0,3
sanet,3450,western_painting__met_383787,0.2083,3
cast,3450,western_painting__met_383787,0.8667,3
stytr2,3450,western_painting__met_406721,0.7833,3
adain,3450,western_painting__met_406721,0.0,3
sanet,3450,western_painting__met_406721,0.25,3
cast,3450,western_painting__met_406721,0.625,3
stytr2,3450,western_painting__met_437769,0.5833,3
adain,3450,western_painting__met_437769,0.0,3
sanet,3450,western_painting__met_437769,0.0,3
cast,3450,western_painting__met_437769,0.7917,3
stytr2,3450,western_painting__met_437967,0.5417,3
adain,3450,western_painting__met_437967,0.0,3
sanet,3450,western_painting__met_437967,0.0,3
cast,3450,western_painting__met_437967,0.4667,3
stytr2,3450,western_painting__met_439405,0.5417,3
adain,3450,western_painting__met_439405,0.0,3
sanet,3450,western_painting__met_439405,0.0,3
cast,3450,western_painting__met_439405,0.8333,3
stytr2,3450,western_painting__met_649693,0.5417,3
adain,3450,western_painting__met_649693,0.0,3
sanet,3450,western_painting__met_649693,0.2083,3
cast,3450,western_painting__met_649693,0.8667,3
stytr2,3450,western_painting__met_739494,0.5833,3
adain,3450,western_painting__met_739494,0.0,3
sanet,3450,western_painting__met_739494,0.2083,3
cast,3450,western_painting__met_739494,0.8667,3
stytr2,3450,western_painting__met_787672,0.625,3
adain,3450,western_painting__met_787672,0.0,3
sanet,3450,western_painting__met_787672,0.2083,3
cast,3450,western_painting__met_787672,0.6667,3
stytr2,3450,western_painting__met_788182,0.5833,3
adain,3450,western_painting__met_788182,0.0,3
sanet,3450,western_painting__met_788182,0.25,3
cast,3450,western_painting__met_788182,0.8667,3
stytr2,3466,chinese_landscape__130942,0.7083,3
adain,3466,chinese_landscape__130942,0.0,3
sanet,3466,chinese_landscape__130942,0.3333,3
cast,3466,chinese_landscape__130942,0.6667,3
stytr2,3466,chinese_landscape__132834,0.7202,3
adain,3466,chinese_landscape__132834,0.0,3
sanet,3466,chinese_landscape__132834,0.25,3
cast,3466,chinese_landscape__132834,0.5833,3
stytr2,3466,chinese_landscape__132836,0.625,3
adain,3466,chinese_landscape__132836,0.0,3
sanet,3466,chinese_landscape__132836,0.1667,3
cast,3466,chinese_landscape__132836,0.5417,3
stytr2,3466,chinese_landscape__132840,0.5417,3
adain,3466,chinese_landscape__132840,0.0,3
sanet,3466,chinese_landscape__132840,0.1667,3
cast,3466,chinese_landscape__132840,0.5,3
stytr2,3466,chinese_landscape__132930,0.6667,3
adain,3466,chinese_landscape__132930,0.0,3
sanet,3466,chinese_landscape__132930,0.0833,3
cast,3466,chinese_landscape__132930,0.5833,3
stytr2,3466,chinese_landscape__137205,0.7619,3
adain,3466,chinese_landscape__137205,0.0,3
sanet,3466,chinese_landscape__137205,0.0,3
cast,3466,chinese_landscape__137205,0.475,3
stytr2,3466,chinese_landscape__142574,0.6667,3
adain,3466,chinese_landscape__142574,0.0,3
sanet,3466,chinese_landscape__142574,0.0833,3
cast,3466,chinese_landscape__142574,0.5833,3
stytr2,3466,chinese_landscape__142578,0.625,3
adain,3466,chinese_landscape__142578,0.0,3
sanet,3466,chinese_landscape__142578,0.3333,3
cast,3466,chinese_landscape__142578,0.6667,3
stytr2,3466,chinese_landscape__144829,0.625,3
adain,3466,chinese_landscape__144829,0.0,3
sanet,3466,chinese_landscape__144829,0.3333,3
cast,3466,chinese_landscape__144829,0.5833,3
stytr2,3466,chinese_landscape__148342,0.5833,3
adain,3466,chinese_landscape__148342,0.0,3
sanet,3466,chinese_landscape__148342,0.25,3
cast,3466,chinese_landscape__148342,0.3333,3
stytr2,3466,mural__img_1082crop_1_0,0.5,3
adain,3466,mural__img_1082crop_1_0,0.0,3
sanet,3466,mural__img_1082crop_1_0,0.1667,3
cast,3466,mural__img_1082crop_1_0,0.5833,3
stytr2,3466,mural__img_1224crop_0_0,0.4583,3
adain,3466,mural__img_1224crop_0_0,0.0,3
sanet,3466,mural__img_1224crop_0_0,0.0,3
cast,3466,mural__img_1224crop_0_0,0.5,3
stytr2,3466,mural__img_1224crop_1_1,0.3333,3
adain,3466,mural__img_1224crop_1_1,0.0,3
sanet,3466,mural__img_1224crop_1_1,0.0,3
cast,3466,mural__img_1224crop_1_1,0.5833,3
stytr2,3466,mural__img_16crop_0_0,0.0,3
adain,3466,mural__img_16crop_0_0,0.0,3
sanet,3466,mural__img_16crop_0_0,0.0,3
cast,3466,mural__img_16crop_0_0,0.5167,3
stytr2,3466,mural__img_276crop_1_0,0.3333,3
adain,3466,mural__img_276crop_1_0,0.0,3
sanet,3466,mural__img_276crop_1_0,0.0,3
cast,3466,mural__img_276crop_1_0,0.25,3
stytr2,3466,mural__img_326crop_1_1,0.25,3
adain,3466,mural__img_326crop_1_1,0.0,3
sanet,3466,mural__img_326crop_1_1,0.0,3
cast,3466,mural__img_326crop_1_1,0.3333,3
stytr2,3466,mural__img_327crop_0_1,0.4583,3
adain,3466,mural__img_327crop_0_1,0.0,3
sanet,3466,mural__img_327crop_0_1,0.0,3
cast,3466,mural__img_327crop_0_1,0.5,3
stytr2,3466,mural__img_536crop_1_0,0.6667,3
adain,3466,mural__img_536crop_1_0,0.0,3
sanet,3466,mural__img_536crop_1_0,0.0,3
cast,3466,mural__img_536crop_1_0,0.5417,3
stytr2,3466,mural__img_593crop_0_0,0.5833,3
adain,3466,mural__img_593crop_0_0,0.0,3
sanet,3466,mural__img_593crop_0_0,0.0,3
cast,3466,mural__img_593crop_0_0,0.5417,3
stytr2,3466,mural__img_739crop_1_1,0.5833,3
adain,3466,mural__img_739crop_1_1,0.0,3
sanet,3466,mural__img_739crop_1_1,0.0,3
cast,3466,mural__img_739crop_1_1,0.625,3
stytr2,3466,western_painting__met_359775,0.5833,3
adain,3466,western_painting__met_359775,0.0,3
sanet,3466,western_painting__met_359775,0.1667,3
cast,3466,western_painting__met_359775,0.3333,3
stytr2,3466,western_painting__met_383787,0.4583,3
adain,3466,western_painting__met_383787,0.0,3
sanet,3466,western_painting__met_383787,0.0,3
cast,3466,western_painting__met_383787,0.5,3
stytr2,3466,western_painting__met_406721,0.5833,3
adain,3466,western_painting__met_406721,0.0,3
sanet,3466,western_painting__met_406721,0.0,3
cast,3466,western_painting__met_406721,0.3333,3
stytr2,3466,western_painting__met_437769,0.6667,3
adain,3466,western_painting__met_437769,0.0,3
sanet,3466,western_painting__met_437769,0.1667,3
cast,3466,western_painting__met_437769,0.5417,3
stytr2,3466,western_painting__met_437967,0.5833,3
adain,3466,western_painting__met_437967,0.0,3
sanet,3466,western_painting__met_437967,0.25,3
cast,3466,western_painting__met_437967,0.5417,3
stytr2,3466,western_painting__met_439405,0.6667,3
adain,3466,western_painting__met_439405,0.0,3
sanet,3466,western_painting__met_439405,0.0,3
cast,3466,western_painting__met_439405,0.5,3
stytr2,3466,western_painting__met_649693,0.0,3
adain,3466,western_painting__met_649693,0.0,3
sanet,3466,western_painting__met_649693,0.0,3
cast,3466,western_painting__met_649693,0.3333,3
stytr2,3466,western_painting__met_739494,0.5417,3
adain,3466,western_painting__met_739494,0.0,3
sanet,3466,western_painting__met_739494,0.1667,3
cast,3466,western_painting__met_739494,0.5417,3
stytr2,3466,western_painting__met_787672,0.4167,3
adain,3466,western_painting__met_787672,0.0,3
sanet,3466,western_painting__met_787672,0.3333,3
cast,3466,western_painting__met_787672,0.5,3
stytr2,3466,western_painting__met_788182,0.5833,3
adain,3466,western_painting__met_788182,0.0,3
sanet,3466,western_painting__met_788182,0.0,3
cast,3466,western_painting__met_788182,0.3333,3
stytr2,3492,chinese_landscape__130942,0.6667,3
adain,3492,chinese_landscape__130942,0.0,3
sanet,3492,chinese_landscape__130942,0.5556,3
cast,3492,chinese_landscape__130942,0.6296,3
stytr2,3492,chinese_landscape__132834,0.6296,3
adain,3492,chinese_landscape__132834,0.0,3
sanet,3492,chinese_landscape__132834,0.5093,3
cast,3492,chinese_landscape__132834,0.625,3
stytr2,3492,chinese_landscape__132836,0.6667,3
adain,3492,chinese_landscape__132836,0.0,3
sanet,3492,chinese_landscape__132836,0.2963,3
cast,3492,chinese_landscape__132836,0.625,3
stytr2,3492,chinese_landscape__132840,0.6667,3
adain,3492,chinese_landscape__132840,0.0,3
sanet,3492,chinese_landscape__132840,0.4917,3
cast,3492,chinese_landscape__132840,0.6667,3
stytr2,3492,chinese_landscape__132930,0.588,3
adain,3492,chinese_landscape__132930,0.0,3
sanet,3492,chinese_landscape__132930,0.25,3
cast,3492,chinese_landscape__132930,0.5667,3
stytr2,3492,chinese_landscape__137205,0.5926,3
adain,3492,chinese_landscape__137205,0.0,3
sanet,3492,chinese_landscape__137205,0.4769,3
cast,3492,chinese_landscape__137205,0.588,3
stytr2,3492,chinese_landscape__142574,0.6667,3
adain,3492,chinese_landscape__142574,0.0,3
sanet,3492,chinese_landscape__142574,0.3333,3
cast,3492,chinese_landscape__142574,0.6296,3
stytr2,3492,chinese_landscape__142578,0.6667,3
adain,3492,chinese_landscape__142578,0.0,3
sanet,3492,chinese_landscape__142578,0.2917,3
cast,3492,chinese_landscape__142578,0.5556,3
stytr2,3492,chinese_landscape__144829,0.6667,3
adain,3492,chinese_landscape__144829,0.0,3
sanet,3492,chinese_landscape__144829,0.5185,3
cast,3492,chinese_landscape__144829,0.625,3
stytr2,3492,chinese_landscape__148342,0.6296,3
adain,3492,chinese_landscape__148342,0.0,3
sanet,3492,chinese_landscape__148342,0.4722,3
cast,3492,chinese_landscape__148342,0.588,3
stytr2,3492,mural__img_1082crop_1_0,0.5926,3
adain,3492,mural__img_1082crop_1_0,0.1667,3
sanet,3492,mural__img_1082crop_1_0,0.3981,3
cast,3492,mural__img_1082crop_1_0,0.6667,3
stytr2,3492,mural__img_1224crop_0_0,0.4676,3
adain,3492,mural__img_1224crop_0_0,0.0,3
sanet,3492,mural__img_1224crop_0_0,0.2083,3
cast,3492,mural__img_1224crop_0_0,0.6667,3
stytr2,3492,mural__img_1224crop_1_1,0.5139,3
adain,3492,mural__img_1224crop_1_1,0.0,3
sanet,3492,mural__img_1224crop_1_1,0.2083,3
cast,3492,mural__img_1224crop_1_1,0.625,3
stytr2,3492,mural__img_16crop_0_0,0.5139,3
adain,3492,mural__img_16crop_0_0,0.0,3
sanet,3492,mural__img_16crop_0_0,0.2083,3
cast,3492,mural__img_16crop_0_0,0.2917,3
stytr2,3492,mural__img_276crop_1_0,0.0,3
adain,3492,mural__img_276crop_1_0,0.0,3
sanet,3492,mural__img_276crop_1_0,0.25,3
cast,3492,mural__img_276crop_1_0,0.2917,3
stytr2,3492,mural__img_326crop_1_1,0.125,3
adain,3492,mural__img_326crop_1_1,0.0,3
sanet,3492,mural__img_326crop_1_1,0.0,3
cast,3492,mural__img_326crop_1_1,0.5926,3
stytr2,3492,mural__img_327crop_0_1,0.5926,3
adain,3492,mural__img_327crop_0_1,0.25,3
sanet,3492,mural__img_327crop_0_1,0.2083,3
cast,3492,mural__img_327crop_0_1,0.6296,3
stytr2,3492,mural__img_536crop_1_0,0.5509,3
adain,3492,mural__img_536crop_1_0,0.1667,3
sanet,3492,mural__img_536crop_1_0,0.25,3
cast,3492,mural__img_536crop_1_0,0.6333,3
stytr2,3492,mural__img_593crop_0_0,0.5093,3
adain,3492,mural__img_593crop_0_0,0.0,3
sanet,3492,mural__img_593crop_0_0,0.25,3
cast,3492,mural__img_593crop_0_0,0.6296,3
stytr2,3492,mural__img_739crop_1_1,0.4398,3
adain,3492,mural__img_739crop_1_1,0.0,3
sanet,3492,mural__img_739crop_1_1,0.3333,3
cast,3492,mural__img_739crop_1_1,0.6667,3
stytr2,3492,western_painting__met_359775,0.5926,3
adain,3492,western_painting__met_359775,0.0,3
sanet,3492,western_painting__met_359775,0.4306,3
cast,3492,western_painting__met_359775,0.6667,3
stytr2,3492,western_painting__met_383787,0.4444,3
adain,3492,western_painting__met_383787,0.0,3
sanet,3492,western_painting__met_383787,0.25,3
cast,3492,western_painting__met_383787,0.6296,3
stytr2,3492,western_painting__met_406721,0.4769,3
adain,3492,western_painting__met_406721,0.0,3
sanet,3492,western_painting__met_406721,0.3843,3
cast,3492,western_painting__met_406721,0.6296,3
stytr2,3492,western_painting__met_437769,0.4815,3
adain,3492,western_painting__met_437769,0.0,3
sanet,3492,western_painting__met_437769,0.2083,3
cast,3492,western_painting__met_437769,0.5556,3
stytr2,3492,western_painting__met_437967,0.5926,3
adain,3492,western_painting__met_437967,0.1667,3
sanet,3492,western_painting__met_437967,0.25,3
cast,3492,western_painting__met_437967,0.4769,3
stytr2,3492,western_painting__met_439405,0.3935,3
adain,3492,western_painting__met_439405,0.0,3
sanet,3492,western_painting__met_439405,0.2083,3
cast,3492,western_painting__met_439405,0.6296,3
stytr2,3492,western_painting__met_649693,0.5463,3
adain,3492,western_painting__met_649693,0.0,3
sanet,3492,western_painting__met_649693,0.2222,3
cast,3492,western_painting__met_649693,0.625,3
stytr2,3492,western_painting__met_739494,0.5556,3
adain,3492,western_painting__met_739494,0.0,3
sanet,3492,western_painting__met_739494,0.4769,3
cast,3492,western_painting__met_739494,0.6667,3
stytr2,3492,western_painting__met_787672,0.5556,3
adain,3492,western_painting__met_787672,0.0,3
sanet,3492,western_painting__met_787672,0.3333,3
cast,3492,western_painting__met_787672,0.625,3
stytr2,3492,western_painting__met_788182,0.5926,3
adain,3492,western_painting__met_788182,0.0,3
sanet,3492,western_painting__met_788182,0.4722,3
cast,3492,western_painting__met_788182,0.625,3
stytr2,3505,chinese_landscape__130942,0.4,5
adain,3505,chinese_landscape__130942,0.0,5
sanet,3505,chinese_landscape__130942,0.4,5
cast,3505,chinese_landscape__130942,0.4,5
stytr2,3505,chinese_landscape__132834,0.4,5
adain,3505,chinese_landscape__132834,0.0,5
sanet,3505,chinese_landscape__132834,0.3222,5
cast,3505,chinese_landscape__132834,0.4,5
stytr2,3505,chinese_landscape__132836,0.4,5
adain,3505,chinese_landscape__132836,0.0,5
sanet,3505,chinese_landscape__132836,0.3333,5
cast,3505,chinese_landscape__132836,0.3444,5
stytr2,3505,chinese_landscape__132840,0.4,5
adain,3505,chinese_landscape__132840,0.0,5
sanet,3505,chinese_landscape__132840,0.2444,5
cast,3505,chinese_landscape__132840,0.3333,5
stytr2,3505,chinese_landscape__132930,0.4,5
adain,3505,chinese_landscape__132930,0.0,5
sanet,3505,chinese_landscape__132930,0.2889,5
cast,3505,chinese_landscape__132930,0.3778,5
stytr2,3505,chinese_landscape__137205,0.4,5
adain,3505,chinese_landscape__137205,0.0,5
sanet,3505,chinese_landscape__137205,0.2778,5
cast,3505,chinese_landscape__137205,0.3778,5
stytr2,3505,chinese_landscape__142574,0.38,5
adain,3505,chinese_landscape__142574,0.0,5
sanet,3505,chinese_landscape__142574,0.2889,5
cast,3505,chinese_landscape__142574,0.4,5
stytr2,3505,chinese_landscape__142578,0.4,5
adain,3505,chinese_landscape__142578,0.0,5
sanet,3505,chinese_landscape__142578,0.3333,5
cast,3505,chinese_landscape__142578,0.4,5
stytr2,3505,chinese_landscape__144829,0.4,5
adain,3505,chinese_landscape__144829,0.0,5
sanet,3505,chinese_landscape__144829,0.3778,5
cast,3505,chinese_landscape__144829,0.4,5
stytr2,3505,chinese_landscape__148342,0.4,5
adain,3505,chinese_landscape__148342,0.0,5
sanet,3505,chinese_landscape__148342,0.3222,5
cast,3505,chinese_landscape__148342,0.4,5
stytr2,3505,mural__img_1082crop_1_0,0.3556,5
adain,3505,mural__img_1082crop_1_0,0.0,5
sanet,3505,mural__img_1082crop_1_0,0.3556,5
cast,3505,mural__img_1082crop_1_0,0.3556,5
stytr2,3505,mural__img_1224crop_0_0,0.3222,5
adain,3505,mural__img_1224crop_0_0,0.0,5
sanet,3505,mural__img_1224crop_0_0,0.0,5
cast,3505,mural__img_1224crop_0_0,0.38,5
stytr2,3505,mural__img_1224crop_1_1,0.3556,5
adain,3505,mural__img_1224crop_1_1,0.0,5
sanet,3505,mural__img_1224crop_1_1,0.0,5
cast,3505,mural__img_1224crop_1_1,0.3778,5
stytr2,3505,mural__img_16crop_0_0,0.3556,5
adain,3505,mural__img_16crop_0_0,0.0,5
sanet,3505,mural__img_16crop_0_0,0.0,5
cast,3505,mural__img_16crop_0_0,0.3444,5
stytr2,3505,mural__img_276crop_1_0,0.3111,5
adain,3505,mural__img_276crop_1_0,0.0,5
sanet,3505,mural__img_276crop_1_0,0.0,5
cast,3505,mural__img_276crop_1_0,0.3556,5
stytr2,3505,mural__img_326crop_1_1,0.3556,5
adain,3505,mural__img_326crop_1_1,0.0,5
sanet,3505,mural__img_326crop_1_1,0.0,5
cast,3505,mural__img_326crop_1_1,0.3778,5
stytr2,3505,mural__img_327crop_0_1,0.3556,5
adain,3505,mural__img_327crop_0_1,0.0,5
sanet,3505,mural__img_327crop_0_1,0.0,5
cast,3505,mural__img_327crop_0_1,0.4,5
stytr2,3505,mural__img_536crop_1_0,0.38,5
adain,3505,mural__img_536crop_1_0,0.0,5
sanet,3505,mural__img_536crop_1_0,0.0,5
cast,3505,mural__img_536crop_1_0,0.3778,5
stytr2,3505,mural__img_593crop_0_0,0.4,5
adain,3505,mural__img_593crop_0_0,0.0,5
sanet,3505,mural__img_593crop_0_0,0.1333,5
cast,3505,mural__img_593crop_0_0,0.3778,5
stytr2,3505,mural__img_739crop_1_1,0.3556,5
adain,3505,mural__img_739crop_1_1,0.0,5
sanet,3505,mural__img_739crop_1_1,0.0,5
cast,3505,mural__img_739crop_1_1,0.38,5
stytr2,3505,western_painting__met_359775,0.4,5
adain,3505,western_painting__met_359775,0.0,5
sanet,3505,western_painting__met_359775,0.3583,5
cast,3505,western_painting__met_359775,0.4,5
stytr2,3505,western_painting__met_383787,0.4,5
adain,3505,western_painting__met_383787,0.0,5
sanet,3505,western_painting__met_383787,0.2,5
cast,3505,western_painting__met_383787,0.4,5
stytr2,3505,western_painting__met_406721,0.4,5
adain,3505,western_painting__met_406721,0.0,5
sanet,3505,western_painting__met_406721,0.2889,5
cast,3505,western_painting__met_406721,0.3667,5
stytr2,3505,western_painting__met_437769,0.4,5
adain,3505,western_painting__met_437769,0.0,5
sanet,3505,western_painting__met_437769,0.1333,5
cast,3505,western_painting__met_437769,0.4,5
stytr2,3505,western_painting__met_437967,0.4,5
adain,3505,western_painting__met_437967,0.0,5
sanet,3505,western_painting__met_437967,0.1333,5
cast,3505,western_painting__met_437967,0.4,5
stytr2,3505,western_painting__met_439405,0.3556,5
adain,3505,western_painting__met_439405,0.0,5
sanet,3505,western_painting__met_439405,0.0,5
cast,3505,western_painting__met_439405,0.3778,5
stytr2,3505,western_painting__met_649693,0.1,5
adain,3505,western_painting__met_649693,0.0,5
sanet,3505,western_painting__met_649693,0.1667,5
cast,3505,western_painting__met_649693,0.4,5
stytr2,3505,western_painting__met_739494,0.4,5
adain,3505,western_painting__met_739494,0.0,5
sanet,3505,western_painting__met_739494,0.2667,5
cast,3505,western_painting__met_739494,0.4,5
stytr2,3505,western_painting__met_787672,0.4,5
adain,3505,western_painting__met_787672,0.0667,5
sanet,3505,western_painting__met_787672,0.2889,5
cast,3505,western_painting__met_787672,0.4,5
stytr2,3505,western_painting__met_788182,0.4,5
adain,3505,western_painting__met_788182,0.0,5
sanet,3505,western_painting__met_788182,0.2444,5
cast,3505,western_painting__met_788182,0.3778,5
stytr2,3608,chinese_landscape__130942,0.3729,12
adain,3608,chinese_landscape__130942,0.05,12
sanet,3608,chinese_landscape__130942,0.0992,12
cast,3608,chinese_landscape__130942,0.1667,12
stytr2,3608,chinese_landscape__132834,0.1458,12
adain,3608,chinese_landscape__132834,0.0417,12
sanet,3608,chinese_landscape__132834,0.0833,12
cast,3608,chinese_landscape__132834,0.1562,12
stytr2,3608,chinese_landscape__132836,0.1324,12
adain,3608,chinese_landscape__132836,0.0,12
sanet,3608,chinese_landscape__132836,0.0833,12
cast,3608,chinese_landscape__132836,0.3358,12
stytr2,3608,chinese_landscape__132840,0.1881,12
adain,3608,chinese_landscape__132840,0.0,12
sanet,3608,chinese_landscape__132840,0.2073,12
cast,3608,chinese_landscape__132840,0.2063,12
stytr2,3608,chinese_landscape__132930,0.2351,12
adain,3608,chinese_landscape__132930,0.0,12
sanet,3608,chinese_landscape__132930,0.0982,12
cast,3608,chinese_landscape__132930,0.2143,12
stytr2,3608,chinese_landscape__137205,0.1111,12
adain,3608,chinese_landscape__137205,0.0,12
sanet,3608,chinese_landscape__137205,0.0694,12
cast,3608,chinese_landscape__137205,0.255,12
stytr2,3608,chinese_landscape__142574,0.2396,12
adain,3608,chinese_landscape__142574,0.0,12
sanet,3608,chinese_landscape__142574,0.0833,12
cast,3608,chinese_landscape__142574,0.3224,12
stytr2,3608,chinese_landscape__142578,0.1896,12
adain,3608,chinese_landscape__142578,0.0,12
sanet,3608,chinese_landscape__142578,0.0714,12
cast,3608,chinese_landscape__142578,0.1396,12
stytr2,3608,chinese_landscape__144829,0.1458,12
adain,3608,chinese_landscape__144829,0.0,12
sanet,3608,chinese_landscape__144829,0.125,12
cast,3608,chinese_landscape__144829,0.1562,12
stytr2,3608,chinese_landscape__148342,0.1562,12
adain,3608,chinese_landscape__148342,0.0,12
sanet,3608,chinese_landscape__148342,0.0833,12
cast,3608,chinese_landscape__148342,0.2371,12
stytr2,3608,mural__img_1082crop_1_0,0.1562,12
adain,3608,mural__img_1082crop_1_0,0.0714,12
sanet,3608,mural__img_1082crop_1_0,0.0833,12
cast,3608,mural__img_1082crop_1_0,0.2048,12
stytr2,3608,mural__img_1224crop_0_0,0.0833,12
adain,3608,mural__img_1224crop_0_0,0.0625,12
sanet,3608,mural__img_1224crop_0_0,0.0476,12
cast,3608,mural__img_1224crop_0_0,0.125,12
stytr2,3608,mural__img_1224crop_1_1,0.0833,12
adain,3608,mural__img_1224crop_1_1,0.0,12
sanet,3608,mural__img_1224crop_1_1,0.0833,12
cast,3608,mural__img_1224crop_1_1,0.1389,12
stytr2,3608,mural__img_16crop_0_0,0.0833,12
adain,3608,mural__img_16crop_0_0,0.0,12
sanet,3608,mural__img_16crop_0_0,0.0833,12
cast,3608,mural__img_16crop_0_0,0.1205,12
stytr2,3608,mural__img_276crop_1_0,0.0833,12
adain,3608,mural__img_276crop_1_0,0.0,12
sanet,3608,mural__img_276crop_1_0,0.0833,12
cast,3608,mural__img_276crop_1_0,0.2917,12
stytr2,3608,mural__img_326crop_1_1,0.0833,12
adain,3608,mural__img_326crop_1_1,0.0,12
sanet,3608,mural__img_326crop_1_1,0.05,12
cast,3608,mural__img_326crop_1_1,0.1389,12
stytr2,3608,mural__img_327crop_0_1,0.2976,12
adain,3608,mural__img_327crop_0_1,0.0625,12
sanet,3608,mural__img_327crop_0_1,0.0694,12
cast,3608,mural__img_327crop_0_1,0.3185,12
stytr2,3608,mural__img_536crop_1_0,0.3105,12
adain,3608,mural__img_536crop_1_0,0.0556,12
sanet,3608,mural__img_536crop_1_0,0.0729,12
cast,3608,mural__img_536crop_1_0,0.2093,12
stytr2,3608,mural__img_593crop_0_0,0.1667,12
adain,3608,mural__img_593crop_0_0,0.05,12
sanet,3608,mural__img_593crop_0_0,0.0625,12
cast,3608,mural__img_593crop_0_0,0.125,12
stytr2,3608,mural__img_739crop_1_1,0.1429,12
adain,3608,mural__img_739crop_1_1,0.0,12
sanet,3608,mural__img_739crop_1_1,0.0714,12
cast,3608,mural__img_739crop_1_1,0.1907,12
stytr2,3608,western_painting__met_359775,0.131,12
adain,3608,western_painting__met_359775,0.0,12
sanet,3608,western_painting__met_359775,0.0833,12
cast,3608,western_painting__met_359775,0.1667,12
stytr2,3608,western_painting__met_383787,0.1167,12
adain,3608,western_painting__met_383787,0.0,12
sanet,3608,western_painting__met_383787,0.0833,12
cast,3608,western_painting__met_383787,0.2525,12
stytr2,3608,western_painting__met_406721,0.1333,12
adain,3608,western_painting__met_406721,0.0,12
sanet,3608,western_painting__met_406721,0.0714,12
cast,3608,western_painting__met_406721,0.1558,12
stytr2,3608,western_painting__met_437769,0.1389,12
adain,3608,western_painting__met_437769,0.0,12
sanet,3608,western_painting__met_437769,0.0833,12
cast,3608,western_painting__met_437769,0.1429,12
stytr2,3608,western_painting__met_437967,0.0833,12
adain,3608,western_painting__met_437967,0.0,12
sanet,3608,western_painting__met_437967,0.0833,12
cast,3608,western_painting__met_437967,0.1458,12
stytr2,3608,western_painting__met_439405,0.0833,12
adain,3608,western_painting__met_439405,0.0,12
sanet,3608,western_painting__met_439405,0.0833,12
cast,3608,western_painting__met_439405,0.3254,12
stytr2,3608,western_painting__met_649693,0.0,12
adain,3608,western_painting__met_649693,0.0,12
sanet,3608,western_painting__met_649693,0.0893,12
cast,3608,western_painting__met_649693,0.2333,12
stytr2,3608,western_painting__met_739494,0.1167,12
adain,3608,western_painting__met_739494,0.0188,12
sanet,3608,western_painting__met_739494,0.0625,12
cast,3608,western_painting__met_739494,0.25,12
stytr2,3608,western_painting__met_787672,0.1042,12
adain,3608,western_painting__met_787672,0.0833,12
sanet,3608,western_painting__met_787672,0.131,12
cast,3608,western_painting__met_787672,0.2421,12
stytr2,3608,western_painting__met_788182,0.125,12
adain,3608,western_painting__met_788182,0.0615,12
sanet,3608,western_painting__met_788182,0.0833,12
cast,3608,western_painting__met_788182,0.2595,12
stytr2,3735,chinese_landscape__130942,0.3901,39
adain,3735,chinese_landscape__130942,0.0276,39
sanet,3735,chinese_landscape__130942,0.0276,39
cast,3735,chinese_landscape__130942,0.2889,39
stytr2,3735,chinese_landscape__132834,0.4466,39
adain,3735,chinese_landscape__132834,0.0373,39
sanet,3735,chinese_landscape__132834,0.0276,39
cast,3735,chinese_landscape__132834,0.0468,39
stytr2,3735,chinese_landscape__132836,0.3017,39
adain,3735,chinese_landscape__132836,0.029,39
sanet,3735,chinese_landscape__132836,0.0276,39
cast,3735,chinese_landscape__132836,0.4253,39
stytr2,3735,chinese_landscape__132840,0.4224,39
adain,3735,chinese_landscape__132840,0.0695,39
sanet,3735,chinese_landscape__132840,0.0276,39
cast,3735,chinese_landscape__132840,0.3826,39
stytr2,3735,chinese_landscape__132930,0.4465,39
adain,3735,chinese_landscape__132930,0.0423,39
sanet,3735,chinese_landscape__132930,0.0276,39
cast,3735,chinese_landscape__132930,0.245,39
stytr2,3735,chinese_landscape__137205,0.4043,39
adain,3735,chinese_landscape__137205,0.0423,39
sanet,3735,chinese_landscape__137205,0.024,39
cast,3735,chinese_landscape__137205,0.4794,39
stytr2,3735,chinese_landscape__142574,0.4513,39
adain,3735,chinese_landscape__142574,0.0254,39
sanet,3735,chinese_landscape__142574,0.0276,39
cast,3735,chinese_landscape__142574,0.2694,39
stytr2,3735,chinese_landscape__142578,0.3553,39
adain,3735,chinese_landscape__142578,0.0258,39
sanet,3735,chinese_landscape__142578,0.0276,39
cast,3735,chinese_landscape__142578,0.308,39
stytr2,3735,chinese_landscape__144829,0.4691,39
adain,3735,chinese_landscape__144829,0.0301,39
sanet,3735,chinese_landscape__144829,0.0276,39
cast,3735,chinese_landscape__144829,0.2803,39
stytr2,3735,chinese_landscape__148342,0.2392,39
adain,3735,chinese_landscape__148342,0.0423,39
sanet,3735,chinese_landscape__148342,0.0276,39
cast,3735,chinese_landscape__148342,0.242,39
stytr2,3735,mural__img_1082crop_1_0,0.3073,39
adain,3735,mural__img_1082crop_1_0,0.024,39
sanet,3735,mural__img_1082crop_1_0,0.0276,39
cast,3735,mural__img_1082crop_1_0,0.1802,39
stytr2,3735,mural__img_1224crop_0_0,0.0276,39
adain,3735,mural__img_1224crop_0_0,0.024,39
sanet,3735,mural__img_1224crop_0_0,0.0276,39
cast,3735,mural__img_1224crop_0_0,0.2196,39
stytr2,3735,mural__img_1224crop_1_1,0.0436,39
adain,3735,mural__img_1224crop_1_1,0.0203,39
sanet,3735,mural__img_1224crop_1_1,0.0336,39
cast,3735,mural__img_1224crop_1_1,0.2038,39
stytr2,3735,mural__img_16crop_0_0,0.0276,39
adain,3735,mural__img_16crop_0_0,0.0,39
sanet,3735,mural__img_16crop_0_0,0.029,39
cast,3735,mural__img_16crop_0_0,0.0276,39
stytr2,3735,mural__img_276crop_1_0,0.0276,39
adain,3735,mural__img_276crop_1_0,0.0,39
sanet,3735,mural__img_276crop_1_0,0.0276,39
cast,3735,mural__img_276crop_1_0,0.2019,39
stytr2,3735,mural__img_326crop_1_1,0.0276,39
adain,3735,mural__img_326crop_1_1,0.0,39
sanet,3735,mural__img_326crop_1_1,0.029,39
cast,3735,mural__img_326crop_1_1,0.0404,39
stytr2,3735,mural__img_327crop_0_1,0.0468,39
adain,3735,mural__img_327crop_0_1,0.0276,39
sanet,3735,mural__img_327crop_0_1,0.0276,39
cast,3735,mural__img_327crop_0_1,0.2867,39
stytr2,3735,mural__img_536crop_1_0,0.0276,39
adain,3735,mural__img_536crop_1_0,0.024,39
sanet,3735,mural__img_536crop_1_0,0.0276,39
cast,3735,mural__img_536crop_1_0,0.2663,39
stytr2,3735,mural__img_593crop_0_0,0.0276,39
adain,3735,mural__img_593crop_0_0,0.029,39
sanet,3735,mural__img_593crop_0_0,0.0276,39
cast,3735,mural__img_593crop_0_0,0.0404,39
stytr2,3735,mural__img_739crop_1_1,0.0276,39
adain,3735,mural__img_739crop_1_1,0.029,39
sanet,3735,mural__img_739crop_1_1,0.0327,39
cast,3735,mural__img_739crop_1_1,0.0372,39
stytr2,3735,western_painting__met_359775,0.0436,39
adain,3735,western_painting__met_359775,0.029,39
sanet,3735,western_painting__met_359775,0.0276,39
cast,3735,western_painting__met_359775,0.2688,39
stytr2,3735,western_painting__met_383787,0.2628,39
adain,3735,western_painting__met_383787,0.0,39
sanet,3735,western_painting__met_383787,0.024,39
cast,3735,western_painting__met_383787,0.241,39
stytr2,3735,western_painting__met_406721,0.0276,39
adain,3735,western_painting__met_406721,0.0,39
sanet,3735,western_painting__met_406721,0.2752,39
cast,3735,western_painting__met_406721,0.2749,39
stytr2,3735,western_painting__met_437769,0.0468,39
adain,3735,western_painting__met_437769,0.0,39
sanet,3735,western_painting__met_437769,0.0203,39
cast,3735,western_painting__met_437769,0.0276,39
stytr2,3735,western_painting__met_437967,0.0436,39
adain,3735,western_painting__met_437967,0.029,39
sanet,3735,western_painting__met_437967,0.0276,39
cast,3735,western_painting__met_437967,0.2212,39
stytr2,3735,western_painting__met_439405,0.0468,39
adain,3735,western_painting__met_439405,0.0161,39
sanet,3735,western_painting__met_439405,0.0,39
cast,3735,western_painting__met_439405,0.0276,39
stytr2,3735,western_painting__met_649693,0.2492,39
adain,3735,western_painting__met_649693,0.0,39
sanet,3735,western_painting__met_649693,0.0276,39
cast,3735,western_painting__met_649693,0.1697,39
stytr2,3735,western_painting__met_739494,0.0404,39
adain,3735,western_painting__met_739494,0.0,39
sanet,3735,western_painting__met_739494,0.0276,39
cast,3735,western_painting__met_739494,0.2428,39
stytr2,3735,western_painting__met_787672,0.2604,39
adain,3735,western_painting__met_787672,0.024,39
sanet,3735,western_painting__met_787672,0.0276,39
cast,3735,western_painting__met_787672,0.0468,39
stytr2,3735,western_painting__met_788182,0.2433,39
adain,3735,western_painting__met_788182,0.0,39
sanet,3735,western_painting__met_788182,0.19,39
cast,3735,western_painting__met_788182,0.0436,39
stytr2,3750,chinese_landscape__130942,0.561,11
adain,3750,chinese_landscape__130942,0.0,11
sanet,3750,chinese_landscape__130942,0.1654,11
cast,3750,chinese_landscape__130942,0.3154,11
stytr2,3750,chinese_landscape__132834,0.4024,11
adain,3750,chinese_landscape__132834,0.0,11
sanet,3750,chinese_landscape__132834,0.0,11
cast,3750,chinese_landscape__132834,0.3556,11
stytr2,3750,chinese_landscape__132836,0.4327,11
adain,3750,chinese_landscape__132836,0.0,11
sanet,3750,chinese_landscape__132836,0.053,11
cast,3750,chinese_landscape__132836,0.3154,11
stytr2,3750,chinese_landscape__132840,0.4366,11
adain,3750,chinese_landscape__132840,0.0,11
sanet,3750,chinese_landscape__132840,0.0728,11
cast,3750,chinese_landscape__132840,0.2774,11
stytr2,3750,chinese_landscape__132930,0.4686,11
adain,3750,chinese_landscape__132930,0.0,11
sanet,3750,chinese_landscape__132930,0.0,11
cast,3750,chinese_landscape__132930,0.3154,11
stytr2,3750,chinese_landscape__137205,0.3682,11
adain,3750,chinese_landscape__137205,0.0,11
sanet,3750,chinese_landscape__137205,0.0368,11
cast,3750,chinese_landscape__137205,0.3334,11
stytr2,3750,chinese_landscape__142574,0.4275,11
adain,3750,chinese_landscape__142574,0.0,11
sanet,3750,chinese_landscape__142574,0.0848,11
cast,3750,chinese_landscape__142574,0.2384,11
stytr2,3750,chinese_landscape__142578,0.4647,11
adain,3750,chinese_landscape__142578,0.0,11
sanet,3750,chinese_landscape__142578,0.1076,11
cast,3750,chinese_landscape__142578,0.3154,11
stytr2,3750,chinese_landscape__144829,0.4711,11
adain,3750,chinese_landscape__144829,0.0,11
sanet,3750,chinese_landscape__144829,0.153,11
cast,3750,chinese_landscape__144829,0.3435,11
stytr2,3750,chinese_landscape__148342,0.3829,11
adain,3750,chinese_landscape__148342,0.0,11
sanet,3750,chinese_landscape__148342,0.1619,11
cast,3750,chinese_landscape__148342,0.3002,11
stytr2,3750,mural__img_1082crop_1_0,0.3076,11
adain,3750,mural__img_1082crop_1_0,0.0,11
sanet,3750,mural__img_1082crop_1_0,0.0,11
cast,3750,mural__img_1082crop_1_0,0.4753,11
stytr2,3750,mural__img_1224crop_0_0,0.0,11
adain,3750,mural__img_1224crop_0_0,0.0,11
sanet,3750,mural__img_1224crop_0_0,0.0,11
cast,3750,mural__img_1224crop_0_0,0.3699,11
stytr2,3750,mural__img_1224crop_1_1,0.0,11
adain,3750,mural__img_1224crop_1_1,0.0,11
sanet,3750,mural__img_1224crop_1_1,0.1076,11
cast,3750,mural__img_1224crop_1_1,0.3608,11
stytr2,3750,mural__img_16crop_0_0,0.2988,11
adain,3750,mural__img_16crop_0_0,0.0,11
sanet,3750,mural__img_16crop_0_0,0.0,11
cast,3750,mural__img_16crop_0_0,0.3002,11
stytr2,3750,mural__img_276crop_1_0,0.1076,11
adain,3750,mural__img_276crop_1_0,0.0,11
sanet,3750,mural__img_276crop_1_0,0.0,11
cast,3750,mural__img_276crop_1_0,0.3071,11
stytr2,3750,mural__img_326crop_1_1,0.2078,11
adain,3750,mural__img_326crop_1_1,0.0,11
sanet,3750,mural__img_326crop_1_1,0.0,11
cast,3750,mural__img_326crop_1_1,0.3154,11
stytr2,3750,mural__img_327crop_0_1,0.2989,11
adain,3750,mural__img_327crop_0_1,0.0,11
sanet,3750,mural__img_327crop_0_1,0.1989,11
cast,3750,mural__img_327crop_0_1,0.4184,11
stytr2,3750,mural__img_536crop_1_0,0.3154,11
adain,3750,mural__img_536crop_1_0,0.0,11
sanet,3750,mural__img_536crop_1_0,0.1076,11
cast,3750,mural__img_536crop_1_0,0.4426,11
stytr2,3750,mural__img_593crop_0_0,0.3517,11
adain,3750,mural__img_593crop_0_0,0.0,11
sanet,3750,mural__img_593crop_0_0,0.0273,11
cast,3750,mural__img_593crop_0_0,0.3426,11
stytr2,3750,mural__img_739crop_1_1,0.1985,11
adain,3750,mural__img_739crop_1_1,0.0,11
sanet,3750,mural__img_739crop_1_1,0.0,11
cast,3750,mural__img_739crop_1_1,0.3284,11
stytr2,3750,western_painting__met_359775,0.3317,11
adain,3750,western_painting__met_359775,0.0,11
sanet,3750,western_painting__met_359775,0.0848,11
cast,3750,western_painting__met_359775,0.3366,11
stytr2,3750,western_painting__met_383787,0.3002,11
adain,3750,western_painting__met_383787,0.0,11
sanet,3750,western_painting__met_383787,0.0931,11
cast,3750,western_painting__met_383787,0.3002,11
stytr2,3750,western_painting__met_406721,0.2828,11
adain,3750,western_painting__met_406721,0.0,11
sanet,3750,western_painting__met_406721,0.1886,11
cast,3750,western_painting__met_406721,0.3078,11
stytr2,3750,western_painting__met_437769,0.2798,11
adain,3750,western_painting__met_437769,0.0,11
sanet,3750,western_painting__met_437769,0.0437,11
cast,3750,western_painting__met_437769,0.3426,11
stytr2,3750,western_painting__met_437967,0.2803,11
adain,3750,western_painting__met_437967,0.0,11
sanet,3750,western_painting__met_437967,0.1076,11
cast,3750,western_painting__met_437967,0.4763,11
stytr2,3750,western_painting__met_439405,0.2837,11
adain,3750,western_painting__met_439405,0.0,11
sanet,3750,western_painting__met_439405,0.0,11
cast,3750,western_painting__met_439405,0.3228,11
stytr2,3750,western_painting__met_649693,0.1927,11
adain,3750,western_painting__met_649693,0.0,11
sanet,3750,western_painting__met_649693,0.1149,11
cast,3750,western_painting__met_649693,0.3437,11
stytr2,3750,western_painting__met_739494,0.1902,11
adain,3750,western_painting__met_739494,0.0,11
sanet,3750,western_painting__met_739494,0.0,11
cast,3750,western_painting__met_739494,0.2803,11
stytr2,3750,western_painting__met_787672,0.3322,11
adain,3750,western_painting__met_787672,0.0,11
sanet,3750,western_painting__met_787672,0.0628,11
cast,3750,western_painting__met_787672,0.2142,11
stytr2,3750,western_painting__met_788182,0.3839,11
adain,3750,western_painting__met_788182,0.0,11
sanet,3750,western_painting__met_788182,0.1482,11
cast,3750,western_painting__met_788182,0.2453,11
stytr2,3817,chinese_landscape__130942,1.0,3
adain,3817,chinese_landscape__130942,0.5556,3
sanet,3817,chinese_landscape__130942,0.6667,3
cast,3817,chinese_landscape__130942,1.0,3
stytr2,3817,chinese_landscape__132834,1.0,3
adain,3817,chinese_landscape__132834,0.4222,3
sanet,3817,chinese_landscape__132834,0.6,3
cast,3817,chinese_landscape__132834,0.9167,3
stytr2,3817,chinese_landscape__132836,0.6667,3
adain,3817,chinese_landscape__132836,0.4444,3
sanet,3817,chinese_landscape__132836,0.6,3
cast,3817,chinese_landscape__132836,0.6667,3
stytr2,3817,chinese_landscape__132840,1.0,3
adain,3817,chinese_landscape__132840,0.4444,3
sanet,3817,chinese_landscape__132840,0.6667,3
cast,3817,chinese_landscape__132840,0.6667,3
stytr2,3817,chinese_landscape__132930,1.0,3
adain,3817,chinese_landscape__132930,0.1333,3
sanet,3817,chinese_landscape__132930,0.6667,3
cast,3817,chinese_landscape__132930,0.6667,3
stytr2,3817,chinese_landscape__137205,0.8611,3
adain,3817,chinese_landscape__137205,0.0,3
sanet,3817,chinese_landscape__137205,0.6111,3
cast,3817,chinese_landscape__137205,0.6667,3
stytr2,3817,chinese_landscape__142574,0.8611,3
adain,3817,chinese_landscape__142574,0.3222,3
sanet,3817,chinese_landscape__142574,0.6667,3
cast,3817,chinese_landscape__142574,0.6667,3
stytr2,3817,chinese_landscape__142578,0.9444,3
adain,3817,chinese_landscape__142578,0.2,3
sanet,3817,chinese_landscape__142578,0.6667,3
cast,3817,chinese_landscape__142578,0.6667,3
stytr2,3817,chinese_landscape__144829,0.9444,3
adain,3817,chinese_landscape__144829,0.4333,3
sanet,3817,chinese_landscape__144829,0.6667,3
cast,3817,chinese_landscape__144829,1.0,3
stytr2,3817,chinese_landscape__148342,0.8611,3
adain,3817,chinese_landscape__148342,0.3556,3
sanet,3817,chinese_landscape__148342,0.619,3
cast,3817,chinese_landscape__148342,0.6667,3
stytr2,3817,mural__img_1082crop_1_0,0.7778,3
adain,3817,mural__img_1082crop_1_0,0.3778,3
sanet,3817,mural__img_1082crop_1_0,0.5556,3
cast,3817,mural__img_1082crop_1_0,0.9167,3
stytr2,3817,mural__img_1224crop_0_0,0.6667,3
adain,3817,mural__img_1224crop_0_0,0.0,3
sanet,3817,mural__img_1224crop_0_0,0.3222,3
cast,3817,mural__img_1224crop_0_0,0.9167,3
stytr2,3817,mural__img_1224crop_1_1,0.6667,3
adain,3817,mural__img_1224crop_1_1,0.1889,3
sanet,3817,mural__img_1224crop_1_1,0.6111,3
cast,3817,mural__img_1224crop_1_1,1.0,3
stytr2,3817,mural__img_16crop_0_0,0.5556,3
adain,3817,mural__img_16crop_0_0,0.0,3
sanet,3817,mural__img_16crop_0_0,0.0,3
cast,3817,mural__img_16crop_0_0,0.6667,3
stytr2,3817,mural__img_276crop_1_0,0.5444,3
adain,3817,mural__img_276crop_1_0,0.0,3
sanet,3817,mural__img_276crop_1_0,0.3778,3
cast,3817,mural__img_276crop_1_0,0.6667,3
stytr2,3817,mural__img_326crop_1_1,0.6111,3
adain,3817,mural__img_326crop_1_1,0.0,3
sanet,3817,mural__img_326crop_1_1,0.0,3
cast,3817,mural__img_326crop_1_1,0.6667,3
stytr2,3817,mural__img_327crop_0_1,0.7778,3
adain,3817,mural__img_327crop_0_1,0.0,3
sanet,3817,mural__img_327crop_0_1,0.4444,3
cast,3817,mural__img_327crop_0_1,0.6667,3
stytr2,3817,mural__img_536crop_1_0,0.7778,3
adain,3817,mural__img_536crop_1_0,0.3778,3
sanet,3817,mural__img_536crop_1_0,0.5556,3
cast,3817,mural__img_536crop_1_0,0.9167,3
stytr2,3817,mural__img_593crop_0_0,0.8611,3
adain,3817,mural__img_593crop_0_0,0.0,3
sanet,3817,mural__img_593crop_0_0,0.4444,3
cast,3817,mural__img_593crop_0_0,0.6667,3
stytr2,3817,mural__img_739crop_1_1,0.5556,3
adain,3817,mural__img_739crop_1_1,0.0,3
sanet,3817,mural__img_739crop_1_1,0.0,3
cast,3817,mural__img_739crop_1_1,0.9167,3
stytr2,3817,western_painting__met_359775,0.6667,3
adain,3817,western_painting__met_359775,0.0,3
sanet,3817,western_painting__met_359775,0.3778,3
cast,3817,western_painting__met_359775,0.6667,3
stytr2,3817,western_painting__met_383787,0.6667,3
adain,3817,western_painting__met_383787,0.3222,3
sanet,3817,western_painting__met_383787,0.6111,3
cast,3817,western_painting__met_383787,0.6667,3
stytr2,3817,western_painting__met_406721,1.0,3
adain,3817,western_painting__met_406721,0.0,3
sanet,3817,western_painting__met_406721,0.6111,3
cast,3817,western_painting__met_406721,1.0,3
stytr2,3817,western_painting__met_437769,0.5556,3
adain,3817,western_painting__met_437769,0.0,3
sanet,3817,western_painting__met_437769,0.0,3
cast,3817,western_painting__met_437769,0.6667,3
stytr2,3817,western_painting__met_437967,0.6667,3
adain,3817,western_painting__met_437967,0.0,3
sanet,3817,western_painting__met_437967,0.0,3
cast,3817,western_painting__met_437967,0.6667,3
stytr2,3817,western_painting__met_439405,0.6667,3
adain,3817,western_painting__met_439405,0.0,3
sanet,3817,western_painting__met_439405,0.0,3
cast,3817,western_painting__met_439405,0.6667,3
stytr2,3817,western_painting__met_649693,0.5556,3
adain,3817,western_painting__met_649693,0.0,3
sanet,3817,western_painting__met_649693,0.6667,3
cast,3817,western_painting__met_649693,0.6667,3
stytr2,3817,western_painting__met_739494,0.6667,3
adain,3817,western_painting__met_739494,0.0,3
sanet,3817,western_painting__met_739494,0.5556,3
cast,3817,western_painting__met_739494,0.6667,3
stytr2,3817,western_painting__met_787672,0.6667,3
adain,3817,western_painting__met_787672,0.2556,3
sanet,3817,western_painting__met_787672,0.5556,3
cast,3817,western_painting__met_787672,1.0,3
stytr2,3817,western_painting__met_788182,0.6111,3
adain,3817,western_painting__met_788182,0.3222,3
sanet,3817,western_painting__met_788182,0.5556,3
cast,3817,western_painting__met_788182,0.6667,3
stytr2,3878,chinese_landscape__130942,0.5714,1
adain,3878,chinese_landscape__130942,0.0,1
sanet,3878,chinese_landscape__130942,0.0,1
cast,3878,chinese_landscape__130942,0.4286,1
stytr2,3878,chinese_landscape__132834,0.5714,1
adain,3878,chinese_landscape__132834,0.0,1
sanet,3878,chinese_landscape__132834,0.1429,1
cast,3878,chinese_landscape__132834,0.4286,1
stytr2,3878,chinese_landscape__132836,0.4286,1
adain,3878,chinese_landscape__132836,0.0,1
sanet,3878,chinese_landscape__132836,0.0,1
cast,3878,chinese_landscape__132836,0.4286,1
stytr2,3878,chinese_landscape__132840,0.4286,1
adain,3878,chinese_landscape__132840,0.0,1
sanet,3878,chinese_landscape__132840,0.0,1
cast,3878,chinese_landscape__132840,0.0,1
stytr2,3878,chinese_landscape__132930,0.5714,1
adain,3878,chinese_landscape__132930,0.0,1
sanet,3878,chinese_landscape__132930,0.0,1
cast,3878,chinese_landscape__132930,0.0,1
stytr2,3878,chinese_landscape__137205,0.4286,1
adain,3878,chinese_landscape__137205,0.0,1
sanet,3878,chinese_landscape__137205,0.0,1
cast,3878,chinese_landscape__137205,0.4286,1
stytr2,3878,chinese_landscape__142574,0.5714,1
adain,3878,chinese_landscape__142574,0.0,1
sanet,3878,chinese_landscape__142574,0.0,1
cast,3878,chinese_landscape__142574,0.0,1
stytr2,3878,chinese_landscape__142578,0.5714,1
adain,3878,chinese_landscape__142578,0.0,1
sanet,3878,chinese_landscape__142578,0.0,1
cast,3878,chinese_landscape__142578,0.4286,1
stytr2,3878,chinese_landscape__144829,0.5714,1
adain,3878,chinese_landscape__144829,0.0,1
sanet,3878,chinese_landscape__144829,0.0,1
cast,3878,chinese_landscape__144829,0.4286,1
stytr2,3878,chinese_landscape__148342,0.5714,1
adain,3878,chinese_landscape__148342,0.0,1
sanet,3878,chinese_landscape__148342,0.0,1
cast,3878,chinese_landscape__148342,0.4286,1
stytr2,3878,mural__img_1082crop_1_0,0.5714,1
adain,3878,mural__img_1082crop_1_0,0.0,1
sanet,3878,mural__img_1082crop_1_0,0.0,1
cast,3878,mural__img_1082crop_1_0,1.0,1
stytr2,3878,mural__img_1224crop_0_0,0.4286,1
adain,3878,mural__img_1224crop_0_0,0.0,1
sanet,3878,mural__img_1224crop_0_0,0.0,1
cast,3878,mural__img_1224crop_0_0,1.0,1
stytr2,3878,mural__img_1224crop_1_1,0.4286,1
adain,3878,mural__img_1224crop_1_1,0.0,1
sanet,3878,mural__img_1224crop_1_1,0.0,1
cast,3878,mural__img_1224crop_1_1,1.0,1
stytr2,3878,mural__img_16crop_0_0,0.2857,1
adain,3878,mural__img_16crop_0_0,0.0,1
sanet,3878,mural__img_16crop_0_0,0.0,1
cast,3878,mural__img_16crop_0_0,0.2857,1
stytr2,3878,mural__img_276crop_1_0,0.0,1
adain,3878,mural__img_276crop_1_0,0.0,1
sanet,3878,mural__img_276crop_1_0,0.0,1
cast,3878,mural__img_276crop_1_0,0.4286,1
stytr2,3878,mural__img_326crop_1_1,0.4286,1
adain,3878,mural__img_326crop_1_1,0.0,1
sanet,3878,mural__img_326crop_1_1,0.0,1
cast,3878,mural__img_326crop_1_1,0.4286,1
stytr2,3878,mural__img_327crop_0_1,0.5714,1
adain,3878,mural__img_327crop_0_1,0.0,1
sanet,3878,mural__img_327crop_0_1,0.0,1
cast,3878,mural__img_327crop_0_1,1.0,1
stytr2,3878,mural__img_536crop_1_0,0.5714,1
adain,3878,mural__img_536crop_1_0,0.0,1
sanet,3878,mural__img_536crop_1_0,0.0,1
cast,3878,mural__img_536crop_1_0,1.0,1
stytr2,3878,mural__img_593crop_0_0,0.4286,1
adain,3878,mural__img_593crop_0_0,0.0,1
sanet,3878,mural__img_593crop_0_0,0.2857,1
cast,3878,mural__img_593crop_0_0,0.4286,1
stytr2,3878,mural__img_739crop_1_1,0.5714,1
adain,3878,mural__img_739crop_1_1,0.0,1
sanet,3878,mural__img_739crop_1_1,0.0,1
cast,3878,mural__img_739crop_1_1,1.0,1
stytr2,3878,western_painting__met_359775,0.7143,1
adain,3878,western_painting__met_359775,0.0,1
sanet,3878,western_painting__met_359775,0.4286,1
cast,3878,western_painting__met_359775,0.4286,1
stytr2,3878,western_painting__met_383787,0.0,1
adain,3878,western_painting__met_383787,0.0,1
sanet,3878,western_painting__met_383787,0.7143,1
cast,3878,western_painting__met_383787,0.0,1
stytr2,3878,western_painting__met_406721,0.5714,1
adain,3878,western_painting__met_406721,0.0,1
sanet,3878,western_painting__met_406721,0.0,1
cast,3878,western_painting__met_406721,0.5714,1
stytr2,3878,western_painting__met_437769,0.8571,1
adain,3878,western_painting__met_437769,0.0,1
sanet,3878,western_painting__met_437769,0.5714,1
cast,3878,western_painting__met_437769,1.0,1
stytr2,3878,western_painting__met_437967,0.5714,1
adain,3878,western_painting__met_437967,0.0,1
sanet,3878,western_painting__met_437967,0.0,1
cast,3878,western_painting__met_437967,0.5714,1
stytr2,3878,western_painting__met_439405,0.5714,1
adain,3878,western_painting__met_439405,0.0,1
sanet,3878,western_painting__met_439405,0.0,1
cast,3878,western_painting__met_439405,1.0,1
stytr2,3878,western_painting__met_649693,0.0,1
adain,3878,western_painting__met_649693,0.0,1
sanet,3878,western_painting__met_649693,0.0,1
cast,3878,western_painting__met_649693,0.4286,1
stytr2,3878,western_painting__met_739494,0.0,1
adain,3878,western_painting__met_739494,0.0,1
sanet,3878,western_painting__met_739494,0.0,1
cast,3878,western_painting__met_739494,0.5714,1
stytr2,3878,western_painting__met_787672,0.7143,1
adain,3878,western_painting__met_787672,0.0,1
sanet,3878,western_painting__met_787672,0.0,1
cast,3878,western_painting__met_787672,0.5714,1
stytr2,3878,western_painting__met_788182,0.5714,1
adain,3878,western_painting__met_788182,0.0,1
sanet,3878,western_painting__met_788182,0.0,1
cast,3878,western_painting__met_788182,0.4286,1
stytr2,4041,chinese_landscape__130942,0.4256,11
adain,4041,chinese_landscape__130942,0.0,11
sanet,4041,chinese_landscape__130942,0.125,11
cast,4041,chinese_landscape__130942,0.2174,11
stytr2,4041,chinese_landscape__132834,0.309,11
adain,4041,chinese_landscape__132834,0.0,11
sanet,4041,chinese_landscape__132834,0.1515,11
cast,4041,chinese_landscape__132834,0.2159,11
stytr2,4041,chinese_landscape__132836,0.2808,11
adain,4041,chinese_landscape__132836,0.0,11
sanet,4041,chinese_landscape__132836,0.2159,11
cast,4041,chinese_landscape__132836,0.2316,11
stytr2,4041,chinese_landscape__132840,0.2938,11
adain,4041,chinese_landscape__132840,0.0,11
sanet,4041,chinese_landscape__132840,0.1152,11
cast,4041,chinese_landscape__132840,0.2337,11
stytr2,4041,chinese_landscape__132930,0.3106,11
adain,4041,chinese_landscape__132930,0.0,11
sanet,4041,chinese_landscape__132930,0.1856,11
cast,4041,chinese_landscape__132930,0.1693,11
stytr2,4041,chinese_landscape__137205,0.1897,11
adain,4041,chinese_landscape__137205,0.0,11
sanet,4041,chinese_landscape__137205,0.0463,11
cast,4041,chinese_landscape__137205,0.1303,11
stytr2,4041,chinese_landscape__142574,0.3106,11
adain,4041,chinese_landscape__142574,0.0,11
sanet,4041,chinese_landscape__142574,0.1667,11
cast,4041,chinese_landscape__142574,0.1303,11
stytr2,4041,chinese_landscape__142578,0.2619,11
adain,4041,chinese_landscape__142578,0.0,11
sanet,4041,chinese_landscape__142578,0.1667,11
cast,4041,chinese_landscape__142578,0.1545,11
stytr2,4041,chinese_landscape__144829,0.4423,11
adain,4041,chinese_landscape__144829,0.0,11
sanet,4041,chinese_landscape__144829,0.1455,11
cast,4041,chinese_landscape__144829,0.1303,11
stytr2,4041,chinese_landscape__148342,0.283,11
adain,4041,chinese_landscape__148342,0.0,11
sanet,4041,chinese_landscape__148342,0.2159,11
cast,4041,chinese_landscape__148342,0.1303,11
stytr2,4041,mural__img_1082crop_1_0,0.1932,11
adain,4041,mural__img_1082crop_1_0,0.0,11
sanet,4041,mural__img_1082crop_1_0,0.0545,11
cast,4041,mural__img_1082crop_1_0,0.2159,11
stytr2,4041,mural__img_1224crop_0_0,0.1742,11
adain,4041,mural__img_1224crop_0_0,0.0,11
sanet,4041,mural__img_1224crop_0_0,0.0,11
cast,4041,mural__img_1224crop_0_0,0.1795,11
stytr2,4041,mural__img_1224crop_1_1,0.1212,11
adain,4041,mural__img_1224crop_1_1,0.0,11
sanet,4041,mural__img_1224crop_1_1,0.0,11
cast,4041,mural__img_1224crop_1_1,0.1606,11
stytr2,4041,mural__img_16crop_0_0,0.1455,11
adain,4041,mural__img_16crop_0_0,0.0,11
sanet,4041,mural__img_16crop_0_0,0.0545,11
cast,4041,mural__img_16crop_0_0,0.0909,11
stytr2,4041,mural__img_276crop_1_0,0.1515,11
adain,4041,mural__img_276crop_1_0,0.0,11
sanet,4041,mural__img_276crop_1_0,0.0545,11
cast,4041,mural__img_276crop_1_0,0.0667,11
stytr2,4041,mural__img_326crop_1_1,0.1818,11
adain,4041,mural__img_326crop_1_1,0.0,11
sanet,4041,mural__img_326crop_1_1,0.0,11
cast,4041,mural__img_326crop_1_1,0.1515,11
stytr2,4041,mural__img_327crop_0_1,0.1697,11
adain,4041,mural__img_327crop_0_1,0.0,11
sanet,4041,mural__img_327crop_0_1,0.0,11
cast,4041,mural__img_327crop_0_1,0.2159,11
stytr2,4041,mural__img_536crop_1_0,0.1667,11
adain,4041,mural__img_536crop_1_0,0.0,11
sanet,4041,mural__img_536crop_1_0,0.0,11
cast,4041,mural__img_536crop_1_0,0.2289,11
stytr2,4041,mural__img_593crop_0_0,0.2311,11
adain,4041,mural__img_593crop_0_0,0.0,11
sanet,4041,mural__img_593crop_0_0,0.0,11
cast,4041,mural__img_593crop_0_0,0.1667,11
stytr2,4041,mural__img_739crop_1_1,0.1303,11
adain,4041,mural__img_739crop_1_1,0.0,11
sanet,4041,mural__img_739crop_1_1,0.0303,11
cast,4041,mural__img_739crop_1_1,0.2163,11
stytr2,4041,western_painting__met_359775,0.2492,11
adain,4041,western_painting__met_359775,0.0,11
sanet,4041,western_painting__met_359775,0.1152,11
cast,4041,western_painting__met_359775,0.1152,11
stytr2,4041,western_painting__met_383787,0.2159,11
adain,4041,western_painting__met_383787,0.0,11
sanet,4041,western_painting__met_383787,0.0545,11
cast,4041,western_painting__met_383787,0.2159,11
stytr2,4041,western_painting__met_406721,0.2095,11
adain,4041,western_painting__met_406721,0.0,11
sanet,4041,western_painting__met_406721,0.0848,11
cast,4041,western_painting__met_406721,0.197,11
stytr2,4041,western_painting__met_437769,0.1606,11
adain,4041,western_painting__met_437769,0.0,11
sanet,4041,western_painting__met_437769,0.0,11
cast,4041,western_painting__met_437769,0.1644,11
stytr2,4041,western_painting__met_437967,0.1455,11
adain,4041,western_painting__met_437967,0.0,11
sanet,4041,western_painting__met_437967,0.0,11
cast,4041,western_painting__met_437967,0.1795,11
stytr2,4041,western_painting__met_439405,0.1758,11
adain,4041,western_painting__met_439405,0.0,11
sanet,4041,western_painting__met_439405,0.0,11
cast,4041,western_painting__met_439405,0.2679,11
stytr2,4041,western_painting__met_649693,0.309,11
adain,4041,western_painting__met_649693,0.0,11
sanet,4041,western_painting__met_649693,0.1303,11
cast,4041,western_painting__met_649693,0.2159,11
stytr2,4041,western_painting__met_739494,0.2311,11
adain,4041,western_painting__met_739494,0.0,11
sanet,4041,western_painting__met_739494,0.0947,11
cast,4041,western_painting__met_739494,0.2159,11
stytr2,4041,western_painting__met_787672,0.2492,11
adain,4041,western_painting__met_787672,0.0,11
sanet,4041,western_painting__met_787672,0.1744,11
cast,4041,western_painting__met_787672,0.2008,11
stytr2,4041,western_painting__met_788182,0.2,11
adain,4041,western_painting__met_788182,0.0,11
sanet,4041,western_painting__met_788182,0.1515,11
cast,4041,western_painting__met_788182,0.2374,11
stytr2,4243,chinese_landscape__130942,0.4556,5
adain,4243,chinese_landscape__130942,0.2222,5
sanet,4243,chinese_landscape__130942,0.2222,5
cast,4243,chinese_landscape__130942,0.1937,5
stytr2,4243,chinese_landscape__132834,0.3111,5
adain,4243,chinese_landscape__132834,0.2222,5
sanet,4243,chinese_landscape__132834,0.1937,5
cast,4243,chinese_landscape__132834,0.2222,5
stytr2,4243,chinese_landscape__132836,0.4111,5
adain,4243,chinese_landscape__132836,0.2222,5
sanet,4243,chinese_landscape__132836,0.2222,5
cast,4243,chinese_landscape__132836,0.2222,5
stytr2,4243,chinese_landscape__132840,0.4306,5
adain,4243,chinese_landscape__132840,0.1937,5
sanet,4243,chinese_landscape__132840,0.2222,5
cast,4243,chinese_landscape__132840,0.2222,5
stytr2,4243,chinese_landscape__132930,0.4125,5
adain,4243,chinese_landscape__132930,0.1937,5
sanet,4243,chinese_landscape__132930,0.2222,5
cast,4243,chinese_landscape__132930,0.2222,5
stytr2,4243,chinese_landscape__137205,0.2889,5
adain,4243,chinese_landscape__137205,0.0,5
sanet,4243,chinese_landscape__137205,0.2667,5
cast,4243,chinese_landscape__137205,0.2381,5
stytr2,4243,chinese_landscape__142574,0.4333,5
adain,4243,chinese_landscape__142574,0.2222,5
sanet,4243,chinese_landscape__142574,0.2222,5
cast,4243,chinese_landscape__142574,0.2222,5
stytr2,4243,chinese_landscape__142578,0.3333,5
adain,4243,chinese_landscape__142578,0.2222,5
sanet,4243,chinese_landscape__142578,0.2222,5
cast,4243,chinese_landscape__142578,0.2222,5
stytr2,4243,chinese_landscape__144829,0.5444,5
adain,4243,chinese_landscape__144829,0.2222,5
sanet,4243,chinese_landscape__144829,0.1937,5
cast,4243,chinese_landscape__144829,0.2222,5
stytr2,4243,chinese_landscape__148342,0.34,5
adain,4243,chinese_landscape__148342,0.1722,5
sanet,4243,chinese_landscape__148342,0.2222,5
cast,4243,chinese_landscape__148342,0.2562,5
stytr2,4243,mural__img_1082crop_1_0,0.3556,5
adain,4243,mural__img_1082crop_1_0,0.2222,5
sanet,4243,mural__img_1082crop_1_0,0.2222,5
cast,4243,mural__img_1082crop_1_0,0.2667,5
stytr2,4243,mural__img_1224crop_0_0,0.2222,5
adain,4243,mural__img_1224crop_0_0,0.0,5
sanet,4243,mural__img_1224crop_0_0,0.1651,5
cast,4243,mural__img_1224crop_0_0,0.2222,5
stytr2,4243,mural__img_1224crop_1_1,0.2222,5
adain,4243,mural__img_1224crop_1_1,0.1937,5
sanet,4243,mural__img_1224crop_1_1,0.1937,5
cast,4243,mural__img_1224crop_1_1,0.2222,5
stytr2,4243,mural__img_16crop_0_0,0.2667,5
adain,4243,mural__img_16crop_0_0,0.0,5
sanet,4243,mural__img_16crop_0_0,0.2222,5
cast,4243,mural__img_16crop_0_0,0.2222,5
stytr2,4243,mural__img_276crop_1_0,0.2222,5
adain,4243,mural__img_276crop_1_0,0.0,5
sanet,4243,mural__img_276crop_1_0,0.1937,5
cast,4243,mural__img_276crop_1_0,0.1937,5
stytr2,4243,mural__img_326crop_1_1,0.3556,5
adain,4243,mural__img_326crop_1_1,0.0,5
sanet,4243,mural__img_326crop_1_1,0.1651,5
cast,4243,mural__img_326crop_1_1,0.2222,5
stytr2,4243,mural__img_327crop_0_1,0.3778,5
adain,4243,mural__img_327crop_0_1,0.2222,5
sanet,4243,mural__img_327crop_0_1,0.2222,5
cast,4243,mural__img_327crop_0_1,0.2889,5
stytr2,4243,mural__img_536crop_1_0,0.3903,5
adain,4243,mural__img_536crop_1_0,0.0375,5
sanet,4243,mural__img_536crop_1_0,0.2222,5
cast,4243,mural__img_536crop_1_0,0.2222,5
stytr2,4243,mural__img_593crop_0_0,0.2889,5
adain,4243,mural__img_593crop_0_0,0.1937,5
sanet,4243,mural__img_593crop_0_0,0.2222,5
cast,4243,mural__img_593crop_0_0,0.2222,5
stytr2,4243,mural__img_739crop_1_1,0.2222,5
adain,4243,mural__img_739crop_1_1,0.1651,5
sanet,4243,mural__img_739crop_1_1,0.1937,5
cast,4243,mural__img_739crop_1_1,0.2889,5
stytr2,4243,western_painting__met_359775,0.2667,5
adain,4243,western_painting__met_359775,0.1651,5
sanet,4243,western_painting__met_359775,0.2222,5
cast,4243,western_painting__met_359775,0.2222,5
stytr2,4243,western_painting__met_383787,0.2222,5
adain,4243,western_painting__met_383787,0.1937,5
sanet,4243,western_painting__met_383787,0.2222,5
cast,4243,western_painting__met_383787,0.2667,5
stytr2,4243,western_painting__met_406721,0.3111,5
adain,4243,western_painting__met_406721,0.1365,5
sanet,4243,western_painting__met_406721,0.2667,5
cast,4243,western_painting__met_406721,0.2222,5
stytr2,4243,western_painting__met_437769,0.3111,5
adain,4243,western_painting__met_437769,0.1937,5
sanet,4243,western_painting__met_437769,0.2222,5
cast,4243,western_painting__met_437769,0.2222,5
stytr2,4243,western_painting__met_437967,0.3333,5
adain,4243,western_painting__met_437967,0.1651,5
sanet,4243,western_painting__met_437967,0.2222,5
cast,4243,western_painting__met_437967,0.2222,5
stytr2,4243,western_painting__met_439405,0.3778,5
adain,4243,western_painting__met_439405,0.1079,5
sanet,4243,western_painting__met_439405,0.0,5
cast,4243,western_painting__met_439405,0.1937,5
stytr2,4243,western_painting__met_649693,0.2222,5
adain,4243,western_painting__met_649693,0.1937,5
sanet,4243,western_painting__met_649693,0.2222,5
cast,4243,western_painting__met_649693,0.2222,5
stytr2,4243,western_painting__met_739494,0.2222,5
adain,4243,western_painting__met_739494,0.1937,5
sanet,4243,western_painting__met_739494,0.2222,5
cast,4243,western_painting__met_739494,0.2222,5
stytr2,4243,western_painting__met_787672,0.2222,5
adain,4243,western_painting__met_787672,0.2222,5
sanet,4243,western_painting__met_787672,0.2222,5
cast,4243,western_painting__met_787672,0.2889,5
stytr2,4243,western_painting__met_788182,0.2222,5
adain,4243,western_painting__met_788182,0.1937,5
sanet,4243,western_painting__met_788182,0.2222,5
cast,4243,western_painting__met_788182,0.2222,5
stytr2,4286,chinese_landscape__130942,0.5492,17
adain,4286,chinese_landscape__130942,0.0,17
sanet,4286,chinese_landscape__130942,0.0368,17
cast,4286,chinese_landscape__130942,0.1504,17
stytr2,4286,chinese_landscape__132834,0.2715,17
adain,4286,chinese_landscape__132834,0.0115,17
sanet,4286,chinese_landscape__132834,0.0819,17
cast,4286,chinese_landscape__132834,0.0441,17
stytr2,4286,chinese_landscape__132836,0.4216,17
adain,4286,chinese_landscape__132836,0.0,17
sanet,4286,chinese_landscape__132836,0.0319,17
cast,4286,chinese_landscape__132836,0.0452,17
stytr2,4286,chinese_landscape__132840,0.2342,17
adain,4286,chinese_landscape__132840,0.0,17
sanet,4286,chinese_landscape__132840,0.0,17
cast,4286,chinese_landscape__132840,0.0,17
stytr2,4286,chinese_landscape__132930,0.4436,17
adain,4286,chinese_landscape__132930,0.0,17
sanet,4286,chinese_landscape__132930,0.0,17
cast,4286,chinese_landscape__132930,0.0667,17
stytr2,4286,chinese_landscape__137205,0.1298,17
adain,4286,chinese_landscape__137205,0.0,17
sanet,4286,chinese_landscape__137205,0.0,17
cast,4286,chinese_landscape__137205,0.0412,17
stytr2,4286,chinese_landscape__142574,0.4468,17
adain,4286,chinese_landscape__142574,0.0,17
sanet,4286,chinese_landscape__142574,0.0147,17
cast,4286,chinese_landscape__142574,0.0429,17
stytr2,4286,chinese_landscape__142578,0.2846,17
adain,4286,chinese_landscape__142578,0.0,17
sanet,4286,chinese_landscape__142578,0.0,17
cast,4286,chinese_landscape__142578,0.1632,17
stytr2,4286,chinese_landscape__144829,0.4463,17
adain,4286,chinese_landscape__144829,0.0,17
sanet,4286,chinese_landscape__144829,0.0,17
cast,4286,chinese_landscape__144829,0.1541,17
stytr2,4286,chinese_landscape__148342,0.2631,17
adain,4286,chinese_landscape__148342,0.0,17
sanet,4286,chinese_landscape__148342,0.0,17
cast,4286,chinese_landscape__148342,0.1457,17
stytr2,4286,mural__img_1082crop_1_0,0.1429,17
adain,4286,mural__img_1082crop_1_0,0.0,17
sanet,4286,mural__img_1082crop_1_0,0.0368,17
cast,4286,mural__img_1082crop_1_0,0.1608,17
stytr2,4286,mural__img_1224crop_0_0,0.0,17
adain,4286,mural__img_1224crop_0_0,0.0,17
sanet,4286,mural__img_1224crop_0_0,0.0,17
cast,4286,mural__img_1224crop_0_0,0.1219,17
stytr2,4286,mural__img_1224crop_1_1,0.0,17
adain,4286,mural__img_1224crop_1_1,0.0,17
sanet,4286,mural__img_1224crop_1_1,0.0,17
cast,4286,mural__img_1224crop_1_1,0.147,17
stytr2,4286,mural__img_16crop_0_0,0.0,17
adain,4286,mural__img_16crop_0_0,0.0,17
sanet,4286,mural__img_16crop_0_0,0.0,17
cast,4286,mural__img_16crop_0_0,0.027,17
stytr2,4286,mural__img_276crop_1_0,0.0,17
adain,4286,mural__img_276crop_1_0,0.0,17
sanet,4286,mural__img_276crop_1_0,0.0,17
cast,4286,mural__img_276crop_1_0,0.0645,17
stytr2,4286,mural__img_326crop_1_1,0.0,17
adain,4286,mural__img_326crop_1_1,0.0,17
sanet,4286,mural__img_326crop_1_1,0.0,17
cast,4286,mural__img_326crop_1_1,0.0,17
stytr2,4286,mural__img_327crop_0_1,0.1496,17
adain,4286,mural__img_327crop_0_1,0.0,17
sanet,4286,mural__img_327crop_0_1,0.0606,17
cast,4286,mural__img_327crop_0_1,0.144,17
stytr2,4286,mural__img_536crop_1_0,0.1355,17
adain,4286,mural__img_536crop_1_0,0.0,17
sanet,4286,mural__img_536crop_1_0,0.0,17
cast,4286,mural__img_536crop_1_0,0.1295,17
stytr2,4286,mural__img_593crop_0_0,0.0,17
adain,4286,mural__img_593crop_0_0,0.0,17
sanet,4286,mural__img_593crop_0_0,0.0,17
cast,4286,mural__img_593crop_0_0,0.1376,17
stytr2,4286,mural__img_739crop_1_1,0.0,17
adain,4286,mural__img_739crop_1_1,0.0,17
sanet,4286,mural__img_739crop_1_1,0.0,17
cast,4286,mural__img_739crop_1_1,0.1627,17
stytr2,4286,western_painting__met_359775,0.0686,17
adain,4286,western_painting__met_359775,0.0,17
sanet,4286,western_painting__met_359775,0.0368,17
cast,4286,western_painting__met_359775,0.1244,17
stytr2,4286,western_painting__met_383787,0.0515,17
adain,4286,western_painting__met_383787,0.0,17
sanet,4286,western_painting__met_383787,0.0,17
cast,4286,western_painting__met_383787,0.1756,17
stytr2,4286,western_painting__met_406721,0.087,17
adain,4286,western_painting__met_406721,0.0,17
sanet,4286,western_painting__met_406721,0.0221,17
cast,4286,western_painting__met_406721,0.0412,17
stytr2,4286,western_painting__met_437769,0.0294,17
adain,4286,western_painting__met_437769,0.0,17
sanet,4286,western_painting__met_437769,0.0,17
cast,4286,western_painting__met_437769,0.131,17
stytr2,4286,western_painting__met_437967,0.1657,17
adain,4286,western_painting__met_437967,0.0,17
sanet,4286,western_painting__met_437967,0.0,17
cast,4286,western_painting__met_437967,0.117,17
stytr2,4286,western_painting__met_439405,0.2086,17
adain,4286,western_painting__met_439405,0.0,17
sanet,4286,western_painting__met_439405,0.0,17
cast,4286,western_painting__met_439405,0.2492,17
stytr2,4286,western_painting__met_649693,0.0,17
adain,4286,western_painting__met_649693,0.0,17
sanet,4286,western_painting__met_649693,0.0,17
cast,4286,western_painting__met_649693,0.1939,17
stytr2,4286,western_painting__met_739494,0.0441,17
adain,4286,western_painting__met_739494,0.0,17
sanet,4286,western_painting__met_739494,0.0,17
cast,4286,western_painting__met_739494,0.2271,17
stytr2,4286,western_painting__met_787672,0.2019,17
adain,4286,western_painting__met_787672,0.0,17
sanet,4286,western_painting__met_787672,0.0,17
cast,4286,western_painting__met_787672,0.0996,17
stytr2,4286,western_painting__met_788182,0.076,17
adain,4286,western_painting__met_788182,0.0,17
sanet,4286,western_painting__met_788182,0.0441,17
cast,4286,western_painting__met_788182,0.0614,17
stytr2,4341,chinese_landscape__130942,0.7429,7
adain,4341,chinese_landscape__130942,0.0,7
sanet,4341,chinese_landscape__130942,0.2714,7
cast,4341,chinese_landscape__130942,0.56,7
stytr2,4341,chinese_landscape__132834,0.6671,7
adain,4341,chinese_landscape__132834,0.0,7
sanet,4341,chinese_landscape__132834,0.2452,7
cast,4341,chinese_landscape__132834,0.505,7
stytr2,4341,chinese_landscape__132836,0.6719,7
adain,4341,chinese_landscape__132836,0.0,7
sanet,4341,chinese_landscape__132836,0.2107,7
cast,4341,chinese_landscape__132836,0.5694,7
stytr2,4341,chinese_landscape__132840,0.6473,7
adain,4341,chinese_landscape__132840,0.0,7
sanet,4341,chinese_landscape__132840,0.1679,7
cast,4341,chinese_landscape__132840,0.5405,7
stytr2,4341,chinese_landscape__132930,0.6147,7
adain,4341,chinese_landscape__132930,0.0,7
sanet,4341,chinese_landscape__132930,0.2635,7
cast,4341,chinese_landscape__132930,0.356,7
stytr2,4341,chinese_landscape__137205,0.6048,7
adain,4341,chinese_landscape__137205,0.0,7
sanet,4341,chinese_landscape__137205,0.1786,7
cast,4341,chinese_landscape__137205,0.4595,7
stytr2,4341,chinese_landscape__142574,0.6208,7
adain,4341,chinese_landscape__142574,0.0,7
sanet,4341,chinese_landscape__142574,0.1643,7
cast,4341,chinese_landscape__142574,0.3381,7
stytr2,4341,chinese_landscape__142578,0.5697,7
adain,4341,chinese_landscape__142578,0.0,7
sanet,4341,chinese_landscape__142578,0.1679,7
cast,4341,chinese_landscape__142578,0.4286,7
stytr2,4341,chinese_landscape__144829,0.631,7
adain,4341,chinese_landscape__144829,0.0893,7
sanet,4341,chinese_landscape__144829,0.2183,7
cast,4341,chinese_landscape__144829,0.498,7
stytr2,4341,chinese_landscape__148342,0.6418,7
adain,4341,chinese_landscape__148342,0.0,7
sanet,4341,chinese_landscape__148342,0.1893,7
cast,4341,chinese_landscape__148342,0.4726,7
stytr2,4341,mural__img_1082crop_1_0,0.573,7
adain,4341,mural__img_1082crop_1_0,0.0,7
sanet,4341,mural__img_1082crop_1_0,0.0714,7
cast,4341,mural__img_1082crop_1_0,0.5421,7
stytr2,4341,mural__img_1224crop_0_0,0.2107,7
adain,4341,mural__img_1224crop_0_0,0.0,7
sanet,4341,mural__img_1224crop_0_0,0.0,7
cast,4341,mural__img_1224crop_0_0,0.3702,7
stytr2,4341,mural__img_1224crop_1_1,0.2393,7
adain,4341,mural__img_1224crop_1_1,0.0,7
sanet,4341,mural__img_1224crop_1_1,0.0714,7
cast,4341,mural__img_1224crop_1_1,0.5223,7
stytr2,4341,mural__img_16crop_0_0,0.1571,7
adain,4341,mural__img_16crop_0_0,0.0,7
sanet,4341,mural__img_16crop_0_0,0.0,7
cast,4341,mural__img_16crop_0_0,0.2048,7
stytr2,4341,mural__img_276crop_1_0,0.125,7
adain,4341,mural__img_276crop_1_0,0.0,7
sanet,4341,mural__img_276crop_1_0,0.0,7
cast,4341,mural__img_276crop_1_0,0.0571,7
stytr2,4341,mural__img_326crop_1_1,0.2552,7
adain,4341,mural__img_326crop_1_1,0.0,7
sanet,4341,mural__img_326crop_1_1,0.0,7
cast,4341,mural__img_326crop_1_1,0.2758,7
stytr2,4341,mural__img_327crop_0_1,0.4143,7
adain,4341,mural__img_327crop_0_1,0.0,7
sanet,4341,mural__img_327crop_0_1,0.1214,7
cast,4341,mural__img_327crop_0_1,0.5219,7
stytr2,4341,mural__img_536crop_1_0,0.325,7
adain,4341,mural__img_536crop_1_0,0.0,7
sanet,4341,mural__img_536crop_1_0,0.125,7
cast,4341,mural__img_536crop_1_0,0.4786,7
stytr2,4341,mural__img_593crop_0_0,0.3964,7
adain,4341,mural__img_593crop_0_0,0.0,7
sanet,4341,mural__img_593crop_0_0,0.1786,7
cast,4341,mural__img_593crop_0_0,0.3639,7
stytr2,4341,mural__img_739crop_1_1,0.2548,7
adain,4341,mural__img_739crop_1_1,0.0,7
sanet,4341,mural__img_739crop_1_1,0.0357,7
cast,4341,mural__img_739crop_1_1,0.4452,7
stytr2,4341,western_painting__met_359775,0.3274,7
adain,4341,western_painting__met_359775,0.0,7
sanet,4341,western_painting__met_359775,0.0893,7
cast,4341,western_painting__met_359775,0.3873,7
stytr2,4341,western_painting__met_383787,0.1429,7
adain,4341,western_painting__met_383787,0.0,7
sanet,4341,western_painting__met_383787,0.125,7
cast,4341,western_painting__met_383787,0.3738,7
stytr2,4341,western_painting__met_406721,0.4603,7
adain,4341,western_painting__met_406721,0.0,7
sanet,4341,western_painting__met_406721,0.2563,7
cast,4341,western_painting__met_406721,0.431,7
stytr2,4341,western_painting__met_437769,0.398,7
adain,4341,western_painting__met_437769,0.0,7
sanet,4341,western_painting__met_437769,0.0,7
cast,4341,western_painting__met_437769,0.2631,7
stytr2,4341,western_painting__met_437967,0.3393,7
adain,4341,western_painting__met_437967,0.0,7
sanet,4341,western_painting__met_437967,0.0714,7
cast,4341,western_painting__met_437967,0.148,7
stytr2,4341,western_painting__met_439405,0.1929,7
adain,4341,western_painting__met_439405,0.0,7
sanet,4341,western_painting__met_439405,0.0,7
cast,4341,western_painting__met_439405,0.4517,7
stytr2,4341,western_painting__met_649693,0.3933,7
adain,4341,western_painting__met_649693,0.0,7
sanet,4341,western_painting__met_649693,0.125,7
cast,4341,western_painting__met_649693,0.3595,7
stytr2,4341,western_painting__met_739494,0.3776,7
adain,4341,western_painting__met_739494,0.0,7
sanet,4341,western_painting__met_739494,0.1071,7
cast,4341,western_painting__met_739494,0.4469,7
stytr2,4341,western_painting__met_787672,0.481,7
adain,4341,western_painting__met_787672,0.1071,7
sanet,4341,western_painting__met_787672,0.2107,7
cast,4341,western_painting__met_787672,0.3595,7
stytr2,4341,western_painting__met_788182,0.2718,7
adain,4341,western_painting__met_788182,0.0,7
sanet,4341,western_painting__met_788182,0.125,7
cast,4341,western_painting__met_788182,0.3417,7
stytr2,4396,chinese_landscape__130942,0.51,5
adain,4396,chinese_landscape__130942,0.25,5
sanet,4396,chinese_landscape__130942,0.49,5
cast,4396,chinese_landscape__130942,0.55,5
stytr2,4396,chinese_landscape__132834,0.54,5
adain,4396,chinese_landscape__132834,0.15,5
sanet,4396,chinese_landscape__132834,0.58,5
cast,4396,chinese_landscape__132834,0.51,5
stytr2,4396,chinese_landscape__132836,0.56,5
adain,4396,chinese_landscape__132836,0.15,5
sanet,4396,chinese_landscape__132836,0.54,5
cast,4396,chinese_landscape__132836,0.51,5
stytr2,4396,chinese_landscape__132840,0.58,5
adain,4396,chinese_landscape__132840,0.2,5
sanet,4396,chinese_landscape__132840,0.56,5
cast,4396,chinese_landscape__132840,0.47,5
stytr2,4396,chinese_landscape__132930,0.56,5
adain,4396,chinese_landscape__132930,0.15,5
sanet,4396,chinese_landscape__132930,0.49,5
cast,4396,chinese_landscape__132930,0.55,5
stytr2,4396,chinese_landscape__137205,0.51,5
adain,4396,chinese_landscape__137205,0.1,5
sanet,4396,chinese_landscape__137205,0.43,5
cast,4396,chinese_landscape__137205,0.56,5
stytr2,4396,chinese_landscape__142574,0.51,5
adain,4396,chinese_landscape__142574,0.15,5
sanet,4396,chinese_landscape__142574,0.47,5
cast,4396,chinese_landscape__142574,0.55,5
stytr2,4396,chinese_landscape__142578,0.56,5
adain,4396,chinese_landscape__142578,0.15,5
sanet,4396,chinese_landscape__142578,0.51,5
cast,4396,chinese_landscape__142578,0.55,5
stytr2,4396,chinese_landscape__144829,0.56,5
adain,4396,chinese_landscape__144829,0.15,5
sanet,4396,chinese_landscape__144829,0.49,5
cast,4396,chinese_landscape__144829,0.55,5
stytr2,4396,chinese_landscape__148342,0.51,5
adain,4396,chinese_landscape__148342,0.2,5
sanet,4396,chinese_landscape__148342,0.54,5
cast,4396,chinese_landscape__148342,0.51,5
stytr2,4396,mural__img_1082crop_1_0,0.49,5
adain,4396,mural__img_1082crop_1_0,0.15,5
sanet,4396,mural__img_1082crop_1_0,0.32,5
cast,4396,mural__img_1082crop_1_0,0.51,5
stytr2,4396,mural__img_1224crop_0_0,0.49,5
adain,4396,mural__img_1224crop_0_0,0.0,5
sanet,4396,mural__img_1224crop_0_0,0.36,5
cast,4396,mural__img_1224crop_0_0,0.51,5
stytr2,4396,mural__img_1224crop_1_1,0.39,5
adain,4396,mural__img_1224crop_1_1,0.0,5
sanet,4396,mural__img_1224crop_1_1,0.31,5
cast,4396,mural__img_1224crop_1_1,0.55,5
stytr2,4396,mural__img_16crop_0_0,0.31,5
adain,4396,mural__img_16crop_0_0,0.0,5
sanet,4396,mural__img_16crop_0_0,0.33,5
cast,4396,mural__img_16crop_0_0,0.47,5
stytr2,4396,mural__img_276crop_1_0,0.31,5
adain,4396,mural__img_276crop_1_0,0.0,5
sanet,4396,mural__img_276crop_1_0,0.34,5
cast,4396,mural__img_276crop_1_0,0.51,5
stytr2,4396,mural__img_326crop_1_1,0.47,5
adain,4396,mural__img_326crop_1_1,0.1,5
sanet,4396,mural__img_326crop_1_1,0.23,5
cast,4396,mural__img_326crop_1_1,0.49,5
stytr2,4396,mural__img_327crop_0_1,0.51,5
adain,4396,mural__img_327crop_0_1,0.1,5
sanet,4396,mural__img_327crop_0_1,0.39,5
cast,4396,mural__img_327crop_0_1,0.51,5
stytr2,4396,mural__img_536crop_1_0,0.51,5
adain,4396,mural__img_536crop_1_0,0.1,5
sanet,4396,mural__img_536crop_1_0,0.43,5
cast,4396,mural__img_536crop_1_0,0.51,5
stytr2,4396,mural__img_593crop_0_0,0.47,5
adain,4396,mural__img_593crop_0_0,0.15,5
sanet,4396,mural__img_593crop_0_0,0.39,5
cast,4396,mural__img_593crop_0_0,0.51,5
stytr2,4396,mural__img_739crop_1_1,0.41,5
adain,4396,mural__img_739crop_1_1,0.1,5
sanet,4396,mural__img_739crop_1_1,0.24,5
cast,4396,mural__img_739crop_1_1,0.4918,5
stytr2,4396,western_painting__met_359775,0.47,5
adain,4396,western_painting__met_359775,0.2,5
sanet,4396,western_painting__met_359775,0.47,5
cast,4396,western_painting__met_359775,0.51,5
stytr2,4396,western_painting__met_383787,0.56,5
adain,4396,western_painting__met_383787,0.2,5
sanet,4396,western_painting__met_383787,0.43,5
cast,4396,western_painting__met_383787,0.51,5
stytr2,4396,western_painting__met_406721,0.49,5
adain,4396,western_painting__met_406721,0.1,5
sanet,4396,western_painting__met_406721,0.52,5
cast,4396,western_painting__met_406721,0.36,5
stytr2,4396,western_painting__met_437769,0.35,5
adain,4396,western_painting__met_437769,0.21,5
sanet,4396,western_painting__met_437769,0.47,5
cast,4396,western_painting__met_437769,0.45,5
stytr2,4396,western_painting__met_437967,0.35,5
adain,4396,western_painting__met_437967,0.17,5
sanet,4396,western_painting__met_437967,0.29,5
cast,4396,western_painting__met_437967,0.51,5
stytr2,4396,western_painting__met_439405,0.31,5
adain,4396,western_painting__met_439405,0.0,5
sanet,4396,western_painting__met_439405,0.25,5
cast,4396,western_painting__met_439405,0.51,5
stytr2,4396,western_painting__met_649693,0.2955,5
adain,4396,western_painting__met_649693,0.15,5
sanet,4396,western_painting__met_649693,0.4,5
cast,4396,western_painting__met_649693,0.51,5
stytr2,4396,western_painting__met_739494,0.38,5
adain,4396,western_painting__met_739494,0.15,5
sanet,4396,western_painting__met_739494,0.31,5
cast,4396,western_painting__met_739494,0.55,5
stytr2,4396,western_painting__met_787672,0.41,5
adain,4396,western_painting__met_787672,0.21,5
sanet,4396,western_painting__met_787672,0.43,5
cast,4396,western_painting__met_787672,0.51,5
stytr2,4396,western_painting__met_788182,0.33,5
adain,4396,western_painting__met_788182,0.19,5
sanet,4396,western_painting__met_788182,0.29,5
cast,4396,western_painting__met_788182,0.51,5
stytr2,4679,chinese_landscape__130942,0.5333,5
adain,4679,chinese_landscape__130942,0.0,5
sanet,4679,chinese_landscape__130942,0.5317,5
cast,4679,chinese_landscape__130942,0.5726,5
stytr2,4679,chinese_landscape__132834,0.5333,5
adain,4679,chinese_landscape__132834,0.1111,5
sanet,4679,chinese_landscape__132834,0.1778,5
cast,4679,chinese_landscape__132834,0.6583,5
stytr2,4679,chinese_landscape__132836,0.5333,5
adain,4679,chinese_landscape__132836,0.0,5
sanet,4679,chinese_landscape__132836,0.4,5
cast,4679,chinese_landscape__132836,0.4762,5
stytr2,4679,chinese_landscape__132840,0.5333,5
adain,4679,chinese_landscape__132840,0.0,5
sanet,4679,chinese_landscape__132840,0.327,5
cast,4679,chinese_landscape__132840,0.6381,5
stytr2,4679,chinese_landscape__132930,0.5333,5
adain,4679,chinese_landscape__132930,0.0,5
sanet,4679,chinese_landscape__132930,0.3778,5
cast,4679,chinese_landscape__132930,0.4254,5
stytr2,4679,chinese_landscape__137205,0.5333,5
adain,4679,chinese_landscape__137205,0.0,5
sanet,4679,chinese_landscape__137205,0.2698,5
cast,4679,chinese_landscape__137205,0.5726,5
stytr2,4679,chinese_landscape__142574,0.6167,5
adain,4679,chinese_landscape__142574,0.0,5
sanet,4679,chinese_landscape__142574,0.2921,5
cast,4679,chinese_landscape__142574,0.4254,5
stytr2,4679,chinese_landscape__142578,0.5833,5
adain,4679,chinese_landscape__142578,0.0,5
sanet,4679,chinese_landscape__142578,0.5583,5
cast,4679,chinese_landscape__142578,0.4476,5
stytr2,4679,chinese_landscape__144829,0.6583,5
adain,4679,chinese_landscape__144829,0.0889,5
sanet,4679,chinese_landscape__144829,0.4492,5
cast,4679,chinese_landscape__144829,0.5048,5
stytr2,4679,chinese_landscape__148342,0.5,5
adain,4679,chinese_landscape__148342,0.0,5
sanet,4679,chinese_landscape__148342,0.3206,5
cast,4679,chinese_landscape__148342,0.454,5
stytr2,4679,mural__img_1082crop_1_0,0.5333,5
adain,4679,mural__img_1082crop_1_0,0.0889,5
sanet,4679,mural__img_1082crop_1_0,0.1556,5
cast,4679,mural__img_1082crop_1_0,0.3714,5
stytr2,4679,mural__img_1224crop_0_0,0.5,5
adain,4679,mural__img_1224crop_0_0,0.0,5
sanet,4679,mural__img_1224crop_0_0,0.2603,5
cast,4679,mural__img_1224crop_0_0,0.5048,5
stytr2,4679,mural__img_1224crop_1_1,0.5,5
adain,4679,mural__img_1224crop_1_1,0.0,5
sanet,4679,mural__img_1224crop_1_1,0.2825,5
cast,4679,mural__img_1224crop_1_1,0.5048,5
stytr2,4679,mural__img_16crop_0_0,0.3778,5
adain,4679,mural__img_16crop_0_0,0.0,5
sanet,4679,mural__img_16crop_0_0,0.3492,5
cast,4679,mural__img_16crop_0_0,0.3714,5
stytr2,4679,mural__img_276crop_1_0,0.3206,5
adain,4679,mural__img_276crop_1_0,0.0,5
sanet,4679,mural__img_276crop_1_0,0.3492,5
cast,4679,mural__img_276crop_1_0,0.325,5
stytr2,4679,mural__img_326crop_1_1,0.5333,5
adain,4679,mural__img_326crop_1_1,0.0,5
sanet,4679,mural__img_326crop_1_1,0.254,5
cast,4679,mural__img_326crop_1_1,0.4,5
stytr2,4679,mural__img_327crop_0_1,0.5333,5
adain,4679,mural__img_327crop_0_1,0.0857,5
sanet,4679,mural__img_327crop_0_1,0.2984,5
cast,4679,mural__img_327crop_0_1,0.6381,5
stytr2,4679,mural__img_536crop_1_0,0.5333,5
adain,4679,mural__img_536crop_1_0,0.0,5
sanet,4679,mural__img_536crop_1_0,0.2127,5
cast,4679,mural__img_536crop_1_0,0.5048,5
stytr2,4679,mural__img_593crop_0_0,0.5333,5
adain,4679,mural__img_593crop_0_0,0.0,5
sanet,4679,mural__img_593crop_0_0,0.3206,5
cast,4679,mural__img_593crop_0_0,0.5798,5
stytr2,4679,mural__img_739crop_1_1,0.5133,5
adain,4679,mural__img_739crop_1_1,0.0,5
sanet,4679,mural__img_739crop_1_1,0.3556,5
cast,4679,mural__img_739crop_1_1,0.4317,5
stytr2,4679,western_painting__met_359775,0.3714,5
adain,4679,western_painting__met_359775,0.0,5
sanet,4679,western_painting__met_359775,0.3984,5
cast,4679,western_painting__met_359775,0.5111,5
stytr2,4679,western_painting__met_383787,0.2,5
adain,4679,western_painting__met_383787,0.0,5
sanet,4679,western_painting__met_383787,0.2698,5
cast,4679,western_painting__met_383787,0.4762,5
stytr2,4679,western_painting__met_406721,0.5333,5
adain,4679,western_painting__met_406721,0.0,5
sanet,4679,western_painting__met_406721,0.402,5
cast,4679,western_painting__met_406721,0.5333,5
stytr2,4679,western_painting__met_437769,0.5333,5
adain,4679,western_painting__met_437769,0.0,5
sanet,4679,western_painting__met_437769,0.427,5
cast,4679,western_painting__met_437769,0.5048,5
stytr2,4679,western_painting__met_437967,0.5333,5
adain,4679,western_painting__met_437967,0.0,5
sanet,4679,western_painting__met_437967,0.3706,5
cast,4679,western_painting__met_437967,0.4476,5
stytr2,4679,western_painting__met_439405,0.454,5
adain,4679,western_painting__met_439405,0.0,5
sanet,4679,western_painting__met_439405,0.0,5
cast,4679,western_painting__met_439405,0.4762,5
stytr2,4679,western_painting__met_649693,0.1556,5
adain,4679,western_painting__met_649693,0.0,5
sanet,4679,western_painting__met_649693,0.1333,5
cast,4679,western_painting__met_649693,0.6262,5
stytr2,4679,western_painting__met_739494,0.2778,5
adain,4679,western_painting__met_739494,0.0,5
sanet,4679,western_painting__met_739494,0.2333,5
cast,4679,western_painting__met_739494,0.5333,5
stytr2,4679,western_painting__met_787672,0.5048,5
adain,4679,western_painting__met_787672,0.0,5
sanet,4679,western_painting__met_787672,0.3492,5
cast,4679,western_painting__met_787672,0.5333,5
stytr2,4679,western_painting__met_788182,0.3333,5
adain,4679,western_painting__met_788182,0.0889,5
sanet,4679,western_painting__met_788182,0.1556,5
cast,4679,western_painting__met_788182,0.5976,5
stytr2,4749,chinese_landscape__130942,0.2325,19
adain,4749,chinese_landscape__130942,0.0,19
sanet,4749,chinese_landscape__130942,0.1927,19
cast,4749,chinese_landscape__130942,0.1126,19
stytr2,4749,chinese_landscape__132834,0.2278,19
adain,4749,chinese_landscape__132834,0.0395,19
sanet,4749,chinese_landscape__132834,0.1974,19
cast,4749,chinese_landscape__132834,0.1126,19
stytr2,4749,chinese_landscape__132836,0.1974,19
adain,4749,chinese_landscape__132836,0.0,19
sanet,4749,chinese_landscape__132836,0.1927,19
cast,4749,chinese_landscape__132836,0.1126,19
stytr2,4749,chinese_landscape__132840,0.1927,19
adain,4749,chinese_landscape__132840,0.0263,19
sanet,4749,chinese_landscape__132840,0.2087,19
cast,4749,chinese_landscape__132840,0.2054,19
stytr2,4749,chinese_landscape__132930,0.2614,19
adain,4749,chinese_landscape__132930,0.0,19
sanet,4749,chinese_landscape__132930,0.1974,19
cast,4749,chinese_landscape__132930,0.1009,19
stytr2,4749,chinese_landscape__137205,0.0658,19
adain,4749,chinese_landscape__137205,0.0,19
sanet,4749,chinese_landscape__137205,0.1645,19
cast,4749,chinese_landscape__137205,0.1053,19
stytr2,4749,chinese_landscape__142574,0.2383,19
adain,4749,chinese_landscape__142574,0.0,19
sanet,4749,chinese_landscape__142574,0.1501,19
cast,4749,chinese_landscape__142574,0.2266,19
stytr2,4749,chinese_landscape__142578,0.1974,19
adain,4749,chinese_landscape__142578,0.0,19
sanet,4749,chinese_landscape__142578,0.1974,19
cast,4749,chinese_landscape__142578,0.1991,19
stytr2,4749,chinese_landscape__144829,0.2734,19
adain,4749,chinese_landscape__144829,0.0263,19
sanet,4749,chinese_landscape__144829,0.1974,19
cast,4749,chinese_landscape__144829,0.1133,19
stytr2,4749,chinese_landscape__148342,0.1974,19
adain,4749,chinese_landscape__148342,0.0197,19
sanet,4749,chinese_landscape__148342,0.1927,19
cast,4749,chinese_landscape__148342,0.0938,19
stytr2,4749,mural__img_1082crop_1_0,0.1974,19
adain,4749,mural__img_1082crop_1_0,0.1927,19
sanet,4749,mural__img_1082crop_1_0,0.0658,19
cast,4749,mural__img_1082crop_1_0,0.2383,19
stytr2,4749,mural__img_1224crop_0_0,0.1588,19
adain,4749,mural__img_1224crop_0_0,0.0,19
sanet,4749,mural__img_1224crop_0_0,0.0658,19
cast,4749,mural__img_1224crop_0_0,0.1842,19
stytr2,4749,mural__img_1224crop_1_1,0.0536,19
adain,4749,mural__img_1224crop_1_1,0.0351,19
sanet,4749,mural__img_1224crop_1_1,0.0545,19
cast,4749,mural__img_1224crop_1_1,0.0526,19
stytr2,4749,mural__img_16crop_0_0,0.1908,19
adain,4749,mural__img_16crop_0_0,0.0,19
sanet,4749,mural__img_16crop_0_0,0.0592,19
cast,4749,mural__img_16crop_0_0,0.1316,19
stytr2,4749,mural__img_276crop_1_0,0.1693,19
adain,4749,mural__img_276crop_1_0,0.0,19
sanet,4749,mural__img_276crop_1_0,0.047,19
cast,4749,mural__img_276crop_1_0,0.1316,19
stytr2,4749,mural__img_326crop_1_1,0.1974,19
adain,4749,mural__img_326crop_1_1,0.0,19
sanet,4749,mural__img_326crop_1_1,0.0592,19
cast,4749,mural__img_326crop_1_1,0.1579,19
stytr2,4749,mural__img_327crop_0_1,0.1974,19
adain,4749,mural__img_327crop_0_1,0.0545,19
sanet,4749,mural__img_327crop_0_1,0.0611,19
cast,4749,mural__img_327crop_0_1,0.2409,19
stytr2,4749,mural__img_536crop_1_0,0.1974,19
adain,4749,mural__img_536crop_1_0,0.0461,19
sanet,4749,mural__img_536crop_1_0,0.0611,19
cast,4749,mural__img_536crop_1_0,0.1974,19
stytr2,4749,mural__img_593crop_0_0,0.0611,19
adain,4749,mural__img_593crop_0_0,0.047,19
sanet,4749,mural__img_593crop_0_0,0.047,19
cast,4749,mural__img_593crop_0_0,0.2383,19
stytr2,4749,mural__img_739crop_1_1,0.1927,19
adain,4749,mural__img_739crop_1_1,0.0,19
sanet,4749,mural__img_739crop_1_1,0.0592,19
cast,4749,mural__img_739crop_1_1,0.0197,19
stytr2,4749,western_painting__met_359775,0.1974,19
adain,4749,western_painting__met_359775,0.0,19
sanet,4749,western_painting__met_359775,0.0611,19
cast,4749,western_painting__met_359775,0.1974,19
stytr2,4749,western_painting__met_383787,0.1974,19
adain,4749,western_painting__met_383787,0.0,19
sanet,4749,western_painting__met_383787,0.1974,19
cast,4749,western_painting__met_383787,0.2259,19
stytr2,4749,western_painting__met_406721,0.1974,19
adain,4749,western_painting__met_406721,0.0,19
sanet,4749,western_painting__met_406721,0.1579,19
cast,4749,western_painting__met_406721,0.1798,19
stytr2,4749,western_painting__met_437769,0.1974,19
adain,4749,western_painting__met_437769,0.0,19
sanet,4749,western_painting__met_437769,0.0526,19
cast,4749,western_painting__met_437769,0.2095,19
stytr2,4749,western_painting__met_437967,0.1908,19
adain,4749,western_painting__met_437967,0.0,19
sanet,4749,western_painting__met_437967,0.0526,19
cast,4749,western_painting__met_437967,0.1786,19
stytr2,4749,western_painting__met_439405,0.0461,19
adain,4749,western_painting__met_439405,0.0,19
sanet,4749,western_painting__met_439405,0.0,19
cast,4749,western_painting__met_439405,0.1927,19
stytr2,4749,western_painting__met_649693,0.1316,19
adain,4749,western_painting__met_649693,0.0504,19
sanet,4749,western_painting__met_649693,0.1391,19
cast,4749,western_painting__met_649693,0.2266,19
stytr2,4749,western_painting__met_739494,0.1927,19
adain,4749,western_painting__met_739494,0.0,19
sanet,4749,western_painting__met_739494,0.0329,19
cast,4749,western_painting__met_739494,0.1974,19
stytr2,4749,western_painting__met_787672,0.1927,19
adain,4749,western_painting__met_787672,0.0611,19
sanet,4749,western_painting__met_787672,0.1927,19
cast,4749,western_painting__met_787672,0.1927,19
stytr2,4749,western_painting__met_788182,0.1974,19
adain,4749,western_painting__met_788182,0.0,19
sanet,4749,western_painting__met_788182,0.1693,19
cast,4749,western_painting__met_788182,0.2261,19
stytr2,4909,chinese_landscape__130942,0.8125,2
adain,4909,chinese_landscape__130942,0.5,2
sanet,4909,chinese_landscape__130942,0.75,2
cast,4909,chinese_landscape__130942,0.9375,2
stytr2,4909,chinese_landscape__132834,0.9375,2
adain,4909,chinese_landscape__132834,0.5,2
sanet,4909,chinese_landscape__132834,0.5,2
cast,4909,chinese_landscape__132834,0.875,2
stytr2,4909,chinese_landscape__132836,0.875,2
adain,4909,chinese_landscape__132836,0.5,2
sanet,4909,chinese_landscape__132836,0.875,2
cast,4909,chinese_landscape__132836,0.875,2
stytr2,4909,chinese_landscape__132840,0.875,2
adain,4909,chinese_landscape__132840,0.5,2
sanet,4909,chinese_landscape__132840,0.5,2
cast,4909,chinese_landscape__132840,0.9375,2
stytr2,4909,chinese_landscape__132930,0.8125,2
adain,4909,chinese_landscape__132930,0.5,2
sanet,4909,chinese_landscape__132930,0.5,2
cast,4909,chinese_landscape__132930,0.9375,2
stytr2,4909,chinese_landscape__137205,0.9375,2
adain,4909,chinese_landscape__137205,0.5,2
sanet,4909,chinese_landscape__137205,0.5,2
cast,4909,chinese_landscape__137205,0.9375,2
stytr2,4909,chinese_landscape__142574,0.9375,2
adain,4909,chinese_landscape__142574,0.5,2
sanet,4909,chinese_landscape__142574,0.5,2
cast,4909,chinese_landscape__142574,1.0,2
stytr2,4909,chinese_landscape__142578,0.8125,2
adain,4909,chinese_landscape__142578,0.5,2
sanet,4909,chinese_landscape__142578,0.5,2
cast,4909,chinese_landscape__142578,0.8125,2
stytr2,4909,chinese_landscape__144829,0.9375,2
adain,4909,chinese_landscape__144829,0.5,2
sanet,4909,chinese_landscape__144829,0.5,2
cast,4909,chinese_landscape__144829,0.8125,2
stytr2,4909,chinese_landscape__148342,0.875,2
adain,4909,chinese_landscape__148342,0.5,2
sanet,4909,chinese_landscape__148342,0.5,2
cast,4909,chinese_landscape__148342,0.875,2
stytr2,4909,mural__img_1082crop_1_0,0.875,2
adain,4909,mural__img_1082crop_1_0,0.5,2
sanet,4909,mural__img_1082crop_1_0,0.5,2
cast,4909,mural__img_1082crop_1_0,0.6875,2
stytr2,4909,mural__img_1224crop_0_0,0.8125,2
adain,4909,mural__img_1224crop_0_0,0.4375,2
sanet,4909,mural__img_1224crop_0_0,0.5,2
cast,4909,mural__img_1224crop_0_0,0.625,2
stytr2,4909,mural__img_1224crop_1_1,0.875,2
adain,4909,mural__img_1224crop_1_1,0.4375,2
sanet,4909,mural__img_1224crop_1_1,0.375,2
cast,4909,mural__img_1224crop_1_1,0.5,2
stytr2,4909,mural__img_16crop_0_0,0.5,2
adain,4909,mural__img_16crop_0_0,0.25,2
sanet,4909,mural__img_16crop_0_0,0.4375,2
cast,4909,mural__img_16crop_0_0,0.5,2
stytr2,4909,mural__img_276crop_1_0,0.5,2
adain,4909,mural__img_276crop_1_0,0.3125,2
sanet,4909,mural__img_276crop_1_0,0.5,2
cast,4909,mural__img_276crop_1_0,0.5,2
stytr2,4909,mural__img_326crop_1_1,0.5,2
adain,4909,mural__img_326crop_1_1,0.375,2
sanet,4909,mural__img_326crop_1_1,0.4375,2
cast,4909,mural__img_326crop_1_1,0.5,2
stytr2,4909,mural__img_327crop_0_1,0.5,2
adain,4909,mural__img_327crop_0_1,0.4375,2
sanet,4909,mural__img_327crop_0_1,0.5,2
cast,4909,mural__img_327crop_0_1,0.5,2
stytr2,4909,mural__img_536crop_1_0,0.5,2
adain,4909,mural__img_536crop_1_0,0.375,2
sanet,4909,mural__img_536crop_1_0,0.4375,2
cast,4909,mural__img_536crop_1_0,0.5,2
stytr2,4909,mural__img_593crop_0_0,0.8125,2
adain,4909,mural__img_593crop_0_0,0.5,2
sanet,4909,mural__img_593crop_0_0,0.5,2
cast,4909,mural__img_593crop_0_0,0.5,2
stytr2,4909,mural__img_739crop_1_1,0.5,2
adain,4909,mural__img_739crop_1_1,0.375,2
sanet,4909,mural__img_739crop_1_1,0.5,2
cast,4909,mural__img_739crop_1_1,0.8125,2
stytr2,4909,western_painting__met_359775,0.5,2
adain,4909,western_painting__met_359775,0.5,2
sanet,4909,western_painting__met_359775,0.5,2
cast,4909,western_painting__met_359775,0.9375,2
stytr2,4909,western_painting__met_383787,0.6875,2
adain,4909,western_painting__met_383787,0.5,2
sanet,4909,western_painting__met_383787,0.5,2
cast,4909,western_painting__met_383787,0.9375,2
stytr2,4909,western_painting__met_406721,0.5,2
adain,4909,western_painting__met_406721,0.5,2
sanet,4909,western_painting__met_406721,0.5,2
cast,4909,western_painting__met_406721,0.4375,2
stytr2,4909,western_painting__met_437769,0.5,2
adain,4909,western_painting__met_437769,0.4375,2
sanet,4909,western_painting__met_437769,0.5,2
cast,4909,western_painting__met_437769,0.8125,2
stytr2,4909,western_painting__met_437967,0.5,2
adain,4909,western_painting__met_437967,0.5,2
sanet,4909,western_painting__met_437967,0.5,2
cast,4909,western_painting__met_437967,1.0,2
stytr2,4909,western_painting__met_439405,0.5,2
adain,4909,western_painting__met_439405,0.1875,2
sanet,4909,western_painting__met_439405,0.375,2
cast,4909,western_painting__met_439405,0.875,2
stytr2,4909,western_painting__met_649693,0.375,2
adain,4909,western_painting__met_649693,0.4375,2
sanet,4909,western_painting__met_649693,0.5,2
cast,4909,western_painting__met_649693,1.0,2
stytr2,4909,western_painting__met_739494,0.5,2
adain,4909,western_painting__met_739494,0.5,2
sanet,4909,western_painting__met_739494,0.5,2
cast,4909,western_painting__met_739494,1.0,2
stytr2,4909,western_painting__met_787672,0.5,2
adain,4909,western_painting__met_787672,0.5,2
sanet,4909,western_painting__met_787672,0.5,2
cast,4909,western_painting__met_787672,0.9375,2
stytr2,4909,western_painting__met_788182,0.5,2
adain,4909,western_painting__met_788182,0.5,2
sanet,4909,western_painting__met_788182,0.5,2
cast,4909,western_painting__met_788182,1.0,2
stytr2,4992,chinese_landscape__130942,0.478,11
adain,4992,chinese_landscape__130942,0.2092,11
sanet,4992,chinese_landscape__130942,0.2742,11
cast,4992,chinese_landscape__130942,0.3651,11
stytr2,4992,chinese_landscape__132834,0.4199,11
adain,4992,chinese_landscape__132834,0.0758,11
sanet,4992,chinese_landscape__132834,0.2742,11
cast,4992,chinese_landscape__132834,0.4315,11
stytr2,4992,chinese_landscape__132836,0.2872,11
adain,4992,chinese_landscape__132836,0.0909,11
sanet,4992,chinese_landscape__132836,0.0779,11
cast,4992,chinese_landscape__132836,0.4113,11
stytr2,4992,chinese_landscape__132840,0.3261,11
adain,4992,chinese_landscape__132840,0.0455,11
sanet,4992,chinese_landscape__132840,0.0779,11
cast,4992,chinese_landscape__132840,0.4113,11
stytr2,4992,chinese_landscape__132930,0.3391,11
adain,4992,chinese_landscape__132930,0.0364,11
sanet,4992,chinese_landscape__132930,0.2482,11
cast,4992,chinese_landscape__132930,0.4868,11
stytr2,4992,chinese_landscape__137205,0.2449,11
adain,4992,chinese_landscape__137205,0.0455,11
sanet,4992,chinese_landscape__137205,0.0877,11
cast,4992,chinese_landscape__137205,0.2872,11
stytr2,4992,chinese_landscape__142574,0.3391,11
adain,4992,chinese_landscape__142574,0.0455,11
sanet,4992,chinese_landscape__142574,0.2092,11
cast,4992,chinese_landscape__142574,0.404,11
stytr2,4992,chinese_landscape__142578,0.4073,11
adain,4992,chinese_landscape__142578,0.0606,11
sanet,4992,chinese_landscape__142578,0.2612,11
cast,4992,chinese_landscape__142578,0.3654,11
stytr2,4992,chinese_landscape__144829,0.4755,11
adain,4992,chinese_landscape__144829,0.0649,11
sanet,4992,chinese_landscape__144829,0.2742,11
cast,4992,chinese_landscape__144829,0.4645,11
stytr2,4992,chinese_landscape__148342,0.404,11
adain,4992,chinese_landscape__148342,0.0455,11
sanet,4992,chinese_landscape__148342,0.2092,11
cast,4992,chinese_landscape__148342,0.3553,11
stytr2,4992,mural__img_1082crop_1_0,0.2742,11
adain,4992,mural__img_1082crop_1_0,0.2222,11
sanet,4992,mural__img_1082crop_1_0,0.0606,11
cast,4992,mural__img_1082crop_1_0,0.3553,11
stytr2,4992,mural__img_1224crop_0_0,0.299,11
adain,4992,mural__img_1224crop_0_0,0.1313,11
sanet,4992,mural__img_1224crop_0_0,0.1951,11
cast,4992,mural__img_1224crop_0_0,0.3911,11
stytr2,4992,mural__img_1224crop_1_1,0.2102,11
adain,4992,mural__img_1224crop_1_1,0.0,11
sanet,4992,mural__img_1224crop_1_1,0.2092,11
cast,4992,mural__img_1224crop_1_1,0.4488,11
stytr2,4992,mural__img_16crop_0_0,0.2092,11
adain,4992,mural__img_16crop_0_0,0.0,11
sanet,4992,mural__img_16crop_0_0,0.0606,11
cast,4992,mural__img_16crop_0_0,0.3813,11
stytr2,4992,mural__img_276crop_1_0,0.2092,11
adain,4992,mural__img_276crop_1_0,0.0586,11
sanet,4992,mural__img_276crop_1_0,0.2092,11
cast,4992,mural__img_276crop_1_0,0.2092,11
stytr2,4992,mural__img_326crop_1_1,0.3131,11
adain,4992,mural__img_326crop_1_1,0.0,11
sanet,4992,mural__img_326crop_1_1,0.2102,11
cast,4992,mural__img_326crop_1_1,0.3521,11
stytr2,4992,mural__img_327crop_0_1,0.3012,11
adain,4992,mural__img_327crop_0_1,0.0,11
sanet,4992,mural__img_327crop_0_1,0.1677,11
cast,4992,mural__img_327crop_0_1,0.2742,11
stytr2,4992,mural__img_536crop_1_0,0.2742,11
adain,4992,mural__img_536crop_1_0,0.1313,11
sanet,4992,mural__img_536crop_1_0,0.2612,11
cast,4992,mural__img_536crop_1_0,0.4462,11
stytr2,4992,mural__img_593crop_0_0,0.2092,11
adain,4992,mural__img_593crop_0_0,0.0909,11
sanet,4992,mural__img_593crop_0_0,0.3131,11
cast,4992,mural__img_593crop_0_0,0.452,11
stytr2,4992,mural__img_739crop_1_1,0.2092,11
adain,4992,mural__img_739crop_1_1,0.0,11
sanet,4992,mural__img_739crop_1_1,0.1919,11
cast,4992,mural__img_739crop_1_1,0.458,11
stytr2,4992,western_painting__met_359775,0.2742,11
adain,4992,western_painting__met_359775,0.1313,11
sanet,4992,western_painting__met_359775,0.1558,11
cast,4992,western_painting__met_359775,0.4993,11
stytr2,4992,western_painting__met_383787,0.2092,11
adain,4992,western_painting__met_383787,0.0364,11
sanet,4992,western_painting__met_383787,0.2698,11
cast,4992,western_painting__met_383787,0.3957,11
stytr2,4992,western_painting__met_406721,0.2092,11
adain,4992,western_painting__met_406721,0.0909,11
sanet,4992,western_painting__met_406721,0.1515,11
cast,4992,western_painting__met_406721,0.2482,11
stytr2,4992,western_painting__met_437769,0.3131,11
adain,4992,western_painting__met_437769,0.1919,11
sanet,4992,western_painting__met_437769,0.1919,11
cast,4992,western_painting__met_437769,0.3294,11
stytr2,4992,western_painting__met_437967,0.3911,11
adain,4992,western_painting__met_437967,0.1919,11
sanet,4992,western_painting__met_437967,0.1919,11
cast,4992,western_painting__met_437967,0.3131,11
stytr2,4992,western_painting__met_439405,0.3131,11
adain,4992,western_painting__met_439405,0.0606,11
sanet,4992,western_painting__met_439405,0.1323,11
cast,4992,western_painting__met_439405,0.3703,11
stytr2,4992,western_painting__met_649693,0.2492,11
adain,4992,western_painting__met_649693,0.1919,11
sanet,4992,western_painting__met_649693,0.1299,11
cast,4992,western_painting__met_649693,0.3099,11
stytr2,4992,western_painting__met_739494,0.3521,11
adain,4992,western_painting__met_739494,0.1313,11
sanet,4992,western_painting__met_739494,0.2222,11
cast,4992,western_painting__met_739494,0.5902,11
stytr2,4992,western_painting__met_787672,0.3063,11
adain,4992,western_painting__met_787672,0.1677,11
sanet,4992,western_painting__met_787672,0.0779,11
cast,4992,western_painting__met_787672,0.3913,11
stytr2,4992,western_painting__met_788182,0.2092,11
adain,4992,western_painting__met_788182,0.0364,11
sanet,4992,western_painting__met_788182,0.2222,11
cast,4992,western_painting__met_788182,0.2872,11
stytr2,5022,chinese_landscape__130942,1.0,3
adain,5022,chinese_landscape__130942,0.0,3
sanet,5022,chinese_landscape__130942,0.6667,3
cast,5022,chinese_landscape__130942,0.8333,3
stytr2,5022,chinese_landscape__132834,0.75,3
adain,5022,chinese_landscape__132834,0.0,3
sanet,5022,chinese_landscape__132834,0.5,3
cast,5022,chinese_landscape__132834,0.8333,3
stytr2,5022,chinese_landscape__132836,0.6667,3
adain,5022,chinese_landscape__132836,0.0,3
sanet,5022,chinese_landscape__132836,0.4537,3
cast,5022,chinese_landscape__132836,0.8333,3
stytr2,5022,chinese_landscape__132840,0.6667,3
adain,5022,chinese_landscape__132840,0.0,3
sanet,5022,chinese_landscape__132840,0.5,3
cast,5022,chinese_landscape__132840,0.8333,3
stytr2,5022,chinese_landscape__132930,1.0,3
adain,5022,chinese_landscape__132930,0.0,3
sanet,5022,chinese_landscape__132930,0.6667,3
cast,5022,chinese_landscape__132930,0.75,3
stytr2,5022,chinese_landscape__137205,0.75,3
adain,5022,chinese_landscape__137205,0.0,3
sanet,5022,chinese_landscape__137205,0.5833,3
cast,5022,chinese_landscape__137205,0.8333,3
stytr2,5022,chinese_landscape__142574,0.9167,3
adain,5022,chinese_landscape__142574,0.0,3
sanet,5022,chinese_landscape__142574,0.8333,3
cast,5022,chinese_landscape__142574,0.75,3
stytr2,5022,chinese_landscape__142578,0.8333,3
adain,5022,chinese_landscape__142578,0.0,3
sanet,5022,chinese_landscape__142578,0.5833,3
cast,5022,chinese_landscape__142578,0.6667,3
stytr2,5022,chinese_landscape__144829,0.9167,3
adain,5022,chinese_landscape__144829,0.0,3
sanet,5022,chinese_landscape__144829,0.75,3
cast,5022,chinese_landscape__144829,0.5833,3
stytr2,5022,chinese_landscape__148342,0.8333,3
adain,5022,chinese_landscape__148342,0.0833,3
sanet,5022,chinese_landscape__148342,0.6667,3
cast,5022,chinese_landscape__148342,0.6667,3
stytr2,5022,mural__img_1082crop_1_0,0.75,3
adain,5022,mural__img_1082crop_1_0,0.0833,3
sanet,5022,mural__img_1082crop_1_0,0.4167,3
cast,5022,mural__img_1082crop_1_0,0.6667,3
stytr2,5022,mural__img_1224crop_0_0,0.4167,3
adain,5022,mural__img_1224crop_0_0,0.0,3
sanet,5022,mural__img_1224crop_0_0,0.0833,3
cast,5022,mural__img_1224crop_0_0,0.6667,3
stytr2,5022,mural__img_1224crop_1_1,0.1667,3
adain,5022,mural__img_1224crop_1_1,0.0,3
sanet,5022,mural__img_1224crop_1_1,0.0,3
cast,5022,mural__img_1224crop_1_1,0.6667,3
stytr2,5022,mural__img_16crop_0_0,0.1667,3
adain,5022,mural__img_16crop_0_0,0.0,3
sanet,5022,mural__img_16crop_0_0,0.4167,3
cast,5022,mural__img_16crop_0_0,0.1667,3
stytr2,5022,mural__img_276crop_1_0,0.1667,3
adain,5022,mural__img_276crop_1_0,0.0,3
sanet,5022,mural__img_276crop_1_0,0.0833,3
cast,5022,mural__img_276crop_1_0,0.8333,3
stytr2,5022,mural__img_326crop_1_1,0.1667,3
adain,5022,mural__img_326crop_1_1,0.0,3
sanet,5022,mural__img_326crop_1_1,0.0,3
cast,5022,mural__img_326crop_1_1,0.5833,3
stytr2,5022,mural__img_327crop_0_1,0.8333,3
adain,5022,mural__img_327crop_0_1,0.0833,3
sanet,5022,mural__img_327crop_0_1,0.5,3
cast,5022,mural__img_327crop_0_1,0.8333,3
stytr2,5022,mural__img_536crop_1_0,0.8333,3
adain,5022,mural__img_536crop_1_0,0.0,3
sanet,5022,mural__img_536crop_1_0,0.5833,3
cast,5022,mural__img_536crop_1_0,0.8333,3
stytr2,5022,mural__img_593crop_0_0,0.5,3
adain,5022,mural__img_593crop_0_0,0.0,3
sanet,5022,mural__img_593crop_0_0,0.5,3
cast,5022,mural__img_593crop_0_0,0.6667,3
stytr2,5022,mural__img_739crop_1_1,0.0,3
adain,5022,mural__img_739crop_1_1,0.0,3
sanet,5022,mural__img_739crop_1_1,0.0,3
cast,5022,mural__img_739crop_1_1,0.0,3
stytr2,5022,western_painting__met_359775,0.8333,3
adain,5022,western_painting__met_359775,0.0,3
sanet,5022,western_painting__met_359775,0.5,3
cast,5022,western_painting__met_359775,0.6667,3
stytr2,5022,western_painting__met_383787,0.5833,3
adain,5022,western_painting__met_383787,0.0,3
sanet,5022,western_painting__met_383787,0.6667,3
cast,5022,western_painting__met_383787,0.75,3
stytr2,5022,western_painting__met_406721,0.75,3
adain,5022,western_painting__met_406721,0.0,3
sanet,5022,western_painting__met_406721,0.5833,3
cast,5022,western_painting__met_406721,0.75,3
stytr2,5022,western_painting__met_437769,0.1667,3
adain,5022,western_painting__met_437769,0.0,3
sanet,5022,western_painting__met_437769,0.0833,3
cast,5022,western_painting__met_437769,0.0,3
stytr2,5022,western_painting__met_437967,0.1667,3
adain,5022,western_painting__met_437967,0.0,3
sanet,5022,western_painting__met_437967,0.5,3
cast,5022,western_painting__met_437967,0.0833,3
stytr2,5022,western_painting__met_439405,0.1667,3
adain,5022,western_painting__met_439405,0.0,3
sanet,5022,western_painting__met_439405,0.0,3
cast,5022,western_painting__met_439405,0.1667,3
stytr2,5022,western_painting__met_649693,0.0,3
adain,5022,western_painting__met_649693,0.0,3
sanet,5022,western_painting__met_649693,0.0833,3
cast,5022,western_painting__met_649693,0.75,3
stytr2,5022,western_painting__met_739494,0.8333,3
adain,5022,western_painting__met_739494,0.0,3
sanet,5022,western_painting__met_739494,0.0833,3
cast,5022,western_painting__met_739494,0.75,3
stytr2,5022,western_painting__met_787672,0.75,3
adain,5022,western_painting__met_787672,0.0,3
sanet,5022,western_painting__met_787672,0.5833,3
cast,5022,western_painting__met_787672,0.8333,3
stytr2,5022,western_painting__met_788182,0.6667,3
adain,5022,western_painting__met_788182,0.0,3
sanet,5022,western_painting__met_788182,0.0833,3
cast,5022,western_painting__met_788182,0.8333,3
stytr2,5090,chinese_landscape__130942,0.4422,10
adain,5090,chinese_landscape__130942,0.0866,10
sanet,5090,chinese_landscape__130942,0.1832,10
cast,5090,chinese_landscape__130942,0.2232,10
stytr2,5090,chinese_landscape__132834,0.3032,10
adain,5090,chinese_landscape__132834,0.1032,10
sanet,5090,chinese_landscape__132834,0.1232,10
cast,5090,chinese_landscape__132834,0.3603,10
stytr2,5090,chinese_landscape__132836,0.3232,10
adain,5090,chinese_landscape__132836,0.0832,10
sanet,5090,chinese_landscape__132836,0.1432,10
cast,5090,chinese_landscape__132836,0.2832,10
stytr2,5090,chinese_landscape__132840,0.3032,10
adain,5090,chinese_landscape__132840,0.0,10
sanet,5090,chinese_landscape__132840,0.0866,10
cast,5090,chinese_landscape__132840,0.3032,10
stytr2,5090,chinese_landscape__132930,0.3032,10
adain,5090,chinese_landscape__132930,0.0,10
sanet,5090,chinese_landscape__132930,0.1832,10
cast,5090,chinese_landscape__132930,0.2832,10
stytr2,5090,chinese_landscape__137205,0.1866,10
adain,5090,chinese_landscape__137205,0.0,10
sanet,5090,chinese_landscape__137205,0.1832,10
cast,5090,chinese_landscape__137205,0.2832,10
stytr2,5090,chinese_landscape__142574,0.3549,10
adain,5090,chinese_landscape__142574,0.0,10
sanet,5090,chinese_landscape__142574,0.1916,10
cast,5090,chinese_landscape__142574,0.3116,10
stytr2,5090,chinese_landscape__142578,0.3651,10
adain,5090,chinese_landscape__142578,0.1032,10
sanet,5090,chinese_landscape__142578,0.1032,10
cast,5090,chinese_landscape__142578,0.3232,10
stytr2,5090,chinese_landscape__144829,0.4323,10
adain,5090,chinese_landscape__144829,0.0866,10
sanet,5090,chinese_landscape__144829,0.1632,10
cast,5090,chinese_landscape__144829,0.2832,10
stytr2,5090,chinese_landscape__148342,0.3032,10
adain,5090,chinese_landscape__148342,0.0882,10
sanet,5090,chinese_landscape__148342,0.1632,10
cast,5090,chinese_landscape__148342,0.2032,10
stytr2,5090,mural__img_1082crop_1_0,0.2866,10
adain,5090,mural__img_1082crop_1_0,0.1032,10
sanet,5090,mural__img_1082crop_1_0,0.1032,10
cast,5090,mural__img_1082crop_1_0,0.3366,10
stytr2,5090,mural__img_1224crop_0_0,0.1032,10
adain,5090,mural__img_1224crop_0_0,0.1032,10
sanet,5090,mural__img_1224crop_0_0,0.1032,10
cast,5090,mural__img_1224crop_0_0,0.3657,10
stytr2,5090,mural__img_1224crop_1_1,0.1832,10
adain,5090,mural__img_1224crop_1_1,0.1032,10
sanet,5090,mural__img_1224crop_1_1,0.1032,10
cast,5090,mural__img_1224crop_1_1,0.2429,10
stytr2,5090,mural__img_16crop_0_0,0.0866,10
adain,5090,mural__img_16crop_0_0,0.0,10
sanet,5090,mural__img_16crop_0_0,0.1032,10
cast,5090,mural__img_16crop_0_0,0.1632,10
stytr2,5090,mural__img_276crop_1_0,0.1032,10
adain,5090,mural__img_276crop_1_0,0.0,10
sanet,5090,mural__img_276crop_1_0,0.1032,10
cast,5090,mural__img_276crop_1_0,0.2832,10
stytr2,5090,mural__img_326crop_1_1,0.1832,10
adain,5090,mural__img_326crop_1_1,0.0715,10
sanet,5090,mural__img_326crop_1_1,0.1032,10
cast,5090,mural__img_326crop_1_1,0.2832,10
stytr2,5090,mural__img_327crop_0_1,0.2283,10
adain,5090,mural__img_327crop_0_1,0.0,10
sanet,5090,mural__img_327crop_0_1,0.1032,10
cast,5090,mural__img_327crop_0_1,0.3871,10
stytr2,5090,mural__img_536crop_1_0,0.2032,10
adain,5090,mural__img_536crop_1_0,0.1032,10
sanet,5090,mural__img_536crop_1_0,0.1699,10
cast,5090,mural__img_536crop_1_0,0.2671,10
stytr2,5090,mural__img_593crop_0_0,0.3032,10
adain,5090,mural__img_593crop_0_0,0.1032,10
sanet,5090,mural__img_593crop_0_0,0.2032,10
cast,5090,mural__img_593crop_0_0,0.2871,10
stytr2,5090,mural__img_739crop_1_1,0.2032,10
adain,5090,mural__img_739crop_1_1,0.0832,10
sanet,5090,mural__img_739crop_1_1,0.1032,10
cast,5090,mural__img_739crop_1_1,0.3564,10
stytr2,5090,western_painting__met_359775,0.3032,10
adain,5090,western_painting__met_359775,0.0632,10
sanet,5090,western_painting__met_359775,0.1232,10
cast,5090,western_painting__met_359775,0.1866,10
stytr2,5090,western_painting__met_383787,0.1632,10
adain,5090,western_painting__met_383787,0.0,10
sanet,5090,western_painting__met_383787,0.1832,10
cast,5090,western_painting__met_383787,0.3232,10
stytr2,5090,western_painting__met_406721,0.3032,10
adain,5090,western_painting__met_406721,0.0,10
sanet,5090,western_painting__met_406721,0.2657,10
cast,5090,western_painting__met_406721,0.2832,10
stytr2,5090,western_painting__met_437769,0.379,10
adain,5090,western_painting__met_437769,0.0832,10
sanet,5090,western_painting__met_437769,0.1032,10
cast,5090,western_painting__met_437769,0.2032,10
stytr2,5090,western_painting__met_437967,0.3232,10
adain,5090,western_painting__met_437967,0.0832,10
sanet,5090,western_painting__met_437967,0.1032,10
cast,5090,western_painting__met_437967,0.2832,10
stytr2,5090,western_painting__met_439405,0.2832,10
adain,5090,western_painting__met_439405,0.0832,10
sanet,5090,western_painting__met_439405,0.0667,10
cast,5090,western_painting__met_439405,0.3032,10
stytr2,5090,western_painting__met_649693,0.1032,10
adain,5090,western_painting__met_649693,0.0632,10
sanet,5090,western_painting__met_649693,0.0866,10
cast,5090,western_painting__met_649693,0.3032,10
stytr2,5090,western_painting__met_739494,0.1832,10
adain,5090,western_painting__met_739494,0.0432,10
sanet,5090,western_painting__met_739494,0.1832,10
cast,5090,western_painting__met_739494,0.3032,10
stytr2,5090,western_painting__met_787672,0.2666,10
adain,5090,western_painting__met_787672,0.0699,10
sanet,5090,western_painting__met_787672,0.1032,10
cast,5090,western_painting__met_787672,0.2832,10
stytr2,5090,western_painting__met_788182,0.2232,10
adain,5090,western_painting__met_788182,0.0832,10
sanet,5090,western_painting__met_788182,0.1032,10
cast,5090,western_painting__met_788182,0.2832,10
stytr2,5133,chinese_landscape__130942,0.3553,18
adain,5133,chinese_landscape__130942,0.0,18
sanet,5133,chinese_landscape__130942,0.1236,18
cast,5133,chinese_landscape__130942,0.2075,18
stytr2,5133,chinese_landscape__132834,0.2069,18
adain,5133,chinese_landscape__132834,0.0,18
sanet,5133,chinese_landscape__132834,0.0444,18
cast,5133,chinese_landscape__132834,0.1708,18
stytr2,5133,chinese_landscape__132836,0.2375,18
adain,5133,chinese_landscape__132836,0.0111,18
sanet,5133,chinese_landscape__132836,0.1298,18
cast,5133,chinese_landscape__132836,0.1754,18
stytr2,5133,chinese_landscape__132840,0.2478,18
adain,5133,chinese_landscape__132840,0.0552,18
sanet,5133,chinese_landscape__132840,0.1611,18
cast,5133,chinese_landscape__132840,0.1875,18
stytr2,5133,chinese_landscape__132930,0.5446,18
adain,5133,chinese_landscape__132930,0.0,18
sanet,5133,chinese_landscape__132930,0.0727,18
cast,5133,chinese_landscape__132930,0.1825,18
stytr2,5133,chinese_landscape__137205,0.1898,18
adain,5133,chinese_landscape__137205,0.0111,18
sanet,5133,chinese_landscape__137205,0.0491,18
cast,5133,chinese_landscape__137205,0.1819,18
stytr2,5133,chinese_landscape__142574,0.5023,18
adain,5133,chinese_landscape__142574,0.0,18
sanet,5133,chinese_landscape__142574,0.0389,18
cast,5133,chinese_landscape__142574,0.1229,18
stytr2,5133,chinese_landscape__142578,0.2143,18
adain,5133,chinese_landscape__142578,0.0,18
sanet,5133,chinese_landscape__142578,0.132,18
cast,5133,chinese_landscape__142578,0.168,18
stytr2,5133,chinese_landscape__144829,0.2236,18
adain,5133,chinese_landscape__144829,0.0,18
sanet,5133,chinese_landscape__144829,0.0333,18
cast,5133,chinese_landscape__144829,0.1792,18
stytr2,5133,chinese_landscape__148342,0.231,18
adain,5133,chinese_landscape__148342,0.0111,18
sanet,5133,chinese_landscape__148342,0.0404,18
cast,5133,chinese_landscape__148342,0.3217,18
stytr2,5133,mural__img_1082crop_1_0,0.1847,18
adain,5133,mural__img_1082crop_1_0,0.0,18
sanet,5133,mural__img_1082crop_1_0,0.0333,18
cast,5133,mural__img_1082crop_1_0,0.2481,18
stytr2,5133,mural__img_1224crop_0_0,0.1657,18
adain,5133,mural__img_1224crop_0_0,0.0,18
sanet,5133,mural__img_1224crop_0_0,0.0,18
cast,5133,mural__img_1224crop_0_0,0.233,18
stytr2,5133,mural__img_1224crop_1_1,0.05,18
adain,5133,mural__img_1224crop_1_1,0.0,18
sanet,5133,mural__img_1224crop_1_1,0.0389,18
cast,5133,mural__img_1224crop_1_1,0.3102,18
stytr2,5133,mural__img_16crop_0_0,0.0848,18
adain,5133,mural__img_16crop_0_0,0.0,18
sanet,5133,mural__img_16crop_0_0,0.0333,18
cast,5133,mural__img_16crop_0_0,0.2018,18
stytr2,5133,mural__img_276crop_1_0,0.0444,18
adain,5133,mural__img_276crop_1_0,0.0,18
sanet,5133,mural__img_276crop_1_0,0.0,18
cast,5133,mural__img_276crop_1_0,0.0949,18
stytr2,5133,mural__img_326crop_1_1,0.1009,18
adain,5133,mural__img_326crop_1_1,0.0,18
sanet,5133,mural__img_326crop_1_1,0.0,18
cast,5133,mural__img_326crop_1_1,0.197,18
stytr2,5133,mural__img_327crop_0_1,0.1829,18
adain,5133,mural__img_327crop_0_1,0.0111,18
sanet,5133,mural__img_327crop_0_1,0.0389,18
cast,5133,mural__img_327crop_0_1,0.1417,18
stytr2,5133,mural__img_536crop_1_0,0.05,18
adain,5133,mural__img_536crop_1_0,0.0,18
sanet,5133,mural__img_536crop_1_0,0.0333,18
cast,5133,mural__img_536crop_1_0,0.1863,18
stytr2,5133,mural__img_593crop_0_0,0.1855,18
adain,5133,mural__img_593crop_0_0,0.0,18
sanet,5133,mural__img_593crop_0_0,0.0333,18
cast,5133,mural__img_593crop_0_0,0.1349,18
stytr2,5133,mural__img_739crop_1_1,0.2028,18
adain,5133,mural__img_739crop_1_1,0.0,18
sanet,5133,mural__img_739crop_1_1,0.0111,18
cast,5133,mural__img_739crop_1_1,0.125,18
stytr2,5133,western_painting__met_359775,0.1875,18
adain,5133,western_painting__met_359775,0.0,18
sanet,5133,western_painting__met_359775,0.0444,18
cast,5133,western_painting__met_359775,0.1333,18
stytr2,5133,western_painting__met_383787,0.0727,18
adain,5133,western_painting__met_383787,0.0,18
sanet,5133,western_painting__met_383787,0.0,18
cast,5133,western_painting__met_383787,0.156,18
stytr2,5133,western_painting__met_406721,0.3049,18
adain,5133,western_painting__met_406721,0.0,18
sanet,5133,western_painting__met_406721,0.1083,18
cast,5133,western_painting__met_406721,0.3135,18
stytr2,5133,western_painting__met_437769,0.0556,18
adain,5133,western_painting__met_437769,0.0,18
sanet,5133,western_painting__met_437769,0.0389,18
cast,5133,western_painting__met_437769,0.2551,18
stytr2,5133,western_painting__met_437967,0.1491,18
adain,5133,western_painting__met_437967,0.0,18
sanet,5133,western_painting__met_437967,0.0278,18
cast,5133,western_painting__met_437967,0.0949,18
stytr2,5133,western_painting__met_439405,0.0389,18
adain,5133,western_painting__met_439405,0.0,18
sanet,5133,western_painting__met_439405,0.0,18
cast,5133,western_painting__met_439405,0.0556,18
stytr2,5133,western_painting__met_649693,0.0699,18
adain,5133,western_painting__met_649693,0.0,18
sanet,5133,western_painting__met_649693,0.1162,18
cast,5133,western_painting__met_649693,0.2051,18
stytr2,5133,western_painting__met_739494,0.1329,18
adain,5133,western_painting__met_739494,0.0,18
sanet,5133,western_painting__met_739494,0.0111,18
cast,5133,western_painting__met_739494,0.3448,18
stytr2,5133,western_painting__met_787672,0.1611,18
adain,5133,western_painting__met_787672,0.0,18
sanet,5133,western_painting__met_787672,0.0,18
cast,5133,western_painting__met_787672,0.1903,18
stytr2,5133,western_painting__met_788182,0.2051,18
adain,5133,western_painting__met_788182,0.0,18
sanet,5133,western_painting__met_788182,0.0222,18
cast,5133,western_painting__met_788182,0.1819,18
stytr2,5194,chinese_landscape__130942,0.2257,25
adain,5194,chinese_landscape__130942,0.0,25
sanet,5194,chinese_landscape__130942,0.1539,25
cast,5194,chinese_landscape__130942,0.0974,25
stytr2,5194,chinese_landscape__132834,0.1214,25
adain,5194,chinese_landscape__132834,0.0,25
sanet,5194,chinese_landscape__132834,0.0874,25
cast,5194,chinese_landscape__132834,0.0974,25
stytr2,5194,chinese_landscape__132836,0.1274,25
adain,5194,chinese_landscape__132836,0.0,25
sanet,5194,chinese_landscape__132836,0.0974,25
cast,5194,chinese_landscape__132836,0.0834,25
stytr2,5194,chinese_landscape__132840,0.2055,25
adain,5194,chinese_landscape__132840,0.0,25
sanet,5194,chinese_landscape__132840,0.0974,25
cast,5194,chinese_landscape__132840,0.0914,25
stytr2,5194,chinese_landscape__132930,0.1427,25
adain,5194,chinese_landscape__132930,0.0,25
sanet,5194,chinese_landscape__132930,0.0974,25
cast,5194,chinese_landscape__132930,0.0974,25
stytr2,5194,chinese_landscape__137205,0.0874,25
adain,5194,chinese_landscape__137205,0.0,25
sanet,5194,chinese_landscape__137205,0.0,25
cast,5194,chinese_landscape__137205,0.0974,25
stytr2,5194,chinese_landscape__142574,0.1487,25
adain,5194,chinese_landscape__142574,0.0,25
sanet,5194,chinese_landscape__142574,0.1123,25
cast,5194,chinese_landscape__142574,0.0974,25
stytr2,5194,chinese_landscape__142578,0.1487,25
adain,5194,chinese_landscape__142578,0.0,25
sanet,5194,chinese_landscape__142578,0.0874,25
cast,5194,chinese_landscape__142578,0.0914,25
stytr2,5194,chinese_landscape__144829,0.2002,25
adain,5194,chinese_landscape__144829,0.0437,25
sanet,5194,chinese_landscape__144829,0.0874,25
cast,5194,chinese_landscape__144829,0.0974,25
stytr2,5194,chinese_landscape__148342,0.1955,25
adain,5194,chinese_landscape__148342,0.0,25
sanet,5194,chinese_landscape__148342,0.0737,25
cast,5194,chinese_landscape__148342,0.0974,25
stytr2,5194,mural__img_1082crop_1_0,0.1368,25
adain,5194,mural__img_1082crop_1_0,0.0,25
sanet,5194,mural__img_1082crop_1_0,0.0874,25
cast,5194,mural__img_1082crop_1_0,0.0937,25
stytr2,5194,mural__img_1224crop_0_0,0.0774,25
adain,5194,mural__img_1224crop_0_0,0.0,25
sanet,5194,mural__img_1224crop_0_0,0.0,25
cast,5194,mural__img_1224crop_0_0,0.0874,25
stytr2,5194,mural__img_1224crop_1_1,0.0774,25
adain,5194,mural__img_1224crop_1_1,0.0,25
sanet,5194,mural__img_1224crop_1_1,0.0,25
cast,5194,mural__img_1224crop_1_1,0.0892,25
stytr2,5194,mural__img_16crop_0_0,0.0974,25
adain,5194,mural__img_16crop_0_0,0.0,25
sanet,5194,mural__img_16crop_0_0,0.0,25
cast,5194,mural__img_16crop_0_0,0.0674,25
stytr2,5194,mural__img_276crop_1_0,0.0,25
adain,5194,mural__img_276crop_1_0,0.0,25
sanet,5194,mural__img_276crop_1_0,0.0,25
cast,5194,mural__img_276crop_1_0,0.0974,25
stytr2,5194,mural__img_326crop_1_1,0.0577,25
adain,5194,mural__img_326crop_1_1,0.0,25
sanet,5194,mural__img_326crop_1_1,0.0,25
cast,5194,mural__img_326crop_1_1,0.0711,25
stytr2,5194,mural__img_327crop_0_1,0.133,25
adain,5194,mural__img_327crop_0_1,0.0,25
sanet,5194,mural__img_327crop_0_1,0.0,25
cast,5194,mural__img_327crop_0_1,0.0974,25
stytr2,5194,mural__img_536crop_1_0,0.1174,25
adain,5194,mural__img_536crop_1_0,0.0,25
sanet,5194,mural__img_536crop_1_0,0.1054,25
cast,5194,mural__img_536crop_1_0,0.154,25
stytr2,5194,mural__img_593crop_0_0,0.0794,25
adain,5194,mural__img_593crop_0_0,0.0,25
sanet,5194,mural__img_593crop_0_0,0.0574,25
cast,5194,mural__img_593crop_0_0,0.1174,25
stytr2,5194,mural__img_739crop_1_1,0.1038,25
adain,5194,mural__img_739crop_1_1,0.0,25
sanet,5194,mural__img_739crop_1_1,0.0,25
cast,5194,mural__img_739crop_1_1,0.0974,25
stytr2,5194,western_painting__met_359775,0.0774,25
adain,5194,western_painting__met_359775,0.0,25
sanet,5194,western_painting__met_359775,0.0,25
cast,5194,western_painting__met_359775,0.1074,25
stytr2,5194,western_painting__met_383787,0.1625,25
adain,5194,western_painting__met_383787,0.0,25
sanet,5194,western_painting__met_383787,0.0774,25
cast,5194,western_painting__met_383787,0.0974,25
stytr2,5194,western_painting__met_406721,0.0914,25
adain,5194,western_painting__met_406721,0.0,25
sanet,5194,western_painting__met_406721,0.0,25
cast,5194,western_painting__met_406721,0.0874,25
stytr2,5194,western_painting__met_437769,0.1204,25
adain,5194,western_painting__met_437769,0.0,25
sanet,5194,western_painting__met_437769,0.03,25
cast,5194,western_painting__met_437769,0.1074,25
stytr2,5194,western_painting__met_437967,0.0874,25
adain,5194,western_painting__met_437967,0.0,25
sanet,5194,western_painting__met_437967,0.03,25
cast,5194,western_painting__met_437967,0.0974,25
stytr2,5194,western_painting__met_439405,0.1011,25
adain,5194,western_painting__met_439405,0.0,25
sanet,5194,western_painting__met_439405,0.0,25
cast,5194,western_painting__met_439405,0.0837,25
stytr2,5194,western_painting__met_649693,0.0574,25
adain,5194,western_painting__met_649693,0.0474,25
sanet,5194,western_painting__met_649693,0.0,25
cast,5194,western_painting__met_649693,0.1561,25
stytr2,5194,western_painting__met_739494,0.0474,25
adain,5194,western_painting__met_739494,0.0,25
sanet,5194,western_painting__met_739494,0.0229,25
cast,5194,western_painting__met_739494,0.1074,25
stytr2,5194,western_painting__met_787672,0.0874,25
adain,5194,western_painting__met_787672,0.0,25
sanet,5194,western_painting__met_787672,0.0,25
cast,5194,western_painting__met_787672,0.0914,25
stytr2,5194,western_painting__met_788182,0.02,25
adain,5194,western_painting__met_788182,0.0,25
sanet,5194,western_painting__met_788182,0.0159,25
cast,5194,western_painting__met_788182,0.0914,25
stytr2,5292,chinese_landscape__130942,0.5714,7
adain,5292,chinese_landscape__130942,0.0857,7
sanet,5292,chinese_landscape__130942,0.4571,7
cast,5292,chinese_landscape__130942,0.2571,7
stytr2,5292,chinese_landscape__132834,0.5714,7
adain,5292,chinese_landscape__132834,0.1429,7
sanet,5292,chinese_landscape__132834,0.2619,7
cast,5292,chinese_landscape__132834,0.5429,7
stytr2,5292,chinese_landscape__132836,0.5714,7
adain,5292,chinese_landscape__132836,0.1429,7
sanet,5292,chinese_landscape__132836,0.2857,7
cast,5292,chinese_landscape__132836,0.5429,7
stytr2,5292,chinese_landscape__132840,0.5143,7
adain,5292,chinese_landscape__132840,0.1429,7
sanet,5292,chinese_landscape__132840,0.2857,7
cast,5292,chinese_landscape__132840,0.3143,7
stytr2,5292,chinese_landscape__132930,0.5714,7
adain,5292,chinese_landscape__132930,0.1429,7
sanet,5292,chinese_landscape__132930,0.2857,7
cast,5292,chinese_landscape__132930,0.2571,7
stytr2,5292,chinese_landscape__137205,0.5143,7
adain,5292,chinese_landscape__137205,0.119,7
sanet,5292,chinese_landscape__137205,0.2381,7
cast,5292,chinese_landscape__137205,0.4214,7
stytr2,5292,chinese_landscape__142574,0.5714,7
adain,5292,chinese_landscape__142574,0.1429,7
sanet,5292,chinese_landscape__142574,0.2857,7
cast,5292,chinese_landscape__142574,0.2857,7
stytr2,5292,chinese_landscape__142578,0.5714,7
adain,5292,chinese_landscape__142578,0.1429,7
sanet,5292,chinese_landscape__142578,0.4333,7
cast,5292,chinese_landscape__142578,0.2857,7
stytr2,5292,chinese_landscape__144829,0.5714,7
adain,5292,chinese_landscape__144829,0.1429,7
sanet,5292,chinese_landscape__144829,0.2857,7
cast,5292,chinese_landscape__144829,0.4571,7
stytr2,5292,chinese_landscape__148342,0.5714,7
adain,5292,chinese_landscape__148342,0.1429,7
sanet,5292,chinese_landscape__148342,0.2619,7
cast,5292,chinese_landscape__148342,0.2857,7
stytr2,5292,mural__img_1082crop_1_0,0.2857,7
adain,5292,mural__img_1082crop_1_0,0.2381,7
sanet,5292,mural__img_1082crop_1_0,0.2619,7
cast,5292,mural__img_1082crop_1_0,0.2857,7
stytr2,5292,mural__img_1224crop_0_0,0.2857,7
adain,5292,mural__img_1224crop_0_0,0.119,7
sanet,5292,mural__img_1224crop_0_0,0.119,7
cast,5292,mural__img_1224crop_0_0,0.2857,7
stytr2,5292,mural__img_1224crop_1_1,0.2857,7
adain,5292,mural__img_1224crop_1_1,0.1429,7
sanet,5292,mural__img_1224crop_1_1,0.119,7
cast,5292,mural__img_1224crop_1_1,0.2857,7
stytr2,5292,mural__img_16crop_0_0,0.2857,7
adain,5292,mural__img_16crop_0_0,0.0,7
sanet,5292,mural__img_16crop_0_0,0.2381,7
cast,5292,mural__img_16crop_0_0,0.2857,7
stytr2,5292,mural__img_276crop_1_0,0.2857,7
adain,5292,mural__img_276crop_1_0,0.0,7
sanet,5292,mural__img_276crop_1_0,0.2143,7
cast,5292,mural__img_276crop_1_0,0.2857,7
stytr2,5292,mural__img_326crop_1_1,0.2857,7
adain,5292,mural__img_326crop_1_1,0.0,7
sanet,5292,mural__img_326crop_1_1,0.1905,7
cast,5292,mural__img_326crop_1_1,0.5143,7
stytr2,5292,mural__img_327crop_0_1,0.2857,7
adain,5292,mural__img_327crop_0_1,0.1905,7
sanet,5292,mural__img_327crop_0_1,0.2619,7
cast,5292,mural__img_327crop_0_1,0.5143,7
stytr2,5292,mural__img_536crop_1_0,0.4,7
adain,5292,mural__img_536crop_1_0,0.119,7
sanet,5292,mural__img_536crop_1_0,0.1429,7
cast,5292,mural__img_536crop_1_0,0.5143,7
stytr2,5292,mural__img_593crop_0_0,0.2857,7
adain,5292,mural__img_593crop_0_0,0.119,7
sanet,5292,mural__img_593crop_0_0,0.381,7
cast,5292,mural__img_593crop_0_0,0.25,7
stytr2,5292,mural__img_739crop_1_1,0.2857,7
adain,5292,mural__img_739crop_1_1,0.119,7
sanet,5292,mural__img_739crop_1_1,0.2619,7
cast,5292,mural__img_739crop_1_1,0.4905,7
stytr2,5292,western_painting__met_359775,0.2857,7
adain,5292,western_painting__met_359775,0.1429,7
sanet,5292,western_painting__met_359775,0.2619,7
cast,5292,western_painting__met_359775,0.2857,7
stytr2,5292,western_painting__met_383787,0.2857,7
adain,5292,western_painting__met_383787,0.0952,7
sanet,5292,western_painting__met_383787,0.2143,7
cast,5292,western_painting__met_383787,0.4857,7
stytr2,5292,western_painting__met_406721,0.5476,7
adain,5292,western_painting__met_406721,0.1429,7
sanet,5292,western_painting__met_406721,0.2857,7
cast,5292,western_painting__met_406721,0.4571,7
stytr2,5292,western_painting__met_437769,0.2857,7
adain,5292,western_painting__met_437769,0.0,7
sanet,5292,western_painting__met_437769,0.1429,7
cast,5292,western_painting__met_437769,0.2857,7
stytr2,5292,western_painting__met_437967,0.2857,7
adain,5292,western_painting__met_437967,0.119,7
sanet,5292,western_painting__met_437967,0.2381,7
cast,5292,western_painting__met_437967,0.2857,7
stytr2,5292,western_painting__met_439405,0.2857,7
adain,5292,western_painting__met_439405,0.0,7
sanet,5292,western_painting__met_439405,0.119,7
cast,5292,western_painting__met_439405,0.2857,7
stytr2,5292,western_painting__met_649693,0.0,7
adain,5292,western_painting__met_649693,0.1143,7
sanet,5292,western_painting__met_649693,0.2857,7
cast,5292,western_painting__met_649693,0.25,7
stytr2,5292,western_painting__met_739494,0.4762,7
adain,5292,western_painting__met_739494,0.119,7
sanet,5292,western_painting__met_739494,0.2619,7
cast,5292,western_painting__met_739494,0.4571,7
stytr2,5292,western_painting__met_787672,0.2857,7
adain,5292,western_painting__met_787672,0.1429,7
sanet,5292,western_painting__met_787672,0.2857,7
cast,5292,western_painting__met_787672,0.5714,7
stytr2,5292,western_painting__met_788182,0.2857,7
adain,5292,western_painting__met_788182,0.1429,7
sanet,5292,western_painting__met_788182,0.2857,7
cast,5292,western_painting__met_788182,0.2571,7
stytr2,5299,chinese_landscape__130942,0.3667,6
adain,5299,chinese_landscape__130942,0.1369,6
sanet,5299,chinese_landscape__130942,0.2857,6
cast,5299,chinese_landscape__130942,0.25,6
stytr2,5299,chinese_landscape__132834,0.3214,6
adain,5299,chinese_landscape__132834,0.0476,6
sanet,5299,chinese_landscape__132834,0.256,6
cast,5299,chinese_landscape__132834,0.2619,6
stytr2,5299,chinese_landscape__132836,0.3214,6
adain,5299,chinese_landscape__132836,0.0744,6
sanet,5299,chinese_landscape__132836,0.2649,6
cast,5299,chinese_landscape__132836,0.369,6
stytr2,5299,chinese_landscape__132840,0.3214,6
adain,5299,chinese_landscape__132840,0.0744,6
sanet,5299,chinese_landscape__132840,0.2649,6
cast,5299,chinese_landscape__132840,0.2738,6
stytr2,5299,chinese_landscape__132930,0.3333,6
adain,5299,chinese_landscape__132930,0.0,6
sanet,5299,chinese_landscape__132930,0.2649,6
cast,5299,chinese_landscape__132930,0.2619,6
stytr2,5299,chinese_landscape__137205,0.2738,6
adain,5299,chinese_landscape__137205,0.0,6
sanet,5299,chinese_landscape__137205,0.1786,6
cast,5299,chinese_landscape__137205,0.2083,6
stytr2,5299,chinese_landscape__142574,0.3214,6
adain,5299,chinese_landscape__142574,0.0,6
sanet,5299,chinese_landscape__142574,0.2381,6
cast,5299,chinese_landscape__142574,0.2292,6
stytr2,5299,chinese_landscape__142578,0.3095,6
adain,5299,chinese_landscape__142578,0.0,6
sanet,5299,chinese_landscape__142578,0.2411,6
cast,5299,chinese_landscape__142578,0.3524,6
stytr2,5299,chinese_landscape__144829,0.3333,6
adain,5299,chinese_landscape__144829,0.0536,6
sanet,5299,chinese_landscape__144829,0.2976,6
cast,5299,chinese_landscape__144829,0.25,6
stytr2,5299,chinese_landscape__148342,0.2857,6
adain,5299,chinese_landscape__148342,0.0,6
sanet,5299,chinese_landscape__148342,0.2976,6
cast,5299,chinese_landscape__148342,0.3405,6
stytr2,5299,mural__img_1082crop_1_0,0.2738,6
adain,5299,mural__img_1082crop_1_0,0.0952,6
sanet,5299,mural__img_1082crop_1_0,0.2649,6
cast,5299,mural__img_1082crop_1_0,0.2738,6
stytr2,5299,mural__img_1224crop_0_0,0.1577,6
adain,5299,mural__img_1224crop_0_0,0.0,6
sanet,5299,mural__img_1224crop_0_0,0.1369,6
cast,5299,mural__img_1224crop_0_0,0.3643,6
stytr2,5299,mural__img_1224crop_1_1,0.1786,6
adain,5299,mural__img_1224crop_1_1,0.0,6
sanet,5299,mural__img_1224crop_1_1,0.1786,6
cast,5299,mural__img_1224crop_1_1,0.3452,6
stytr2,5299,mural__img_16crop_0_0,0.1786,6
adain,5299,mural__img_16crop_0_0,0.0,6
sanet,5299,mural__img_16crop_0_0,0.1369,6
cast,5299,mural__img_16crop_0_0,0.1786,6
stytr2,5299,mural__img_276crop_1_0,0.1786,6
adain,5299,mural__img_276crop_1_0,0.0,6
sanet,5299,mural__img_276crop_1_0,0.1577,6
cast,5299,mural__img_276crop_1_0,0.1786,6
stytr2,5299,mural__img_326crop_1_1,0.1786,6
adain,5299,mural__img_326crop_1_1,0.0,6
sanet,5299,mural__img_326crop_1_1,0.1577,6
cast,5299,mural__img_326crop_1_1,0.1786,6
stytr2,5299,mural__img_327crop_0_1,0.2381,6
adain,5299,mural__img_327crop_0_1,0.0952,6
sanet,5299,mural__img_327crop_0_1,0.2173,6
cast,5299,mural__img_327crop_0_1,0.2738,6
stytr2,5299,mural__img_536crop_1_0,0.1786,6
adain,5299,mural__img_536crop_1_0,0.0744,6
sanet,5299,mural__img_536crop_1_0,0.1577,6
cast,5299,mural__img_536crop_1_0,0.2619,6
stytr2,5299,mural__img_593crop_0_0,0.2381,6
adain,5299,mural__img_593crop_0_0,0.0744,6
sanet,5299,mural__img_593crop_0_0,0.2381,6
cast,5299,mural__img_593crop_0_0,0.2381,6
stytr2,5299,mural__img_739crop_1_1,0.1577,6
adain,5299,mural__img_739crop_1_1,0.0,6
sanet,5299,mural__img_739crop_1_1,0.0446,6
cast,5299,mural__img_739crop_1_1,0.1786,6
stytr2,5299,western_painting__met_359775,0.1786,6
adain,5299,western_painting__met_359775,0.0,6
sanet,5299,western_painting__met_359775,0.2202,6
cast,5299,western_painting__met_359775,0.3405,6
stytr2,5299,western_painting__met_383787,0.1369,6
adain,5299,western_painting__met_383787,0.0,6
sanet,5299,western_painting__met_383787,0.1369,6
cast,5299,western_painting__met_383787,0.2738,6
stytr2,5299,western_painting__met_406721,0.1786,6
adain,5299,western_painting__met_406721,0.0536,6
sanet,5299,western_painting__met_406721,0.2619,6
cast,5299,western_painting__met_406721,0.2381,6
stytr2,5299,western_painting__met_437769,0.1786,6
adain,5299,western_painting__met_437769,0.0,6
sanet,5299,western_painting__met_437769,0.0,6
cast,5299,western_painting__met_437769,0.1786,6
stytr2,5299,western_painting__met_437967,0.2262,6
adain,5299,western_painting__met_437967,0.0,6
sanet,5299,western_painting__met_437967,0.1577,6
cast,5299,western_painting__met_437967,0.1786,6
stytr2,5299,western_painting__met_439405,0.1786,6
adain,5299,western_painting__met_439405,0.0,6
sanet,5299,western_painting__met_439405,0.1161,6
cast,5299,western_painting__met_439405,0.1786,6
stytr2,5299,western_painting__met_649693,0.2798,6
adain,5299,western_painting__met_649693,0.0744,6
sanet,5299,western_painting__met_649693,0.2381,6
cast,5299,western_painting__met_649693,0.2381,6
stytr2,5299,western_painting__met_739494,0.1786,6
adain,5299,western_painting__met_739494,0.0,6
sanet,5299,western_painting__met_739494,0.2292,6
cast,5299,western_painting__met_739494,0.3571,6
stytr2,5299,western_painting__met_787672,0.2738,6
adain,5299,western_painting__met_787672,0.0744,6
sanet,5299,western_painting__met_787672,0.2619,6
cast,5299,western_painting__met_787672,0.2857,6
stytr2,5299,western_painting__met_788182,0.25,6
adain,5299,western_painting__met_788182,0.0,6
sanet,5299,western_painting__met_788182,0.2857,6
cast,5299,western_painting__met_788182,0.2619,6
stytr2,5310,chinese_landscape__130942,0.3182,6
adain,5310,chinese_landscape__130942,0.0,6
sanet,5310,chinese_landscape__130942,0.1212,6
cast,5310,chinese_landscape__130942,0.6061,6
stytr2,5310,chinese_landscape__132834,0.4798,6
adain,5310,chinese_landscape__132834,0.0,6
sanet,5310,chinese_landscape__132834,0.3283,6
cast,5310,chinese_landscape__132834,0.6187,6
stytr2,5310,chinese_landscape__132836,0.2727,6
adain,5310,chinese_landscape__132836,0.0,6
sanet,5310,chinese_landscape__132836,0.1061,6
cast,5310,chinese_landscape__132836,0.1667,6
stytr2,5310,chinese_landscape__132840,0.4677,6
adain,5310,chinese_landscape__132840,0.0,6
sanet,5310,chinese_landscape__132840,0.2172,6
cast,5310,chinese_landscape__132840,0.4167,6
stytr2,5310,chinese_landscape__132930,0.5303,6
adain,5310,chinese_landscape__132930,0.0,6
sanet,5310,chinese_landscape__132930,0.0909,6
cast,5310,chinese_landscape__132930,0.4773,6
stytr2,5310,chinese_landscape__137205,0.2308,6
adain,5310,chinese_landscape__137205,0.0,6
sanet,5310,chinese_landscape__137205,0.1061,6
cast,5310,chinese_landscape__137205,0.2424,6
stytr2,5310,chinese_landscape__142574,0.7121,6
adain,5310,chinese_landscape__142574,0.0,6
sanet,5310,chinese_landscape__142574,0.0909,6
cast,5310,chinese_landscape__142574,0.4621,6
stytr2,5310,chinese_landscape__142578,0.4924,6
adain,5310,chinese_landscape__142578,0.0,6
sanet,5310,chinese_landscape__142578,0.1919,6
cast,5310,chinese_landscape__142578,0.4924,6
stytr2,5310,chinese_landscape__144829,0.6364,6
adain,5310,chinese_landscape__144829,0.0,6
sanet,5310,chinese_landscape__144829,0.1515,6
cast,5310,chinese_landscape__144829,0.4894,6
stytr2,5310,chinese_landscape__148342,0.548,6
adain,5310,chinese_landscape__148342,0.0985,6
sanet,5310,chinese_landscape__148342,0.1212,6
cast,5310,chinese_landscape__148342,0.5682,6
stytr2,5310,mural__img_1082crop_1_0,0.2879,6
adain,5310,mural__img_1082crop_1_0,0.0,6
sanet,5310,mural__img_1082crop_1_0,0.1212,6
cast,5310,mural__img_1082crop_1_0,0.7146,6
stytr2,5310,mural__img_1224crop_0_0,0.4848,6
adain,5310,mural__img_1224crop_0_0,0.0,6
sanet,5310,mural__img_1224crop_0_0,0.3561,6
cast,5310,mural__img_1224crop_0_0,0.6338,6
stytr2,5310,mural__img_1224crop_1_1,0.1364,6
adain,5310,mural__img_1224crop_1_1,0.0,6
sanet,5310,mural__img_1224crop_1_1,0.0758,6
cast,5310,mural__img_1224crop_1_1,0.6313,6
stytr2,5310,mural__img_16crop_0_0,0.1364,6
adain,5310,mural__img_16crop_0_0,0.0,6
sanet,5310,mural__img_16crop_0_0,0.1061,6
cast,5310,mural__img_16crop_0_0,0.4288,6
stytr2,5310,mural__img_276crop_1_0,0.0,6
adain,5310,mural__img_276crop_1_0,0.0,6
sanet,5310,mural__img_276crop_1_0,0.1035,6
cast,5310,mural__img_276crop_1_0,0.1242,6
stytr2,5310,mural__img_326crop_1_1,0.3864,6
adain,5310,mural__img_326crop_1_1,0.0,6
sanet,5310,mural__img_326crop_1_1,0.0758,6
cast,5310,mural__img_326crop_1_1,0.4702,6
stytr2,5310,mural__img_327crop_0_1,0.4167,6
adain,5310,mural__img_327crop_0_1,0.1035,6
sanet,5310,mural__img_327crop_0_1,0.0758,6
cast,5310,mural__img_327crop_0_1,0.7374,6
stytr2,5310,mural__img_536crop_1_0,0.3682,6
adain,5310,mural__img_536crop_1_0,0.0884,6
sanet,5310,mural__img_536crop_1_0,0.1212,6
cast,5310,mural__img_536crop_1_0,0.6414,6
stytr2,5310,mural__img_593crop_0_0,0.5,6
adain,5310,mural__img_593crop_0_0,0.0884,6
sanet,5310,mural__img_593crop_0_0,0.1061,6
cast,5310,mural__img_593crop_0_0,0.6641,6
stytr2,5310,mural__img_739crop_1_1,0.3864,6
adain,5310,mural__img_739crop_1_1,0.0,6
sanet,5310,mural__img_739crop_1_1,0.0758,6
cast,5310,mural__img_739crop_1_1,0.4111,6
stytr2,5310,western_painting__met_359775,0.4263,6
adain,5310,western_painting__met_359775,0.1111,6
sanet,5310,western_painting__met_359775,0.1061,6
cast,5310,western_painting__met_359775,0.5258,6
stytr2,5310,western_painting__met_383787,0.1212,6
adain,5310,western_painting__met_383787,0.0,6
sanet,5310,western_painting__met_383787,0.3283,6
cast,5310,western_painting__met_383787,0.353,6
stytr2,5310,western_painting__met_406721,0.4318,6
adain,5310,western_painting__met_406721,0.0,6
sanet,5310,western_painting__met_406721,0.1212,6
cast,5310,western_painting__met_406721,0.4015,6
stytr2,5310,western_painting__met_437769,0.4015,6
adain,5310,western_painting__met_437769,0.0732,6
sanet,5310,western_painting__met_437769,0.3308,6
cast,5310,western_painting__met_437769,0.1667,6
stytr2,5310,western_painting__met_437967,0.4419,6
adain,5310,western_painting__met_437967,0.0,6
sanet,5310,western_painting__met_437967,0.2283,6
cast,5310,western_painting__met_437967,0.5076,6
stytr2,5310,western_painting__met_439405,0.5253,6
adain,5310,western_painting__met_439405,0.0,6
sanet,5310,western_painting__met_439405,0.0,6
cast,5310,western_painting__met_439405,0.4924,6
stytr2,5310,western_painting__met_649693,0.1212,6
adain,5310,western_painting__met_649693,0.1389,6
sanet,5310,western_painting__met_649693,0.0909,6
cast,5310,western_painting__met_649693,0.6212,6
stytr2,5310,western_painting__met_739494,0.4167,6
adain,5310,western_painting__met_739494,0.0,6
sanet,5310,western_painting__met_739494,0.1616,6
cast,5310,western_painting__met_739494,0.4848,6
stytr2,5310,western_painting__met_787672,0.3833,6
adain,5310,western_painting__met_787672,0.1667,6
sanet,5310,western_painting__met_787672,0.1667,6
cast,5310,western_painting__met_787672,0.6288,6
stytr2,5310,western_painting__met_788182,0.1667,6
adain,5310,western_painting__met_788182,0.1111,6
sanet,5310,western_painting__met_788182,0.1515,6
cast,5310,western_painting__met_788182,0.4778,6
stytr2,5500,chinese_landscape__130942,0.1543,18
adain,5500,chinese_landscape__130942,0.0,18
sanet,5500,chinese_landscape__130942,0.0776,18
cast,5500,chinese_landscape__130942,0.1405,18
stytr2,5500,chinese_landscape__132834,0.1543,18
adain,5500,chinese_landscape__132834,0.0,18
sanet,5500,chinese_landscape__132834,0.0937,18
cast,5500,chinese_landscape__132834,0.1226,18
stytr2,5500,chinese_landscape__132836,0.1385,18
adain,5500,chinese_landscape__132836,0.0,18
sanet,5500,chinese_landscape__132836,0.0988,18
cast,5500,chinese_landscape__132836,0.1235,18
stytr2,5500,chinese_landscape__132840,0.1913,18
adain,5500,chinese_landscape__132840,0.0684,18
sanet,5500,chinese_landscape__132840,0.1064,18
cast,5500,chinese_landscape__132840,0.1451,18
stytr2,5500,chinese_landscape__132930,0.1208,18
adain,5500,chinese_landscape__132930,0.0,18
sanet,5500,chinese_landscape__132930,0.0974,18
cast,5500,chinese_landscape__132930,0.1358,18
stytr2,5500,chinese_landscape__137205,0.1543,18
adain,5500,chinese_landscape__137205,0.0,18
sanet,5500,chinese_landscape__137205,0.0863,18
cast,5500,chinese_landscape__137205,0.1305,18
stytr2,5500,chinese_landscape__142574,0.1543,18
adain,5500,chinese_landscape__142574,0.0,18
sanet,5500,chinese_landscape__142574,0.0988,18
cast,5500,chinese_landscape__142574,0.1297,18
stytr2,5500,chinese_landscape__142578,0.142,18
adain,5500,chinese_landscape__142578,0.0,18
sanet,5500,chinese_landscape__142578,0.0776,18
cast,5500,chinese_landscape__142578,0.142,18
stytr2,5500,chinese_landscape__144829,0.1543,18
adain,5500,chinese_landscape__144829,0.0,18
sanet,5500,chinese_landscape__144829,0.0776,18
cast,5500,chinese_landscape__144829,0.1358,18
stytr2,5500,chinese_landscape__148342,0.1262,18
adain,5500,chinese_landscape__148342,0.0,18
sanet,5500,chinese_landscape__148342,0.0988,18
cast,5500,chinese_landscape__148342,0.1543,18
stytr2,5500,mural__img_1082crop_1_0,0.1165,18
adain,5500,mural__img_1082crop_1_0,0.0,18
sanet,5500,mural__img_1082crop_1_0,0.0632,18
cast,5500,mural__img_1082crop_1_0,0.1405,18
stytr2,5500,mural__img_1224crop_0_0,0.1193,18
adain,5500,mural__img_1224crop_0_0,0.0,18
sanet,5500,mural__img_1224crop_0_0,0.0467,18
cast,5500,mural__img_1224crop_0_0,0.1123,18
stytr2,5500,mural__img_1224crop_1_1,0.1202,18
adain,5500,mural__img_1224crop_1_1,0.0,18
sanet,5500,mural__img_1224crop_1_1,0.0467,18
cast,5500,mural__img_1224crop_1_1,0.1123,18
stytr2,5500,mural__img_16crop_0_0,0.1054,18
adain,5500,mural__img_16crop_0_0,0.0,18
sanet,5500,mural__img_16crop_0_0,0.0467,18
cast,5500,mural__img_16crop_0_0,0.1054,18
stytr2,5500,mural__img_276crop_1_0,0.0374,18
adain,5500,mural__img_276crop_1_0,0.0,18
sanet,5500,mural__img_276crop_1_0,0.0,18
cast,5500,mural__img_276crop_1_0,0.0988,18
stytr2,5500,mural__img_326crop_1_1,0.1014,18
adain,5500,mural__img_326crop_1_1,0.0,18
sanet,5500,mural__img_326crop_1_1,0.0393,18
cast,5500,mural__img_326crop_1_1,0.1305,18
stytr2,5500,mural__img_327crop_0_1,0.1123,18
adain,5500,mural__img_327crop_0_1,0.0,18
sanet,5500,mural__img_327crop_0_1,0.0817,18
cast,5500,mural__img_327crop_0_1,0.1266,18
stytr2,5500,mural__img_536crop_1_0,0.1543,18
adain,5500,mural__img_536crop_1_0,0.0,18
sanet,5500,mural__img_536crop_1_0,0.0,18
cast,5500,mural__img_536crop_1_0,0.1464,18
stytr2,5500,mural__img_593crop_0_0,0.1054,18
adain,5500,mural__img_593crop_0_0,0.0,18
sanet,5500,mural__img_593crop_0_0,0.0551,18
cast,5500,mural__img_593crop_0_0,0.1297,18
stytr2,5500,mural__img_739crop_1_1,0.1385,18
adain,5500,mural__img_739crop_1_1,0.0,18
sanet,5500,mural__img_739crop_1_1,0.0,18
cast,5500,mural__img_739crop_1_1,0.0776,18
stytr2,5500,western_painting__met_359775,0.1332,18
adain,5500,western_painting__met_359775,0.0,18
sanet,5500,western_painting__met_359775,0.0776,18
cast,5500,western_painting__met_359775,0.1405,18
stytr2,5500,western_painting__met_383787,0.1305,18
adain,5500,western_painting__met_383787,0.0,18
sanet,5500,western_painting__met_383787,0.0985,18
cast,5500,western_painting__met_383787,0.1384,18
stytr2,5500,western_painting__met_406721,0.1358,18
adain,5500,western_painting__met_406721,0.0,18
sanet,5500,western_painting__met_406721,0.0467,18
cast,5500,western_painting__met_406721,0.1054,18
stytr2,5500,western_painting__met_437769,0.1332,18
adain,5500,western_painting__met_437769,0.0,18
sanet,5500,western_painting__met_437769,0.0,18
cast,5500,western_painting__met_437769,0.1054,18
stytr2,5500,western_painting__met_437967,0.1335,18
adain,5500,western_painting__met_437967,0.0,18
sanet,5500,western_painting__met_437967,0.0,18
cast,5500,western_painting__met_437967,0.1305,18
stytr2,5500,western_painting__met_439405,0.127,18
adain,5500,western_painting__met_439405,0.0,18
sanet,5500,western_painting__met_439405,0.0,18
cast,5500,western_painting__met_439405,0.0935,18
stytr2,5500,western_painting__met_649693,0.1014,18
adain,5500,western_painting__met_649693,0.0,18
sanet,5500,western_painting__met_649693,0.0832,18
cast,5500,western_painting__met_649693,0.1385,18
stytr2,5500,western_painting__met_739494,0.1506,18
adain,5500,western_painting__met_739494,0.0,18
sanet,5500,western_painting__met_739494,0.0451,18
cast,5500,western_painting__met_739494,0.1266,18
stytr2,5500,western_painting__met_787672,0.1094,18
adain,5500,western_painting__met_787672,0.0,18
sanet,5500,western_painting__met_787672,0.0948,18
cast,5500,western_painting__met_787672,0.1385,18
stytr2,5500,western_painting__met_788182,0.1208,18
adain,5500,western_painting__met_788182,0.0,18
sanet,5500,western_painting__met_788182,0.0632,18
cast,5500,western_painting__met_788182,0.1196,18
stytr2,5638,chinese_landscape__130942,0.3956,13
adain,5638,chinese_landscape__130942,0.0,13
sanet,5638,chinese_landscape__130942,0.1392,13
cast,5638,chinese_landscape__130942,0.1648,13
stytr2,5638,chinese_landscape__132834,0.1648,13
adain,5638,chinese_landscape__132834,0.0,13
sanet,5638,chinese_landscape__132834,0.0993,13
cast,5638,chinese_landscape__132834,0.1392,13
stytr2,5638,chinese_landscape__132836,0.1648,13
adain,5638,chinese_landscape__132836,0.0,13
sanet,5638,chinese_landscape__132836,0.1648,13
cast,5638,chinese_landscape__132836,0.1392,13
stytr2,5638,chinese_landscape__132840,0.1648,13
adain,5638,chinese_landscape__132840,0.0,13
sanet,5638,chinese_landscape__132840,0.0513,13
cast,5638,chinese_landscape__132840,0.1456,13
stytr2,5638,chinese_landscape__132930,0.1978,13
adain,5638,chinese_landscape__132930,0.0,13
sanet,5638,chinese_landscape__132930,0.0,13
cast,5638,chinese_landscape__132930,0.3194,13
stytr2,5638,chinese_landscape__137205,0.2939,13
adain,5638,chinese_landscape__137205,0.0,13
sanet,5638,chinese_landscape__137205,0.2077,13
cast,5638,chinese_landscape__137205,0.1648,13
stytr2,5638,chinese_landscape__142574,0.1648,13
adain,5638,chinese_landscape__142574,0.0,13
sanet,5638,chinese_landscape__142574,0.0513,13
cast,5638,chinese_landscape__142574,0.1648,13
stytr2,5638,chinese_landscape__142578,0.1648,13
adain,5638,chinese_landscape__142578,0.0,13
sanet,5638,chinese_landscape__142578,0.1136,13
cast,5638,chinese_landscape__142578,0.1392,13
stytr2,5638,chinese_landscape__144829,0.1648,13
adain,5638,chinese_landscape__144829,0.0,13
sanet,5638,chinese_landscape__144829,0.1392,13
cast,5638,chinese_landscape__144829,0.3385,13
stytr2,5638,chinese_landscape__148342,0.1648,13
adain,5638,chinese_landscape__148342,0.0,13
sanet,5638,chinese_landscape__148342,0.1392,13
cast,5638,chinese_landscape__148342,0.1648,13
stytr2,5638,mural__img_1082crop_1_0,0.1648,13
adain,5638,mural__img_1082crop_1_0,0.0513,13
sanet,5638,mural__img_1082crop_1_0,0.0366,13
cast,5638,mural__img_1082crop_1_0,0.1722,13
stytr2,5638,mural__img_1224crop_0_0,0.0879,13
adain,5638,mural__img_1224crop_0_0,0.0,13
sanet,5638,mural__img_1224crop_0_0,0.0,13
cast,5638,mural__img_1224crop_0_0,0.2777,13
stytr2,5638,mural__img_1224crop_1_1,0.1392,13
adain,5638,mural__img_1224crop_1_1,0.0,13
sanet,5638,mural__img_1224crop_1_1,0.0,13
cast,5638,mural__img_1224crop_1_1,0.1392,13
stytr2,5638,mural__img_16crop_0_0,0.1456,13
adain,5638,mural__img_16crop_0_0,0.0,13
sanet,5638,mural__img_16crop_0_0,0.0623,13
cast,5638,mural__img_16crop_0_0,0.1392,13
stytr2,5638,mural__img_276crop_1_0,0.0,13
adain,5638,mural__img_276crop_1_0,0.0,13
sanet,5638,mural__img_276crop_1_0,0.0,13
cast,5638,mural__img_276crop_1_0,0.0513,13
stytr2,5638,mural__img_326crop_1_1,0.1392,13
adain,5638,mural__img_326crop_1_1,0.0,13
sanet,5638,mural__img_326crop_1_1,0.0,13
cast,5638,mural__img_326crop_1_1,0.1392,13
stytr2,5638,mural__img_327crop_0_1,0.1648,13
adain,5638,mural__img_327crop_0_1,0.0366,13
sanet,5638,mural__img_327crop_0_1,0.0256,13
cast,5638,mural__img_327crop_0_1,0.1648,13
stytr2,5638,mural__img_536crop_1_0,0.1648,13
adain,5638,mural__img_536crop_1_0,0.0,13
sanet,5638,mural__img_536crop_1_0,0.0879,13
cast,5638,mural__img_536crop_1_0,0.1648,13
stytr2,5638,mural__img_593crop_0_0,0.1648,13
adain,5638,mural__img_593crop_0_0,0.0,13
sanet,5638,mural__img_593crop_0_0,0.0,13
cast,5638,mural__img_593crop_0_0,0.1392,13
stytr2,5638,mural__img_739crop_1_1,0.1648,13
adain,5638,mural__img_739crop_1_1,0.0,13
sanet,5638,mural__img_739crop_1_1,0.0,13
cast,5638,mural__img_739crop_1_1,0.1648,13
stytr2,5638,western_painting__met_359775,0.1648,13
adain,5638,western_painting__met_359775,0.0,13
sanet,5638,western_painting__met_359775,0.0623,13
cast,5638,western_painting__met_359775,0.1648,13
stytr2,5638,western_painting__met_383787,0.1648,13
adain,5638,western_painting__met_383787,0.0,13
sanet,5638,western_painting__met_383787,0.0623,13
cast,5638,western_painting__met_383787,0.3404,13
stytr2,5638,western_painting__met_406721,0.1648,13
adain,5638,western_painting__met_406721,0.0,13
sanet,5638,western_painting__met_406721,0.2372,13
cast,5638,western_painting__met_406721,0.2825,13
stytr2,5638,western_painting__met_437769,0.0879,13
adain,5638,western_painting__met_437769,0.0,13
sanet,5638,western_painting__met_437769,0.0,13
cast,5638,western_painting__met_437769,0.3071,13
stytr2,5638,western_painting__met_437967,0.1648,13
adain,5638,western_painting__met_437967,0.0,13
sanet,5638,western_painting__met_437967,0.0,13
cast,5638,western_painting__met_437967,0.3209,13
stytr2,5638,western_painting__met_439405,0.1648,13
adain,5638,western_painting__met_439405,0.0,13
sanet,5638,western_painting__met_439405,0.0,13
cast,5638,western_painting__met_439405,0.1648,13
stytr2,5638,western_painting__met_649693,0.0879,13
adain,5638,western_painting__met_649693,0.0,13
sanet,5638,western_painting__met_649693,0.0623,13
cast,5638,western_painting__met_649693,0.1648,13
stytr2,5638,western_painting__met_739494,0.1648,13
adain,5638,western_painting__met_739494,0.0,13
sanet,5638,western_painting__met_739494,0.0,13
cast,5638,western_painting__met_739494,0.3124,13
stytr2,5638,western_painting__met_787672,0.0879,13
adain,5638,western_painting__met_787672,0.0,13
sanet,5638,western_painting__met_787672,0.0,13
cast,5638,western_painting__met_787672,0.1392,13
stytr2,5638,western_painting__met_788182,0.1648,13
adain,5638,western_painting__met_788182,0.0,13
sanet,5638,western_painting__met_788182,0.0,13
cast,5638,western_painting__met_788182,0.1648,13
stytr2,5751,chinese_landscape__130942,0.3881,8
adain,5751,chinese_landscape__130942,0.0,8
sanet,5751,chinese_landscape__130942,0.0625,8
cast,5751,chinese_landscape__130942,0.348,8
stytr2,5751,chinese_landscape__132834,0.2932,8
adain,5751,chinese_landscape__132834,0.0481,8
sanet,5751,chinese_landscape__132834,0.0673,8
cast,5751,chinese_landscape__132834,0.3316,8
stytr2,5751,chinese_landscape__132836,0.2736,8
adain,5751,chinese_landscape__132836,0.0577,8
sanet,5751,chinese_landscape__132836,0.0673,8
cast,5751,chinese_landscape__132836,0.3254,8
stytr2,5751,chinese_landscape__132840,0.318,8
adain,5751,chinese_landscape__132840,0.0,8
sanet,5751,chinese_landscape__132840,0.1238,8
cast,5751,chinese_landscape__132840,0.3137,8
stytr2,5751,chinese_landscape__132930,0.3177,8
adain,5751,chinese_landscape__132930,0.0,8
sanet,5751,chinese_landscape__132930,0.1302,8
cast,5751,chinese_landscape__132930,0.3379,8
stytr2,5751,chinese_landscape__137205,0.2897,8
adain,5751,chinese_landscape__137205,0.0481,8
sanet,5751,chinese_landscape__137205,0.0577,8
cast,5751,chinese_landscape__137205,0.3366,8
stytr2,5751,chinese_landscape__142574,0.3427,8
adain,5751,chinese_landscape__142574,0.0,8
sanet,5751,chinese_landscape__142574,0.095,8
cast,5751,chinese_landscape__142574,0.3391,8
stytr2,5751,chinese_landscape__142578,0.303,8
adain,5751,chinese_landscape__142578,0.0,8
sanet,5751,chinese_landscape__142578,0.1046,8
cast,5751,chinese_landscape__142578,0.3391,8
stytr2,5751,chinese_landscape__144829,0.3359,8
adain,5751,chinese_landscape__144829,0.0096,8
sanet,5751,chinese_landscape__144829,0.0948,8
cast,5751,chinese_landscape__144829,0.3391,8
stytr2,5751,chinese_landscape__148342,0.3177,8
adain,5751,chinese_landscape__148342,0.0,8
sanet,5751,chinese_landscape__148342,0.1375,8
cast,5751,chinese_landscape__148342,0.3082,8
stytr2,5751,mural__img_1082crop_1_0,0.3081,8
adain,5751,mural__img_1082crop_1_0,0.0,8
sanet,5751,mural__img_1082crop_1_0,0.0192,8
cast,5751,mural__img_1082crop_1_0,0.3177,8
stytr2,5751,mural__img_1224crop_0_0,0.1094,8
adain,5751,mural__img_1224crop_0_0,0.0,8
sanet,5751,mural__img_1224crop_0_0,0.0,8
cast,5751,mural__img_1224crop_0_0,0.2951,8
stytr2,5751,mural__img_1224crop_1_1,0.1514,8
adain,5751,mural__img_1224crop_1_1,0.0,8
sanet,5751,mural__img_1224crop_1_1,0.0192,8
cast,5751,mural__img_1224crop_1_1,0.2987,8
stytr2,5751,mural__img_16crop_0_0,0.2091,8
adain,5751,mural__img_16crop_0_0,0.0,8
sanet,5751,mural__img_16crop_0_0,0.0769,8
cast,5751,mural__img_16crop_0_0,0.3177,8
stytr2,5751,mural__img_276crop_1_0,0.0938,8
adain,5751,mural__img_276crop_1_0,0.0,8
sanet,5751,mural__img_276crop_1_0,0.0,8
cast,5751,mural__img_276crop_1_0,0.1094,8
stytr2,5751,mural__img_326crop_1_1,0.0781,8
adain,5751,mural__img_326crop_1_1,0.0,8
sanet,5751,mural__img_326crop_1_1,0.0,8
cast,5751,mural__img_326crop_1_1,0.3504,8
stytr2,5751,mural__img_327crop_0_1,0.1514,8
adain,5751,mural__img_327crop_0_1,0.0,8
sanet,5751,mural__img_327crop_0_1,0.0,8
cast,5751,mural__img_327crop_0_1,0.3022,8
stytr2,5751,mural__img_536crop_1_0,0.0938,8
adain,5751,mural__img_536crop_1_0,0.0,8
sanet,5751,mural__img_536crop_1_0,0.0,8
cast,5751,mural__img_536crop_1_0,0.3109,8
stytr2,5751,mural__img_593crop_0_0,0.2248,8
adain,5751,mural__img_593crop_0_0,0.0,8
sanet,5751,mural__img_593crop_0_0,0.0312,8
cast,5751,mural__img_593crop_0_0,0.3072,8
stytr2,5751,mural__img_739crop_1_1,0.2151,8
adain,5751,mural__img_739crop_1_1,0.0,8
sanet,5751,mural__img_739crop_1_1,0.0577,8
cast,5751,mural__img_739crop_1_1,0.3254,8
stytr2,5751,western_painting__met_359775,0.2866,8
adain,5751,western_painting__met_359775,0.0096,8
sanet,5751,western_painting__met_359775,0.1615,8
cast,5751,western_painting__met_359775,0.3254,8
stytr2,5751,western_painting__met_383787,0.2031,8
adain,5751,western_painting__met_383787,0.0577,8
sanet,5751,western_painting__met_383787,0.0859,8
cast,5751,western_painting__met_383787,0.3344,8
stytr2,5751,western_painting__met_406721,0.1454,8
adain,5751,western_painting__met_406721,0.0,8
sanet,5751,western_painting__met_406721,0.1696,8
cast,5751,western_painting__met_406721,0.3313,8
stytr2,5751,western_painting__met_437769,0.1322,8
adain,5751,western_painting__met_437769,0.0,8
sanet,5751,western_painting__met_437769,0.1238,8
cast,5751,western_painting__met_437769,0.3504,8
stytr2,5751,western_painting__met_437967,0.245,8
adain,5751,western_painting__met_437967,0.0,8
sanet,5751,western_painting__met_437967,0.0288,8
cast,5751,western_painting__met_437967,0.3254,8
stytr2,5751,western_painting__met_439405,0.0781,8
adain,5751,western_painting__met_439405,0.0,8
sanet,5751,western_painting__met_439405,0.0,8
cast,5751,western_painting__met_439405,0.3088,8
stytr2,5751,western_painting__met_649693,0.0791,8
adain,5751,western_painting__met_649693,0.0577,8
sanet,5751,western_painting__met_649693,0.0577,8
cast,5751,western_painting__met_649693,0.32,8
stytr2,5751,western_painting__met_739494,0.2701,8
adain,5751,western_painting__met_739494,0.0,8
sanet,5751,western_painting__met_739494,0.1334,8
cast,5751,western_painting__met_739494,0.3254,8
stytr2,5751,western_painting__met_787672,0.2076,8
adain,5751,western_painting__met_787672,0.0481,8
sanet,5751,western_painting__met_787672,0.149,8
cast,5751,western_painting__met_787672,0.3302,8
stytr2,5751,western_painting__met_788182,0.2428,8
adain,5751,western_painting__met_788182,0.0,8
sanet,5751,western_painting__met_788182,0.1202,8
cast,5751,western_painting__met_788182,0.3313,8
stytr2,5760,chinese_landscape__130942,0.4345,10
adain,5760,chinese_landscape__130942,0.0,10
sanet,5760,chinese_landscape__130942,0.0857,10
cast,5760,chinese_landscape__130942,0.469,10
stytr2,5760,chinese_landscape__132834,0.4143,10
adain,5760,chinese_landscape__132834,0.0,10
sanet,5760,chinese_landscape__132834,0.0714,10
cast,5760,chinese_landscape__132834,0.4607,10
stytr2,5760,chinese_landscape__132836,0.3893,10
adain,5760,chinese_landscape__132836,0.0,10
sanet,5760,chinese_landscape__132836,0.0,10
cast,5760,chinese_landscape__132836,0.4857,10
stytr2,5760,chinese_landscape__132840,0.4143,10
adain,5760,chinese_landscape__132840,0.0,10
sanet,5760,chinese_landscape__132840,0.0857,10
cast,5760,chinese_landscape__132840,0.3845,10
stytr2,5760,chinese_landscape__132930,0.4179,10
adain,5760,chinese_landscape__132930,0.0,10
sanet,5760,chinese_landscape__132930,0.0,10
cast,5760,chinese_landscape__132930,0.4262,10
stytr2,5760,chinese_landscape__137205,0.275,10
adain,5760,chinese_landscape__137205,0.0,10
sanet,5760,chinese_landscape__137205,0.0,10
cast,5760,chinese_landscape__137205,0.4607,10
stytr2,5760,chinese_landscape__142574,0.3929,10
adain,5760,chinese_landscape__142574,0.0,10
sanet,5760,chinese_landscape__142574,0.1167,10
cast,5760,chinese_landscape__142574,0.4429,10
stytr2,5760,chinese_landscape__142578,0.4429,10
adain,5760,chinese_landscape__142578,0.0,10
sanet,5760,chinese_landscape__142578,0.2143,10
cast,5760,chinese_landscape__142578,0.4179,10
stytr2,5760,chinese_landscape__144829,0.4167,10
adain,5760,chinese_landscape__144829,0.0,10
sanet,5760,chinese_landscape__144829,0.0857,10
cast,5760,chinese_landscape__144829,0.4262,10
stytr2,5760,chinese_landscape__148342,0.4095,10
adain,5760,chinese_landscape__148342,0.0,10
sanet,5760,chinese_landscape__148342,0.1071,10
cast,5760,chinese_landscape__148342,0.4095,10
stytr2,5760,mural__img_1082crop_1_0,0.3893,10
adain,5760,mural__img_1082crop_1_0,0.0,10
sanet,5760,mural__img_1082crop_1_0,0.0571,10
cast,5760,mural__img_1082crop_1_0,0.3893,10
stytr2,5760,mural__img_1224crop_0_0,0.1857,10
adain,5760,mural__img_1224crop_0_0,0.0,10
sanet,5760,mural__img_1224crop_0_0,0.0,10
cast,5760,mural__img_1224crop_0_0,0.4526,10
stytr2,5760,mural__img_1224crop_1_1,0.2976,10
adain,5760,mural__img_1224crop_1_1,0.0,10
sanet,5760,mural__img_1224crop_1_1,0.05,10
cast,5760,mural__img_1224crop_1_1,0.3726,10
stytr2,5760,mural__img_16crop_0_0,0.2726,10
adain,5760,mural__img_16crop_0_0,0.0,10
sanet,5760,mural__img_16crop_0_0,0.0286,10
cast,5760,mural__img_16crop_0_0,0.3762,10
stytr2,5760,mural__img_276crop_1_0,0.05,10
adain,5760,mural__img_276crop_1_0,0.0,10
sanet,5760,mural__img_276crop_1_0,0.0667,10
cast,5760,mural__img_276crop_1_0,0.269,10
stytr2,5760,mural__img_326crop_1_1,0.3143,10
adain,5760,mural__img_326crop_1_1,0.0,10
sanet,5760,mural__img_326crop_1_1,0.0,10
cast,5760,mural__img_326crop_1_1,0.3726,10
stytr2,5760,mural__img_327crop_0_1,0.2893,10
adain,5760,mural__img_327crop_0_1,0.0,10
sanet,5760,mural__img_327crop_0_1,0.05,10
cast,5760,mural__img_327crop_0_1,0.4321,10
stytr2,5760,mural__img_536crop_1_0,0.4179,10
adain,5760,mural__img_536crop_1_0,0.0,10
sanet,5760,mural__img_536crop_1_0,0.05,10
cast,5760,mural__img_536crop_1_0,0.4321,10
stytr2,5760,mural__img_593crop_0_0,0.3429,10
adain,5760,mural__img_593crop_0_0,0.0,10
sanet,5760,mural__img_593crop_0_0,0.0857,10
cast,5760,mural__img_593crop_0_0,0.4179,10
stytr2,5760,mural__img_739crop_1_1,0.3131,10
adain,5760,mural__img_739crop_1_1,0.0,10
sanet,5760,mural__img_739crop_1_1,0.0,10
cast,5760,mural__img_739crop_1_1,0.3893,10
stytr2,5760,western_painting__met_359775,0.2,10
adain,5760,western_painting__met_359775,0.0,10
sanet,5760,western_painting__met_359775,0.0,10
cast,5760,western_painting__met_359775,0.325,10
stytr2,5760,western_painting__met_383787,0.1667,10
adain,5760,western_painting__met_383787,0.0,10
sanet,5760,western_painting__met_383787,0.0333,10
cast,5760,western_painting__met_383787,0.4262,10
stytr2,5760,western_painting__met_406721,0.4179,10
adain,5760,western_painting__met_406721,0.0,10
sanet,5760,western_painting__met_406721,0.0667,10
cast,5760,western_painting__met_406721,0.4262,10
stytr2,5760,western_painting__met_437769,0.3167,10
adain,5760,western_painting__met_437769,0.0,10
sanet,5760,western_painting__met_437769,0.1119,10
cast,5760,western_painting__met_437769,0.4012,10
stytr2,5760,western_painting__met_437967,0.2917,10
adain,5760,western_painting__met_437967,0.0,10
sanet,5760,western_painting__met_437967,0.1262,10
cast,5760,western_painting__met_437967,0.4976,10
stytr2,5760,western_painting__met_439405,0.244,10
adain,5760,western_painting__met_439405,0.0,10
sanet,5760,western_painting__met_439405,0.0,10
cast,5760,western_painting__met_439405,0.4321,10
stytr2,5760,western_painting__met_649693,0.0714,10
adain,5760,western_painting__met_649693,0.0,10
sanet,5760,western_painting__met_649693,0.05,10
cast,5760,western_painting__met_649693,0.4155,10
stytr2,5760,western_painting__met_739494,0.1833,10
adain,5760,western_painting__met_739494,0.0,10
sanet,5760,western_painting__met_739494,0.0667,10
cast,5760,western_painting__met_739494,0.3929,10
stytr2,5760,western_painting__met_787672,0.2167,10
adain,5760,western_painting__met_787672,0.0,10
sanet,5760,western_painting__met_787672,0.0857,10
cast,5760,western_painting__met_787672,0.4321,10
stytr2,5760,western_painting__met_788182,0.3024,10
adain,5760,western_painting__met_788182,0.0,10
sanet,5760,western_painting__met_788182,0.0,10
cast,5760,western_painting__met_788182,0.3571,10
stytr2,5837,chinese_landscape__130942,0.5648,6
adain,5837,chinese_landscape__130942,0.0833,6
sanet,5837,chinese_landscape__130942,0.1667,6
cast,5837,chinese_landscape__130942,0.3778,6
stytr2,5837,chinese_landscape__132834,0.5694,6
adain,5837,chinese_landscape__132834,0.0833,6
sanet,5837,chinese_landscape__132834,0.1667,6
cast,5837,chinese_landscape__132834,0.3667,6
stytr2,5837,chinese_landscape__132836,0.4097,6
adain,5837,chinese_landscape__132836,0.1389,6
sanet,5837,chinese_landscape__132836,0.1389,6
cast,5837,chinese_landscape__132836,0.2667,6
stytr2,5837,chinese_landscape__132840,0.4206,6
adain,5837,chinese_landscape__132840,0.0833,6
sanet,5837,chinese_landscape__132840,0.1389,6
cast,5837,chinese_landscape__132840,0.2778,6
stytr2,5837,chinese_landscape__132930,0.4296,6
adain,5837,chinese_landscape__132930,0.1111,6
sanet,5837,chinese_landscape__132930,0.1389,6
cast,5837,chinese_landscape__132930,0.4185,6
stytr2,5837,chinese_landscape__137205,0.2619,6
adain,5837,chinese_landscape__137205,0.0833,6
sanet,5837,chinese_landscape__137205,0.1111,6
cast,5837,chinese_landscape__137205,0.3,6
stytr2,5837,chinese_landscape__142574,0.5833,6
adain,5837,chinese_landscape__142574,0.0,6
sanet,5837,chinese_landscape__142574,0.1667,6
cast,5837,chinese_landscape__142574,0.3667,6
stytr2,5837,chinese_landscape__142578,0.4762,6
adain,5837,chinese_landscape__142578,0.1111,6
sanet,5837,chinese_landscape__142578,0.1667,6
cast,5837,chinese_landscape__142578,0.4,6
stytr2,5837,chinese_landscape__144829,0.4815,6
adain,5837,chinese_landscape__144829,0.0833,6
sanet,5837,chinese_landscape__144829,0.1667,6
cast,5837,chinese_landscape__144829,0.3952,6
stytr2,5837,chinese_landscape__148342,0.4583,6
adain,5837,chinese_landscape__148342,0.0,6
sanet,5837,chinese_landscape__148342,0.1667,6
cast,5837,chinese_landscape__148342,0.3778,6
stytr2,5837,mural__img_1082crop_1_0,0.4583,6
adain,5837,mural__img_1082crop_1_0,0.0833,6
sanet,5837,mural__img_1082crop_1_0,0.1389,6
cast,5837,mural__img_1082crop_1_0,0.1944,6
stytr2,5837,mural__img_1224crop_0_0,0.25,6
adain,5837,mural__img_1224crop_0_0,0.0556,6
sanet,5837,mural__img_1224crop_0_0,0.1111,6
cast,5837,mural__img_1224crop_0_0,0.2619,6
stytr2,5837,mural__img_1224crop_1_1,0.2722,6
adain,5837,mural__img_1224crop_1_1,0.0833,6
sanet,5837,mural__img_1224crop_1_1,0.1389,6
cast,5837,mural__img_1224crop_1_1,0.2667,6
stytr2,5837,mural__img_16crop_0_0,0.3125,6
adain,5837,mural__img_16crop_0_0,0.0,6
sanet,5837,mural__img_16crop_0_0,0.1389,6
cast,5837,mural__img_16crop_0_0,0.2381,6
stytr2,5837,mural__img_276crop_1_0,0.1667,6
adain,5837,mural__img_276crop_1_0,0.0,6
sanet,5837,mural__img_276crop_1_0,0.1667,6
cast,5837,mural__img_276crop_1_0,0.1667,6
stytr2,5837,mural__img_326crop_1_1,0.2381,6
adain,5837,mural__img_326crop_1_1,0.0,6
sanet,5837,mural__img_326crop_1_1,0.1389,6
cast,5837,mural__img_326crop_1_1,0.2667,6
stytr2,5837,mural__img_327crop_0_1,0.4286,6
adain,5837,mural__img_327crop_0_1,0.1111,6
sanet,5837,mural__img_327crop_0_1,0.2056,6
cast,5837,mural__img_327crop_0_1,0.2667,6
stytr2,5837,mural__img_536crop_1_0,0.3148,6
adain,5837,mural__img_536crop_1_0,0.0,6
sanet,5837,mural__img_536crop_1_0,0.1111,6
cast,5837,mural__img_536crop_1_0,0.1667,6
stytr2,5837,mural__img_593crop_0_0,0.3125,6
adain,5837,mural__img_593crop_0_0,0.0833,6
sanet,5837,mural__img_593crop_0_0,0.1667,6
cast,5837,mural__img_593crop_0_0,0.1667,6
stytr2,5837,mural__img_739crop_1_1,0.1667,6
adain,5837,mural__img_739crop_1_1,0.0,6
sanet,5837,mural__img_739crop_1_1,0.1667,6
cast,5837,mural__img_739crop_1_1,0.4,6
stytr2,5837,western_painting__met_359775,0.3,6
adain,5837,western_painting__met_359775,0.0,6
sanet,5837,western_painting__met_359775,0.1722,6
cast,5837,western_painting__met_359775,0.4333,6
stytr2,5837,western_painting__met_383787,0.3,6
adain,5837,western_painting__met_383787,0.0,6
sanet,5837,western_painting__met_383787,0.1667,6
cast,5837,western_painting__met_383787,0.3619,6
stytr2,5837,western_painting__met_406721,0.2778,6
adain,5837,western_painting__met_406721,0.0,6
sanet,5837,western_painting__met_406721,0.1111,6
cast,5837,western_painting__met_406721,0.1667,6
stytr2,5837,western_painting__met_437769,0.4524,6
adain,5837,western_painting__met_437769,0.1111,6
sanet,5837,western_painting__met_437769,0.1389,6
cast,5837,western_painting__met_437769,0.4042,6
stytr2,5837,western_painting__met_437967,0.4167,6
adain,5837,western_painting__met_437967,0.0833,6
sanet,5837,western_painting__met_437967,0.1389,6
cast,5837,western_painting__met_437967,0.3708,6
stytr2,5837,western_painting__met_439405,0.2917,6
adain,5837,western_painting__met_439405,0.0556,6
sanet,5837,western_painting__met_439405,0.1389,6
cast,5837,western_painting__met_439405,0.4042,6
stytr2,5837,western_painting__met_649693,0.1667,6
adain,5837,western_painting__met_649693,0.0,6
sanet,5837,western_painting__met_649693,0.1389,6
cast,5837,western_painting__met_649693,0.25,6
stytr2,5837,western_painting__met_739494,0.2667,6
adain,5837,western_painting__met_739494,0.0833,6
sanet,5837,western_painting__met_739494,0.1667,6
cast,5837,western_painting__met_739494,0.2667,6
stytr2,5837,western_painting__met_787672,0.2619,6
adain,5837,western_painting__met_787672,0.1111,6
sanet,5837,western_painting__met_787672,0.1389,6
cast,5837,western_painting__met_787672,0.1667,6
stytr2,5837,western_painting__met_788182,0.419,6
adain,5837,western_painting__met_788182,0.0556,6
sanet,5837,western_painting__met_788182,0.1667,6
cast,5837,western_painting__met_788182,0.3619,6
stytr2,5934,chinese_landscape__130942,0.6667,3
adain,5934,chinese_landscape__130942,0.0,3
sanet,5934,chinese_landscape__130942,0.3333,3
cast,5934,chinese_landscape__130942,0.0,3
stytr2,5934,chinese_landscape__132834,0.3333,3
adain,5934,chinese_landscape__132834,0.0,3
sanet,5934,chinese_landscape__132834,0.0,3
cast,5934,chinese_landscape__132834,0.3333,3
stytr2,5934,chinese_landscape__132836,0.5833,3
adain,5934,chinese_landscape__132836,0.0,3
sanet,5934,chinese_landscape__132836,0.0,3
cast,5934,chinese_landscape__132836,0.0,3
stytr2,5934,chinese_landscape__132840,0.5833,3
adain,5934,chinese_landscape__132840,0.0,3
sanet,5934,chinese_landscape__132840,0.0,3
cast,5934,chinese_landscape__132840,0.0,3
stytr2,5934,chinese_landscape__132930,0.3333,3
adain,5934,chinese_landscape__132930,0.0,3
sanet,5934,chinese_landscape__132930,0.25,3
cast,5934,chinese_landscape__132930,0.0,3
stytr2,5934,chinese_landscape__137205,0.5833,3
adain,5934,chinese_landscape__137205,0.0,3
sanet,5934,chinese_landscape__137205,0.1667,3
cast,5934,chinese_landscape__137205,0.0,3
stytr2,5934,chinese_landscape__142574,0.5833,3
adain,5934,chinese_landscape__142574,0.0,3
sanet,5934,chinese_landscape__142574,0.0,3
cast,5934,chinese_landscape__142574,0.25,3
stytr2,5934,chinese_landscape__142578,0.6667,3
adain,5934,chinese_landscape__142578,0.0,3
sanet,5934,chinese_landscape__142578,0.0,3
cast,5934,chinese_landscape__142578,0.5833,3
stytr2,5934,chinese_landscape__144829,0.3333,3
adain,5934,chinese_landscape__144829,0.0,3
sanet,5934,chinese_landscape__144829,0.0833,3
cast,5934,chinese_landscape__144829,0.3333,3
stytr2,5934,chinese_landscape__148342,0.5833,3
adain,5934,chinese_landscape__148342,0.0,3
sanet,5934,chinese_landscape__148342,0.1667,3
cast,5934,chinese_landscape__148342,0.0,3
stytr2,5934,mural__img_1082crop_1_0,0.6667,3
adain,5934,mural__img_1082crop_1_0,0.0,3
sanet,5934,mural__img_1082crop_1_0,0.0,3
cast,5934,mural__img_1082crop_1_0,0.3333,3
stytr2,5934,mural__img_1224crop_0_0,0.25,3
adain,5934,mural__img_1224crop_0_0,0.0,3
sanet,5934,mural__img_1224crop_0_0,0.0,3
cast,5934,mural__img_1224crop_0_0,0.0,3
stytr2,5934,mural__img_1224crop_1_1,0.0,3
adain,5934,mural__img_1224crop_1_1,0.0,3
sanet,5934,mural__img_1224crop_1_1,0.0,3
cast,5934,mural__img_1224crop_1_1,0.0,3
stytr2,5934,mural__img_16crop_0_0,0.1667,3
adain,5934,mural__img_16crop_0_0,0.0,3
sanet,5934,mural__img_16crop_0_0,0.0,3
cast,5934,mural__img_16crop_0_0,0.25,3
stytr2,5934,mural__img_276crop_1_0,0.25,3
adain,5934,mural__img_276crop_1_0,0.0,3
sanet,5934,mural__img_276crop_1_0,0.0,3
cast,5934,mural__img_276crop_1_0,0.1667,3
stytr2,5934,mural__img_326crop_1_1,0.6667,3
adain,5934,mural__img_326crop_1_1,0.0,3
sanet,5934,mural__img_326crop_1_1,0.0,3
cast,5934,mural__img_326crop_1_1,0.6667,3
stytr2,5934,mural__img_327crop_0_1,0.6667,3
adain,5934,mural__img_327crop_0_1,0.0,3
sanet,5934,mural__img_327crop_0_1,0.0,3
cast,5934,mural__img_327crop_0_1,0.6667,3
stytr2,5934,mural__img_536crop_1_0,0.6667,3
adain,5934,mural__img_536crop_1_0,0.0,3
sanet,5934,mural__img_536crop_1_0,0.0,3
cast,5934,mural__img_536crop_1_0,0.3333,3
stytr2,5934,mural__img_593crop_0_0,0.6667,3
adain,5934,mural__img_593crop_0_0,0.0,3
sanet,5934,mural__img_593crop_0_0,0.0,3
cast,5934,mural__img_593crop_0_0,0.6667,3
stytr2,5934,mural__img_739crop_1_1,0.3333,3
adain,5934,mural__img_739crop_1_1,0.0,3
sanet,5934,mural__img_739crop_1_1,0.0,3
cast,5934,mural__img_739crop_1_1,0.6667,3
stytr2,5934,western_painting__met_359775,0.3333,3
adain,5934,western_painting__met_359775,0.0,3
sanet,5934,western_painting__met_359775,0.0,3
cast,5934,western_painting__met_359775,0.6667,3
stytr2,5934,western_painting__met_383787,0.0,3
adain,5934,western_painting__met_383787,0.0,3
sanet,5934,western_painting__met_383787,0.0,3
cast,5934,western_painting__met_383787,0.5833,3
stytr2,5934,western_painting__met_406721,0.6667,3
adain,5934,western_painting__met_406721,0.0,3
sanet,5934,western_painting__met_406721,0.0,3
cast,5934,western_painting__met_406721,0.5,3
stytr2,5934,western_painting__met_437769,0.6667,3
adain,5934,western_painting__met_437769,0.0,3
sanet,5934,western_painting__met_437769,0.0,3
cast,5934,western_painting__met_437769,0.0,3
stytr2,5934,western_painting__met_437967,0.6667,3
adain,5934,western_painting__met_437967,0.0,3
sanet,5934,western_painting__met_437967,0.0,3
cast,5934,western_painting__met_437967,0.25,3
stytr2,5934,western_painting__met_439405,0.25,3
adain,5934,western_painting__met_439405,0.0,3
sanet,5934,western_painting__met_439405,0.0,3
cast,5934,western_painting__met_439405,0.5833,3
stytr2,5934,western_painting__met_649693,0.0,3
adain,5934,western_painting__met_649693,0.0,3
sanet,5934,western_painting__met_649693,0.0,3
cast,5934,western_painting__met_649693,0.0,3
stytr2,5934,western_painting__met_739494,0.5833,3
adain,5934,western_painting__met_739494,0.0,3
sanet,5934,western_painting__met_739494,0.0,3
cast,5934,western_painting__met_739494,0.6667,3
stytr2,5934,western_painting__met_787672,0.4167,3
adain,5934,western_painting__met_787672,0.0,3
sanet,5934,western_painting__met_787672,0.0,3
cast,5934,western_painting__met_787672,0.5833,3
stytr2,5934,western_painting__met_788182,0.1667,3
adain,5934,western_painting__met_788182,0.0,3
sanet,5934,western_painting__met_788182,0.1667,3
cast,5934,western_painting__met_788182,0.0,3
stytr2,6013,chinese_landscape__130942,0.8306,5
adain,6013,chinese_landscape__130942,0.0,5
sanet,6013,chinese_landscape__130942,0.125,5
cast,6013,chinese_landscape__130942,0.3333,5
stytr2,6013,chinese_landscape__132834,0.5533,5
adain,6013,chinese_landscape__132834,0.0,5
sanet,6013,chinese_landscape__132834,0.0917,5
cast,6013,chinese_landscape__132834,0.25,5
stytr2,6013,chinese_landscape__132836,0.5578,5
adain,6013,chinese_landscape__132836,0.0,5
sanet,6013,chinese_landscape__132836,0.2869,5
cast,6013,chinese_landscape__132836,0.25,5
stytr2,6013,chinese_landscape__132840,0.6422,5
adain,6013,chinese_landscape__132840,0.0,5
sanet,6013,chinese_landscape__132840,0.0917,5
cast,6013,chinese_landscape__132840,0.0,5
stytr2,6013,chinese_landscape__132930,0.6422,5
adain,6013,chinese_landscape__132930,0.0,5
sanet,6013,chinese_landscape__132930,0.125,5
cast,6013,chinese_landscape__132930,0.0,5
stytr2,6013,chinese_landscape__137205,0.3178,5
adain,6013,chinese_landscape__137205,0.0,5
sanet,6013,chinese_landscape__137205,0.0,5
cast,6013,chinese_landscape__137205,0.225,5
stytr2,6013,chinese_landscape__142574,0.6867,5
adain,6013,chinese_landscape__142574,0.0,5
sanet,6013,chinese_landscape__142574,0.0,5
cast,6013,chinese_landscape__142574,0.1556,5
stytr2,6013,chinese_landscape__142578,0.6422,5
adain,6013,chinese_landscape__142578,0.0,5
sanet,6013,chinese_landscape__142578,0.3333,5
cast,6013,chinese_landscape__142578,0.3107,5
stytr2,6013,chinese_landscape__144829,0.6756,5
adain,6013,chinese_landscape__144829,0.0,5
sanet,6013,chinese_landscape__144829,0.125,5
cast,6013,chinese_landscape__144829,0.225,5
stytr2,6013,chinese_landscape__148342,0.3533,5
adain,6013,chinese_landscape__148342,0.0,5
sanet,6013,chinese_landscape__148342,0.1917,5
cast,6013,chinese_landscape__148342,0.3333,5
stytr2,6013,mural__img_1082crop_1_0,0.3525,5
adain,6013,mural__img_1082crop_1_0,0.0,5
sanet,6013,mural__img_1082crop_1_0,0.0,5
cast,6013,mural__img_1082crop_1_0,0.2806,5
stytr2,6013,mural__img_1224crop_0_0,0.0444,5
adain,6013,mural__img_1224crop_0_0,0.0,5
sanet,6013,mural__img_1224crop_0_0,0.0,5
cast,6013,mural__img_1224crop_0_0,0.3583,5
stytr2,6013,mural__img_1224crop_1_1,0.2917,5
adain,6013,mural__img_1224crop_1_1,0.0,5
sanet,6013,mural__img_1224crop_1_1,0.1,5
cast,6013,mural__img_1224crop_1_1,0.3556,5
stytr2,6013,mural__img_16crop_0_0,0.2444,5
adain,6013,mural__img_16crop_0_0,0.0,5
sanet,6013,mural__img_16crop_0_0,0.0,5
cast,6013,mural__img_16crop_0_0,0.1583,5
stytr2,6013,mural__img_276crop_1_0,0.1833,5
adain,6013,mural__img_276crop_1_0,0.0,5
sanet,6013,mural__img_276crop_1_0,0.125,5
cast,6013,mural__img_276crop_1_0,0.1583,5
stytr2,6013,mural__img_326crop_1_1,0.0,5
adain,6013,mural__img_326crop_1_1,0.0,5
sanet,6013,mural__img_326crop_1_1,0.0,5
cast,6013,mural__img_326crop_1_1,0.3,5
stytr2,6013,mural__img_327crop_0_1,0.2444,5
adain,6013,mural__img_327crop_0_1,0.0,5
sanet,6013,mural__img_327crop_0_1,0.0,5
cast,6013,mural__img_327crop_0_1,0.3556,5
stytr2,6013,mural__img_536crop_1_0,0.4667,5
adain,6013,mural__img_536crop_1_0,0.0,5
sanet,6013,mural__img_536crop_1_0,0.0,5
cast,6013,mural__img_536crop_1_0,0.3119,5
stytr2,6013,mural__img_593crop_0_0,0.3917,5
adain,6013,mural__img_593crop_0_0,0.0,5
sanet,6013,mural__img_593crop_0_0,0.0,5
cast,6013,mural__img_593crop_0_0,0.2,5
stytr2,6013,mural__img_739crop_1_1,0.125,5
adain,6013,mural__img_739crop_1_1,0.0,5
sanet,6013,mural__img_739crop_1_1,0.0,5
cast,6013,mural__img_739crop_1_1,0.2444,5
stytr2,6013,western_painting__met_359775,0.0,5
adain,6013,western_painting__met_359775,0.0,5
sanet,6013,western_painting__met_359775,0.0,5
cast,6013,western_painting__met_359775,0.3167,5
stytr2,6013,western_painting__met_383787,0.2,5
adain,6013,western_painting__met_383787,0.0,5
sanet,6013,western_painting__met_383787,0.0,5
cast,6013,western_painting__met_383787,0.3833,5
stytr2,6013,western_painting__met_406721,0.5,5
adain,6013,western_painting__met_406721,0.0,5
sanet,6013,western_painting__met_406721,0.0,5
cast,6013,western_painting__met_406721,0.325,5
stytr2,6013,western_painting__met_437769,0.1667,5
adain,6013,western_painting__met_437769,0.0,5
sanet,6013,western_painting__met_437769,0.125,5
cast,6013,western_painting__met_437769,0.2917,5
stytr2,6013,western_painting__met_437967,0.3222,5
adain,6013,western_painting__met_437967,0.0,5
sanet,6013,western_painting__met_437967,0.125,5
cast,6013,western_painting__met_437967,0.35,5
stytr2,6013,western_painting__met_439405,0.1778,5
adain,6013,western_painting__met_439405,0.0,5
sanet,6013,western_painting__met_439405,0.0,5
cast,6013,western_painting__met_439405,0.275,5
stytr2,6013,western_painting__met_649693,0.0,5
adain,6013,western_painting__met_649693,0.0,5
sanet,6013,western_painting__met_649693,0.0,5
cast,6013,western_painting__met_649693,0.2556,5
stytr2,6013,western_painting__met_739494,0.0,5
adain,6013,western_painting__met_739494,0.0,5
sanet,6013,western_painting__met_739494,0.0,5
cast,6013,western_painting__met_739494,0.3,5
stytr2,6013,western_painting__met_787672,0.0444,5
adain,6013,western_painting__met_787672,0.0,5
sanet,6013,western_painting__met_787672,0.1036,5
cast,6013,western_painting__met_787672,0.3917,5
stytr2,6013,western_painting__met_788182,0.2,5
adain,6013,western_painting__met_788182,0.0,5
sanet,6013,western_painting__met_788182,0.1083,5
cast,6013,western_painting__met_788182,0.25,5
stytr2,6062,chinese_landscape__130942,0.1574,9
adain,6062,chinese_landscape__130942,0.0,9
sanet,6062,chinese_landscape__130942,0.0,9
cast,6062,chinese_landscape__130942,0.1944,9
stytr2,6062,chinese_landscape__132834,0.1111,9
adain,6062,chinese_landscape__132834,0.0,9
sanet,6062,chinese_landscape__132834,0.1389,9
cast,6062,chinese_landscape__132834,0.0667,9
stytr2,6062,chinese_landscape__132836,0.0741,9
adain,6062,chinese_landscape__132836,0.0,9
sanet,6062,chinese_landscape__132836,0.0278,9
cast,6062,chinese_landscape__132836,0.1111,9
stytr2,6062,chinese_landscape__132840,0.0741,9
adain,6062,chinese_landscape__132840,0.0,9
sanet,6062,chinese_landscape__132840,0.0,9
cast,6062,chinese_landscape__132840,0.0,9
stytr2,6062,chinese_landscape__132930,0.1111,9
adain,6062,chinese_landscape__132930,0.0,9
sanet,6062,chinese_landscape__132930,0.0,9
cast,6062,chinese_landscape__132930,0.0,9
stytr2,6062,chinese_landscape__137205,0.0,9
adain,6062,chinese_landscape__137205,0.0,9
sanet,6062,chinese_landscape__137205,0.0,9
cast,6062,chinese_landscape__137205,0.0,9
stytr2,6062,chinese_landscape__142574,0.1111,9
adain,6062,chinese_landscape__142574,0.0,9
sanet,6062,chinese_landscape__142574,0.1296,9
cast,6062,chinese_landscape__142574,0.0,9
stytr2,6062,chinese_landscape__142578,0.1111,9
adain,6062,chinese_landscape__142578,0.037,9
sanet,6062,chinese_landscape__142578,0.037,9
cast,6062,chinese_landscape__142578,0.1667,9
stytr2,6062,chinese_landscape__144829,0.0833,9
adain,6062,chinese_landscape__144829,0.0,9
sanet,6062,chinese_landscape__144829,0.037,9
cast,6062,chinese_landscape__144829,0.1111,9
stytr2,6062,chinese_landscape__148342,0.1111,9
adain,6062,chinese_landscape__148342,0.0,9
sanet,6062,chinese_landscape__148342,0.037,9
cast,6062,chinese_landscape__148342,0.25,9
stytr2,6062,mural__img_1082crop_1_0,0.0833,9
adain,6062,mural__img_1082crop_1_0,0.0,9
sanet,6062,mural__img_1082crop_1_0,0.0,9
cast,6062,mural__img_1082crop_1_0,0.1944,9
stytr2,6062,mural__img_1224crop_0_0,0.0,9
adain,6062,mural__img_1224crop_0_0,0.0,9
sanet,6062,mural__img_1224crop_0_0,0.0,9
cast,6062,mural__img_1224crop_0_0,0.2222,9
stytr2,6062,mural__img_1224crop_1_1,0.0,9
adain,6062,mural__img_1224crop_1_1,0.0,9
sanet,6062,mural__img_1224crop_1_1,0.0,9
cast,6062,mural__img_1224crop_1_1,0.1778,9
stytr2,6062,mural__img_16crop_0_0,0.0278,9
adain,6062,mural__img_16crop_0_0,0.0,9
sanet,6062,mural__img_16crop_0_0,0.0,9
cast,6062,mural__img_16crop_0_0,0.1574,9
stytr2,6062,mural__img_276crop_1_0,0.0,9
adain,6062,mural__img_276crop_1_0,0.0,9
sanet,6062,mural__img_276crop_1_0,0.0,9
cast,6062,mural__img_276crop_1_0,0.0,9
stytr2,6062,mural__img_326crop_1_1,0.0,9
adain,6062,mural__img_326crop_1_1,0.0,9
sanet,6062,mural__img_326crop_1_1,0.0,9
cast,6062,mural__img_326crop_1_1,0.2222,9
stytr2,6062,mural__img_327crop_0_1,0.0741,9
adain,6062,mural__img_327crop_0_1,0.0741,9
sanet,6062,mural__img_327crop_0_1,0.037,9
cast,6062,mural__img_327crop_0_1,0.2222,9
stytr2,6062,mural__img_536crop_1_0,0.0741,9
adain,6062,mural__img_536crop_1_0,0.0,9
sanet,6062,mural__img_536crop_1_0,0.0741,9
cast,6062,mural__img_536crop_1_0,0.2222,9
stytr2,6062,mural__img_593crop_0_0,0.0741,9
adain,6062,mural__img_593crop_0_0,0.0,9
sanet,6062,mural__img_593crop_0_0,0.0741,9
cast,6062,mural__img_593crop_0_0,0.2222,9
stytr2,6062,mural__img_739crop_1_1,0.0,9
adain,6062,mural__img_739crop_1_1,0.0,9
sanet,6062,mural__img_739crop_1_1,0.0,9
cast,6062,mural__img_739crop_1_1,0.1111,9
stytr2,6062,western_painting__met_359775,0.0,9
adain,6062,western_painting__met_359775,0.0,9
sanet,6062,western_painting__met_359775,0.0,9
cast,6062,western_painting__met_359775,0.1111,9
stytr2,6062,western_painting__met_383787,0.0,9
adain,6062,western_painting__met_383787,0.0,9
sanet,6062,western_painting__met_383787,0.0,9
cast,6062,western_painting__met_383787,0.0,9
stytr2,6062,western_painting__met_406721,0.1111,9
adain,6062,western_painting__met_406721,0.0,9
sanet,6062,western_painting__met_406721,0.1296,9
cast,6062,western_painting__met_406721,0.1111,9
stytr2,6062,western_painting__met_437769,0.0,9
adain,6062,western_painting__met_437769,0.0,9
sanet,6062,western_painting__met_437769,0.0741,9
cast,6062,western_painting__met_437769,0.1111,9
stytr2,6062,western_painting__met_437967,0.0,9
adain,6062,western_painting__met_437967,0.0,9
sanet,6062,western_painting__met_437967,0.0,9
cast,6062,western_painting__met_437967,0.1111,9
stytr2,6062,western_painting__met_439405,0.0,9
adain,6062,western_painting__met_439405,0.0,9
sanet,6062,western_painting__met_439405,0.0,9
cast,6062,western_painting__met_439405,0.2222,9
stytr2,6062,western_painting__met_649693,0.0,9
adain,6062,western_painting__met_649693,0.0,9
sanet,6062,western_painting__met_649693,0.0,9
cast,6062,western_painting__met_649693,0.1111,9
stytr2,6062,western_painting__met_739494,0.0,9
adain,6062,western_painting__met_739494,0.0,9
sanet,6062,western_painting__met_739494,0.1389,9
cast,6062,western_painting__met_739494,0.1111,9
stytr2,6062,western_painting__met_787672,0.0,9
adain,6062,western_painting__met_787672,0.0833,9
sanet,6062,western_painting__met_787672,0.0,9
cast,6062,western_painting__met_787672,0.0741,9
stytr2,6062,western_painting__met_788182,0.1389,9
adain,6062,western_painting__met_788182,0.0,9
sanet,6062,western_painting__met_788182,0.0833,9
cast,6062,western_painting__met_788182,0.0667,9
stytr2,6089,chinese_landscape__130942,0.8333,6
adain,6089,chinese_landscape__130942,0.3647,6
sanet,6089,chinese_landscape__130942,0.4712,6
cast,6089,chinese_landscape__130942,0.7429,6
stytr2,6089,chinese_landscape__132834,0.8077,6
adain,6089,chinese_landscape__132834,0.3647,6
sanet,6089,chinese_landscape__132834,0.4387,6
cast,6089,chinese_landscape__132834,0.6097,6
stytr2,6089,chinese_landscape__132836,0.6838,6
adain,6089,chinese_landscape__132836,0.323,6
sanet,6089,chinese_landscape__132836,0.4573,6
cast,6089,chinese_landscape__132836,0.5912,6
stytr2,6089,chinese_landscape__132840,0.7507,6
adain,6089,chinese_landscape__132840,0.2952,6
sanet,6089,chinese_landscape__132840,0.4758,6
cast,6089,chinese_landscape__132840,0.5655,6
stytr2,6089,chinese_landscape__132930,0.8205,6
adain,6089,chinese_landscape__132930,0.2258,6
sanet,6089,chinese_landscape__132930,0.4758,6
cast,6089,chinese_landscape__132930,0.6817,6
stytr2,6089,chinese_landscape__137205,0.6239,6
adain,6089,chinese_landscape__137205,0.3647,6
sanet,6089,chinese_landscape__137205,0.4758,6
cast,6089,chinese_landscape__137205,0.5332,6
stytr2,6089,chinese_landscape__142574,0.8333,6
adain,6089,chinese_landscape__142574,0.1425,6
sanet,6089,chinese_landscape__142574,0.4573,6
cast,6089,chinese_landscape__142574,0.7603,6
stytr2,6089,chinese_landscape__142578,0.8077,6
adain,6089,chinese_landscape__142578,0.3647,6
sanet,6089,chinese_landscape__142578,0.4341,6
cast,6089,chinese_landscape__142578,0.8124,6
stytr2,6089,chinese_landscape__144829,0.8205,6
adain,6089,chinese_landscape__144829,0.3313,6
sanet,6089,chinese_landscape__144829,0.4892,6
cast,6089,chinese_landscape__144829,0.7892,6
stytr2,6089,chinese_landscape__148342,0.8205,6
adain,6089,chinese_landscape__148342,0.3647,6
sanet,6089,chinese_landscape__148342,0.4758,6
cast,6089,chinese_landscape__148342,0.802,6
stytr2,6089,mural__img_1082crop_1_0,0.7892,6
adain,6089,mural__img_1082crop_1_0,0.3647,6
sanet,6089,mural__img_1082crop_1_0,0.323,6
cast,6089,mural__img_1082crop_1_0,0.7939,6
stytr2,6089,mural__img_1224crop_0_0,0.5456,6
adain,6089,mural__img_1224crop_0_0,0.3313,6
sanet,6089,mural__img_1224crop_0_0,0.4017,6
cast,6089,mural__img_1224crop_0_0,0.7996,6
stytr2,6089,mural__img_1224crop_1_1,0.5199,6
adain,6089,mural__img_1224crop_1_1,0.3091,6
sanet,6089,mural__img_1224crop_1_1,0.3775,6
cast,6089,mural__img_1224crop_1_1,0.7127,6
stytr2,6089,mural__img_16crop_0_0,0.6282,6
adain,6089,mural__img_16crop_0_0,0.1147,6
sanet,6089,mural__img_16crop_0_0,0.4758,6
cast,6089,mural__img_16crop_0_0,0.7764,6
stytr2,6089,mural__img_276crop_1_0,0.2778,6
adain,6089,mural__img_276crop_1_0,0.0,6
sanet,6089,mural__img_276crop_1_0,0.2361,6
cast,6089,mural__img_276crop_1_0,0.7194,6
stytr2,6089,mural__img_326crop_1_1,0.4758,6
adain,6089,mural__img_326crop_1_1,0.0,6
sanet,6089,mural__img_326crop_1_1,0.323,6
cast,6089,mural__img_326crop_1_1,0.8205,6
stytr2,6089,mural__img_327crop_0_1,0.7821,6
adain,6089,mural__img_327crop_0_1,0.3647,6
sanet,6089,mural__img_327crop_0_1,0.3647,6
cast,6089,mural__img_327crop_0_1,0.7533,6
stytr2,6089,mural__img_536crop_1_0,0.7393,6
adain,6089,mural__img_536crop_1_0,0.3647,6
sanet,6089,mural__img_536crop_1_0,0.3615,6
cast,6089,mural__img_536crop_1_0,0.7106,6
stytr2,6089,mural__img_593crop_0_0,0.7265,6
adain,6089,mural__img_593crop_0_0,0.3647,6
sanet,6089,mural__img_593crop_0_0,0.323,6
cast,6089,mural__img_593crop_0_0,0.7996,6
stytr2,6089,mural__img_739crop_1_1,0.7265,6
adain,6089,mural__img_739crop_1_1,0.3647,6
sanet,6089,mural__img_739crop_1_1,0.3647,6
cast,6089,mural__img_739crop_1_1,0.6353,6
stytr2,6089,western_painting__met_359775,0.6952,6
adain,6089,western_painting__met_359775,0.2952,6
sanet,6089,western_painting__met_359775,0.4387,6
cast,6089,western_painting__met_359775,0.802,6
stytr2,6089,western_painting__met_383787,0.6766,6
adain,6089,western_painting__met_383787,0.2952,6
sanet,6089,western_painting__met_383787,0.3647,6
cast,6089,western_painting__met_383787,0.6838,6
stytr2,6089,western_painting__met_406721,0.6695,6
adain,6089,western_painting__met_406721,0.298,6
sanet,6089,western_painting__met_406721,0.5195,6
cast,6089,western_painting__met_406721,0.7835,6
stytr2,6089,western_painting__met_437769,0.5726,6
adain,6089,western_painting__met_437769,0.3647,6
sanet,6089,western_painting__met_437769,0.4758,6
cast,6089,western_painting__met_437769,0.7892,6
stytr2,6089,western_painting__met_437967,0.6225,6
adain,6089,western_painting__met_437967,0.3647,6
sanet,6089,western_painting__met_437967,0.4202,6
cast,6089,western_painting__met_437967,0.7963,6
stytr2,6089,western_painting__met_439405,0.4081,6
adain,6089,western_painting__met_439405,0.3647,6
sanet,6089,western_painting__met_439405,0.323,6
cast,6089,western_painting__met_439405,0.7963,6
stytr2,6089,western_painting__met_649693,0.3936,6
adain,6089,western_painting__met_649693,0.4341,6
sanet,6089,western_painting__met_649693,0.3369,6
cast,6089,western_painting__met_649693,0.6905,6
stytr2,6089,western_painting__met_739494,0.6581,6
adain,6089,western_painting__met_739494,0.2952,6
sanet,6089,western_painting__met_739494,0.3647,6
cast,6089,western_painting__met_739494,0.7835,6
stytr2,6089,western_painting__met_787672,0.5601,6
adain,6089,western_painting__met_787672,0.2952,6
sanet,6089,western_painting__met_787672,0.4544,6
cast,6089,western_painting__met_787672,0.6478,6
stytr2,6089,western_painting__met_788182,0.5922,6
adain,6089,western_painting__met_788182,0.448,6
sanet,6089,western_painting__met_788182,0.4516,6
cast,6089,western_painting__met_788182,0.745,6
stytr2,6184,chinese_landscape__130942,0.8519,3
adain,6184,chinese_landscape__130942,0.3704,3
sanet,6184,chinese_landscape__130942,0.3333,3
cast,6184,chinese_landscape__130942,0.6667,3
stytr2,6184,chinese_landscape__132834,0.7778,3
adain,6184,chinese_landscape__132834,0.2778,3
sanet,6184,chinese_landscape__132834,0.3333,3
cast,6184,chinese_landscape__132834,0.6111,3
stytr2,6184,chinese_landscape__132836,0.7778,3
adain,6184,chinese_landscape__132836,0.1667,3
sanet,6184,chinese_landscape__132836,0.3333,3
cast,6184,chinese_landscape__132836,0.5778,3
stytr2,6184,chinese_landscape__132840,0.8148,3
adain,6184,chinese_landscape__132840,0.1667,3
sanet,6184,chinese_landscape__132840,0.3333,3
cast,6184,chinese_landscape__132840,0.2778,3
stytr2,6184,chinese_landscape__132930,0.8148,3
adain,6184,chinese_landscape__132930,0.0,3
sanet,6184,chinese_landscape__132930,0.3333,3
cast,6184,chinese_landscape__132930,0.5185,3
stytr2,6184,chinese_landscape__137205,0.5556,3
adain,6184,chinese_landscape__137205,0.1111,3
sanet,6184,chinese_landscape__137205,0.3333,3
cast,6184,chinese_landscape__137205,0.6667,3
stytr2,6184,chinese_landscape__142574,0.8889,3
adain,6184,chinese_landscape__142574,0.0,3
sanet,6184,chinese_landscape__142574,0.3333,3
cast,6184,chinese_landscape__142574,0.5185,3
stytr2,6184,chinese_landscape__142578,0.7778,3
adain,6184,chinese_landscape__142578,0.0,3
sanet,6184,chinese_landscape__142578,0.3333,3
cast,6184,chinese_landscape__142578,0.7037,3
stytr2,6184,chinese_landscape__144829,0.9259,3
adain,6184,chinese_landscape__144829,0.2778,3
sanet,6184,chinese_landscape__144829,0.3333,3
cast,6184,chinese_landscape__144829,0.7222,3
stytr2,6184,chinese_landscape__148342,0.9259,3
adain,6184,chinese_landscape__148342,0.0,3
sanet,6184,chinese_landscape__148342,0.3333,3
cast,6184,chinese_landscape__148342,0.7778,3
stytr2,6184,mural__img_1082crop_1_0,0.7407,3
adain,6184,mural__img_1082crop_1_0,0.3333,3
sanet,6184,mural__img_1082crop_1_0,0.3333,3
cast,6184,mural__img_1082crop_1_0,0.7778,3
stytr2,6184,mural__img_1224crop_0_0,0.5556,3
adain,6184,mural__img_1224crop_0_0,0.0,3
sanet,6184,mural__img_1224crop_0_0,0.3333,3
cast,6184,mural__img_1224crop_0_0,0.4815,3
stytr2,6184,mural__img_1224crop_1_1,0.4074,3
adain,6184,mural__img_1224crop_1_1,0.1667,3
sanet,6184,mural__img_1224crop_1_1,0.3333,3
cast,6184,mural__img_1224crop_1_1,0.4444,3
stytr2,6184,mural__img_16crop_0_0,0.5556,3
adain,6184,mural__img_16crop_0_0,0.0,3
sanet,6184,mural__img_16crop_0_0,0.3333,3
cast,6184,mural__img_16crop_0_0,0.4815,3
stytr2,6184,mural__img_276crop_1_0,0.3333,3
adain,6184,mural__img_276crop_1_0,0.0,3
sanet,6184,mural__img_276crop_1_0,0.3333,3
cast,6184,mural__img_276crop_1_0,0.7037,3
stytr2,6184,mural__img_326crop_1_1,0.4815,3
adain,6184,mural__img_326crop_1_1,0.0,3
sanet,6184,mural__img_326crop_1_1,0.3333,3
cast,6184,mural__img_326crop_1_1,0.5556,3
stytr2,6184,mural__img_327crop_0_1,0.5926,3
adain,6184,mural__img_327crop_0_1,0.2963,3
sanet,6184,mural__img_327crop_0_1,0.3333,3
cast,6184,mural__img_327crop_0_1,0.5926,3
stytr2,6184,mural__img_536crop_1_0,0.7778,3
adain,6184,mural__img_536crop_1_0,0.3333,3
sanet,6184,mural__img_536crop_1_0,0.3333,3
cast,6184,mural__img_536crop_1_0,0.7778,3
stytr2,6184,mural__img_593crop_0_0,0.5556,3
adain,6184,mural__img_593crop_0_0,0.2222,3
sanet,6184,mural__img_593crop_0_0,0.3333,3
cast,6184,mural__img_593crop_0_0,0.3333,3
stytr2,6184,mural__img_739crop_1_1,0.7407,3
adain,6184,mural__img_739crop_1_1,0.1667,3
sanet,6184,mural__img_739crop_1_1,0.3333,3
cast,6184,mural__img_739crop_1_1,0.8148,3
stytr2,6184,western_painting__met_359775,0.3333,3
adain,6184,western_painting__met_359775,0.0,3
sanet,6184,western_painting__met_359775,0.4444,3
cast,6184,western_painting__met_359775,0.8148,3
stytr2,6184,western_painting__met_383787,0.5185,3
adain,6184,western_painting__met_383787,0.0,3
sanet,6184,western_painting__met_383787,0.2778,3
cast,6184,western_painting__met_383787,0.3519,3
stytr2,6184,western_painting__met_406721,0.6296,3
adain,6184,western_painting__met_406721,0.0,3
sanet,6184,western_painting__met_406721,0.3333,3
cast,6184,western_painting__met_406721,0.5556,3
stytr2,6184,western_painting__met_437769,0.5926,3
adain,6184,western_painting__met_437769,0.1667,3
sanet,6184,western_painting__met_437769,0.3333,3
cast,6184,western_painting__met_437769,0.5556,3
stytr2,6184,western_painting__met_437967,0.8296,3
adain,6184,western_painting__met_437967,0.1111,3
sanet,6184,western_painting__met_437967,0.3333,3
cast,6184,western_painting__met_437967,0.6296,3
stytr2,6184,western_painting__met_439405,0.9259,3
adain,6184,western_painting__met_439405,0.0,3
sanet,6184,western_painting__met_439405,0.1111,3
cast,6184,western_painting__met_439405,0.7407,3
stytr2,6184,western_painting__met_649693,0.2778,3
adain,6184,western_painting__met_649693,0.0667,3
sanet,6184,western_painting__met_649693,0.2778,3
cast,6184,western_painting__met_649693,0.5185,3
stytr2,6184,western_painting__met_739494,0.3333,3
adain,6184,western_painting__met_739494,0.0,3
sanet,6184,western_painting__met_739494,0.3333,3
cast,6184,western_painting__met_739494,0.4815,3
stytr2,6184,western_painting__met_787672,0.5556,3
adain,6184,western_painting__met_787672,0.2222,3
sanet,6184,western_painting__met_787672,0.3333,3
cast,6184,western_painting__met_787672,0.4815,3
stytr2,6184,western_painting__met_788182,0.5185,3
adain,6184,western_painting__met_788182,0.0,3
sanet,6184,western_painting__met_788182,0.3333,3
cast,6184,western_painting__met_788182,0.6667,3
stytr2,6372,chinese_landscape__130942,1.0,4
adain,6372,chinese_landscape__130942,0.0,4
sanet,6372,chinese_landscape__130942,0.375,4
cast,6372,chinese_landscape__130942,0.75,4
stytr2,6372,chinese_landscape__132834,1.0,4
adain,6372,chinese_landscape__132834,0.1028,4
sanet,6372,chinese_landscape__132834,0.0,4
cast,6372,chinese_landscape__132834,0.7,4
stytr2,6372,chinese_landscape__132836,0.9688,4
adain,6372,chinese_landscape__132836,0.0,4
sanet,6372,chinese_landscape__132836,0.275,4
cast,6372,chinese_landscape__132836,0.675,4
stytr2,6372,chinese_landscape__132840,0.9688,4
adain,6372,chinese_landscape__132840,0.0,4
sanet,6372,chinese_landscape__132840,0.225,4
cast,6372,chinese_landscape__132840,0.6312,4
stytr2,6372,chinese_landscape__132930,1.0,4
adain,6372,chinese_landscape__132930,0.125,4
sanet,6372,chinese_landscape__132930,0.0,4
cast,6372,chinese_landscape__132930,0.8438,4
stytr2,6372,chinese_landscape__137205,0.9688,4
adain,6372,chinese_landscape__137205,0.0,4
sanet,6372,chinese_landscape__137205,0.15,4
cast,6372,chinese_landscape__137205,0.675,4
stytr2,6372,chinese_landscape__142574,1.0,4
adain,6372,chinese_landscape__142574,0.075,4
sanet,6372,chinese_landscape__142574,0.25,4
cast,6372,chinese_landscape__142574,0.9375,4
stytr2,6372,chinese_landscape__142578,1.0,4
adain,6372,chinese_landscape__142578,0.0,4
sanet,6372,chinese_landscape__142578,0.25,4
cast,6372,chinese_landscape__142578,0.875,4
stytr2,6372,chinese_landscape__144829,0.9688,4
adain,6372,chinese_landscape__144829,0.0,4
sanet,6372,chinese_landscape__144829,0.2687,4
cast,6372,chinese_landscape__144829,0.9375,4
stytr2,6372,chinese_landscape__148342,0.9688,4
adain,6372,chinese_landscape__148342,0.0,4
sanet,6372,chinese_landscape__148342,0.25,4
cast,6372,chinese_landscape__148342,0.9375,4
stytr2,6372,mural__img_1082crop_1_0,0.7812,4
adain,6372,mural__img_1082crop_1_0,0.175,4
sanet,6372,mural__img_1082crop_1_0,0.1625,4
cast,6372,mural__img_1082crop_1_0,0.9125,4
stytr2,6372,mural__img_1224crop_0_0,0.6438,4
adain,6372,mural__img_1224crop_0_0,0.0,4
sanet,6372,mural__img_1224crop_0_0,0.2,4
cast,6372,mural__img_1224crop_0_0,0.7562,4
stytr2,6372,mural__img_1224crop_1_1,0.3625,4
adain,6372,mural__img_1224crop_1_1,0.0,4
sanet,6372,mural__img_1224crop_1_1,0.225,4
cast,6372,mural__img_1224crop_1_1,0.8562,4
stytr2,6372,mural__img_16crop_0_0,0.7562,4
adain,6372,mural__img_16crop_0_0,0.0,4
sanet,6372,mural__img_16crop_0_0,0.0,4
cast,6372,mural__img_16crop_0_0,0.5938,4
stytr2,6372,mural__img_276crop_1_0,0.35,4
adain,6372,mural__img_276crop_1_0,0.0,4
sanet,6372,mural__img_276crop_1_0,0.2,4
cast,6372,mural__img_276crop_1_0,0.475,4
stytr2,6372,mural__img_326crop_1_1,0.8187,4
adain,6372,mural__img_326crop_1_1,0.0,4
sanet,6372,mural__img_326crop_1_1,0.1562,4
cast,6372,mural__img_326crop_1_1,0.6875,4
stytr2,6372,mural__img_327crop_0_1,0.8438,4
adain,6372,mural__img_327crop_0_1,0.15,4
sanet,6372,mural__img_327crop_0_1,0.225,4
cast,6372,mural__img_327crop_0_1,0.9062,4
stytr2,6372,mural__img_536crop_1_0,0.9375,4
adain,6372,mural__img_536crop_1_0,0.0,4
sanet,6372,mural__img_536crop_1_0,0.2528,4
cast,6372,mural__img_536crop_1_0,0.9375,4
stytr2,6372,mural__img_593crop_0_0,0.9375,4
adain,6372,mural__img_593crop_0_0,0.0,4
sanet,6372,mural__img_593crop_0_0,0.15,4
cast,6372,mural__img_593crop_0_0,0.6875,4
stytr2,6372,mural__img_739crop_1_1,0.875,4
adain,6372,mural__img_739crop_1_1,0.0,4
sanet,6372,mural__img_739crop_1_1,0.0,4
cast,6372,mural__img_739crop_1_1,0.85,4
stytr2,6372,western_painting__met_359775,0.625,4
adain,6372,western_painting__met_359775,0.1063,4
sanet,6372,western_painting__met_359775,0.225,4
cast,6372,western_painting__met_359775,0.9688,4
stytr2,6372,western_painting__met_383787,0.5125,4
adain,6372,western_painting__met_383787,0.0,4
sanet,6372,western_painting__met_383787,0.0,4
cast,6372,western_painting__met_383787,0.8562,4
stytr2,6372,western_painting__met_406721,0.9688,4
adain,6372,western_painting__met_406721,0.0,4
sanet,6372,western_painting__met_406721,0.25,4
cast,6372,western_painting__met_406721,0.875,4
stytr2,6372,western_painting__met_437769,0.9062,4
adain,6372,western_painting__met_437769,0.0,4
sanet,6372,western_painting__met_437769,0.3063,4
cast,6372,western_painting__met_437769,0.9688,4
stytr2,6372,western_painting__met_437967,0.6875,4
adain,6372,western_painting__met_437967,0.0,4
sanet,6372,western_painting__met_437967,0.275,4
cast,6372,western_painting__met_437967,0.6562,4
stytr2,6372,western_painting__met_439405,0.9375,4
adain,6372,western_painting__met_439405,0.0,4
sanet,6372,western_painting__met_439405,0.0,4
cast,6372,western_painting__met_439405,0.6875,4
stytr2,6372,western_painting__met_649693,0.225,4
adain,6372,western_painting__met_649693,0.0812,4
sanet,6372,western_painting__met_649693,0.0,4
cast,6372,western_painting__met_649693,0.775,4
stytr2,6372,western_painting__met_739494,0.5375,4
adain,6372,western_painting__met_739494,0.1313,4
sanet,6372,western_painting__met_739494,0.0,4
cast,6372,western_painting__met_739494,0.9688,4
stytr2,6372,western_painting__met_787672,0.6625,4
adain,6372,western_painting__met_787672,0.1528,4
sanet,6372,western_painting__met_787672,0.2938,4
cast,6372,western_painting__met_787672,0.7306,4
stytr2,6372,western_painting__met_788182,0.6562,4
adain,6372,western_painting__met_788182,0.1028,4
sanet,6372,western_painting__met_788182,0.2278,4
cast,6372,western_painting__met_788182,0.6562,4
stytr2,6373,chinese_landscape__130942,0.25,8
adain,6373,chinese_landscape__130942,0.0875,8
sanet,6373,chinese_landscape__130942,0.2031,8
cast,6373,chinese_landscape__130942,0.2344,8
stytr2,6373,chinese_landscape__132834,0.25,8
adain,6373,chinese_landscape__132834,0.125,8
sanet,6373,chinese_landscape__132834,0.2188,8
cast,6373,chinese_landscape__132834,0.2344,8
stytr2,6373,chinese_landscape__132836,0.2344,8
adain,6373,chinese_landscape__132836,0.125,8
sanet,6373,chinese_landscape__132836,0.1875,8
cast,6373,chinese_landscape__132836,0.2188,8
stytr2,6373,chinese_landscape__132840,0.2344,8
adain,6373,chinese_landscape__132840,0.125,8
sanet,6373,chinese_landscape__132840,0.2188,8
cast,6373,chinese_landscape__132840,0.3224,8
stytr2,6373,chinese_landscape__132930,0.2344,8
adain,6373,chinese_landscape__132930,0.125,8
sanet,6373,chinese_landscape__132930,0.125,8
cast,6373,chinese_landscape__132930,0.2188,8
stytr2,6373,chinese_landscape__137205,0.2188,8
adain,6373,chinese_landscape__137205,0.1125,8
sanet,6373,chinese_landscape__137205,0.125,8
cast,6373,chinese_landscape__137205,0.2344,8
stytr2,6373,chinese_landscape__142574,0.2344,8
adain,6373,chinese_landscape__142574,0.125,8
sanet,6373,chinese_landscape__142574,0.125,8
cast,6373,chinese_landscape__142574,0.2188,8
stytr2,6373,chinese_landscape__142578,0.2344,8
adain,6373,chinese_landscape__142578,0.125,8
sanet,6373,chinese_landscape__142578,0.125,8
cast,6373,chinese_landscape__142578,0.2188,8
stytr2,6373,chinese_landscape__144829,0.25,8
adain,6373,chinese_landscape__144829,0.125,8
sanet,6373,chinese_landscape__144829,0.1875,8
cast,6373,chinese_landscape__144829,0.2344,8
stytr2,6373,chinese_landscape__148342,0.25,8
adain,6373,chinese_landscape__148342,0.1,8
sanet,6373,chinese_landscape__148342,0.125,8
cast,6373,chinese_landscape__148342,0.2344,8
stytr2,6373,mural__img_1082crop_1_0,0.2031,8
adain,6373,mural__img_1082crop_1_0,0.125,8
sanet,6373,mural__img_1082crop_1_0,0.125,8
cast,6373,mural__img_1082crop_1_0,0.2344,8
stytr2,6373,mural__img_1224crop_0_0,0.2031,8
adain,6373,mural__img_1224crop_0_0,0.1023,8
sanet,6373,mural__img_1224crop_0_0,0.1125,8
cast,6373,mural__img_1224crop_0_0,0.2344,8
stytr2,6373,mural__img_1224crop_1_1,0.125,8
adain,6373,mural__img_1224crop_1_1,0.125,8
sanet,6373,mural__img_1224crop_1_1,0.1,8
cast,6373,mural__img_1224crop_1_1,0.2344,8
stytr2,6373,mural__img_16crop_0_0,0.125,8
adain,6373,mural__img_16crop_0_0,0.0,8
sanet,6373,mural__img_16crop_0_0,0.125,8
cast,6373,mural__img_16crop_0_0,0.2031,8
stytr2,6373,mural__img_276crop_1_0,0.125,8
adain,6373,mural__img_276crop_1_0,0.0,8
sanet,6373,mural__img_276crop_1_0,0.1125,8
cast,6373,mural__img_276crop_1_0,0.1875,8
stytr2,6373,mural__img_326crop_1_1,0.125,8
adain,6373,mural__img_326crop_1_1,0.0,8
sanet,6373,mural__img_326crop_1_1,0.1125,8
cast,6373,mural__img_326crop_1_1,0.1875,8
stytr2,6373,mural__img_327crop_0_1,0.2344,8
adain,6373,mural__img_327crop_0_1,0.125,8
sanet,6373,mural__img_327crop_0_1,0.125,8
cast,6373,mural__img_327crop_0_1,0.2188,8
stytr2,6373,mural__img_536crop_1_0,0.2031,8
adain,6373,mural__img_536crop_1_0,0.1139,8
sanet,6373,mural__img_536crop_1_0,0.1125,8
cast,6373,mural__img_536crop_1_0,0.2344,8
stytr2,6373,mural__img_593crop_0_0,0.2031,8
adain,6373,mural__img_593crop_0_0,0.1125,8
sanet,6373,mural__img_593crop_0_0,0.125,8
cast,6373,mural__img_593crop_0_0,0.25,8
stytr2,6373,mural__img_739crop_1_1,0.125,8
adain,6373,mural__img_739crop_1_1,0.0625,8
sanet,6373,mural__img_739crop_1_1,0.1125,8
cast,6373,mural__img_739crop_1_1,0.25,8
stytr2,6373,western_painting__met_359775,0.2031,8
adain,6373,western_painting__met_359775,0.1,8
sanet,6373,western_painting__met_359775,0.125,8
cast,6373,western_painting__met_359775,0.2344,8
stytr2,6373,western_painting__met_383787,0.1875,8
adain,6373,western_painting__met_383787,0.125,8
sanet,6373,western_painting__met_383787,0.1719,8
cast,6373,western_painting__met_383787,0.2344,8
stytr2,6373,western_painting__met_406721,0.2031,8
adain,6373,western_painting__met_406721,0.1,8
sanet,6373,western_painting__met_406721,0.2031,8
cast,6373,western_painting__met_406721,0.2188,8
stytr2,6373,western_painting__met_437769,0.125,8
adain,6373,western_painting__met_437769,0.075,8
sanet,6373,western_painting__met_437769,0.1125,8
cast,6373,western_painting__met_437769,0.2344,8
stytr2,6373,western_painting__met_437967,0.125,8
adain,6373,western_painting__met_437967,0.075,8
sanet,6373,western_painting__met_437967,0.1125,8
cast,6373,western_painting__met_437967,0.3981,8
stytr2,6373,western_painting__met_439405,0.1605,8
adain,6373,western_painting__met_439405,0.0,8
sanet,6373,western_painting__met_439405,0.0,8
cast,6373,western_painting__met_439405,0.1906,8
stytr2,6373,western_painting__met_649693,0.2765,8
adain,6373,western_painting__met_649693,0.1,8
sanet,6373,western_painting__met_649693,0.1596,8
cast,6373,western_painting__met_649693,0.25,8
stytr2,6373,western_painting__met_739494,0.125,8
adain,6373,western_painting__met_739494,0.075,8
sanet,6373,western_painting__met_739494,0.1125,8
cast,6373,western_painting__met_739494,0.2188,8
stytr2,6373,western_painting__met_787672,0.125,8
adain,6373,western_painting__met_787672,0.125,8
sanet,6373,western_painting__met_787672,0.125,8
cast,6373,western_painting__met_787672,0.2188,8
stytr2,6373,western_painting__met_788182,0.1562,8
adain,6373,western_painting__met_788182,0.1125,8
sanet,6373,western_painting__met_788182,0.2188,8
cast,6373,western_painting__met_788182,0.2344,8
stytr2,6423,chinese_landscape__130942,0.4721,9
adain,6423,chinese_landscape__130942,0.1944,9
sanet,6423,chinese_landscape__130942,0.2222,9
cast,6423,chinese_landscape__130942,0.1944,9
stytr2,6423,chinese_landscape__132834,0.5385,9
adain,6423,chinese_landscape__132834,0.2222,9
sanet,6423,chinese_landscape__132834,0.2222,9
cast,6423,chinese_landscape__132834,0.1944,9
stytr2,6423,chinese_landscape__132836,0.4428,9
adain,6423,chinese_landscape__132836,0.0833,9
sanet,6423,chinese_landscape__132836,0.2,9
cast,6423,chinese_landscape__132836,0.1944,9
stytr2,6423,chinese_landscape__132840,0.4654,9
adain,6423,chinese_landscape__132840,0.0833,9
sanet,6423,chinese_landscape__132840,0.2222,9
cast,6423,chinese_landscape__132840,0.1759,9
stytr2,6423,chinese_landscape__132930,0.5423,9
adain,6423,chinese_landscape__132930,0.1111,9
sanet,6423,chinese_landscape__132930,0.2222,9
cast,6423,chinese_landscape__132930,0.1944,9
stytr2,6423,chinese_landscape__137205,0.3229,9
adain,6423,chinese_landscape__137205,0.0833,9
sanet,6423,chinese_landscape__137205,0.1944,9
cast,6423,chinese_landscape__137205,0.1759,9
stytr2,6423,chinese_landscape__142574,0.6241,9
adain,6423,chinese_landscape__142574,0.1111,9
sanet,6423,chinese_landscape__142574,0.2222,9
cast,6423,chinese_landscape__142574,0.2222,9
stytr2,6423,chinese_landscape__142578,0.3715,9
adain,6423,chinese_landscape__142578,0.0833,9
sanet,6423,chinese_landscape__142578,0.2222,9
cast,6423,chinese_landscape__142578,0.1944,9
stytr2,6423,chinese_landscape__144829,0.4848,9
adain,6423,chinese_landscape__144829,0.1759,9
sanet,6423,chinese_landscape__144829,0.2222,9
cast,6423,chinese_landscape__144829,0.1944,9
stytr2,6423,chinese_landscape__148342,0.2222,9
adain,6423,chinese_landscape__148342,0.0833,9
sanet,6423,chinese_landscape__148342,0.2037,9
cast,6423,chinese_landscape__148342,0.1944,9
stytr2,6423,mural__img_1082crop_1_0,0.3045,9
adain,6423,mural__img_1082crop_1_0,0.1852,9
sanet,6423,mural__img_1082crop_1_0,0.2222,9
cast,6423,mural__img_1082crop_1_0,0.1759,9
stytr2,6423,mural__img_1224crop_0_0,0.1944,9
adain,6423,mural__img_1224crop_0_0,0.0,9
sanet,6423,mural__img_1224crop_0_0,0.2037,9
cast,6423,mural__img_1224crop_0_0,0.2423,9
stytr2,6423,mural__img_1224crop_1_1,0.1944,9
adain,6423,mural__img_1224crop_1_1,0.0,9
sanet,6423,mural__img_1224crop_1_1,0.1667,9
cast,6423,mural__img_1224crop_1_1,0.2528,9
stytr2,6423,mural__img_16crop_0_0,0.2765,9
adain,6423,mural__img_16crop_0_0,0.0,9
sanet,6423,mural__img_16crop_0_0,0.1111,9
cast,6423,mural__img_16crop_0_0,0.1944,9
stytr2,6423,mural__img_276crop_1_0,0.1944,9
adain,6423,mural__img_276crop_1_0,0.0,9
sanet,6423,mural__img_276crop_1_0,0.2222,9
cast,6423,mural__img_276crop_1_0,0.1759,9
stytr2,6423,mural__img_326crop_1_1,0.1944,9
adain,6423,mural__img_326crop_1_1,0.0,9
sanet,6423,mural__img_326crop_1_1,0.1759,9
cast,6423,mural__img_326crop_1_1,0.1852,9
stytr2,6423,mural__img_327crop_0_1,0.2929,9
adain,6423,mural__img_327crop_0_1,0.1111,9
sanet,6423,mural__img_327crop_0_1,0.2222,9
cast,6423,mural__img_327crop_0_1,0.1944,9
stytr2,6423,mural__img_536crop_1_0,0.3146,9
adain,6423,mural__img_536crop_1_0,0.1667,9
sanet,6423,mural__img_536crop_1_0,0.2222,9
cast,6423,mural__img_536crop_1_0,0.1759,9
stytr2,6423,mural__img_593crop_0_0,0.3045,9
adain,6423,mural__img_593crop_0_0,0.1111,9
sanet,6423,mural__img_593crop_0_0,0.2222,9
cast,6423,mural__img_593crop_0_0,0.1574,9
stytr2,6423,mural__img_739crop_1_1,0.1944,9
adain,6423,mural__img_739crop_1_1,0.0,9
sanet,6423,mural__img_739crop_1_1,0.1111,9
cast,6423,mural__img_739crop_1_1,0.2739,9
stytr2,6423,western_painting__met_359775,0.2702,9
adain,6423,western_painting__met_359775,0.1111,9
sanet,6423,western_painting__met_359775,0.2222,9
cast,6423,western_painting__met_359775,0.2222,9
stytr2,6423,western_painting__met_383787,0.1944,9
adain,6423,western_painting__met_383787,0.1111,9
sanet,6423,western_painting__met_383787,0.2222,9
cast,6423,western_painting__met_383787,0.1759,9
stytr2,6423,western_painting__met_406721,0.2222,9
adain,6423,western_painting__met_406721,0.0,9
sanet,6423,western_painting__met_406721,0.2222,9
cast,6423,western_painting__met_406721,0.1944,9
stytr2,6423,western_painting__met_437769,0.1944,9
adain,6423,western_painting__met_437769,0.1481,9
sanet,6423,western_painting__met_437769,0.1759,9
cast,6423,western_painting__met_437769,0.1759,9
stytr2,6423,western_painting__met_437967,0.1944,9
adain,6423,western_painting__met_437967,0.1111,9
sanet,6423,western_painting__met_437967,0.2222,9
cast,6423,western_painting__met_437967,0.1944,9
stytr2,6423,western_painting__met_439405,0.2222,9
adain,6423,western_painting__met_439405,0.0,9
sanet,6423,western_painting__met_439405,0.1296,9
cast,6423,western_painting__met_439405,0.2096,9
stytr2,6423,western_painting__met_649693,0.1944,9
adain,6423,western_painting__met_649693,0.2037,9
sanet,6423,western_painting__met_649693,0.2222,9
cast,6423,western_painting__met_649693,0.2222,9
stytr2,6423,western_painting__met_739494,0.2222,9
adain,6423,western_painting__met_739494,0.0833,9
sanet,6423,western_painting__met_739494,0.2222,9
cast,6423,western_painting__met_739494,0.1944,9
stytr2,6423,western_painting__met_787672,0.2222,9
adain,6423,western_painting__met_787672,0.1574,9
sanet,6423,western_painting__met_787672,0.2222,9
cast,6423,western_painting__met_787672,0.1944,9
stytr2,6423,western_painting__met_788182,0.2037,9
adain,6423,western_painting__met_788182,0.1667,9
sanet,6423,western_painting__met_788182,0.2222,9
cast,6423,western_painting__met_788182,0.1944,9
stytr2,6424,chinese_landscape__130942,0.4722,14
adain,6424,chinese_landscape__130942,0.2007,14
sanet,6424,chinese_landscape__130942,0.3355,14
cast,6424,chinese_landscape__130942,0.3266,14
stytr2,6424,chinese_landscape__132834,0.3991,14
adain,6424,chinese_landscape__132834,0.1977,14
sanet,6424,chinese_landscape__132834,0.2503,14
cast,6424,chinese_landscape__132834,0.3901,14
stytr2,6424,chinese_landscape__132836,0.3259,14
adain,6424,chinese_landscape__132836,0.2048,14
sanet,6424,chinese_landscape__132836,0.3416,14
cast,6424,chinese_landscape__132836,0.3814,14
stytr2,6424,chinese_landscape__132840,0.4089,14
adain,6424,chinese_landscape__132840,0.0799,14
sanet,6424,chinese_landscape__132840,0.3661,14
cast,6424,chinese_landscape__132840,0.3426,14
stytr2,6424,chinese_landscape__132930,0.4575,14
adain,6424,chinese_landscape__132930,0.1476,14
sanet,6424,chinese_landscape__132930,0.2222,14
cast,6424,chinese_landscape__132930,0.3069,14
stytr2,6424,chinese_landscape__137205,0.3357,14
adain,6424,chinese_landscape__137205,0.2048,14
sanet,6424,chinese_landscape__137205,0.2962,14
cast,6424,chinese_landscape__137205,0.2967,14
stytr2,6424,chinese_landscape__142574,0.4377,14
adain,6424,chinese_landscape__142574,0.1476,14
sanet,6424,chinese_landscape__142574,0.3242,14
cast,6424,chinese_landscape__142574,0.3599,14
stytr2,6424,chinese_landscape__142578,0.462,14
adain,6424,chinese_landscape__142578,0.1556,14
sanet,6424,chinese_landscape__142578,0.3341,14
cast,6424,chinese_landscape__142578,0.3538,14
stytr2,6424,chinese_landscape__144829,0.4595,14
adain,6424,chinese_landscape__144829,0.2401,14
sanet,6424,chinese_landscape__144829,0.3985,14
cast,6424,chinese_landscape__144829,0.3708,14
stytr2,6424,chinese_landscape__148342,0.3493,14
adain,6424,chinese_landscape__148342,0.2258,14
sanet,6424,chinese_landscape__148342,0.3319,14
cast,6424,chinese_landscape__148342,0.3691,14
stytr2,6424,mural__img_1082crop_1_0,0.2967,14
adain,6424,mural__img_1082crop_1_0,0.1888,14
sanet,6424,mural__img_1082crop_1_0,0.2898,14
cast,6424,mural__img_1082crop_1_0,0.4048,14
stytr2,6424,mural__img_1224crop_0_0,0.3351,14
adain,6424,mural__img_1224crop_0_0,0.0,14
sanet,6424,mural__img_1224crop_0_0,0.2987,14
cast,6424,mural__img_1224crop_0_0,0.3013,14
stytr2,6424,mural__img_1224crop_1_1,0.3217,14
adain,6424,mural__img_1224crop_1_1,0.1103,14
sanet,6424,mural__img_1224crop_1_1,0.2593,14
cast,6424,mural__img_1224crop_1_1,0.2395,14
stytr2,6424,mural__img_16crop_0_0,0.212,14
adain,6424,mural__img_16crop_0_0,0.1065,14
sanet,6424,mural__img_16crop_0_0,0.2561,14
cast,6424,mural__img_16crop_0_0,0.2824,14
stytr2,6424,mural__img_276crop_1_0,0.2722,14
adain,6424,mural__img_276crop_1_0,0.0,14
sanet,6424,mural__img_276crop_1_0,0.2735,14
cast,6424,mural__img_276crop_1_0,0.2722,14
stytr2,6424,mural__img_326crop_1_1,0.2344,14
adain,6424,mural__img_326crop_1_1,0.0963,14
sanet,6424,mural__img_326crop_1_1,0.1833,14
cast,6424,mural__img_326crop_1_1,0.3171,14
stytr2,6424,mural__img_327crop_0_1,0.2972,14
adain,6424,mural__img_327crop_0_1,0.1923,14
sanet,6424,mural__img_327crop_0_1,0.3076,14
cast,6424,mural__img_327crop_0_1,0.3245,14
stytr2,6424,mural__img_536crop_1_0,0.3957,14
adain,6424,mural__img_536crop_1_0,0.2007,14
sanet,6424,mural__img_536crop_1_0,0.3137,14
cast,6424,mural__img_536crop_1_0,0.2922,14
stytr2,6424,mural__img_593crop_0_0,0.3263,14
adain,6424,mural__img_593crop_0_0,0.2401,14
sanet,6424,mural__img_593crop_0_0,0.2401,14
cast,6424,mural__img_593crop_0_0,0.3112,14
stytr2,6424,mural__img_739crop_1_1,0.286,14
adain,6424,mural__img_739crop_1_1,0.2436,14
sanet,6424,mural__img_739crop_1_1,0.2621,14
cast,6424,mural__img_739crop_1_1,0.2543,14
stytr2,6424,western_painting__met_359775,0.2778,14
adain,6424,western_painting__met_359775,0.2276,14
sanet,6424,western_painting__met_359775,0.2742,14
cast,6424,western_painting__met_359775,0.3178,14
stytr2,6424,western_painting__met_383787,0.1839,14
adain,6424,western_painting__met_383787,0.2276,14
sanet,6424,western_painting__met_383787,0.1882,14
cast,6424,western_painting__met_383787,0.3171,14
stytr2,6424,western_painting__met_406721,0.3538,14
adain,6424,western_painting__met_406721,0.188,14
sanet,6424,western_painting__met_406721,0.2592,14
cast,6424,western_painting__met_406721,0.3538,14
stytr2,6424,western_painting__met_437769,0.3115,14
adain,6424,western_painting__met_437769,0.0901,14
sanet,6424,western_painting__met_437769,0.2926,14
cast,6424,western_painting__met_437769,0.3171,14
stytr2,6424,western_painting__met_437967,0.2688,14
adain,6424,western_painting__met_437967,0.2258,14
sanet,6424,western_painting__met_437967,0.3564,14
cast,6424,western_painting__met_437967,0.2627,14
stytr2,6424,western_painting__met_439405,0.3511,14
adain,6424,western_painting__met_439405,0.0918,14
sanet,6424,western_painting__met_439405,0.1724,14
cast,6424,western_painting__met_439405,0.313,14
stytr2,6424,western_painting__met_649693,0.1595,14
adain,6424,western_painting__met_649693,0.096,14
sanet,6424,western_painting__met_649693,0.248,14
cast,6424,western_painting__met_649693,0.3589,14
stytr2,6424,western_painting__met_739494,0.2137,14
adain,6424,western_painting__met_739494,0.0799,14
sanet,6424,western_painting__met_739494,0.2936,14
cast,6424,western_painting__met_739494,0.3967,14
stytr2,6424,western_painting__met_787672,0.2882,14
adain,6424,western_painting__met_787672,0.1912,14
sanet,6424,western_painting__met_787672,0.2844,14
cast,6424,western_painting__met_787672,0.3674,14
stytr2,6424,western_painting__met_788182,0.3472,14
adain,6424,western_painting__met_788182,0.1881,14
sanet,6424,western_painting__met_788182,0.3212,14
cast,6424,western_painting__met_788182,0.3504,14
stytr2,6449,chinese_landscape__130942,0.817,7
adain,6449,chinese_landscape__130942,0.263,7
sanet,6449,chinese_landscape__130942,0.2987,7
cast,6449,chinese_landscape__130942,0.519,7
stytr2,6449,chinese_landscape__132834,0.5,7
adain,6449,chinese_landscape__132834,0.263,7
sanet,6449,chinese_landscape__132834,0.2511,7
cast,6449,chinese_landscape__132834,0.2738,7
stytr2,6449,chinese_landscape__132836,0.4714,7
adain,6449,chinese_landscape__132836,0.263,7
sanet,6449,chinese_landscape__132836,0.2987,7
cast,6449,chinese_landscape__132836,0.3881,7
stytr2,6449,chinese_landscape__132840,0.519,7
adain,6449,chinese_landscape__132840,0.1201,7
sanet,6449,chinese_landscape__132840,0.2511,7
cast,6449,chinese_landscape__132840,0.519,7
stytr2,6449,chinese_landscape__132930,0.817,7
adain,6449,chinese_landscape__132930,0.1558,7
sanet,6449,chinese_landscape__132930,0.2154,7
cast,6449,chinese_landscape__132930,0.4833,7
stytr2,6449,chinese_landscape__137205,0.361,7
adain,6449,chinese_landscape__137205,0.263,7
sanet,6449,chinese_landscape__137205,0.2987,7
cast,6449,chinese_landscape__137205,0.4753,7
stytr2,6449,chinese_landscape__142574,0.5476,7
adain,6449,chinese_landscape__142574,0.2273,7
sanet,6449,chinese_landscape__142574,0.2511,7
cast,6449,chinese_landscape__142574,0.519,7
stytr2,6449,chinese_landscape__142578,0.7139,7
adain,6449,chinese_landscape__142578,0.263,7
sanet,6449,chinese_landscape__142578,0.2511,7
cast,6449,chinese_landscape__142578,0.519,7
stytr2,6449,chinese_landscape__144829,0.5476,7
adain,6449,chinese_landscape__144829,0.263,7
sanet,6449,chinese_landscape__144829,0.2987,7
cast,6449,chinese_landscape__144829,0.369,7
stytr2,6449,chinese_landscape__148342,0.5476,7
adain,6449,chinese_landscape__148342,0.2273,7
sanet,6449,chinese_landscape__148342,0.2987,7
cast,6449,chinese_landscape__148342,0.4048,7
stytr2,6449,mural__img_1082crop_1_0,0.369,7
adain,6449,mural__img_1082crop_1_0,0.263,7
sanet,6449,mural__img_1082crop_1_0,0.263,7
cast,6449,mural__img_1082crop_1_0,0.519,7
stytr2,6449,mural__img_1224crop_0_0,0.369,7
adain,6449,mural__img_1224crop_0_0,0.263,7
sanet,6449,mural__img_1224crop_0_0,0.2154,7
cast,6449,mural__img_1224crop_0_0,0.4048,7
stytr2,6449,mural__img_1224crop_1_1,0.4714,7
adain,6449,mural__img_1224crop_1_1,0.263,7
sanet,6449,mural__img_1224crop_1_1,0.263,7
cast,6449,mural__img_1224crop_1_1,0.4048,7
stytr2,6449,mural__img_16crop_0_0,0.369,7
adain,6449,mural__img_16crop_0_0,0.0,7
sanet,6449,mural__img_16crop_0_0,0.1071,7
cast,6449,mural__img_16crop_0_0,0.4548,7
stytr2,6449,mural__img_276crop_1_0,0.1916,7
adain,6449,mural__img_276crop_1_0,0.1201,7
sanet,6449,mural__img_276crop_1_0,0.263,7
cast,6449,mural__img_276crop_1_0,0.4952,7
stytr2,6449,mural__img_326crop_1_1,0.4905,7
adain,6449,mural__img_326crop_1_1,0.1558,7
sanet,6449,mural__img_326crop_1_1,0.2154,7
cast,6449,mural__img_326crop_1_1,0.4048,7
stytr2,6449,mural__img_327crop_0_1,0.5119,7
adain,6449,mural__img_327crop_0_1,0.263,7
sanet,6449,mural__img_327crop_0_1,0.263,7
cast,6449,mural__img_327crop_0_1,0.519,7
stytr2,6449,mural__img_536crop_1_0,0.519,7
adain,6449,mural__img_536crop_1_0,0.263,7
sanet,6449,mural__img_536crop_1_0,0.2154,7
cast,6449,mural__img_536crop_1_0,0.519,7
stytr2,6449,mural__img_593crop_0_0,0.7884,7
adain,6449,mural__img_593crop_0_0,0.263,7
sanet,6449,mural__img_593crop_0_0,0.3019,7
cast,6449,mural__img_593crop_0_0,0.4905,7
stytr2,6449,mural__img_739crop_1_1,0.4833,7
adain,6449,mural__img_739crop_1_1,0.263,7
sanet,6449,mural__img_739crop_1_1,0.263,7
cast,6449,mural__img_739crop_1_1,0.5476,7
stytr2,6449,western_painting__met_359775,0.303,7
adain,6449,western_painting__met_359775,0.1071,7
sanet,6449,western_painting__met_359775,0.263,7
cast,6449,western_painting__met_359775,0.519,7
stytr2,6449,western_painting__met_383787,0.2511,7
adain,6449,western_painting__met_383787,0.0,7
sanet,6449,western_painting__met_383787,0.2511,7
cast,6449,western_painting__met_383787,0.4714,7
stytr2,6449,western_painting__met_406721,0.4905,7
adain,6449,western_painting__met_406721,0.1558,7
sanet,6449,western_painting__met_406721,0.263,7
cast,6449,western_painting__met_406721,0.369,7
stytr2,6449,western_painting__met_437769,0.5476,7
adain,6449,western_painting__met_437769,0.263,7
sanet,6449,western_painting__met_437769,0.2511,7
cast,6449,western_painting__met_437769,0.4048,7
stytr2,6449,western_painting__met_437967,0.4905,7
adain,6449,western_painting__met_437967,0.263,7
sanet,6449,western_painting__met_437967,0.263,7
cast,6449,western_painting__met_437967,0.4905,7
stytr2,6449,western_painting__met_439405,0.4405,7
adain,6449,western_painting__met_439405,0.2273,7
sanet,6449,western_painting__met_439405,0.263,7
cast,6449,western_painting__met_439405,0.4548,7
stytr2,6449,western_painting__met_649693,0.2154,7
adain,6449,western_painting__met_649693,0.1082,7
sanet,6449,western_painting__met_649693,0.2154,7
cast,6449,western_painting__met_649693,0.4619,7
stytr2,6449,western_painting__met_739494,0.34,7
adain,6449,western_painting__met_739494,0.1797,7
sanet,6449,western_painting__met_739494,0.263,7
cast,6449,western_painting__met_739494,0.519,7
stytr2,6449,western_painting__met_787672,0.3452,7
adain,6449,western_painting__met_787672,0.1071,7
sanet,6449,western_painting__met_787672,0.2154,7
cast,6449,western_painting__met_787672,0.3571,7
stytr2,6449,western_painting__met_788182,0.2673,7
adain,6449,western_painting__met_788182,0.1916,7
sanet,6449,western_painting__met_788182,0.2154,7
cast,6449,western_painting__met_788182,0.519,7
stytr2,6586,chinese_landscape__130942,0.3057,6
adain,6586,chinese_landscape__130942,0.0,6
sanet,6586,chinese_landscape__130942,0.2862,6
cast,6586,chinese_landscape__130942,0.4731,6
stytr2,6586,chinese_landscape__132834,0.4564,6
adain,6586,chinese_landscape__132834,0.0,6
sanet,6586,chinese_landscape__132834,0.1391,6
cast,6586,chinese_landscape__132834,0.4288,6
stytr2,6586,chinese_landscape__132836,0.4673,6
adain,6586,chinese_landscape__132836,0.0,6
sanet,6586,chinese_landscape__132836,0.1761,6
cast,6586,chinese_landscape__132836,0.4603,6
stytr2,6586,chinese_landscape__132840,0.3529,6
adain,6586,chinese_landscape__132840,0.0,6
sanet,6586,chinese_landscape__132840,0.3616,6
cast,6586,chinese_landscape__132840,0.3781,6
stytr2,6586,chinese_landscape__132930,0.3057,6
adain,6586,chinese_landscape__132930,0.0,6
sanet,6586,chinese_landscape__132930,0.1761,6
cast,6586,chinese_landscape__132930,0.3492,6
stytr2,6586,chinese_landscape__137205,0.2502,6
adain,6586,chinese_landscape__137205,0.0,6
sanet,6586,chinese_landscape__137205,0.1761,6
cast,6586,chinese_landscape__137205,0.2222,6
stytr2,6586,chinese_landscape__142574,0.3242,6
adain,6586,chinese_landscape__142574,0.0,6
sanet,6586,chinese_landscape__142574,0.2746,6
cast,6586,chinese_landscape__142574,0.4603,6
stytr2,6586,chinese_landscape__142578,0.5013,6
adain,6586,chinese_landscape__142578,0.1487,6
sanet,6586,chinese_landscape__142578,0.1481,6
cast,6586,chinese_landscape__142578,0.3307,6
stytr2,6586,chinese_landscape__144829,0.5175,6
adain,6586,chinese_landscape__144829,0.0,6
sanet,6586,chinese_landscape__144829,0.2687,6
cast,6586,chinese_landscape__144829,0.3879,6
stytr2,6586,chinese_landscape__148342,0.4451,6
adain,6586,chinese_landscape__148342,0.0,6
sanet,6586,chinese_landscape__148342,0.1481,6
cast,6586,chinese_landscape__148342,0.3307,6
stytr2,6586,mural__img_1082crop_1_0,0.1761,6
adain,6586,mural__img_1082crop_1_0,0.0,6
sanet,6586,mural__img_1082crop_1_0,0.1576,6
cast,6586,mural__img_1082crop_1_0,0.449,6
stytr2,6586,mural__img_1224crop_0_0,0.3564,6
adain,6586,mural__img_1224crop_0_0,0.0,6
sanet,6586,mural__img_1224crop_0_0,0.0,6
cast,6586,mural__img_1224crop_0_0,0.462,6
stytr2,6586,mural__img_1224crop_1_1,0.1761,6
adain,6586,mural__img_1224crop_1_1,0.0,6
sanet,6586,mural__img_1224crop_1_1,0.0,6
cast,6586,mural__img_1224crop_1_1,0.3748,6
stytr2,6586,mural__img_16crop_0_0,0.1761,6
adain,6586,mural__img_16crop_0_0,0.0,6
sanet,6586,mural__img_16crop_0_0,0.0,6
cast,6586,mural__img_16crop_0_0,0.3418,6
stytr2,6586,mural__img_276crop_1_0,0.1481,6
adain,6586,mural__img_276crop_1_0,0.0,6
sanet,6586,mural__img_276crop_1_0,0.102,6
cast,6586,mural__img_276crop_1_0,0.3362,6
stytr2,6586,mural__img_326crop_1_1,0.1761,6
adain,6586,mural__img_326crop_1_1,0.0,6
sanet,6586,mural__img_326crop_1_1,0.0835,6
cast,6586,mural__img_326crop_1_1,0.4099,6
stytr2,6586,mural__img_327crop_0_1,0.3191,6
adain,6586,mural__img_327crop_0_1,0.0,6
sanet,6586,mural__img_327crop_0_1,0.0835,6
cast,6586,mural__img_327crop_0_1,0.4879,6
stytr2,6586,mural__img_536crop_1_0,0.1761,6
adain,6586,mural__img_536crop_1_0,0.0,6
sanet,6586,mural__img_536crop_1_0,0.0835,6
cast,6586,mural__img_536crop_1_0,0.4604,6
stytr2,6586,mural__img_593crop_0_0,0.3788,6
adain,6586,mural__img_593crop_0_0,0.0,6
sanet,6586,mural__img_593crop_0_0,0.0,6
cast,6586,mural__img_593crop_0_0,0.4547,6
stytr2,6586,mural__img_739crop_1_1,0.1761,6
adain,6586,mural__img_739crop_1_1,0.0,6
sanet,6586,mural__img_739crop_1_1,0.0926,6
cast,6586,mural__img_739crop_1_1,0.2037,6
stytr2,6586,western_painting__met_359775,0.3194,6
adain,6586,western_painting__met_359775,0.0,6
sanet,6586,western_painting__met_359775,0.3145,6
cast,6586,western_painting__met_359775,0.4249,6
stytr2,6586,western_painting__met_383787,0.1761,6
adain,6586,western_painting__met_383787,0.0,6
sanet,6586,western_painting__met_383787,0.1761,6
cast,6586,western_painting__met_383787,0.4249,6
stytr2,6586,western_painting__met_406721,0.3586,6
adain,6586,western_painting__met_406721,0.0,6
sanet,6586,western_painting__met_406721,0.2268,6
cast,6586,western_painting__met_406721,0.3233,6
stytr2,6586,western_painting__met_437769,0.1481,6
adain,6586,western_painting__met_437769,0.0,6
sanet,6586,western_painting__met_437769,0.0556,6
cast,6586,western_painting__met_437769,0.4637,6
stytr2,6586,western_painting__met_437967,0.1761,6
adain,6586,western_painting__met_437967,0.0,6
sanet,6586,western_painting__met_437967,0.1576,6
cast,6586,western_painting__met_437967,0.5768,6
stytr2,6586,western_painting__met_439405,0.1576,6
adain,6586,western_painting__met_439405,0.0,6
sanet,6586,western_painting__met_439405,0.065,6
cast,6586,western_painting__met_439405,0.4973,6
stytr2,6586,western_painting__met_649693,0.1391,6
adain,6586,western_painting__met_649693,0.0,6
sanet,6586,western_painting__met_649693,0.1111,6
cast,6586,western_painting__met_649693,0.4973,6
stytr2,6586,western_painting__met_739494,0.1111,6
adain,6586,western_painting__met_739494,0.0,6
sanet,6586,western_painting__met_739494,0.1391,6
cast,6586,western_painting__met_739494,0.4603,6
stytr2,6586,western_painting__met_787672,0.195,6
adain,6586,western_painting__met_787672,0.0503,6
sanet,6586,western_painting__met_787672,0.1576,6
cast,6586,western_painting__met_787672,0.4103,6
stytr2,6586,western_painting__met_788182,0.1761,6
adain,6586,western_painting__met_788182,0.0,6
sanet,6586,western_painting__met_788182,0.2953,6
cast,6586,western_painting__met_788182,0.4233,6
stytr2,6595,chinese_landscape__130942,0.1412,17
adain,6595,chinese_landscape__130942,0.0412,17
sanet,6595,chinese_landscape__130942,0.0882,17
cast,6595,chinese_landscape__130942,0.125,17
stytr2,6595,chinese_landscape__132834,0.1775,17
adain,6595,chinese_landscape__132834,0.0147,17
sanet,6595,chinese_landscape__132834,0.0882,17
cast,6595,chinese_landscape__132834,0.1103,17
stytr2,6595,chinese_landscape__132836,0.1687,17
adain,6595,chinese_landscape__132836,0.0221,17
sanet,6595,chinese_landscape__132836,0.1054,17
cast,6595,chinese_landscape__132836,0.1187,17
stytr2,6595,chinese_landscape__132840,0.1187,17
adain,6595,chinese_landscape__132840,0.0,17
sanet,6595,chinese_landscape__132840,0.0539,17
cast,6595,chinese_landscape__132840,0.125,17
stytr2,6595,chinese_landscape__132930,0.125,17
adain,6595,chinese_landscape__132930,0.0,17
sanet,6595,chinese_landscape__132930,0.1113,17
cast,6595,chinese_landscape__132930,0.1103,17
stytr2,6595,chinese_landscape__137205,0.1176,17
adain,6595,chinese_landscape__137205,0.0,17
sanet,6595,chinese_landscape__137205,0.0784,17
cast,6595,chinese_landscape__137205,0.1176,17
stytr2,6595,chinese_landscape__142574,0.1187,17
adain,6595,chinese_landscape__142574,0.0,17
sanet,6595,chinese_landscape__142574,0.0833,17
cast,6595,chinese_landscape__142574,0.1103,17
stytr2,6595,chinese_landscape__142578,0.183,17
adain,6595,chinese_landscape__142578,0.0,17
sanet,6595,chinese_landscape__142578,0.104,17
cast,6595,chinese_landscape__142578,0.1176,17
stytr2,6595,chinese_landscape__144829,0.1529,17
adain,6595,chinese_landscape__144829,0.0221,17
sanet,6595,chinese_landscape__144829,0.0882,17
cast,6595,chinese_landscape__144829,0.1888,17
stytr2,6595,chinese_landscape__148342,0.1187,17
adain,6595,chinese_landscape__148342,0.0,17
sanet,6595,chinese_landscape__148342,0.0995,17
cast,6595,chinese_landscape__148342,0.1064,17
stytr2,6595,mural__img_1082crop_1_0,0.1349,17
adain,6595,mural__img_1082crop_1_0,0.0,17
sanet,6595,mural__img_1082crop_1_0,0.0,17
cast,6595,mural__img_1082crop_1_0,0.0966,17
stytr2,6595,mural__img_1224crop_0_0,0.1029,17
adain,6595,mural__img_1224crop_0_0,0.0,17
sanet,6595,mural__img_1224crop_0_0,0.0,17
cast,6595,mural__img_1224crop_0_0,0.0893,17
stytr2,6595,mural__img_1224crop_1_1,0.0956,17
adain,6595,mural__img_1224crop_1_1,0.0,17
sanet,6595,mural__img_1224crop_1_1,0.0,17
cast,6595,mural__img_1224crop_1_1,0.0966,17
stytr2,6595,mural__img_16crop_0_0,0.098,17
adain,6595,mural__img_16crop_0_0,0.0,17
sanet,6595,mural__img_16crop_0_0,0.0,17
cast,6595,mural__img_16crop_0_0,0.0471,17
stytr2,6595,mural__img_276crop_1_0,0.0588,17
adain,6595,mural__img_276crop_1_0,0.0,17
sanet,6595,mural__img_276crop_1_0,0.0428,17
cast,6595,mural__img_276crop_1_0,0.1064,17
stytr2,6595,mural__img_326crop_1_1,0.0882,17
adain,6595,mural__img_326crop_1_1,0.0,17
sanet,6595,mural__img_326crop_1_1,0.0,17
cast,6595,mural__img_326crop_1_1,0.076,17
stytr2,6595,mural__img_327crop_0_1,0.1176,17
adain,6595,mural__img_327crop_0_1,0.0,17
sanet,6595,mural__img_327crop_0_1,0.0735,17
cast,6595,mural__img_327crop_0_1,0.1103,17
stytr2,6595,mural__img_536crop_1_0,0.1029,17
adain,6595,mural__img_536crop_1_0,0.0,17
sanet,6595,mural__img_536crop_1_0,0.0588,17
cast,6595,mural__img_536crop_1_0,0.1176,17
stytr2,6595,mural__img_593crop_0_0,0.1176,17
adain,6595,mural__img_593crop_0_0,0.0,17
sanet,6595,mural__img_593crop_0_0,0.0392,17
cast,6595,mural__img_593crop_0_0,0.104,17
stytr2,6595,mural__img_739crop_1_1,0.0956,17
adain,6595,mural__img_739crop_1_1,0.0,17
sanet,6595,mural__img_739crop_1_1,0.0,17
cast,6595,mural__img_739crop_1_1,0.125,17
stytr2,6595,western_painting__met_359775,0.1103,17
adain,6595,western_painting__met_359775,0.0,17
sanet,6595,western_painting__met_359775,0.049,17
cast,6595,western_painting__met_359775,0.1183,17
stytr2,6595,western_painting__met_383787,0.1187,17
adain,6595,western_painting__met_383787,0.0221,17
sanet,6595,western_painting__met_383787,0.0784,17
cast,6595,western_painting__met_383787,0.1113,17
stytr2,6595,western_painting__met_406721,0.1113,17
adain,6595,western_painting__met_406721,0.0,17
sanet,6595,western_painting__met_406721,0.0428,17
cast,6595,western_painting__met_406721,0.0535,17
stytr2,6595,western_painting__met_437769,0.098,17
adain,6595,western_painting__met_437769,0.0,17
sanet,6595,western_painting__met_437769,0.0,17
cast,6595,western_painting__met_437769,0.1176,17
stytr2,6595,western_painting__met_437967,0.1103,17
adain,6595,western_painting__met_437967,0.0,17
sanet,6595,western_painting__met_437967,0.0574,17
cast,6595,western_painting__met_437967,0.0539,17
stytr2,6595,western_painting__met_439405,0.0882,17
adain,6595,western_painting__met_439405,0.0,17
sanet,6595,western_painting__met_439405,0.0,17
cast,6595,western_painting__met_439405,0.104,17
stytr2,6595,western_painting__met_649693,0.104,17
adain,6595,western_painting__met_649693,0.0,17
sanet,6595,western_painting__met_649693,0.0294,17
cast,6595,western_painting__met_649693,0.125,17
stytr2,6595,western_painting__met_739494,0.1113,17
adain,6595,western_painting__met_739494,0.0,17
sanet,6595,western_painting__met_739494,0.0711,17
cast,6595,western_painting__met_739494,0.1176,17
stytr2,6595,western_painting__met_787672,0.1176,17
adain,6595,western_painting__met_787672,0.0,17
sanet,6595,western_painting__met_787672,0.0588,17
cast,6595,western_painting__met_787672,0.1176,17
stytr2,6595,western_painting__met_788182,0.1187,17
adain,6595,western_painting__met_788182,0.0147,17
sanet,6595,western_painting__met_788182,0.0791,17
cast,6595,western_painting__met_788182,0.1103,17
stytr2,6626,chinese_landscape__130942,0.9444,4
adain,6626,chinese_landscape__130942,0.0,4
sanet,6626,chinese_landscape__130942,0.2143,4
cast,6626,chinese_landscape__130942,0.6944,4
stytr2,6626,chinese_landscape__132834,0.8889,4
adain,6626,chinese_landscape__132834,0.0,4
sanet,6626,chinese_landscape__132834,0.5536,4
cast,6626,chinese_landscape__132834,0.6518,4
stytr2,6626,chinese_landscape__132836,0.6875,4
adain,6626,chinese_landscape__132836,0.0,4
sanet,6626,chinese_landscape__132836,0.2143,4
cast,6626,chinese_landscape__132836,0.75,4
stytr2,6626,chinese_landscape__132840,0.8611,4
adain,6626,chinese_landscape__132840,0.0,4
sanet,6626,chinese_landscape__132840,0.3438,4
cast,6626,chinese_landscape__132840,0.625,4
stytr2,6626,chinese_landscape__132930,0.8819,4
adain,6626,chinese_landscape__132930,0.125,4
sanet,6626,chinese_landscape__132930,0.4643,4
cast,6626,chinese_landscape__132930,0.75,4
stytr2,6626,chinese_landscape__137205,0.6875,4
adain,6626,chinese_landscape__137205,0.0,4
sanet,6626,chinese_landscape__137205,0.4018,4
cast,6626,chinese_landscape__137205,0.625,4
stytr2,6626,chinese_landscape__142574,0.9167,4
adain,6626,chinese_landscape__142574,0.0,4
sanet,6626,chinese_landscape__142574,0.4911,4
cast,6626,chinese_landscape__142574,0.25,4
stytr2,6626,chinese_landscape__142578,0.7917,4
adain,6626,chinese_landscape__142578,0.0,4
sanet,6626,chinese_landscape__142578,0.4018,4
cast,6626,chinese_landscape__142578,0.2143,4
stytr2,6626,chinese_landscape__144829,0.9722,4
adain,6626,chinese_landscape__144829,0.0,4
sanet,6626,chinese_landscape__144829,0.4062,4
cast,6626,chinese_landscape__144829,0.6875,4
stytr2,6626,chinese_landscape__148342,0.6875,4
adain,6626,chinese_landscape__148342,0.0,4
sanet,6626,chinese_landscape__148342,0.5893,4
cast,6626,chinese_landscape__148342,0.25,4
stytr2,6626,mural__img_1082crop_1_0,0.25,4
adain,6626,mural__img_1082crop_1_0,0.0,4
sanet,6626,mural__img_1082crop_1_0,0.0,4
cast,6626,mural__img_1082crop_1_0,0.25,4
stytr2,6626,mural__img_1224crop_0_0,0.25,4
adain,6626,mural__img_1224crop_0_0,0.0,4
sanet,6626,mural__img_1224crop_0_0,0.0,4
cast,6626,mural__img_1224crop_0_0,0.25,4
stytr2,6626,mural__img_1224crop_1_1,0.25,4
adain,6626,mural__img_1224crop_1_1,0.0,4
sanet,6626,mural__img_1224crop_1_1,0.0,4
cast,6626,mural__img_1224crop_1_1,0.25,4
stytr2,6626,mural__img_16crop_0_0,0.6647,4
adain,6626,mural__img_16crop_0_0,0.0,4
sanet,6626,mural__img_16crop_0_0,0.1429,4
cast,6626,mural__img_16crop_0_0,0.2143,4
stytr2,6626,mural__img_276crop_1_0,0.25,4
adain,6626,mural__img_276crop_1_0,0.0,4
sanet,6626,mural__img_276crop_1_0,0.2063,4
cast,6626,mural__img_276crop_1_0,0.25,4
stytr2,6626,mural__img_326crop_1_1,0.5625,4
adain,6626,mural__img_326crop_1_1,0.0,4
sanet,6626,mural__img_326crop_1_1,0.0,4
cast,6626,mural__img_326crop_1_1,0.25,4
stytr2,6626,mural__img_327crop_0_1,0.625,4
adain,6626,mural__img_327crop_0_1,0.0,4
sanet,6626,mural__img_327crop_0_1,0.1786,4
cast,6626,mural__img_327crop_0_1,0.25,4
stytr2,6626,mural__img_536crop_1_0,0.625,4
adain,6626,mural__img_536crop_1_0,0.0,4
sanet,6626,mural__img_536crop_1_0,0.0714,4
cast,6626,mural__img_536crop_1_0,0.25,4
stytr2,6626,mural__img_593crop_0_0,0.6875,4
adain,6626,mural__img_593crop_0_0,0.0,4
sanet,6626,mural__img_593crop_0_0,0.1429,4
cast,6626,mural__img_593crop_0_0,0.25,4
stytr2,6626,mural__img_739crop_1_1,0.25,4
adain,6626,mural__img_739crop_1_1,0.0,4
sanet,6626,mural__img_739crop_1_1,0.0,4
cast,6626,mural__img_739crop_1_1,0.25,4
stytr2,6626,western_painting__met_359775,0.25,4
adain,6626,western_painting__met_359775,0.0,4
sanet,6626,western_painting__met_359775,0.3929,4
cast,6626,western_painting__met_359775,0.625,4
stytr2,6626,western_painting__met_383787,0.75,4
adain,6626,western_painting__met_383787,0.0,4
sanet,6626,western_painting__met_383787,0.1786,4
cast,6626,western_painting__met_383787,0.75,4
stytr2,6626,western_painting__met_406721,0.625,4
adain,6626,western_painting__met_406721,0.0,4
sanet,6626,western_painting__met_406721,0.5268,4
cast,6626,western_painting__met_406721,0.6518,4
stytr2,6626,western_painting__met_437769,0.5625,4
adain,6626,western_painting__met_437769,0.0,4
sanet,6626,western_painting__met_437769,0.0,4
cast,6626,western_painting__met_437769,0.25,4
stytr2,6626,western_painting__met_437967,0.5893,4
adain,6626,western_painting__met_437967,0.0,4
sanet,6626,western_painting__met_437967,0.0,4
cast,6626,western_painting__met_437967,0.25,4
stytr2,6626,western_painting__met_439405,0.25,4
adain,6626,western_painting__met_439405,0.0,4
sanet,6626,western_painting__met_439405,0.0,4
cast,6626,western_painting__met_439405,0.25,4
stytr2,6626,western_painting__met_649693,0.2341,4
adain,6626,western_painting__met_649693,0.0,4
sanet,6626,western_painting__met_649693,0.1786,4
cast,6626,western_painting__met_649693,0.625,4
stytr2,6626,western_painting__met_739494,0.2143,4
adain,6626,western_painting__met_739494,0.0,4
sanet,6626,western_painting__met_739494,0.0,4
cast,6626,western_painting__met_739494,0.75,4
stytr2,6626,western_painting__met_787672,0.25,4
adain,6626,western_painting__met_787672,0.0,4
sanet,6626,western_painting__met_787672,0.3571,4
cast,6626,western_painting__met_787672,0.75,4
stytr2,6626,western_painting__met_788182,0.6875,4
adain,6626,western_painting__met_788182,0.0,4
sanet,6626,western_painting__met_788182,0.3286,4
cast,6626,western_painting__met_788182,0.75,4
stytr2,6700,chinese_landscape__130942,0.6562,4
adain,6700,chinese_landscape__130942,0.4028,4
sanet,6700,chinese_landscape__130942,0.5,4
cast,6700,chinese_landscape__130942,0.5,4
stytr2,6700,chinese_landscape__132834,0.5,4
adain,6700,chinese_landscape__132834,0.3194,4
sanet,6700,chinese_landscape__132834,0.5,4
cast,6700,chinese_landscape__132834,0.5,4
stytr2,6700,chinese_landscape__132836,0.5,4
adain,6700,chinese_landscape__132836,0.2083,4
sanet,6700,chinese_landscape__132836,0.5,4
cast,6700,chinese_landscape__132836,0.5,4
stytr2,6700,chinese_landscape__132840,0.5,4
adain,6700,chinese_landscape__132840,0.2083,4
sanet,6700,chinese_landscape__132840,0.5,4
cast,6700,chinese_landscape__132840,0.5,4
stytr2,6700,chinese_landscape__132930,0.5,4
adain,6700,chinese_landscape__132930,0.1667,4
sanet,6700,chinese_landscape__132930,0.4583,4
cast,6700,chinese_landscape__132930,0.5,4
stytr2,6700,chinese_landscape__137205,0.5,4
adain,6700,chinese_landscape__137205,0.0,4
sanet,6700,chinese_landscape__137205,0.5,4
cast,6700,chinese_landscape__137205,0.5,4
stytr2,6700,chinese_landscape__142574,0.5,4
adain,6700,chinese_landscape__142574,0.25,4
sanet,6700,chinese_landscape__142574,0.5,4
cast,6700,chinese_landscape__142574,0.5,4
stytr2,6700,chinese_landscape__142578,0.5,4
adain,6700,chinese_landscape__142578,0.1111,4
sanet,6700,chinese_landscape__142578,0.5,4
cast,6700,chinese_landscape__142578,0.5,4
stytr2,6700,chinese_landscape__144829,0.5,4
adain,6700,chinese_landscape__144829,0.375,4
sanet,6700,chinese_landscape__144829,0.4583,4
cast,6700,chinese_landscape__144829,0.5,4
stytr2,6700,chinese_landscape__148342,0.5,4
adain,6700,chinese_landscape__148342,0.0,4
sanet,6700,chinese_landscape__148342,0.4583,4
cast,6700,chinese_landscape__148342,0.5,4
stytr2,6700,mural__img_1082crop_1_0,0.5,4
adain,6700,mural__img_1082crop_1_0,0.25,4
sanet,6700,mural__img_1082crop_1_0,0.4583,4
cast,6700,mural__img_1082crop_1_0,0.5,4
stytr2,6700,mural__img_1224crop_0_0,0.375,4
adain,6700,mural__img_1224crop_0_0,0.0,4
sanet,6700,mural__img_1224crop_0_0,0.3611,4
cast,6700,mural__img_1224crop_0_0,0.5,4
stytr2,6700,mural__img_1224crop_1_1,0.5,4
adain,6700,mural__img_1224crop_1_1,0.0,4
sanet,6700,mural__img_1224crop_1_1,0.4167,4
cast,6700,mural__img_1224crop_1_1,0.5,4
stytr2,6700,mural__img_16crop_0_0,0.4583,4
adain,6700,mural__img_16crop_0_0,0.0,4
sanet,6700,mural__img_16crop_0_0,0.4583,4
cast,6700,mural__img_16crop_0_0,0.5,4
stytr2,6700,mural__img_276crop_1_0,0.4583,4
adain,6700,mural__img_276crop_1_0,0.0,4
sanet,6700,mural__img_276crop_1_0,0.4167,4
cast,6700,mural__img_276crop_1_0,0.5,4
stytr2,6700,mural__img_326crop_1_1,0.375,4
adain,6700,mural__img_326crop_1_1,0.0,4
sanet,6700,mural__img_326crop_1_1,0.2083,4
cast,6700,mural__img_326crop_1_1,0.5,4
stytr2,6700,mural__img_327crop_0_1,0.4583,4
adain,6700,mural__img_327crop_0_1,0.0,4
sanet,6700,mural__img_327crop_0_1,0.25,4
cast,6700,mural__img_327crop_0_1,0.5,4
stytr2,6700,mural__img_536crop_1_0,0.5,4
adain,6700,mural__img_536crop_1_0,0.0,4
sanet,6700,mural__img_536crop_1_0,0.4583,4
cast,6700,mural__img_536crop_1_0,0.5938,4
stytr2,6700,mural__img_593crop_0_0,0.5,4
adain,6700,mural__img_593crop_0_0,0.0,4
sanet,6700,mural__img_593crop_0_0,0.4583,4
cast,6700,mural__img_593crop_0_0,0.5938,4
stytr2,6700,mural__img_739crop_1_1,0.4167,4
adain,6700,mural__img_739crop_1_1,0.0,4
sanet,6700,mural__img_739crop_1_1,0.3333,4
cast,6700,mural__img_739crop_1_1,0.5,4
stytr2,6700,western_painting__met_359775,0.5,4
adain,6700,western_painting__met_359775,0.0,4
sanet,6700,western_painting__met_359775,0.4167,4
cast,6700,western_painting__met_359775,0.5,4
stytr2,6700,western_painting__met_383787,0.5,4
adain,6700,western_painting__met_383787,0.0833,4
sanet,6700,western_painting__met_383787,0.5,4
cast,6700,western_painting__met_383787,0.5,4
stytr2,6700,western_painting__met_406721,0.5,4
adain,6700,western_painting__met_406721,0.2083,4
sanet,6700,western_painting__met_406721,0.5,4
cast,6700,western_painting__met_406721,0.5,4
stytr2,6700,western_painting__met_437769,0.5,4
adain,6700,western_painting__met_437769,0.0,4
sanet,6700,western_painting__met_437769,0.4583,4
cast,6700,western_painting__met_437769,0.5,4
stytr2,6700,western_painting__met_437967,0.5,4
adain,6700,western_painting__met_437967,0.0,4
sanet,6700,western_painting__met_437967,0.4583,4
cast,6700,western_painting__met_437967,0.5,4
stytr2,6700,western_painting__met_439405,0.4583,4
adain,6700,western_painting__met_439405,0.0,4
sanet,6700,western_painting__met_439405,0.0,4
cast,6700,western_painting__met_439405,0.5,4
stytr2,6700,western_painting__met_649693,0.4583,4
adain,6700,western_painting__met_649693,0.3333,4
sanet,6700,western_painting__met_649693,0.4583,4
cast,6700,western_painting__met_649693,0.5,4
stytr2,6700,western_painting__met_739494,0.5,4
adain,6700,western_painting__met_739494,0.0,4
sanet,6700,western_painting__met_739494,0.4583,4
cast,6700,western_painting__met_739494,0.5,4
stytr2,6700,western_painting__met_787672,0.5,4
adain,6700,western_painting__met_787672,0.0,4
sanet,6700,western_painting__met_787672,0.4583,4
cast,6700,western_painting__met_787672,0.625,4
stytr2,6700,western_painting__met_788182,0.5,4
adain,6700,western_painting__met_788182,0.0,4
sanet,6700,western_painting__met_788182,0.5,4
cast,6700,western_painting__met_788182,0.5,4
stytr2,6879,chinese_landscape__130942,0.803,6
adain,6879,chinese_landscape__130942,0.1111,6
sanet,6879,chinese_landscape__130942,0.5843,6
cast,6879,chinese_landscape__130942,0.6111,6
stytr2,6879,chinese_landscape__132834,0.7409,6
adain,6879,chinese_landscape__132834,0.1444,6
sanet,6879,chinese_landscape__132834,0.5414,6
cast,6879,chinese_landscape__132834,0.6,6
stytr2,6879,chinese_landscape__132836,0.7409,6
adain,6879,chinese_landscape__132836,0.1167,6
sanet,6879,chinese_landscape__132836,0.5125,6
cast,6879,chinese_landscape__132836,0.6,6
stytr2,6879,chinese_landscape__132840,0.6924,6
adain,6879,chinese_landscape__132840,0.0556,6
sanet,6879,chinese_landscape__132840,0.3917,6
cast,6879,chinese_landscape__132840,0.5611,6
stytr2,6879,chinese_landscape__132930,0.6521,6
adain,6879,chinese_landscape__132930,0.0,6
sanet,6879,chinese_landscape__132930,0.325,6
cast,6879,chinese_landscape__132930,0.5778,6
stytr2,6879,chinese_landscape__137205,0.5569,6
adain,6879,chinese_landscape__137205,0.0,6
sanet,6879,chinese_landscape__137205,0.3833,6
cast,6879,chinese_landscape__137205,0.5333,6
stytr2,6879,chinese_landscape__142574,0.6556,6
adain,6879,chinese_landscape__142574,0.0,6
sanet,6879,chinese_landscape__142574,0.4095,6
cast,6879,chinese_landscape__142574,0.5778,6
stytr2,6879,chinese_landscape__142578,0.6051,6
adain,6879,chinese_landscape__142578,0.0,6
sanet,6879,chinese_landscape__142578,0.5111,6
cast,6879,chinese_landscape__142578,0.5,6
stytr2,6879,chinese_landscape__144829,0.7687,6
adain,6879,chinese_landscape__144829,0.0,6
sanet,6879,chinese_landscape__144829,0.5389,6
cast,6879,chinese_landscape__144829,0.5889,6
stytr2,6879,chinese_landscape__148342,0.5939,6
adain,6879,chinese_landscape__148342,0.0,6
sanet,6879,chinese_landscape__148342,0.5136,6
cast,6879,chinese_landscape__148342,0.5889,6
stytr2,6879,mural__img_1082crop_1_0,0.5771,6
adain,6879,mural__img_1082crop_1_0,0.0,6
sanet,6879,mural__img_1082crop_1_0,0.1667,6
cast,6879,mural__img_1082crop_1_0,0.6131,6
stytr2,6879,mural__img_1224crop_0_0,0.4333,6
adain,6879,mural__img_1224crop_0_0,0.0,6
sanet,6879,mural__img_1224crop_0_0,0.0,6
cast,6879,mural__img_1224crop_0_0,0.6236,6
stytr2,6879,mural__img_1224crop_1_1,0.4333,6
adain,6879,mural__img_1224crop_1_1,0.0,6
sanet,6879,mural__img_1224crop_1_1,0.1042,6
cast,6879,mural__img_1224crop_1_1,0.5486,6
stytr2,6879,mural__img_16crop_0_0,0.4333,6
adain,6879,mural__img_16crop_0_0,0.0,6
sanet,6879,mural__img_16crop_0_0,0.2667,6
cast,6879,mural__img_16crop_0_0,0.4889,6
stytr2,6879,mural__img_276crop_1_0,0.4333,6
adain,6879,mural__img_276crop_1_0,0.1111,6
sanet,6879,mural__img_276crop_1_0,0.1667,6
cast,6879,mural__img_276crop_1_0,0.5354,6
stytr2,6879,mural__img_326crop_1_1,0.4333,6
adain,6879,mural__img_326crop_1_1,0.0,6
sanet,6879,mural__img_326crop_1_1,0.0,6
cast,6879,mural__img_326crop_1_1,0.5667,6
stytr2,6879,mural__img_327crop_0_1,0.4984,6
adain,6879,mural__img_327crop_0_1,0.0,6
sanet,6879,mural__img_327crop_0_1,0.0,6
cast,6879,mural__img_327crop_0_1,0.5697,6
stytr2,6879,mural__img_536crop_1_0,0.598,6
adain,6879,mural__img_536crop_1_0,0.0,6
sanet,6879,mural__img_536crop_1_0,0.1389,6
cast,6879,mural__img_536crop_1_0,0.5333,6
stytr2,6879,mural__img_593crop_0_0,0.5909,6
adain,6879,mural__img_593crop_0_0,0.0,6
sanet,6879,mural__img_593crop_0_0,0.1944,6
cast,6879,mural__img_593crop_0_0,0.6838,6
stytr2,6879,mural__img_739crop_1_1,0.4056,6
adain,6879,mural__img_739crop_1_1,0.0,6
sanet,6879,mural__img_739crop_1_1,0.0,6
cast,6879,mural__img_739crop_1_1,0.6202,6
stytr2,6879,western_painting__met_359775,0.5278,6
adain,6879,western_painting__met_359775,0.1,6
sanet,6879,western_painting__met_359775,0.4359,6
cast,6879,western_painting__met_359775,0.6894,6
stytr2,6879,western_painting__met_383787,0.4778,6
adain,6879,western_painting__met_383787,0.0,6
sanet,6879,western_painting__met_383787,0.3167,6
cast,6879,western_painting__met_383787,0.6687,6
stytr2,6879,western_painting__met_406721,0.6202,6
adain,6879,western_painting__met_406721,0.0,6
sanet,6879,western_painting__met_406721,0.5581,6
cast,6879,western_painting__met_406721,0.4611,6
stytr2,6879,western_painting__met_437769,0.5535,6
adain,6879,western_painting__met_437769,0.0,6
sanet,6879,western_painting__met_437769,0.0581,6
cast,6879,western_painting__met_437769,0.548,6
stytr2,6879,western_painting__met_437967,0.6091,6
adain,6879,western_painting__met_437967,0.0,6
sanet,6879,western_painting__met_437967,0.0,6
cast,6879,western_painting__met_437967,0.6838,6
stytr2,6879,western_painting__met_439405,0.5884,6
adain,6879,western_painting__met_439405,0.0,6
sanet,6879,western_painting__met_439405,0.1389,6
cast,6879,western_painting__met_439405,0.6495,6
stytr2,6879,western_painting__met_649693,0.3667,6
adain,6879,western_painting__met_649693,0.0,6
sanet,6879,western_painting__met_649693,0.1944,6
cast,6879,western_painting__met_649693,0.7727,6
stytr2,6879,western_painting__met_739494,0.4667,6
adain,6879,western_painting__met_739494,0.0,6
sanet,6879,western_painting__met_739494,0.2096,6
cast,6879,western_painting__met_739494,0.6646,6
stytr2,6879,western_painting__met_787672,0.5278,6
adain,6879,western_painting__met_787672,0.0,6
sanet,6879,western_painting__met_787672,0.4611,6
cast,6879,western_painting__met_787672,0.6,6
stytr2,6879,western_painting__met_788182,0.5111,6
adain,6879,western_painting__met_788182,0.0972,6
sanet,6879,western_painting__met_788182,0.4,6
cast,6879,western_painting__met_788182,0.6,6
stytr2,7124,chinese_landscape__130942,0.2023,17
adain,7124,chinese_landscape__130942,0.0588,17
sanet,7124,chinese_landscape__130942,0.114,17
cast,7124,chinese_landscape__130942,0.1329,17
stytr2,7124,chinese_landscape__132834,0.1329,17
adain,7124,chinese_landscape__132834,0.0588,17
sanet,7124,chinese_landscape__132834,0.1187,17
cast,7124,chinese_landscape__132834,0.1329,17
stytr2,7124,chinese_landscape__132836,0.1241,17
adain,7124,chinese_landscape__132836,0.0588,17
sanet,7124,chinese_landscape__132836,0.114,17
cast,7124,chinese_landscape__132836,0.1329,17
stytr2,7124,chinese_landscape__132840,0.1329,17
adain,7124,chinese_landscape__132840,0.0471,17
sanet,7124,chinese_landscape__132840,0.1241,17
cast,7124,chinese_landscape__132840,0.1329,17
stytr2,7124,chinese_landscape__132930,0.1329,17
adain,7124,chinese_landscape__132930,0.0471,17
sanet,7124,chinese_landscape__132930,0.1222,17
cast,7124,chinese_landscape__132930,0.1271,17
stytr2,7124,chinese_landscape__137205,0.1241,17
adain,7124,chinese_landscape__137205,0.0471,17
sanet,7124,chinese_landscape__137205,0.1128,17
cast,7124,chinese_landscape__137205,0.1559,17
stytr2,7124,chinese_landscape__142574,0.1329,17
adain,7124,chinese_landscape__142574,0.0588,17
sanet,7124,chinese_landscape__142574,0.1081,17
cast,7124,chinese_landscape__142574,0.1271,17
stytr2,7124,chinese_landscape__142578,0.1241,17
adain,7124,chinese_landscape__142578,0.0588,17
sanet,7124,chinese_landscape__142578,0.1194,17
cast,7124,chinese_landscape__142578,0.1271,17
stytr2,7124,chinese_landscape__144829,0.1241,17
adain,7124,chinese_landscape__144829,0.0588,17
sanet,7124,chinese_landscape__144829,0.1148,17
cast,7124,chinese_landscape__144829,0.1729,17
stytr2,7124,chinese_landscape__148342,0.1329,17
adain,7124,chinese_landscape__148342,0.0588,17
sanet,7124,chinese_landscape__148342,0.1241,17
cast,7124,chinese_landscape__148342,0.1271,17
stytr2,7124,mural__img_1082crop_1_0,0.1241,17
adain,7124,mural__img_1082crop_1_0,0.049,17
sanet,7124,mural__img_1082crop_1_0,0.1028,17
cast,7124,mural__img_1082crop_1_0,0.1329,17
stytr2,7124,mural__img_1224crop_0_0,0.1222,17
adain,7124,mural__img_1224crop_0_0,0.0,17
sanet,7124,mural__img_1224crop_0_0,0.049,17
cast,7124,mural__img_1224crop_0_0,0.1222,17
stytr2,7124,mural__img_1224crop_1_1,0.1329,17
adain,7124,mural__img_1224crop_1_1,0.0,17
sanet,7124,mural__img_1224crop_1_1,0.0588,17
cast,7124,mural__img_1224crop_1_1,0.1222,17
stytr2,7124,mural__img_16crop_0_0,0.1148,17
adain,7124,mural__img_16crop_0_0,0.0,17
sanet,7124,mural__img_16crop_0_0,0.0749,17
cast,7124,mural__img_16crop_0_0,0.1286,17
stytr2,7124,mural__img_276crop_1_0,0.0934,17
adain,7124,mural__img_276crop_1_0,0.0,17
sanet,7124,mural__img_276crop_1_0,0.0588,17
cast,7124,mural__img_276crop_1_0,0.1222,17
stytr2,7124,mural__img_326crop_1_1,0.1194,17
adain,7124,mural__img_326crop_1_1,0.0,17
sanet,7124,mural__img_326crop_1_1,0.0588,17
cast,7124,mural__img_326crop_1_1,0.1329,17
stytr2,7124,mural__img_327crop_0_1,0.1329,17
adain,7124,mural__img_327crop_0_1,0.0353,17
sanet,7124,mural__img_327crop_0_1,0.112,17
cast,7124,mural__img_327crop_0_1,0.1222,17
stytr2,7124,mural__img_536crop_1_0,0.1329,17
adain,7124,mural__img_536crop_1_0,0.0471,17
sanet,7124,mural__img_536crop_1_0,0.0588,17
cast,7124,mural__img_536crop_1_0,0.1329,17
stytr2,7124,mural__img_593crop_0_0,0.1329,17
adain,7124,mural__img_593crop_0_0,0.0471,17
sanet,7124,mural__img_593crop_0_0,0.0588,17
cast,7124,mural__img_593crop_0_0,0.1222,17
stytr2,7124,mural__img_739crop_1_1,0.1286,17
adain,7124,mural__img_739crop_1_1,0.0,17
sanet,7124,mural__img_739crop_1_1,0.0588,17
cast,7124,mural__img_739crop_1_1,0.1123,17
stytr2,7124,western_painting__met_359775,0.1241,17
adain,7124,western_painting__met_359775,0.0588,17
sanet,7124,western_painting__met_359775,0.109,17
cast,7124,western_painting__met_359775,0.1271,17
stytr2,7124,western_painting__met_383787,0.1241,17
adain,7124,western_painting__met_383787,0.0,17
sanet,7124,western_painting__met_383787,0.139,17
cast,7124,western_painting__met_383787,0.1329,17
stytr2,7124,western_painting__met_406721,0.1187,17
adain,7124,western_painting__met_406721,0.0471,17
sanet,7124,western_painting__met_406721,0.1081,17
cast,7124,western_painting__met_406721,0.1334,17
stytr2,7124,western_painting__met_437769,0.1225,17
adain,7124,western_painting__met_437769,0.0588,17
sanet,7124,western_painting__met_437769,0.0588,17
cast,7124,western_painting__met_437769,0.1222,17
stytr2,7124,western_painting__met_437967,0.1241,17
adain,7124,western_painting__met_437967,0.0588,17
sanet,7124,western_painting__met_437967,0.0993,17
cast,7124,western_painting__met_437967,0.1329,17
stytr2,7124,western_painting__met_439405,0.0832,17
adain,7124,western_painting__met_439405,0.0,17
sanet,7124,western_painting__met_439405,0.0588,17
cast,7124,western_painting__met_439405,0.1123,17
stytr2,7124,western_painting__met_649693,0.1776,17
adain,7124,western_painting__met_649693,0.0588,17
sanet,7124,western_painting__met_649693,0.108,17
cast,7124,western_painting__met_649693,0.1329,17
stytr2,7124,western_painting__met_739494,0.1135,17
adain,7124,western_painting__met_739494,0.0353,17
sanet,7124,western_painting__met_739494,0.0588,17
cast,7124,western_painting__met_739494,0.1329,17
stytr2,7124,western_painting__met_787672,0.1241,17
adain,7124,western_painting__met_787672,0.0588,17
sanet,7124,western_painting__met_787672,0.0588,17
cast,7124,western_painting__met_787672,0.1329,17
stytr2,7124,western_painting__met_788182,0.1241,17
adain,7124,western_painting__met_788182,0.0588,17
sanet,7124,western_painting__met_788182,0.0983,17
cast,7124,western_painting__met_788182,0.1329,17
stytr2,7162,chinese_landscape__130942,0.1131,12
adain,7162,chinese_landscape__130942,0.0,12
sanet,7162,chinese_landscape__130942,0.0877,12
cast,7162,chinese_landscape__130942,0.4398,12
stytr2,7162,chinese_landscape__132834,0.4467,12
adain,7162,chinese_landscape__132834,0.0,12
sanet,7162,chinese_landscape__132834,0.4189,12
cast,7162,chinese_landscape__132834,0.4189,12
stytr2,7162,chinese_landscape__132836,0.3745,12
adain,7162,chinese_landscape__132836,0.0,12
sanet,7162,chinese_landscape__132836,0.0952,12
cast,7162,chinese_landscape__132836,0.4114,12
stytr2,7162,chinese_landscape__132840,0.4467,12
adain,7162,chinese_landscape__132840,0.3076,12
sanet,7162,chinese_landscape__132840,0.2922,12
cast,7162,chinese_landscape__132840,0.4467,12
stytr2,7162,chinese_landscape__132930,0.4467,12
adain,7162,chinese_landscape__132930,0.2515,12
sanet,7162,chinese_landscape__132930,0.4189,12
cast,7162,chinese_landscape__132930,0.4332,12
stytr2,7162,chinese_landscape__137205,0.4369,12
adain,7162,chinese_landscape__137205,0.2584,12
sanet,7162,chinese_landscape__137205,0.3459,12
cast,7162,chinese_landscape__137205,0.4189,12
stytr2,7162,chinese_landscape__142574,0.4765,12
adain,7162,chinese_landscape__142574,0.0,12
sanet,7162,chinese_landscape__142574,0.0952,12
cast,7162,chinese_landscape__142574,0.461,12
stytr2,7162,chinese_landscape__142578,0.3745,12
adain,7162,chinese_landscape__142578,0.0,12
sanet,7162,chinese_landscape__142578,0.3745,12
cast,7162,chinese_landscape__142578,0.4114,12
stytr2,7162,chinese_landscape__144829,0.4467,12
adain,7162,chinese_landscape__144829,0.0,12
sanet,7162,chinese_landscape__144829,0.0741,12
cast,7162,chinese_landscape__144829,0.4189,12
stytr2,7162,chinese_landscape__148342,0.3888,12
adain,7162,chinese_landscape__148342,0.0,12
sanet,7162,chinese_landscape__148342,0.0877,12
cast,7162,chinese_landscape__148342,0.4402,12
stytr2,7162,mural__img_1082crop_1_0,0.0952,12
adain,7162,mural__img_1082crop_1_0,0.0,12
sanet,7162,mural__img_1082crop_1_0,0.0952,12
cast,7162,mural__img_1082crop_1_0,0.4189,12
stytr2,7162,mural__img_1224crop_0_0,0.3962,12
adain,7162,mural__img_1224crop_0_0,0.0,12
sanet,7162,mural__img_1224crop_0_0,0.0,12
cast,7162,mural__img_1224crop_0_0,0.3745,12
stytr2,7162,mural__img_1224crop_1_1,0.3669,12
adain,7162,mural__img_1224crop_1_1,0.0,12
sanet,7162,mural__img_1224crop_1_1,0.0,12
cast,7162,mural__img_1224crop_1_1,0.4467,12
stytr2,7162,mural__img_16crop_0_0,0.4467,12
adain,7162,mural__img_16crop_0_0,0.0,12
sanet,7162,mural__img_16crop_0_0,0.0227,12
cast,7162,mural__img_16crop_0_0,0.4392,12
stytr2,7162,mural__img_276crop_1_0,0.3542,12
adain,7162,mural__img_276crop_1_0,0.0,12
sanet,7162,mural__img_276crop_1_0,0.0606,12
cast,7162,mural__img_276crop_1_0,0.3745,12
stytr2,7162,mural__img_326crop_1_1,0.361,12
adain,7162,mural__img_326crop_1_1,0.0,12
sanet,7162,mural__img_326crop_1_1,0.0438,12
cast,7162,mural__img_326crop_1_1,0.4038,12
stytr2,7162,mural__img_327crop_0_1,0.3458,12
adain,7162,mural__img_327crop_0_1,0.0,12
sanet,7162,mural__img_327crop_0_1,0.0,12
cast,7162,mural__img_327crop_0_1,0.4467,12
stytr2,7162,mural__img_536crop_1_0,0.3978,12
adain,7162,mural__img_536crop_1_0,0.0,12
sanet,7162,mural__img_536crop_1_0,0.059,12
cast,7162,mural__img_536crop_1_0,0.4467,12
stytr2,7162,mural__img_593crop_0_0,0.0801,12
adain,7162,mural__img_593crop_0_0,0.0,12
sanet,7162,mural__img_593crop_0_0,0.0379,12
cast,7162,mural__img_593crop_0_0,0.4467,12
stytr2,7162,mural__img_739crop_1_1,0.3458,12
adain,7162,mural__img_739crop_1_1,0.0,12
sanet,7162,mural__img_739crop_1_1,0.0,12
cast,7162,mural__img_739crop_1_1,0.0952,12
stytr2,7162,western_painting__met_359775,0.4189,12
adain,7162,western_painting__met_359775,0.0,12
sanet,7162,western_painting__met_359775,0.0801,12
cast,7162,western_painting__met_359775,0.4467,12
stytr2,7162,western_painting__met_383787,0.4294,12
adain,7162,western_painting__met_383787,0.2515,12
sanet,7162,western_painting__met_383787,0.4467,12
cast,7162,western_painting__met_383787,0.4467,12
stytr2,7162,western_painting__met_406721,0.4467,12
adain,7162,western_painting__met_406721,0.0,12
sanet,7162,western_painting__met_406721,0.4467,12
cast,7162,western_painting__met_406721,0.4038,12
stytr2,7162,western_painting__met_437769,0.0801,12
adain,7162,western_painting__met_437769,0.0,12
sanet,7162,western_painting__met_437769,0.0,12
cast,7162,western_painting__met_437769,0.4189,12
stytr2,7162,western_painting__met_437967,0.0952,12
adain,7162,western_painting__met_437967,0.0,12
sanet,7162,western_painting__met_437967,0.0379,12
cast,7162,western_painting__met_437967,0.0952,12
stytr2,7162,western_painting__met_439405,0.053,12
adain,7162,western_painting__met_439405,0.0,12
sanet,7162,western_painting__met_439405,0.0,12
cast,7162,western_painting__met_439405,0.3745,12
stytr2,7162,western_painting__met_649693,0.0877,12
adain,7162,western_painting__met_649693,0.0,12
sanet,7162,western_painting__met_649693,0.0952,12
cast,7162,western_painting__met_649693,0.461,12
stytr2,7162,western_painting__met_739494,0.0877,12
adain,7162,western_painting__met_739494,0.0,12
sanet,7162,western_painting__met_739494,0.0666,12
cast,7162,western_painting__met_739494,0.4467,12
stytr2,7162,western_painting__met_787672,0.4189,12
adain,7162,western_painting__met_787672,0.0514,12
sanet,7162,western_painting__met_787672,0.1797,12
cast,7162,western_painting__met_787672,0.4467,12
stytr2,7162,western_painting__met_788182,0.4189,12
adain,7162,western_painting__met_788182,0.0,12
sanet,7162,western_painting__met_788182,0.0801,12
cast,7162,western_painting__met_788182,0.4189,12
stytr2,7447,chinese_landscape__130942,0.8556,7
adain,7447,chinese_landscape__130942,0.1868,7
sanet,7447,chinese_landscape__130942,0.611,7
cast,7447,chinese_landscape__130942,0.7878,7
stytr2,7447,chinese_landscape__132834,0.777,7
adain,7447,chinese_landscape__132834,0.3016,7
sanet,7447,chinese_landscape__132834,0.6777,7
cast,7447,chinese_landscape__132834,0.7673,7
stytr2,7447,chinese_landscape__132836,0.6491,7
adain,7447,chinese_landscape__132836,0.2747,7
sanet,7447,chinese_landscape__132836,0.5269,7
cast,7447,chinese_landscape__132836,0.7333,7
stytr2,7447,chinese_landscape__132840,0.6777,7
adain,7447,chinese_landscape__132840,0.2857,7
sanet,7447,chinese_landscape__132840,0.5684,7
cast,7447,chinese_landscape__132840,0.7184,7
stytr2,7447,chinese_landscape__132930,0.7738,7
adain,7447,chinese_landscape__132930,0.2576,7
sanet,7447,chinese_landscape__132930,0.5546,7
cast,7447,chinese_landscape__132930,0.7321,7
stytr2,7447,chinese_landscape__137205,0.5904,7
adain,7447,chinese_landscape__137205,0.2796,7
sanet,7447,chinese_landscape__137205,0.4872,7
cast,7447,chinese_landscape__137205,0.7398,7
stytr2,7447,chinese_landscape__142574,0.8214,7
adain,7447,chinese_landscape__142574,0.2466,7
sanet,7447,chinese_landscape__142574,0.4197,7
cast,7447,chinese_landscape__142574,0.7184,7
stytr2,7447,chinese_landscape__142578,0.7651,7
adain,7447,chinese_landscape__142578,0.3977,7
sanet,7447,chinese_landscape__142578,0.6062,7
cast,7447,chinese_landscape__142578,0.7265,7
stytr2,7447,chinese_landscape__144829,0.8095,7
adain,7447,chinese_landscape__144829,0.3025,7
sanet,7447,chinese_landscape__144829,0.5089,7
cast,7447,chinese_landscape__144829,0.8214,7
stytr2,7447,chinese_landscape__148342,0.7421,7
adain,7447,chinese_landscape__148342,0.2805,7
sanet,7447,chinese_landscape__148342,0.5842,7
cast,7447,chinese_landscape__148342,0.6967,7
stytr2,7447,mural__img_1082crop_1_0,0.7619,7
adain,7447,mural__img_1082crop_1_0,0.364,7
sanet,7447,mural__img_1082crop_1_0,0.3233,7
cast,7447,mural__img_1082crop_1_0,0.7929,7
stytr2,7447,mural__img_1224crop_0_0,0.5147,7
adain,7447,mural__img_1224crop_0_0,0.1648,7
sanet,7447,mural__img_1224crop_0_0,0.2879,7
cast,7447,mural__img_1224crop_0_0,0.8056,7
stytr2,7447,mural__img_1224crop_1_1,0.6003,7
adain,7447,mural__img_1224crop_1_1,0.1648,7
sanet,7447,mural__img_1224crop_1_1,0.3648,7
cast,7447,mural__img_1224crop_1_1,0.8005,7
stytr2,7447,mural__img_16crop_0_0,0.5882,7
adain,7447,mural__img_16crop_0_0,0.0,7
sanet,7447,mural__img_16crop_0_0,0.3433,7
cast,7447,mural__img_16crop_0_0,0.7594,7
stytr2,7447,mural__img_276crop_1_0,0.3428,7
adain,7447,mural__img_276crop_1_0,0.0,7
sanet,7447,mural__img_276crop_1_0,0.2816,7
cast,7447,mural__img_276crop_1_0,0.5882,7
stytr2,7447,mural__img_326crop_1_1,0.4747,7
adain,7447,mural__img_326crop_1_1,0.0,7
sanet,7447,mural__img_326crop_1_1,0.3181,7
cast,7447,mural__img_326crop_1_1,0.7469,7
stytr2,7447,mural__img_327crop_0_1,0.5516,7
adain,7447,mural__img_327crop_0_1,0.2647,7
sanet,7447,mural__img_327crop_0_1,0.4302,7
cast,7447,mural__img_327crop_0_1,0.7929,7
stytr2,7447,mural__img_536crop_1_0,0.7285,7
adain,7447,mural__img_536crop_1_0,0.2357,7
sanet,7447,mural__img_536crop_1_0,0.2466,7
cast,7447,mural__img_536crop_1_0,0.7929,7
stytr2,7447,mural__img_593crop_0_0,0.7897,7
adain,7447,mural__img_593crop_0_0,0.1221,7
sanet,7447,mural__img_593crop_0_0,0.2879,7
cast,7447,mural__img_593crop_0_0,0.7929,7
stytr2,7447,mural__img_739crop_1_1,0.5186,7
adain,7447,mural__img_739crop_1_1,0.1331,7
sanet,7447,mural__img_739crop_1_1,0.1807,7
cast,7447,mural__img_739crop_1_1,0.7254,7
stytr2,7447,western_painting__met_359775,0.5771,7
adain,7447,western_painting__met_359775,0.3016,7
sanet,7447,western_painting__met_359775,0.5585,7
cast,7447,western_painting__met_359775,0.8107,7
stytr2,7447,western_painting__met_383787,0.5406,7
adain,7447,western_painting__met_383787,0.1807,7
sanet,7447,western_painting__met_383787,0.4802,7
cast,7447,western_painting__met_383787,0.6429,7
stytr2,7447,western_painting__met_406721,0.78,7
adain,7447,western_painting__met_406721,0.149,7
sanet,7447,western_painting__met_406721,0.4087,7
cast,7447,western_painting__met_406721,0.8036,7
stytr2,7447,western_painting__met_437769,0.71,7
adain,7447,western_painting__met_437769,0.1807,7
sanet,7447,western_painting__met_437769,0.3236,7
cast,7447,western_painting__met_437769,0.7324,7
stytr2,7447,western_painting__met_437967,0.715,7
adain,7447,western_painting__met_437967,0.149,7
sanet,7447,western_painting__met_437967,0.3709,7
cast,7447,western_painting__met_437967,0.7443,7
stytr2,7447,western_painting__met_439405,0.3888,7
adain,7447,western_painting__met_439405,0.1172,7
sanet,7447,western_painting__met_439405,0.0,7
cast,7447,western_painting__met_439405,0.6523,7
stytr2,7447,western_painting__met_649693,0.5269,7
adain,7447,western_painting__met_649693,0.1807,7
sanet,7447,western_painting__met_649693,0.4444,7
cast,7447,western_painting__met_649693,0.7878,7
stytr2,7447,western_painting__met_739494,0.5477,7
adain,7447,western_painting__met_739494,0.2418,7
sanet,7447,western_painting__met_739494,0.4554,7
cast,7447,western_painting__met_739494,0.8393,7
stytr2,7447,western_painting__met_787672,0.6087,7
adain,7447,western_painting__met_787672,0.2906,7
sanet,7447,western_painting__met_787672,0.5079,7
cast,7447,western_painting__met_787672,0.7968,7
stytr2,7447,western_painting__met_788182,0.5911,7
adain,7447,western_painting__met_788182,0.2756,7
sanet,7447,western_painting__met_788182,0.5079,7
cast,7447,western_painting__met_788182,0.7929,7
stytr2,7555,chinese_landscape__130942,0.89,5
adain,7555,chinese_landscape__130942,0.0,5
sanet,7555,chinese_landscape__130942,0.45,5
cast,7555,chinese_landscape__130942,0.6857,5
stytr2,7555,chinese_landscape__132834,0.9143,5
adain,7555,chinese_landscape__132834,0.1,5
sanet,7555,chinese_landscape__132834,0.6,5
cast,7555,chinese_landscape__132834,0.525,5
stytr2,7555,chinese_landscape__132836,0.881,5
adain,7555,chinese_landscape__132836,0.0,5
sanet,7555,chinese_landscape__132836,0.6893,5
cast,7555,chinese_landscape__132836,0.6024,5
stytr2,7555,chinese_landscape__132840,0.681,5
adain,7555,chinese_landscape__132840,0.0333,5
sanet,7555,chinese_landscape__132840,0.6607,5
cast,7555,chinese_landscape__132840,0.6107,5
stytr2,7555,chinese_landscape__132930,0.8476,5
adain,7555,chinese_landscape__132930,0.0,5
sanet,7555,chinese_landscape__132930,0.55,5
cast,7555,chinese_landscape__132930,0.6607,5
stytr2,7555,chinese_landscape__137205,0.6571,5
adain,7555,chinese_landscape__137205,0.1333,5
sanet,7555,chinese_landscape__137205,0.2667,5
cast,7555,chinese_landscape__137205,0.7143,5
stytr2,7555,chinese_landscape__142574,0.881,5
adain,7555,chinese_landscape__142574,0.0,5
sanet,7555,chinese_landscape__142574,0.5167,5
cast,7555,chinese_landscape__142574,0.575,5
stytr2,7555,chinese_landscape__142578,0.681,5
adain,7555,chinese_landscape__142578,0.0,5
sanet,7555,chinese_landscape__142578,0.4107,5
cast,7555,chinese_landscape__142578,0.4583,5
stytr2,7555,chinese_landscape__144829,0.7571,5
adain,7555,chinese_landscape__144829,0.0,5
sanet,7555,chinese_landscape__144829,0.5607,5
cast,7555,chinese_landscape__144829,0.6643,5
stytr2,7555,chinese_landscape__148342,0.8071,5
adain,7555,chinese_landscape__148342,0.0,5
sanet,7555,chinese_landscape__148342,0.35,5
cast,7555,chinese_landscape__148342,0.6274,5
stytr2,7555,mural__img_1082crop_1_0,0.6857,5
adain,7555,mural__img_1082crop_1_0,0.0,5
sanet,7555,mural__img_1082crop_1_0,0.3333,5
cast,7555,mural__img_1082crop_1_0,0.4667,5
stytr2,7555,mural__img_1224crop_0_0,0.4833,5
adain,7555,mural__img_1224crop_0_0,0.0,5
sanet,7555,mural__img_1224crop_0_0,0.2,5
cast,7555,mural__img_1224crop_0_0,0.5179,5
stytr2,7555,mural__img_1224crop_1_1,0.5417,5
adain,7555,mural__img_1224crop_1_1,0.0,5
sanet,7555,mural__img_1224crop_1_1,0.2,5
cast,7555,mural__img_1224crop_1_1,0.5417,5
stytr2,7555,mural__img_16crop_0_0,0.5,5
adain,7555,mural__img_16crop_0_0,0.0,5
sanet,7555,mural__img_16crop_0_0,0.0,5
cast,7555,mural__img_16crop_0_0,0.1,5
stytr2,7555,mural__img_276crop_1_0,0.1667,5
adain,7555,mural__img_276crop_1_0,0.0,5
sanet,7555,mural__img_276crop_1_0,0.0,5
cast,7555,mural__img_276crop_1_0,0.3667,5
stytr2,7555,mural__img_326crop_1_1,0.525,5
adain,7555,mural__img_326crop_1_1,0.0,5
sanet,7555,mural__img_326crop_1_1,0.0,5
cast,7555,mural__img_326crop_1_1,0.3333,5
stytr2,7555,mural__img_327crop_0_1,0.5083,5
adain,7555,mural__img_327crop_0_1,0.0,5
sanet,7555,mural__img_327crop_0_1,0.2333,5
cast,7555,mural__img_327crop_0_1,0.481,5
stytr2,7555,mural__img_536crop_1_0,0.569,5
adain,7555,mural__img_536crop_1_0,0.0,5
sanet,7555,mural__img_536crop_1_0,0.1,5
cast,7555,mural__img_536crop_1_0,0.6143,5
stytr2,7555,mural__img_593crop_0_0,0.525,5
adain,7555,mural__img_593crop_0_0,0.0,5
sanet,7555,mural__img_593crop_0_0,0.0,5
cast,7555,mural__img_593crop_0_0,0.481,5
stytr2,7555,mural__img_739crop_1_1,0.3833,5
adain,7555,mural__img_739crop_1_1,0.0,5
sanet,7555,mural__img_739crop_1_1,0.1333,5
cast,7555,mural__img_739crop_1_1,0.5607,5
stytr2,7555,western_painting__met_359775,0.6726,5
adain,7555,western_painting__met_359775,0.0,5
sanet,7555,western_painting__met_359775,0.3083,5
cast,7555,western_painting__met_359775,0.6607,5
stytr2,7555,western_painting__met_383787,0.756,5
adain,7555,western_painting__met_383787,0.0,5
sanet,7555,western_painting__met_383787,0.431,5
cast,7555,western_painting__met_383787,0.6274,5
stytr2,7555,western_painting__met_406721,0.544,5
adain,7555,western_painting__met_406721,0.0,5
sanet,7555,western_painting__met_406721,0.506,5
cast,7555,western_painting__met_406721,0.3,5
stytr2,7555,western_painting__met_437769,0.5357,5
adain,7555,western_painting__met_437769,0.0,5
sanet,7555,western_painting__met_437769,0.0,5
cast,7555,western_painting__met_437769,0.4893,5
stytr2,7555,western_painting__met_437967,0.5667,5
adain,7555,western_painting__met_437967,0.0,5
sanet,7555,western_painting__met_437967,0.1333,5
cast,7555,western_painting__met_437967,0.4417,5
stytr2,7555,western_painting__met_439405,0.3905,5
adain,7555,western_painting__met_439405,0.0,5
sanet,7555,western_painting__met_439405,0.0,5
cast,7555,western_painting__met_439405,0.325,5
stytr2,7555,western_painting__met_649693,0.7143,5
adain,7555,western_painting__met_649693,0.0,5
sanet,7555,western_painting__met_649693,0.375,5
cast,7555,western_painting__met_649693,0.4857,5
stytr2,7555,western_painting__met_739494,0.275,5
adain,7555,western_painting__met_739494,0.0,5
sanet,7555,western_painting__met_739494,0.2917,5
cast,7555,western_painting__met_739494,0.575,5
stytr2,7555,western_painting__met_787672,0.6024,5
adain,7555,western_painting__met_787672,0.0,5
sanet,7555,western_painting__met_787672,0.3821,5
cast,7555,western_painting__met_787672,0.4,5
stytr2,7555,western_painting__met_788182,0.581,5
adain,7555,western_painting__met_788182,0.0,5
sanet,7555,western_painting__met_788182,0.125,5
cast,7555,western_painting__met_788182,0.575,5
stytr2,7638,chinese_landscape__130942,0.654,5
adain,7638,chinese_landscape__130942,0.0,5
sanet,7638,chinese_landscape__130942,0.2516,5
cast,7638,chinese_landscape__130942,0.5325,5
stytr2,7638,chinese_landscape__132834,0.6262,5
adain,7638,chinese_landscape__132834,0.0,5
sanet,7638,chinese_landscape__132834,0.0,5
cast,7638,chinese_landscape__132834,0.577,5
stytr2,7638,chinese_landscape__132836,0.6484,5
adain,7638,chinese_landscape__132836,0.0,5
sanet,7638,chinese_landscape__132836,0.0,5
cast,7638,chinese_landscape__132836,0.5992,5
stytr2,7638,chinese_landscape__132840,0.5984,5
adain,7638,chinese_landscape__132840,0.0,5
sanet,7638,chinese_landscape__132840,0.15,5
cast,7638,chinese_landscape__132840,0.5706,5
stytr2,7638,chinese_landscape__132930,0.5706,5
adain,7638,chinese_landscape__132930,0.0,5
sanet,7638,chinese_landscape__132930,0.0,5
cast,7638,chinese_landscape__132930,0.5325,5
stytr2,7638,chinese_landscape__137205,0.4778,5
adain,7638,chinese_landscape__137205,0.0,5
sanet,7638,chinese_landscape__137205,0.2913,5
cast,7638,chinese_landscape__137205,0.5833,5
stytr2,7638,chinese_landscape__142574,0.5992,5
adain,7638,chinese_landscape__142574,0.0,5
sanet,7638,chinese_landscape__142574,0.1,5
cast,7638,chinese_landscape__142574,0.4437,5
stytr2,7638,chinese_landscape__142578,0.5992,5
adain,7638,chinese_landscape__142578,0.0,5
sanet,7638,chinese_landscape__142578,0.15,5
cast,7638,chinese_landscape__142578,0.5992,5
stytr2,7638,chinese_landscape__144829,0.727,5
adain,7638,chinese_landscape__144829,0.0,5
sanet,7638,chinese_landscape__144829,0.15,5
cast,7638,chinese_landscape__144829,0.5548,5
stytr2,7638,chinese_landscape__148342,0.5484,5
adain,7638,chinese_landscape__148342,0.0,5
sanet,7638,chinese_landscape__148342,0.25,5
cast,7638,chinese_landscape__148342,0.4437,5
stytr2,7638,mural__img_1082crop_1_0,0.5484,5
adain,7638,mural__img_1082crop_1_0,0.1675,5
sanet,7638,mural__img_1082crop_1_0,0.25,5
cast,7638,mural__img_1082crop_1_0,0.4437,5
stytr2,7638,mural__img_1224crop_0_0,0.4151,5
adain,7638,mural__img_1224crop_0_0,0.0,5
sanet,7638,mural__img_1224crop_0_0,0.25,5
cast,7638,mural__img_1224crop_0_0,0.5103,5
stytr2,7638,mural__img_1224crop_1_1,0.4817,5
adain,7638,mural__img_1224crop_1_1,0.025,5
sanet,7638,mural__img_1224crop_1_1,0.0,5
cast,7638,mural__img_1224crop_1_1,0.4437,5
stytr2,7638,mural__img_16crop_0_0,0.504,5
adain,7638,mural__img_16crop_0_0,0.0,5
sanet,7638,mural__img_16crop_0_0,0.0,5
cast,7638,mural__img_16crop_0_0,0.4151,5
stytr2,7638,mural__img_276crop_1_0,0.25,5
adain,7638,mural__img_276crop_1_0,0.0,5
sanet,7638,mural__img_276crop_1_0,0.0,5
cast,7638,mural__img_276crop_1_0,0.3643,5
stytr2,7638,mural__img_326crop_1_1,0.5198,5
adain,7638,mural__img_326crop_1_1,0.0,5
sanet,7638,mural__img_326crop_1_1,0.0,5
cast,7638,mural__img_326crop_1_1,0.4437,5
stytr2,7638,mural__img_327crop_0_1,0.4151,5
adain,7638,mural__img_327crop_0_1,0.0,5
sanet,7638,mural__img_327crop_0_1,0.2083,5
cast,7638,mural__img_327crop_0_1,0.5437,5
stytr2,7638,mural__img_536crop_1_0,0.3607,5
adain,7638,mural__img_536crop_1_0,0.0,5
sanet,7638,mural__img_536crop_1_0,0.0,5
cast,7638,mural__img_536crop_1_0,0.4437,5
stytr2,7638,mural__img_593crop_0_0,0.5385,5
adain,7638,mural__img_593crop_0_0,0.0,5
sanet,7638,mural__img_593crop_0_0,0.1016,5
cast,7638,mural__img_593crop_0_0,0.4437,5
stytr2,7638,mural__img_739crop_1_1,0.4151,5
adain,7638,mural__img_739crop_1_1,0.0,5
sanet,7638,mural__img_739crop_1_1,0.0,5
cast,7638,mural__img_739crop_1_1,0.4437,5
stytr2,7638,western_painting__met_359775,0.4151,5
adain,7638,western_painting__met_359775,0.0,5
sanet,7638,western_painting__met_359775,0.15,5
cast,7638,western_painting__met_359775,0.5937,5
stytr2,7638,western_painting__met_383787,0.4024,5
adain,7638,western_painting__met_383787,0.0,5
sanet,7638,western_painting__met_383787,0.0,5
cast,7638,western_painting__met_383787,0.5548,5
stytr2,7638,western_painting__met_406721,0.4151,5
adain,7638,western_painting__met_406721,0.0,5
sanet,7638,western_painting__met_406721,0.25,5
cast,7638,western_painting__met_406721,0.5325,5
stytr2,7638,western_painting__met_437769,0.4151,5
adain,7638,western_painting__met_437769,0.0,5
sanet,7638,western_painting__met_437769,0.1333,5
cast,7638,western_painting__met_437769,0.4151,5
stytr2,7638,western_painting__met_437967,0.4151,5
adain,7638,western_painting__met_437967,0.0,5
sanet,7638,western_painting__met_437967,0.0,5
cast,7638,western_painting__met_437967,0.4437,5
stytr2,7638,western_painting__met_439405,0.2865,5
adain,7638,western_painting__met_439405,0.0,5
sanet,7638,western_painting__met_439405,0.0,5
cast,7638,western_painting__met_439405,0.4437,5
stytr2,7638,western_painting__met_649693,0.3865,5
adain,7638,western_painting__met_649693,0.0,5
sanet,7638,western_painting__met_649693,0.075,5
cast,7638,western_painting__met_649693,0.3865,5
stytr2,7638,western_painting__met_739494,0.4151,5
adain,7638,western_painting__met_739494,0.0,5
sanet,7638,western_painting__met_739494,0.0,5
cast,7638,western_painting__met_739494,0.5706,5
stytr2,7638,western_painting__met_787672,0.4151,5
adain,7638,western_painting__met_787672,0.0,5
sanet,7638,western_painting__met_787672,0.25,5
cast,7638,western_painting__met_787672,0.5484,5
stytr2,7638,western_painting__met_788182,0.5226,5
adain,7638,western_painting__met_788182,0.0,5
sanet,7638,western_painting__met_788182,0.1833,5
cast,7638,western_painting__met_788182,0.5706,5
stytr2,7648,chinese_landscape__130942,0.7143,4
adain,7648,chinese_landscape__130942,0.0,4
sanet,7648,chinese_landscape__130942,0.4167,4
cast,7648,chinese_landscape__130942,0.4167,4
stytr2,7648,chinese_landscape__132834,0.7083,4
adain,7648,chinese_landscape__132834,0.0,4
sanet,7648,chinese_landscape__132834,0.375,4
cast,7648,chinese_landscape__132834,0.4167,4
stytr2,7648,chinese_landscape__132836,0.7083,4
adain,7648,chinese_landscape__132836,0.0,4
sanet,7648,chinese_landscape__132836,0.2083,4
cast,7648,chinese_landscape__132836,0.4167,4
stytr2,7648,chinese_landscape__132840,0.4583,4
adain,7648,chinese_landscape__132840,0.0,4
sanet,7648,chinese_landscape__132840,0.25,4
cast,7648,chinese_landscape__132840,0.4167,4
stytr2,7648,chinese_landscape__132930,0.6369,4
adain,7648,chinese_landscape__132930,0.0,4
sanet,7648,chinese_landscape__132930,0.4167,4
cast,7648,chinese_landscape__132930,0.4167,4
stytr2,7648,chinese_landscape__137205,0.4583,4
adain,7648,chinese_landscape__137205,0.0,4
sanet,7648,chinese_landscape__137205,0.3333,4
cast,7648,chinese_landscape__137205,0.4167,4
stytr2,7648,chinese_landscape__142574,0.5952,4
adain,7648,chinese_landscape__142574,0.0,4
sanet,7648,chinese_landscape__142574,0.3333,4
cast,7648,chinese_landscape__142574,0.4167,4
stytr2,7648,chinese_landscape__142578,0.7708,4
adain,7648,chinese_landscape__142578,0.0,4
sanet,7648,chinese_landscape__142578,0.3333,4
cast,7648,chinese_landscape__142578,0.4167,4
stytr2,7648,chinese_landscape__144829,0.7083,4
adain,7648,chinese_landscape__144829,0.0,4
sanet,7648,chinese_landscape__144829,0.4167,4
cast,7648,chinese_landscape__144829,0.4167,4
stytr2,7648,chinese_landscape__148342,0.6667,4
adain,7648,chinese_landscape__148342,0.0,4
sanet,7648,chinese_landscape__148342,0.375,4
cast,7648,chinese_landscape__148342,0.4167,4
stytr2,7648,mural__img_1082crop_1_0,0.875,4
adain,7648,mural__img_1082crop_1_0,0.0833,4
sanet,7648,mural__img_1082crop_1_0,0.1667,4
cast,7648,mural__img_1082crop_1_0,0.4167,4
stytr2,7648,mural__img_1224crop_0_0,0.4167,4
adain,7648,mural__img_1224crop_0_0,0.0,4
sanet,7648,mural__img_1224crop_0_0,0.0,4
cast,7648,mural__img_1224crop_0_0,0.375,4
stytr2,7648,mural__img_1224crop_1_1,0.4167,4
adain,7648,mural__img_1224crop_1_1,0.0,4
sanet,7648,mural__img_1224crop_1_1,0.0,4
cast,7648,mural__img_1224crop_1_1,0.4583,4
stytr2,7648,mural__img_16crop_0_0,0.2083,4
adain,7648,mural__img_16crop_0_0,0.0,4
sanet,7648,mural__img_16crop_0_0,0.125,4
cast,7648,mural__img_16crop_0_0,0.4583,4
stytr2,7648,mural__img_276crop_1_0,0.25,4
adain,7648,mural__img_276crop_1_0,0.0,4
sanet,7648,mural__img_276crop_1_0,0.0,4
cast,7648,mural__img_276crop_1_0,0.4583,4
stytr2,7648,mural__img_326crop_1_1,0.625,4
adain,7648,mural__img_326crop_1_1,0.0,4
sanet,7648,mural__img_326crop_1_1,0.0,4
cast,7648,mural__img_326crop_1_1,0.4167,4
stytr2,7648,mural__img_327crop_0_1,0.8125,4
adain,7648,mural__img_327crop_0_1,0.125,4
sanet,7648,mural__img_327crop_0_1,0.125,4
cast,7648,mural__img_327crop_0_1,0.4167,4
stytr2,7648,mural__img_536crop_1_0,0.7708,4
adain,7648,mural__img_536crop_1_0,0.0,4
sanet,7648,mural__img_536crop_1_0,0.0,4
cast,7648,mural__img_536crop_1_0,0.4167,4
stytr2,7648,mural__img_593crop_0_0,0.9167,4
adain,7648,mural__img_593crop_0_0,0.0,4
sanet,7648,mural__img_593crop_0_0,0.25,4
cast,7648,mural__img_593crop_0_0,0.375,4
stytr2,7648,mural__img_739crop_1_1,0.375,4
adain,7648,mural__img_739crop_1_1,0.0,4
sanet,7648,mural__img_739crop_1_1,0.125,4
cast,7648,mural__img_739crop_1_1,0.4583,4
stytr2,7648,western_painting__met_359775,0.4167,4
adain,7648,western_painting__met_359775,0.125,4
sanet,7648,western_painting__met_359775,0.3333,4
cast,7648,western_painting__met_359775,0.5,4
stytr2,7648,western_painting__met_383787,0.4167,4
adain,7648,western_painting__met_383787,0.0417,4
sanet,7648,western_painting__met_383787,0.1667,4
cast,7648,western_painting__met_383787,0.4167,4
stytr2,7648,western_painting__met_406721,0.6667,4
adain,7648,western_painting__met_406721,0.125,4
sanet,7648,western_painting__met_406721,0.375,4
cast,7648,western_painting__met_406721,0.3333,4
stytr2,7648,western_painting__met_437769,0.25,4
adain,7648,western_painting__met_437769,0.0,4
sanet,7648,western_painting__met_437769,0.0,4
cast,7648,western_painting__met_437769,0.4583,4
stytr2,7648,western_painting__met_437967,0.6667,4
adain,7648,western_painting__met_437967,0.0,4
sanet,7648,western_painting__met_437967,0.0,4
cast,7648,western_painting__met_437967,0.4167,4
stytr2,7648,western_painting__met_439405,0.7292,4
adain,7648,western_painting__met_439405,0.0,4
sanet,7648,western_painting__met_439405,0.0,4
cast,7648,western_painting__met_439405,0.4167,4
stytr2,7648,western_painting__met_649693,0.125,4
adain,7648,western_painting__met_649693,0.0,4
sanet,7648,western_painting__met_649693,0.1667,4
cast,7648,western_painting__met_649693,0.4583,4
stytr2,7648,western_painting__met_739494,0.2083,4
adain,7648,western_painting__met_739494,0.0,4
sanet,7648,western_painting__met_739494,0.3333,4
cast,7648,western_painting__met_739494,0.4167,4
stytr2,7648,western_painting__met_787672,0.4583,4
adain,7648,western_painting__met_787672,0.0,4
sanet,7648,western_painting__met_787672,0.3333,4
cast,7648,western_painting__met_787672,0.4167,4
stytr2,7648,western_painting__met_788182,0.2083,4
adain,7648,western_painting__met_788182,0.0,4
sanet,7648,western_painting__met_788182,0.3333,4
cast,7648,western_painting__met_788182,0.4167,4
stytr2,7692,chinese_landscape__130942,0.2816,24
adain,7692,chinese_landscape__130942,0.0521,24
sanet,7692,chinese_landscape__130942,0.066,24
cast,7692,chinese_landscape__130942,0.0706,24
stytr2,7692,chinese_landscape__132834,0.2837,24
adain,7692,chinese_landscape__132834,0.0653,24
sanet,7692,chinese_landscape__132834,0.0706,24
cast,7692,chinese_landscape__132834,0.202,24
stytr2,7692,chinese_landscape__132836,0.2488,24
adain,7692,chinese_landscape__132836,0.0706,24
sanet,7692,chinese_landscape__132836,0.0699,24
cast,7692,chinese_landscape__132836,0.2099,24
stytr2,7692,chinese_landscape__132840,0.2837,24
adain,7692,chinese_landscape__132840,0.0653,24
sanet,7692,chinese_landscape__132840,0.2248,24
cast,7692,chinese_landscape__132840,0.2215,24
stytr2,7692,chinese_landscape__132930,0.2824,24
adain,7692,chinese_landscape__132930,0.066,24
sanet,7692,chinese_landscape__132930,0.066,24
cast,7692,chinese_landscape__132930,0.2327,24
stytr2,7692,chinese_landscape__137205,0.2636,24
adain,7692,chinese_landscape__137205,0.0567,24
sanet,7692,chinese_landscape__137205,0.178,24
cast,7692,chinese_landscape__137205,0.0706,24
stytr2,7692,chinese_landscape__142574,0.2638,24
adain,7692,chinese_landscape__142574,0.0567,24
sanet,7692,chinese_landscape__142574,0.0745,24
cast,7692,chinese_landscape__142574,0.2184,24
stytr2,7692,chinese_landscape__142578,0.296,24
adain,7692,chinese_landscape__142578,0.1676,24
sanet,7692,chinese_landscape__142578,0.066,24
cast,7692,chinese_landscape__142578,0.1441,24
stytr2,7692,chinese_landscape__144829,0.2734,24
adain,7692,chinese_landscape__144829,0.0614,24
sanet,7692,chinese_landscape__144829,0.0706,24
cast,7692,chinese_landscape__144829,0.2077,24
stytr2,7692,chinese_landscape__148342,0.0956,24
adain,7692,chinese_landscape__148342,0.0653,24
sanet,7692,chinese_landscape__148342,0.0614,24
cast,7692,chinese_landscape__148342,0.2022,24
stytr2,7692,mural__img_1082crop_1_0,0.2637,24
adain,7692,mural__img_1082crop_1_0,0.066,24
sanet,7692,mural__img_1082crop_1_0,0.0614,24
cast,7692,mural__img_1082crop_1_0,0.2701,24
stytr2,7692,mural__img_1224crop_0_0,0.0706,24
adain,7692,mural__img_1224crop_0_0,0.0624,24
sanet,7692,mural__img_1224crop_0_0,0.0614,24
cast,7692,mural__img_1224crop_0_0,0.2814,24
stytr2,7692,mural__img_1224crop_1_1,0.0706,24
adain,7692,mural__img_1224crop_1_1,0.0,24
sanet,7692,mural__img_1224crop_1_1,0.0521,24
cast,7692,mural__img_1224crop_1_1,0.2548,24
stytr2,7692,mural__img_16crop_0_0,0.2293,24
adain,7692,mural__img_16crop_0_0,0.0,24
sanet,7692,mural__img_16crop_0_0,0.066,24
cast,7692,mural__img_16crop_0_0,0.0706,24
stytr2,7692,mural__img_276crop_1_0,0.0706,24
adain,7692,mural__img_276crop_1_0,0.0,24
sanet,7692,mural__img_276crop_1_0,0.066,24
cast,7692,mural__img_276crop_1_0,0.2042,24
stytr2,7692,mural__img_326crop_1_1,0.2414,24
adain,7692,mural__img_326crop_1_1,0.0,24
sanet,7692,mural__img_326crop_1_1,0.0745,24
cast,7692,mural__img_326crop_1_1,0.2113,24
stytr2,7692,mural__img_327crop_0_1,0.104,24
adain,7692,mural__img_327crop_0_1,0.0,24
sanet,7692,mural__img_327crop_0_1,0.0655,24
cast,7692,mural__img_327crop_0_1,0.2647,24
stytr2,7692,mural__img_536crop_1_0,0.0706,24
adain,7692,mural__img_536crop_1_0,0.0568,24
sanet,7692,mural__img_536crop_1_0,0.0706,24
cast,7692,mural__img_536crop_1_0,0.3216,24
stytr2,7692,mural__img_593crop_0_0,0.0829,24
adain,7692,mural__img_593crop_0_0,0.0653,24
sanet,7692,mural__img_593crop_0_0,0.0614,24
cast,7692,mural__img_593crop_0_0,0.2519,24
stytr2,7692,mural__img_739crop_1_1,0.0706,24
adain,7692,mural__img_739crop_1_1,0.0,24
sanet,7692,mural__img_739crop_1_1,0.066,24
cast,7692,mural__img_739crop_1_1,0.0706,24
stytr2,7692,western_painting__met_359775,0.0873,24
adain,7692,western_painting__met_359775,0.0567,24
sanet,7692,western_painting__met_359775,0.066,24
cast,7692,western_painting__met_359775,0.224,24
stytr2,7692,western_painting__met_383787,0.0706,24
adain,7692,western_painting__met_383787,0.0606,24
sanet,7692,western_painting__met_383787,0.0614,24
cast,7692,western_painting__met_383787,0.2178,24
stytr2,7692,western_painting__met_406721,0.2654,24
adain,7692,western_painting__met_406721,0.1149,24
sanet,7692,western_painting__met_406721,0.2154,24
cast,7692,western_painting__met_406721,0.2494,24
stytr2,7692,western_painting__met_437769,0.0912,24
adain,7692,western_painting__met_437769,0.1149,24
sanet,7692,western_painting__met_437769,0.0606,24
cast,7692,western_painting__met_437769,0.0706,24
stytr2,7692,western_painting__met_437967,0.0827,24
adain,7692,western_painting__met_437967,0.0,24
sanet,7692,western_painting__met_437967,0.066,24
cast,7692,western_painting__met_437967,0.2574,24
stytr2,7692,western_painting__met_439405,0.0827,24
adain,7692,western_painting__met_439405,0.0,24
sanet,7692,western_painting__met_439405,0.0969,24
cast,7692,western_painting__met_439405,0.2563,24
stytr2,7692,western_painting__met_649693,0.0699,24
adain,7692,western_painting__met_649693,0.0,24
sanet,7692,western_painting__met_649693,0.0745,24
cast,7692,western_painting__met_649693,0.237,24
stytr2,7692,western_painting__met_739494,0.0873,24
adain,7692,western_painting__met_739494,0.1189,24
sanet,7692,western_painting__met_739494,0.058,24
cast,7692,western_painting__met_739494,0.2235,24
stytr2,7692,western_painting__met_787672,0.2351,24
adain,7692,western_painting__met_787672,0.0614,24
sanet,7692,western_painting__met_787672,0.2237,24
cast,7692,western_painting__met_787672,0.2485,24
stytr2,7692,western_painting__met_788182,0.1796,24
adain,7692,western_painting__met_788182,0.0567,24
sanet,7692,western_painting__met_788182,0.066,24
cast,7692,western_painting__met_788182,0.2554,24
stytr2,7754,chinese_landscape__130942,0.4333,3
adain,7754,chinese_landscape__130942,0.0,3
sanet,7754,chinese_landscape__130942,0.3333,3
cast,7754,chinese_landscape__130942,0.3636,3
stytr2,7754,chinese_landscape__132834,0.4667,3
adain,7754,chinese_landscape__132834,0.0,3
sanet,7754,chinese_landscape__132834,0.0,3
cast,7754,chinese_landscape__132834,0.3636,3
stytr2,7754,chinese_landscape__132836,0.4056,3
adain,7754,chinese_landscape__132836,0.0,3
sanet,7754,chinese_landscape__132836,0.303,3
cast,7754,chinese_landscape__132836,0.4667,3
stytr2,7754,chinese_landscape__132840,0.4333,3
adain,7754,chinese_landscape__132840,0.0,3
sanet,7754,chinese_landscape__132840,0.3394,3
cast,7754,chinese_landscape__132840,0.5,3
stytr2,7754,chinese_landscape__132930,0.4667,3
adain,7754,chinese_landscape__132930,0.0,3
sanet,7754,chinese_landscape__132930,0.2788,3
cast,7754,chinese_landscape__132930,0.303,3
stytr2,7754,chinese_landscape__137205,0.3636,3
adain,7754,chinese_landscape__137205,0.0,3
sanet,7754,chinese_landscape__137205,0.1818,3
cast,7754,chinese_landscape__137205,0.3636,3
stytr2,7754,chinese_landscape__142574,0.4333,3
adain,7754,chinese_landscape__142574,0.0,3
sanet,7754,chinese_landscape__142574,0.3394,3
cast,7754,chinese_landscape__142574,0.4401,3
stytr2,7754,chinese_landscape__142578,0.4667,3
adain,7754,chinese_landscape__142578,0.0,3
sanet,7754,chinese_landscape__142578,0.2758,3
cast,7754,chinese_landscape__142578,0.4667,3
stytr2,7754,chinese_landscape__144829,0.4,3
adain,7754,chinese_landscape__144829,0.0,3
sanet,7754,chinese_landscape__144829,0.2121,3
cast,7754,chinese_landscape__144829,0.3636,3
stytr2,7754,chinese_landscape__148342,0.4,3
adain,7754,chinese_landscape__148342,0.0,3
sanet,7754,chinese_landscape__148342,0.3333,3
cast,7754,chinese_landscape__148342,0.4364,3
stytr2,7754,mural__img_1082crop_1_0,0.3636,3
adain,7754,mural__img_1082crop_1_0,0.0,3
sanet,7754,mural__img_1082crop_1_0,0.1848,3
cast,7754,mural__img_1082crop_1_0,0.303,3
stytr2,7754,mural__img_1224crop_0_0,0.303,3
adain,7754,mural__img_1224crop_0_0,0.0,3
sanet,7754,mural__img_1224crop_0_0,0.0,3
cast,7754,mural__img_1224crop_0_0,0.3333,3
stytr2,7754,mural__img_1224crop_1_1,0.3636,3
adain,7754,mural__img_1224crop_1_1,0.0,3
sanet,7754,mural__img_1224crop_1_1,0.0,3
cast,7754,mural__img_1224crop_1_1,0.3636,3
stytr2,7754,mural__img_16crop_0_0,0.2424,3
adain,7754,mural__img_16crop_0_0,0.0,3
sanet,7754,mural__img_16crop_0_0,0.1576,3
cast,7754,mural__img_16crop_0_0,0.0,3
stytr2,7754,mural__img_276crop_1_0,0.0,3
adain,7754,mural__img_276crop_1_0,0.0,3
sanet,7754,mural__img_276crop_1_0,0.0,3
cast,7754,mural__img_276crop_1_0,0.2788,3
stytr2,7754,mural__img_326crop_1_1,0.2424,3
adain,7754,mural__img_326crop_1_1,0.0,3
sanet,7754,mural__img_326crop_1_1,0.0636,3
cast,7754,mural__img_326crop_1_1,0.2152,3
stytr2,7754,mural__img_327crop_0_1,0.2424,3
adain,7754,mural__img_327crop_0_1,0.0,3
sanet,7754,mural__img_327crop_0_1,0.2727,3
cast,7754,mural__img_327crop_0_1,0.3636,3
stytr2,7754,mural__img_536crop_1_0,0.3333,3
adain,7754,mural__img_536crop_1_0,0.0,3
sanet,7754,mural__img_536crop_1_0,0.0,3
cast,7754,mural__img_536crop_1_0,0.3636,3
stytr2,7754,mural__img_593crop_0_0,0.2727,3
adain,7754,mural__img_593crop_0_0,0.0,3
sanet,7754,mural__img_593crop_0_0,0.0,3
cast,7754,mural__img_593crop_0_0,0.3333,3
stytr2,7754,mural__img_739crop_1_1,0.2727,3
adain,7754,mural__img_739crop_1_1,0.0,3
sanet,7754,mural__img_739crop_1_1,0.0,3
cast,7754,mural__img_739crop_1_1,0.3636,3
stytr2,7754,western_painting__met_359775,0.3636,3
adain,7754,western_painting__met_359775,0.0,3
sanet,7754,western_painting__met_359775,0.3091,3
cast,7754,western_painting__met_359775,0.303,3
stytr2,7754,western_painting__met_383787,0.3333,3
adain,7754,western_painting__met_383787,0.0,3
sanet,7754,western_painting__met_383787,0.0,3
cast,7754,western_painting__met_383787,0.3636,3
stytr2,7754,western_painting__met_406721,0.2727,3
adain,7754,western_painting__met_406721,0.0,3
sanet,7754,western_painting__met_406721,0.3424,3
cast,7754,western_painting__met_406721,0.3364,3
stytr2,7754,western_painting__met_437769,0.2727,3
adain,7754,western_painting__met_437769,0.0,3
sanet,7754,western_painting__met_437769,0.1576,3
cast,7754,western_painting__met_437769,0.303,3
stytr2,7754,western_painting__met_437967,0.303,3
adain,7754,western_painting__met_437967,0.0,3
sanet,7754,western_painting__met_437967,0.1606,3
cast,7754,western_painting__met_437967,0.2727,3
stytr2,7754,western_painting__met_439405,0.3636,3
adain,7754,western_painting__met_439405,0.0,3
sanet,7754,western_painting__met_439405,0.0,3
cast,7754,western_painting__met_439405,0.3636,3
stytr2,7754,western_painting__met_649693,0.2758,3
adain,7754,western_painting__met_649693,0.0,3
sanet,7754,western_painting__met_649693,0.2152,3
cast,7754,western_painting__met_649693,0.3333,3
stytr2,7754,western_painting__met_739494,0.3061,3
adain,7754,western_painting__met_739494,0.0,3
sanet,7754,western_painting__met_739494,0.0,3
cast,7754,western_painting__met_739494,0.3636,3
stytr2,7754,western_painting__met_787672,0.303,3
adain,7754,western_painting__met_787672,0.0,3
sanet,7754,western_painting__met_787672,0.2152,3
cast,7754,western_painting__met_787672,0.3333,3
stytr2,7754,western_painting__met_788182,0.2727,3
adain,7754,western_painting__met_788182,0.0,3
sanet,7754,western_painting__met_788182,0.2455,3
cast,7754,western_painting__met_788182,0.4364,3
stytr2,7759,chinese_landscape__130942,0.3489,5
adain,7759,chinese_landscape__130942,0.1851,5
sanet,7759,chinese_landscape__130942,0.1851,5
cast,7759,chinese_landscape__130942,0.2422,5
stytr2,7759,chinese_landscape__132834,0.2867,5
adain,7759,chinese_landscape__132834,0.1987,5
sanet,7759,chinese_landscape__132834,0.2137,5
cast,7759,chinese_landscape__132834,0.2137,5
stytr2,7759,chinese_landscape__132836,0.2137,5
adain,7759,chinese_landscape__132836,0.0,5
sanet,7759,chinese_landscape__132836,0.0857,5
cast,7759,chinese_landscape__132836,0.2137,5
stytr2,7759,chinese_landscape__132840,0.2359,5
adain,7759,chinese_landscape__132840,0.0,5
sanet,7759,chinese_landscape__132840,0.1143,5
cast,7759,chinese_landscape__132840,0.2273,5
stytr2,7759,chinese_landscape__132930,0.3444,5
adain,7759,chinese_landscape__132930,0.0,5
sanet,7759,chinese_landscape__132930,0.1714,5
cast,7759,chinese_landscape__132930,0.2137,5
stytr2,7759,chinese_landscape__137205,0.1565,5
adain,7759,chinese_landscape__137205,0.0,5
sanet,7759,chinese_landscape__137205,0.1565,5
cast,7759,chinese_landscape__137205,0.2137,5
stytr2,7759,chinese_landscape__142574,0.2422,5
adain,7759,chinese_landscape__142574,0.0,5
sanet,7759,chinese_landscape__142574,0.2137,5
cast,7759,chinese_landscape__142574,0.2137,5
stytr2,7759,chinese_landscape__142578,0.2422,5
adain,7759,chinese_landscape__142578,0.0,5
sanet,7759,chinese_landscape__142578,0.2137,5
cast,7759,chinese_landscape__142578,0.2273,5
stytr2,7759,chinese_landscape__144829,0.2422,5
adain,7759,chinese_landscape__144829,0.0,5
sanet,7759,chinese_landscape__144829,0.2137,5
cast,7759,chinese_landscape__144829,0.2273,5
stytr2,7759,chinese_landscape__148342,0.1851,5
adain,7759,chinese_landscape__148342,0.0,5
sanet,7759,chinese_landscape__148342,0.241,5
cast,7759,chinese_landscape__148342,0.2137,5
stytr2,7759,mural__img_1082crop_1_0,0.2137,5
adain,7759,mural__img_1082crop_1_0,0.0,5
sanet,7759,mural__img_1082crop_1_0,0.0,5
cast,7759,mural__img_1082crop_1_0,0.2137,5
stytr2,7759,mural__img_1224crop_0_0,0.2273,5
adain,7759,mural__img_1224crop_0_0,0.0,5
sanet,7759,mural__img_1224crop_0_0,0.0,5
cast,7759,mural__img_1224crop_0_0,0.2137,5
stytr2,7759,mural__img_1224crop_1_1,0.1565,5
adain,7759,mural__img_1224crop_1_1,0.0,5
sanet,7759,mural__img_1224crop_1_1,0.0,5
cast,7759,mural__img_1224crop_1_1,0.2137,5
stytr2,7759,mural__img_16crop_0_0,0.1851,5
adain,7759,mural__img_16crop_0_0,0.0,5
sanet,7759,mural__img_16crop_0_0,0.0,5
cast,7759,mural__img_16crop_0_0,0.1851,5
stytr2,7759,mural__img_276crop_1_0,0.2137,5
adain,7759,mural__img_276crop_1_0,0.0,5
sanet,7759,mural__img_276crop_1_0,0.1851,5
cast,7759,mural__img_276crop_1_0,0.2273,5
stytr2,7759,mural__img_326crop_1_1,0.2273,5
adain,7759,mural__img_326crop_1_1,0.0,5
sanet,7759,mural__img_326crop_1_1,0.0,5
cast,7759,mural__img_326crop_1_1,0.1851,5
stytr2,7759,mural__img_327crop_0_1,0.1565,5
adain,7759,mural__img_327crop_0_1,0.0,5
sanet,7759,mural__img_327crop_0_1,0.1987,5
cast,7759,mural__img_327crop_0_1,0.2137,5
stytr2,7759,mural__img_536crop_1_0,0.1851,5
adain,7759,mural__img_536crop_1_0,0.0,5
sanet,7759,mural__img_536crop_1_0,0.1429,5
cast,7759,mural__img_536crop_1_0,0.2137,5
stytr2,7759,mural__img_593crop_0_0,0.2137,5
adain,7759,mural__img_593crop_0_0,0.0,5
sanet,7759,mural__img_593crop_0_0,0.1143,5
cast,7759,mural__img_593crop_0_0,0.2137,5
stytr2,7759,mural__img_739crop_1_1,0.2137,5
adain,7759,mural__img_739crop_1_1,0.0,5
sanet,7759,mural__img_739crop_1_1,0.0,5
cast,7759,mural__img_739crop_1_1,0.2137,5
stytr2,7759,western_painting__met_359775,0.1279,5
adain,7759,western_painting__met_359775,0.0,5
sanet,7759,western_painting__met_359775,0.0,5
cast,7759,western_painting__met_359775,0.2422,5
stytr2,7759,western_painting__met_383787,0.1143,5
adain,7759,western_painting__met_383787,0.0,5
sanet,7759,western_painting__met_383787,0.2073,5
cast,7759,western_painting__met_383787,0.2273,5
stytr2,7759,western_painting__met_406721,0.2137,5
adain,7759,western_painting__met_406721,0.0,5
sanet,7759,western_painting__met_406721,0.0,5
cast,7759,western_painting__met_406721,0.2337,5
stytr2,7759,western_painting__met_437769,0.2137,5
adain,7759,western_painting__met_437769,0.0,5
sanet,7759,western_painting__met_437769,0.1851,5
cast,7759,western_painting__met_437769,0.2137,5
stytr2,7759,western_painting__met_437967,0.2422,5
adain,7759,western_painting__met_437967,0.0,5
sanet,7759,western_painting__met_437967,0.1714,5
cast,7759,western_painting__met_437967,0.2137,5
stytr2,7759,western_painting__met_439405,0.1851,5
adain,7759,western_painting__met_439405,0.0857,5
sanet,7759,western_painting__met_439405,0.1143,5
cast,7759,western_painting__met_439405,0.2273,5
stytr2,7759,western_painting__met_649693,0.0,5
adain,7759,western_painting__met_649693,0.0,5
sanet,7759,western_painting__met_649693,0.0,5
cast,7759,western_painting__met_649693,0.2422,5
stytr2,7759,western_painting__met_739494,0.1279,5
adain,7759,western_painting__met_739494,0.0994,5
sanet,7759,western_painting__met_739494,0.1429,5
cast,7759,western_painting__met_739494,0.2137,5
stytr2,7759,western_painting__met_787672,0.3003,5
adain,7759,western_painting__met_787672,0.0,5
sanet,7759,western_painting__met_787672,0.0,5
cast,7759,western_painting__met_787672,0.2137,5
stytr2,7759,western_painting__met_788182,0.1851,5
adain,7759,western_painting__met_788182,0.0,5
sanet,7759,western_painting__met_788182,0.1987,5
cast,7759,western_painting__met_788182,0.2137,5
stytr2,7790,chinese_landscape__130942,0.3854,14
adain,7790,chinese_landscape__130942,0.057,14
sanet,7790,chinese_landscape__130942,0.207,14
cast,7790,chinese_landscape__130942,0.217,14
stytr2,7790,chinese_landscape__132834,0.2901,14
adain,7790,chinese_landscape__132834,0.057,14
sanet,7790,chinese_landscape__132834,0.1311,14
cast,7790,chinese_landscape__132834,0.3004,14
stytr2,7790,chinese_landscape__132836,0.301,14
adain,7790,chinese_landscape__132836,0.0708,14
sanet,7790,chinese_landscape__132836,0.0708,14
cast,7790,chinese_landscape__132836,0.217,14
stytr2,7790,chinese_landscape__132840,0.2901,14
adain,7790,chinese_landscape__132840,0.057,14
sanet,7790,chinese_landscape__132840,0.1991,14
cast,7790,chinese_landscape__132840,0.2349,14
stytr2,7790,chinese_landscape__132930,0.4445,14
adain,7790,chinese_landscape__132930,0.0431,14
sanet,7790,chinese_landscape__132930,0.1812,14
cast,7790,chinese_landscape__132930,0.217,14
stytr2,7790,chinese_landscape__137205,0.2663,14
adain,7790,chinese_landscape__137205,0.0589,14
sanet,7790,chinese_landscape__137205,0.1407,14
cast,7790,chinese_landscape__137205,0.217,14
stytr2,7790,chinese_landscape__142574,0.408,14
adain,7790,chinese_landscape__142574,0.0,14
sanet,7790,chinese_landscape__142574,0.1891,14
cast,7790,chinese_landscape__142574,0.217,14
stytr2,7790,chinese_landscape__142578,0.3067,14
adain,7790,chinese_landscape__142578,0.0,14
sanet,7790,chinese_landscape__142578,0.1665,14
cast,7790,chinese_landscape__142578,0.2527,14
stytr2,7790,chinese_landscape__144829,0.3854,14
adain,7790,chinese_landscape__144829,0.0708,14
sanet,7790,chinese_landscape__144829,0.1675,14
cast,7790,chinese_landscape__144829,0.217,14
stytr2,7790,chinese_landscape__148342,0.3128,14
adain,7790,chinese_landscape__148342,0.0,14
sanet,7790,chinese_landscape__148342,0.0708,14
cast,7790,chinese_landscape__148342,0.1932,14
stytr2,7790,mural__img_1082crop_1_0,0.2723,14
adain,7790,mural__img_1082crop_1_0,0.0,14
sanet,7790,mural__img_1082crop_1_0,0.0,14
cast,7790,mural__img_1082crop_1_0,0.2051,14
stytr2,7790,mural__img_1224crop_0_0,0.0,14
adain,7790,mural__img_1224crop_0_0,0.0,14
sanet,7790,mural__img_1224crop_0_0,0.0,14
cast,7790,mural__img_1224crop_0_0,0.1785,14
stytr2,7790,mural__img_1224crop_1_1,0.0,14
adain,7790,mural__img_1224crop_1_1,0.0,14
sanet,7790,mural__img_1224crop_1_1,0.0,14
cast,7790,mural__img_1224crop_1_1,0.1932,14
stytr2,7790,mural__img_16crop_0_0,0.0,14
adain,7790,mural__img_16crop_0_0,0.0,14
sanet,7790,mural__img_16crop_0_0,0.0,14
cast,7790,mural__img_16crop_0_0,0.2051,14
stytr2,7790,mural__img_276crop_1_0,0.1759,14
adain,7790,mural__img_276crop_1_0,0.0,14
sanet,7790,mural__img_276crop_1_0,0.0,14
cast,7790,mural__img_276crop_1_0,0.217,14
stytr2,7790,mural__img_326crop_1_1,0.0591,14
adain,7790,mural__img_326crop_1_1,0.0,14
sanet,7790,mural__img_326crop_1_1,0.0,14
cast,7790,mural__img_326crop_1_1,0.217,14
stytr2,7790,mural__img_327crop_0_1,0.1941,14
adain,7790,mural__img_327crop_0_1,0.055,14
sanet,7790,mural__img_327crop_0_1,0.0,14
cast,7790,mural__img_327crop_0_1,0.217,14
stytr2,7790,mural__img_536crop_1_0,0.2723,14
adain,7790,mural__img_536crop_1_0,0.0567,14
sanet,7790,mural__img_536crop_1_0,0.0787,14
cast,7790,mural__img_536crop_1_0,0.217,14
stytr2,7790,mural__img_593crop_0_0,0.0758,14
adain,7790,mural__img_593crop_0_0,0.0,14
sanet,7790,mural__img_593crop_0_0,0.0,14
cast,7790,mural__img_593crop_0_0,0.217,14
stytr2,7790,mural__img_739crop_1_1,0.0,14
adain,7790,mural__img_739crop_1_1,0.0,14
sanet,7790,mural__img_739crop_1_1,0.0,14
cast,7790,mural__img_739crop_1_1,0.0,14
stytr2,7790,western_painting__met_359775,0.0354,14
adain,7790,western_painting__met_359775,0.0,14
sanet,7790,western_painting__met_359775,0.0,14
cast,7790,western_painting__met_359775,0.217,14
stytr2,7790,western_painting__met_383787,0.2418,14
adain,7790,western_painting__met_383787,0.0689,14
sanet,7790,western_painting__met_383787,0.1704,14
cast,7790,western_painting__met_383787,0.217,14
stytr2,7790,western_painting__met_406721,0.2901,14
adain,7790,western_painting__met_406721,0.0,14
sanet,7790,western_painting__met_406721,0.1657,14
cast,7790,western_painting__met_406721,0.217,14
stytr2,7790,western_painting__met_437769,0.057,14
adain,7790,western_painting__met_437769,0.0,14
sanet,7790,western_painting__met_437769,0.0,14
cast,7790,western_painting__met_437769,0.0,14
stytr2,7790,western_painting__met_437967,0.0,14
adain,7790,western_painting__met_437967,0.0,14
sanet,7790,western_painting__met_437967,0.0,14
cast,7790,western_painting__met_437967,0.217,14
stytr2,7790,western_painting__met_439405,0.0,14
adain,7790,western_painting__met_439405,0.0,14
sanet,7790,western_painting__met_439405,0.0,14
cast,7790,western_painting__met_439405,0.217,14
stytr2,7790,western_painting__met_649693,0.217,14
adain,7790,western_painting__met_649693,0.0589,14
sanet,7790,western_painting__met_649693,0.1991,14
cast,7790,western_painting__met_649693,0.217,14
stytr2,7790,western_painting__met_739494,0.1596,14
adain,7790,western_painting__met_739494,0.0,14
sanet,7790,western_painting__met_739494,0.0,14
cast,7790,western_painting__met_739494,0.217,14
stytr2,7790,western_painting__met_787672,0.2061,14
adain,7790,western_painting__met_787672,0.0338,14
sanet,7790,western_painting__met_787672,0.1397,14
cast,7790,western_painting__met_787672,0.217,14
stytr2,7790,western_painting__met_788182,0.2465,14
adain,7790,western_painting__met_788182,0.0,14
sanet,7790,western_painting__met_788182,0.147,14
cast,7790,western_painting__met_788182,0.2456,14
stytr2,7835,chinese_landscape__130942,0.2215,5
adain,7835,chinese_landscape__130942,0.0154,5
sanet,7835,chinese_landscape__130942,0.2215,5
cast,7835,chinese_landscape__130942,0.2769,5
stytr2,7835,chinese_landscape__132834,0.2769,5
adain,7835,chinese_landscape__132834,0.0,5
sanet,7835,chinese_landscape__132834,0.2215,5
cast,7835,chinese_landscape__132834,0.2769,5
stytr2,7835,chinese_landscape__132836,0.2769,5
adain,7835,chinese_landscape__132836,0.0,5
sanet,7835,chinese_landscape__132836,0.0308,5
cast,7835,chinese_landscape__132836,0.2769,5
stytr2,7835,chinese_landscape__132840,0.2769,5
adain,7835,chinese_landscape__132840,0.0,5
sanet,7835,chinese_landscape__132840,0.1662,5
cast,7835,chinese_landscape__132840,0.2769,5
stytr2,7835,chinese_landscape__132930,0.2769,5
adain,7835,chinese_landscape__132930,0.0,5
sanet,7835,chinese_landscape__132930,0.1662,5
cast,7835,chinese_landscape__132930,0.2769,5
stytr2,7835,chinese_landscape__137205,0.2215,5
adain,7835,chinese_landscape__137205,0.0,5
sanet,7835,chinese_landscape__137205,0.0,5
cast,7835,chinese_landscape__137205,0.2769,5
stytr2,7835,chinese_landscape__142574,0.2769,5
adain,7835,chinese_landscape__142574,0.0,5
sanet,7835,chinese_landscape__142574,0.2215,5
cast,7835,chinese_landscape__142574,0.2769,5
stytr2,7835,chinese_landscape__142578,0.2769,5
adain,7835,chinese_landscape__142578,0.0,5
sanet,7835,chinese_landscape__142578,0.2215,5
cast,7835,chinese_landscape__142578,0.2769,5
stytr2,7835,chinese_landscape__144829,0.2769,5
adain,7835,chinese_landscape__144829,0.0,5
sanet,7835,chinese_landscape__144829,0.0,5
cast,7835,chinese_landscape__144829,0.2769,5
stytr2,7835,chinese_landscape__148342,0.2769,5
adain,7835,chinese_landscape__148342,0.0,5
sanet,7835,chinese_landscape__148342,0.2215,5
cast,7835,chinese_landscape__148342,0.2769,5
stytr2,7835,mural__img_1082crop_1_0,0.2769,5
adain,7835,mural__img_1082crop_1_0,0.0,5
sanet,7835,mural__img_1082crop_1_0,0.0,5
cast,7835,mural__img_1082crop_1_0,0.2769,5
stytr2,7835,mural__img_1224crop_0_0,0.0641,5
adain,7835,mural__img_1224crop_0_0,0.0,5
sanet,7835,mural__img_1224crop_0_0,0.0,5
cast,7835,mural__img_1224crop_0_0,0.2769,5
stytr2,7835,mural__img_1224crop_1_1,0.0,5
adain,7835,mural__img_1224crop_1_1,0.0,5
sanet,7835,mural__img_1224crop_1_1,0.0,5
cast,7835,mural__img_1224crop_1_1,0.2769,5
stytr2,7835,mural__img_16crop_0_0,0.2769,5
adain,7835,mural__img_16crop_0_0,0.0,5
sanet,7835,mural__img_16crop_0_0,0.0,5
cast,7835,mural__img_16crop_0_0,0.2769,5
stytr2,7835,mural__img_276crop_1_0,0.2215,5
adain,7835,mural__img_276crop_1_0,0.0,5
sanet,7835,mural__img_276crop_1_0,0.0,5
cast,7835,mural__img_276crop_1_0,0.2769,5
stytr2,7835,mural__img_326crop_1_1,0.2769,5
adain,7835,mural__img_326crop_1_1,0.0,5
sanet,7835,mural__img_326crop_1_1,0.0,5
cast,7835,mural__img_326crop_1_1,0.2769,5
stytr2,7835,mural__img_327crop_0_1,0.2769,5
adain,7835,mural__img_327crop_0_1,0.0,5
sanet,7835,mural__img_327crop_0_1,0.2215,5
cast,7835,mural__img_327crop_0_1,0.2769,5
stytr2,7835,mural__img_536crop_1_0,0.2769,5
adain,7835,mural__img_536crop_1_0,0.0,5
sanet,7835,mural__img_536crop_1_0,0.2215,5
cast,7835,mural__img_536crop_1_0,0.2769,5
stytr2,7835,mural__img_593crop_0_0,0.2769,5
adain,7835,mural__img_593crop_0_0,0.0,5
sanet,7835,mural__img_593crop_0_0,0.0,5
cast,7835,mural__img_593crop_0_0,0.2769,5
stytr2,7835,mural__img_739crop_1_1,0.2769,5
adain,7835,mural__img_739crop_1_1,0.0,5
sanet,7835,mural__img_739crop_1_1,0.0,5
cast,7835,mural__img_739crop_1_1,0.2215,5
stytr2,7835,western_painting__met_359775,0.2769,5
adain,7835,western_painting__met_359775,0.0554,5
sanet,7835,western_painting__met_359775,0.0,5
cast,7835,western_painting__met_359775,0.2769,5
stytr2,7835,western_painting__met_383787,0.2769,5
adain,7835,western_painting__met_383787,0.0,5
sanet,7835,western_painting__met_383787,0.2769,5
cast,7835,western_painting__met_383787,0.2769,5
stytr2,7835,western_painting__met_406721,0.2769,5
adain,7835,western_painting__met_406721,0.0,5
sanet,7835,western_painting__met_406721,0.1662,5
cast,7835,western_painting__met_406721,0.2769,5
stytr2,7835,western_painting__met_437769,0.2769,5
adain,7835,western_painting__met_437769,0.0,5
sanet,7835,western_painting__met_437769,0.0,5
cast,7835,western_painting__met_437769,0.2769,5
stytr2,7835,western_painting__met_437967,0.2769,5
adain,7835,western_painting__met_437967,0.0,5
sanet,7835,western_painting__met_437967,0.0,5
cast,7835,western_painting__met_437967,0.2769,5
stytr2,7835,western_painting__met_439405,0.2215,5
adain,7835,western_painting__met_439405,0.0,5
sanet,7835,western_painting__met_439405,0.0,5
cast,7835,western_painting__met_439405,0.2769,5
stytr2,7835,western_painting__met_649693,0.1662,5
adain,7835,western_painting__met_649693,0.0,5
sanet,7835,western_painting__met_649693,0.2769,5
cast,7835,western_painting__met_649693,0.2769,5
stytr2,7835,western_painting__met_739494,0.2769,5
adain,7835,western_painting__met_739494,0.0887,5
sanet,7835,western_painting__met_739494,0.2769,5
cast,7835,western_painting__met_739494,0.2769,5
stytr2,7835,western_painting__met_787672,0.2769,5
adain,7835,western_painting__met_787672,0.0,5
sanet,7835,western_painting__met_787672,0.1662,5
cast,7835,western_painting__met_787672,0.2769,5
stytr2,7835,western_painting__met_788182,0.2769,5
adain,7835,western_painting__met_788182,0.0,5
sanet,7835,western_painting__met_788182,0.2215,5
cast,7835,western_painting__met_788182,0.2769,5
stytr2,7935,chinese_landscape__130942,1.0,4
adain,7935,chinese_landscape__130942,0.2143,4
sanet,7935,chinese_landscape__130942,0.5471,4
cast,7935,chinese_landscape__130942,0.7059,4
stytr2,7935,chinese_landscape__132834,0.7206,4
adain,7935,chinese_landscape__132834,0.2143,4
sanet,7935,chinese_landscape__132834,0.25,4
cast,7935,chinese_landscape__132834,0.8787,4
stytr2,7935,chinese_landscape__132836,0.8603,4
adain,7935,chinese_landscape__132836,0.2143,4
sanet,7935,chinese_landscape__132836,0.25,4
cast,7935,chinese_landscape__132836,0.9412,4
stytr2,7935,chinese_landscape__132840,0.75,4
adain,7935,chinese_landscape__132840,0.0,4
sanet,7935,chinese_landscape__132840,0.8051,4
cast,7935,chinese_landscape__132840,0.6912,4
stytr2,7935,chinese_landscape__132930,0.9853,4
adain,7935,chinese_landscape__132930,0.0714,4
sanet,7935,chinese_landscape__132930,0.25,4
cast,7935,chinese_landscape__132930,0.7206,4
stytr2,7935,chinese_landscape__137205,0.6912,4
adain,7935,chinese_landscape__137205,0.25,4
sanet,7935,chinese_landscape__137205,0.25,4
cast,7935,chinese_landscape__137205,0.6912,4
stytr2,7935,chinese_landscape__142574,0.9853,4
adain,7935,chinese_landscape__142574,0.0,4
sanet,7935,chinese_landscape__142574,0.25,4
cast,7935,chinese_landscape__142574,0.6559,4
stytr2,7935,chinese_landscape__142578,0.6875,4
adain,7935,chinese_landscape__142578,0.1576,4
sanet,7935,chinese_landscape__142578,0.375,4
cast,7935,chinese_landscape__142578,0.6912,4
stytr2,7935,chinese_landscape__144829,0.7,4
adain,7935,chinese_landscape__144829,0.1786,4
sanet,7935,chinese_landscape__144829,0.3824,4
cast,7935,chinese_landscape__144829,0.8912,4
stytr2,7935,chinese_landscape__148342,0.6581,4
adain,7935,chinese_landscape__148342,0.0,4
sanet,7935,chinese_landscape__148342,0.25,4
cast,7935,chinese_landscape__148342,0.7059,4
stytr2,7935,mural__img_1082crop_1_0,0.6265,4
adain,7935,mural__img_1082crop_1_0,0.1786,4
sanet,7935,mural__img_1082crop_1_0,0.25,4
cast,7935,mural__img_1082crop_1_0,0.9265,4
stytr2,7935,mural__img_1224crop_0_0,0.6176,4
adain,7935,mural__img_1224crop_0_0,0.0,4
sanet,7935,mural__img_1224crop_0_0,0.3393,4
cast,7935,mural__img_1224crop_0_0,0.9412,4
stytr2,7935,mural__img_1224crop_1_1,0.5,4
adain,7935,mural__img_1224crop_1_1,0.2143,4
sanet,7935,mural__img_1224crop_1_1,0.25,4
cast,7935,mural__img_1224crop_1_1,0.6912,4
stytr2,7935,mural__img_16crop_0_0,0.375,4
adain,7935,mural__img_16crop_0_0,0.0,4
sanet,7935,mural__img_16crop_0_0,0.3393,4
cast,7935,mural__img_16crop_0_0,0.3676,4
stytr2,7935,mural__img_276crop_1_0,0.3676,4
adain,7935,mural__img_276crop_1_0,0.0,4
sanet,7935,mural__img_276crop_1_0,0.2143,4
cast,7935,mural__img_276crop_1_0,0.4118,4
stytr2,7935,mural__img_326crop_1_1,0.4375,4
adain,7935,mural__img_326crop_1_1,0.0,4
sanet,7935,mural__img_326crop_1_1,0.2143,4
cast,7935,mural__img_326crop_1_1,0.9265,4
stytr2,7935,mural__img_327crop_0_1,0.6618,4
adain,7935,mural__img_327crop_0_1,0.2143,4
sanet,7935,mural__img_327crop_0_1,0.5368,4
cast,7935,mural__img_327crop_0_1,0.8787,4
stytr2,7935,mural__img_536crop_1_0,0.6765,4
adain,7935,mural__img_536crop_1_0,0.25,4
sanet,7935,mural__img_536crop_1_0,0.25,4
cast,7935,mural__img_536crop_1_0,0.8162,4
stytr2,7935,mural__img_593crop_0_0,0.6618,4
adain,7935,mural__img_593crop_0_0,0.1429,4
sanet,7935,mural__img_593crop_0_0,0.2143,4
cast,7935,mural__img_593crop_0_0,0.9412,4
stytr2,7935,mural__img_739crop_1_1,0.5846,4
adain,7935,mural__img_739crop_1_1,0.1786,4
sanet,7935,mural__img_739crop_1_1,0.2143,4
cast,7935,mural__img_739crop_1_1,0.8971,4
stytr2,7935,western_painting__met_359775,0.6176,4
adain,7935,western_painting__met_359775,0.1429,4
sanet,7935,western_painting__met_359775,0.375,4
cast,7935,western_painting__met_359775,0.6912,4
stytr2,7935,western_painting__met_383787,0.569,4
adain,7935,western_painting__met_383787,0.0,4
sanet,7935,western_painting__met_383787,0.25,4
cast,7935,western_painting__met_383787,0.6408,4
stytr2,7935,western_painting__met_406721,0.7243,4
adain,7935,western_painting__met_406721,0.0,4
sanet,7935,western_painting__met_406721,0.3613,4
cast,7935,western_painting__met_406721,0.6765,4
stytr2,7935,western_painting__met_437769,0.6176,4
adain,7935,western_painting__met_437769,0.1786,4
sanet,7935,western_painting__met_437769,0.375,4
cast,7935,western_painting__met_437769,0.8971,4
stytr2,7935,western_painting__met_437967,0.4118,4
adain,7935,western_painting__met_437967,0.2143,4
sanet,7935,western_painting__met_437967,0.2143,4
cast,7935,western_painting__met_437967,0.8824,4
stytr2,7935,western_painting__met_439405,0.5488,4
adain,7935,western_painting__met_439405,0.1429,4
sanet,7935,western_painting__met_439405,0.0,4
cast,7935,western_painting__met_439405,0.9265,4
stytr2,7935,western_painting__met_649693,0.3676,4
adain,7935,western_painting__met_649693,0.0,4
sanet,7935,western_painting__met_649693,0.0882,4
cast,7935,western_painting__met_649693,0.8309,4
stytr2,7935,western_painting__met_739494,0.6176,4
adain,7935,western_painting__met_739494,0.0,4
sanet,7935,western_painting__met_739494,0.1786,4
cast,7935,western_painting__met_739494,0.6765,4
stytr2,7935,western_painting__met_787672,0.5529,4
adain,7935,western_painting__met_787672,0.2143,4
sanet,7935,western_painting__met_787672,0.3319,4
cast,7935,western_painting__met_787672,0.4118,4
stytr2,7935,western_painting__met_788182,0.5889,4
adain,7935,western_painting__met_788182,0.0,4
sanet,7935,western_painting__met_788182,0.3382,4
cast,7935,western_painting__met_788182,0.8015,4
stytr2,8125,chinese_landscape__130942,0.4067,18
adain,8125,chinese_landscape__130942,0.0278,18
sanet,8125,chinese_landscape__130942,0.1468,18
cast,8125,chinese_landscape__130942,0.3664,18
stytr2,8125,chinese_landscape__132834,0.4597,18
adain,8125,chinese_landscape__132834,0.0463,18
sanet,8125,chinese_landscape__132834,0.3317,18
cast,8125,chinese_landscape__132834,0.349,18
stytr2,8125,chinese_landscape__132836,0.4143,18
adain,8125,chinese_landscape__132836,0.0,18
sanet,8125,chinese_landscape__132836,0.2851,18
cast,8125,chinese_landscape__132836,0.3676,18
stytr2,8125,chinese_landscape__132840,0.4615,18
adain,8125,chinese_landscape__132840,0.082,18
sanet,8125,chinese_landscape__132840,0.2109,18
cast,8125,chinese_landscape__132840,0.3205,18
stytr2,8125,chinese_landscape__132930,0.4598,18
adain,8125,chinese_landscape__132930,0.0794,18
sanet,8125,chinese_landscape__132930,0.2797,18
cast,8125,chinese_landscape__132930,0.2822,18
stytr2,8125,chinese_landscape__137205,0.3656,18
adain,8125,chinese_landscape__137205,0.0,18
sanet,8125,chinese_landscape__137205,0.2981,18
cast,8125,chinese_landscape__137205,0.3306,18
stytr2,8125,chinese_landscape__142574,0.4513,18
adain,8125,chinese_landscape__142574,0.0,18
sanet,8125,chinese_landscape__142574,0.1607,18
cast,8125,chinese_landscape__142574,0.316,18
stytr2,8125,chinese_landscape__142578,0.4518,18
adain,8125,chinese_landscape__142578,0.0,18
sanet,8125,chinese_landscape__142578,0.1607,18
cast,8125,chinese_landscape__142578,0.3155,18
stytr2,8125,chinese_landscape__144829,0.4517,18
adain,8125,chinese_landscape__144829,0.0,18
sanet,8125,chinese_landscape__144829,0.2491,18
cast,8125,chinese_landscape__144829,0.3597,18
stytr2,8125,chinese_landscape__148342,0.4061,18
adain,8125,chinese_landscape__148342,0.0,18
sanet,8125,chinese_landscape__148342,0.1468,18
cast,8125,chinese_landscape__148342,0.2894,18
stytr2,8125,mural__img_1082crop_1_0,0.3173,18
adain,8125,mural__img_1082crop_1_0,0.0,18
sanet,8125,mural__img_1082crop_1_0,0.1157,18
cast,8125,mural__img_1082crop_1_0,0.3463,18
stytr2,8125,mural__img_1224crop_0_0,0.1509,18
adain,8125,mural__img_1224crop_0_0,0.0,18
sanet,8125,mural__img_1224crop_0_0,0.0737,18
cast,8125,mural__img_1224crop_0_0,0.3155,18
stytr2,8125,mural__img_1224crop_1_1,0.1538,18
adain,8125,mural__img_1224crop_1_1,0.0,18
sanet,8125,mural__img_1224crop_1_1,0.0,18
cast,8125,mural__img_1224crop_1_1,0.3008,18
stytr2,8125,mural__img_16crop_0_0,0.2686,18
adain,8125,mural__img_16crop_0_0,0.0,18
sanet,8125,mural__img_16crop_0_0,0.1468,18
cast,8125,mural__img_16crop_0_0,0.176,18
stytr2,8125,mural__img_276crop_1_0,0.1607,18
adain,8125,mural__img_276crop_1_0,0.0,18
sanet,8125,mural__img_276crop_1_0,0.1448,18
cast,8125,mural__img_276crop_1_0,0.269,18
stytr2,8125,mural__img_326crop_1_1,0.1448,18
adain,8125,mural__img_326crop_1_1,0.0,18
sanet,8125,mural__img_326crop_1_1,0.0,18
cast,8125,mural__img_326crop_1_1,0.3125,18
stytr2,8125,mural__img_327crop_0_1,0.1607,18
adain,8125,mural__img_327crop_0_1,0.0,18
sanet,8125,mural__img_327crop_0_1,0.1448,18
cast,8125,mural__img_327crop_0_1,0.2397,18
stytr2,8125,mural__img_536crop_1_0,0.2052,18
adain,8125,mural__img_536crop_1_0,0.0,18
sanet,8125,mural__img_536crop_1_0,0.1329,18
cast,8125,mural__img_536crop_1_0,0.2808,18
stytr2,8125,mural__img_593crop_0_0,0.1889,18
adain,8125,mural__img_593crop_0_0,0.0,18
sanet,8125,mural__img_593crop_0_0,0.1468,18
cast,8125,mural__img_593crop_0_0,0.176,18
stytr2,8125,mural__img_739crop_1_1,0.1538,18
adain,8125,mural__img_739crop_1_1,0.0,18
sanet,8125,mural__img_739crop_1_1,0.0,18
cast,8125,mural__img_739crop_1_1,0.278,18
stytr2,8125,western_painting__met_359775,0.1538,18
adain,8125,western_painting__met_359775,0.0,18
sanet,8125,western_painting__met_359775,0.1052,18
cast,8125,western_painting__met_359775,0.3678,18
stytr2,8125,western_painting__met_383787,0.3783,18
adain,8125,western_painting__met_383787,0.0,18
sanet,8125,western_painting__met_383787,0.3502,18
cast,8125,western_painting__met_383787,0.353,18
stytr2,8125,western_painting__met_406721,0.4024,18
adain,8125,western_painting__met_406721,0.0,18
sanet,8125,western_painting__met_406721,0.3217,18
cast,8125,western_painting__met_406721,0.2881,18
stytr2,8125,western_painting__met_437769,0.1468,18
adain,8125,western_painting__met_437769,0.0,18
sanet,8125,western_painting__met_437769,0.082,18
cast,8125,western_painting__met_437769,0.3189,18
stytr2,8125,western_painting__met_437967,0.219,18
adain,8125,western_painting__met_437967,0.0,18
sanet,8125,western_painting__met_437967,0.0357,18
cast,8125,western_painting__met_437967,0.3089,18
stytr2,8125,western_painting__met_439405,0.1422,18
adain,8125,western_painting__met_439405,0.0,18
sanet,8125,western_painting__met_439405,0.0,18
cast,8125,western_painting__met_439405,0.3682,18
stytr2,8125,western_painting__met_649693,0.119,18
adain,8125,western_painting__met_649693,0.0,18
sanet,8125,western_painting__met_649693,0.2145,18
cast,8125,western_painting__met_649693,0.3504,18
stytr2,8125,western_painting__met_739494,0.1399,18
adain,8125,western_painting__met_739494,0.0,18
sanet,8125,western_painting__met_739494,0.1282,18
cast,8125,western_painting__met_739494,0.3091,18
stytr2,8125,western_painting__met_787672,0.2171,18
adain,8125,western_painting__met_787672,0.0127,18
sanet,8125,western_painting__met_787672,0.3252,18
cast,8125,western_painting__met_787672,0.3565,18
stytr2,8125,western_painting__met_788182,0.194,18
adain,8125,western_painting__met_788182,0.0,18
sanet,8125,western_painting__met_788182,0.2624,18
cast,8125,western_painting__met_788182,0.3519,18
stytr2,8282,chinese_landscape__130942,0.3626,17
adain,8282,chinese_landscape__130942,0.0368,17
sanet,8282,chinese_landscape__130942,0.3234,17
cast,8282,chinese_landscape__130942,0.3692,17
stytr2,8282,chinese_landscape__132834,0.3692,17
adain,8282,chinese_landscape__132834,0.0,17
sanet,8282,chinese_landscape__132834,0.2483,17
cast,8282,chinese_landscape__132834,0.2321,17
stytr2,8282,chinese_landscape__132836,0.3692,17
adain,8282,chinese_landscape__132836,0.0,17
sanet,8282,chinese_landscape__132836,0.2758,17
cast,8282,chinese_landscape__132836,0.315,17
stytr2,8282,chinese_landscape__132840,0.3692,17
adain,8282,chinese_landscape__132840,0.0441,17
sanet,8282,chinese_landscape__132840,0.2585,17
cast,8282,chinese_landscape__132840,0.2363,17
stytr2,8282,chinese_landscape__132930,0.098,17
adain,8282,chinese_landscape__132930,0.0,17
sanet,8282,chinese_landscape__132930,0.2231,17
cast,8282,chinese_landscape__132930,0.3085,17
stytr2,8282,chinese_landscape__137205,0.2908,17
adain,8282,chinese_landscape__137205,0.0,17
sanet,8282,chinese_landscape__137205,0.0588,17
cast,8282,chinese_landscape__137205,0.3692,17
stytr2,8282,chinese_landscape__142574,0.2864,17
adain,8282,chinese_landscape__142574,0.0,17
sanet,8282,chinese_landscape__142574,0.0588,17
cast,8282,chinese_landscape__142574,0.2585,17
stytr2,8282,chinese_landscape__142578,0.1111,17
adain,8282,chinese_landscape__142578,0.0294,17
sanet,8282,chinese_landscape__142578,0.2157,17
cast,8282,chinese_landscape__142578,0.0907,17
stytr2,8282,chinese_landscape__144829,0.3346,17
adain,8282,chinese_landscape__144829,0.0,17
sanet,8282,chinese_landscape__144829,0.0588,17
cast,8282,chinese_landscape__144829,0.2347,17
stytr2,8282,chinese_landscape__148342,0.3692,17
adain,8282,chinese_landscape__148342,0.0294,17
sanet,8282,chinese_landscape__148342,0.2684,17
cast,8282,chinese_landscape__148342,0.2553,17
stytr2,8282,mural__img_1082crop_1_0,0.2887,17
adain,8282,mural__img_1082crop_1_0,0.0368,17
sanet,8282,mural__img_1082crop_1_0,0.0515,17
cast,8282,mural__img_1082crop_1_0,0.2984,17
stytr2,8282,mural__img_1224crop_0_0,0.085,17
adain,8282,mural__img_1224crop_0_0,0.0,17
sanet,8282,mural__img_1224crop_0_0,0.0,17
cast,8282,mural__img_1224crop_0_0,0.2805,17
stytr2,8282,mural__img_1224crop_1_1,0.0784,17
adain,8282,mural__img_1224crop_1_1,0.0,17
sanet,8282,mural__img_1224crop_1_1,0.0,17
cast,8282,mural__img_1224crop_1_1,0.098,17
stytr2,8282,mural__img_16crop_0_0,0.0588,17
adain,8282,mural__img_16crop_0_0,0.0,17
sanet,8282,mural__img_16crop_0_0,0.0368,17
cast,8282,mural__img_16crop_0_0,0.3332,17
stytr2,8282,mural__img_276crop_1_0,0.0588,17
adain,8282,mural__img_276crop_1_0,0.0,17
sanet,8282,mural__img_276crop_1_0,0.0588,17
cast,8282,mural__img_276crop_1_0,0.3553,17
stytr2,8282,mural__img_326crop_1_1,0.16,17
adain,8282,mural__img_326crop_1_1,0.0,17
sanet,8282,mural__img_326crop_1_1,0.0,17
cast,8282,mural__img_326crop_1_1,0.2767,17
stytr2,8282,mural__img_327crop_0_1,0.1897,17
adain,8282,mural__img_327crop_0_1,0.0,17
sanet,8282,mural__img_327crop_0_1,0.0441,17
cast,8282,mural__img_327crop_0_1,0.2522,17
stytr2,8282,mural__img_536crop_1_0,0.0588,17
adain,8282,mural__img_536crop_1_0,0.0212,17
sanet,8282,mural__img_536crop_1_0,0.0515,17
cast,8282,mural__img_536crop_1_0,0.287,17
stytr2,8282,mural__img_593crop_0_0,0.0915,17
adain,8282,mural__img_593crop_0_0,0.0,17
sanet,8282,mural__img_593crop_0_0,0.0588,17
cast,8282,mural__img_593crop_0_0,0.3318,17
stytr2,8282,mural__img_739crop_1_1,0.0588,17
adain,8282,mural__img_739crop_1_1,0.0,17
sanet,8282,mural__img_739crop_1_1,0.0,17
cast,8282,mural__img_739crop_1_1,0.3561,17
stytr2,8282,western_painting__met_359775,0.3495,17
adain,8282,western_painting__met_359775,0.0515,17
sanet,8282,western_painting__met_359775,0.3234,17
cast,8282,western_painting__met_359775,0.2739,17
stytr2,8282,western_painting__met_383787,0.2898,17
adain,8282,western_painting__met_383787,0.0,17
sanet,8282,western_painting__met_383787,0.3234,17
cast,8282,western_painting__met_383787,0.0915,17
stytr2,8282,western_painting__met_406721,0.1358,17
adain,8282,western_painting__met_406721,0.0,17
sanet,8282,western_painting__met_406721,0.2898,17
cast,8282,western_painting__met_406721,0.2781,17
stytr2,8282,western_painting__met_437769,0.0588,17
adain,8282,western_painting__met_437769,0.0,17
sanet,8282,western_painting__met_437769,0.0147,17
cast,8282,western_painting__met_437769,0.098,17
stytr2,8282,western_painting__met_437967,0.2608,17
adain,8282,western_painting__met_437967,0.0,17
sanet,8282,western_painting__met_437967,0.0294,17
cast,8282,western_painting__met_437967,0.3257,17
stytr2,8282,western_painting__met_439405,0.0368,17
adain,8282,western_painting__met_439405,0.0,17
sanet,8282,western_painting__met_439405,0.0,17
cast,8282,western_painting__met_439405,0.3019,17
stytr2,8282,western_painting__met_649693,0.3234,17
adain,8282,western_painting__met_649693,0.0294,17
sanet,8282,western_painting__met_649693,0.2063,17
cast,8282,western_painting__met_649693,0.098,17
stytr2,8282,western_painting__met_739494,0.2438,17
adain,8282,western_painting__met_739494,0.0,17
sanet,8282,western_painting__met_739494,0.2303,17
cast,8282,western_painting__met_739494,0.3626,17
stytr2,8282,western_painting__met_787672,0.2807,17
adain,8282,western_painting__met_787672,0.0441,17
sanet,8282,western_painting__met_787672,0.3234,17
cast,8282,western_painting__met_787672,0.2585,17
stytr2,8282,western_painting__met_788182,0.2591,17
adain,8282,western_painting__met_788182,0.0441,17
sanet,8282,western_painting__met_788182,0.2457,17
cast,8282,western_painting__met_788182,0.2203,17
stytr2,8345,chinese_landscape__130942,0.2653,14
adain,8345,chinese_landscape__130942,0.1531,14
sanet,8345,chinese_landscape__130942,0.1694,14
cast,8345,chinese_landscape__130942,0.3129,14
stytr2,8345,chinese_landscape__132834,0.3517,14
adain,8345,chinese_landscape__132834,0.1554,14
sanet,8345,chinese_landscape__132834,0.1575,14
cast,8345,chinese_landscape__132834,0.3129,14
stytr2,8345,chinese_landscape__132836,0.2415,14
adain,8345,chinese_landscape__132836,0.084,14
sanet,8345,chinese_landscape__132836,0.1694,14
cast,8345,chinese_landscape__132836,0.2796,14
stytr2,8345,chinese_landscape__132840,0.2844,14
adain,8345,chinese_landscape__132840,0.084,14
sanet,8345,chinese_landscape__132840,0.182,14
cast,8345,chinese_landscape__132840,0.3129,14
stytr2,8345,chinese_landscape__132930,0.2946,14
adain,8345,chinese_landscape__132930,0.1078,14
sanet,8345,chinese_landscape__132930,0.1939,14
cast,8345,chinese_landscape__132930,0.2224,14
stytr2,8345,chinese_landscape__137205,0.2177,14
adain,8345,chinese_landscape__137205,0.1435,14
sanet,8345,chinese_landscape__137205,0.182,14
cast,8345,chinese_landscape__137205,0.3698,14
stytr2,8345,chinese_landscape__142574,0.3367,14
adain,8345,chinese_landscape__142574,0.0816,14
sanet,8345,chinese_landscape__142574,0.1694,14
cast,8345,chinese_landscape__142574,0.3129,14
stytr2,8345,chinese_landscape__142578,0.2803,14
adain,8345,chinese_landscape__142578,0.084,14
sanet,8345,chinese_landscape__142578,0.2408,14
cast,8345,chinese_landscape__142578,0.301,14
stytr2,8345,chinese_landscape__144829,0.4459,14
adain,8345,chinese_landscape__144829,0.0721,14
sanet,8345,chinese_landscape__144829,0.182,14
cast,8345,chinese_landscape__144829,0.3018,14
stytr2,8345,chinese_landscape__148342,0.2653,14
adain,8345,chinese_landscape__148342,0.1554,14
sanet,8345,chinese_landscape__148342,0.2289,14
cast,8345,chinese_landscape__148342,0.3517,14
stytr2,8345,mural__img_1082crop_1_0,0.309,14
adain,8345,mural__img_1082crop_1_0,0.0721,14
sanet,8345,mural__img_1082crop_1_0,0.2044,14
cast,8345,mural__img_1082crop_1_0,0.2296,14
stytr2,8345,mural__img_1224crop_0_0,0.2653,14
adain,8345,mural__img_1224crop_0_0,0.0595,14
sanet,8345,mural__img_1224crop_0_0,0.1085,14
cast,8345,mural__img_1224crop_0_0,0.1939,14
stytr2,8345,mural__img_1224crop_1_1,0.1939,14
adain,8345,mural__img_1224crop_1_1,0.1316,14
sanet,8345,mural__img_1224crop_1_1,0.1456,14
cast,8345,mural__img_1224crop_1_1,0.2415,14
stytr2,8345,mural__img_16crop_0_0,0.2653,14
adain,8345,mural__img_16crop_0_0,0.0,14
sanet,8345,mural__img_16crop_0_0,0.2044,14
cast,8345,mural__img_16crop_0_0,0.0935,14
stytr2,8345,mural__img_276crop_1_0,0.1939,14
adain,8345,mural__img_276crop_1_0,0.0,14
sanet,8345,mural__img_276crop_1_0,0.165,14
cast,8345,mural__img_276crop_1_0,0.1939,14
stytr2,8345,mural__img_326crop_1_1,0.1939,14
adain,8345,mural__img_326crop_1_1,0.0714,14
sanet,8345,mural__img_326crop_1_1,0.165,14
cast,8345,mural__img_326crop_1_1,0.1694,14
stytr2,8345,mural__img_327crop_0_1,0.2653,14
adain,8345,mural__img_327crop_0_1,0.1197,14
sanet,8345,mural__img_327crop_0_1,0.2408,14
cast,8345,mural__img_327crop_0_1,0.1939,14
stytr2,8345,mural__img_536crop_1_0,0.2653,14
adain,8345,mural__img_536crop_1_0,0.1435,14
sanet,8345,mural__img_536crop_1_0,0.2289,14
cast,8345,mural__img_536crop_1_0,0.182,14
stytr2,8345,mural__img_593crop_0_0,0.2653,14
adain,8345,mural__img_593crop_0_0,0.1554,14
sanet,8345,mural__img_593crop_0_0,0.1554,14
cast,8345,mural__img_593crop_0_0,0.1939,14
stytr2,8345,mural__img_739crop_1_1,0.1575,14
adain,8345,mural__img_739crop_1_1,0.0721,14
sanet,8345,mural__img_739crop_1_1,0.165,14
cast,8345,mural__img_739crop_1_1,0.1939,14
stytr2,8345,western_painting__met_359775,0.1939,14
adain,8345,western_painting__met_359775,0.0721,14
sanet,8345,western_painting__met_359775,0.1701,14
cast,8345,western_painting__met_359775,0.3129,14
stytr2,8345,western_painting__met_383787,0.1694,14
adain,8345,western_painting__met_383787,0.084,14
sanet,8345,western_painting__met_383787,0.217,14
cast,8345,western_painting__met_383787,0.3098,14
stytr2,8345,western_painting__met_406721,0.2653,14
adain,8345,western_painting__met_406721,0.0714,14
sanet,8345,western_painting__met_406721,0.2534,14
cast,8345,western_painting__met_406721,0.2805,14
stytr2,8345,western_painting__met_437769,0.2732,14
adain,8345,western_painting__met_437769,0.0238,14
sanet,8345,western_painting__met_437769,0.0935,14
cast,8345,western_painting__met_437769,0.2058,14
stytr2,8345,western_painting__met_437967,0.2653,14
adain,8345,western_painting__met_437967,0.1435,14
sanet,8345,western_painting__met_437967,0.084,14
cast,8345,western_painting__met_437967,0.182,14
stytr2,8345,western_painting__met_439405,0.2408,14
adain,8345,western_painting__met_439405,0.0,14
sanet,8345,western_painting__met_439405,0.084,14
cast,8345,western_painting__met_439405,0.1939,14
stytr2,8345,western_painting__met_649693,0.1939,14
adain,8345,western_painting__met_649693,0.0942,14
sanet,8345,western_painting__met_649693,0.2044,14
cast,8345,western_painting__met_649693,0.3859,14
stytr2,8345,western_painting__met_739494,0.2653,14
adain,8345,western_painting__met_739494,0.0,14
sanet,8345,western_painting__met_739494,0.2534,14
cast,8345,western_painting__met_739494,0.3129,14
stytr2,8345,western_painting__met_787672,0.2098,14
adain,8345,western_painting__met_787672,0.084,14
sanet,8345,western_painting__met_787672,0.2289,14
cast,8345,western_painting__met_787672,0.3129,14
stytr2,8345,western_painting__met_788182,0.1939,14
adain,8345,western_painting__met_788182,0.0721,14
sanet,8345,western_painting__met_788182,0.182,14
cast,8345,western_painting__met_788182,0.2653,14
stytr2,8462,chinese_landscape__130942,0.7709,6
adain,8462,chinese_landscape__130942,0.0,6
sanet,8462,chinese_landscape__130942,0.369,6
cast,8462,chinese_landscape__130942,0.5727,6
stytr2,8462,chinese_landscape__132834,0.5778,6
adain,8462,chinese_landscape__132834,0.0,6
sanet,8462,chinese_landscape__132834,0.4292,6
cast,8462,chinese_landscape__132834,0.6493,6
stytr2,8462,chinese_landscape__132836,0.4667,6
adain,8462,chinese_landscape__132836,0.081,6
sanet,8462,chinese_landscape__132836,0.4095,6
cast,8462,chinese_landscape__132836,0.8221,6
stytr2,8462,chinese_landscape__132840,0.5598,6
adain,8462,chinese_landscape__132840,0.0,6
sanet,8462,chinese_landscape__132840,0.3357,6
cast,8462,chinese_landscape__132840,0.5779,6
stytr2,8462,chinese_landscape__132930,0.5778,6
adain,8462,chinese_landscape__132930,0.0,6
sanet,8462,chinese_landscape__132930,0.3595,6
cast,8462,chinese_landscape__132930,0.5531,6
stytr2,8462,chinese_landscape__137205,0.4648,6
adain,8462,chinese_landscape__137205,0.0,6
sanet,8462,chinese_landscape__137205,0.3,6
cast,8462,chinese_landscape__137205,0.6493,6
stytr2,8462,chinese_landscape__142574,0.7709,6
adain,8462,chinese_landscape__142574,0.0,6
sanet,8462,chinese_landscape__142574,0.15,6
cast,8462,chinese_landscape__142574,0.5432,6
stytr2,8462,chinese_landscape__142578,0.4667,6
adain,8462,chinese_landscape__142578,0.0,6
sanet,8462,chinese_landscape__142578,0.4333,6
cast,8462,chinese_landscape__142578,0.5179,6
stytr2,8462,chinese_landscape__144829,0.7464,6
adain,8462,chinese_landscape__144829,0.0,6
sanet,8462,chinese_landscape__144829,0.2983,6
cast,8462,chinese_landscape__144829,0.5364,6
stytr2,8462,chinese_landscape__148342,0.4667,6
adain,8462,chinese_landscape__148342,0.0,6
sanet,8462,chinese_landscape__148342,0.3357,6
cast,8462,chinese_landscape__148342,0.413,6
stytr2,8462,mural__img_1082crop_1_0,0.4852,6
adain,8462,mural__img_1082crop_1_0,0.0,6
sanet,8462,mural__img_1082crop_1_0,0.0,6
cast,8462,mural__img_1082crop_1_0,0.5403,6
stytr2,8462,mural__img_1224crop_0_0,0.3426,6
adain,8462,mural__img_1224crop_0_0,0.0,6
sanet,8462,mural__img_1224crop_0_0,0.0,6
cast,8462,mural__img_1224crop_0_0,0.4292,6
stytr2,8462,mural__img_1224crop_1_1,0.4132,6
adain,8462,mural__img_1224crop_1_1,0.0,6
sanet,8462,mural__img_1224crop_1_1,0.1167,6
cast,8462,mural__img_1224crop_1_1,0.5778,6
stytr2,8462,mural__img_16crop_0_0,0.3944,6
adain,8462,mural__img_16crop_0_0,0.0,6
sanet,8462,mural__img_16crop_0_0,0.0,6
cast,8462,mural__img_16crop_0_0,0.2833,6
stytr2,8462,mural__img_276crop_1_0,0.15,6
adain,8462,mural__img_276crop_1_0,0.0,6
sanet,8462,mural__img_276crop_1_0,0.0,6
cast,8462,mural__img_276crop_1_0,0.4,6
stytr2,8462,mural__img_326crop_1_1,0.413,6
adain,8462,mural__img_326crop_1_1,0.0,6
sanet,8462,mural__img_326crop_1_1,0.1476,6
cast,8462,mural__img_326crop_1_1,0.4333,6
stytr2,8462,mural__img_327crop_0_1,0.4447,6
adain,8462,mural__img_327crop_0_1,0.0,6
sanet,8462,mural__img_327crop_0_1,0.1278,6
cast,8462,mural__img_327crop_0_1,0.4292,6
stytr2,8462,mural__img_536crop_1_0,0.478,6
adain,8462,mural__img_536crop_1_0,0.0,6
sanet,8462,mural__img_536crop_1_0,0.2024,6
cast,8462,mural__img_536crop_1_0,0.4614,6
stytr2,8462,mural__img_593crop_0_0,0.5167,6
adain,8462,mural__img_593crop_0_0,0.0,6
sanet,8462,mural__img_593crop_0_0,0.1,6
cast,8462,mural__img_593crop_0_0,0.3929,6
stytr2,8462,mural__img_739crop_1_1,0.3778,6
adain,8462,mural__img_739crop_1_1,0.0,6
sanet,8462,mural__img_739crop_1_1,0.0,6
cast,8462,mural__img_739crop_1_1,0.3944,6
stytr2,8462,western_painting__met_359775,0.4307,6
adain,8462,western_painting__met_359775,0.0,6
sanet,8462,western_painting__met_359775,0.3375,6
cast,8462,western_painting__met_359775,0.5282,6
stytr2,8462,western_painting__met_383787,0.3857,6
adain,8462,western_painting__met_383787,0.0,6
sanet,8462,western_painting__met_383787,0.3762,6
cast,8462,western_painting__met_383787,0.7242,6
stytr2,8462,western_painting__met_406721,0.4458,6
adain,8462,western_painting__met_406721,0.0,6
sanet,8462,western_painting__met_406721,0.4,6
cast,8462,western_painting__met_406721,0.4095,6
stytr2,8462,western_painting__met_437769,0.3524,6
adain,8462,western_painting__met_437769,0.0,6
sanet,8462,western_painting__met_437769,0.1,6
cast,8462,western_painting__met_437769,0.4262,6
stytr2,8462,western_painting__met_437967,0.45,6
adain,8462,western_painting__met_437967,0.0,6
sanet,8462,western_painting__met_437967,0.0,6
cast,8462,western_painting__met_437967,0.4095,6
stytr2,8462,western_painting__met_439405,0.4167,6
adain,8462,western_painting__met_439405,0.0,6
sanet,8462,western_painting__met_439405,0.0333,6
cast,8462,western_painting__met_439405,0.4352,6
stytr2,8462,western_painting__met_649693,0.3762,6
adain,8462,western_painting__met_649693,0.0,6
sanet,8462,western_painting__met_649693,0.4167,6
cast,8462,western_painting__met_649693,0.7242,6
stytr2,8462,western_painting__met_739494,0.3762,6
adain,8462,western_painting__met_739494,0.0,6
sanet,8462,western_painting__met_739494,0.2619,6
cast,8462,western_painting__met_739494,0.5019,6
stytr2,8462,western_painting__met_787672,0.4307,6
adain,8462,western_painting__met_787672,0.0,6
sanet,8462,western_painting__met_787672,0.3762,6
cast,8462,western_painting__met_787672,0.5803,6
stytr2,8462,western_painting__met_788182,0.413,6
adain,8462,western_painting__met_788182,0.0,6
sanet,8462,western_painting__met_788182,0.4333,6
cast,8462,western_painting__met_788182,0.6758,6
stytr2,8631,chinese_landscape__130942,0.4778,8
adain,8631,chinese_landscape__130942,0.075,8
sanet,8631,chinese_landscape__130942,0.425,8
cast,8631,chinese_landscape__130942,0.4862,8
stytr2,8631,chinese_landscape__132834,0.4883,8
adain,8631,chinese_landscape__132834,0.2125,8
sanet,8631,chinese_landscape__132834,0.3083,8
cast,8631,chinese_landscape__132834,0.475,8
stytr2,8631,chinese_landscape__132836,0.5528,8
adain,8631,chinese_landscape__132836,0.1,8
sanet,8631,chinese_landscape__132836,0.3833,8
cast,8631,chinese_landscape__132836,0.4729,8
stytr2,8631,chinese_landscape__132840,0.4778,8
adain,8631,chinese_landscape__132840,0.0875,8
sanet,8631,chinese_landscape__132840,0.35,8
cast,8631,chinese_landscape__132840,0.475,8
stytr2,8631,chinese_landscape__132930,0.5354,8
adain,8631,chinese_landscape__132930,0.05,8
sanet,8631,chinese_landscape__132930,0.35,8
cast,8631,chinese_landscape__132930,0.4654,8
stytr2,8631,chinese_landscape__137205,0.4674,8
adain,8631,chinese_landscape__137205,0.0625,8
sanet,8631,chinese_landscape__137205,0.2771,8
cast,8631,chinese_landscape__137205,0.4521,8
stytr2,8631,chinese_landscape__142574,0.4653,8
adain,8631,chinese_landscape__142574,0.05,8
sanet,8631,chinese_landscape__142574,0.3083,8
cast,8631,chinese_landscape__142574,0.4813,8
stytr2,8631,chinese_landscape__142578,0.4813,8
adain,8631,chinese_landscape__142578,0.0,8
sanet,8631,chinese_landscape__142578,0.35,8
cast,8631,chinese_landscape__142578,0.457,8
stytr2,8631,chinese_landscape__144829,0.5633,8
adain,8631,chinese_landscape__144829,0.0625,8
sanet,8631,chinese_landscape__144829,0.35,8
cast,8631,chinese_landscape__144829,0.475,8
stytr2,8631,chinese_landscape__148342,0.475,8
adain,8631,chinese_landscape__148342,0.075,8
sanet,8631,chinese_landscape__148342,0.35,8
cast,8631,chinese_landscape__148342,0.4403,8
stytr2,8631,mural__img_1082crop_1_0,0.4354,8
adain,8631,mural__img_1082crop_1_0,0.0625,8
sanet,8631,mural__img_1082crop_1_0,0.2521,8
cast,8631,mural__img_1082crop_1_0,0.4833,8
stytr2,8631,mural__img_1224crop_0_0,0.35,8
adain,8631,mural__img_1224crop_0_0,0.0,8
sanet,8631,mural__img_1224crop_0_0,0.1,8
cast,8631,mural__img_1224crop_0_0,0.3479,8
stytr2,8631,mural__img_1224crop_1_1,0.35,8
adain,8631,mural__img_1224crop_1_1,0.0,8
sanet,8631,mural__img_1224crop_1_1,0.0625,8
cast,8631,mural__img_1224crop_1_1,0.4833,8
stytr2,8631,mural__img_16crop_0_0,0.2125,8
adain,8631,mural__img_16crop_0_0,0.0,8
sanet,8631,mural__img_16crop_0_0,0.1,8
cast,8631,mural__img_16crop_0_0,0.2637,8
stytr2,8631,mural__img_276crop_1_0,0.35,8
adain,8631,mural__img_276crop_1_0,0.0,8
sanet,8631,mural__img_276crop_1_0,0.2125,8
cast,8631,mural__img_276crop_1_0,0.3153,8
stytr2,8631,mural__img_326crop_1_1,0.4778,8
adain,8631,mural__img_326crop_1_1,0.0,8
sanet,8631,mural__img_326crop_1_1,0.0625,8
cast,8631,mural__img_326crop_1_1,0.4378,8
stytr2,8631,mural__img_327crop_0_1,0.457,8
adain,8631,mural__img_327crop_0_1,0.05,8
sanet,8631,mural__img_327crop_0_1,0.1,8
cast,8631,mural__img_327crop_0_1,0.4667,8
stytr2,8631,mural__img_536crop_1_0,0.4674,8
adain,8631,mural__img_536crop_1_0,0.0375,8
sanet,8631,mural__img_536crop_1_0,0.2708,8
cast,8631,mural__img_536crop_1_0,0.4653,8
stytr2,8631,mural__img_593crop_0_0,0.4611,8
adain,8631,mural__img_593crop_0_0,0.05,8
sanet,8631,mural__img_593crop_0_0,0.325,8
cast,8631,mural__img_593crop_0_0,0.454,8
stytr2,8631,mural__img_739crop_1_1,0.3375,8
adain,8631,mural__img_739crop_1_1,0.0,8
sanet,8631,mural__img_739crop_1_1,0.0875,8
cast,8631,mural__img_739crop_1_1,0.4653,8
stytr2,8631,western_painting__met_359775,0.4378,8
adain,8631,western_painting__met_359775,0.1847,8
sanet,8631,western_painting__met_359775,0.1938,8
cast,8631,western_painting__met_359775,0.4854,8
stytr2,8631,western_painting__met_383787,0.4437,8
adain,8631,western_painting__met_383787,0.075,8
sanet,8631,western_painting__met_383787,0.3083,8
cast,8631,western_painting__met_383787,0.4646,8
stytr2,8631,western_painting__met_406721,0.4778,8
adain,8631,western_painting__met_406721,0.0375,8
sanet,8631,western_painting__met_406721,0.45,8
cast,8631,western_painting__met_406721,0.4378,8
stytr2,8631,western_painting__met_437769,0.4035,8
adain,8631,western_painting__met_437769,0.0,8
sanet,8631,western_painting__met_437769,0.1187,8
cast,8631,western_painting__met_437769,0.4674,8
stytr2,8631,western_painting__met_437967,0.4437,8
adain,8631,western_painting__met_437967,0.0,8
sanet,8631,western_painting__met_437967,0.1,8
cast,8631,western_painting__met_437967,0.4403,8
stytr2,8631,western_painting__met_439405,0.4354,8
adain,8631,western_painting__met_439405,0.0,8
sanet,8631,western_painting__met_439405,0.0,8
cast,8631,western_painting__met_439405,0.4698,8
stytr2,8631,western_painting__met_649693,0.225,8
adain,8631,western_painting__met_649693,0.0,8
sanet,8631,western_painting__met_649693,0.3083,8
cast,8631,western_painting__met_649693,0.4758,8
stytr2,8631,western_painting__met_739494,0.4507,8
adain,8631,western_painting__met_739494,0.0125,8
sanet,8631,western_painting__met_739494,0.35,8
cast,8631,western_painting__met_739494,0.4604,8
stytr2,8631,western_painting__met_787672,0.4482,8
adain,8631,western_painting__met_787672,0.0938,8
sanet,8631,western_painting__met_787672,0.3208,8
cast,8631,western_painting__met_787672,0.4549,8
stytr2,8631,western_painting__met_788182,0.4283,8
adain,8631,western_painting__met_788182,0.0764,8
sanet,8631,western_painting__met_788182,0.3083,8
cast,8631,western_painting__met_788182,0.457,8
stytr2,8681,chinese_landscape__130942,0.4722,3
adain,8681,chinese_landscape__130942,0.0,3
sanet,8681,chinese_landscape__130942,0.1429,3
cast,8681,chinese_landscape__130942,0.3889,3
stytr2,8681,chinese_landscape__132834,0.4444,3
adain,8681,chinese_landscape__132834,0.0,3
sanet,8681,chinese_landscape__132834,0.0,3
cast,8681,chinese_landscape__132834,0.5556,3
stytr2,8681,chinese_landscape__132836,0.5167,3
adain,8681,chinese_landscape__132836,0.0952,3
sanet,8681,chinese_landscape__132836,0.2381,3
cast,8681,chinese_landscape__132836,0.5556,3
stytr2,8681,chinese_landscape__132840,0.4167,3
adain,8681,chinese_landscape__132840,0.0,3
sanet,8681,chinese_landscape__132840,0.1905,3
cast,8681,chinese_landscape__132840,0.5079,3
stytr2,8681,chinese_landscape__132930,0.5333,3
adain,8681,chinese_landscape__132930,0.0,3
sanet,8681,chinese_landscape__132930,0.1905,3
cast,8681,chinese_landscape__132930,0.2857,3
stytr2,8681,chinese_landscape__137205,0.1667,3
adain,8681,chinese_landscape__137205,0.1429,3
sanet,8681,chinese_landscape__137205,0.0952,3
cast,8681,chinese_landscape__137205,0.3333,3
stytr2,8681,chinese_landscape__142574,0.4083,3
adain,8681,chinese_landscape__142574,0.0,3
sanet,8681,chinese_landscape__142574,0.0,3
cast,8681,chinese_landscape__142574,0.4444,3
stytr2,8681,chinese_landscape__142578,0.419,3
adain,8681,chinese_landscape__142578,0.0,3
sanet,8681,chinese_landscape__142578,0.2857,3
cast,8681,chinese_landscape__142578,0.2857,3
stytr2,8681,chinese_landscape__144829,0.5079,3
adain,8681,chinese_landscape__144829,0.0,3
sanet,8681,chinese_landscape__144829,0.1429,3
cast,8681,chinese_landscape__144829,0.5079,3
stytr2,8681,chinese_landscape__148342,0.419,3
adain,8681,chinese_landscape__148342,0.0,3
sanet,8681,chinese_landscape__148342,0.1905,3
cast,8681,chinese_landscape__148342,0.3889,3
stytr2,8681,mural__img_1082crop_1_0,0.4222,3
adain,8681,mural__img_1082crop_1_0,0.0,3
sanet,8681,mural__img_1082crop_1_0,0.0,3
cast,8681,mural__img_1082crop_1_0,0.8667,3
stytr2,8681,mural__img_1224crop_0_0,0.0952,3
adain,8681,mural__img_1224crop_0_0,0.0,3
sanet,8681,mural__img_1224crop_0_0,0.0,3
cast,8681,mural__img_1224crop_0_0,0.8667,3
stytr2,8681,mural__img_1224crop_1_1,0.1905,3
adain,8681,mural__img_1224crop_1_1,0.0,3
sanet,8681,mural__img_1224crop_1_1,0.0,3
cast,8681,mural__img_1224crop_1_1,0.619,3
stytr2,8681,mural__img_16crop_0_0,0.0,3
adain,8681,mural__img_16crop_0_0,0.0,3
sanet,8681,mural__img_16crop_0_0,0.0,3
cast,8681,mural__img_16crop_0_0,0.2857,3
stytr2,8681,mural__img_276crop_1_0,0.1429,3
adain,8681,mural__img_276crop_1_0,0.0,3
sanet,8681,mural__img_276crop_1_0,0.0,3
cast,8681,mural__img_276crop_1_0,0.5079,3
stytr2,8681,mural__img_326crop_1_1,0.1667,3
adain,8681,mural__img_326crop_1_1,0.0,3
sanet,8681,mural__img_326crop_1_1,0.0,3
cast,8681,mural__img_326crop_1_1,0.5556,3
stytr2,8681,mural__img_327crop_0_1,0.419,3
adain,8681,mural__img_327crop_0_1,0.0952,3
sanet,8681,mural__img_327crop_0_1,0.0,3
cast,8681,mural__img_327crop_0_1,0.619,3
stytr2,8681,mural__img_536crop_1_0,0.5048,3
adain,8681,mural__img_536crop_1_0,0.0,3
sanet,8681,mural__img_536crop_1_0,0.2381,3
cast,8681,mural__img_536crop_1_0,0.619,3
stytr2,8681,mural__img_593crop_0_0,0.5556,3
adain,8681,mural__img_593crop_0_0,0.0,3
sanet,8681,mural__img_593crop_0_0,0.1429,3
cast,8681,mural__img_593crop_0_0,0.8667,3
stytr2,8681,mural__img_739crop_1_1,0.2762,3
adain,8681,mural__img_739crop_1_1,0.0,3
sanet,8681,mural__img_739crop_1_1,0.1429,3
cast,8681,mural__img_739crop_1_1,0.5556,3
stytr2,8681,western_painting__met_359775,0.2,3
adain,8681,western_painting__met_359775,0.0,3
sanet,8681,western_painting__met_359775,0.1429,3
cast,8681,western_painting__met_359775,0.5556,3
stytr2,8681,western_painting__met_383787,0.0,3
adain,8681,western_painting__met_383787,0.0,3
sanet,8681,western_painting__met_383787,0.2857,3
cast,8681,western_painting__met_383787,0.1905,3
stytr2,8681,western_painting__met_406721,0.0,3
adain,8681,western_painting__met_406721,0.0,3
sanet,8681,western_painting__met_406721,0.2857,3
cast,8681,western_painting__met_406721,0.5079,3
stytr2,8681,western_painting__met_437769,0.5556,3
adain,8681,western_painting__met_437769,0.0,3
sanet,8681,western_painting__met_437769,0.2381,3
cast,8681,western_painting__met_437769,0.5556,3
stytr2,8681,western_painting__met_437967,0.1667,3
adain,8681,western_painting__met_437967,0.0,3
sanet,8681,western_painting__met_437967,0.0,3
cast,8681,western_painting__met_437967,0.5556,3
stytr2,8681,western_painting__met_439405,0.4127,3
adain,8681,western_painting__met_439405,0.0,3
sanet,8681,western_painting__met_439405,0.0,3
cast,8681,western_painting__met_439405,0.5556,3
stytr2,8681,western_painting__met_649693,0.0,3
adain,8681,western_painting__met_649693,0.0,3
sanet,8681,western_painting__met_649693,0.1905,3
cast,8681,western_painting__met_649693,0.4603,3
stytr2,8681,western_painting__met_739494,0.1333,3
adain,8681,western_painting__met_739494,0.0,3
sanet,8681,western_painting__met_739494,0.0,3
cast,8681,western_painting__met_739494,0.5556,3
stytr2,8681,western_painting__met_787672,0.0,3
adain,8681,western_painting__met_787672,0.0,3
sanet,8681,western_painting__met_787672,0.1905,3
cast,8681,western_painting__met_787672,0.619,3
stytr2,8681,western_painting__met_788182,0.0556,3
adain,8681,western_painting__met_788182,0.0,3
sanet,8681,western_painting__met_788182,0.2857,3
cast,8681,western_painting__met_788182,0.4603,3
stytr2,8763,chinese_landscape__130942,0.4375,4
adain,8763,chinese_landscape__130942,0.0,4
sanet,8763,chinese_landscape__130942,0.25,4
cast,8763,chinese_landscape__130942,0.25,4
stytr2,8763,chinese_landscape__132834,0.25,4
adain,8763,chinese_landscape__132834,0.2083,4
sanet,8763,chinese_landscape__132834,0.25,4
cast,8763,chinese_landscape__132834,0.25,4
stytr2,8763,chinese_landscape__132836,0.25,4
adain,8763,chinese_landscape__132836,0.2083,4
sanet,8763,chinese_landscape__132836,0.1667,4
cast,8763,chinese_landscape__132836,0.25,4
stytr2,8763,chinese_landscape__132840,0.3125,4
adain,8763,chinese_landscape__132840,0.0,4
sanet,8763,chinese_landscape__132840,0.2083,4
cast,8763,chinese_landscape__132840,0.25,4
stytr2,8763,chinese_landscape__132930,0.25,4
adain,8763,chinese_landscape__132930,0.0,4
sanet,8763,chinese_landscape__132930,0.1667,4
cast,8763,chinese_landscape__132930,0.25,4
stytr2,8763,chinese_landscape__137205,0.2083,4
adain,8763,chinese_landscape__137205,0.0,4
sanet,8763,chinese_landscape__137205,0.1667,4
cast,8763,chinese_landscape__137205,0.25,4
stytr2,8763,chinese_landscape__142574,0.25,4
adain,8763,chinese_landscape__142574,0.0,4
sanet,8763,chinese_landscape__142574,0.2083,4
cast,8763,chinese_landscape__142574,0.375,4
stytr2,8763,chinese_landscape__142578,0.2083,4
adain,8763,chinese_landscape__142578,0.2083,4
sanet,8763,chinese_landscape__142578,0.25,4
cast,8763,chinese_landscape__142578,0.25,4
stytr2,8763,chinese_landscape__144829,0.4375,4
adain,8763,chinese_landscape__144829,0.2083,4
sanet,8763,chinese_landscape__144829,0.25,4
cast,8763,chinese_landscape__144829,0.375,4
stytr2,8763,chinese_landscape__148342,0.25,4
adain,8763,chinese_landscape__148342,0.0,4
sanet,8763,chinese_landscape__148342,0.25,4
cast,8763,chinese_landscape__148342,0.2083,4
stytr2,8763,mural__img_1082crop_1_0,0.2083,4
adain,8763,mural__img_1082crop_1_0,0.1667,4
sanet,8763,mural__img_1082crop_1_0,0.125,4
cast,8763,mural__img_1082crop_1_0,0.25,4
stytr2,8763,mural__img_1224crop_0_0,0.2083,4
adain,8763,mural__img_1224crop_0_0,0.0,4
sanet,8763,mural__img_1224crop_0_0,0.0,4
cast,8763,mural__img_1224crop_0_0,0.2083,4
stytr2,8763,mural__img_1224crop_1_1,0.1667,4
adain,8763,mural__img_1224crop_1_1,0.0,4
sanet,8763,mural__img_1224crop_1_1,0.0,4
cast,8763,mural__img_1224crop_1_1,0.2083,4
stytr2,8763,mural__img_16crop_0_0,0.1667,4
adain,8763,mural__img_16crop_0_0,0.0,4
sanet,8763,mural__img_16crop_0_0,0.0,4
cast,8763,mural__img_16crop_0_0,0.25,4
stytr2,8763,mural__img_276crop_1_0,0.2083,4
adain,8763,mural__img_276crop_1_0,0.0,4
sanet,8763,mural__img_276crop_1_0,0.25,4
cast,8763,mural__img_276crop_1_0,0.25,4
stytr2,8763,mural__img_326crop_1_1,0.25,4
adain,8763,mural__img_326crop_1_1,0.0833,4
sanet,8763,mural__img_326crop_1_1,0.125,4
cast,8763,mural__img_326crop_1_1,0.25,4
stytr2,8763,mural__img_327crop_0_1,0.25,4
adain,8763,mural__img_327crop_0_1,0.125,4
sanet,8763,mural__img_327crop_0_1,0.2083,4
cast,8763,mural__img_327crop_0_1,0.25,4
stytr2,8763,mural__img_536crop_1_0,0.2083,4
adain,8763,mural__img_536crop_1_0,0.125,4
sanet,8763,mural__img_536crop_1_0,0.25,4
cast,8763,mural__img_536crop_1_0,0.375,4
stytr2,8763,mural__img_593crop_0_0,0.2083,4
adain,8763,mural__img_593crop_0_0,0.125,4
sanet,8763,mural__img_593crop_0_0,0.1667,4
cast,8763,mural__img_593crop_0_0,0.2083,4
stytr2,8763,mural__img_739crop_1_1,0.0,4
adain,8763,mural__img_739crop_1_1,0.0,4
sanet,8763,mural__img_739crop_1_1,0.2083,4
cast,8763,mural__img_739crop_1_1,0.25,4
stytr2,8763,western_painting__met_359775,0.2083,4
adain,8763,western_painting__met_359775,0.2083,4
sanet,8763,western_painting__met_359775,0.1667,4
cast,8763,western_painting__met_359775,0.25,4
stytr2,8763,western_painting__met_383787,0.2083,4
adain,8763,western_painting__met_383787,0.0,4
sanet,8763,western_painting__met_383787,0.25,4
cast,8763,western_painting__met_383787,0.25,4
stytr2,8763,western_painting__met_406721,0.25,4
adain,8763,western_painting__met_406721,0.0,4
sanet,8763,western_painting__met_406721,0.1667,4
cast,8763,western_painting__met_406721,0.25,4
stytr2,8763,western_painting__met_437769,0.375,4
adain,8763,western_painting__met_437769,0.1667,4
sanet,8763,western_painting__met_437769,0.25,4
cast,8763,western_painting__met_437769,0.25,4
stytr2,8763,western_painting__met_437967,0.25,4
adain,8763,western_painting__met_437967,0.0,4
sanet,8763,western_painting__met_437967,0.25,4
cast,8763,western_painting__met_437967,0.25,4
stytr2,8763,western_painting__met_439405,0.25,4
adain,8763,western_painting__met_439405,0.125,4
sanet,8763,western_painting__met_439405,0.2083,4
cast,8763,western_painting__met_439405,0.25,4
stytr2,8763,western_painting__met_649693,0.0833,4
adain,8763,western_painting__met_649693,0.0,4
sanet,8763,western_painting__met_649693,0.25,4
cast,8763,western_painting__met_649693,0.2083,4
stytr2,8763,western_painting__met_739494,0.2083,4
adain,8763,western_painting__met_739494,0.0,4
sanet,8763,western_painting__met_739494,0.2083,4
cast,8763,western_painting__met_739494,0.25,4
stytr2,8763,western_painting__met_787672,0.1667,4
adain,8763,western_painting__met_787672,0.125,4
sanet,8763,western_painting__met_787672,0.25,4
cast,8763,western_painting__met_787672,0.375,4
stytr2,8763,western_painting__met_788182,0.25,4
adain,8763,western_painting__met_788182,0.1667,4
sanet,8763,western_painting__met_788182,0.2083,4
cast,8763,western_painting__met_788182,0.25,4
stytr2,8772,chinese_landscape__130942,0.1944,9
adain,8772,chinese_landscape__130942,0.0,9
sanet,8772,chinese_landscape__130942,0.0952,9
cast,8772,chinese_landscape__130942,0.1111,9
stytr2,8772,chinese_landscape__132834,0.1806,9
adain,8772,chinese_landscape__132834,0.0,9
sanet,8772,chinese_landscape__132834,0.0952,9
cast,8772,chinese_landscape__132834,0.1111,9
stytr2,8772,chinese_landscape__132836,0.1944,9
adain,8772,chinese_landscape__132836,0.0,9
sanet,8772,chinese_landscape__132836,0.0476,9
cast,8772,chinese_landscape__132836,0.1459,9
stytr2,8772,chinese_landscape__132840,0.1111,9
adain,8772,chinese_landscape__132840,0.0,9
sanet,8772,chinese_landscape__132840,0.1111,9
cast,8772,chinese_landscape__132840,0.1111,9
stytr2,8772,chinese_landscape__132930,0.1111,9
adain,8772,chinese_landscape__132930,0.0,9
sanet,8772,chinese_landscape__132930,0.0,9
cast,8772,chinese_landscape__132930,0.1111,9
stytr2,8772,chinese_landscape__137205,0.1806,9
adain,8772,chinese_landscape__137205,0.0,9
sanet,8772,chinese_landscape__137205,0.0794,9
cast,8772,chinese_landscape__137205,0.1111,9
stytr2,8772,chinese_landscape__142574,0.1667,9
adain,8772,chinese_landscape__142574,0.0,9
sanet,8772,chinese_landscape__142574,0.0635,9
cast,8772,chinese_landscape__142574,0.1111,9
stytr2,8772,chinese_landscape__142578,0.1806,9
adain,8772,chinese_landscape__142578,0.0,9
sanet,8772,chinese_landscape__142578,0.0952,9
cast,8772,chinese_landscape__142578,0.1111,9
stytr2,8772,chinese_landscape__144829,0.1806,9
adain,8772,chinese_landscape__144829,0.0,9
sanet,8772,chinese_landscape__144829,0.0794,9
cast,8772,chinese_landscape__144829,0.1111,9
stytr2,8772,chinese_landscape__148342,0.1111,9
adain,8772,chinese_landscape__148342,0.0,9
sanet,8772,chinese_landscape__148342,0.0476,9
cast,8772,chinese_landscape__148342,0.1111,9
stytr2,8772,mural__img_1082crop_1_0,0.1667,9
adain,8772,mural__img_1082crop_1_0,0.0,9
sanet,8772,mural__img_1082crop_1_0,0.0476,9
cast,8772,mural__img_1082crop_1_0,0.1111,9
stytr2,8772,mural__img_1224crop_0_0,0.0794,9
adain,8772,mural__img_1224crop_0_0,0.0,9
sanet,8772,mural__img_1224crop_0_0,0.0,9
cast,8772,mural__img_1224crop_0_0,0.1111,9
stytr2,8772,mural__img_1224crop_1_1,0.0794,9
adain,8772,mural__img_1224crop_1_1,0.0,9
sanet,8772,mural__img_1224crop_1_1,0.0,9
cast,8772,mural__img_1224crop_1_1,0.1111,9
stytr2,8772,mural__img_16crop_0_0,0.1111,9
adain,8772,mural__img_16crop_0_0,0.0,9
sanet,8772,mural__img_16crop_0_0,0.0476,9
cast,8772,mural__img_16crop_0_0,0.1111,9
stytr2,8772,mural__img_276crop_1_0,0.0952,9
adain,8772,mural__img_276crop_1_0,0.0,9
sanet,8772,mural__img_276crop_1_0,0.0,9
cast,8772,mural__img_276crop_1_0,0.0952,9
stytr2,8772,mural__img_326crop_1_1,0.1111,9
adain,8772,mural__img_326crop_1_1,0.0,9
sanet,8772,mural__img_326crop_1_1,0.0,9
cast,8772,mural__img_326crop_1_1,0.1111,9
stytr2,8772,mural__img_327crop_0_1,0.1944,9
adain,8772,mural__img_327crop_0_1,0.0,9
sanet,8772,mural__img_327crop_0_1,0.0794,9
cast,8772,mural__img_327crop_0_1,0.1111,9
stytr2,8772,mural__img_536crop_1_0,0.1667,9
adain,8772,mural__img_536crop_1_0,0.0,9
sanet,8772,mural__img_536crop_1_0,0.0635,9
cast,8772,mural__img_536crop_1_0,0.1111,9
stytr2,8772,mural__img_593crop_0_0,0.1806,9
adain,8772,mural__img_593crop_0_0,0.0,9
sanet,8772,mural__img_593crop_0_0,0.0635,9
cast,8772,mural__img_593crop_0_0,0.1111,9
stytr2,8772,mural__img_739crop_1_1,0.1111,9
adain,8772,mural__img_739crop_1_1,0.0,9
sanet,8772,mural__img_739crop_1_1,0.0,9
cast,8772,mural__img_739crop_1_1,0.1111,9
stytr2,8772,western_painting__met_359775,0.1111,9
adain,8772,western_painting__met_359775,0.0,9
sanet,8772,western_painting__met_359775,0.0794,9
cast,8772,western_painting__met_359775,0.1111,9
stytr2,8772,western_painting__met_383787,0.1111,9
adain,8772,western_painting__met_383787,0.0,9
sanet,8772,western_painting__met_383787,0.0,9
cast,8772,western_painting__met_383787,0.0952,9
stytr2,8772,western_painting__met_406721,0.1111,9
adain,8772,western_painting__met_406721,0.0,9
sanet,8772,western_painting__met_406721,0.0,9
cast,8772,western_painting__met_406721,0.1111,9
stytr2,8772,western_painting__met_437769,0.1111,9
adain,8772,western_painting__met_437769,0.0,9
sanet,8772,western_painting__met_437769,0.0476,9
cast,8772,western_painting__met_437769,0.1111,9
stytr2,8772,western_painting__met_437967,0.1111,9
adain,8772,western_painting__met_437967,0.0,9
sanet,8772,western_painting__met_437967,0.1111,9
cast,8772,western_painting__met_437967,0.1111,9
stytr2,8772,western_painting__met_439405,0.1111,9
adain,8772,western_painting__met_439405,0.0,9
sanet,8772,western_painting__met_439405,0.0,9
cast,8772,western_painting__met_439405,0.1111,9
stytr2,8772,western_painting__met_649693,0.0635,9
adain,8772,western_painting__met_649693,0.0,9
sanet,8772,western_painting__met_649693,0.0,9
cast,8772,western_painting__met_649693,0.1111,9
stytr2,8772,western_painting__met_739494,0.0952,9
adain,8772,western_painting__met_739494,0.0,9
sanet,8772,western_painting__met_739494,0.0,9
cast,8772,western_painting__met_739494,0.1111,9
stytr2,8772,western_painting__met_787672,0.1111,9
adain,8772,western_painting__met_787672,0.0,9
sanet,8772,western_painting__met_787672,0.0952,9
cast,8772,western_painting__met_787672,0.1111,9
stytr2,8772,western_painting__met_788182,0.1111,9
adain,8772,western_painting__met_788182,0.0,9
sanet,8772,western_painting__met_788182,0.0615,9
cast,8772,western_painting__met_788182,0.1111,9
stytr2,8962,chinese_landscape__130942,0.4074,6
adain,8962,chinese_landscape__130942,0.0,6
sanet,8962,chinese_landscape__130942,0.1975,6
cast,8962,chinese_landscape__130942,0.2281,6
stytr2,8962,chinese_landscape__132834,0.3657,6
adain,8962,chinese_landscape__132834,0.2183,6
sanet,8962,chinese_landscape__132834,0.249,6
cast,8962,chinese_landscape__132834,0.359,6
stytr2,8962,chinese_landscape__132836,0.3865,6
adain,8962,chinese_landscape__132836,0.0,6
sanet,8962,chinese_landscape__132836,0.1975,6
cast,8962,chinese_landscape__132836,0.2615,6
stytr2,8962,chinese_landscape__132840,0.4074,6
adain,8962,chinese_landscape__132840,0.0,6
sanet,8962,chinese_landscape__132840,0.1975,6
cast,8962,chinese_landscape__132840,0.2056,6
stytr2,8962,chinese_landscape__132930,0.2615,6
adain,8962,chinese_landscape__132930,0.0,6
sanet,8962,chinese_landscape__132930,0.1975,6
cast,8962,chinese_landscape__132930,0.3044,6
stytr2,8962,chinese_landscape__137205,0.2906,6
adain,8962,chinese_landscape__137205,0.1724,6
sanet,8962,chinese_landscape__137205,0.1724,6
cast,8962,chinese_landscape__137205,0.2615,6
stytr2,8962,chinese_landscape__142574,0.2281,6
adain,8962,chinese_landscape__142574,0.0,6
sanet,8962,chinese_landscape__142574,0.1975,6
cast,8962,chinese_landscape__142574,0.2681,6
stytr2,8962,chinese_landscape__142578,0.2965,6
adain,8962,chinese_landscape__142578,0.0,6
sanet,8962,chinese_landscape__142578,0.1975,6
cast,8962,chinese_landscape__142578,0.2965,6
stytr2,8962,chinese_landscape__144829,0.374,6
adain,8962,chinese_landscape__144829,0.0,6
sanet,8962,chinese_landscape__144829,0.2615,6
cast,8962,chinese_landscape__144829,0.4198,6
stytr2,8962,chinese_landscape__148342,0.2615,6
adain,8962,chinese_landscape__148342,0.0,6
sanet,8962,chinese_landscape__148342,0.1892,6
cast,8962,chinese_landscape__148342,0.2965,6
stytr2,8962,mural__img_1082crop_1_0,0.3449,6
adain,8962,mural__img_1082crop_1_0,0.2965,6
sanet,8962,mural__img_1082crop_1_0,0.0,6
cast,8962,mural__img_1082crop_1_0,0.3799,6
stytr2,8962,mural__img_1224crop_0_0,0.2965,6
adain,8962,mural__img_1224crop_0_0,0.2615,6
sanet,8962,mural__img_1224crop_0_0,0.1613,6
cast,8962,mural__img_1224crop_0_0,0.2965,6
stytr2,8962,mural__img_1224crop_1_1,0.2965,6
adain,8962,mural__img_1224crop_1_1,0.2615,6
sanet,8962,mural__img_1224crop_1_1,0.2281,6
cast,8962,mural__img_1224crop_1_1,0.2965,6
stytr2,8962,mural__img_16crop_0_0,0.2615,6
adain,8962,mural__img_16crop_0_0,0.0,6
sanet,8962,mural__img_16crop_0_0,0.0,6
cast,8962,mural__img_16crop_0_0,0.2784,6
stytr2,8962,mural__img_276crop_1_0,0.2965,6
adain,8962,mural__img_276crop_1_0,0.0,6
sanet,8962,mural__img_276crop_1_0,0.0,6
cast,8962,mural__img_276crop_1_0,0.2226,6
stytr2,8962,mural__img_326crop_1_1,0.2226,6
adain,8962,mural__img_326crop_1_1,0.0779,6
sanet,8962,mural__img_326crop_1_1,0.1975,6
cast,8962,mural__img_326crop_1_1,0.2615,6
stytr2,8962,mural__img_327crop_0_1,0.4007,6
adain,8962,mural__img_327crop_0_1,0.2965,6
sanet,8962,mural__img_327crop_0_1,0.2965,6
cast,8962,mural__img_327crop_0_1,0.2965,6
stytr2,8962,mural__img_536crop_1_0,0.4007,6
adain,8962,mural__img_536crop_1_0,0.2576,6
sanet,8962,mural__img_536crop_1_0,0.2615,6
cast,8962,mural__img_536crop_1_0,0.2615,6
stytr2,8962,mural__img_593crop_0_0,0.2965,6
adain,8962,mural__img_593crop_0_0,0.2615,6
sanet,8962,mural__img_593crop_0_0,0.249,6
cast,8962,mural__img_593crop_0_0,0.2615,6
stytr2,8962,mural__img_739crop_1_1,0.4215,6
adain,8962,mural__img_739crop_1_1,0.0,6
sanet,8962,mural__img_739crop_1_1,0.2615,6
cast,8962,mural__img_739crop_1_1,0.2615,6
stytr2,8962,western_painting__met_359775,0.3657,6
adain,8962,western_painting__met_359775,0.1975,6
sanet,8962,western_painting__met_359775,0.2281,6
cast,8962,western_painting__met_359775,0.2766,6
stytr2,8962,western_painting__met_383787,0.0,6
adain,8962,western_painting__met_383787,0.0,6
sanet,8962,western_painting__met_383787,0.2576,6
cast,8962,western_painting__met_383787,0.0,6
stytr2,8962,western_painting__met_406721,0.2615,6
adain,8962,western_painting__met_406721,0.0,6
sanet,8962,western_painting__met_406721,0.0,6
cast,8962,western_painting__met_406721,0.359,6
stytr2,8962,western_painting__met_437769,0.3826,6
adain,8962,western_painting__met_437769,0.0,6
sanet,8962,western_painting__met_437769,0.2965,6
cast,8962,western_painting__met_437769,0.2965,6
stytr2,8962,western_painting__met_437967,0.2965,6
adain,8962,western_painting__met_437967,0.2615,6
sanet,8962,western_painting__met_437967,0.1975,6
cast,8962,western_painting__met_437967,0.2965,6
stytr2,8962,western_painting__met_439405,0.3826,6
adain,8962,western_painting__met_439405,0.0,6
sanet,8962,western_painting__met_439405,0.0,6
cast,8962,western_painting__met_439405,0.4448,6
stytr2,8962,western_painting__met_649693,0.0,6
adain,8962,western_painting__met_649693,0.0,6
sanet,8962,western_painting__met_649693,0.1585,6
cast,8962,western_painting__met_649693,0.3615,6
stytr2,8962,western_painting__met_739494,0.0,6
adain,8962,western_painting__met_739494,0.0,6
sanet,8962,western_painting__met_739494,0.2615,6
cast,8962,western_painting__met_739494,0.2992,6
stytr2,8962,western_painting__met_787672,0.2576,6
adain,8962,western_painting__met_787672,0.2615,6
sanet,8962,western_painting__met_787672,0.2615,6
cast,8962,western_painting__met_787672,0.4004,6
stytr2,8962,western_painting__met_788182,0.2281,6
adain,8962,western_painting__met_788182,0.1975,6
sanet,8962,western_painting__met_788182,0.2615,6
cast,8962,western_painting__met_788182,0.2281,6
stytr2,8972,chinese_landscape__130942,0.6667,6
adain,8972,chinese_landscape__130942,0.0,6
sanet,8972,chinese_landscape__130942,0.2384,6
cast,8972,chinese_landscape__130942,0.4625,6
stytr2,8972,chinese_landscape__132834,0.5,6
adain,8972,chinese_landscape__132834,0.0,6
sanet,8972,chinese_landscape__132834,0.1429,6
cast,8972,chinese_landscape__132834,0.4648,6
stytr2,8972,chinese_landscape__132836,0.4815,6
adain,8972,chinese_landscape__132836,0.0,6
sanet,8972,chinese_landscape__132836,0.1667,6
cast,8972,chinese_landscape__132836,0.4833,6
stytr2,8972,chinese_landscape__132840,0.4833,6
adain,8972,chinese_landscape__132840,0.0,6
sanet,8972,chinese_landscape__132840,0.2792,6
cast,8972,chinese_landscape__132840,0.3688,6
stytr2,8972,chinese_landscape__132930,0.5944,6
adain,8972,chinese_landscape__132930,0.0,6
sanet,8972,chinese_landscape__132930,0.119,6
cast,8972,chinese_landscape__132930,0.5792,6
stytr2,8972,chinese_landscape__137205,0.4463,6
adain,8972,chinese_landscape__137205,0.0,6
sanet,8972,chinese_landscape__137205,0.1952,6
cast,8972,chinese_landscape__137205,0.5222,6
stytr2,8972,chinese_landscape__142574,0.5944,6
adain,8972,chinese_landscape__142574,0.0,6
sanet,8972,chinese_landscape__142574,0.1667,6
cast,8972,chinese_landscape__142574,0.291,6
stytr2,8972,chinese_landscape__142578,0.4815,6
adain,8972,chinese_landscape__142578,0.0,6
sanet,8972,chinese_landscape__142578,0.291,6
cast,8972,chinese_landscape__142578,0.4429,6
stytr2,8972,chinese_landscape__144829,0.5759,6
adain,8972,chinese_landscape__144829,0.0,6
sanet,8972,chinese_landscape__144829,0.2095,6
cast,8972,chinese_landscape__144829,0.4833,6
stytr2,8972,chinese_landscape__148342,0.5944,6
adain,8972,chinese_landscape__148342,0.0,6
sanet,8972,chinese_landscape__148342,0.3218,6
cast,8972,chinese_landscape__148342,0.5354,6
stytr2,8972,mural__img_1082crop_1_0,0.4648,6
adain,8972,mural__img_1082crop_1_0,0.0,6
sanet,8972,mural__img_1082crop_1_0,0.125,6
cast,8972,mural__img_1082crop_1_0,0.5,6
stytr2,8972,mural__img_1224crop_0_0,0.3907,6
adain,8972,mural__img_1224crop_0_0,0.0,6
sanet,8972,mural__img_1224crop_0_0,0.0952,6
cast,8972,mural__img_1224crop_0_0,0.4815,6
stytr2,8972,mural__img_1224crop_1_1,0.3148,6
adain,8972,mural__img_1224crop_1_1,0.0,6
sanet,8972,mural__img_1224crop_1_1,0.0,6
cast,8972,mural__img_1224crop_1_1,0.5204,6
stytr2,8972,mural__img_16crop_0_0,0.3481,6
adain,8972,mural__img_16crop_0_0,0.0,6
sanet,8972,mural__img_16crop_0_0,0.1667,6
cast,8972,mural__img_16crop_0_0,0.3421,6
stytr2,8972,mural__img_276crop_1_0,0.2725,6
adain,8972,mural__img_276crop_1_0,0.0,6
sanet,8972,mural__img_276crop_1_0,0.119,6
cast,8972,mural__img_276crop_1_0,0.3468,6
stytr2,8972,mural__img_326crop_1_1,0.3606,6
adain,8972,mural__img_326crop_1_1,0.0,6
sanet,8972,mural__img_326crop_1_1,0.1042,6
cast,8972,mural__img_326crop_1_1,0.4021,6
stytr2,8972,mural__img_327crop_0_1,0.4667,6
adain,8972,mural__img_327crop_0_1,0.0,6
sanet,8972,mural__img_327crop_0_1,0.1111,6
cast,8972,mural__img_327crop_0_1,0.4667,6
stytr2,8972,mural__img_536crop_1_0,0.4833,6
adain,8972,mural__img_536crop_1_0,0.0,6
sanet,8972,mural__img_536crop_1_0,0.2833,6
cast,8972,mural__img_536crop_1_0,0.4648,6
stytr2,8972,mural__img_593crop_0_0,0.4667,6
adain,8972,mural__img_593crop_0_0,0.0,6
sanet,8972,mural__img_593crop_0_0,0.2429,6
cast,8972,mural__img_593crop_0_0,0.4463,6
stytr2,8972,mural__img_739crop_1_1,0.3963,6
adain,8972,mural__img_739crop_1_1,0.0,6
sanet,8972,mural__img_739crop_1_1,0.1429,6
cast,8972,mural__img_739crop_1_1,0.4292,6
stytr2,8972,western_painting__met_359775,0.45,6
adain,8972,western_painting__met_359775,0.0,6
sanet,8972,western_painting__met_359775,0.1881,6
cast,8972,western_painting__met_359775,0.5426,6
stytr2,8972,western_painting__met_383787,0.2302,6
adain,8972,western_painting__met_383787,0.0,6
sanet,8972,western_painting__met_383787,0.0833,6
cast,8972,western_painting__met_383787,0.4077,6
stytr2,8972,western_painting__met_406721,0.5,6
adain,8972,western_painting__met_406721,0.0,6
sanet,8972,western_painting__met_406721,0.2759,6
cast,8972,western_painting__met_406721,0.4111,6
stytr2,8972,western_painting__met_437769,0.6167,6
adain,8972,western_painting__met_437769,0.0,6
sanet,8972,western_painting__met_437769,0.0952,6
cast,8972,western_painting__met_437769,0.4095,6
stytr2,8972,western_painting__met_437967,0.4697,6
adain,8972,western_painting__met_437967,0.0,6
sanet,8972,western_painting__met_437967,0.3051,6
cast,8972,western_painting__met_437967,0.3981,6
stytr2,8972,western_painting__met_439405,0.4667,6
adain,8972,western_painting__met_439405,0.0,6
sanet,8972,western_painting__met_439405,0.1214,6
cast,8972,western_painting__met_439405,0.5204,6
stytr2,8972,western_painting__met_649693,0.2625,6
adain,8972,western_painting__met_649693,0.0,6
sanet,8972,western_painting__met_649693,0.0952,6
cast,8972,western_painting__met_649693,0.5037,6
stytr2,8972,western_painting__met_739494,0.1667,6
adain,8972,western_painting__met_739494,0.0,6
sanet,8972,western_painting__met_739494,0.1042,6
cast,8972,western_painting__met_739494,0.5222,6
stytr2,8972,western_painting__met_787672,0.3148,6
adain,8972,western_painting__met_787672,0.0,6
sanet,8972,western_painting__met_787672,0.2625,6
cast,8972,western_painting__met_787672,0.4884,6
stytr2,8972,western_painting__met_788182,0.3926,6
adain,8972,western_painting__met_788182,0.0,6
sanet,8972,western_painting__met_788182,0.0952,6
cast,8972,western_painting__met_788182,0.5403,6
stytr2,9007,chinese_landscape__130942,0.7481,3
adain,9007,chinese_landscape__130942,0.2667,3
sanet,9007,chinese_landscape__130942,0.6,3
cast,9007,chinese_landscape__130942,0.4,3
stytr2,9007,chinese_landscape__132834,0.7037,3
adain,9007,chinese_landscape__132834,0.4,3
sanet,9007,chinese_landscape__132834,0.6,3
cast,9007,chinese_landscape__132834,0.5333,3
stytr2,9007,chinese_landscape__132836,0.7037,3
adain,9007,chinese_landscape__132836,0.1333,3
sanet,9007,chinese_landscape__132836,0.6,3
cast,9007,chinese_landscape__132836,0.4,3
stytr2,9007,chinese_landscape__132840,0.7037,3
adain,9007,chinese_landscape__132840,0.2667,3
sanet,9007,chinese_landscape__132840,0.6,3
cast,9007,chinese_landscape__132840,0.5333,3
stytr2,9007,chinese_landscape__132930,0.6,3
adain,9007,chinese_landscape__132930,0.2667,3
sanet,9007,chinese_landscape__132930,0.3333,3
cast,9007,chinese_landscape__132930,0.4667,3
stytr2,9007,chinese_landscape__137205,0.6,3
adain,9007,chinese_landscape__137205,0.0,3
sanet,9007,chinese_landscape__137205,0.5333,3
cast,9007,chinese_landscape__137205,0.3333,3
stytr2,9007,chinese_landscape__142574,0.6,3
adain,9007,chinese_landscape__142574,0.2667,3
sanet,9007,chinese_landscape__142574,0.5333,3
cast,9007,chinese_landscape__142574,0.4667,3
stytr2,9007,chinese_landscape__142578,0.6,3
adain,9007,chinese_landscape__142578,0.2,3
sanet,9007,chinese_landscape__142578,0.5333,3
cast,9007,chinese_landscape__142578,0.4,3
stytr2,9007,chinese_landscape__144829,0.6,3
adain,9007,chinese_landscape__144829,0.2667,3
sanet,9007,chinese_landscape__144829,0.4667,3
cast,9007,chinese_landscape__144829,0.2,3
stytr2,9007,chinese_landscape__148342,0.6,3
adain,9007,chinese_landscape__148342,0.2667,3
sanet,9007,chinese_landscape__148342,0.2,3
cast,9007,chinese_landscape__148342,0.5037,3
stytr2,9007,mural__img_1082crop_1_0,0.6,3
adain,9007,mural__img_1082crop_1_0,0.2667,3
sanet,9007,mural__img_1082crop_1_0,0.5333,3
cast,9007,mural__img_1082crop_1_0,0.6,3
stytr2,9007,mural__img_1224crop_0_0,0.7037,3
adain,9007,mural__img_1224crop_0_0,0.2667,3
sanet,9007,mural__img_1224crop_0_0,0.4667,3
cast,9007,mural__img_1224crop_0_0,0.5444,3
stytr2,9007,mural__img_1224crop_1_1,0.7037,3
adain,9007,mural__img_1224crop_1_1,0.2667,3
sanet,9007,mural__img_1224crop_1_1,0.0,3
cast,9007,mural__img_1224crop_1_1,0.4667,3
stytr2,9007,mural__img_16crop_0_0,0.6,3
adain,9007,mural__img_16crop_0_0,0.0,3
sanet,9007,mural__img_16crop_0_0,0.5333,3
cast,9007,mural__img_16crop_0_0,0.7037,3
stytr2,9007,mural__img_276crop_1_0,0.6,3
adain,9007,mural__img_276crop_1_0,0.0,3
sanet,9007,mural__img_276crop_1_0,0.4,3
cast,9007,mural__img_276crop_1_0,0.5333,3
stytr2,9007,mural__img_326crop_1_1,0.6,3
adain,9007,mural__img_326crop_1_1,0.0,3
sanet,9007,mural__img_326crop_1_1,0.3333,3
cast,9007,mural__img_326crop_1_1,0.6,3
stytr2,9007,mural__img_327crop_0_1,0.7037,3
adain,9007,mural__img_327crop_0_1,0.5037,3
sanet,9007,mural__img_327crop_0_1,0.5333,3
cast,9007,mural__img_327crop_0_1,0.6,3
stytr2,9007,mural__img_536crop_1_0,0.7037,3
adain,9007,mural__img_536crop_1_0,0.4667,3
sanet,9007,mural__img_536crop_1_0,0.5333,3
cast,9007,mural__img_536crop_1_0,0.6,3
stytr2,9007,mural__img_593crop_0_0,0.6,3
adain,9007,mural__img_593crop_0_0,0.4,3
sanet,9007,mural__img_593crop_0_0,0.5333,3
cast,9007,mural__img_593crop_0_0,0.2667,3
stytr2,9007,mural__img_739crop_1_1,0.7037,3
adain,9007,mural__img_739crop_1_1,0.0,3
sanet,9007,mural__img_739crop_1_1,0.4667,3
cast,9007,mural__img_739crop_1_1,0.5333,3
stytr2,9007,western_painting__met_359775,0.5333,3
adain,9007,western_painting__met_359775,0.0,3
sanet,9007,western_painting__met_359775,0.4,3
cast,9007,western_painting__met_359775,0.4667,3
stytr2,9007,western_painting__met_383787,0.5333,3
adain,9007,western_painting__met_383787,0.0,3
sanet,9007,western_painting__met_383787,0.5333,3
cast,9007,western_painting__met_383787,0.4889,3
stytr2,9007,western_painting__met_406721,0.7037,3
adain,9007,western_painting__met_406721,0.1333,3
sanet,9007,western_painting__met_406721,0.2222,3
cast,9007,western_painting__met_406721,0.6,3
stytr2,9007,western_painting__met_437769,0.6481,3
adain,9007,western_painting__met_437769,0.1333,3
sanet,9007,western_painting__met_437769,0.4,3
cast,9007,western_painting__met_437769,0.3333,3
stytr2,9007,western_painting__met_437967,0.5333,3
adain,9007,western_painting__met_437967,0.2,3
sanet,9007,western_painting__met_437967,0.4667,3
cast,9007,western_painting__met_437967,0.4667,3
stytr2,9007,western_painting__met_439405,0.7481,3
adain,9007,western_painting__met_439405,0.0,3
sanet,9007,western_painting__met_439405,0.4667,3
cast,9007,western_painting__met_439405,0.5333,3
stytr2,9007,western_painting__met_649693,0.2,3
adain,9007,western_painting__met_649693,0.0,3
sanet,9007,western_painting__met_649693,0.3333,3
cast,9007,western_painting__met_649693,0.4667,3
stytr2,9007,western_painting__met_739494,0.6,3
adain,9007,western_painting__met_739494,0.0,3
sanet,9007,western_painting__met_739494,0.4667,3
cast,9007,western_painting__met_739494,0.4667,3
stytr2,9007,western_painting__met_787672,0.6,3
adain,9007,western_painting__met_787672,0.4,3
sanet,9007,western_painting__met_787672,0.637,3
cast,9007,western_painting__met_787672,0.5333,3
stytr2,9007,western_painting__met_788182,0.5704,3
adain,9007,western_painting__met_788182,0.0,3
sanet,9007,western_painting__met_788182,0.4667,3
cast,9007,western_painting__met_788182,0.5333,3
stytr2,9061,chinese_landscape__130942,0.4878,8
adain,9061,chinese_landscape__130942,0.0,8
sanet,9061,chinese_landscape__130942,0.1234,8
cast,9061,chinese_landscape__130942,0.4697,8
stytr2,9061,chinese_landscape__132834,0.4859,8
adain,9061,chinese_landscape__132834,0.0,8
sanet,9061,chinese_landscape__132834,0.113,8
cast,9061,chinese_landscape__132834,0.5926,8
stytr2,9061,chinese_landscape__132836,0.6421,8
adain,9061,chinese_landscape__132836,0.0,8
sanet,9061,chinese_landscape__132836,0.1747,8
cast,9061,chinese_landscape__132836,0.4958,8
stytr2,9061,chinese_landscape__132840,0.4114,8
adain,9061,chinese_landscape__132840,0.0,8
sanet,9061,chinese_landscape__132840,0.0721,8
cast,9061,chinese_landscape__132840,0.495,8
stytr2,9061,chinese_landscape__132930,0.4923,8
adain,9061,chinese_landscape__132930,0.0,8
sanet,9061,chinese_landscape__132930,0.1234,8
cast,9061,chinese_landscape__132930,0.5332,8
stytr2,9061,chinese_landscape__137205,0.3882,8
adain,9061,chinese_landscape__137205,0.0,8
sanet,9061,chinese_landscape__137205,0.1755,8
cast,9061,chinese_landscape__137205,0.4853,8
stytr2,9061,chinese_landscape__142574,0.5087,8
adain,9061,chinese_landscape__142574,0.0,8
sanet,9061,chinese_landscape__142574,0.1556,8
cast,9061,chinese_landscape__142574,0.4982,8
stytr2,9061,chinese_landscape__142578,0.5628,8
adain,9061,chinese_landscape__142578,0.0,8
sanet,9061,chinese_landscape__142578,0.1512,8
cast,9061,chinese_landscape__142578,0.5025,8
stytr2,9061,chinese_landscape__144829,0.6087,8
adain,9061,chinese_landscape__144829,0.0,8
sanet,9061,chinese_landscape__144829,0.2005,8
cast,9061,chinese_landscape__144829,0.4409,8
stytr2,9061,chinese_landscape__148342,0.6485,8
adain,9061,chinese_landscape__148342,0.0,8
sanet,9061,chinese_landscape__148342,0.2221,8
cast,9061,chinese_landscape__148342,0.4556,8
stytr2,9061,mural__img_1082crop_1_0,0.2958,8
adain,9061,mural__img_1082crop_1_0,0.0,8
sanet,9061,mural__img_1082crop_1_0,0.113,8
cast,9061,mural__img_1082crop_1_0,0.6088,8
stytr2,9061,mural__img_1224crop_0_0,0.4432,8
adain,9061,mural__img_1224crop_0_0,0.0,8
sanet,9061,mural__img_1224crop_0_0,0.1408,8
cast,9061,mural__img_1224crop_0_0,0.3863,8
stytr2,9061,mural__img_1224crop_1_1,0.3937,8
adain,9061,mural__img_1224crop_1_1,0.0,8
sanet,9061,mural__img_1224crop_1_1,0.139,8
cast,9061,mural__img_1224crop_1_1,0.6259,8
stytr2,9061,mural__img_16crop_0_0,0.1296,8
adain,9061,mural__img_16crop_0_0,0.0,8
sanet,9061,mural__img_16crop_0_0,0.0,8
cast,9061,mural__img_16crop_0_0,0.2672,8
stytr2,9061,mural__img_276crop_1_0,0.1296,8
adain,9061,mural__img_276crop_1_0,0.0,8
sanet,9061,mural__img_276crop_1_0,0.0,8
cast,9061,mural__img_276crop_1_0,0.4344,8
stytr2,9061,mural__img_326crop_1_1,0.4211,8
adain,9061,mural__img_326crop_1_1,0.0,8
sanet,9061,mural__img_326crop_1_1,0.1296,8
cast,9061,mural__img_326crop_1_1,0.4045,8
stytr2,9061,mural__img_327crop_0_1,0.3688,8
adain,9061,mural__img_327crop_0_1,0.0,8
sanet,9061,mural__img_327crop_0_1,0.422,8
cast,9061,mural__img_327crop_0_1,0.4886,8
stytr2,9061,mural__img_536crop_1_0,0.462,8
adain,9061,mural__img_536crop_1_0,0.0,8
sanet,9061,mural__img_536crop_1_0,0.1978,8
cast,9061,mural__img_536crop_1_0,0.6594,8
stytr2,9061,mural__img_593crop_0_0,0.4245,8
adain,9061,mural__img_593crop_0_0,0.0,8
sanet,9061,mural__img_593crop_0_0,0.1408,8
cast,9061,mural__img_593crop_0_0,0.4641,8
stytr2,9061,mural__img_739crop_1_1,0.527,8
adain,9061,mural__img_739crop_1_1,0.0,8
sanet,9061,mural__img_739crop_1_1,0.1401,8
cast,9061,mural__img_739crop_1_1,0.5124,8
stytr2,9061,western_painting__met_359775,0.2964,8
adain,9061,western_painting__met_359775,0.0,8
sanet,9061,western_painting__met_359775,0.1368,8
cast,9061,western_painting__met_359775,0.4609,8
stytr2,9061,western_painting__met_383787,0.2314,8
adain,9061,western_painting__met_383787,0.0,8
sanet,9061,western_painting__met_383787,0.0,8
cast,9061,western_painting__met_383787,0.4741,8
stytr2,9061,western_painting__met_406721,0.4861,8
adain,9061,western_painting__met_406721,0.0,8
sanet,9061,western_painting__met_406721,0.0,8
cast,9061,western_painting__met_406721,0.4135,8
stytr2,9061,western_painting__met_437769,0.3144,8
adain,9061,western_painting__met_437769,0.0,8
sanet,9061,western_painting__met_437769,0.1276,8
cast,9061,western_painting__met_437769,0.3428,8
stytr2,9061,western_painting__met_437967,0.4344,8
adain,9061,western_painting__met_437967,0.0,8
sanet,9061,western_painting__met_437967,0.0,8
cast,9061,western_painting__met_437967,0.3695,8
stytr2,9061,western_painting__met_439405,0.1873,8
adain,9061,western_painting__met_439405,0.0,8
sanet,9061,western_painting__met_439405,0.0,8
cast,9061,western_painting__met_439405,0.5032,8
stytr2,9061,western_painting__met_649693,0.1901,8
adain,9061,western_painting__met_649693,0.0562,8
sanet,9061,western_painting__met_649693,0.0632,8
cast,9061,western_painting__met_649693,0.614,8
stytr2,9061,western_painting__met_739494,0.3131,8
adain,9061,western_painting__met_739494,0.0,8
sanet,9061,western_painting__met_739494,0.1401,8
cast,9061,western_painting__met_739494,0.508,8
stytr2,9061,western_painting__met_787672,0.255,8
adain,9061,western_painting__met_787672,0.0,8
sanet,9061,western_painting__met_787672,0.1512,8
cast,9061,western_painting__met_787672,0.436,8
stytr2,9061,western_painting__met_788182,0.3339,8
adain,9061,western_painting__met_788182,0.0,8
sanet,9061,western_painting__met_788182,0.0989,8
cast,9061,western_painting__met_788182,0.5934,8
stytr2,9145,chinese_landscape__130942,0.382,16
adain,9145,chinese_landscape__130942,0.0875,16
sanet,9145,chinese_landscape__130942,0.125,16
cast,9145,chinese_landscape__130942,0.2621,16
stytr2,9145,chinese_landscape__132834,0.3165,16
adain,9145,chinese_landscape__132834,0.0156,16
sanet,9145,chinese_landscape__132834,0.0969,16
cast,9145,chinese_landscape__132834,0.1562,16
stytr2,9145,chinese_landscape__132836,0.3374,16
adain,9145,chinese_landscape__132836,0.05,16
sanet,9145,chinese_landscape__132836,0.1094,16
cast,9145,chinese_landscape__132836,0.125,16
stytr2,9145,chinese_landscape__132840,0.3165,16
adain,9145,chinese_landscape__132840,0.0,16
sanet,9145,chinese_landscape__132840,0.2416,16
cast,9145,chinese_landscape__132840,0.125,16
stytr2,9145,chinese_landscape__132930,0.3165,16
adain,9145,chinese_landscape__132930,0.0,16
sanet,9145,chinese_landscape__132930,0.1094,16
cast,9145,chinese_landscape__132930,0.3165,16
stytr2,9145,chinese_landscape__137205,0.3062,16
adain,9145,chinese_landscape__137205,0.0,16
sanet,9145,chinese_landscape__137205,0.2473,16
cast,9145,chinese_landscape__137205,0.125,16
stytr2,9145,chinese_landscape__142574,0.3165,16
adain,9145,chinese_landscape__142574,0.0,16
sanet,9145,chinese_landscape__142574,0.125,16
cast,9145,chinese_landscape__142574,0.3165,16
stytr2,9145,chinese_landscape__142578,0.3304,16
adain,9145,chinese_landscape__142578,0.0,16
sanet,9145,chinese_landscape__142578,0.125,16
cast,9145,chinese_landscape__142578,0.2869,16
stytr2,9145,chinese_landscape__144829,0.3165,16
adain,9145,chinese_landscape__144829,0.0156,16
sanet,9145,chinese_landscape__144829,0.2328,16
cast,9145,chinese_landscape__144829,0.2336,16
stytr2,9145,chinese_landscape__148342,0.3016,16
adain,9145,chinese_landscape__148342,0.0,16
sanet,9145,chinese_landscape__148342,0.125,16
cast,9145,chinese_landscape__148342,0.3125,16
stytr2,9145,mural__img_1082crop_1_0,0.2986,16
adain,9145,mural__img_1082crop_1_0,0.0312,16
sanet,9145,mural__img_1082crop_1_0,0.0719,16
cast,9145,mural__img_1082crop_1_0,0.3101,16
stytr2,9145,mural__img_1224crop_0_0,0.125,16
adain,9145,mural__img_1224crop_0_0,0.0,16
sanet,9145,mural__img_1224crop_0_0,0.0,16
cast,9145,mural__img_1224crop_0_0,0.125,16
stytr2,9145,mural__img_1224crop_1_1,0.125,16
adain,9145,mural__img_1224crop_1_1,0.0,16
sanet,9145,mural__img_1224crop_1_1,0.0,16
cast,9145,mural__img_1224crop_1_1,0.3132,16
stytr2,9145,mural__img_16crop_0_0,0.125,16
adain,9145,mural__img_16crop_0_0,0.0,16
sanet,9145,mural__img_16crop_0_0,0.0312,16
cast,9145,mural__img_16crop_0_0,0.2898,16
stytr2,9145,mural__img_276crop_1_0,0.2576,16
adain,9145,mural__img_276crop_1_0,0.0,16
sanet,9145,mural__img_276crop_1_0,0.0573,16
cast,9145,mural__img_276crop_1_0,0.2786,16
stytr2,9145,mural__img_326crop_1_1,0.125,16
adain,9145,mural__img_326crop_1_1,0.0,16
sanet,9145,mural__img_326crop_1_1,0.0,16
cast,9145,mural__img_326crop_1_1,0.2947,16
stytr2,9145,mural__img_327crop_0_1,0.125,16
adain,9145,mural__img_327crop_0_1,0.0,16
sanet,9145,mural__img_327crop_0_1,0.0312,16
cast,9145,mural__img_327crop_0_1,0.3125,16
stytr2,9145,mural__img_536crop_1_0,0.2987,16
adain,9145,mural__img_536crop_1_0,0.0,16
sanet,9145,mural__img_536crop_1_0,0.0625,16
cast,9145,mural__img_536crop_1_0,0.2869,16
stytr2,9145,mural__img_593crop_0_0,0.273,16
adain,9145,mural__img_593crop_0_0,0.0,16
sanet,9145,mural__img_593crop_0_0,0.0625,16
cast,9145,mural__img_593crop_0_0,0.2975,16
stytr2,9145,mural__img_739crop_1_1,0.125,16
adain,9145,mural__img_739crop_1_1,0.0,16
sanet,9145,mural__img_739crop_1_1,0.0,16
cast,9145,mural__img_739crop_1_1,0.3125,16
stytr2,9145,western_painting__met_359775,0.2588,16
adain,9145,western_painting__met_359775,0.0,16
sanet,9145,western_painting__met_359775,0.0969,16
cast,9145,western_painting__met_359775,0.2912,16
stytr2,9145,western_painting__met_383787,0.3165,16
adain,9145,western_painting__met_383787,0.0,16
sanet,9145,western_painting__met_383787,0.0969,16
cast,9145,western_painting__met_383787,0.3027,16
stytr2,9145,western_painting__met_406721,0.3243,16
adain,9145,western_painting__met_406721,0.0,16
sanet,9145,western_painting__met_406721,0.1661,16
cast,9145,western_painting__met_406721,0.3023,16
stytr2,9145,western_painting__met_437769,0.2559,16
adain,9145,western_painting__met_437769,0.0,16
sanet,9145,western_painting__met_437769,0.0,16
cast,9145,western_painting__met_437769,0.1125,16
stytr2,9145,western_painting__met_437967,0.125,16
adain,9145,western_painting__met_437967,0.0,16
sanet,9145,western_painting__met_437967,0.0312,16
cast,9145,western_painting__met_437967,0.2942,16
stytr2,9145,western_painting__met_439405,0.0625,16
adain,9145,western_painting__met_439405,0.0,16
sanet,9145,western_painting__met_439405,0.0,16
cast,9145,western_painting__met_439405,0.275,16
stytr2,9145,western_painting__met_649693,0.1094,16
adain,9145,western_painting__met_649693,0.0156,16
sanet,9145,western_painting__met_649693,0.1094,16
cast,9145,western_painting__met_649693,0.2588,16
stytr2,9145,western_painting__met_739494,0.125,16
adain,9145,western_painting__met_739494,0.0,16
sanet,9145,western_painting__met_739494,0.1966,16
cast,9145,western_painting__met_739494,0.2897,16
stytr2,9145,western_painting__met_787672,0.3076,16
adain,9145,western_painting__met_787672,0.0156,16
sanet,9145,western_painting__met_787672,0.0312,16
cast,9145,western_painting__met_787672,0.125,16
stytr2,9145,western_painting__met_788182,0.2962,16
adain,9145,western_painting__met_788182,0.0,16
sanet,9145,western_painting__met_788182,0.125,16
cast,9145,western_painting__met_788182,0.125,16
stytr2,9379,chinese_landscape__130942,0.2202,11
adain,9379,chinese_landscape__130942,0.0,11
sanet,9379,chinese_landscape__130942,0.0649,11
cast,9379,chinese_landscape__130942,0.2202,11
stytr2,9379,chinese_landscape__132834,0.1861,11
adain,9379,chinese_landscape__132834,0.0,11
sanet,9379,chinese_landscape__132834,0.0851,11
cast,9379,chinese_landscape__132834,0.2024,11
stytr2,9379,chinese_landscape__132836,0.1861,11
adain,9379,chinese_landscape__132836,0.0,11
sanet,9379,chinese_landscape__132836,0.0851,11
cast,9379,chinese_landscape__132836,0.2089,11
stytr2,9379,chinese_landscape__132840,0.1861,11
adain,9379,chinese_landscape__132840,0.0,11
sanet,9379,chinese_landscape__132840,0.0978,11
cast,9379,chinese_landscape__132840,0.1975,11
stytr2,9379,chinese_landscape__132930,0.2202,11
adain,9379,chinese_landscape__132930,0.0,11
sanet,9379,chinese_landscape__132930,0.0788,11
cast,9379,chinese_landscape__132930,0.2288,11
stytr2,9379,chinese_landscape__137205,0.2272,11
adain,9379,chinese_landscape__137205,0.0,11
sanet,9379,chinese_landscape__137205,0.0,11
cast,9379,chinese_landscape__137205,0.1861,11
stytr2,9379,chinese_landscape__142574,0.2021,11
adain,9379,chinese_landscape__142574,0.0,11
sanet,9379,chinese_landscape__142574,0.0978,11
cast,9379,chinese_landscape__142574,0.2483,11
stytr2,9379,chinese_landscape__142578,0.2089,11
adain,9379,chinese_landscape__142578,0.0,11
sanet,9379,chinese_landscape__142578,0.1521,11
cast,9379,chinese_landscape__142578,0.2202,11
stytr2,9379,chinese_landscape__144829,0.2202,11
adain,9379,chinese_landscape__144829,0.0,11
sanet,9379,chinese_landscape__144829,0.0851,11
cast,9379,chinese_landscape__144829,0.2483,11
stytr2,9379,chinese_landscape__148342,0.2202,11
adain,9379,chinese_landscape__148342,0.0,11
sanet,9379,chinese_landscape__148342,0.1091,11
cast,9379,chinese_landscape__148342,0.2202,11
stytr2,9379,mural__img_1082crop_1_0,0.1407,11
adain,9379,mural__img_1082crop_1_0,0.0,11
sanet,9379,mural__img_1082crop_1_0,0.0548,11
cast,9379,mural__img_1082crop_1_0,0.1667,11
stytr2,9379,mural__img_1224crop_0_0,0.171,11
adain,9379,mural__img_1224crop_0_0,0.0,11
sanet,9379,mural__img_1224crop_0_0,0.0649,11
cast,9379,mural__img_1224crop_0_0,0.2255,11
stytr2,9379,mural__img_1224crop_1_1,0.075,11
adain,9379,mural__img_1224crop_1_1,0.0,11
sanet,9379,mural__img_1224crop_1_1,0.0548,11
cast,9379,mural__img_1224crop_1_1,0.191,11
stytr2,9379,mural__img_16crop_0_0,0.1748,11
adain,9379,mural__img_16crop_0_0,0.0,11
sanet,9379,mural__img_16crop_0_0,0.0,11
cast,9379,mural__img_16crop_0_0,0.1521,11
stytr2,9379,mural__img_276crop_1_0,0.0851,11
adain,9379,mural__img_276crop_1_0,0.0,11
sanet,9379,mural__img_276crop_1_0,0.0,11
cast,9379,mural__img_276crop_1_0,0.0952,11
stytr2,9379,mural__img_326crop_1_1,0.1647,11
adain,9379,mural__img_326crop_1_1,0.0,11
sanet,9379,mural__img_326crop_1_1,0.0,11
cast,9379,mural__img_326crop_1_1,0.1748,11
stytr2,9379,mural__img_327crop_0_1,0.1533,11
adain,9379,mural__img_327crop_0_1,0.0,11
sanet,9379,mural__img_327crop_0_1,0.0,11
cast,9379,mural__img_327crop_0_1,0.2089,11
stytr2,9379,mural__img_536crop_1_0,0.1712,11
adain,9379,mural__img_536crop_1_0,0.0,11
sanet,9379,mural__img_536crop_1_0,0.0,11
cast,9379,mural__img_536crop_1_0,0.1975,11
stytr2,9379,mural__img_593crop_0_0,0.176,11
adain,9379,mural__img_593crop_0_0,0.0,11
sanet,9379,mural__img_593crop_0_0,0.0885,11
cast,9379,mural__img_593crop_0_0,0.1975,11
stytr2,9379,mural__img_739crop_1_1,0.0771,11
adain,9379,mural__img_739crop_1_1,0.0,11
sanet,9379,mural__img_739crop_1_1,0.0,11
cast,9379,mural__img_739crop_1_1,0.1634,11
stytr2,9379,western_painting__met_359775,0.2089,11
adain,9379,western_painting__met_359775,0.0,11
sanet,9379,western_painting__met_359775,0.075,11
cast,9379,western_painting__met_359775,0.2369,11
stytr2,9379,western_painting__met_383787,0.1894,11
adain,9379,western_painting__met_383787,0.0,11
sanet,9379,western_painting__met_383787,0.0447,11
cast,9379,western_painting__met_383787,0.2089,11
stytr2,9379,western_painting__met_406721,0.1508,11
adain,9379,western_painting__met_406721,0.0,11
sanet,9379,western_painting__met_406721,0.0,11
cast,9379,western_painting__met_406721,0.1861,11
stytr2,9379,western_painting__met_437769,0.1748,11
adain,9379,western_painting__met_437769,0.0,11
sanet,9379,western_painting__met_437769,0.0649,11
cast,9379,western_painting__met_437769,0.2137,11
stytr2,9379,western_painting__met_437967,0.1558,11
adain,9379,western_painting__met_437967,0.0,11
sanet,9379,western_painting__met_437967,0.0,11
cast,9379,western_painting__met_437967,0.2137,11
stytr2,9379,western_painting__met_439405,0.0851,11
adain,9379,western_painting__met_439405,0.0,11
sanet,9379,western_painting__met_439405,0.0,11
cast,9379,western_painting__met_439405,0.2111,11
stytr2,9379,western_painting__met_649693,0.0649,11
adain,9379,western_painting__met_649693,0.0,11
sanet,9379,western_painting__met_649693,0.0491,11
cast,9379,western_painting__met_649693,0.1975,11
stytr2,9379,western_painting__met_739494,0.1679,11
adain,9379,western_painting__met_739494,0.0,11
sanet,9379,western_painting__met_739494,0.075,11
cast,9379,western_painting__met_739494,0.2089,11
stytr2,9379,western_painting__met_787672,0.1679,11
adain,9379,western_painting__met_787672,0.0,11
sanet,9379,western_painting__met_787672,0.075,11
cast,9379,western_painting__met_787672,0.1975,11
stytr2,9379,western_painting__met_788182,0.1786,11
adain,9379,western_painting__met_788182,0.0,11
sanet,9379,western_painting__met_788182,0.1091,11
cast,9379,western_painting__met_788182,0.2137,11
stytr2,9514,chinese_landscape__130942,0.1702,19
adain,9514,chinese_landscape__130942,0.0,19
sanet,9514,chinese_landscape__130942,0.0988,19
cast,9514,chinese_landscape__130942,0.1327,19
stytr2,9514,chinese_landscape__132834,0.2197,19
adain,9514,chinese_landscape__132834,0.025,19
sanet,9514,chinese_landscape__132834,0.1047,19
cast,9514,chinese_landscape__132834,0.0906,19
stytr2,9514,chinese_landscape__132836,0.2183,19
adain,9514,chinese_landscape__132836,0.0,19
sanet,9514,chinese_landscape__132836,0.1182,19
cast,9514,chinese_landscape__132836,0.1409,19
stytr2,9514,chinese_landscape__132840,0.1393,19
adain,9514,chinese_landscape__132840,0.03,19
sanet,9514,chinese_landscape__132840,0.0952,19
cast,9514,chinese_landscape__132840,0.0988,19
stytr2,9514,chinese_landscape__132930,0.1526,19
adain,9514,chinese_landscape__132930,0.0,19
sanet,9514,chinese_landscape__132930,0.076,19
cast,9514,chinese_landscape__132930,0.1235,19
stytr2,9514,chinese_landscape__137205,0.1474,19
adain,9514,chinese_landscape__137205,0.0,19
sanet,9514,chinese_landscape__137205,0.0,19
cast,9514,chinese_landscape__137205,0.1327,19
stytr2,9514,chinese_landscape__142574,0.1526,19
adain,9514,chinese_landscape__142574,0.025,19
sanet,9514,chinese_landscape__142574,0.0738,19
cast,9514,chinese_landscape__142574,0.1421,19
stytr2,9514,chinese_landscape__142578,0.1421,19
adain,9514,chinese_landscape__142578,0.0375,19
sanet,9514,chinese_landscape__142578,0.0936,19
cast,9514,chinese_landscape__142578,0.1368,19
stytr2,9514,chinese_landscape__144829,0.1741,19
adain,9514,chinese_landscape__144829,0.0,19
sanet,9514,chinese_landscape__144829,0.0855,19
cast,9514,chinese_landscape__144829,0.1222,19
stytr2,9514,chinese_landscape__148342,0.1421,19
adain,9514,chinese_landscape__148342,0.0425,19
sanet,9514,chinese_landscape__148342,0.0838,19
cast,9514,chinese_landscape__148342,0.1421,19
stytr2,9514,mural__img_1082crop_1_0,0.1363,19
adain,9514,mural__img_1082crop_1_0,0.025,19
sanet,9514,mural__img_1082crop_1_0,0.0,19
cast,9514,mural__img_1082crop_1_0,0.1363,19
stytr2,9514,mural__img_1224crop_0_0,0.1526,19
adain,9514,mural__img_1224crop_0_0,0.0425,19
sanet,9514,mural__img_1224crop_0_0,0.0,19
cast,9514,mural__img_1224crop_0_0,0.093,19
stytr2,9514,mural__img_1224crop_1_1,0.1047,19
adain,9514,mural__img_1224crop_1_1,0.0285,19
sanet,9514,mural__img_1224crop_1_1,0.0,19
cast,9514,mural__img_1224crop_1_1,0.1047,19
stytr2,9514,mural__img_16crop_0_0,0.093,19
adain,9514,mural__img_16crop_0_0,0.0,19
sanet,9514,mural__img_16crop_0_0,0.0,19
cast,9514,mural__img_16crop_0_0,0.0451,19
stytr2,9514,mural__img_276crop_1_0,0.0579,19
adain,9514,mural__img_276crop_1_0,0.0,19
sanet,9514,mural__img_276crop_1_0,0.0579,19
cast,9514,mural__img_276crop_1_0,0.0451,19
stytr2,9514,mural__img_326crop_1_1,0.0901,19
adain,9514,mural__img_326crop_1_1,0.0,19
sanet,9514,mural__img_326crop_1_1,0.0,19
cast,9514,mural__img_326crop_1_1,0.0673,19
stytr2,9514,mural__img_327crop_0_1,0.1346,19
adain,9514,mural__img_327crop_0_1,0.0,19
sanet,9514,mural__img_327crop_0_1,0.03,19
cast,9514,mural__img_327crop_0_1,0.1304,19
stytr2,9514,mural__img_536crop_1_0,0.1287,19
adain,9514,mural__img_536crop_1_0,0.0,19
sanet,9514,mural__img_536crop_1_0,0.0,19
cast,9514,mural__img_536crop_1_0,0.1409,19
stytr2,9514,mural__img_593crop_0_0,0.1229,19
adain,9514,mural__img_593crop_0_0,0.0,19
sanet,9514,mural__img_593crop_0_0,0.0504,19
cast,9514,mural__img_593crop_0_0,0.0744,19
stytr2,9514,mural__img_739crop_1_1,0.0895,19
adain,9514,mural__img_739crop_1_1,0.0,19
sanet,9514,mural__img_739crop_1_1,0.0,19
cast,9514,mural__img_739crop_1_1,0.0988,19
stytr2,9514,western_painting__met_359775,0.0972,19
adain,9514,western_painting__met_359775,0.0247,19
sanet,9514,western_painting__met_359775,0.0429,19
cast,9514,western_painting__met_359775,0.1415,19
stytr2,9514,western_painting__met_383787,0.1393,19
adain,9514,western_painting__met_383787,0.0,19
sanet,9514,western_painting__met_383787,0.0351,19
cast,9514,western_painting__met_383787,0.1235,19
stytr2,9514,western_painting__met_406721,0.117,19
adain,9514,western_painting__met_406721,0.0,19
sanet,9514,western_painting__met_406721,0.117,19
cast,9514,western_painting__met_406721,0.0988,19
stytr2,9514,western_painting__met_437769,0.1234,19
adain,9514,western_painting__met_437769,0.0,19
sanet,9514,western_painting__met_437769,0.0,19
cast,9514,western_painting__met_437769,0.0994,19
stytr2,9514,western_painting__met_437967,0.1363,19
adain,9514,western_painting__met_437967,0.0,19
sanet,9514,western_painting__met_437967,0.0,19
cast,9514,western_painting__met_437967,0.1047,19
stytr2,9514,western_painting__met_439405,0.0526,19
adain,9514,western_painting__met_439405,0.0,19
sanet,9514,western_painting__met_439405,0.0,19
cast,9514,western_painting__met_439405,0.1105,19
stytr2,9514,western_painting__met_649693,0.0474,19
adain,9514,western_painting__met_649693,0.0175,19
sanet,9514,western_painting__met_649693,0.0504,19
cast,9514,western_painting__met_649693,0.152,19
stytr2,9514,western_painting__met_739494,0.0679,19
adain,9514,western_painting__met_739494,0.0,19
sanet,9514,western_painting__met_739494,0.0604,19
cast,9514,western_painting__met_739494,0.1363,19
stytr2,9514,western_painting__met_787672,0.0855,19
adain,9514,western_painting__met_787672,0.0197,19
sanet,9514,western_painting__met_787672,0.0579,19
cast,9514,western_painting__met_787672,0.1374,19
stytr2,9514,western_painting__met_788182,0.0972,19
adain,9514,western_painting__met_788182,0.0,19
sanet,9514,western_painting__met_788182,0.0855,19
cast,9514,western_painting__met_788182,0.1298,19
stytr2,9597,chinese_landscape__130942,0.7209,9
adain,9597,chinese_landscape__130942,0.1111,9
sanet,9597,chinese_landscape__130942,0.2222,9
cast,9597,chinese_landscape__130942,0.3333,9
stytr2,9597,chinese_landscape__132834,0.4096,9
adain,9597,chinese_landscape__132834,0.0,9
sanet,9597,chinese_landscape__132834,0.0,9
cast,9597,chinese_landscape__132834,0.2315,9
stytr2,9597,chinese_landscape__132836,0.261,9
adain,9597,chinese_landscape__132836,0.0,9
sanet,9597,chinese_landscape__132836,0.1111,9
cast,9597,chinese_landscape__132836,0.2438,9
stytr2,9597,chinese_landscape__132840,0.3228,9
adain,9597,chinese_landscape__132840,0.0,9
sanet,9597,chinese_landscape__132840,0.0,9
cast,9597,chinese_landscape__132840,0.2593,9
stytr2,9597,chinese_landscape__132930,0.5203,9
adain,9597,chinese_landscape__132930,0.0,9
sanet,9597,chinese_landscape__132930,0.1852,9
cast,9597,chinese_landscape__132930,0.0741,9
stytr2,9597,chinese_landscape__137205,0.2328,9
adain,9597,chinese_landscape__137205,0.0,9
sanet,9597,chinese_landscape__137205,0.0,9
cast,9597,chinese_landscape__137205,0.162,9
stytr2,9597,chinese_landscape__142574,0.496,9
adain,9597,chinese_landscape__142574,0.0,9
sanet,9597,chinese_landscape__142574,0.1481,9
cast,9597,chinese_landscape__142574,0.1235,9
stytr2,9597,chinese_landscape__142578,0.4519,9
adain,9597,chinese_landscape__142578,0.0,9
sanet,9597,chinese_landscape__142578,0.1111,9
cast,9597,chinese_landscape__142578,0.425,9
stytr2,9597,chinese_landscape__144829,0.4149,9
adain,9597,chinese_landscape__144829,0.0,9
sanet,9597,chinese_landscape__144829,0.0,9
cast,9597,chinese_landscape__144829,0.2454,9
stytr2,9597,chinese_landscape__148342,0.254,9
adain,9597,chinese_landscape__148342,0.0,9
sanet,9597,chinese_landscape__148342,0.1111,9
cast,9597,chinese_landscape__148342,0.2593,9
stytr2,9597,mural__img_1082crop_1_0,0.3016,9
adain,9597,mural__img_1082crop_1_0,0.1111,9
sanet,9597,mural__img_1082crop_1_0,0.0,9
cast,9597,mural__img_1082crop_1_0,0.4444,9
stytr2,9597,mural__img_1224crop_0_0,0.0556,9
adain,9597,mural__img_1224crop_0_0,0.0,9
sanet,9597,mural__img_1224crop_0_0,0.0,9
cast,9597,mural__img_1224crop_0_0,0.4198,9
stytr2,9597,mural__img_1224crop_1_1,0.0556,9
adain,9597,mural__img_1224crop_1_1,0.0,9
sanet,9597,mural__img_1224crop_1_1,0.0,9
cast,9597,mural__img_1224crop_1_1,0.5,9
stytr2,9597,mural__img_16crop_0_0,0.1111,9
adain,9597,mural__img_16crop_0_0,0.0,9
sanet,9597,mural__img_16crop_0_0,0.0556,9
cast,9597,mural__img_16crop_0_0,0.3721,9
stytr2,9597,mural__img_276crop_1_0,0.1111,9
adain,9597,mural__img_276crop_1_0,0.0,9
sanet,9597,mural__img_276crop_1_0,0.1111,9
cast,9597,mural__img_276crop_1_0,0.3025,9
stytr2,9597,mural__img_326crop_1_1,0.1111,9
adain,9597,mural__img_326crop_1_1,0.0,9
sanet,9597,mural__img_326crop_1_1,0.1111,9
cast,9597,mural__img_326crop_1_1,0.4105,9
stytr2,9597,mural__img_327crop_0_1,0.3351,9
adain,9597,mural__img_327crop_0_1,0.0,9
sanet,9597,mural__img_327crop_0_1,0.1111,9
cast,9597,mural__img_327crop_0_1,0.3148,9
stytr2,9597,mural__img_536crop_1_0,0.2778,9
adain,9597,mural__img_536crop_1_0,0.1111,9
sanet,9597,mural__img_536crop_1_0,0.1481,9
cast,9597,mural__img_536crop_1_0,0.4043,9
stytr2,9597,mural__img_593crop_0_0,0.261,9
adain,9597,mural__img_593crop_0_0,0.0,9
sanet,9597,mural__img_593crop_0_0,0.1852,9
cast,9597,mural__img_593crop_0_0,0.3858,9
stytr2,9597,mural__img_739crop_1_1,0.2081,9
adain,9597,mural__img_739crop_1_1,0.0,9
sanet,9597,mural__img_739crop_1_1,0.1111,9
cast,9597,mural__img_739crop_1_1,0.3488,9
stytr2,9597,western_painting__met_359775,0.1667,9
adain,9597,western_painting__met_359775,0.0,9
sanet,9597,western_painting__met_359775,0.1111,9
cast,9597,western_painting__met_359775,0.3395,9
stytr2,9597,western_painting__met_383787,0.1975,9
adain,9597,western_painting__met_383787,0.0,9
sanet,9597,western_painting__met_383787,0.0,9
cast,9597,western_painting__met_383787,0.2346,9
stytr2,9597,western_painting__met_406721,0.1975,9
adain,9597,western_painting__met_406721,0.0,9
sanet,9597,western_painting__met_406721,0.1111,9
cast,9597,western_painting__met_406721,0.4182,9
stytr2,9597,western_painting__met_437769,0.2328,9
adain,9597,western_painting__met_437769,0.1111,9
sanet,9597,western_painting__met_437769,0.1111,9
cast,9597,western_painting__met_437769,0.4215,9
stytr2,9597,western_painting__met_437967,0.1711,9
adain,9597,western_painting__met_437967,0.1111,9
sanet,9597,western_painting__met_437967,0.0,9
cast,9597,western_painting__met_437967,0.425,9
stytr2,9597,western_painting__met_439405,0.25,9
adain,9597,western_painting__met_439405,0.0,9
sanet,9597,western_painting__met_439405,0.0741,9
cast,9597,western_painting__met_439405,0.3325,9
stytr2,9597,western_painting__met_649693,0.1111,9
adain,9597,western_painting__met_649693,0.0,9
sanet,9597,western_painting__met_649693,0.1111,9
cast,9597,western_painting__met_649693,0.3686,9
stytr2,9597,western_painting__met_739494,0.1667,9
adain,9597,western_painting__met_739494,0.0,9
sanet,9597,western_painting__met_739494,0.0926,9
cast,9597,western_painting__met_739494,0.4105,9
stytr2,9597,western_painting__met_787672,0.1887,9
adain,9597,western_painting__met_787672,0.0,9
sanet,9597,western_painting__met_787672,0.1111,9
cast,9597,western_painting__met_787672,0.4167,9
stytr2,9597,western_painting__met_788182,0.1111,9
adain,9597,western_painting__met_788182,0.0,9
sanet,9597,western_painting__met_788182,0.1111,9
cast,9597,western_painting__met_788182,0.2945,9
stytr2,9858,chinese_landscape__130942,0.6616,12
adain,9858,chinese_landscape__130942,0.0624,12
sanet,9858,chinese_landscape__130942,0.0677,12
cast,9858,chinese_landscape__130942,0.402,12
stytr2,9858,chinese_landscape__132834,0.5161,12
adain,9858,chinese_landscape__132834,0.0,12
sanet,9858,chinese_landscape__132834,0.0469,12
cast,9858,chinese_landscape__132834,0.3805,12
stytr2,9858,chinese_landscape__132836,0.5719,12
adain,9858,chinese_landscape__132836,0.0,12
sanet,9858,chinese_landscape__132836,0.05,12
cast,9858,chinese_landscape__132836,0.4713,12
stytr2,9858,chinese_landscape__132840,0.473,12
adain,9858,chinese_landscape__132840,0.0,12
sanet,9858,chinese_landscape__132840,0.0333,12
cast,9858,chinese_landscape__132840,0.3748,12
stytr2,9858,chinese_landscape__132930,0.6329,12
adain,9858,chinese_landscape__132930,0.0,12
sanet,9858,chinese_landscape__132930,0.0476,12
cast,9858,chinese_landscape__132930,0.4673,12
stytr2,9858,chinese_landscape__137205,0.4442,12
adain,9858,chinese_landscape__137205,0.0,12
sanet,9858,chinese_landscape__137205,0.0,12
cast,9858,chinese_landscape__137205,0.44,12
stytr2,9858,chinese_landscape__142574,0.5826,12
adain,9858,chinese_landscape__142574,0.0,12
sanet,9858,chinese_landscape__142574,0.0781,12
cast,9858,chinese_landscape__142574,0.3965,12
stytr2,9858,chinese_landscape__142578,0.5627,12
adain,9858,chinese_landscape__142578,0.0,12
sanet,9858,chinese_landscape__142578,0.0885,12
cast,9858,chinese_landscape__142578,0.4679,12
stytr2,9858,chinese_landscape__144829,0.6203,12
adain,9858,chinese_landscape__144829,0.0,12
sanet,9858,chinese_landscape__144829,0.0677,12
cast,9858,chinese_landscape__144829,0.5165,12
stytr2,9858,chinese_landscape__148342,0.5531,12
adain,9858,chinese_landscape__148342,0.0,12
sanet,9858,chinese_landscape__148342,0.0781,12
cast,9858,chinese_landscape__148342,0.4869,12
stytr2,9858,mural__img_1082crop_1_0,0.4032,12
adain,9858,mural__img_1082crop_1_0,0.0,12
sanet,9858,mural__img_1082crop_1_0,0.0667,12
cast,9858,mural__img_1082crop_1_0,0.4905,12
stytr2,9858,mural__img_1224crop_0_0,0.2431,12
adain,9858,mural__img_1224crop_0_0,0.0,12
sanet,9858,mural__img_1224crop_0_0,0.0639,12
cast,9858,mural__img_1224crop_0_0,0.3088,12
stytr2,9858,mural__img_1224crop_1_1,0.2463,12
adain,9858,mural__img_1224crop_1_1,0.0,12
sanet,9858,mural__img_1224crop_1_1,0.0625,12
cast,9858,mural__img_1224crop_1_1,0.3805,12
stytr2,9858,mural__img_16crop_0_0,0.4082,12
adain,9858,mural__img_16crop_0_0,0.0,12
sanet,9858,mural__img_16crop_0_0,0.0833,12
cast,9858,mural__img_16crop_0_0,0.1556,12
stytr2,9858,mural__img_276crop_1_0,0.0365,12
adain,9858,mural__img_276crop_1_0,0.0,12
sanet,9858,mural__img_276crop_1_0,0.0417,12
cast,9858,mural__img_276crop_1_0,0.4614,12
stytr2,9858,mural__img_326crop_1_1,0.3866,12
adain,9858,mural__img_326crop_1_1,0.0,12
sanet,9858,mural__img_326crop_1_1,0.0833,12
cast,9858,mural__img_326crop_1_1,0.4307,12
stytr2,9858,mural__img_327crop_0_1,0.3539,12
adain,9858,mural__img_327crop_0_1,0.0457,12
sanet,9858,mural__img_327crop_0_1,0.0647,12
cast,9858,mural__img_327crop_0_1,0.4869,12
stytr2,9858,mural__img_536crop_1_0,0.5109,12
adain,9858,mural__img_536crop_1_0,0.0,12
sanet,9858,mural__img_536crop_1_0,0.0528,12
cast,9858,mural__img_536crop_1_0,0.4551,12
stytr2,9858,mural__img_593crop_0_0,0.3837,12
adain,9858,mural__img_593crop_0_0,0.079,12
sanet,9858,mural__img_593crop_0_0,0.1406,12
cast,9858,mural__img_593crop_0_0,0.377,12
stytr2,9858,mural__img_739crop_1_1,0.385,12
adain,9858,mural__img_739crop_1_1,0.0,12
sanet,9858,mural__img_739crop_1_1,0.0472,12
cast,9858,mural__img_739crop_1_1,0.5221,12
stytr2,9858,western_painting__met_359775,0.2049,12
adain,9858,western_painting__met_359775,0.0,12
sanet,9858,western_painting__met_359775,0.0528,12
cast,9858,western_painting__met_359775,0.6721,12
stytr2,9858,western_painting__met_383787,0.0,12
adain,9858,western_painting__met_383787,0.0,12
sanet,9858,western_painting__met_383787,0.0,12
cast,9858,western_painting__met_383787,0.4726,12
stytr2,9858,western_painting__met_406721,0.5139,12
adain,9858,western_painting__met_406721,0.0,12
sanet,9858,western_painting__met_406721,0.2225,12
cast,9858,western_painting__met_406721,0.4899,12
stytr2,9858,western_painting__met_437769,0.2671,12
adain,9858,western_painting__met_437769,0.0,12
sanet,9858,western_painting__met_437769,0.1124,12
cast,9858,western_painting__met_437769,0.4318,12
stytr2,9858,western_painting__met_437967,0.5364,12
adain,9858,western_painting__met_437967,0.0,12
sanet,9858,western_painting__met_437967,0.0781,12
cast,9858,western_painting__met_437967,0.4865,12
stytr2,9858,western_painting__met_439405,0.4078,12
adain,9858,western_painting__met_439405,0.0,12
sanet,9858,western_painting__met_439405,0.0677,12
cast,9858,western_painting__met_439405,0.4312,12
stytr2,9858,western_painting__met_649693,0.1349,12
adain,9858,western_painting__met_649693,0.0,12
sanet,9858,western_painting__met_649693,0.0208,12
cast,9858,western_painting__met_649693,0.3916,12
stytr2,9858,western_painting__met_739494,0.1825,12
adain,9858,western_painting__met_739494,0.0052,12
sanet,9858,western_painting__met_739494,0.0719,12
cast,9858,western_painting__met_739494,0.4331,12
stytr2,9858,western_painting__met_787672,0.2605,12
adain,9858,western_painting__met_787672,0.0,12
sanet,9858,western_painting__met_787672,0.0647,12
cast,9858,western_painting__met_787672,0.2961,12
stytr2,9858,western_painting__met_788182,0.07,12
adain,9858,western_painting__met_788182,0.0,12
sanet,9858,western_painting__met_788182,0.05,12
cast,9858,western_painting__met_788182,0.4433,12
stytr2,9911,chinese_landscape__130942,0.2515,8
adain,9911,chinese_landscape__130942,0.1282,8
sanet,9911,chinese_landscape__130942,0.156,8
cast,9911,chinese_landscape__130942,0.156,8
stytr2,9911,chinese_landscape__132834,0.1873,8
adain,9911,chinese_landscape__132834,0.1282,8
sanet,9911,chinese_landscape__132834,0.156,8
cast,9911,chinese_landscape__132834,0.156,8
stytr2,9911,chinese_landscape__132836,0.156,8
adain,9911,chinese_landscape__132836,0.1144,8
sanet,9911,chinese_landscape__132836,0.1282,8
cast,9911,chinese_landscape__132836,0.156,8
stytr2,9911,chinese_landscape__132840,0.156,8
adain,9911,chinese_landscape__132840,0.1282,8
sanet,9911,chinese_landscape__132840,0.156,8
cast,9911,chinese_landscape__132840,0.156,8
stytr2,9911,chinese_landscape__132930,0.1716,8
adain,9911,chinese_landscape__132930,0.1282,8
sanet,9911,chinese_landscape__132930,0.156,8
cast,9911,chinese_landscape__132930,0.1439,8
stytr2,9911,chinese_landscape__137205,0.2255,8
adain,9911,chinese_landscape__137205,0.1144,8
sanet,9911,chinese_landscape__137205,0.156,8
cast,9911,chinese_landscape__137205,0.1439,8
stytr2,9911,chinese_landscape__142574,0.156,8
adain,9911,chinese_landscape__142574,0.1144,8
sanet,9911,chinese_landscape__142574,0.1282,8
cast,9911,chinese_landscape__142574,0.156,8
stytr2,9911,chinese_landscape__142578,0.1942,8
adain,9911,chinese_landscape__142578,0.0741,8
sanet,9911,chinese_landscape__142578,0.156,8
cast,9911,chinese_landscape__142578,0.1439,8
stytr2,9911,chinese_landscape__144829,0.156,8
adain,9911,chinese_landscape__144829,0.1005,8
sanet,9911,chinese_landscape__144829,0.156,8
cast,9911,chinese_landscape__144829,0.156,8
stytr2,9911,chinese_landscape__148342,0.156,8
adain,9911,chinese_landscape__148342,0.1144,8
sanet,9911,chinese_landscape__148342,0.156,8
cast,9911,chinese_landscape__148342,0.1439,8
stytr2,9911,mural__img_1082crop_1_0,0.156,8
adain,9911,mural__img_1082crop_1_0,0.0866,8
sanet,9911,mural__img_1082crop_1_0,0.156,8
cast,9911,mural__img_1082crop_1_0,0.156,8
stytr2,9911,mural__img_1224crop_0_0,0.156,8
adain,9911,mural__img_1224crop_0_0,0.0727,8
sanet,9911,mural__img_1224crop_0_0,0.1282,8
cast,9911,mural__img_1224crop_0_0,0.156,8
stytr2,9911,mural__img_1224crop_1_1,0.156,8
adain,9911,mural__img_1224crop_1_1,0.0866,8
sanet,9911,mural__img_1224crop_1_1,0.1282,8
cast,9911,mural__img_1224crop_1_1,0.156,8
stytr2,9911,mural__img_16crop_0_0,0.156,8
adain,9911,mural__img_16crop_0_0,0.0,8
sanet,9911,mural__img_16crop_0_0,0.1282,8
cast,9911,mural__img_16crop_0_0,0.156,8
stytr2,9911,mural__img_276crop_1_0,0.156,8
adain,9911,mural__img_276crop_1_0,0.0,8
sanet,9911,mural__img_276crop_1_0,0.1144,8
cast,9911,mural__img_276crop_1_0,0.156,8
stytr2,9911,mural__img_326crop_1_1,0.156,8
adain,9911,mural__img_326crop_1_1,0.0,8
sanet,9911,mural__img_326crop_1_1,0.1144,8
cast,9911,mural__img_326crop_1_1,0.156,8
stytr2,9911,mural__img_327crop_0_1,0.156,8
adain,9911,mural__img_327crop_0_1,0.1005,8
sanet,9911,mural__img_327crop_0_1,0.156,8
cast,9911,mural__img_327crop_0_1,0.156,8
stytr2,9911,mural__img_536crop_1_0,0.156,8
adain,9911,mural__img_536crop_1_0,0.0883,8
sanet,9911,mural__img_536crop_1_0,0.1282,8
cast,9911,mural__img_536crop_1_0,0.156,8
stytr2,9911,mural__img_593crop_0_0,0.156,8
adain,9911,mural__img_593crop_0_0,0.0,8
sanet,9911,mural__img_593crop_0_0,0.156,8
cast,9911,mural__img_593crop_0_0,0.156,8
stytr2,9911,mural__img_739crop_1_1,0.156,8
adain,9911,mural__img_739crop_1_1,0.0324,8
sanet,9911,mural__img_739crop_1_1,0.1282,8
cast,9911,mural__img_739crop_1_1,0.156,8
stytr2,9911,western_painting__met_359775,0.156,8
adain,9911,western_painting__met_359775,0.0883,8
sanet,9911,western_painting__met_359775,0.156,8
cast,9911,western_painting__met_359775,0.1439,8
stytr2,9911,western_painting__met_383787,0.156,8
adain,9911,western_painting__met_383787,0.0727,8
sanet,9911,western_painting__met_383787,0.1282,8
cast,9911,western_painting__met_383787,0.156,8
stytr2,9911,western_painting__met_406721,0.156,8
adain,9911,western_painting__met_406721,0.0866,8
sanet,9911,western_painting__met_406721,0.156,8
cast,9911,western_painting__met_406721,0.156,8
stytr2,9911,western_painting__met_437769,0.1439,8
adain,9911,western_painting__met_437769,0.0,8
sanet,9911,western_painting__met_437769,0.156,8
cast,9911,western_painting__met_437769,0.156,8
stytr2,9911,western_painting__met_437967,0.156,8
adain,9911,western_painting__met_437967,0.0866,8
sanet,9911,western_painting__met_437967,0.1282,8
cast,9911,western_painting__met_437967,0.156,8
stytr2,9911,western_painting__met_439405,0.1439,8
adain,9911,western_painting__met_439405,0.0866,8
sanet,9911,western_painting__met_439405,0.0,8
cast,9911,western_painting__met_439405,0.156,8
stytr2,9911,western_painting__met_649693,0.1144,8
adain,9911,western_painting__met_649693,0.0,8
sanet,9911,western_painting__met_649693,0.1421,8
cast,9911,western_painting__met_649693,0.156,8
stytr2,9911,western_painting__met_739494,0.156,8
adain,9911,western_painting__met_739494,0.0,8
sanet,9911,western_painting__met_739494,0.1296,8
cast,9911,western_painting__met_739494,0.156,8
stytr2,9911,western_painting__met_787672,0.156,8
adain,9911,western_painting__met_787672,0.0588,8
sanet,9911,western_painting__met_787672,0.156,8
cast,9911,western_painting__met_787672,0.156,8
stytr2,9911,western_painting__met_788182,0.156,8
adain,9911,western_painting__met_788182,0.1005,8
sanet,9911,western_painting__met_788182,0.156,8
cast,9911,western_painting__met_788182,0.156,8
