pair_id,content_id,style_id,condition,alpha,lpips_content,csd_style_similarity
p000__s00,p000,s00,alpha_000,0.0,0.504936695098877,0.14887234568595886
p000__s01,p000,s01,alpha_000,0.0,0.504936695098877,0.004814233630895615
p000__s02,p000,s02,alpha_000,0.0,0.504936695098877,0.2762269973754883
p000__s03,p000,s03,alpha_000,0.0,0.504936695098877,0.20049230754375458
p000__s04,p000,s04,alpha_000,0.0,0.504936695098877,0.18490546941757202
p000__s05,p000,s05,alpha_000,0.0,0.504936695098877,0.057259220629930496
p000__s06,p000,s06,alpha_000,0.0,0.504936695098877,0.27205896377563477
p000__s07,p000,s07,alpha_000,0.0,0.504936695098877,0.12578587234020233
p000__s08,p000,s08,alpha_000,0.0,0.504936695098877,0.04524582624435425
p000__s09,p000,s09,alpha_000,0.0,0.504936695098877,0.18757671117782593
p001__s00,p001,s00,alpha_000,0.0,0.3476719260215759,0.07313479483127594
p001__s01,p001,s01,alpha_000,0.0,0.3476719260215759,-0.04799885302782059
p001__s02,p001,s02,alpha_000,0.0,0.3476719260215759,0.03321031853556633
p001__s03,p001,s03,alpha_000,0.0,0.3476719260215759,0.1242939829826355
p001__s04,p001,s04,alpha_000,0.0,0.3476719260215759,0.056691933423280716
p001__s05,p001,s05,alpha_000,0.0,0.3476719260215759,-0.0368976928293705
p001__s06,p001,s06,alpha_000,0.0,0.3476719260215759,0.16190381348133087
p001__s07,p001,s07,alpha_000,0.0,0.3476719260215759,-0.02807202935218811
p001__s08,p001,s08,alpha_000,0.0,0.3476719260215759,0.06429187953472137
p001__s09,p001,s09,alpha_000,0.0,0.3476719260215759,0.07069538533687592
p002__s00,p002,s00,alpha_000,0.0,0.46316075325012207,-0.04216582328081131
p002__s01,p002,s01,alpha_000,0.0,0.46316075325012207,0.05929240584373474
p002__s02,p002,s02,alpha_000,0.0,0.46316075325012207,0.1089242622256279
p002__s03,p002,s03,alpha_000,0.0,0.46316075325012207,0.15032023191452026
p002__s04,p002,s04,alpha_000,0.0,0.46316075325012207,0.0447554811835289
p002__s05,p002,s05,alpha_000,0.0,0.46316075325012207,-0.05099823698401451
p002__s06,p002,s06,alpha_000,0.0,0.46316075325012207,0.1494116336107254
p002__s07,p002,s07,alpha_000,0.0,0.46316075325012207,-0.0360042005777359
p002__s08,p002,s08,alpha_000,0.0,0.46316075325012207,0.019510379061102867
p002__s09,p002,s09,alpha_000,0.0,0.46316075325012207,0.04903750494122505
p003__s00,p003,s00,alpha_000,0.0,0.5741286873817444,0.009655285626649857
p003__s01,p003,s01,alpha_000,0.0,0.5741286873817444,0.029277633875608444
p003__s02,p003,s02,alpha_000,0.0,0.5741286873817444,0.05449501797556877
p003__s03,p003,s03,alpha_000,0.0,0.5741286873817444,0.005276325158774853
p003__s04,p003,s04,alpha_000,0.0,0.5741286873817444,-0.006811405532062054
p003__s05,p003,s05,alpha_000,0.0,0.5741286873817444,-0.030744101852178574
p003__s06,p003,s06,alpha_000,0.0,0.5741286873817444,0.08133950084447861
p003__s07,p003,s07,alpha_000,0.0,0.5741286873817444,0.008331101387739182
p003__s08,p003,s08,alpha_000,0.0,0.5741286873817444,0.08373106271028519
p003__s09,p003,s09,alpha_000,0.0,0.5741286873817444,0.22305363416671753
p004__s00,p004,s00,alpha_000,0.0,0.45924845337867737,0.010705174878239632
p004__s01,p004,s01,alpha_000,0.0,0.45924845337867737,-0.0003469977527856827
p004__s02,p004,s02,alpha_000,0.0,0.45924845337867737,0.07513000816106796
p004__s03,p004,s03,alpha_000,0.0,0.45924845337867737,0.013642210513353348
p004__s04,p004,s04,alpha_000,0.0,0.45924845337867737,-0.042375337332487106
p004__s05,p004,s05,alpha_000,0.0,0.45924845337867737,0.021623792126774788
p004__s06,p004,s06,alpha_000,0.0,0.45924845337867737,0.11190466582775116
p004__s07,p004,s07,alpha_000,0.0,0.45924845337867737,0.03849943354725838
p004__s08,p004,s08,alpha_000,0.0,0.45924845337867737,0.0781017541885376
p004__s09,p004,s09,alpha_000,0.0,0.45924845337867737,0.15344023704528809
p005__s00,p005,s00,alpha_000,0.0,0.4767727851867676,0.051108017563819885
p005__s01,p005,s01,alpha_000,0.0,0.4767727851867676,0.08338756859302521
p005__s02,p005,s02,alpha_000,0.0,0.4767727851867676,0.1251312494277954
p005__s03,p005,s03,alpha_000,0.0,0.4767727851867676,0.11227212846279144
p005__s04,p005,s04,alpha_000,0.0,0.4767727851867676,0.08118478953838348
p005__s05,p005,s05,alpha_000,0.0,0.4767727851867676,0.05812656879425049
p005__s06,p005,s06,alpha_000,0.0,0.4767727851867676,0.178192138671875
p005__s07,p005,s07,alpha_000,0.0,0.4767727851867676,0.005098357331007719
p005__s08,p005,s08,alpha_000,0.0,0.4767727851867676,0.12374500930309296
p005__s09,p005,s09,alpha_000,0.0,0.4767727851867676,0.2415987253189087
p006__s00,p006,s00,alpha_000,0.0,0.4205903708934784,0.08445896208286285
p006__s01,p006,s01,alpha_000,0.0,0.4205903708934784,0.09899631142616272
p006__s02,p006,s02,alpha_000,0.0,0.4205903708934784,0.06939972937107086
p006__s03,p006,s03,alpha_000,0.0,0.4205903708934784,0.12359973788261414
p006__s04,p006,s04,alpha_000,0.0,0.4205903708934784,0.020379401743412018
p006__s05,p006,s05,alpha_000,0.0,0.4205903708934784,0.022165238857269287
p006__s06,p006,s06,alpha_000,0.0,0.4205903708934784,0.15703439712524414
p006__s07,p006,s07,alpha_000,0.0,0.4205903708934784,0.06173824146389961
p006__s08,p006,s08,alpha_000,0.0,0.4205903708934784,-0.01918003521859646
p006__s09,p006,s09,alpha_000,0.0,0.4205903708934784,0.16669981181621552
p007__s00,p007,s00,alpha_000,0.0,0.6828362941741943,-0.003156786784529686
p007__s01,p007,s01,alpha_000,0.0,0.6828362941741943,0.18549871444702148
p007__s02,p007,s02,alpha_000,0.0,0.6828362941741943,0.13362546265125275
p007__s03,p007,s03,alpha_000,0.0,0.6828362941741943,0.07665850222110748
p007__s04,p007,s04,alpha_000,0.0,0.6828362941741943,0.03359680622816086
p007__s05,p007,s05,alpha_000,0.0,0.6828362941741943,0.028478536754846573
p007__s06,p007,s06,alpha_000,0.0,0.6828362941741943,0.17002756893634796
p007__s07,p007,s07,alpha_000,0.0,0.6828362941741943,0.11681931465864182
p007__s08,p007,s08,alpha_000,0.0,0.6828362941741943,0.02690122090280056
p007__s09,p007,s09,alpha_000,0.0,0.6828362941741943,0.16246607899665833
p008__s00,p008,s00,alpha_000,0.0,0.37362462282180786,0.048880767077207565
p008__s01,p008,s01,alpha_000,0.0,0.37362462282180786,0.1297380030155182
p008__s02,p008,s02,alpha_000,0.0,0.37362462282180786,0.12179560959339142
p008__s03,p008,s03,alpha_000,0.0,0.37362462282180786,0.10842852294445038
p008__s04,p008,s04,alpha_000,0.0,0.37362462282180786,0.014659084379673004
p008__s05,p008,s05,alpha_000,0.0,0.37362462282180786,0.06146252900362015
p008__s06,p008,s06,alpha_000,0.0,0.37362462282180786,0.18268276751041412
p008__s07,p008,s07,alpha_000,0.0,0.37362462282180786,0.029946371912956238
p008__s08,p008,s08,alpha_000,0.0,0.37362462282180786,0.0654228925704956
p008__s09,p008,s09,alpha_000,0.0,0.37362462282180786,0.14595291018486023
p009__s00,p009,s00,alpha_000,0.0,0.48379436135292053,0.17980504035949707
p009__s01,p009,s01,alpha_000,0.0,0.48379436135292053,-0.0008470723405480385
p009__s02,p009,s02,alpha_000,0.0,0.48379436135292053,0.12927530705928802
p009__s03,p009,s03,alpha_000,0.0,0.48379436135292053,0.1267024427652359
p009__s04,p009,s04,alpha_000,0.0,0.48379436135292053,0.06412675231695175
p009__s05,p009,s05,alpha_000,0.0,0.48379436135292053,0.03655858710408211
p009__s06,p009,s06,alpha_000,0.0,0.48379436135292053,0.15075789391994476
p009__s07,p009,s07,alpha_000,0.0,0.48379436135292053,0.0568862184882164
p009__s08,p009,s08,alpha_000,0.0,0.48379436135292053,-0.0012877588160336018
p009__s09,p009,s09,alpha_000,0.0,0.48379436135292053,0.19038836658000946
p010__s00,p010,s00,alpha_000,0.0,0.396019846200943,0.02378016710281372
p010__s01,p010,s01,alpha_000,0.0,0.396019846200943,-0.03218720853328705
p010__s02,p010,s02,alpha_000,0.0,0.396019846200943,0.07064393162727356
p010__s03,p010,s03,alpha_000,0.0,0.396019846200943,0.17831526696681976
p010__s04,p010,s04,alpha_000,0.0,0.396019846200943,0.048321932554244995
p010__s05,p010,s05,alpha_000,0.0,0.396019846200943,-0.032831523567438126
p010__s06,p010,s06,alpha_000,0.0,0.396019846200943,0.09561427682638168
p010__s07,p010,s07,alpha_000,0.0,0.396019846200943,0.025089945644140244
p010__s08,p010,s08,alpha_000,0.0,0.396019846200943,-0.013868225738406181
p010__s09,p010,s09,alpha_000,0.0,0.396019846200943,0.1208169013261795
p011__s00,p011,s00,alpha_000,0.0,0.3791944980621338,0.11181239783763885
p011__s01,p011,s01,alpha_000,0.0,0.3791944980621338,0.03781985118985176
p011__s02,p011,s02,alpha_000,0.0,0.3791944980621338,0.2691982388496399
p011__s03,p011,s03,alpha_000,0.0,0.3791944980621338,0.2191627025604248
p011__s04,p011,s04,alpha_000,0.0,0.3791944980621338,0.09738683700561523
p011__s05,p011,s05,alpha_000,0.0,0.3791944980621338,0.006578939035534859
p011__s06,p011,s06,alpha_000,0.0,0.3791944980621338,0.1852847784757614
p011__s07,p011,s07,alpha_000,0.0,0.3791944980621338,0.03229696676135063
p011__s08,p011,s08,alpha_000,0.0,0.3791944980621338,0.15034332871437073
p011__s09,p011,s09,alpha_000,0.0,0.3791944980621338,0.2689583897590637
p012__s00,p012,s00,alpha_000,0.0,0.4241843819618225,0.025210294872522354
p012__s01,p012,s01,alpha_000,0.0,0.4241843819618225,0.07705280184745789
p012__s02,p012,s02,alpha_000,0.0,0.4241843819618225,0.07602505385875702
p012__s03,p012,s03,alpha_000,0.0,0.4241843819618225,0.06638132035732269
p012__s04,p012,s04,alpha_000,0.0,0.4241843819618225,0.10606160759925842
p012__s05,p012,s05,alpha_000,0.0,0.4241843819618225,-0.04521302133798599
p012__s06,p012,s06,alpha_000,0.0,0.4241843819618225,0.25070518255233765
p012__s07,p012,s07,alpha_000,0.0,0.4241843819618225,0.04456521198153496
p012__s08,p012,s08,alpha_000,0.0,0.4241843819618225,0.08483660966157913
p012__s09,p012,s09,alpha_000,0.0,0.4241843819618225,0.1911565363407135
p013__s00,p013,s00,alpha_000,0.0,0.4651711583137512,-0.01716078445315361
p013__s01,p013,s01,alpha_000,0.0,0.4651711583137512,0.09276524931192398
p013__s02,p013,s02,alpha_000,0.0,0.4651711583137512,0.060959890484809875
p013__s03,p013,s03,alpha_000,0.0,0.4651711583137512,0.055911093950271606
p013__s04,p013,s04,alpha_000,0.0,0.4651711583137512,0.005693413317203522
p013__s05,p013,s05,alpha_000,0.0,0.4651711583137512,-0.035577017813920975
p013__s06,p013,s06,alpha_000,0.0,0.4651711583137512,0.140671506524086
p013__s07,p013,s07,alpha_000,0.0,0.4651711583137512,0.00635903887450695
p013__s08,p013,s08,alpha_000,0.0,0.4651711583137512,0.04182876646518707
p013__s09,p013,s09,alpha_000,0.0,0.4651711583137512,0.2020062804222107
p014__s00,p014,s00,alpha_000,0.0,0.5205882787704468,0.05692877247929573
p014__s01,p014,s01,alpha_000,0.0,0.5205882787704468,0.086142897605896
p014__s02,p014,s02,alpha_000,0.0,0.5205882787704468,0.026633871719241142
p014__s03,p014,s03,alpha_000,0.0,0.5205882787704468,0.03674984723329544
p014__s04,p014,s04,alpha_000,0.0,0.5205882787704468,0.023660708218812943
p014__s05,p014,s05,alpha_000,0.0,0.5205882787704468,-0.00929590780287981
p014__s06,p014,s06,alpha_000,0.0,0.5205882787704468,0.1750250607728958
p014__s07,p014,s07,alpha_000,0.0,0.5205882787704468,-0.013847456313669682
p014__s08,p014,s08,alpha_000,0.0,0.5205882787704468,-0.038688257336616516
p014__s09,p014,s09,alpha_000,0.0,0.5205882787704468,0.19110119342803955
p015__s00,p015,s00,alpha_000,0.0,0.43999356031417847,0.1086815744638443
p015__s01,p015,s01,alpha_000,0.0,0.43999356031417847,0.1535310000181198
p015__s02,p015,s02,alpha_000,0.0,0.43999356031417847,0.1592053323984146
p015__s03,p015,s03,alpha_000,0.0,0.43999356031417847,0.07742024213075638
p015__s04,p015,s04,alpha_000,0.0,0.43999356031417847,0.03636790066957474
p015__s05,p015,s05,alpha_000,0.0,0.43999356031417847,0.020646730437874794
p015__s06,p015,s06,alpha_000,0.0,0.43999356031417847,0.1684679239988327
p015__s07,p015,s07,alpha_000,0.0,0.43999356031417847,0.09034614264965057
p015__s08,p015,s08,alpha_000,0.0,0.43999356031417847,0.03611171245574951
p015__s09,p015,s09,alpha_000,0.0,0.43999356031417847,0.2137743979692459
p016__s00,p016,s00,alpha_000,0.0,0.5820591449737549,0.048269934952259064
p016__s01,p016,s01,alpha_000,0.0,0.5820591449737549,0.10407984256744385
p016__s02,p016,s02,alpha_000,0.0,0.5820591449737549,0.11118526756763458
p016__s03,p016,s03,alpha_000,0.0,0.5820591449737549,0.05160515010356903
p016__s04,p016,s04,alpha_000,0.0,0.5820591449737549,0.09161341190338135
p016__s05,p016,s05,alpha_000,0.0,0.5820591449737549,-0.04881252720952034
p016__s06,p016,s06,alpha_000,0.0,0.5820591449737549,0.17295010387897491
p016__s07,p016,s07,alpha_000,0.0,0.5820591449737549,0.0665738582611084
p016__s08,p016,s08,alpha_000,0.0,0.5820591449737549,0.020618818700313568
p016__s09,p016,s09,alpha_000,0.0,0.5820591449737549,0.16747768223285675
p017__s00,p017,s00,alpha_000,0.0,0.61262047290802,0.1552564799785614
p017__s01,p017,s01,alpha_000,0.0,0.61262047290802,0.13379886746406555
p017__s02,p017,s02,alpha_000,0.0,0.61262047290802,0.1504160314798355
p017__s03,p017,s03,alpha_000,0.0,0.61262047290802,0.11537710577249527
p017__s04,p017,s04,alpha_000,0.0,0.61262047290802,-0.024245865643024445
p017__s05,p017,s05,alpha_000,0.0,0.61262047290802,0.09988631308078766
p017__s06,p017,s06,alpha_000,0.0,0.61262047290802,0.16611528396606445
p017__s07,p017,s07,alpha_000,0.0,0.61262047290802,0.12503352761268616
p017__s08,p017,s08,alpha_000,0.0,0.61262047290802,0.06439215689897537
p017__s09,p017,s09,alpha_000,0.0,0.61262047290802,0.17134150862693787
p018__s00,p018,s00,alpha_000,0.0,0.43644559383392334,0.012541607953608036
p018__s01,p018,s01,alpha_000,0.0,0.43644559383392334,0.10351085662841797
p018__s02,p018,s02,alpha_000,0.0,0.43644559383392334,0.12076614052057266
p018__s03,p018,s03,alpha_000,0.0,0.43644559383392334,0.10102375596761703
p018__s04,p018,s04,alpha_000,0.0,0.43644559383392334,0.11609437316656113
p018__s05,p018,s05,alpha_000,0.0,0.43644559383392334,0.0035580918192863464
p018__s06,p018,s06,alpha_000,0.0,0.43644559383392334,0.22837921977043152
p018__s07,p018,s07,alpha_000,0.0,0.43644559383392334,0.024880006909370422
p018__s08,p018,s08,alpha_000,0.0,0.43644559383392334,0.06370489299297333
p018__s09,p018,s09,alpha_000,0.0,0.43644559383392334,0.16016530990600586
p019__s00,p019,s00,alpha_000,0.0,0.42820316553115845,-0.011032741516828537
p019__s01,p019,s01,alpha_000,0.0,0.42820316553115845,0.16275636851787567
p019__s02,p019,s02,alpha_000,0.0,0.42820316553115845,0.0998893454670906
p019__s03,p019,s03,alpha_000,0.0,0.42820316553115845,0.15336501598358154
p019__s04,p019,s04,alpha_000,0.0,0.42820316553115845,-0.012673571705818176
p019__s05,p019,s05,alpha_000,0.0,0.42820316553115845,-0.0319119468331337
p019__s06,p019,s06,alpha_000,0.0,0.42820316553115845,0.1952400654554367
p019__s07,p019,s07,alpha_000,0.0,0.42820316553115845,0.026330886408686638
p019__s08,p019,s08,alpha_000,0.0,0.42820316553115845,-0.0026988154277205467
p019__s09,p019,s09,alpha_000,0.0,0.42820316553115845,0.11956722289323807
p020__s00,p020,s00,alpha_000,0.0,0.4585527777671814,0.008079363033175468
p020__s01,p020,s01,alpha_000,0.0,0.4585527777671814,-0.10761766880750656
p020__s02,p020,s02,alpha_000,0.0,0.4585527777671814,-0.01286955364048481
p020__s03,p020,s03,alpha_000,0.0,0.4585527777671814,0.11184023320674896
p020__s04,p020,s04,alpha_000,0.0,0.4585527777671814,-0.01101526990532875
p020__s05,p020,s05,alpha_000,0.0,0.4585527777671814,-0.07212196290493011
p020__s06,p020,s06,alpha_000,0.0,0.4585527777671814,0.06606544554233551
p020__s07,p020,s07,alpha_000,0.0,0.4585527777671814,-0.020321689546108246
p020__s08,p020,s08,alpha_000,0.0,0.4585527777671814,0.08118362724781036
p020__s09,p020,s09,alpha_000,0.0,0.4585527777671814,0.049070801585912704
p021__s00,p021,s00,alpha_000,0.0,0.4823189973831177,0.053226735442876816
p021__s01,p021,s01,alpha_000,0.0,0.4823189973831177,0.17100995779037476
p021__s02,p021,s02,alpha_000,0.0,0.4823189973831177,0.15993741154670715
p021__s03,p021,s03,alpha_000,0.0,0.4823189973831177,0.0745651051402092
p021__s04,p021,s04,alpha_000,0.0,0.4823189973831177,0.10546176135540009
p021__s05,p021,s05,alpha_000,0.0,0.4823189973831177,0.019316453486680984
p021__s06,p021,s06,alpha_000,0.0,0.4823189973831177,0.28104934096336365
p021__s07,p021,s07,alpha_000,0.0,0.4823189973831177,0.057676754891872406
p021__s08,p021,s08,alpha_000,0.0,0.4823189973831177,0.01578943058848381
p021__s09,p021,s09,alpha_000,0.0,0.4823189973831177,0.16308677196502686
p022__s00,p022,s00,alpha_000,0.0,0.4402526617050171,-0.007971451617777348
p022__s01,p022,s01,alpha_000,0.0,0.4402526617050171,0.16367614269256592
p022__s02,p022,s02,alpha_000,0.0,0.4402526617050171,0.11314813047647476
p022__s03,p022,s03,alpha_000,0.0,0.4402526617050171,0.12334941327571869
p022__s04,p022,s04,alpha_000,0.0,0.4402526617050171,0.153680682182312
p022__s05,p022,s05,alpha_000,0.0,0.4402526617050171,-0.08065247535705566
p022__s06,p022,s06,alpha_000,0.0,0.4402526617050171,0.2235862910747528
p022__s07,p022,s07,alpha_000,0.0,0.4402526617050171,-0.02616293355822563
p022__s08,p022,s08,alpha_000,0.0,0.4402526617050171,0.014174694195389748
p022__s09,p022,s09,alpha_000,0.0,0.4402526617050171,0.18097110092639923
p023__s00,p023,s00,alpha_000,0.0,0.4775070250034332,0.07759617269039154
p023__s01,p023,s01,alpha_000,0.0,0.4775070250034332,0.07782682031393051
p023__s02,p023,s02,alpha_000,0.0,0.4775070250034332,0.08004088699817657
p023__s03,p023,s03,alpha_000,0.0,0.4775070250034332,0.0982949361205101
p023__s04,p023,s04,alpha_000,0.0,0.4775070250034332,-0.01315658912062645
p023__s05,p023,s05,alpha_000,0.0,0.4775070250034332,0.11858608573675156
p023__s06,p023,s06,alpha_000,0.0,0.4775070250034332,0.021974390372633934
p023__s07,p023,s07,alpha_000,0.0,0.4775070250034332,0.06126251444220543
p023__s08,p023,s08,alpha_000,0.0,0.4775070250034332,0.08634888380765915
p023__s09,p023,s09,alpha_000,0.0,0.4775070250034332,0.2085190713405609
p024__s00,p024,s00,alpha_000,0.0,0.5109323263168335,0.14321589469909668
p024__s01,p024,s01,alpha_000,0.0,0.5109323263168335,0.1594984233379364
p024__s02,p024,s02,alpha_000,0.0,0.5109323263168335,0.2630523145198822
p024__s03,p024,s03,alpha_000,0.0,0.5109323263168335,0.17426010966300964
p024__s04,p024,s04,alpha_000,0.0,0.5109323263168335,0.08818334341049194
p024__s05,p024,s05,alpha_000,0.0,0.5109323263168335,0.09298156201839447
p024__s06,p024,s06,alpha_000,0.0,0.5109323263168335,0.23670563101768494
p024__s07,p024,s07,alpha_000,0.0,0.5109323263168335,0.14197668433189392
p024__s08,p024,s08,alpha_000,0.0,0.5109323263168335,0.05424173176288605
p024__s09,p024,s09,alpha_000,0.0,0.5109323263168335,0.21762590110301971
p025__s00,p025,s00,alpha_000,0.0,0.3792792856693268,0.0615253709256649
p025__s01,p025,s01,alpha_000,0.0,0.3792792856693268,0.1421453356742859
p025__s02,p025,s02,alpha_000,0.0,0.3792792856693268,0.086760513484478
p025__s03,p025,s03,alpha_000,0.0,0.3792792856693268,0.056384921073913574
p025__s04,p025,s04,alpha_000,0.0,0.3792792856693268,0.01928000897169113
p025__s05,p025,s05,alpha_000,0.0,0.3792792856693268,-0.011522090062499046
p025__s06,p025,s06,alpha_000,0.0,0.3792792856693268,0.07921959459781647
p025__s07,p025,s07,alpha_000,0.0,0.3792792856693268,0.023421840742230415
p025__s08,p025,s08,alpha_000,0.0,0.3792792856693268,-0.006976798176765442
p025__s09,p025,s09,alpha_000,0.0,0.3792792856693268,0.18360403180122375
p026__s00,p026,s00,alpha_000,0.0,0.4250415563583374,0.03485429286956787
p026__s01,p026,s01,alpha_000,0.0,0.4250415563583374,0.05453454703092575
p026__s02,p026,s02,alpha_000,0.0,0.4250415563583374,0.02679292857646942
p026__s03,p026,s03,alpha_000,0.0,0.4250415563583374,0.09417107701301575
p026__s04,p026,s04,alpha_000,0.0,0.4250415563583374,0.03679937869310379
p026__s05,p026,s05,alpha_000,0.0,0.4250415563583374,-0.030781757086515427
p026__s06,p026,s06,alpha_000,0.0,0.4250415563583374,0.09864012897014618
p026__s07,p026,s07,alpha_000,0.0,0.4250415563583374,-0.05046508461236954
p026__s08,p026,s08,alpha_000,0.0,0.4250415563583374,0.11186609417200089
p026__s09,p026,s09,alpha_000,0.0,0.4250415563583374,0.11437936127185822
p027__s00,p027,s00,alpha_000,0.0,0.5294073224067688,0.13083848357200623
p027__s01,p027,s01,alpha_000,0.0,0.5294073224067688,0.025447653606534004
p027__s02,p027,s02,alpha_000,0.0,0.5294073224067688,0.061886128038167953
p027__s03,p027,s03,alpha_000,0.0,0.5294073224067688,0.12629936635494232
p027__s04,p027,s04,alpha_000,0.0,0.5294073224067688,0.016732387244701385
p027__s05,p027,s05,alpha_000,0.0,0.5294073224067688,0.0763254314661026
p027__s06,p027,s06,alpha_000,0.0,0.5294073224067688,0.07708868384361267
p027__s07,p027,s07,alpha_000,0.0,0.5294073224067688,0.04968179389834404
p027__s08,p027,s08,alpha_000,0.0,0.5294073224067688,0.0714346244931221
p027__s09,p027,s09,alpha_000,0.0,0.5294073224067688,0.2510952949523926
p028__s00,p028,s00,alpha_000,0.0,0.43767374753952026,0.02412314899265766
p028__s01,p028,s01,alpha_000,0.0,0.43767374753952026,0.1437864601612091
p028__s02,p028,s02,alpha_000,0.0,0.43767374753952026,0.0628446489572525
p028__s03,p028,s03,alpha_000,0.0,0.43767374753952026,0.06252864003181458
p028__s04,p028,s04,alpha_000,0.0,0.43767374753952026,0.0013436209410429
p028__s05,p028,s05,alpha_000,0.0,0.43767374753952026,-0.02661966346204281
p028__s06,p028,s06,alpha_000,0.0,0.43767374753952026,0.10992096364498138
p028__s07,p028,s07,alpha_000,0.0,0.43767374753952026,0.04929003491997719
p028__s08,p028,s08,alpha_000,0.0,0.43767374753952026,0.06818768382072449
p028__s09,p028,s09,alpha_000,0.0,0.43767374753952026,0.16352075338363647
p029__s00,p029,s00,alpha_000,0.0,0.4473749101161957,-0.01983596570789814
p029__s01,p029,s01,alpha_000,0.0,0.4473749101161957,0.12023283541202545
p029__s02,p029,s02,alpha_000,0.0,0.4473749101161957,0.0723629742860794
p029__s03,p029,s03,alpha_000,0.0,0.4473749101161957,0.07462161779403687
p029__s04,p029,s04,alpha_000,0.0,0.4473749101161957,0.062433816492557526
p029__s05,p029,s05,alpha_000,0.0,0.4473749101161957,-0.05564900487661362
p029__s06,p029,s06,alpha_000,0.0,0.4473749101161957,0.21303564310073853
p029__s07,p029,s07,alpha_000,0.0,0.4473749101161957,-0.018871355801820755
p029__s08,p029,s08,alpha_000,0.0,0.4473749101161957,0.0006823241710662842
p029__s09,p029,s09,alpha_000,0.0,0.4473749101161957,0.17445702850818634
p030__s00,p030,s00,alpha_000,0.0,0.39154091477394104,0.15687456727027893
p030__s01,p030,s01,alpha_000,0.0,0.39154091477394104,-0.03419936075806618
p030__s02,p030,s02,alpha_000,0.0,0.39154091477394104,0.14240574836730957
p030__s03,p030,s03,alpha_000,0.0,0.39154091477394104,0.10684801638126373
p030__s04,p030,s04,alpha_000,0.0,0.39154091477394104,0.18538451194763184
p030__s05,p030,s05,alpha_000,0.0,0.39154091477394104,-0.029655272141098976
p030__s06,p030,s06,alpha_000,0.0,0.39154091477394104,0.2453812062740326
p030__s07,p030,s07,alpha_000,0.0,0.39154091477394104,0.06457182765007019
p030__s08,p030,s08,alpha_000,0.0,0.39154091477394104,0.06988534331321716
p030__s09,p030,s09,alpha_000,0.0,0.39154091477394104,0.24926327168941498
p031__s00,p031,s00,alpha_000,0.0,0.5336885452270508,0.11835639178752899
p031__s01,p031,s01,alpha_000,0.0,0.5336885452270508,0.04125446826219559
p031__s02,p031,s02,alpha_000,0.0,0.5336885452270508,0.06643501669168472
p031__s03,p031,s03,alpha_000,0.0,0.5336885452270508,0.09104073792695999
p031__s04,p031,s04,alpha_000,0.0,0.5336885452270508,-0.0323767364025116
p031__s05,p031,s05,alpha_000,0.0,0.5336885452270508,0.11833315342664719
p031__s06,p031,s06,alpha_000,0.0,0.5336885452270508,0.08347589522600174
p031__s07,p031,s07,alpha_000,0.0,0.5336885452270508,0.07754361629486084
p031__s08,p031,s08,alpha_000,0.0,0.5336885452270508,0.016025034710764885
p031__s09,p031,s09,alpha_000,0.0,0.5336885452270508,0.18798671662807465
p032__s00,p032,s00,alpha_000,0.0,0.5078989863395691,-0.03353350609540939
p032__s01,p032,s01,alpha_000,0.0,0.5078989863395691,0.11781714856624603
p032__s02,p032,s02,alpha_000,0.0,0.5078989863395691,0.04253816232085228
p032__s03,p032,s03,alpha_000,0.0,0.5078989863395691,0.02856937050819397
p032__s04,p032,s04,alpha_000,0.0,0.5078989863395691,0.009311908856034279
p032__s05,p032,s05,alpha_000,0.0,0.5078989863395691,-0.13982358574867249
p032__s06,p032,s06,alpha_000,0.0,0.5078989863395691,0.08827131986618042
p032__s07,p032,s07,alpha_000,0.0,0.5078989863395691,-0.07779940217733383
p032__s08,p032,s08,alpha_000,0.0,0.5078989863395691,-0.05720113590359688
p032__s09,p032,s09,alpha_000,0.0,0.5078989863395691,0.09240665286779404
p033__s00,p033,s00,alpha_000,0.0,0.5111178755760193,0.05345028266310692
p033__s01,p033,s01,alpha_000,0.0,0.5111178755760193,-0.017065923660993576
p033__s02,p033,s02,alpha_000,0.0,0.5111178755760193,0.057716939598321915
p033__s03,p033,s03,alpha_000,0.0,0.5111178755760193,0.039501890540122986
p033__s04,p033,s04,alpha_000,0.0,0.5111178755760193,-0.1347297728061676
p033__s05,p033,s05,alpha_000,0.0,0.5111178755760193,-0.02150328829884529
p033__s06,p033,s06,alpha_000,0.0,0.5111178755760193,0.05250130593776703
p033__s07,p033,s07,alpha_000,0.0,0.5111178755760193,-0.00507524237036705
p033__s08,p033,s08,alpha_000,0.0,0.5111178755760193,0.06829532980918884
p033__s09,p033,s09,alpha_000,0.0,0.5111178755760193,0.19492168724536896
p034__s00,p034,s00,alpha_000,0.0,0.37255534529685974,0.11371636390686035
p034__s01,p034,s01,alpha_000,0.0,0.37255534529685974,0.007410046644508839
p034__s02,p034,s02,alpha_000,0.0,0.37255534529685974,0.062345243990421295
p034__s03,p034,s03,alpha_000,0.0,0.37255534529685974,0.12900754809379578
p034__s04,p034,s04,alpha_000,0.0,0.37255534529685974,0.06113283336162567
p034__s05,p034,s05,alpha_000,0.0,0.37255534529685974,0.04464327543973923
p034__s06,p034,s06,alpha_000,0.0,0.37255534529685974,0.07276298105716705
p034__s07,p034,s07,alpha_000,0.0,0.37255534529685974,0.058711081743240356
p034__s08,p034,s08,alpha_000,0.0,0.37255534529685974,0.0219692625105381
p034__s09,p034,s09,alpha_000,0.0,0.37255534529685974,0.2434139996767044
p035__s00,p035,s00,alpha_000,0.0,0.5402070879936218,0.0023852456361055374
p035__s01,p035,s01,alpha_000,0.0,0.5402070879936218,0.0024054646492004395
p035__s02,p035,s02,alpha_000,0.0,0.5402070879936218,0.02968805469572544
p035__s03,p035,s03,alpha_000,0.0,0.5402070879936218,0.11051024496555328
p035__s04,p035,s04,alpha_000,0.0,0.5402070879936218,0.14266793429851532
p035__s05,p035,s05,alpha_000,0.0,0.5402070879936218,0.0540674552321434
p035__s06,p035,s06,alpha_000,0.0,0.5402070879936218,0.11947154998779297
p035__s07,p035,s07,alpha_000,0.0,0.5402070879936218,0.04292472079396248
p035__s08,p035,s08,alpha_000,0.0,0.5402070879936218,0.05914401262998581
p035__s09,p035,s09,alpha_000,0.0,0.5402070879936218,0.10648437589406967
p036__s00,p036,s00,alpha_000,0.0,0.3476247787475586,-0.004854999482631683
p036__s01,p036,s01,alpha_000,0.0,0.3476247787475586,0.08339884132146835
p036__s02,p036,s02,alpha_000,0.0,0.3476247787475586,0.03895694017410278
p036__s03,p036,s03,alpha_000,0.0,0.3476247787475586,0.10164710879325867
p036__s04,p036,s04,alpha_000,0.0,0.3476247787475586,0.04919290915131569
p036__s05,p036,s05,alpha_000,0.0,0.3476247787475586,-0.0167287178337574
p036__s06,p036,s06,alpha_000,0.0,0.3476247787475586,0.08298991620540619
p036__s07,p036,s07,alpha_000,0.0,0.3476247787475586,0.025501389056444168
p036__s08,p036,s08,alpha_000,0.0,0.3476247787475586,-0.02488526701927185
p036__s09,p036,s09,alpha_000,0.0,0.3476247787475586,0.13763412833213806
p037__s00,p037,s00,alpha_000,0.0,0.41568297147750854,-0.02799438126385212
p037__s01,p037,s01,alpha_000,0.0,0.41568297147750854,0.0612332783639431
p037__s02,p037,s02,alpha_000,0.0,0.41568297147750854,0.18026801943778992
p037__s03,p037,s03,alpha_000,0.0,0.41568297147750854,0.015047872439026833
p037__s04,p037,s04,alpha_000,0.0,0.41568297147750854,0.02091328240931034
p037__s05,p037,s05,alpha_000,0.0,0.41568297147750854,-0.06134769320487976
p037__s06,p037,s06,alpha_000,0.0,0.41568297147750854,0.23188655078411102
p037__s07,p037,s07,alpha_000,0.0,0.41568297147750854,-0.029869578778743744
p037__s08,p037,s08,alpha_000,0.0,0.41568297147750854,0.12356540560722351
p037__s09,p037,s09,alpha_000,0.0,0.41568297147750854,0.18552613258361816
p038__s00,p038,s00,alpha_000,0.0,0.5195242762565613,0.017725283280014992
p038__s01,p038,s01,alpha_000,0.0,0.5195242762565613,0.06215719133615494
p038__s02,p038,s02,alpha_000,0.0,0.5195242762565613,0.16316071152687073
p038__s03,p038,s03,alpha_000,0.0,0.5195242762565613,0.19190926849842072
p038__s04,p038,s04,alpha_000,0.0,0.5195242762565613,0.008747102692723274
p038__s05,p038,s05,alpha_000,0.0,0.5195242762565613,0.05563616752624512
p038__s06,p038,s06,alpha_000,0.0,0.5195242762565613,0.26098334789276123
p038__s07,p038,s07,alpha_000,0.0,0.5195242762565613,0.0442693866789341
p038__s08,p038,s08,alpha_000,0.0,0.5195242762565613,0.13986161351203918
p038__s09,p038,s09,alpha_000,0.0,0.5195242762565613,0.16003216803073883
p039__s00,p039,s00,alpha_000,0.0,0.5451052188873291,0.0005482500419020653
p039__s01,p039,s01,alpha_000,0.0,0.5451052188873291,0.03557468205690384
p039__s02,p039,s02,alpha_000,0.0,0.5451052188873291,0.014678087085485458
p039__s03,p039,s03,alpha_000,0.0,0.5451052188873291,0.01022658497095108
p039__s04,p039,s04,alpha_000,0.0,0.5451052188873291,-0.019987791776657104
p039__s05,p039,s05,alpha_000,0.0,0.5451052188873291,0.027803145349025726
p039__s06,p039,s06,alpha_000,0.0,0.5451052188873291,0.024241097271442413
p039__s07,p039,s07,alpha_000,0.0,0.5451052188873291,0.00984774250537157
p039__s08,p039,s08,alpha_000,0.0,0.5451052188873291,0.09205219149589539
p039__s09,p039,s09,alpha_000,0.0,0.5451052188873291,0.2596287727355957
p040__s00,p040,s00,alpha_000,0.0,0.4496021270751953,0.12368059158325195
p040__s01,p040,s01,alpha_000,0.0,0.4496021270751953,0.02318410761654377
p040__s02,p040,s02,alpha_000,0.0,0.4496021270751953,0.17687036097049713
p040__s03,p040,s03,alpha_000,0.0,0.4496021270751953,0.14009718596935272
p040__s04,p040,s04,alpha_000,0.0,0.4496021270751953,0.10555781424045563
p040__s05,p040,s05,alpha_000,0.0,0.4496021270751953,0.036763355135917664
p040__s06,p040,s06,alpha_000,0.0,0.4496021270751953,0.22865529358386993
p040__s07,p040,s07,alpha_000,0.0,0.4496021270751953,0.10860572755336761
p040__s08,p040,s08,alpha_000,0.0,0.4496021270751953,0.19063135981559753
p040__s09,p040,s09,alpha_000,0.0,0.4496021270751953,0.2412574142217636
p041__s00,p041,s00,alpha_000,0.0,0.45965638756752014,0.12281177937984467
p041__s01,p041,s01,alpha_000,0.0,0.45965638756752014,0.04791839420795441
p041__s02,p041,s02,alpha_000,0.0,0.45965638756752014,0.04024013504385948
p041__s03,p041,s03,alpha_000,0.0,0.45965638756752014,0.018668772652745247
p041__s04,p041,s04,alpha_000,0.0,0.45965638756752014,0.012625083327293396
p041__s05,p041,s05,alpha_000,0.0,0.45965638756752014,0.012421167455613613
p041__s06,p041,s06,alpha_000,0.0,0.45965638756752014,0.025491472333669662
p041__s07,p041,s07,alpha_000,0.0,0.45965638756752014,0.15422207117080688
p041__s08,p041,s08,alpha_000,0.0,0.45965638756752014,0.0017677638679742813
p041__s09,p041,s09,alpha_000,0.0,0.45965638756752014,0.13678181171417236
p042__s00,p042,s00,alpha_000,0.0,0.369255393743515,0.05034935101866722
p042__s01,p042,s01,alpha_000,0.0,0.369255393743515,0.1494070291519165
p042__s02,p042,s02,alpha_000,0.0,0.369255393743515,0.2140396237373352
p042__s03,p042,s03,alpha_000,0.0,0.369255393743515,0.16330358386039734
p042__s04,p042,s04,alpha_000,0.0,0.369255393743515,-0.029283644631505013
p042__s05,p042,s05,alpha_000,0.0,0.369255393743515,0.05192631483078003
p042__s06,p042,s06,alpha_000,0.0,0.369255393743515,0.22533774375915527
p042__s07,p042,s07,alpha_000,0.0,0.369255393743515,0.05124446004629135
p042__s08,p042,s08,alpha_000,0.0,0.369255393743515,0.016486557200551033
p042__s09,p042,s09,alpha_000,0.0,0.369255393743515,0.16018429398536682
p043__s00,p043,s00,alpha_000,0.0,0.4200557470321655,0.11725202947854996
p043__s01,p043,s01,alpha_000,0.0,0.4200557470321655,0.05121319741010666
p043__s02,p043,s02,alpha_000,0.0,0.4200557470321655,0.16077789664268494
p043__s03,p043,s03,alpha_000,0.0,0.4200557470321655,0.2251407504081726
p043__s04,p043,s04,alpha_000,0.0,0.4200557470321655,0.024174004793167114
p043__s05,p043,s05,alpha_000,0.0,0.4200557470321655,0.058679595589637756
p043__s06,p043,s06,alpha_000,0.0,0.4200557470321655,0.18111583590507507
p043__s07,p043,s07,alpha_000,0.0,0.4200557470321655,0.0539991557598114
p043__s08,p043,s08,alpha_000,0.0,0.4200557470321655,0.03610239177942276
p043__s09,p043,s09,alpha_000,0.0,0.4200557470321655,0.21754884719848633
p044__s00,p044,s00,alpha_000,0.0,0.54655522108078,0.022580452263355255
p044__s01,p044,s01,alpha_000,0.0,0.54655522108078,0.09530149400234222
p044__s02,p044,s02,alpha_000,0.0,0.54655522108078,0.12025883793830872
p044__s03,p044,s03,alpha_000,0.0,0.54655522108078,0.13956323266029358
p044__s04,p044,s04,alpha_000,0.0,0.54655522108078,0.012245994061231613
p044__s05,p044,s05,alpha_000,0.0,0.54655522108078,-0.005500403232872486
p044__s06,p044,s06,alpha_000,0.0,0.54655522108078,0.2210347205400467
p044__s07,p044,s07,alpha_000,0.0,0.54655522108078,0.04272038862109184
p044__s08,p044,s08,alpha_000,0.0,0.54655522108078,0.059408217668533325
p044__s09,p044,s09,alpha_000,0.0,0.54655522108078,0.21273282170295715
p045__s00,p045,s00,alpha_000,0.0,0.4106404781341553,0.07618038356304169
p045__s01,p045,s01,alpha_000,0.0,0.4106404781341553,0.11319436877965927
p045__s02,p045,s02,alpha_000,0.0,0.4106404781341553,0.06710480153560638
p045__s03,p045,s03,alpha_000,0.0,0.4106404781341553,0.08553533256053925
p045__s04,p045,s04,alpha_000,0.0,0.4106404781341553,0.05676855519413948
p045__s05,p045,s05,alpha_000,0.0,0.4106404781341553,0.016649501398205757
p045__s06,p045,s06,alpha_000,0.0,0.4106404781341553,0.08631442487239838
p045__s07,p045,s07,alpha_000,0.0,0.4106404781341553,0.07024616748094559
p045__s08,p045,s08,alpha_000,0.0,0.4106404781341553,0.06125979498028755
p045__s09,p045,s09,alpha_000,0.0,0.4106404781341553,0.18512225151062012
p046__s00,p046,s00,alpha_000,0.0,0.5482507944107056,-0.030527537688612938
p046__s01,p046,s01,alpha_000,0.0,0.5482507944107056,0.05036746710538864
p046__s02,p046,s02,alpha_000,0.0,0.5482507944107056,0.015006347559392452
p046__s03,p046,s03,alpha_000,0.0,0.5482507944107056,0.020469553768634796
p046__s04,p046,s04,alpha_000,0.0,0.5482507944107056,-0.02516714297235012
p046__s05,p046,s05,alpha_000,0.0,0.5482507944107056,-0.03629012033343315
p046__s06,p046,s06,alpha_000,0.0,0.5482507944107056,0.1331983506679535
p046__s07,p046,s07,alpha_000,0.0,0.5482507944107056,0.02278723195195198
p046__s08,p046,s08,alpha_000,0.0,0.5482507944107056,0.04759496450424194
p046__s09,p046,s09,alpha_000,0.0,0.5482507944107056,0.15985535085201263
p047__s00,p047,s00,alpha_000,0.0,0.6468441486358643,0.1998893767595291
p047__s01,p047,s01,alpha_000,0.0,0.6468441486358643,0.1843091994524002
p047__s02,p047,s02,alpha_000,0.0,0.6468441486358643,0.2829935550689697
p047__s03,p047,s03,alpha_000,0.0,0.6468441486358643,0.25566792488098145
p047__s04,p047,s04,alpha_000,0.0,0.6468441486358643,0.08659743517637253
p047__s05,p047,s05,alpha_000,0.0,0.6468441486358643,0.21330150961875916
p047__s06,p047,s06,alpha_000,0.0,0.6468441486358643,0.179810032248497
p047__s07,p047,s07,alpha_000,0.0,0.6468441486358643,0.12665188312530518
p047__s08,p047,s08,alpha_000,0.0,0.6468441486358643,0.04516472667455673
p047__s09,p047,s09,alpha_000,0.0,0.6468441486358643,0.2335207462310791
p048__s00,p048,s00,alpha_000,0.0,0.565045952796936,0.09980951249599457
p048__s01,p048,s01,alpha_000,0.0,0.565045952796936,0.1306753158569336
p048__s02,p048,s02,alpha_000,0.0,0.565045952796936,0.166386216878891
p048__s03,p048,s03,alpha_000,0.0,0.565045952796936,0.12431898713111877
p048__s04,p048,s04,alpha_000,0.0,0.565045952796936,0.014692267403006554
p048__s05,p048,s05,alpha_000,0.0,0.565045952796936,0.023687001317739487
p048__s06,p048,s06,alpha_000,0.0,0.565045952796936,0.1705332249403
p048__s07,p048,s07,alpha_000,0.0,0.565045952796936,0.1066894680261612
p048__s08,p048,s08,alpha_000,0.0,0.565045952796936,-0.04523514583706856
p048__s09,p048,s09,alpha_000,0.0,0.565045952796936,0.14546304941177368
p049__s00,p049,s00,alpha_000,0.0,0.44897955656051636,-0.0048545952886343
p049__s01,p049,s01,alpha_000,0.0,0.44897955656051636,-0.0903797522187233
p049__s02,p049,s02,alpha_000,0.0,0.44897955656051636,0.08216315507888794
p049__s03,p049,s03,alpha_000,0.0,0.44897955656051636,0.06665953993797302
p049__s04,p049,s04,alpha_000,0.0,0.44897955656051636,0.05046720430254936
p049__s05,p049,s05,alpha_000,0.0,0.44897955656051636,-0.037622690200805664
p049__s06,p049,s06,alpha_000,0.0,0.44897955656051636,0.11609183251857758
p049__s07,p049,s07,alpha_000,0.0,0.44897955656051636,0.011171798221766949
p049__s08,p049,s08,alpha_000,0.0,0.44897955656051636,0.024381525814533234
p049__s09,p049,s09,alpha_000,0.0,0.44897955656051636,0.09622444212436676
p050__s00,p050,s00,alpha_000,0.0,0.5305091738700867,-0.01582188904285431
p050__s01,p050,s01,alpha_000,0.0,0.5305091738700867,0.008544160053133965
p050__s02,p050,s02,alpha_000,0.0,0.5305091738700867,0.056767500936985016
p050__s03,p050,s03,alpha_000,0.0,0.5305091738700867,0.0338132344186306
p050__s04,p050,s04,alpha_000,0.0,0.5305091738700867,0.019287511706352234
p050__s05,p050,s05,alpha_000,0.0,0.5305091738700867,0.0028125829994678497
p050__s06,p050,s06,alpha_000,0.0,0.5305091738700867,0.0917675793170929
p050__s07,p050,s07,alpha_000,0.0,0.5305091738700867,-0.016854731366038322
p050__s08,p050,s08,alpha_000,0.0,0.5305091738700867,0.08919984847307205
p050__s09,p050,s09,alpha_000,0.0,0.5305091738700867,0.19632619619369507
p051__s00,p051,s00,alpha_000,0.0,0.4745490550994873,0.14912177622318268
p051__s01,p051,s01,alpha_000,0.0,0.4745490550994873,0.047065429389476776
p051__s02,p051,s02,alpha_000,0.0,0.4745490550994873,0.1810052990913391
p051__s03,p051,s03,alpha_000,0.0,0.4745490550994873,0.20593002438545227
p051__s04,p051,s04,alpha_000,0.0,0.4745490550994873,0.09246652573347092
p051__s05,p051,s05,alpha_000,0.0,0.4745490550994873,0.10501206666231155
p051__s06,p051,s06,alpha_000,0.0,0.4745490550994873,0.3089434504508972
p051__s07,p051,s07,alpha_000,0.0,0.4745490550994873,0.04894742742180824
p051__s08,p051,s08,alpha_000,0.0,0.4745490550994873,0.041007060557603836
p051__s09,p051,s09,alpha_000,0.0,0.4745490550994873,0.2671920657157898
p052__s00,p052,s00,alpha_000,0.0,0.42781418561935425,0.059605542570352554
p052__s01,p052,s01,alpha_000,0.0,0.42781418561935425,0.10756102204322815
p052__s02,p052,s02,alpha_000,0.0,0.42781418561935425,0.03663357347249985
p052__s03,p052,s03,alpha_000,0.0,0.42781418561935425,0.11538735777139664
p052__s04,p052,s04,alpha_000,0.0,0.42781418561935425,-0.013342596590518951
p052__s05,p052,s05,alpha_000,0.0,0.42781418561935425,0.09313781559467316
p052__s06,p052,s06,alpha_000,0.0,0.42781418561935425,-0.005918187089264393
p052__s07,p052,s07,alpha_000,0.0,0.42781418561935425,0.003922551870346069
p052__s08,p052,s08,alpha_000,0.0,0.42781418561935425,0.0300238486379385
p052__s09,p052,s09,alpha_000,0.0,0.42781418561935425,0.15723451972007751
p053__s00,p053,s00,alpha_000,0.0,0.4732298254966736,0.05097664147615433
p053__s01,p053,s01,alpha_000,0.0,0.4732298254966736,0.22827699780464172
p053__s02,p053,s02,alpha_000,0.0,0.4732298254966736,0.11297719180583954
p053__s03,p053,s03,alpha_000,0.0,0.4732298254966736,0.05829830467700958
p053__s04,p053,s04,alpha_000,0.0,0.4732298254966736,0.0518542118370533
p053__s05,p053,s05,alpha_000,0.0,0.4732298254966736,-0.012165883556008339
p053__s06,p053,s06,alpha_000,0.0,0.4732298254966736,0.1524917483329773
p053__s07,p053,s07,alpha_000,0.0,0.4732298254966736,0.0667329803109169
p053__s08,p053,s08,alpha_000,0.0,0.4732298254966736,-0.00590342003852129
p053__s09,p053,s09,alpha_000,0.0,0.4732298254966736,0.16201412677764893
p054__s00,p054,s00,alpha_000,0.0,0.4324091374874115,0.0360153503715992
p054__s01,p054,s01,alpha_000,0.0,0.4324091374874115,0.104031041264534
p054__s02,p054,s02,alpha_000,0.0,0.4324091374874115,0.020397517830133438
p054__s03,p054,s03,alpha_000,0.0,0.4324091374874115,0.0674998015165329
p054__s04,p054,s04,alpha_000,0.0,0.4324091374874115,-0.01680859737098217
p054__s05,p054,s05,alpha_000,0.0,0.4324091374874115,0.04435601085424423
p054__s06,p054,s06,alpha_000,0.0,0.4324091374874115,0.03037174977362156
p054__s07,p054,s07,alpha_000,0.0,0.4324091374874115,0.016736425459384918
p054__s08,p054,s08,alpha_000,0.0,0.4324091374874115,-0.009555363096296787
p054__s09,p054,s09,alpha_000,0.0,0.4324091374874115,0.13782727718353271
p055__s00,p055,s00,alpha_000,0.0,0.43046870827674866,0.04376600310206413
p055__s01,p055,s01,alpha_000,0.0,0.43046870827674866,0.060177773237228394
p055__s02,p055,s02,alpha_000,0.0,0.43046870827674866,0.06430073827505112
p055__s03,p055,s03,alpha_000,0.0,0.43046870827674866,0.09724707901477814
p055__s04,p055,s04,alpha_000,0.0,0.43046870827674866,-0.019083702936768532
p055__s05,p055,s05,alpha_000,0.0,0.43046870827674866,0.019963983446359634
p055__s06,p055,s06,alpha_000,0.0,0.43046870827674866,0.08537330478429794
p055__s07,p055,s07,alpha_000,0.0,0.43046870827674866,0.083159439265728
p055__s08,p055,s08,alpha_000,0.0,0.43046870827674866,-0.010580392554402351
p055__s09,p055,s09,alpha_000,0.0,0.43046870827674866,0.16141939163208008
p056__s00,p056,s00,alpha_000,0.0,0.5156059861183167,0.038336824625730515
p056__s01,p056,s01,alpha_000,0.0,0.5156059861183167,0.009633207693696022
p056__s02,p056,s02,alpha_000,0.0,0.5156059861183167,0.023906998336315155
p056__s03,p056,s03,alpha_000,0.0,0.5156059861183167,0.06686561554670334
p056__s04,p056,s04,alpha_000,0.0,0.5156059861183167,0.13944700360298157
p056__s05,p056,s05,alpha_000,0.0,0.5156059861183167,-0.016390038654208183
p056__s06,p056,s06,alpha_000,0.0,0.5156059861183167,0.07110407948493958
p056__s07,p056,s07,alpha_000,0.0,0.5156059861183167,0.00827045552432537
p056__s08,p056,s08,alpha_000,0.0,0.5156059861183167,0.0391068235039711
p056__s09,p056,s09,alpha_000,0.0,0.5156059861183167,0.19742095470428467
p057__s00,p057,s00,alpha_000,0.0,0.5187389254570007,0.06596892327070236
p057__s01,p057,s01,alpha_000,0.0,0.5187389254570007,0.12572090327739716
p057__s02,p057,s02,alpha_000,0.0,0.5187389254570007,0.14017099142074585
p057__s03,p057,s03,alpha_000,0.0,0.5187389254570007,0.06770254671573639
p057__s04,p057,s04,alpha_000,0.0,0.5187389254570007,0.013424022123217583
p057__s05,p057,s05,alpha_000,0.0,0.5187389254570007,0.015318218618631363
p057__s06,p057,s06,alpha_000,0.0,0.5187389254570007,0.15669488906860352
p057__s07,p057,s07,alpha_000,0.0,0.5187389254570007,0.06164315342903137
p057__s08,p057,s08,alpha_000,0.0,0.5187389254570007,0.00940573588013649
p057__s09,p057,s09,alpha_000,0.0,0.5187389254570007,0.17270690202713013
p058__s00,p058,s00,alpha_000,0.0,0.3863917589187622,-0.05055433139204979
p058__s01,p058,s01,alpha_000,0.0,0.3863917589187622,-0.013643832877278328
p058__s02,p058,s02,alpha_000,0.0,0.3863917589187622,0.01775827631354332
p058__s03,p058,s03,alpha_000,0.0,0.3863917589187622,0.05984925478696823
p058__s04,p058,s04,alpha_000,0.0,0.3863917589187622,0.0631895363330841
p058__s05,p058,s05,alpha_000,0.0,0.3863917589187622,-0.028343699872493744
p058__s06,p058,s06,alpha_000,0.0,0.3863917589187622,0.10597090423107147
p058__s07,p058,s07,alpha_000,0.0,0.3863917589187622,0.006834479048848152
p058__s08,p058,s08,alpha_000,0.0,0.3863917589187622,0.09439107775688171
p058__s09,p058,s09,alpha_000,0.0,0.3863917589187622,0.15315839648246765
p059__s00,p059,s00,alpha_000,0.0,0.3740420639514923,0.11420606076717377
p059__s01,p059,s01,alpha_000,0.0,0.3740420639514923,0.1682569682598114
p059__s02,p059,s02,alpha_000,0.0,0.3740420639514923,0.18171130120754242
p059__s03,p059,s03,alpha_000,0.0,0.3740420639514923,0.1728304624557495
p059__s04,p059,s04,alpha_000,0.0,0.3740420639514923,0.08179275691509247
p059__s05,p059,s05,alpha_000,0.0,0.3740420639514923,-0.05664936453104019
p059__s06,p059,s06,alpha_000,0.0,0.3740420639514923,0.1997828483581543
p059__s07,p059,s07,alpha_000,0.0,0.3740420639514923,0.043873343616724014
p059__s08,p059,s08,alpha_000,0.0,0.3740420639514923,0.024038583040237427
p059__s09,p059,s09,alpha_000,0.0,0.3740420639514923,0.13456842303276062
p000__s00,p000,s00,alpha_025,0.25,0.4429931640625,0.2949858605861664
p000__s01,p000,s01,alpha_025,0.25,0.7831242084503174,0.4691067934036255
p000__s02,p000,s02,alpha_025,0.25,0.6080840229988098,0.3800373077392578
p000__s03,p000,s03,alpha_025,0.25,0.6604126691818237,0.27344316244125366
p000__s04,p000,s04,alpha_025,0.25,0.6189990639686584,0.38980334997177124
p000__s05,p000,s05,alpha_025,0.25,0.5397498607635498,0.4212794899940491
p000__s06,p000,s06,alpha_025,0.25,0.7172483205795288,0.49630510807037354
p000__s07,p000,s07,alpha_025,0.25,0.4804699718952179,0.2348330318927765
p000__s08,p000,s08,alpha_025,0.25,0.5605564117431641,0.2873360812664032
p000__s09,p000,s09,alpha_025,0.25,0.4962589740753174,0.4466705918312073
p001__s00,p001,s00,alpha_025,0.25,0.2908628582954407,0.07678350061178207
p001__s01,p001,s01,alpha_025,0.25,0.5110229253768921,0.40739190578460693
p001__s02,p001,s02,alpha_025,0.25,0.42387813329696655,0.22947904467582703
p001__s03,p001,s03,alpha_025,0.25,0.5323529243469238,0.19219255447387695
p001__s04,p001,s04,alpha_025,0.25,0.4544651508331299,0.27406927943229675
p001__s05,p001,s05,alpha_025,0.25,0.4586332440376282,0.24918800592422485
p001__s06,p001,s06,alpha_025,0.25,0.5685790777206421,0.4809694290161133
p001__s07,p001,s07,alpha_025,0.25,0.3505816161632538,0.05500301346182823
p001__s08,p001,s08,alpha_025,0.25,0.44974473118782043,0.1905447244644165
p001__s09,p001,s09,alpha_025,0.25,0.5165543556213379,0.2860429883003235
p002__s00,p002,s00,alpha_025,0.25,0.4636991024017334,0.13047082722187042
p002__s01,p002,s01,alpha_025,0.25,0.34703487157821655,0.5011254549026489
p002__s02,p002,s02,alpha_025,0.25,0.5295791029930115,0.3256942331790924
p002__s03,p002,s03,alpha_025,0.25,0.502200722694397,0.238825261592865
p002__s04,p002,s04,alpha_025,0.25,0.46641382575035095,0.2661149501800537
p002__s05,p002,s05,alpha_025,0.25,0.53788161277771,0.3546724319458008
p002__s06,p002,s06,alpha_025,0.25,0.46092915534973145,0.5477581024169922
p002__s07,p002,s07,alpha_025,0.25,0.49781209230422974,0.14294195175170898
p002__s08,p002,s08,alpha_025,0.25,0.44478458166122437,0.305198609828949
p002__s09,p002,s09,alpha_025,0.25,0.5346508026123047,0.39833521842956543
p003__s00,p003,s00,alpha_025,0.25,0.5087366104125977,0.17523938417434692
p003__s01,p003,s01,alpha_025,0.25,0.7879226803779602,0.4599215090274811
p003__s02,p003,s02,alpha_025,0.25,0.613090991973877,0.39631614089012146
p003__s03,p003,s03,alpha_025,0.25,0.6789522171020508,0.10498128831386566
p003__s04,p003,s04,alpha_025,0.25,0.6757068634033203,0.23807986080646515
p003__s05,p003,s05,alpha_025,0.25,0.5601965188980103,0.25918814539909363
p003__s06,p003,s06,alpha_025,0.25,0.7584728002548218,0.47566598653793335
p003__s07,p003,s07,alpha_025,0.25,0.465676486492157,0.17104238271713257
p003__s08,p003,s08,alpha_025,0.25,0.5615615844726562,0.20436078310012817
p003__s09,p003,s09,alpha_025,0.25,0.5242394804954529,0.3574451208114624
p004__s00,p004,s00,alpha_025,0.25,0.5235575437545776,0.15882886946201324
p004__s01,p004,s01,alpha_025,0.25,0.7688329219818115,0.40341120958328247
p004__s02,p004,s02,alpha_025,0.25,0.6855326294898987,0.21072125434875488
p004__s03,p004,s03,alpha_025,0.25,0.6861494779586792,0.1637151837348938
p004__s04,p004,s04,alpha_025,0.25,0.6190558075904846,0.15212133526802063
p004__s05,p004,s05,alpha_025,0.25,0.6503756046295166,0.25317150354385376
p004__s06,p004,s06,alpha_025,0.25,0.8133858442306519,0.3305564522743225
p004__s07,p004,s07,alpha_025,0.25,0.47410914301872253,0.2157815396785736
p004__s08,p004,s08,alpha_025,0.25,0.6933363676071167,0.2592289447784424
p004__s09,p004,s09,alpha_025,0.25,0.6114278435707092,0.39730092883110046
p005__s00,p005,s00,alpha_025,0.25,0.5144282579421997,0.06877385079860687
p005__s01,p005,s01,alpha_025,0.25,0.7103103995323181,0.4824245870113373
p005__s02,p005,s02,alpha_025,0.25,0.6063973307609558,0.14309723675251007
p005__s03,p005,s03,alpha_025,0.25,0.5776128768920898,0.15573669970035553
p005__s04,p005,s04,alpha_025,0.25,0.5567808151245117,0.3020402193069458
p005__s05,p005,s05,alpha_025,0.25,0.6437187194824219,0.20736418664455414
p005__s06,p005,s06,alpha_025,0.25,0.6894741058349609,0.3978000283241272
p005__s07,p005,s07,alpha_025,0.25,0.5466675162315369,0.13722780346870422
p005__s08,p005,s08,alpha_025,0.25,0.6231687664985657,0.3228793740272522
p005__s09,p005,s09,alpha_025,0.25,0.6432936191558838,0.4773440957069397
p006__s00,p006,s00,alpha_025,0.25,0.42209622263908386,0.23274385929107666
p006__s01,p006,s01,alpha_025,0.25,0.6735270023345947,0.5876261591911316
p006__s02,p006,s02,alpha_025,0.25,0.5485712885856628,0.30575332045555115
p006__s03,p006,s03,alpha_025,0.25,0.5701955556869507,0.24930307269096375
p006__s04,p006,s04,alpha_025,0.25,0.5372874140739441,0.31778591871261597
p006__s05,p006,s05,alpha_025,0.25,0.5534377694129944,0.28111785650253296
p006__s06,p006,s06,alpha_025,0.25,0.6820635795593262,0.5126057863235474
p006__s07,p006,s07,alpha_025,0.25,0.45722126960754395,0.1642594188451767
p006__s08,p006,s08,alpha_025,0.25,0.5817860960960388,0.21883252263069153
p006__s09,p006,s09,alpha_025,0.25,0.5478389263153076,0.41942137479782104
p007__s00,p007,s00,alpha_025,0.25,0.628617525100708,0.0062583498656749725
p007__s01,p007,s01,alpha_025,0.25,0.22509029507637024,0.482318252325058
p007__s02,p007,s02,alpha_025,0.25,0.6303399801254272,0.22146473824977875
p007__s03,p007,s03,alpha_025,0.25,0.6682115793228149,0.22367608547210693
p007__s04,p007,s04,alpha_025,0.25,0.6194958686828613,0.2613111138343811
p007__s05,p007,s05,alpha_025,0.25,0.6808309555053711,0.25481101870536804
p007__s06,p007,s06,alpha_025,0.25,0.5973456501960754,0.5166863203048706
p007__s07,p007,s07,alpha_025,0.25,0.6197699308395386,0.19693481922149658
p007__s08,p007,s08,alpha_025,0.25,0.5720463991165161,0.2664197087287903
p007__s09,p007,s09,alpha_025,0.25,0.7099836468696594,0.40595322847366333
p008__s00,p008,s00,alpha_025,0.25,0.364194393157959,0.1507173478603363
p008__s01,p008,s01,alpha_025,0.25,0.5335583686828613,0.45298606157302856
p008__s02,p008,s02,alpha_025,0.25,0.48910030722618103,0.3180062472820282
p008__s03,p008,s03,alpha_025,0.25,0.48601117730140686,0.17156970500946045
p008__s04,p008,s04,alpha_025,0.25,0.45932233333587646,0.2658251225948334
p008__s05,p008,s05,alpha_025,0.25,0.5008012652397156,0.24151897430419922
p008__s06,p008,s06,alpha_025,0.25,0.6239871382713318,0.40873146057128906
p008__s07,p008,s07,alpha_025,0.25,0.3655838370323181,0.07725171744823456
p008__s08,p008,s08,alpha_025,0.25,0.5121244192123413,0.2234310656785965
p008__s09,p008,s09,alpha_025,0.25,0.5775988101959229,0.2512132525444031
p009__s00,p009,s00,alpha_025,0.25,0.4449620842933655,0.20706839859485626
p009__s01,p009,s01,alpha_025,0.25,0.6189904808998108,0.41513049602508545
p009__s02,p009,s02,alpha_025,0.25,0.580321192741394,0.31516149640083313
p009__s03,p009,s03,alpha_025,0.25,0.6321014761924744,0.21672779321670532
p009__s04,p009,s04,alpha_025,0.25,0.5824586153030396,0.1837863028049469
p009__s05,p009,s05,alpha_025,0.25,0.5090121626853943,0.3406811058521271
p009__s06,p009,s06,alpha_025,0.25,0.6337704658508301,0.4351176917552948
p009__s07,p009,s07,alpha_025,0.25,0.4987991154193878,0.1396113634109497
p009__s08,p009,s08,alpha_025,0.25,0.5130722522735596,0.1664666384458542
p009__s09,p009,s09,alpha_025,0.25,0.4762740731239319,0.38615161180496216
p010__s00,p010,s00,alpha_025,0.25,0.3538593053817749,0.10981739312410355
p010__s01,p010,s01,alpha_025,0.25,0.5488669276237488,0.4735417664051056
p010__s02,p010,s02,alpha_025,0.25,0.4807437062263489,0.2647339403629303
p010__s03,p010,s03,alpha_025,0.25,0.5217563509941101,0.3173232674598694
p010__s04,p010,s04,alpha_025,0.25,0.4813109040260315,0.3572833240032196
p010__s05,p010,s05,alpha_025,0.25,0.46060699224472046,0.3174334168434143
p010__s06,p010,s06,alpha_025,0.25,0.5534812211990356,0.45732438564300537
p010__s07,p010,s07,alpha_025,0.25,0.4100416600704193,0.1408987045288086
p010__s08,p010,s08,alpha_025,0.25,0.4558371305465698,0.22698812186717987
p010__s09,p010,s09,alpha_025,0.25,0.43328845500946045,0.3865252435207367
p011__s00,p011,s00,alpha_025,0.25,0.26051875948905945,0.11775954067707062
p011__s01,p011,s01,alpha_025,0.25,0.5654518604278564,0.6336970329284668
p011__s02,p011,s02,alpha_025,0.25,0.368969202041626,0.39558351039886475
p011__s03,p011,s03,alpha_025,0.25,0.4860301613807678,0.23339706659317017
p011__s04,p011,s04,alpha_025,0.25,0.47694048285484314,0.37780463695526123
p011__s05,p011,s05,alpha_025,0.25,0.360478937625885,0.37654078006744385
p011__s06,p011,s06,alpha_025,0.25,0.5337759852409363,0.5700709819793701
p011__s07,p011,s07,alpha_025,0.25,0.3245740532875061,0.1506759077310562
p011__s08,p011,s08,alpha_025,0.25,0.32721948623657227,0.37586256861686707
p011__s09,p011,s09,alpha_025,0.25,0.34280961751937866,0.5727682709693909
p012__s00,p012,s00,alpha_025,0.25,0.35556551814079285,0.1346367448568344
p012__s01,p012,s01,alpha_025,0.25,0.7102548480033875,0.4801642596721649
p012__s02,p012,s02,alpha_025,0.25,0.5172942280769348,0.20698876678943634
p012__s03,p012,s03,alpha_025,0.25,0.513282060623169,0.22289659082889557
p012__s04,p012,s04,alpha_025,0.25,0.513683021068573,0.2642251253128052
p012__s05,p012,s05,alpha_025,0.25,0.48329752683639526,0.27948325872421265
p012__s06,p012,s06,alpha_025,0.25,0.6535077691078186,0.4544905126094818
p012__s07,p012,s07,alpha_025,0.25,0.33998584747314453,0.24661415815353394
p012__s08,p012,s08,alpha_025,0.25,0.4605618119239807,0.330532431602478
p012__s09,p012,s09,alpha_025,0.25,0.4869828224182129,0.5241283178329468
p013__s00,p013,s00,alpha_025,0.25,0.4619045555591583,0.12565100193023682
p013__s01,p013,s01,alpha_025,0.25,0.632490873336792,0.4807761311531067
p013__s02,p013,s02,alpha_025,0.25,0.5538896918296814,0.3329446315765381
p013__s03,p013,s03,alpha_025,0.25,0.5667305588722229,0.22389161586761475
p013__s04,p013,s04,alpha_025,0.25,0.5275551676750183,0.22041834890842438
p013__s05,p013,s05,alpha_025,0.25,0.5643669366836548,0.32298028469085693
p013__s06,p013,s06,alpha_025,0.25,0.613235592842102,0.378344863653183
p013__s07,p013,s07,alpha_025,0.25,0.5252358317375183,0.22532302141189575
p013__s08,p013,s08,alpha_025,0.25,0.5419957637786865,0.2851807475090027
p013__s09,p013,s09,alpha_025,0.25,0.5513774156570435,0.4503757953643799
p014__s00,p014,s00,alpha_025,0.25,0.4109380543231964,0.11544989049434662
p014__s01,p014,s01,alpha_025,0.25,0.6967867612838745,0.4179506301879883
p014__s02,p014,s02,alpha_025,0.25,0.601513147354126,0.2729998826980591
p014__s03,p014,s03,alpha_025,0.25,0.6652999520301819,0.15479204058647156
p014__s04,p014,s04,alpha_025,0.25,0.6282200217247009,0.24868962168693542
p014__s05,p014,s05,alpha_025,0.25,0.4833398163318634,0.14973166584968567
p014__s06,p014,s06,alpha_025,0.25,0.7312229871749878,0.5396279096603394
p014__s07,p014,s07,alpha_025,0.25,0.4517457187175751,0.13458040356636047
p014__s08,p014,s08,alpha_025,0.25,0.5307034254074097,0.19403524696826935
p014__s09,p014,s09,alpha_025,0.25,0.3991568386554718,0.4097238779067993
p015__s00,p015,s00,alpha_025,0.25,0.4305771589279175,0.18056420981884003
p015__s01,p015,s01,alpha_025,0.25,0.7443024516105652,0.5767382979393005
p015__s02,p015,s02,alpha_025,0.25,0.5815049409866333,0.24259155988693237
p015__s03,p015,s03,alpha_025,0.25,0.6171953678131104,0.1795148402452469
p015__s04,p015,s04,alpha_025,0.25,0.580333411693573,0.18712913990020752
p015__s05,p015,s05,alpha_025,0.25,0.5624039173126221,0.20576199889183044
p015__s06,p015,s06,alpha_025,0.25,0.7428155541419983,0.3394145369529724
p015__s07,p015,s07,alpha_025,0.25,0.4331212639808655,0.16367289423942566
p015__s08,p015,s08,alpha_025,0.25,0.615056574344635,0.2470950484275818
p015__s09,p015,s09,alpha_025,0.25,0.558555543422699,0.44160324335098267
p016__s00,p016,s00,alpha_025,0.25,0.611312747001648,0.1947798728942871
p016__s01,p016,s01,alpha_025,0.25,0.6128543019294739,0.4678691029548645
p016__s02,p016,s02,alpha_025,0.25,0.6529016494750977,0.28471317887306213
p016__s03,p016,s03,alpha_025,0.25,0.6279970407485962,0.17592260241508484
p016__s04,p016,s04,alpha_025,0.25,0.5169476270675659,0.19048374891281128
p016__s05,p016,s05,alpha_025,0.25,0.7195314168930054,0.31110772490501404
p016__s06,p016,s06,alpha_025,0.25,0.6699492931365967,0.41886216402053833
p016__s07,p016,s07,alpha_025,0.25,0.6284573078155518,0.24327272176742554
p016__s08,p016,s08,alpha_025,0.25,0.7127622961997986,0.2868385910987854
p016__s09,p016,s09,alpha_025,0.25,0.7129309177398682,0.43340131640434265
p017__s00,p017,s00,alpha_025,0.25,0.5771253705024719,0.18716496229171753
p017__s01,p017,s01,alpha_025,0.25,0.812932550907135,0.4775220453739166
p017__s02,p017,s02,alpha_025,0.25,0.7563389539718628,0.19089239835739136
p017__s03,p017,s03,alpha_025,0.25,0.8437004089355469,0.16730624437332153
p017__s04,p017,s04,alpha_025,0.25,0.8384929895401001,0.16868504881858826
p017__s05,p017,s05,alpha_025,0.25,0.6025605797767639,0.22680778801441193
p017__s06,p017,s06,alpha_025,0.25,0.8635439872741699,0.3659669756889343
p017__s07,p017,s07,alpha_025,0.25,0.5759987831115723,0.22788311541080475
p017__s08,p017,s08,alpha_025,0.25,0.6246318221092224,0.22435590624809265
p017__s09,p017,s09,alpha_025,0.25,0.5354834794998169,0.38042986392974854
p018__s00,p018,s00,alpha_025,0.25,0.41796791553497314,0.1655137985944748
p018__s01,p018,s01,alpha_025,0.25,0.7440584897994995,0.4949847161769867
p018__s02,p018,s02,alpha_025,0.25,0.5773125886917114,0.30960237979888916
p018__s03,p018,s03,alpha_025,0.25,0.5518875122070312,0.19777265191078186
p018__s04,p018,s04,alpha_025,0.25,0.5212391018867493,0.3790031671524048
p018__s05,p018,s05,alpha_025,0.25,0.5602322220802307,0.36154621839523315
p018__s06,p018,s06,alpha_025,0.25,0.7010389566421509,0.5220046043395996
p018__s07,p018,s07,alpha_025,0.25,0.4144974648952484,0.19625717401504517
p018__s08,p018,s08,alpha_025,0.25,0.5637515783309937,0.27606356143951416
p018__s09,p018,s09,alpha_025,0.25,0.554295539855957,0.3936496376991272
p019__s00,p019,s00,alpha_025,0.25,0.4408905506134033,0.08223359286785126
p019__s01,p019,s01,alpha_025,0.25,0.5695868730545044,0.46912992000579834
p019__s02,p019,s02,alpha_025,0.25,0.5256854891777039,0.3636454939842224
p019__s03,p019,s03,alpha_025,0.25,0.5348004102706909,0.26898193359375
p019__s04,p019,s04,alpha_025,0.25,0.43572354316711426,0.17242231965065002
p019__s05,p019,s05,alpha_025,0.25,0.5884912610054016,0.2744922637939453
p019__s06,p019,s06,alpha_025,0.25,0.6286914348602295,0.46380341053009033
p019__s07,p019,s07,alpha_025,0.25,0.43904709815979004,0.10264794528484344
p019__s08,p019,s08,alpha_025,0.25,0.5688083171844482,0.23472382128238678
p019__s09,p019,s09,alpha_025,0.25,0.6274242401123047,0.3307267427444458
p020__s00,p020,s00,alpha_025,0.25,0.4181182384490967,0.09934520721435547
p020__s01,p020,s01,alpha_025,0.25,0.7998442649841309,0.4290270209312439
p020__s02,p020,s02,alpha_025,0.25,0.6184353828430176,0.14067167043685913
p020__s03,p020,s03,alpha_025,0.25,0.6754451990127563,0.13705897331237793
p020__s04,p020,s04,alpha_025,0.25,0.6176556348800659,0.31292033195495605
p020__s05,p020,s05,alpha_025,0.25,0.5816966891288757,0.24526558816432953
p020__s06,p020,s06,alpha_025,0.25,0.7209386825561523,0.3354633152484894
p020__s07,p020,s07,alpha_025,0.25,0.38533568382263184,0.1403648555278778
p020__s08,p020,s08,alpha_025,0.25,0.5461249947547913,0.30083173513412476
p020__s09,p020,s09,alpha_025,0.25,0.5783143043518066,0.36958059668540955
p021__s00,p021,s00,alpha_025,0.25,0.5104179382324219,0.1744786947965622
p021__s01,p021,s01,alpha_025,0.25,0.8097589612007141,0.5002511739730835
p021__s02,p021,s02,alpha_025,0.25,0.6868327260017395,0.33394598960876465
p021__s03,p021,s03,alpha_025,0.25,0.6790567636489868,0.19970986247062683
p021__s04,p021,s04,alpha_025,0.25,0.6671987771987915,0.2777658998966217
p021__s05,p021,s05,alpha_025,0.25,0.6459012031555176,0.3505411148071289
p021__s06,p021,s06,alpha_025,0.25,0.8244080543518066,0.5143254995346069
p021__s07,p021,s07,alpha_025,0.25,0.5145784020423889,0.12631723284721375
p021__s08,p021,s08,alpha_025,0.25,0.6779223084449768,0.21769630908966064
p021__s09,p021,s09,alpha_025,0.25,0.6220748424530029,0.3567299246788025
p022__s00,p022,s00,alpha_025,0.25,0.4397890865802765,0.08722463250160217
p022__s01,p022,s01,alpha_025,0.25,0.41094982624053955,0.49215567111968994
p022__s02,p022,s02,alpha_025,0.25,0.48427996039390564,0.33435672521591187
p022__s03,p022,s03,alpha_025,0.25,0.4907487630844116,0.18996289372444153
p022__s04,p022,s04,alpha_025,0.25,0.4657997190952301,0.25060203671455383
p022__s05,p022,s05,alpha_025,0.25,0.5184206366539001,0.29275214672088623
p022__s06,p022,s06,alpha_025,0.25,0.43659013509750366,0.5158900022506714
p022__s07,p022,s07,alpha_025,0.25,0.4888056814670563,0.19973799586296082
p022__s08,p022,s08,alpha_025,0.25,0.42223167419433594,0.24905899167060852
p022__s09,p022,s09,alpha_025,0.25,0.4985111951828003,0.415595680475235
p023__s00,p023,s00,alpha_025,0.25,0.38300010561943054,0.11328946799039841
p023__s01,p023,s01,alpha_025,0.25,0.4412846565246582,0.47828373312950134
p023__s02,p023,s02,alpha_025,0.25,0.5776733756065369,0.24595515429973602
p023__s03,p023,s03,alpha_025,0.25,0.5994861125946045,0.15245062112808228
p023__s04,p023,s04,alpha_025,0.25,0.6542558670043945,0.2518153786659241
p023__s05,p023,s05,alpha_025,0.25,0.43664422631263733,0.24918891489505768
p023__s06,p023,s06,alpha_025,0.25,0.6077277660369873,0.4109641909599304
p023__s07,p023,s07,alpha_025,0.25,0.423787921667099,0.14226001501083374
p023__s08,p023,s08,alpha_025,0.25,0.3777124285697937,0.2086588591337204
p023__s09,p023,s09,alpha_025,0.25,0.4196503758430481,0.32867515087127686
p024__s00,p024,s00,alpha_025,0.25,0.5803954005241394,0.19475781917572021
p024__s01,p024,s01,alpha_025,0.25,0.3488006591796875,0.49352729320526123
p024__s02,p024,s02,alpha_025,0.25,0.6098684072494507,0.2727017402648926
p024__s03,p024,s03,alpha_025,0.25,0.634327232837677,0.17087422311306
p024__s04,p024,s04,alpha_025,0.25,0.6848968267440796,0.18299078941345215
p024__s05,p024,s05,alpha_025,0.25,0.6353199481964111,0.2239130586385727
p024__s06,p024,s06,alpha_025,0.25,0.5961219072341919,0.44695335626602173
p024__s07,p024,s07,alpha_025,0.25,0.5799322724342346,0.21059158444404602
p024__s08,p024,s08,alpha_025,0.25,0.5239062905311584,0.2163996398448944
p024__s09,p024,s09,alpha_025,0.25,0.6441268920898438,0.3437310755252838
p025__s00,p025,s00,alpha_025,0.25,0.3657190501689911,0.1392247974872589
p025__s01,p025,s01,alpha_025,0.25,0.6210299730300903,0.595312237739563
p025__s02,p025,s02,alpha_025,0.25,0.5051564574241638,0.26191091537475586
p025__s03,p025,s03,alpha_025,0.25,0.5261050462722778,0.15546810626983643
p025__s04,p025,s04,alpha_025,0.25,0.5122451782226562,0.2624547481536865
p025__s05,p025,s05,alpha_025,0.25,0.46559056639671326,0.2222989797592163
p025__s06,p025,s06,alpha_025,0.25,0.6059430837631226,0.3842422366142273
p025__s07,p025,s07,alpha_025,0.25,0.3980332612991333,0.08020640164613724
p025__s08,p025,s08,alpha_025,0.25,0.463858038187027,0.21418198943138123
p025__s09,p025,s09,alpha_025,0.25,0.4293353855609894,0.42200329899787903
p026__s00,p026,s00,alpha_025,0.25,0.48366016149520874,0.06070806831121445
p026__s01,p026,s01,alpha_025,0.25,0.6163812875747681,0.4640789330005646
p026__s02,p026,s02,alpha_025,0.25,0.607617974281311,0.1466989815235138
p026__s03,p026,s03,alpha_025,0.25,0.5439896583557129,0.13320060074329376
p026__s04,p026,s04,alpha_025,0.25,0.5401859879493713,0.1957079917192459
p026__s05,p026,s05,alpha_025,0.25,0.6295634508132935,0.1224866509437561
p026__s06,p026,s06,alpha_025,0.25,0.6756864786148071,0.34203797578811646
p026__s07,p026,s07,alpha_025,0.25,0.48449504375457764,0.02170431613922119
p026__s08,p026,s08,alpha_025,0.25,0.5994948744773865,0.2316402643918991
p026__s09,p026,s09,alpha_025,0.25,0.6220283508300781,0.2629365921020508
p027__s00,p027,s00,alpha_025,0.25,0.546929657459259,0.10444071888923645
p027__s01,p027,s01,alpha_025,0.25,0.7508166432380676,0.39018434286117554
p027__s02,p027,s02,alpha_025,0.25,0.6380845308303833,0.2049451768398285
p027__s03,p027,s03,alpha_025,0.25,0.6082656383514404,0.26968252658843994
p027__s04,p027,s04,alpha_025,0.25,0.5533630847930908,0.2791644036769867
p027__s05,p027,s05,alpha_025,0.25,0.6560552716255188,0.24933192133903503
p027__s06,p027,s06,alpha_025,0.25,0.707044780254364,0.4899406433105469
p027__s07,p027,s07,alpha_025,0.25,0.555001974105835,0.21549394726753235
p027__s08,p027,s08,alpha_025,0.25,0.6459227204322815,0.26849550008773804
p027__s09,p027,s09,alpha_025,0.25,0.664763331413269,0.3774366080760956
p028__s00,p028,s00,alpha_025,0.25,0.45483821630477905,0.1619926542043686
p028__s01,p028,s01,alpha_025,0.25,0.5808472037315369,0.47928929328918457
p028__s02,p028,s02,alpha_025,0.25,0.5340652465820312,0.30114156007766724
p028__s03,p028,s03,alpha_025,0.25,0.5522858500480652,0.18511903285980225
p028__s04,p028,s04,alpha_025,0.25,0.4554312825202942,0.23814977705478668
p028__s05,p028,s05,alpha_025,0.25,0.5680331587791443,0.22545622289180756
p028__s06,p028,s06,alpha_025,0.25,0.6160805225372314,0.4258066713809967
p028__s07,p028,s07,alpha_025,0.25,0.49323534965515137,0.19640785455703735
p028__s08,p028,s08,alpha_025,0.25,0.5947374105453491,0.28950005769729614
p028__s09,p028,s09,alpha_025,0.25,0.5962332487106323,0.4197154641151428
p029__s00,p029,s00,alpha_025,0.25,0.4371469020843506,0.07979989051818848
p029__s01,p029,s01,alpha_025,0.25,0.7578300833702087,0.48425164818763733
p029__s02,p029,s02,alpha_025,0.25,0.579069197177887,0.29623526334762573
p029__s03,p029,s03,alpha_025,0.25,0.5745555758476257,0.24717892706394196
p029__s04,p029,s04,alpha_025,0.25,0.5473845601081848,0.2861347794532776
p029__s05,p029,s05,alpha_025,0.25,0.5606083869934082,0.36701881885528564
p029__s06,p029,s06,alpha_025,0.25,0.7145929336547852,0.4931611120700836
p029__s07,p029,s07,alpha_025,0.25,0.45681333541870117,0.11491796374320984
p029__s08,p029,s08,alpha_025,0.25,0.5990861058235168,0.25765734910964966
p029__s09,p029,s09,alpha_025,0.25,0.5555039644241333,0.4079490303993225
p030__s00,p030,s00,alpha_025,0.25,0.3083488345146179,0.2247726023197174
p030__s01,p030,s01,alpha_025,0.25,0.6493980884552002,0.5744239091873169
p030__s02,p030,s02,alpha_025,0.25,0.47289496660232544,0.29306942224502563
p030__s03,p030,s03,alpha_025,0.25,0.4121866226196289,0.14332549273967743
p030__s04,p030,s04,alpha_025,0.25,0.43727806210517883,0.29998254776000977
p030__s05,p030,s05,alpha_025,0.25,0.352582722902298,0.2866334319114685
p030__s06,p030,s06,alpha_025,0.25,0.5419211387634277,0.5885981321334839
p030__s07,p030,s07,alpha_025,0.25,0.36775267124176025,0.21037892997264862
p030__s08,p030,s08,alpha_025,0.25,0.3985220789909363,0.2890537977218628
p030__s09,p030,s09,alpha_025,0.25,0.3550563454627991,0.5733113288879395
p031__s00,p031,s00,alpha_025,0.25,0.4625559449195862,0.2930532693862915
p031__s01,p031,s01,alpha_025,0.25,0.7158482074737549,0.4795430898666382
p031__s02,p031,s02,alpha_025,0.25,0.6232850551605225,0.2624686658382416
p031__s03,p031,s03,alpha_025,0.25,0.7086964845657349,0.2531875967979431
p031__s04,p031,s04,alpha_025,0.25,0.6714282631874084,0.2297036051750183
p031__s05,p031,s05,alpha_025,0.25,0.5282682776451111,0.389081746339798
p031__s06,p031,s06,alpha_025,0.25,0.7307073473930359,0.40124058723449707
p031__s07,p031,s07,alpha_025,0.25,0.5131075382232666,0.1659429967403412
p031__s08,p031,s08,alpha_025,0.25,0.5566356778144836,0.1700306534767151
p031__s09,p031,s09,alpha_025,0.25,0.45900195837020874,0.4485916793346405
p032__s00,p032,s00,alpha_025,0.25,0.5256329774856567,0.10237207263708115
p032__s01,p032,s01,alpha_025,0.25,0.6488072276115417,0.4817836284637451
p032__s02,p032,s02,alpha_025,0.25,0.5946148633956909,0.3374994397163391
p032__s03,p032,s03,alpha_025,0.25,0.5736919641494751,0.1760893166065216
p032__s04,p032,s04,alpha_025,0.25,0.5045249462127686,0.22851088643074036
p032__s05,p032,s05,alpha_025,0.25,0.6265856027603149,0.2511506676673889
p032__s06,p032,s06,alpha_025,0.25,0.5859180688858032,0.48582032322883606
p032__s07,p032,s07,alpha_025,0.25,0.5984665155410767,0.14810222387313843
p032__s08,p032,s08,alpha_025,0.25,0.5987421274185181,0.21299685537815094
p032__s09,p032,s09,alpha_025,0.25,0.6324276924133301,0.4860883951187134
p033__s00,p033,s00,alpha_025,0.25,0.42510873079299927,0.09007821977138519
p033__s01,p033,s01,alpha_025,0.25,0.597144365310669,0.4410974979400635
p033__s02,p033,s02,alpha_025,0.25,0.5807492733001709,0.23656491935253143
p033__s03,p033,s03,alpha_025,0.25,0.6179463863372803,0.19339415431022644
p033__s04,p033,s04,alpha_025,0.25,0.6344588994979858,0.17106354236602783
p033__s05,p033,s05,alpha_025,0.25,0.4292822480201721,0.1933993101119995
p033__s06,p033,s06,alpha_025,0.25,0.6390768885612488,0.4916057586669922
p033__s07,p033,s07,alpha_025,0.25,0.4406268298625946,0.19397926330566406
p033__s08,p033,s08,alpha_025,0.25,0.440816193819046,0.2706291675567627
p033__s09,p033,s09,alpha_025,0.25,0.3483014702796936,0.4364328980445862
p034__s00,p034,s00,alpha_025,0.25,0.34003520011901855,0.2094728946685791
p034__s01,p034,s01,alpha_025,0.25,0.5994876623153687,0.4160892069339752
p034__s02,p034,s02,alpha_025,0.25,0.46925652027130127,0.17728278040885925
p034__s03,p034,s03,alpha_025,0.25,0.4265180826187134,0.24778033792972565
p034__s04,p034,s04,alpha_025,0.25,0.3859792947769165,0.27738821506500244
p034__s05,p034,s05,alpha_025,0.25,0.45121121406555176,0.3358045816421509
p034__s06,p034,s06,alpha_025,0.25,0.5511168241500854,0.38742464780807495
p034__s07,p034,s07,alpha_025,0.25,0.37236684560775757,0.20857205986976624
p034__s08,p034,s08,alpha_025,0.25,0.4773554503917694,0.26671773195266724
p034__s09,p034,s09,alpha_025,0.25,0.4870128035545349,0.5483108758926392
p035__s00,p035,s00,alpha_025,0.25,0.5121809244155884,0.12116324156522751
p035__s01,p035,s01,alpha_025,0.25,0.7801950573921204,0.4029979109764099
p035__s02,p035,s02,alpha_025,0.25,0.576802134513855,0.18946443498134613
p035__s03,p035,s03,alpha_025,0.25,0.47425106167793274,0.25593966245651245
p035__s04,p035,s04,alpha_025,0.25,0.5281320810317993,0.34294426441192627
p035__s05,p035,s05,alpha_025,0.25,0.5816512107849121,0.24506185948848724
p035__s06,p035,s06,alpha_025,0.25,0.5824791193008423,0.44637054204940796
p035__s07,p035,s07,alpha_025,0.25,0.5389043092727661,0.23998428881168365
p035__s08,p035,s08,alpha_025,0.25,0.5197833776473999,0.26679250597953796
p035__s09,p035,s09,alpha_025,0.25,0.6282389163970947,0.28210464119911194
p036__s00,p036,s00,alpha_025,0.25,0.30280768871307373,0.05202985554933548
p036__s01,p036,s01,alpha_025,0.25,0.5620687007904053,0.4989979565143585
p036__s02,p036,s02,alpha_025,0.25,0.4506227374076843,0.14163750410079956
p036__s03,p036,s03,alpha_025,0.25,0.475811630487442,0.16741076111793518
p036__s04,p036,s04,alpha_025,0.25,0.42673251032829285,0.2696574330329895
p036__s05,p036,s05,alpha_025,0.25,0.4698888659477234,0.2421940714120865
p036__s06,p036,s06,alpha_025,0.25,0.5685218572616577,0.4198330044746399
p036__s07,p036,s07,alpha_025,0.25,0.3582279086112976,0.07991185784339905
p036__s08,p036,s08,alpha_025,0.25,0.4363563656806946,0.1610204130411148
p036__s09,p036,s09,alpha_025,0.25,0.5158712267875671,0.359576940536499
p037__s00,p037,s00,alpha_025,0.25,0.3951207995414734,0.17321795225143433
p037__s01,p037,s01,alpha_025,0.25,0.7049813270568848,0.5662098526954651
p037__s02,p037,s02,alpha_025,0.25,0.5420284867286682,0.38784095644950867
p037__s03,p037,s03,alpha_025,0.25,0.5926928520202637,0.23572984337806702
p037__s04,p037,s04,alpha_025,0.25,0.4794146418571472,0.2728346884250641
p037__s05,p037,s05,alpha_025,0.25,0.5465424060821533,0.347886860370636
p037__s06,p037,s06,alpha_025,0.25,0.658900260925293,0.5606919527053833
p037__s07,p037,s07,alpha_025,0.25,0.4056496322154999,0.2429438829421997
p037__s08,p037,s08,alpha_025,0.25,0.535190224647522,0.38338571786880493
p037__s09,p037,s09,alpha_025,0.25,0.5514422655105591,0.5197188258171082
p038__s00,p038,s00,alpha_025,0.25,0.51212477684021,0.13485169410705566
p038__s01,p038,s01,alpha_025,0.25,0.294856458902359,0.4548451006412506
p038__s02,p038,s02,alpha_025,0.25,0.5499390959739685,0.38111740350723267
p038__s03,p038,s03,alpha_025,0.25,0.6280053853988647,0.21670907735824585
p038__s04,p038,s04,alpha_025,0.25,0.6135735511779785,0.2957143485546112
p038__s05,p038,s05,alpha_025,0.25,0.5696812868118286,0.3766629099845886
p038__s06,p038,s06,alpha_025,0.25,0.4800357222557068,0.4824800491333008
p038__s07,p038,s07,alpha_025,0.25,0.5690850615501404,0.2260911464691162
p038__s08,p038,s08,alpha_025,0.25,0.47935980558395386,0.2727123498916626
p038__s09,p038,s09,alpha_025,0.25,0.5627122521400452,0.39616402983665466
p039__s00,p039,s00,alpha_025,0.25,0.5200001001358032,0.028316758573055267
p039__s01,p039,s01,alpha_025,0.25,0.6160649061203003,0.44251441955566406
p039__s02,p039,s02,alpha_025,0.25,0.607787013053894,0.1808966100215912
p039__s03,p039,s03,alpha_025,0.25,0.6517273187637329,0.22531256079673767
p039__s04,p039,s04,alpha_025,0.25,0.673723578453064,0.356178879737854
p039__s05,p039,s05,alpha_025,0.25,0.5522341728210449,0.15204468369483948
p039__s06,p039,s06,alpha_025,0.25,0.6730604767799377,0.4103289246559143
p039__s07,p039,s07,alpha_025,0.25,0.5231122374534607,0.17863714694976807
p039__s08,p039,s08,alpha_025,0.25,0.48907414078712463,0.21953006088733673
p039__s09,p039,s09,alpha_025,0.25,0.508118748664856,0.4289208650588989
p040__s00,p040,s00,alpha_025,0.25,0.4047408699989319,0.18820753693580627
p040__s01,p040,s01,alpha_025,0.25,0.4065034091472626,0.5021077394485474
p040__s02,p040,s02,alpha_025,0.25,0.4424743056297302,0.35037803649902344
p040__s03,p040,s03,alpha_025,0.25,0.48955121636390686,0.27000129222869873
p040__s04,p040,s04,alpha_025,0.25,0.46757006645202637,0.3833090662956238
p040__s05,p040,s05,alpha_025,0.25,0.438366174697876,0.357452929019928
p040__s06,p040,s06,alpha_025,0.25,0.4818336069583893,0.5453321933746338
p040__s07,p040,s07,alpha_025,0.25,0.4103989601135254,0.24707071483135223
p040__s08,p040,s08,alpha_025,0.25,0.38327524065971375,0.42078697681427
p040__s09,p040,s09,alpha_025,0.25,0.48016172647476196,0.5655360817909241
p041__s00,p041,s00,alpha_025,0.25,0.5506709218025208,0.162342369556427
p041__s01,p041,s01,alpha_025,0.25,0.7353581786155701,0.43330687284469604
p041__s02,p041,s02,alpha_025,0.25,0.6542475819587708,0.1741778552532196
p041__s03,p041,s03,alpha_025,0.25,0.6496752500534058,0.1370096653699875
p041__s04,p041,s04,alpha_025,0.25,0.5775989294052124,0.16299495100975037
p041__s05,p041,s05,alpha_025,0.25,0.6820086240768433,0.17327728867530823
p041__s06,p041,s06,alpha_025,0.25,0.7113566398620605,0.3115241825580597
p041__s07,p041,s07,alpha_025,0.25,0.551141619682312,0.24552172422409058
p041__s08,p041,s08,alpha_025,0.25,0.7023965120315552,0.24461980164051056
p041__s09,p041,s09,alpha_025,0.25,0.6643110513687134,0.3853336572647095
p042__s00,p042,s00,alpha_025,0.25,0.42332443594932556,0.16465850174427032
p042__s01,p042,s01,alpha_025,0.25,0.6101135015487671,0.595226526260376
p042__s02,p042,s02,alpha_025,0.25,0.5135741829872131,0.3356893062591553
p042__s03,p042,s03,alpha_025,0.25,0.529640257358551,0.214785635471344
p042__s04,p042,s04,alpha_025,0.25,0.5006008148193359,0.16060219705104828
p042__s05,p042,s05,alpha_025,0.25,0.564094603061676,0.37787777185440063
p042__s06,p042,s06,alpha_025,0.25,0.6241720914840698,0.5677810311317444
p042__s07,p042,s07,alpha_025,0.25,0.42970579862594604,0.15411408245563507
p042__s08,p042,s08,alpha_025,0.25,0.5371813178062439,0.22759711742401123
p042__s09,p042,s09,alpha_025,0.25,0.5897908210754395,0.3804227113723755
p043__s00,p043,s00,alpha_025,0.25,0.4628741443157196,0.051376793533563614
p043__s01,p043,s01,alpha_025,0.25,0.6768344640731812,0.46044254302978516
p043__s02,p043,s02,alpha_025,0.25,0.5787657499313354,0.17861928045749664
p043__s03,p043,s03,alpha_025,0.25,0.5367575883865356,0.20887655019760132
p043__s04,p043,s04,alpha_025,0.25,0.5336166024208069,0.2142154574394226
p043__s05,p043,s05,alpha_025,0.25,0.5832158327102661,0.19021514058113098
p043__s06,p043,s06,alpha_025,0.25,0.6704219579696655,0.42256882786750793
p043__s07,p043,s07,alpha_025,0.25,0.46665769815444946,0.11307016760110855
p043__s08,p043,s08,alpha_025,0.25,0.5774386525154114,0.23371005058288574
p043__s09,p043,s09,alpha_025,0.25,0.604451596736908,0.37702590227127075
p044__s00,p044,s00,alpha_025,0.25,0.5513100624084473,0.0447528138756752
p044__s01,p044,s01,alpha_025,0.25,0.3060944378376007,0.45842766761779785
p044__s02,p044,s02,alpha_025,0.25,0.5683404207229614,0.3321278691291809
p044__s03,p044,s03,alpha_025,0.25,0.605421781539917,0.24419362843036652
p044__s04,p044,s04,alpha_025,0.25,0.5673182010650635,0.2061135172843933
p044__s05,p044,s05,alpha_025,0.25,0.6124607920646667,0.2616978585720062
p044__s06,p044,s06,alpha_025,0.25,0.5349498987197876,0.5253889560699463
p044__s07,p044,s07,alpha_025,0.25,0.5924656391143799,0.215652734041214
p044__s08,p044,s08,alpha_025,0.25,0.5306652784347534,0.3130358159542084
p044__s09,p044,s09,alpha_025,0.25,0.6211032867431641,0.395675390958786
p045__s00,p045,s00,alpha_025,0.25,0.4011690616607666,0.20138263702392578
p045__s01,p045,s01,alpha_025,0.25,0.6716316938400269,0.45976775884628296
p045__s02,p045,s02,alpha_025,0.25,0.5358057618141174,0.25541380047798157
p045__s03,p045,s03,alpha_025,0.25,0.5436452031135559,0.22706536948680878
p045__s04,p045,s04,alpha_025,0.25,0.5894898772239685,0.3335241973400116
p045__s05,p045,s05,alpha_025,0.25,0.49554798007011414,0.3553670644760132
p045__s06,p045,s06,alpha_025,0.25,0.642089307308197,0.43332639336586
p045__s07,p045,s07,alpha_025,0.25,0.41291165351867676,0.2622668147087097
p045__s08,p045,s08,alpha_025,0.25,0.48909902572631836,0.2526407241821289
p045__s09,p045,s09,alpha_025,0.25,0.5075740814208984,0.5291329622268677
p046__s00,p046,s00,alpha_025,0.25,0.48364531993865967,0.060443583875894547
p046__s01,p046,s01,alpha_025,0.25,0.6498496532440186,0.47595638036727905
p046__s02,p046,s02,alpha_025,0.25,0.611368715763092,0.2826976180076599
p046__s03,p046,s03,alpha_025,0.25,0.6704745888710022,0.22032055258750916
p046__s04,p046,s04,alpha_025,0.25,0.6747096180915833,0.23499271273612976
p046__s05,p046,s05,alpha_025,0.25,0.5098799467086792,0.22863522171974182
p046__s06,p046,s06,alpha_025,0.25,0.6738874912261963,0.4950333833694458
p046__s07,p046,s07,alpha_025,0.25,0.5004355907440186,0.1640477031469345
p046__s08,p046,s08,alpha_025,0.25,0.47591444849967957,0.14321845769882202
p046__s09,p046,s09,alpha_025,0.25,0.4193430244922638,0.3393958806991577
p047__s00,p047,s00,alpha_025,0.25,0.6287217736244202,0.1918192207813263
p047__s01,p047,s01,alpha_025,0.25,0.2725931406021118,0.5728926658630371
p047__s02,p047,s02,alpha_025,0.25,0.6207388639450073,0.38297292590141296
p047__s03,p047,s03,alpha_025,0.25,0.6669681072235107,0.28638768196105957
p047__s04,p047,s04,alpha_025,0.25,0.6475098729133606,0.3399844765663147
p047__s05,p047,s05,alpha_025,0.25,0.6501770615577698,0.42231011390686035
p047__s06,p047,s06,alpha_025,0.25,0.5872324109077454,0.43149417638778687
p047__s07,p047,s07,alpha_025,0.25,0.6468886137008667,0.31502100825309753
p047__s08,p047,s08,alpha_025,0.25,0.567020833492279,0.3131867051124573
p047__s09,p047,s09,alpha_025,0.25,0.6756160855293274,0.4769098162651062
p048__s00,p048,s00,alpha_025,0.25,0.5567769408226013,0.2114618420600891
p048__s01,p048,s01,alpha_025,0.25,0.8427491784095764,0.5137251615524292
p048__s02,p048,s02,alpha_025,0.25,0.6909350752830505,0.3347504734992981
p048__s03,p048,s03,alpha_025,0.25,0.7638115882873535,0.26868951320648193
p048__s04,p048,s04,alpha_025,0.25,0.7163761854171753,0.22935143113136292
p048__s05,p048,s05,alpha_025,0.25,0.6737271547317505,0.3879188895225525
p048__s06,p048,s06,alpha_025,0.25,0.8743928670883179,0.4516132175922394
p048__s07,p048,s07,alpha_025,0.25,0.5433127880096436,0.201739102602005
p048__s08,p048,s08,alpha_025,0.25,0.7180372476577759,0.1605290174484253
p048__s09,p048,s09,alpha_025,0.25,0.6451946496963501,0.41391047835350037
p049__s00,p049,s00,alpha_025,0.25,0.4692247807979584,0.07964606583118439
p049__s01,p049,s01,alpha_025,0.25,0.5640701055526733,0.3187870979309082
p049__s02,p049,s02,alpha_025,0.25,0.5534605383872986,0.25911152362823486
p049__s03,p049,s03,alpha_025,0.25,0.5578634142875671,0.13030855357646942
p049__s04,p049,s04,alpha_025,0.25,0.46937623620033264,0.2151138335466385
p049__s05,p049,s05,alpha_025,0.25,0.5953603982925415,0.21253132820129395
p049__s06,p049,s06,alpha_025,0.25,0.5800080895423889,0.4321973919868469
p049__s07,p049,s07,alpha_025,0.25,0.511223554611206,0.18576326966285706
p049__s08,p049,s08,alpha_025,0.25,0.5513467192649841,0.23372723162174225
p049__s09,p049,s09,alpha_025,0.25,0.5847911834716797,0.31079965829849243
p050__s00,p050,s00,alpha_025,0.25,0.5428773760795593,0.06723171472549438
p050__s01,p050,s01,alpha_025,0.25,0.4906800389289856,0.3648008406162262
p050__s02,p050,s02,alpha_025,0.25,0.6425583362579346,0.1726900190114975
p050__s03,p050,s03,alpha_025,0.25,0.6664260625839233,0.17816676199436188
p050__s04,p050,s04,alpha_025,0.25,0.6000874042510986,0.24285084009170532
p050__s05,p050,s05,alpha_025,0.25,0.556995689868927,0.1642894148826599
p050__s06,p050,s06,alpha_025,0.25,0.5845919847488403,0.4148489832878113
p050__s07,p050,s07,alpha_025,0.25,0.5636433362960815,0.03571835532784462
p050__s08,p050,s08,alpha_025,0.25,0.5243078470230103,0.2640204429626465
p050__s09,p050,s09,alpha_025,0.25,0.5444841384887695,0.36000359058380127
p051__s00,p051,s00,alpha_025,0.25,0.5207782983779907,0.21019700169563293
p051__s01,p051,s01,alpha_025,0.25,0.6892553567886353,0.42552733421325684
p051__s02,p051,s02,alpha_025,0.25,0.5508666038513184,0.36350172758102417
p051__s03,p051,s03,alpha_025,0.25,0.5632646679878235,0.3117218017578125
p051__s04,p051,s04,alpha_025,0.25,0.4935093820095062,0.1589442640542984
p051__s05,p051,s05,alpha_025,0.25,0.5739632844924927,0.3924231231212616
p051__s06,p051,s06,alpha_025,0.25,0.6469324827194214,0.47970452904701233
p051__s07,p051,s07,alpha_025,0.25,0.5075347423553467,0.18674179911613464
p051__s08,p051,s08,alpha_025,0.25,0.5978043079376221,0.24176529049873352
p051__s09,p051,s09,alpha_025,0.25,0.6441115736961365,0.4450041949748993
p052__s00,p052,s00,alpha_025,0.25,0.49390316009521484,0.17310410737991333
p052__s01,p052,s01,alpha_025,0.25,0.7221853733062744,0.48118436336517334
p052__s02,p052,s02,alpha_025,0.25,0.5969970226287842,0.2191043496131897
p052__s03,p052,s03,alpha_025,0.25,0.547714352607727,0.2196660339832306
p052__s04,p052,s04,alpha_025,0.25,0.5518600344657898,0.23563642799854279
p052__s05,p052,s05,alpha_025,0.25,0.6199936866760254,0.3998025059700012
p052__s06,p052,s06,alpha_025,0.25,0.7079558372497559,0.3720669150352478
p052__s07,p052,s07,alpha_025,0.25,0.47697678208351135,0.14925676584243774
p052__s08,p052,s08,alpha_025,0.25,0.6186869144439697,0.29340121150016785
p052__s09,p052,s09,alpha_025,0.25,0.6820802688598633,0.4870493412017822
p053__s00,p053,s00,alpha_025,0.25,0.48245155811309814,0.1406906247138977
p053__s01,p053,s01,alpha_025,0.25,0.7641417980194092,0.5101722478866577
p053__s02,p053,s02,alpha_025,0.25,0.6417837142944336,0.18844792246818542
p053__s03,p053,s03,alpha_025,0.25,0.6864919662475586,0.13405665755271912
p053__s04,p053,s04,alpha_025,0.25,0.6374533176422119,0.18719837069511414
p053__s05,p053,s05,alpha_025,0.25,0.613340437412262,0.27541327476501465
p053__s06,p053,s06,alpha_025,0.25,0.761802077293396,0.3947063088417053
p053__s07,p053,s07,alpha_025,0.25,0.49809592962265015,0.17011040449142456
p053__s08,p053,s08,alpha_025,0.25,0.6376687288284302,0.2155914306640625
p053__s09,p053,s09,alpha_025,0.25,0.5786901116371155,0.4546772837638855
p054__s00,p054,s00,alpha_025,0.25,0.512996256351471,0.11350461840629578
p054__s01,p054,s01,alpha_025,0.25,0.6712213754653931,0.3472318649291992
p054__s02,p054,s02,alpha_025,0.25,0.6463528275489807,0.14062388241291046
p054__s03,p054,s03,alpha_025,0.25,0.6274910569190979,0.1485702395439148
p054__s04,p054,s04,alpha_025,0.25,0.5465041995048523,0.09050504118204117
p054__s05,p054,s05,alpha_025,0.25,0.6686937808990479,0.25189289450645447
p054__s06,p054,s06,alpha_025,0.25,0.7423362731933594,0.2690047025680542
p054__s07,p054,s07,alpha_025,0.25,0.4859963655471802,0.1308889538049698
p054__s08,p054,s08,alpha_025,0.25,0.6977598667144775,0.258209228515625
p054__s09,p054,s09,alpha_025,0.25,0.6746872663497925,0.3961406350135803
p055__s00,p055,s00,alpha_025,0.25,0.4746707081794739,0.10919690132141113
p055__s01,p055,s01,alpha_025,0.25,0.6171345114707947,0.44592052698135376
p055__s02,p055,s02,alpha_025,0.25,0.6026923656463623,0.19448471069335938
p055__s03,p055,s03,alpha_025,0.25,0.5873973369598389,0.22181648015975952
p055__s04,p055,s04,alpha_025,0.25,0.5526032447814941,0.18939554691314697
p055__s05,p055,s05,alpha_025,0.25,0.6014367938041687,0.25626277923583984
p055__s06,p055,s06,alpha_025,0.25,0.6621146202087402,0.36812958121299744
p055__s07,p055,s07,alpha_025,0.25,0.4993770122528076,0.17168276011943817
p055__s08,p055,s08,alpha_025,0.25,0.5855289697647095,0.2216273844242096
p055__s09,p055,s09,alpha_025,0.25,0.5847304463386536,0.35742151737213135
p056__s00,p056,s00,alpha_025,0.25,0.5541738867759705,0.16265994310379028
p056__s01,p056,s01,alpha_025,0.25,0.8849822878837585,0.4047293961048126
p056__s02,p056,s02,alpha_025,0.25,0.6761720180511475,0.1931883990764618
p056__s03,p056,s03,alpha_025,0.25,0.7066234350204468,0.20121140778064728
p056__s04,p056,s04,alpha_025,0.25,0.6711896061897278,0.44754886627197266
p056__s05,p056,s05,alpha_025,0.25,0.7081646919250488,0.25681284070014954
p056__s06,p056,s06,alpha_025,0.25,0.8298361301422119,0.3629300594329834
p056__s07,p056,s07,alpha_025,0.25,0.5197348594665527,0.09199315309524536
p056__s08,p056,s08,alpha_025,0.25,0.724903404712677,0.25468236207962036
p056__s09,p056,s09,alpha_025,0.25,0.720353901386261,0.4786430299282074
p057__s00,p057,s00,alpha_025,0.25,0.46263331174850464,0.16579625010490417
p057__s01,p057,s01,alpha_025,0.25,0.8079820871353149,0.4511936902999878
p057__s02,p057,s02,alpha_025,0.25,0.623424232006073,0.32383638620376587
p057__s03,p057,s03,alpha_025,0.25,0.6995516419410706,0.1818968802690506
p057__s04,p057,s04,alpha_025,0.25,0.6495479345321655,0.17295408248901367
p057__s05,p057,s05,alpha_025,0.25,0.5596315860748291,0.3766886591911316
p057__s06,p057,s06,alpha_025,0.25,0.7878469824790955,0.5189998745918274
p057__s07,p057,s07,alpha_025,0.25,0.49548861384391785,0.18538543581962585
p057__s08,p057,s08,alpha_025,0.25,0.6270092725753784,0.244938462972641
p057__s09,p057,s09,alpha_025,0.25,0.5353256464004517,0.3473632335662842
p058__s00,p058,s00,alpha_025,0.25,0.37352490425109863,0.00867692194879055
p058__s01,p058,s01,alpha_025,0.25,0.6225911974906921,0.35168007016181946
p058__s02,p058,s02,alpha_025,0.25,0.49926114082336426,0.20225116610527039
p058__s03,p058,s03,alpha_025,0.25,0.4883233904838562,0.16241112351417542
p058__s04,p058,s04,alpha_025,0.25,0.45881208777427673,0.2814805805683136
p058__s05,p058,s05,alpha_025,0.25,0.5313825011253357,0.1470043808221817
p058__s06,p058,s06,alpha_025,0.25,0.6197843551635742,0.4209831953048706
p058__s07,p058,s07,alpha_025,0.25,0.3674832284450531,0.13718825578689575
p058__s08,p058,s08,alpha_025,0.25,0.4903164207935333,0.27669721841812134
p058__s09,p058,s09,alpha_025,0.25,0.5833333134651184,0.292733371257782
p059__s00,p059,s00,alpha_025,0.25,0.33625078201293945,0.3081616759300232
p059__s01,p059,s01,alpha_025,0.25,0.6190782785415649,0.575556218624115
p059__s02,p059,s02,alpha_025,0.25,0.44000357389450073,0.3382929861545563
p059__s03,p059,s03,alpha_025,0.25,0.4690275490283966,0.20815905928611755
p059__s04,p059,s04,alpha_025,0.25,0.46760955452919006,0.24831639230251312
p059__s05,p059,s05,alpha_025,0.25,0.4355103373527527,0.28324973583221436
p059__s06,p059,s06,alpha_025,0.25,0.5750405788421631,0.47545892000198364
p059__s07,p059,s07,alpha_025,0.25,0.40024691820144653,0.11988091468811035
p059__s08,p059,s08,alpha_025,0.25,0.45923447608947754,0.23756110668182373
p059__s09,p059,s09,alpha_025,0.25,0.42833220958709717,0.4969192147254944
p000__s00,p000,s00,alpha_050,0.5,0.45524877309799194,0.2987019419670105
p000__s01,p000,s01,alpha_050,0.5,0.8214532732963562,0.5077292323112488
p000__s02,p000,s02,alpha_050,0.5,0.6310153007507324,0.3749224543571472
p000__s03,p000,s03,alpha_050,0.5,0.6750080585479736,0.27775922417640686
p000__s04,p000,s04,alpha_050,0.5,0.6392483711242676,0.3747844099998474
p000__s05,p000,s05,alpha_050,0.5,0.5651919841766357,0.437625527381897
p000__s06,p000,s06,alpha_050,0.5,0.7381193041801453,0.5168729424476624
p000__s07,p000,s07,alpha_050,0.5,0.49836936593055725,0.243642196059227
p000__s08,p000,s08,alpha_050,0.5,0.5879843235015869,0.3044109344482422
p000__s09,p000,s09,alpha_050,0.5,0.5157920122146606,0.44831427931785583
p001__s00,p001,s00,alpha_050,0.5,0.2947525978088379,0.0922497883439064
p001__s01,p001,s01,alpha_050,0.5,0.5419944524765015,0.4386715590953827
p001__s02,p001,s02,alpha_050,0.5,0.4304673373699188,0.21514201164245605
p001__s03,p001,s03,alpha_050,0.5,0.5390903949737549,0.184806227684021
p001__s04,p001,s04,alpha_050,0.5,0.46250128746032715,0.27462413907051086
p001__s05,p001,s05,alpha_050,0.5,0.48027610778808594,0.2473672330379486
p001__s06,p001,s06,alpha_050,0.5,0.5820617079734802,0.4944678544998169
p001__s07,p001,s07,alpha_050,0.5,0.3597143590450287,0.06614808738231659
p001__s08,p001,s08,alpha_050,0.5,0.46704748272895813,0.208762526512146
p001__s09,p001,s09,alpha_050,0.5,0.5371526479721069,0.29903462529182434
p002__s00,p002,s00,alpha_050,0.5,0.48506584763526917,0.15709872543811798
p002__s01,p002,s01,alpha_050,0.5,0.37594056129455566,0.5195786952972412
p002__s02,p002,s02,alpha_050,0.5,0.5480388402938843,0.3350852131843567
p002__s03,p002,s03,alpha_050,0.5,0.49687460064888,0.24540230631828308
p002__s04,p002,s04,alpha_050,0.5,0.4676209092140198,0.2546579837799072
p002__s05,p002,s05,alpha_050,0.5,0.5617666840553284,0.36794108152389526
p002__s06,p002,s06,alpha_050,0.5,0.4683266878128052,0.5602623224258423
p002__s07,p002,s07,alpha_050,0.5,0.5098724365234375,0.14885321259498596
p002__s08,p002,s08,alpha_050,0.5,0.46065711975097656,0.31310728192329407
p002__s09,p002,s09,alpha_050,0.5,0.5629009008407593,0.38477933406829834
p003__s00,p003,s00,alpha_050,0.5,0.505729615688324,0.15432743728160858
p003__s01,p003,s01,alpha_050,0.5,0.8140665292739868,0.4761388301849365
p003__s02,p003,s02,alpha_050,0.5,0.6227535009384155,0.3807838559150696
p003__s03,p003,s03,alpha_050,0.5,0.6890730261802673,0.1338053047657013
p003__s04,p003,s04,alpha_050,0.5,0.6821312308311462,0.2378290295600891
p003__s05,p003,s05,alpha_050,0.5,0.5663387179374695,0.25304844975471497
p003__s06,p003,s06,alpha_050,0.5,0.7703719139099121,0.5131574273109436
p003__s07,p003,s07,alpha_050,0.5,0.4686221182346344,0.1871383935213089
p003__s08,p003,s08,alpha_050,0.5,0.5685424208641052,0.20428898930549622
p003__s09,p003,s09,alpha_050,0.5,0.5303682088851929,0.3699284791946411
p004__s00,p004,s00,alpha_050,0.5,0.5153039693832397,0.15552712976932526
p004__s01,p004,s01,alpha_050,0.5,0.8041043281555176,0.4335218071937561
p004__s02,p004,s02,alpha_050,0.5,0.7024024724960327,0.21814244985580444
p004__s03,p004,s03,alpha_050,0.5,0.7090582251548767,0.16286149621009827
p004__s04,p004,s04,alpha_050,0.5,0.6276572942733765,0.16560105979442596
p004__s05,p004,s05,alpha_050,0.5,0.661099374294281,0.2787843346595764
p004__s06,p004,s06,alpha_050,0.5,0.8268808126449585,0.34790024161338806
p004__s07,p004,s07,alpha_050,0.5,0.49446460604667664,0.1840343177318573
p004__s08,p004,s08,alpha_050,0.5,0.711086630821228,0.2547442615032196
p004__s09,p004,s09,alpha_050,0.5,0.6276388168334961,0.42006099224090576
p005__s00,p005,s00,alpha_050,0.5,0.5152192115783691,0.07538997381925583
p005__s01,p005,s01,alpha_050,0.5,0.7394548654556274,0.48675698041915894
p005__s02,p005,s02,alpha_050,0.5,0.6189104318618774,0.1668124794960022
p005__s03,p005,s03,alpha_050,0.5,0.5862126350402832,0.16784065961837769
p005__s04,p005,s04,alpha_050,0.5,0.56194007396698,0.3130494952201843
p005__s05,p005,s05,alpha_050,0.5,0.6581234335899353,0.20978200435638428
p005__s06,p005,s06,alpha_050,0.5,0.7013862133026123,0.4559030532836914
p005__s07,p005,s07,alpha_050,0.5,0.5533857941627502,0.1432436853647232
p005__s08,p005,s08,alpha_050,0.5,0.6312296986579895,0.3315753936767578
p005__s09,p005,s09,alpha_050,0.5,0.6534488201141357,0.4730583131313324
p006__s00,p006,s00,alpha_050,0.5,0.4280407428741455,0.2546568512916565
p006__s01,p006,s01,alpha_050,0.5,0.6945803165435791,0.6191933751106262
p006__s02,p006,s02,alpha_050,0.5,0.5617315173149109,0.29524871706962585
p006__s03,p006,s03,alpha_050,0.5,0.5801994204521179,0.24921217560768127
p006__s04,p006,s04,alpha_050,0.5,0.5482732653617859,0.3163556456565857
p006__s05,p006,s05,alpha_050,0.5,0.5774257183074951,0.31124037504196167
p006__s06,p006,s06,alpha_050,0.5,0.6985102891921997,0.5137501955032349
p006__s07,p006,s07,alpha_050,0.5,0.4682922959327698,0.19614362716674805
p006__s08,p006,s08,alpha_050,0.5,0.6083294749259949,0.22948186099529266
p006__s09,p006,s09,alpha_050,0.5,0.5622910857200623,0.4616466760635376
p007__s00,p007,s00,alpha_050,0.5,0.645774781703949,0.007463463582098484
p007__s01,p007,s01,alpha_050,0.5,0.20519328117370605,0.5493661761283875
p007__s02,p007,s02,alpha_050,0.5,0.6355350017547607,0.25077879428863525
p007__s03,p007,s03,alpha_050,0.5,0.6555002331733704,0.23453466594219208
p007__s04,p007,s04,alpha_050,0.5,0.6280937194824219,0.2588644027709961
p007__s05,p007,s05,alpha_050,0.5,0.6944676637649536,0.27402955293655396
p007__s06,p007,s06,alpha_050,0.5,0.5979053378105164,0.543877363204956
p007__s07,p007,s07,alpha_050,0.5,0.6172476410865784,0.20853151381015778
p007__s08,p007,s08,alpha_050,0.5,0.5840497612953186,0.2692279815673828
p007__s09,p007,s09,alpha_050,0.5,0.7294332981109619,0.39894965291023254
p008__s00,p008,s00,alpha_050,0.5,0.37050026655197144,0.13016460835933685
p008__s01,p008,s01,alpha_050,0.5,0.5687278509140015,0.4796275496482849
p008__s02,p008,s02,alpha_050,0.5,0.49812400341033936,0.3154587745666504
p008__s03,p008,s03,alpha_050,0.5,0.49035966396331787,0.1708180010318756
p008__s04,p008,s04,alpha_050,0.5,0.47110435366630554,0.27521398663520813
p008__s05,p008,s05,alpha_050,0.5,0.5205565690994263,0.2594014108181
p008__s06,p008,s06,alpha_050,0.5,0.6381731629371643,0.4181637763977051
p008__s07,p008,s07,alpha_050,0.5,0.3852689862251282,0.08302872627973557
p008__s08,p008,s08,alpha_050,0.5,0.5365102887153625,0.22955957055091858
p008__s09,p008,s09,alpha_050,0.5,0.6035957336425781,0.2574802041053772
p009__s00,p009,s00,alpha_050,0.5,0.4625549018383026,0.20973968505859375
p009__s01,p009,s01,alpha_050,0.5,0.6453412771224976,0.4375864863395691
p009__s02,p009,s02,alpha_050,0.5,0.6000533103942871,0.31366515159606934
p009__s03,p009,s03,alpha_050,0.5,0.6442663073539734,0.2297539860010147
p009__s04,p009,s04,alpha_050,0.5,0.6070404648780823,0.1802060902118683
p009__s05,p009,s05,alpha_050,0.5,0.5331127643585205,0.35765376687049866
p009__s06,p009,s06,alpha_050,0.5,0.6461750268936157,0.44046613574028015
p009__s07,p009,s07,alpha_050,0.5,0.5099284052848816,0.1384660005569458
p009__s08,p009,s08,alpha_050,0.5,0.532326340675354,0.1748930811882019
p009__s09,p009,s09,alpha_050,0.5,0.4916154146194458,0.4083517789840698
p010__s00,p010,s00,alpha_050,0.5,0.36279213428497314,0.12420831620693207
p010__s01,p010,s01,alpha_050,0.5,0.5773431658744812,0.47816795110702515
p010__s02,p010,s02,alpha_050,0.5,0.4944738447666168,0.2811596393585205
p010__s03,p010,s03,alpha_050,0.5,0.5291006565093994,0.32295870780944824
p010__s04,p010,s04,alpha_050,0.5,0.49374479055404663,0.36227667331695557
p010__s05,p010,s05,alpha_050,0.5,0.4830564260482788,0.35333967208862305
p010__s06,p010,s06,alpha_050,0.5,0.566638708114624,0.4751824140548706
p010__s07,p010,s07,alpha_050,0.5,0.42371293902397156,0.15896734595298767
p010__s08,p010,s08,alpha_050,0.5,0.47662097215652466,0.2344421148300171
p010__s09,p010,s09,alpha_050,0.5,0.45608481764793396,0.40258458256721497
p011__s00,p011,s00,alpha_050,0.5,0.2645367980003357,0.08956622332334518
p011__s01,p011,s01,alpha_050,0.5,0.6018499732017517,0.655709445476532
p011__s02,p011,s02,alpha_050,0.5,0.38008958101272583,0.37423354387283325
p011__s03,p011,s03,alpha_050,0.5,0.4932667315006256,0.23496493697166443
p011__s04,p011,s04,alpha_050,0.5,0.4938065707683563,0.40284597873687744
p011__s05,p011,s05,alpha_050,0.5,0.3796789050102234,0.3776591718196869
p011__s06,p011,s06,alpha_050,0.5,0.5442079305648804,0.5762331485748291
p011__s07,p011,s07,alpha_050,0.5,0.33321282267570496,0.15431199967861176
p011__s08,p011,s08,alpha_050,0.5,0.3413161039352417,0.34831130504608154
p011__s09,p011,s09,alpha_050,0.5,0.36351388692855835,0.5740571022033691
p012__s00,p012,s00,alpha_050,0.5,0.3572809100151062,0.13024356961250305
p012__s01,p012,s01,alpha_050,0.5,0.7382487654685974,0.4999702572822571
p012__s02,p012,s02,alpha_050,0.5,0.5335394144058228,0.2106071263551712
p012__s03,p012,s03,alpha_050,0.5,0.5269543528556824,0.21237725019454956
p012__s04,p012,s04,alpha_050,0.5,0.5259835720062256,0.24781197309494019
p012__s05,p012,s05,alpha_050,0.5,0.4995298385620117,0.2849588692188263
p012__s06,p012,s06,alpha_050,0.5,0.6696443557739258,0.48898375034332275
p012__s07,p012,s07,alpha_050,0.5,0.3472021818161011,0.2483254075050354
p012__s08,p012,s08,alpha_050,0.5,0.47469544410705566,0.33972132205963135
p012__s09,p012,s09,alpha_050,0.5,0.49867159128189087,0.5034635066986084
p013__s00,p013,s00,alpha_050,0.5,0.471544474363327,0.14410558342933655
p013__s01,p013,s01,alpha_050,0.5,0.6566421985626221,0.48850902915000916
p013__s02,p013,s02,alpha_050,0.5,0.5663608312606812,0.313659131526947
p013__s03,p013,s03,alpha_050,0.5,0.5728487968444824,0.22881364822387695
p013__s04,p013,s04,alpha_050,0.5,0.5348182916641235,0.23914086818695068
p013__s05,p013,s05,alpha_050,0.5,0.5848915576934814,0.34235721826553345
p013__s06,p013,s06,alpha_050,0.5,0.6231924295425415,0.4118807017803192
p013__s07,p013,s07,alpha_050,0.5,0.5398040413856506,0.275123655796051
p013__s08,p013,s08,alpha_050,0.5,0.5536486506462097,0.2821953594684601
p013__s09,p013,s09,alpha_050,0.5,0.5654421448707581,0.46830815076828003
p014__s00,p014,s00,alpha_050,0.5,0.42481258511543274,0.13620495796203613
p014__s01,p014,s01,alpha_050,0.5,0.7169678807258606,0.44160979986190796
p014__s02,p014,s02,alpha_050,0.5,0.6239696145057678,0.27588069438934326
p014__s03,p014,s03,alpha_050,0.5,0.6759768128395081,0.15619570016860962
p014__s04,p014,s04,alpha_050,0.5,0.6521433591842651,0.2782838046550751
p014__s05,p014,s05,alpha_050,0.5,0.5003674626350403,0.18910536170005798
p014__s06,p014,s06,alpha_050,0.5,0.7452601194381714,0.5320941209793091
p014__s07,p014,s07,alpha_050,0.5,0.4656219184398651,0.18202179670333862
p014__s08,p014,s08,alpha_050,0.5,0.5483405590057373,0.20241014659404755
p014__s09,p014,s09,alpha_050,0.5,0.414228230714798,0.4586750268936157
p015__s00,p015,s00,alpha_050,0.5,0.43617796897888184,0.1780814230442047
p015__s01,p015,s01,alpha_050,0.5,0.7732462286949158,0.5878456830978394
p015__s02,p015,s02,alpha_050,0.5,0.5966642498970032,0.25234276056289673
p015__s03,p015,s03,alpha_050,0.5,0.636857271194458,0.190251424908638
p015__s04,p015,s04,alpha_050,0.5,0.5938222408294678,0.19221942126750946
p015__s05,p015,s05,alpha_050,0.5,0.5859017372131348,0.21314643323421478
p015__s06,p015,s06,alpha_050,0.5,0.7550402879714966,0.3791083097457886
p015__s07,p015,s07,alpha_050,0.5,0.45482903718948364,0.1978764832019806
p015__s08,p015,s08,alpha_050,0.5,0.6362992525100708,0.25352150201797485
p015__s09,p015,s09,alpha_050,0.5,0.5746952295303345,0.4422748386859894
p016__s00,p016,s00,alpha_050,0.5,0.627192497253418,0.22602874040603638
p016__s01,p016,s01,alpha_050,0.5,0.63329017162323,0.4730759859085083
p016__s02,p016,s02,alpha_050,0.5,0.6654970645904541,0.27681657671928406
p016__s03,p016,s03,alpha_050,0.5,0.6300123333930969,0.18018941581249237
p016__s04,p016,s04,alpha_050,0.5,0.5101311206817627,0.18704769015312195
p016__s05,p016,s05,alpha_050,0.5,0.7455899119377136,0.30444806814193726
p016__s06,p016,s06,alpha_050,0.5,0.6818164587020874,0.42175209522247314
p016__s07,p016,s07,alpha_050,0.5,0.6338391304016113,0.2621940076351166
p016__s08,p016,s08,alpha_050,0.5,0.7358348369598389,0.2991294264793396
p016__s09,p016,s09,alpha_050,0.5,0.7346680164337158,0.4549529552459717
p017__s00,p017,s00,alpha_050,0.5,0.5944628715515137,0.17974086105823517
p017__s01,p017,s01,alpha_050,0.5,0.82158362865448,0.5159132480621338
p017__s02,p017,s02,alpha_050,0.5,0.7763497233390808,0.184335857629776
p017__s03,p017,s03,alpha_050,0.5,0.8518046736717224,0.18006256222724915
p017__s04,p017,s04,alpha_050,0.5,0.8515469431877136,0.17976495623588562
p017__s05,p017,s05,alpha_050,0.5,0.6144689917564392,0.2244182825088501
p017__s06,p017,s06,alpha_050,0.5,0.8719913959503174,0.43310606479644775
p017__s07,p017,s07,alpha_050,0.5,0.584950864315033,0.21330001950263977
p017__s08,p017,s08,alpha_050,0.5,0.6342365145683289,0.20825058221817017
p017__s09,p017,s09,alpha_050,0.5,0.5422773957252502,0.36183613538742065
p018__s00,p018,s00,alpha_050,0.5,0.426229864358902,0.14017388224601746
p018__s01,p018,s01,alpha_050,0.5,0.7785793542861938,0.5259925127029419
p018__s02,p018,s02,alpha_050,0.5,0.5995503664016724,0.29939401149749756
p018__s03,p018,s03,alpha_050,0.5,0.5676132440567017,0.21305707097053528
p018__s04,p018,s04,alpha_050,0.5,0.5352527499198914,0.3727160692214966
p018__s05,p018,s05,alpha_050,0.5,0.5852621793746948,0.3955010175704956
p018__s06,p018,s06,alpha_050,0.5,0.71663498878479,0.5456867814064026
p018__s07,p018,s07,alpha_050,0.5,0.4350457787513733,0.22189144790172577
p018__s08,p018,s08,alpha_050,0.5,0.5853034257888794,0.27928316593170166
p018__s09,p018,s09,alpha_050,0.5,0.5755311250686646,0.38702306151390076
p019__s00,p019,s00,alpha_050,0.5,0.45258694887161255,0.09549997746944427
p019__s01,p019,s01,alpha_050,0.5,0.596697986125946,0.5021640062332153
p019__s02,p019,s02,alpha_050,0.5,0.5399200916290283,0.338312029838562
p019__s03,p019,s03,alpha_050,0.5,0.5407688617706299,0.2691578269004822
p019__s04,p019,s04,alpha_050,0.5,0.44072994589805603,0.1825120449066162
p019__s05,p019,s05,alpha_050,0.5,0.616629958152771,0.30303895473480225
p019__s06,p019,s06,alpha_050,0.5,0.6438313722610474,0.4707529842853546
p019__s07,p019,s07,alpha_050,0.5,0.46917837858200073,0.15026596188545227
p019__s08,p019,s08,alpha_050,0.5,0.5976364612579346,0.2441575825214386
p019__s09,p019,s09,alpha_050,0.5,0.6593480110168457,0.34363114833831787
p020__s00,p020,s00,alpha_050,0.5,0.4251404404640198,0.11924874782562256
p020__s01,p020,s01,alpha_050,0.5,0.8427048921585083,0.4511989951133728
p020__s02,p020,s02,alpha_050,0.5,0.640534520149231,0.15194976329803467
p020__s03,p020,s03,alpha_050,0.5,0.6855106949806213,0.13861271739006042
p020__s04,p020,s04,alpha_050,0.5,0.6294469833374023,0.3158414959907532
p020__s05,p020,s05,alpha_050,0.5,0.6059545278549194,0.24548572301864624
p020__s06,p020,s06,alpha_050,0.5,0.7342814207077026,0.3590710759162903
p020__s07,p020,s07,alpha_050,0.5,0.3912937045097351,0.14161548018455505
p020__s08,p020,s08,alpha_050,0.5,0.5773131847381592,0.32031023502349854
p020__s09,p020,s09,alpha_050,0.5,0.5953794121742249,0.3819992244243622
p021__s00,p021,s00,alpha_050,0.5,0.5269022583961487,0.18554067611694336
p021__s01,p021,s01,alpha_050,0.5,0.8370446562767029,0.5107578039169312
p021__s02,p021,s02,alpha_050,0.5,0.7057276964187622,0.28521138429641724
p021__s03,p021,s03,alpha_050,0.5,0.6962860226631165,0.21736861765384674
p021__s04,p021,s04,alpha_050,0.5,0.6803686022758484,0.26231834292411804
p021__s05,p021,s05,alpha_050,0.5,0.6759107112884521,0.35893529653549194
p021__s06,p021,s06,alpha_050,0.5,0.8404793739318848,0.528583824634552
p021__s07,p021,s07,alpha_050,0.5,0.5396170616149902,0.16025906801223755
p021__s08,p021,s08,alpha_050,0.5,0.7078657150268555,0.2206604927778244
p021__s09,p021,s09,alpha_050,0.5,0.6425920724868774,0.38994139432907104
p022__s00,p022,s00,alpha_050,0.5,0.46086370944976807,0.12860271334648132
p022__s01,p022,s01,alpha_050,0.5,0.44464755058288574,0.5317976474761963
p022__s02,p022,s02,alpha_050,0.5,0.49266695976257324,0.33061784505844116
p022__s03,p022,s03,alpha_050,0.5,0.49298542737960815,0.1751575469970703
p022__s04,p022,s04,alpha_050,0.5,0.47656381130218506,0.2609112560749054
p022__s05,p022,s05,alpha_050,0.5,0.5434464812278748,0.3243185579776764
p022__s06,p022,s06,alpha_050,0.5,0.4434381127357483,0.5073370933532715
p022__s07,p022,s07,alpha_050,0.5,0.50887131690979,0.19929325580596924
p022__s08,p022,s08,alpha_050,0.5,0.4383314251899719,0.27598002552986145
p022__s09,p022,s09,alpha_050,0.5,0.529056966304779,0.4093781113624573
p023__s00,p023,s00,alpha_050,0.5,0.4051961898803711,0.11046537011861801
p023__s01,p023,s01,alpha_050,0.5,0.46167412400245667,0.48432281613349915
p023__s02,p023,s02,alpha_050,0.5,0.5914807915687561,0.23858007788658142
p023__s03,p023,s03,alpha_050,0.5,0.5963159203529358,0.15788045525550842
p023__s04,p023,s04,alpha_050,0.5,0.6758230924606323,0.27669891715049744
p023__s05,p023,s05,alpha_050,0.5,0.44579580426216125,0.26247620582580566
p023__s06,p023,s06,alpha_050,0.5,0.6173515319824219,0.4331130087375641
p023__s07,p023,s07,alpha_050,0.5,0.4282636344432831,0.16124436259269714
p023__s08,p023,s08,alpha_050,0.5,0.39311832189559937,0.21380093693733215
p023__s09,p023,s09,alpha_050,0.5,0.4354540705680847,0.33221274614334106
p024__s00,p024,s00,alpha_050,0.5,0.608288586139679,0.18987925350666046
p024__s01,p024,s01,alpha_050,0.5,0.3605403006076813,0.5023927688598633
p024__s02,p024,s02,alpha_050,0.5,0.6235196590423584,0.26172250509262085
p024__s03,p024,s03,alpha_050,0.5,0.639802098274231,0.1857023984193802
p024__s04,p024,s04,alpha_050,0.5,0.710198163986206,0.19415414333343506
p024__s05,p024,s05,alpha_050,0.5,0.656789243221283,0.26043736934661865
p024__s06,p024,s06,alpha_050,0.5,0.6045997142791748,0.4552117586135864
p024__s07,p024,s07,alpha_050,0.5,0.6014379262924194,0.22477343678474426
p024__s08,p024,s08,alpha_050,0.5,0.5447415113449097,0.21327003836631775
p024__s09,p024,s09,alpha_050,0.5,0.6710088849067688,0.39151567220687866
p025__s00,p025,s00,alpha_050,0.5,0.3753441274166107,0.13485926389694214
p025__s01,p025,s01,alpha_050,0.5,0.6549821496009827,0.6088582873344421
p025__s02,p025,s02,alpha_050,0.5,0.5231409668922424,0.2516912817955017
p025__s03,p025,s03,alpha_050,0.5,0.5365002155303955,0.18178176879882812
p025__s04,p025,s04,alpha_050,0.5,0.5213478207588196,0.27694231271743774
p025__s05,p025,s05,alpha_050,0.5,0.4880915880203247,0.23723894357681274
p025__s06,p025,s06,alpha_050,0.5,0.6202621459960938,0.44276127219200134
p025__s07,p025,s07,alpha_050,0.5,0.4160423278808594,0.08326102793216705
p025__s08,p025,s08,alpha_050,0.5,0.4852476119995117,0.22405493259429932
p025__s09,p025,s09,alpha_050,0.5,0.44810426235198975,0.4351857304573059
p026__s00,p026,s00,alpha_050,0.5,0.5021840333938599,0.07487351447343826
p026__s01,p026,s01,alpha_050,0.5,0.6436864137649536,0.499125212430954
p026__s02,p026,s02,alpha_050,0.5,0.6130226254463196,0.1631593108177185
p026__s03,p026,s03,alpha_050,0.5,0.5583524703979492,0.14389769732952118
p026__s04,p026,s04,alpha_050,0.5,0.553328275680542,0.19358590245246887
p026__s05,p026,s05,alpha_050,0.5,0.6490548849105835,0.17081519961357117
p026__s06,p026,s06,alpha_050,0.5,0.6856896877288818,0.3415541648864746
p026__s07,p026,s07,alpha_050,0.5,0.5017277002334595,0.025114145129919052
p026__s08,p026,s08,alpha_050,0.5,0.6054683923721313,0.2090854048728943
p026__s09,p026,s09,alpha_050,0.5,0.6373940110206604,0.2735438942909241
p027__s00,p027,s00,alpha_050,0.5,0.5571964979171753,0.12332453578710556
p027__s01,p027,s01,alpha_050,0.5,0.7855773568153381,0.43107229471206665
p027__s02,p027,s02,alpha_050,0.5,0.6501643657684326,0.20593872666358948
p027__s03,p027,s03,alpha_050,0.5,0.6200481653213501,0.25471484661102295
p027__s04,p027,s04,alpha_050,0.5,0.5595697164535522,0.2689012289047241
p027__s05,p027,s05,alpha_050,0.5,0.6687254905700684,0.2762588858604431
p027__s06,p027,s06,alpha_050,0.5,0.7164660692214966,0.5158966779708862
p027__s07,p027,s07,alpha_050,0.5,0.565902590751648,0.273942768573761
p027__s08,p027,s08,alpha_050,0.5,0.6582562923431396,0.2796279191970825
p027__s09,p027,s09,alpha_050,0.5,0.678543746471405,0.36820000410079956
p028__s00,p028,s00,alpha_050,0.5,0.46150916814804077,0.15763625502586365
p028__s01,p028,s01,alpha_050,0.5,0.6052146553993225,0.5175900459289551
p028__s02,p028,s02,alpha_050,0.5,0.5473775267601013,0.29519525170326233
p028__s03,p028,s03,alpha_050,0.5,0.5600072145462036,0.19340747594833374
p028__s04,p028,s04,alpha_050,0.5,0.45552513003349304,0.27183064818382263
p028__s05,p028,s05,alpha_050,0.5,0.5936102867126465,0.23130503296852112
p028__s06,p028,s06,alpha_050,0.5,0.6293132901191711,0.4309310019016266
p028__s07,p028,s07,alpha_050,0.5,0.5008529424667358,0.24117235839366913
p028__s08,p028,s08,alpha_050,0.5,0.6200484037399292,0.3044784665107727
p028__s09,p028,s09,alpha_050,0.5,0.6211684942245483,0.4371880888938904
p029__s00,p029,s00,alpha_050,0.5,0.4427708089351654,0.08821741491556168
p029__s01,p029,s01,alpha_050,0.5,0.792599618434906,0.48601824045181274
p029__s02,p029,s02,alpha_050,0.5,0.6032695770263672,0.28198912739753723
p029__s03,p029,s03,alpha_050,0.5,0.5911719799041748,0.27686911821365356
p029__s04,p029,s04,alpha_050,0.5,0.5609114170074463,0.30977100133895874
p029__s05,p029,s05,alpha_050,0.5,0.5850517153739929,0.39131030440330505
p029__s06,p029,s06,alpha_050,0.5,0.7348811030387878,0.5121198296546936
p029__s07,p029,s07,alpha_050,0.5,0.47787541151046753,0.16204707324504852
p029__s08,p029,s08,alpha_050,0.5,0.6236600875854492,0.25063827633857727
p029__s09,p029,s09,alpha_050,0.5,0.5743401646614075,0.42414021492004395
p030__s00,p030,s00,alpha_050,0.5,0.3209332227706909,0.22129002213478088
p030__s01,p030,s01,alpha_050,0.5,0.7007023692131042,0.5864730477333069
p030__s02,p030,s02,alpha_050,0.5,0.4955899119377136,0.3147125840187073
p030__s03,p030,s03,alpha_050,0.5,0.42567917704582214,0.13790422677993774
p030__s04,p030,s04,alpha_050,0.5,0.4561167359352112,0.2993982434272766
p030__s05,p030,s05,alpha_050,0.5,0.3821237087249756,0.30405181646347046
p030__s06,p030,s06,alpha_050,0.5,0.5623536705970764,0.6015259027481079
p030__s07,p030,s07,alpha_050,0.5,0.38569414615631104,0.2277795672416687
p030__s08,p030,s08,alpha_050,0.5,0.41341543197631836,0.3102128207683563
p030__s09,p030,s09,alpha_050,0.5,0.37589967250823975,0.5973566174507141
p031__s00,p031,s00,alpha_050,0.5,0.4785291850566864,0.25839048624038696
p031__s01,p031,s01,alpha_050,0.5,0.7328089475631714,0.5008364915847778
p031__s02,p031,s02,alpha_050,0.5,0.6433063745498657,0.2361500859260559
p031__s03,p031,s03,alpha_050,0.5,0.7148655652999878,0.25863921642303467
p031__s04,p031,s04,alpha_050,0.5,0.698485255241394,0.25685232877731323
p031__s05,p031,s05,alpha_050,0.5,0.5456984639167786,0.38770535588264465
p031__s06,p031,s06,alpha_050,0.5,0.7445759773254395,0.4247536361217499
p031__s07,p031,s07,alpha_050,0.5,0.5259453654289246,0.15696099400520325
p031__s08,p031,s08,alpha_050,0.5,0.5756756067276001,0.17429524660110474
p031__s09,p031,s09,alpha_050,0.5,0.4671720862388611,0.4485446512699127
p032__s00,p032,s00,alpha_050,0.5,0.5399017333984375,0.10995613783597946
p032__s01,p032,s01,alpha_050,0.5,0.6905152797698975,0.49531662464141846
p032__s02,p032,s02,alpha_050,0.5,0.6079570651054382,0.372052401304245
p032__s03,p032,s03,alpha_050,0.5,0.5781141519546509,0.1770465075969696
p032__s04,p032,s04,alpha_050,0.5,0.5048540830612183,0.19195954501628876
p032__s05,p032,s05,alpha_050,0.5,0.6494177579879761,0.26063066720962524
p032__s06,p032,s06,alpha_050,0.5,0.5992413759231567,0.493770569562912
p032__s07,p032,s07,alpha_050,0.5,0.6172968745231628,0.16213536262512207
p032__s08,p032,s08,alpha_050,0.5,0.6146894693374634,0.2166323959827423
p032__s09,p032,s09,alpha_050,0.5,0.6523255705833435,0.4650229811668396
p033__s00,p033,s00,alpha_050,0.5,0.4425247609615326,0.07584190368652344
p033__s01,p033,s01,alpha_050,0.5,0.6207298040390015,0.4610240161418915
p033__s02,p033,s02,alpha_050,0.5,0.5958638191223145,0.24030368030071259
p033__s03,p033,s03,alpha_050,0.5,0.6223618984222412,0.20858798921108246
p033__s04,p033,s04,alpha_050,0.5,0.653390645980835,0.18159198760986328
p033__s05,p033,s05,alpha_050,0.5,0.4424375295639038,0.19216710329055786
p033__s06,p033,s06,alpha_050,0.5,0.6508697271347046,0.5518688559532166
p033__s07,p033,s07,alpha_050,0.5,0.44443607330322266,0.19252541661262512
p033__s08,p033,s08,alpha_050,0.5,0.45524346828460693,0.27391189336776733
p033__s09,p033,s09,alpha_050,0.5,0.35834434628486633,0.44515907764434814
p034__s00,p034,s00,alpha_050,0.5,0.35295575857162476,0.21055728197097778
p034__s01,p034,s01,alpha_050,0.5,0.6320704817771912,0.45888087153434753
p034__s02,p034,s02,alpha_050,0.5,0.48591697216033936,0.17808674275875092
p034__s03,p034,s03,alpha_050,0.5,0.4360732436180115,0.25149691104888916
p034__s04,p034,s04,alpha_050,0.5,0.3957796096801758,0.29144954681396484
p034__s05,p034,s05,alpha_050,0.5,0.4787580966949463,0.3518263101577759
p034__s06,p034,s06,alpha_050,0.5,0.5684057474136353,0.41270357370376587
p034__s07,p034,s07,alpha_050,0.5,0.396444708108902,0.2359529435634613
p034__s08,p034,s08,alpha_050,0.5,0.5026317238807678,0.2919759154319763
p034__s09,p034,s09,alpha_050,0.5,0.5130399465560913,0.5415467023849487
p035__s00,p035,s00,alpha_050,0.5,0.5331383943557739,0.11051937937736511
p035__s01,p035,s01,alpha_050,0.5,0.8180344104766846,0.4490915536880493
p035__s02,p035,s02,alpha_050,0.5,0.5902406573295593,0.2022402286529541
p035__s03,p035,s03,alpha_050,0.5,0.4863255023956299,0.24348874390125275
p035__s04,p035,s04,alpha_050,0.5,0.5382803082466125,0.3571181893348694
p035__s05,p035,s05,alpha_050,0.5,0.6068953275680542,0.2893558740615845
p035__s06,p035,s06,alpha_050,0.5,0.5964391231536865,0.4756913185119629
p035__s07,p035,s07,alpha_050,0.5,0.5630378723144531,0.2763940691947937
p035__s08,p035,s08,alpha_050,0.5,0.5466275215148926,0.24264733493328094
p035__s09,p035,s09,alpha_050,0.5,0.6546611785888672,0.28182896971702576
p036__s00,p036,s00,alpha_050,0.5,0.3168734610080719,0.06623124331235886
p036__s01,p036,s01,alpha_050,0.5,0.5996861457824707,0.5245614051818848
p036__s02,p036,s02,alpha_050,0.5,0.4660295844078064,0.14780357480049133
p036__s03,p036,s03,alpha_050,0.5,0.48368126153945923,0.1629405915737152
p036__s04,p036,s04,alpha_050,0.5,0.4383796453475952,0.27779388427734375
p036__s05,p036,s05,alpha_050,0.5,0.4976631700992584,0.2586519718170166
p036__s06,p036,s06,alpha_050,0.5,0.5859419107437134,0.4647887349128723
p036__s07,p036,s07,alpha_050,0.5,0.37801605463027954,0.09253503382205963
p036__s08,p036,s08,alpha_050,0.5,0.4653756022453308,0.18159350752830505
p036__s09,p036,s09,alpha_050,0.5,0.543510913848877,0.3823891282081604
p037__s00,p037,s00,alpha_050,0.5,0.4050479531288147,0.20210187137126923
p037__s01,p037,s01,alpha_050,0.5,0.7370752692222595,0.5816818475723267
p037__s02,p037,s02,alpha_050,0.5,0.5589414834976196,0.41153404116630554
p037__s03,p037,s03,alpha_050,0.5,0.602708637714386,0.24104680120944977
p037__s04,p037,s04,alpha_050,0.5,0.48356813192367554,0.2768867015838623
p037__s05,p037,s05,alpha_050,0.5,0.5638327598571777,0.3910938799381256
p037__s06,p037,s06,alpha_050,0.5,0.6754339933395386,0.5741841197013855
p037__s07,p037,s07,alpha_050,0.5,0.4209896922111511,0.2573152780532837
p037__s08,p037,s08,alpha_050,0.5,0.5538412928581238,0.37055540084838867
p037__s09,p037,s09,alpha_050,0.5,0.5714346170425415,0.5160753726959229
p038__s00,p038,s00,alpha_050,0.5,0.5506946444511414,0.1558411717414856
p038__s01,p038,s01,alpha_050,0.5,0.30620643496513367,0.48424530029296875
p038__s02,p038,s02,alpha_050,0.5,0.5569790601730347,0.3771938681602478
p038__s03,p038,s03,alpha_050,0.5,0.6218090653419495,0.21748271584510803
p038__s04,p038,s04,alpha_050,0.5,0.6340407729148865,0.29628950357437134
p038__s05,p038,s05,alpha_050,0.5,0.5941181182861328,0.38078925013542175
p038__s06,p038,s06,alpha_050,0.5,0.4808773398399353,0.5172202587127686
p038__s07,p038,s07,alpha_050,0.5,0.5845067501068115,0.22829878330230713
p038__s08,p038,s08,alpha_050,0.5,0.49357616901397705,0.28646308183670044
p038__s09,p038,s09,alpha_050,0.5,0.6028443574905396,0.4153837561607361
p039__s00,p039,s00,alpha_050,0.5,0.5362190008163452,0.032112885266542435
p039__s01,p039,s01,alpha_050,0.5,0.6383183002471924,0.48330891132354736
p039__s02,p039,s02,alpha_050,0.5,0.6209586262702942,0.2160419374704361
p039__s03,p039,s03,alpha_050,0.5,0.6558437943458557,0.232765793800354
p039__s04,p039,s04,alpha_050,0.5,0.6843234300613403,0.3748997747898102
p039__s05,p039,s05,alpha_050,0.5,0.56439208984375,0.16428682208061218
p039__s06,p039,s06,alpha_050,0.5,0.6830530166625977,0.47694674134254456
p039__s07,p039,s07,alpha_050,0.5,0.5383040904998779,0.20104283094406128
p039__s08,p039,s08,alpha_050,0.5,0.4988732635974884,0.2162693440914154
p039__s09,p039,s09,alpha_050,0.5,0.522342324256897,0.408290833234787
p040__s00,p040,s00,alpha_050,0.5,0.4210837781429291,0.16637015342712402
p040__s01,p040,s01,alpha_050,0.5,0.4323933720588684,0.5306869745254517
p040__s02,p040,s02,alpha_050,0.5,0.4435112476348877,0.3376138508319855
p040__s03,p040,s03,alpha_050,0.5,0.482529878616333,0.2672218084335327
p040__s04,p040,s04,alpha_050,0.5,0.47861891984939575,0.4010317027568817
p040__s05,p040,s05,alpha_050,0.5,0.4579886496067047,0.36993956565856934
p040__s06,p040,s06,alpha_050,0.5,0.49078047275543213,0.5836279392242432
p040__s07,p040,s07,alpha_050,0.5,0.4298862814903259,0.27675580978393555
p040__s08,p040,s08,alpha_050,0.5,0.3940739631652832,0.4334573447704315
p040__s09,p040,s09,alpha_050,0.5,0.5085048675537109,0.5566248893737793
p041__s00,p041,s00,alpha_050,0.5,0.561745285987854,0.17842835187911987
p041__s01,p041,s01,alpha_050,0.5,0.7488178610801697,0.46310991048812866
p041__s02,p041,s02,alpha_050,0.5,0.6698421239852905,0.18533587455749512
p041__s03,p041,s03,alpha_050,0.5,0.6640701293945312,0.1353394240140915
p041__s04,p041,s04,alpha_050,0.5,0.5874708294868469,0.1663520783185959
p041__s05,p041,s05,alpha_050,0.5,0.6982033252716064,0.17997504770755768
p041__s06,p041,s06,alpha_050,0.5,0.7295706868171692,0.2900325655937195
p041__s07,p041,s07,alpha_050,0.5,0.560592532157898,0.2708151936531067
p041__s08,p041,s08,alpha_050,0.5,0.720816433429718,0.24900901317596436
p041__s09,p041,s09,alpha_050,0.5,0.6706964373588562,0.40049099922180176
p042__s00,p042,s00,alpha_050,0.5,0.4333696663379669,0.15509626269340515
p042__s01,p042,s01,alpha_050,0.5,0.6434081792831421,0.6041420698165894
p042__s02,p042,s02,alpha_050,0.5,0.5262206196784973,0.33486688137054443
p042__s03,p042,s03,alpha_050,0.5,0.5382125973701477,0.21763105690479279
p042__s04,p042,s04,alpha_050,0.5,0.5080769062042236,0.1696636974811554
p042__s05,p042,s05,alpha_050,0.5,0.5920373201370239,0.37514951825141907
p042__s06,p042,s06,alpha_050,0.5,0.638908326625824,0.5788772106170654
p042__s07,p042,s07,alpha_050,0.5,0.4482147693634033,0.14847159385681152
p042__s08,p042,s08,alpha_050,0.5,0.5527129769325256,0.2292872667312622
p042__s09,p042,s09,alpha_050,0.5,0.6092138886451721,0.38077765703201294
p043__s00,p043,s00,alpha_050,0.5,0.47372737526893616,0.07008987665176392
p043__s01,p043,s01,alpha_050,0.5,0.7032474875450134,0.4986593723297119
p043__s02,p043,s02,alpha_050,0.5,0.5929615497589111,0.2101089358329773
p043__s03,p043,s03,alpha_050,0.5,0.542235791683197,0.21753978729248047
p043__s04,p043,s04,alpha_050,0.5,0.5412169694900513,0.205590158700943
p043__s05,p043,s05,alpha_050,0.5,0.6005063652992249,0.20412397384643555
p043__s06,p043,s06,alpha_050,0.5,0.6826170682907104,0.4456712007522583
p043__s07,p043,s07,alpha_050,0.5,0.4812370836734772,0.12265075743198395
p043__s08,p043,s08,alpha_050,0.5,0.5897287130355835,0.23954720795154572
p043__s09,p043,s09,alpha_050,0.5,0.6226192116737366,0.35716795921325684
p044__s00,p044,s00,alpha_050,0.5,0.5732561349868774,0.058431848883628845
p044__s01,p044,s01,alpha_050,0.5,0.3203384280204773,0.48115918040275574
p044__s02,p044,s02,alpha_050,0.5,0.5732260942459106,0.30786481499671936
p044__s03,p044,s03,alpha_050,0.5,0.6008630394935608,0.24327214062213898
p044__s04,p044,s04,alpha_050,0.5,0.5725046992301941,0.2010636329650879
p044__s05,p044,s05,alpha_050,0.5,0.633102297782898,0.25383061170578003
p044__s06,p044,s06,alpha_050,0.5,0.540879487991333,0.5757113695144653
p044__s07,p044,s07,alpha_050,0.5,0.6129454970359802,0.2355496883392334
p044__s08,p044,s08,alpha_050,0.5,0.5427801012992859,0.3214525282382965
p044__s09,p044,s09,alpha_050,0.5,0.6477143168449402,0.42341113090515137
p045__s00,p045,s00,alpha_050,0.5,0.4062011241912842,0.2079361379146576
p045__s01,p045,s01,alpha_050,0.5,0.6996285319328308,0.4988676905632019
p045__s02,p045,s02,alpha_050,0.5,0.5467254519462585,0.27323099970817566
p045__s03,p045,s03,alpha_050,0.5,0.5581382513046265,0.2246764898300171
p045__s04,p045,s04,alpha_050,0.5,0.6079080104827881,0.3070465624332428
p045__s05,p045,s05,alpha_050,0.5,0.509868860244751,0.3601730763912201
p045__s06,p045,s06,alpha_050,0.5,0.6618244647979736,0.45322221517562866
p045__s07,p045,s07,alpha_050,0.5,0.4263439178466797,0.2717793583869934
p045__s08,p045,s08,alpha_050,0.5,0.5123359560966492,0.26518934965133667
p045__s09,p045,s09,alpha_050,0.5,0.5280579328536987,0.556592583656311
p046__s00,p046,s00,alpha_050,0.5,0.5060300827026367,0.07123232632875443
p046__s01,p046,s01,alpha_050,0.5,0.6784495711326599,0.48163312673568726
p046__s02,p046,s02,alpha_050,0.5,0.6256901621818542,0.29182112216949463
p046__s03,p046,s03,alpha_050,0.5,0.6812578439712524,0.23350146412849426
p046__s04,p046,s04,alpha_050,0.5,0.6983847618103027,0.2603720426559448
p046__s05,p046,s05,alpha_050,0.5,0.5268973112106323,0.27630531787872314
p046__s06,p046,s06,alpha_050,0.5,0.6880815625190735,0.5271260142326355
p046__s07,p046,s07,alpha_050,0.5,0.528213381767273,0.17882487177848816
p046__s08,p046,s08,alpha_050,0.5,0.4961932301521301,0.15862996876239777
p046__s09,p046,s09,alpha_050,0.5,0.436084508895874,0.348427951335907
p047__s00,p047,s00,alpha_050,0.5,0.6468040347099304,0.1996125876903534
p047__s01,p047,s01,alpha_050,0.5,0.26056796312332153,0.6163730621337891
p047__s02,p047,s02,alpha_050,0.5,0.6204822659492493,0.36068814992904663
p047__s03,p047,s03,alpha_050,0.5,0.6565959453582764,0.2880927324295044
p047__s04,p047,s04,alpha_050,0.5,0.6540422439575195,0.3117649555206299
p047__s05,p047,s05,alpha_050,0.5,0.6660617589950562,0.4565370976924896
p047__s06,p047,s06,alpha_050,0.5,0.5861697196960449,0.47050023078918457
p047__s07,p047,s07,alpha_050,0.5,0.6413474678993225,0.3491162061691284
p047__s08,p047,s08,alpha_050,0.5,0.5799604654312134,0.3136673867702484
p047__s09,p047,s09,alpha_050,0.5,0.6977617740631104,0.49229854345321655
p048__s00,p048,s00,alpha_050,0.5,0.5608688592910767,0.20423263311386108
p048__s01,p048,s01,alpha_050,0.5,0.8620244860649109,0.5546305179595947
p048__s02,p048,s02,alpha_050,0.5,0.7024006843566895,0.32724687457084656
p048__s03,p048,s03,alpha_050,0.5,0.775580883026123,0.2796369194984436
p048__s04,p048,s04,alpha_050,0.5,0.7248128652572632,0.21775572001934052
p048__s05,p048,s05,alpha_050,0.5,0.6858522295951843,0.4167287051677704
p048__s06,p048,s06,alpha_050,0.5,0.8858602643013,0.4914495646953583
p048__s07,p048,s07,alpha_050,0.5,0.5557375550270081,0.2313690483570099
p048__s08,p048,s08,alpha_050,0.5,0.7300804257392883,0.16399189829826355
p048__s09,p048,s09,alpha_050,0.5,0.6562697887420654,0.43386125564575195
p049__s00,p049,s00,alpha_050,0.5,0.480496346950531,0.08999964594841003
p049__s01,p049,s01,alpha_050,0.5,0.6021584272384644,0.34621110558509827
p049__s02,p049,s02,alpha_050,0.5,0.5637580156326294,0.2702309489250183
p049__s03,p049,s03,alpha_050,0.5,0.5635835528373718,0.11433263123035431
p049__s04,p049,s04,alpha_050,0.5,0.47324439883232117,0.21435494720935822
p049__s05,p049,s05,alpha_050,0.5,0.6181296110153198,0.22839373350143433
p049__s06,p049,s06,alpha_050,0.5,0.5880671143531799,0.4682883620262146
p049__s07,p049,s07,alpha_050,0.5,0.5290684103965759,0.19872882962226868
p049__s08,p049,s08,alpha_050,0.5,0.5672063827514648,0.24129202961921692
p049__s09,p049,s09,alpha_050,0.5,0.6057222485542297,0.3271109163761139
p050__s00,p050,s00,alpha_050,0.5,0.5644665956497192,0.057169098407030106
p050__s01,p050,s01,alpha_050,0.5,0.5126765966415405,0.39961379766464233
p050__s02,p050,s02,alpha_050,0.5,0.6566829681396484,0.1766231656074524
p050__s03,p050,s03,alpha_050,0.5,0.6668263673782349,0.17739075422286987
p050__s04,p050,s04,alpha_050,0.5,0.6183773875236511,0.2411952018737793
p050__s05,p050,s05,alpha_050,0.5,0.5770846605300903,0.1826959103345871
p050__s06,p050,s06,alpha_050,0.5,0.5955955982208252,0.4288715720176697
p050__s07,p050,s07,alpha_050,0.5,0.5830072164535522,0.05382542312145233
p050__s08,p050,s08,alpha_050,0.5,0.5386683940887451,0.2737139165401459
p050__s09,p050,s09,alpha_050,0.5,0.5572898983955383,0.38022100925445557
p051__s00,p051,s00,alpha_050,0.5,0.5304718017578125,0.22604772448539734
p051__s01,p051,s01,alpha_050,0.5,0.7330555319786072,0.4468967318534851
p051__s02,p051,s02,alpha_050,0.5,0.5701025128364563,0.3557930588722229
p051__s03,p051,s03,alpha_050,0.5,0.5706663131713867,0.2956678867340088
p051__s04,p051,s04,alpha_050,0.5,0.4903053045272827,0.16327697038650513
p051__s05,p051,s05,alpha_050,0.5,0.5937092304229736,0.4073962867259979
p051__s06,p051,s06,alpha_050,0.5,0.6610153317451477,0.5165157914161682
p051__s07,p051,s07,alpha_050,0.5,0.5265366435050964,0.20417751371860504
p051__s08,p051,s08,alpha_050,0.5,0.6147921085357666,0.2320203185081482
p051__s09,p051,s09,alpha_050,0.5,0.6671817898750305,0.44645851850509644
p052__s00,p052,s00,alpha_050,0.5,0.49450987577438354,0.17778658866882324
p052__s01,p052,s01,alpha_050,0.5,0.7611265778541565,0.5100448727607727
p052__s02,p052,s02,alpha_050,0.5,0.6072925329208374,0.25767970085144043
p052__s03,p052,s03,alpha_050,0.5,0.5556983351707458,0.22088563442230225
p052__s04,p052,s04,alpha_050,0.5,0.5551327466964722,0.23094849288463593
p052__s05,p052,s05,alpha_050,0.5,0.6320717334747314,0.3639209568500519
p052__s06,p052,s06,alpha_050,0.5,0.7215557098388672,0.42582476139068604
p052__s07,p052,s07,alpha_050,0.5,0.47905272245407104,0.1684187948703766
p052__s08,p052,s08,alpha_050,0.5,0.6319240927696228,0.2853376567363739
p052__s09,p052,s09,alpha_050,0.5,0.6989284753799438,0.48433834314346313
p053__s00,p053,s00,alpha_050,0.5,0.4988856315612793,0.1386815309524536
p053__s01,p053,s01,alpha_050,0.5,0.7901121973991394,0.5385252237319946
p053__s02,p053,s02,alpha_050,0.5,0.6625837087631226,0.180296391248703
p053__s03,p053,s03,alpha_050,0.5,0.699201226234436,0.14271476864814758
p053__s04,p053,s04,alpha_050,0.5,0.6499454975128174,0.19902631640434265
p053__s05,p053,s05,alpha_050,0.5,0.634461522102356,0.2903512120246887
p053__s06,p053,s06,alpha_050,0.5,0.7816303968429565,0.43789970874786377
p053__s07,p053,s07,alpha_050,0.5,0.5165253281593323,0.18727466464042664
p053__s08,p053,s08,alpha_050,0.5,0.6606371402740479,0.23723310232162476
p053__s09,p053,s09,alpha_050,0.5,0.5963854789733887,0.4791882634162903
p054__s00,p054,s00,alpha_050,0.5,0.5126456618309021,0.11969529092311859
p054__s01,p054,s01,alpha_050,0.5,0.6941962838172913,0.3667554259300232
p054__s02,p054,s02,alpha_050,0.5,0.6549391150474548,0.14553825557231903
p054__s03,p054,s03,alpha_050,0.5,0.6383041143417358,0.1588819921016693
p054__s04,p054,s04,alpha_050,0.5,0.5494011044502258,0.07854057103395462
p054__s05,p054,s05,alpha_050,0.5,0.6885192394256592,0.24486640095710754
p054__s06,p054,s06,alpha_050,0.5,0.7506401538848877,0.2775963246822357
p054__s07,p054,s07,alpha_050,0.5,0.4972802400588989,0.13917824625968933
p054__s08,p054,s08,alpha_050,0.5,0.7190147638320923,0.2565503716468811
p054__s09,p054,s09,alpha_050,0.5,0.6970188021659851,0.40353426337242126
p055__s00,p055,s00,alpha_050,0.5,0.4909427762031555,0.12033063173294067
p055__s01,p055,s01,alpha_050,0.5,0.6368445158004761,0.47362491488456726
p055__s02,p055,s02,alpha_050,0.5,0.6106436252593994,0.18787804245948792
p055__s03,p055,s03,alpha_050,0.5,0.6038171052932739,0.22603830695152283
p055__s04,p055,s04,alpha_050,0.5,0.5619680285453796,0.19062477350234985
p055__s05,p055,s05,alpha_050,0.5,0.6131214499473572,0.24584072828292847
p055__s06,p055,s06,alpha_050,0.5,0.6763408780097961,0.3927310109138489
p055__s07,p055,s07,alpha_050,0.5,0.512668251991272,0.1807001233100891
p055__s08,p055,s08,alpha_050,0.5,0.6021685004234314,0.22106674313545227
p055__s09,p055,s09,alpha_050,0.5,0.5924732089042664,0.3790505528450012
p056__s00,p056,s00,alpha_050,0.5,0.5547865629196167,0.18742164969444275
p056__s01,p056,s01,alpha_050,0.5,0.9164177179336548,0.4506763517856598
p056__s02,p056,s02,alpha_050,0.5,0.6958855390548706,0.19791105389595032
p056__s03,p056,s03,alpha_050,0.5,0.7226272225379944,0.20725542306900024
p056__s04,p056,s04,alpha_050,0.5,0.6771140098571777,0.4907549321651459
p056__s05,p056,s05,alpha_050,0.5,0.7293573617935181,0.27295270562171936
p056__s06,p056,s06,alpha_050,0.5,0.843900740146637,0.4204632043838501
p056__s07,p056,s07,alpha_050,0.5,0.5323801636695862,0.12190921604633331
p056__s08,p056,s08,alpha_050,0.5,0.7402406334877014,0.2629402279853821
p056__s09,p056,s09,alpha_050,0.5,0.7366079688072205,0.48514631390571594
p057__s00,p057,s00,alpha_050,0.5,0.4650140106678009,0.17285606265068054
p057__s01,p057,s01,alpha_050,0.5,0.8358944058418274,0.4801497459411621
p057__s02,p057,s02,alpha_050,0.5,0.6335362195968628,0.3191980719566345
p057__s03,p057,s03,alpha_050,0.5,0.707834005355835,0.1706603616476059
p057__s04,p057,s04,alpha_050,0.5,0.6603231430053711,0.15718132257461548
p057__s05,p057,s05,alpha_050,0.5,0.5717764496803284,0.39657601714134216
p057__s06,p057,s06,alpha_050,0.5,0.8008560538291931,0.5205217003822327
p057__s07,p057,s07,alpha_050,0.5,0.48904019594192505,0.19261173903942108
p057__s08,p057,s08,alpha_050,0.5,0.6380196213722229,0.23608803749084473
p057__s09,p057,s09,alpha_050,0.5,0.5467787384986877,0.4156455397605896
p058__s00,p058,s00,alpha_050,0.5,0.3782191276550293,0.01957644149661064
p058__s01,p058,s01,alpha_050,0.5,0.6603930592536926,0.3927013576030731
p058__s02,p058,s02,alpha_050,0.5,0.5132365226745605,0.20330795645713806
p058__s03,p058,s03,alpha_050,0.5,0.49671363830566406,0.13768793642520905
p058__s04,p058,s04,alpha_050,0.5,0.4610980153083801,0.3057049512863159
p058__s05,p058,s05,alpha_050,0.5,0.554314911365509,0.15197156369686127
p058__s06,p058,s06,alpha_050,0.5,0.6344793438911438,0.4454869329929352
p058__s07,p058,s07,alpha_050,0.5,0.39401116967201233,0.15344437956809998
p058__s08,p058,s08,alpha_050,0.5,0.5061627626419067,0.289252907037735
p058__s09,p058,s09,alpha_050,0.5,0.6046411991119385,0.274587482213974
p059__s00,p059,s00,alpha_050,0.5,0.34608396887779236,0.30455225706100464
p059__s01,p059,s01,alpha_050,0.5,0.6551163196563721,0.596629798412323
p059__s02,p059,s02,alpha_050,0.5,0.4597575068473816,0.3165852427482605
p059__s03,p059,s03,alpha_050,0.5,0.4789162576198578,0.2262781858444214
p059__s04,p059,s04,alpha_050,0.5,0.47808921337127686,0.2535613179206848
p059__s05,p059,s05,alpha_050,0.5,0.4648515582084656,0.3219446539878845
p059__s06,p059,s06,alpha_050,0.5,0.5944386720657349,0.483855277299881
p059__s07,p059,s07,alpha_050,0.5,0.41323089599609375,0.1372777819633484
p059__s08,p059,s08,alpha_050,0.5,0.48437565565109253,0.24461379647254944
p059__s09,p059,s09,alpha_050,0.5,0.45437780022621155,0.5069795846939087
p000__s00,p000,s00,alpha_075,0.75,0.4582706093788147,0.3024672865867615
p000__s01,p000,s01,alpha_075,0.75,0.8377813696861267,0.471801221370697
p000__s02,p000,s02,alpha_075,0.75,0.6361744403839111,0.3651407063007355
p000__s03,p000,s03,alpha_075,0.75,0.6745626926422119,0.28472602367401123
p000__s04,p000,s04,alpha_075,0.75,0.6452771425247192,0.3532697558403015
p000__s05,p000,s05,alpha_075,0.75,0.5693780183792114,0.4464004337787628
p000__s06,p000,s06,alpha_075,0.75,0.7422013282775879,0.5318319797515869
p000__s07,p000,s07,alpha_075,0.75,0.5035327672958374,0.2482597529888153
p000__s08,p000,s08,alpha_075,0.75,0.597684383392334,0.31794577836990356
p000__s09,p000,s09,alpha_075,0.75,0.5217335224151611,0.46529027819633484
p001__s00,p001,s00,alpha_075,0.75,0.2982538044452667,0.10444928705692291
p001__s01,p001,s01,alpha_075,0.75,0.5476518869400024,0.44721853733062744
p001__s02,p001,s02,alpha_075,0.75,0.43428701162338257,0.2114364355802536
p001__s03,p001,s03,alpha_075,0.75,0.5398131608963013,0.18781571090221405
p001__s04,p001,s04,alpha_075,0.75,0.46357953548431396,0.26377439498901367
p001__s05,p001,s05,alpha_075,0.75,0.48669058084487915,0.2550027668476105
p001__s06,p001,s06,alpha_075,0.75,0.5851694345474243,0.5024300217628479
p001__s07,p001,s07,alpha_075,0.75,0.3589443564414978,0.06783009320497513
p001__s08,p001,s08,alpha_075,0.75,0.4713411331176758,0.21815791726112366
p001__s09,p001,s09,alpha_075,0.75,0.5454544425010681,0.3058373034000397
p002__s00,p002,s00,alpha_075,0.75,0.49133050441741943,0.15790314972400665
p002__s01,p002,s01,alpha_075,0.75,0.3854494094848633,0.530705451965332
p002__s02,p002,s02,alpha_075,0.75,0.5486835241317749,0.33426886796951294
p002__s03,p002,s03,alpha_075,0.75,0.5008296966552734,0.266418993473053
p002__s04,p002,s04,alpha_075,0.75,0.4612569808959961,0.24610647559165955
p002__s05,p002,s05,alpha_075,0.75,0.5662165880203247,0.36915451288223267
p002__s06,p002,s06,alpha_075,0.75,0.47171181440353394,0.5575257539749146
p002__s07,p002,s07,alpha_075,0.75,0.5094311237335205,0.15363839268684387
p002__s08,p002,s08,alpha_075,0.75,0.4663821756839752,0.31358858942985535
p002__s09,p002,s09,alpha_075,0.75,0.5728605389595032,0.38276582956314087
p003__s00,p003,s00,alpha_075,0.75,0.5101615786552429,0.1505107879638672
p003__s01,p003,s01,alpha_075,0.75,0.8187367916107178,0.4886190891265869
p003__s02,p003,s02,alpha_075,0.75,0.6293965578079224,0.38188791275024414
p003__s03,p003,s03,alpha_075,0.75,0.6926956176757812,0.13848015666007996
p003__s04,p003,s04,alpha_075,0.75,0.6841972470283508,0.22093112766742706
p003__s05,p003,s05,alpha_075,0.75,0.571893036365509,0.2520817518234253
p003__s06,p003,s06,alpha_075,0.75,0.7706731557846069,0.5276713967323303
p003__s07,p003,s07,alpha_075,0.75,0.4805508852005005,0.194097101688385
p003__s08,p003,s08,alpha_075,0.75,0.578650951385498,0.20937064290046692
p003__s09,p003,s09,alpha_075,0.75,0.5347466468811035,0.3867056667804718
p004__s00,p004,s00,alpha_075,0.75,0.5309662222862244,0.16280367970466614
p004__s01,p004,s01,alpha_075,0.75,0.8112847208976746,0.4380788505077362
p004__s02,p004,s02,alpha_075,0.75,0.7061466574668884,0.2173374891281128
p004__s03,p004,s03,alpha_075,0.75,0.7097039818763733,0.16045455634593964
p004__s04,p004,s04,alpha_075,0.75,0.6347606182098389,0.16893602907657623
p004__s05,p004,s05,alpha_075,0.75,0.6699824929237366,0.292030394077301
p004__s06,p004,s06,alpha_075,0.75,0.827711820602417,0.3259546160697937
p004__s07,p004,s07,alpha_075,0.75,0.5124115943908691,0.1926632821559906
p004__s08,p004,s08,alpha_075,0.75,0.722267746925354,0.2543989419937134
p004__s09,p004,s09,alpha_075,0.75,0.6343285441398621,0.43486329913139343
p005__s00,p005,s00,alpha_075,0.75,0.516015887260437,0.08086838573217392
p005__s01,p005,s01,alpha_075,0.75,0.7445979118347168,0.5078662633895874
p005__s02,p005,s02,alpha_075,0.75,0.6248083114624023,0.1790570318698883
p005__s03,p005,s03,alpha_075,0.75,0.5894347429275513,0.17320580780506134
p005__s04,p005,s04,alpha_075,0.75,0.5632018446922302,0.30341070890426636
p005__s05,p005,s05,alpha_075,0.75,0.6580448746681213,0.23077240586280823
p005__s06,p005,s06,alpha_075,0.75,0.7031702399253845,0.4626791179180145
p005__s07,p005,s07,alpha_075,0.75,0.5514799952507019,0.1584315299987793
p005__s08,p005,s08,alpha_075,0.75,0.634020984172821,0.33225858211517334
p005__s09,p005,s09,alpha_075,0.75,0.6521521806716919,0.4784759283065796
p006__s00,p006,s00,alpha_075,0.75,0.4301466941833496,0.2564699947834015
p006__s01,p006,s01,alpha_075,0.75,0.7007603049278259,0.6390844583511353
p006__s02,p006,s02,alpha_075,0.75,0.5676921606063843,0.31013333797454834
p006__s03,p006,s03,alpha_075,0.75,0.581825852394104,0.24940335750579834
p006__s04,p006,s04,alpha_075,0.75,0.552384078502655,0.30453062057495117
p006__s05,p006,s05,alpha_075,0.75,0.5841830968856812,0.3064945638179779
p006__s06,p006,s06,alpha_075,0.75,0.7017836570739746,0.5102344751358032
p006__s07,p006,s07,alpha_075,0.75,0.47057411074638367,0.21822458505630493
p006__s08,p006,s08,alpha_075,0.75,0.615676999092102,0.23544251918792725
p006__s09,p006,s09,alpha_075,0.75,0.5650479197502136,0.4751211404800415
p007__s00,p007,s00,alpha_075,0.75,0.6555419564247131,0.008721073158085346
p007__s01,p007,s01,alpha_075,0.75,0.1967165470123291,0.5607674717903137
p007__s02,p007,s02,alpha_075,0.75,0.6385247707366943,0.2667143940925598
p007__s03,p007,s03,alpha_075,0.75,0.6591753363609314,0.24106431007385254
p007__s04,p007,s04,alpha_075,0.75,0.6300087571144104,0.24706485867500305
p007__s05,p007,s05,alpha_075,0.75,0.697022557258606,0.2693777084350586
p007__s06,p007,s06,alpha_075,0.75,0.6010135412216187,0.5589104890823364
p007__s07,p007,s07,alpha_075,0.75,0.6137332320213318,0.20794875919818878
p007__s08,p007,s08,alpha_075,0.75,0.5885252356529236,0.2673780024051666
p007__s09,p007,s09,alpha_075,0.75,0.7356128692626953,0.393024742603302
p008__s00,p008,s00,alpha_075,0.75,0.3741791248321533,0.1306271255016327
p008__s01,p008,s01,alpha_075,0.75,0.5767888426780701,0.49075043201446533
p008__s02,p008,s02,alpha_075,0.75,0.5065397620201111,0.31204840540885925
p008__s03,p008,s03,alpha_075,0.75,0.4941036105155945,0.16820597648620605
p008__s04,p008,s04,alpha_075,0.75,0.4747767448425293,0.25216683745384216
p008__s05,p008,s05,alpha_075,0.75,0.5309553742408752,0.2615598142147064
p008__s06,p008,s06,alpha_075,0.75,0.6413019299507141,0.42511624097824097
p008__s07,p008,s07,alpha_075,0.75,0.3933398425579071,0.090362548828125
p008__s08,p008,s08,alpha_075,0.75,0.5458129644393921,0.2310117930173874
p008__s09,p008,s09,alpha_075,0.75,0.6129622459411621,0.26796579360961914
p009__s00,p009,s00,alpha_075,0.75,0.4698132276535034,0.24002572894096375
p009__s01,p009,s01,alpha_075,0.75,0.6531196236610413,0.4242098331451416
p009__s02,p009,s02,alpha_075,0.75,0.6030401587486267,0.2929278612136841
p009__s03,p009,s03,alpha_075,0.75,0.6468402743339539,0.24055588245391846
p009__s04,p009,s04,alpha_075,0.75,0.6100637912750244,0.16808751225471497
p009__s05,p009,s05,alpha_075,0.75,0.538794994354248,0.372348427772522
p009__s06,p009,s06,alpha_075,0.75,0.6473278999328613,0.43723875284194946
p009__s07,p009,s07,alpha_075,0.75,0.50738126039505,0.1505749523639679
p009__s08,p009,s08,alpha_075,0.75,0.5403505563735962,0.17886266112327576
p009__s09,p009,s09,alpha_075,0.75,0.4966602921485901,0.394619882106781
p010__s00,p010,s00,alpha_075,0.75,0.3625940680503845,0.13212428987026215
p010__s01,p010,s01,alpha_075,0.75,0.585902214050293,0.4982222318649292
p010__s02,p010,s02,alpha_075,0.75,0.4931463599205017,0.281866192817688
p010__s03,p010,s03,alpha_075,0.75,0.5295364856719971,0.34984999895095825
p010__s04,p010,s04,alpha_075,0.75,0.4940742552280426,0.34625738859176636
p010__s05,p010,s05,alpha_075,0.75,0.48768797516822815,0.3589150905609131
p010__s06,p010,s06,alpha_075,0.75,0.5678446292877197,0.4575732350349426
p010__s07,p010,s07,alpha_075,0.75,0.4189507067203522,0.15784952044487
p010__s08,p010,s08,alpha_075,0.75,0.47928422689437866,0.2323642522096634
p010__s09,p010,s09,alpha_075,0.75,0.4646131992340088,0.41558051109313965
p011__s00,p011,s00,alpha_075,0.75,0.26539212465286255,0.09356439113616943
p011__s01,p011,s01,alpha_075,0.75,0.6118761301040649,0.6627107858657837
p011__s02,p011,s02,alpha_075,0.75,0.3796405792236328,0.37511053681373596
p011__s03,p011,s03,alpha_075,0.75,0.49310705065727234,0.2553849518299103
p011__s04,p011,s04,alpha_075,0.75,0.49743327498435974,0.39528924226760864
p011__s05,p011,s05,alpha_075,0.75,0.38362473249435425,0.377859890460968
p011__s06,p011,s06,alpha_075,0.75,0.5431589484214783,0.5760929584503174
p011__s07,p011,s07,alpha_075,0.75,0.3330056071281433,0.15292342007160187
p011__s08,p011,s08,alpha_075,0.75,0.34525394439697266,0.34435129165649414
p011__s09,p011,s09,alpha_075,0.75,0.37044060230255127,0.5868269205093384
p012__s00,p012,s00,alpha_075,0.75,0.35805439949035645,0.13610023260116577
p012__s01,p012,s01,alpha_075,0.75,0.744074821472168,0.50002521276474
p012__s02,p012,s02,alpha_075,0.75,0.5408651828765869,0.22343450784683228
p012__s03,p012,s03,alpha_075,0.75,0.5277165770530701,0.2182629555463791
p012__s04,p012,s04,alpha_075,0.75,0.5283839702606201,0.24033430218696594
p012__s05,p012,s05,alpha_075,0.75,0.5064672827720642,0.277858704328537
p012__s06,p012,s06,alpha_075,0.75,0.6710773706436157,0.49897873401641846
p012__s07,p012,s07,alpha_075,0.75,0.35738512873649597,0.26077643036842346
p012__s08,p012,s08,alpha_075,0.75,0.48290812969207764,0.34969812631607056
p012__s09,p012,s09,alpha_075,0.75,0.5015184283256531,0.5004900097846985
p013__s00,p013,s00,alpha_075,0.75,0.47304415702819824,0.12788966298103333
p013__s01,p013,s01,alpha_075,0.75,0.6604815721511841,0.4944157600402832
p013__s02,p013,s02,alpha_075,0.75,0.5664056539535522,0.3040723204612732
p013__s03,p013,s03,alpha_075,0.75,0.5729610323905945,0.23075830936431885
p013__s04,p013,s04,alpha_075,0.75,0.5335740447044373,0.2282162457704544
p013__s05,p013,s05,alpha_075,0.75,0.5880502462387085,0.33793777227401733
p013__s06,p013,s06,alpha_075,0.75,0.6225166320800781,0.4223700761795044
p013__s07,p013,s07,alpha_075,0.75,0.5377260446548462,0.28212791681289673
p013__s08,p013,s08,alpha_075,0.75,0.5583566427230835,0.29370108246803284
p013__s09,p013,s09,alpha_075,0.75,0.5648333430290222,0.4726487398147583
p014__s00,p014,s00,alpha_075,0.75,0.43120312690734863,0.12459035962820053
p014__s01,p014,s01,alpha_075,0.75,0.7210121154785156,0.45099225640296936
p014__s02,p014,s02,alpha_075,0.75,0.6323646903038025,0.27588143944740295
p014__s03,p014,s03,alpha_075,0.75,0.6760729551315308,0.1665872037410736
p014__s04,p014,s04,alpha_075,0.75,0.6566807627677917,0.27576637268066406
p014__s05,p014,s05,alpha_075,0.75,0.5084601640701294,0.18632076680660248
p014__s06,p014,s06,alpha_075,0.75,0.7471076250076294,0.5337936878204346
p014__s07,p014,s07,alpha_075,0.75,0.47353923320770264,0.1561499834060669
p014__s08,p014,s08,alpha_075,0.75,0.5601248145103455,0.2100866734981537
p014__s09,p014,s09,alpha_075,0.75,0.4228854775428772,0.4708999693393707
p015__s00,p015,s00,alpha_075,0.75,0.44170069694519043,0.18163636326789856
p015__s01,p015,s01,alpha_075,0.75,0.7779751420021057,0.5867640972137451
p015__s02,p015,s02,alpha_075,0.75,0.6047278642654419,0.24641452729701996
p015__s03,p015,s03,alpha_075,0.75,0.6398022174835205,0.20137622952461243
p015__s04,p015,s04,alpha_075,0.75,0.5966646671295166,0.19727173447608948
p015__s05,p015,s05,alpha_075,0.75,0.5960409045219421,0.22510448098182678
p015__s06,p015,s06,alpha_075,0.75,0.7573312520980835,0.36929941177368164
p015__s07,p015,s07,alpha_075,0.75,0.46374207735061646,0.19562692940235138
p015__s08,p015,s08,alpha_075,0.75,0.6487798690795898,0.25753679871559143
p015__s09,p015,s09,alpha_075,0.75,0.5806451439857483,0.4420595169067383
p016__s00,p016,s00,alpha_075,0.75,0.6324752569198608,0.2380819022655487
p016__s01,p016,s01,alpha_075,0.75,0.637851893901825,0.47405216097831726
p016__s02,p016,s02,alpha_075,0.75,0.6666692495346069,0.2801409363746643
p016__s03,p016,s03,alpha_075,0.75,0.6317505836486816,0.18893086910247803
p016__s04,p016,s04,alpha_075,0.75,0.5090852379798889,0.18124458193778992
p016__s05,p016,s05,alpha_075,0.75,0.7520147562026978,0.3038666248321533
p016__s06,p016,s06,alpha_075,0.75,0.6862690448760986,0.4250119924545288
p016__s07,p016,s07,alpha_075,0.75,0.6374304294586182,0.2590402364730835
p016__s08,p016,s08,alpha_075,0.75,0.7416808605194092,0.2993624806404114
p016__s09,p016,s09,alpha_075,0.75,0.7367900609970093,0.46101441979408264
p017__s00,p017,s00,alpha_075,0.75,0.608834445476532,0.19057413935661316
p017__s01,p017,s01,alpha_075,0.75,0.8202137351036072,0.5371862649917603
p017__s02,p017,s02,alpha_075,0.75,0.7846996784210205,0.19598889350891113
p017__s03,p017,s03,alpha_075,0.75,0.8540213108062744,0.20130455493927002
p017__s04,p017,s04,alpha_075,0.75,0.8529776334762573,0.17511579394340515
p017__s05,p017,s05,alpha_075,0.75,0.6245315670967102,0.22612108290195465
p017__s06,p017,s06,alpha_075,0.75,0.8689848780632019,0.4397425353527069
p017__s07,p017,s07,alpha_075,0.75,0.5932744741439819,0.19689211249351501
p017__s08,p017,s08,alpha_075,0.75,0.6483553051948547,0.21592342853546143
p017__s09,p017,s09,alpha_075,0.75,0.5507526993751526,0.36199086904525757
p018__s00,p018,s00,alpha_075,0.75,0.43444907665252686,0.14167314767837524
p018__s01,p018,s01,alpha_075,0.75,0.7865883708000183,0.524090051651001
p018__s02,p018,s02,alpha_075,0.75,0.6090860366821289,0.313758909702301
p018__s03,p018,s03,alpha_075,0.75,0.5700384974479675,0.23245000839233398
p018__s04,p018,s04,alpha_075,0.75,0.5433012247085571,0.3556655943393707
p018__s05,p018,s05,alpha_075,0.75,0.5949289202690125,0.4020386040210724
p018__s06,p018,s06,alpha_075,0.75,0.7201433181762695,0.5418882369995117
p018__s07,p018,s07,alpha_075,0.75,0.4512617588043213,0.21827033162117004
p018__s08,p018,s08,alpha_075,0.75,0.5982391238212585,0.2809542417526245
p018__s09,p018,s09,alpha_075,0.75,0.5814123153686523,0.389833927154541
p019__s00,p019,s00,alpha_075,0.75,0.4578791856765747,0.09309530258178711
p019__s01,p019,s01,alpha_075,0.75,0.6053429841995239,0.5094250440597534
p019__s02,p019,s02,alpha_075,0.75,0.547183632850647,0.3348735570907593
p019__s03,p019,s03,alpha_075,0.75,0.5439037084579468,0.2906271517276764
p019__s04,p019,s04,alpha_075,0.75,0.44535261392593384,0.17454886436462402
p019__s05,p019,s05,alpha_075,0.75,0.6241641640663147,0.31666046380996704
p019__s06,p019,s06,alpha_075,0.75,0.6479580402374268,0.4749024510383606
p019__s07,p019,s07,alpha_075,0.75,0.4818073511123657,0.1501648873090744
p019__s08,p019,s08,alpha_075,0.75,0.6056617498397827,0.24515338242053986
p019__s09,p019,s09,alpha_075,0.75,0.6685314178466797,0.342958927154541
p020__s00,p020,s00,alpha_075,0.75,0.42942118644714355,0.13769760727882385
p020__s01,p020,s01,alpha_075,0.75,0.8565554618835449,0.456471711397171
p020__s02,p020,s02,alpha_075,0.75,0.6492646932601929,0.16424593329429626
p020__s03,p020,s03,alpha_075,0.75,0.688498854637146,0.1689390242099762
p020__s04,p020,s04,alpha_075,0.75,0.6369543075561523,0.3091723620891571
p020__s05,p020,s05,alpha_075,0.75,0.6110955476760864,0.24170605838298798
p020__s06,p020,s06,alpha_075,0.75,0.7350614666938782,0.37496864795684814
p020__s07,p020,s07,alpha_075,0.75,0.399208664894104,0.13907647132873535
p020__s08,p020,s08,alpha_075,0.75,0.5886366367340088,0.3246050775051117
p020__s09,p020,s09,alpha_075,0.75,0.6041500568389893,0.3976055979728699
p021__s00,p021,s00,alpha_075,0.75,0.5345066785812378,0.1740538328886032
p021__s01,p021,s01,alpha_075,0.75,0.8444527387619019,0.5321840643882751
p021__s02,p021,s02,alpha_075,0.75,0.7126500606536865,0.2984972596168518
p021__s03,p021,s03,alpha_075,0.75,0.696898341178894,0.25293153524398804
p021__s04,p021,s04,alpha_075,0.75,0.6832692623138428,0.25783970952033997
p021__s05,p021,s05,alpha_075,0.75,0.6862393021583557,0.35919228196144104
p021__s06,p021,s06,alpha_075,0.75,0.8411965370178223,0.514555811882019
p021__s07,p021,s07,alpha_075,0.75,0.5483747720718384,0.17590439319610596
p021__s08,p021,s08,alpha_075,0.75,0.7195241451263428,0.22602735459804535
p021__s09,p021,s09,alpha_075,0.75,0.6520198583602905,0.4029044508934021
p022__s00,p022,s00,alpha_075,0.75,0.4682311415672302,0.13937604427337646
p022__s01,p022,s01,alpha_075,0.75,0.4592610001564026,0.5234590768814087
p022__s02,p022,s02,alpha_075,0.75,0.491176575422287,0.3240947723388672
p022__s03,p022,s03,alpha_075,0.75,0.4954793453216553,0.19299432635307312
p022__s04,p022,s04,alpha_075,0.75,0.47307369112968445,0.25596168637275696
p022__s05,p022,s05,alpha_075,0.75,0.5462441444396973,0.32790300250053406
p022__s06,p022,s06,alpha_075,0.75,0.44641032814979553,0.5043290257453918
p022__s07,p022,s07,alpha_075,0.75,0.5088239312171936,0.19222795963287354
p022__s08,p022,s08,alpha_075,0.75,0.4411194622516632,0.28032875061035156
p022__s09,p022,s09,alpha_075,0.75,0.5349481701850891,0.4074024558067322
p023__s00,p023,s00,alpha_075,0.75,0.4142235517501831,0.11022152006626129
p023__s01,p023,s01,alpha_075,0.75,0.4641404151916504,0.4855952858924866
p023__s02,p023,s02,alpha_075,0.75,0.5911086797714233,0.250587522983551
p023__s03,p023,s03,alpha_075,0.75,0.5993077754974365,0.18547900021076202
p023__s04,p023,s04,alpha_075,0.75,0.6770929098129272,0.28603261709213257
p023__s05,p023,s05,alpha_075,0.75,0.4450760781764984,0.25571709871292114
p023__s06,p023,s06,alpha_075,0.75,0.6181032657623291,0.44644445180892944
p023__s07,p023,s07,alpha_075,0.75,0.4244619309902191,0.1531083583831787
p023__s08,p023,s08,alpha_075,0.75,0.395995557308197,0.2132522165775299
p023__s09,p023,s09,alpha_075,0.75,0.44112876057624817,0.3414410948753357
p024__s00,p024,s00,alpha_075,0.75,0.6153649091720581,0.17497095465660095
p024__s01,p024,s01,alpha_075,0.75,0.3622076213359833,0.5146442651748657
p024__s02,p024,s02,alpha_075,0.75,0.6241590976715088,0.2626972794532776
p024__s03,p024,s03,alpha_075,0.75,0.6486088037490845,0.18110553920269012
p024__s04,p024,s04,alpha_075,0.75,0.7119150757789612,0.19241078197956085
p024__s05,p024,s05,alpha_075,0.75,0.6546985507011414,0.2475995123386383
p024__s06,p024,s06,alpha_075,0.75,0.6108437776565552,0.4548795521259308
p024__s07,p024,s07,alpha_075,0.75,0.5945315361022949,0.23206737637519836
p024__s08,p024,s08,alpha_075,0.75,0.5488829016685486,0.22039106488227844
p024__s09,p024,s09,alpha_075,0.75,0.673384428024292,0.38811856508255005
p025__s00,p025,s00,alpha_075,0.75,0.37607628107070923,0.13581880927085876
p025__s01,p025,s01,alpha_075,0.75,0.66087406873703,0.6263976097106934
p025__s02,p025,s02,alpha_075,0.75,0.5264638662338257,0.2713322639465332
p025__s03,p025,s03,alpha_075,0.75,0.5370205640792847,0.21189022064208984
p025__s04,p025,s04,alpha_075,0.75,0.5207639336585999,0.2776324152946472
p025__s05,p025,s05,alpha_075,0.75,0.4919635057449341,0.23966825008392334
p025__s06,p025,s06,alpha_075,0.75,0.6222988963127136,0.44445735216140747
p025__s07,p025,s07,alpha_075,0.75,0.41621673107147217,0.07696935534477234
p025__s08,p025,s08,alpha_075,0.75,0.49284660816192627,0.22325670719146729
p025__s09,p025,s09,alpha_075,0.75,0.4530904293060303,0.4376710057258606
p026__s00,p026,s00,alpha_075,0.75,0.5107112526893616,0.07731741666793823
p026__s01,p026,s01,alpha_075,0.75,0.6524172425270081,0.5008403062820435
p026__s02,p026,s02,alpha_075,0.75,0.6158304214477539,0.1584421992301941
p026__s03,p026,s03,alpha_075,0.75,0.5570383071899414,0.14335665106773376
p026__s04,p026,s04,alpha_075,0.75,0.5509247779846191,0.17719435691833496
p026__s05,p026,s05,alpha_075,0.75,0.6449515223503113,0.181936115026474
p026__s06,p026,s06,alpha_075,0.75,0.6876742839813232,0.3174232840538025
p026__s07,p026,s07,alpha_075,0.75,0.5019486546516418,0.04448450356721878
p026__s08,p026,s08,alpha_075,0.75,0.6097347140312195,0.20411156117916107
p026__s09,p026,s09,alpha_075,0.75,0.6350656151771545,0.27464067935943604
p027__s00,p027,s00,alpha_075,0.75,0.5622237324714661,0.12655335664749146
p027__s01,p027,s01,alpha_075,0.75,0.7924047112464905,0.43072202801704407
p027__s02,p027,s02,alpha_075,0.75,0.6561332941055298,0.2167695313692093
p027__s03,p027,s03,alpha_075,0.75,0.6246668696403503,0.26050567626953125
p027__s04,p027,s04,alpha_075,0.75,0.5620628595352173,0.254871666431427
p027__s05,p027,s05,alpha_075,0.75,0.6701356172561646,0.2755722403526306
p027__s06,p027,s06,alpha_075,0.75,0.7186188101768494,0.5112622976303101
p027__s07,p027,s07,alpha_075,0.75,0.5707250237464905,0.28301525115966797
p027__s08,p027,s08,alpha_075,0.75,0.6651158332824707,0.2791643738746643
p027__s09,p027,s09,alpha_075,0.75,0.6761533617973328,0.3657069206237793
p028__s00,p028,s00,alpha_075,0.75,0.4678962826728821,0.16773897409439087
p028__s01,p028,s01,alpha_075,0.75,0.6118824481964111,0.537845253944397
p028__s02,p028,s02,alpha_075,0.75,0.5531399250030518,0.30216532945632935
p028__s03,p028,s03,alpha_075,0.75,0.5638736486434937,0.20438644289970398
p028__s04,p028,s04,alpha_075,0.75,0.45812392234802246,0.26175540685653687
p028__s05,p028,s05,alpha_075,0.75,0.6044705510139465,0.23259606957435608
p028__s06,p028,s06,alpha_075,0.75,0.6311194896697998,0.4464506506919861
p028__s07,p028,s07,alpha_075,0.75,0.5018294453620911,0.23382841050624847
p028__s08,p028,s08,alpha_075,0.75,0.6250367164611816,0.3076392710208893
p028__s09,p028,s09,alpha_075,0.75,0.6294487118721008,0.4561716318130493
p029__s00,p029,s00,alpha_075,0.75,0.4498361349105835,0.10249446332454681
p029__s01,p029,s01,alpha_075,0.75,0.7984573841094971,0.4790562093257904
p029__s02,p029,s02,alpha_075,0.75,0.6148346066474915,0.28120535612106323
p029__s03,p029,s03,alpha_075,0.75,0.5942673087120056,0.2795066237449646
p029__s04,p029,s04,alpha_075,0.75,0.5681200623512268,0.31070801615715027
p029__s05,p029,s05,alpha_075,0.75,0.5941941738128662,0.40832245349884033
p029__s06,p029,s06,alpha_075,0.75,0.738857090473175,0.5013517141342163
p029__s07,p029,s07,alpha_075,0.75,0.4961361587047577,0.15898397564888
p029__s08,p029,s08,alpha_075,0.75,0.6362884640693665,0.26231855154037476
p029__s09,p029,s09,alpha_075,0.75,0.5800848603248596,0.44174209237098694
p030__s00,p030,s00,alpha_075,0.75,0.32306838035583496,0.23183155059814453
p030__s01,p030,s01,alpha_075,0.75,0.7150343656539917,0.5777119994163513
p030__s02,p030,s02,alpha_075,0.75,0.49846744537353516,0.32491424679756165
p030__s03,p030,s03,alpha_075,0.75,0.4263462424278259,0.16138562560081482
p030__s04,p030,s04,alpha_075,0.75,0.45863357186317444,0.2837969958782196
p030__s05,p030,s05,alpha_075,0.75,0.38612890243530273,0.30490103363990784
p030__s06,p030,s06,alpha_075,0.75,0.565943717956543,0.5991119742393494
p030__s07,p030,s07,alpha_075,0.75,0.39313799142837524,0.23482632637023926
p030__s08,p030,s08,alpha_075,0.75,0.42025482654571533,0.3161008656024933
p030__s09,p030,s09,alpha_075,0.75,0.38000690937042236,0.61011803150177
p031__s00,p031,s00,alpha_075,0.75,0.4905124604701996,0.27578943967819214
p031__s01,p031,s01,alpha_075,0.75,0.7376074194908142,0.49063384532928467
p031__s02,p031,s02,alpha_075,0.75,0.6472969651222229,0.24319657683372498
p031__s03,p031,s03,alpha_075,0.75,0.7159568667411804,0.2710854411125183
p031__s04,p031,s04,alpha_075,0.75,0.7041022777557373,0.26577404141426086
p031__s05,p031,s05,alpha_075,0.75,0.5521324872970581,0.3912726640701294
p031__s06,p031,s06,alpha_075,0.75,0.7456709742546082,0.45169156789779663
p031__s07,p031,s07,alpha_075,0.75,0.5332803130149841,0.1435212790966034
p031__s08,p031,s08,alpha_075,0.75,0.5865091681480408,0.1823596954345703
p031__s09,p031,s09,alpha_075,0.75,0.4723781943321228,0.45641273260116577
p032__s00,p032,s00,alpha_075,0.75,0.5448100566864014,0.09370565414428711
p032__s01,p032,s01,alpha_075,0.75,0.7012186646461487,0.5058262348175049
p032__s02,p032,s02,alpha_075,0.75,0.6089745759963989,0.3541826009750366
p032__s03,p032,s03,alpha_075,0.75,0.5815750360488892,0.18265777826309204
p032__s04,p032,s04,alpha_075,0.75,0.5022293925285339,0.19053471088409424
p032__s05,p032,s05,alpha_075,0.75,0.6524430513381958,0.2603091895580292
p032__s06,p032,s06,alpha_075,0.75,0.6039035320281982,0.48865121603012085
p032__s07,p032,s07,alpha_075,0.75,0.6193364858627319,0.13798445463180542
p032__s08,p032,s08,alpha_075,0.75,0.6200272440910339,0.21589989960193634
p032__s09,p032,s09,alpha_075,0.75,0.6543812155723572,0.47722625732421875
p033__s00,p033,s00,alpha_075,0.75,0.4521122872829437,0.08727362006902695
p033__s01,p033,s01,alpha_075,0.75,0.6236900091171265,0.4697258770465851
p033__s02,p033,s02,alpha_075,0.75,0.5974972248077393,0.250807523727417
p033__s03,p033,s03,alpha_075,0.75,0.6238399744033813,0.23315858840942383
p033__s04,p033,s04,alpha_075,0.75,0.6548389792442322,0.18250636756420135
p033__s05,p033,s05,alpha_075,0.75,0.4453781247138977,0.20494312047958374
p033__s06,p033,s06,alpha_075,0.75,0.6496498584747314,0.5589512586593628
p033__s07,p033,s07,alpha_075,0.75,0.44339725375175476,0.2079460620880127
p033__s08,p033,s08,alpha_075,0.75,0.4624156951904297,0.27639687061309814
p033__s09,p033,s09,alpha_075,0.75,0.36122772097587585,0.4452575445175171
p034__s00,p034,s00,alpha_075,0.75,0.35510122776031494,0.2324320375919342
p034__s01,p034,s01,alpha_075,0.75,0.6429404020309448,0.46338963508605957
p034__s02,p034,s02,alpha_075,0.75,0.4883522689342499,0.20709243416786194
p034__s03,p034,s03,alpha_075,0.75,0.43490222096443176,0.26479798555374146
p034__s04,p034,s04,alpha_075,0.75,0.3998500108718872,0.29488933086395264
p034__s05,p034,s05,alpha_075,0.75,0.48517024517059326,0.36672866344451904
p034__s06,p034,s06,alpha_075,0.75,0.5693881511688232,0.4285385012626648
p034__s07,p034,s07,alpha_075,0.75,0.4029896557331085,0.24038273096084595
p034__s08,p034,s08,alpha_075,0.75,0.5076864957809448,0.28967607021331787
p034__s09,p034,s09,alpha_075,0.75,0.525496780872345,0.5539244413375854
p035__s00,p035,s00,alpha_075,0.75,0.5339459180831909,0.11125192046165466
p035__s01,p035,s01,alpha_075,0.75,0.8225829601287842,0.4452548325061798
p035__s02,p035,s02,alpha_075,0.75,0.593471884727478,0.19087174534797668
p035__s03,p035,s03,alpha_075,0.75,0.4834437668323517,0.2300931215286255
p035__s04,p035,s04,alpha_075,0.75,0.5377954244613647,0.34004688262939453
p035__s05,p035,s05,alpha_075,0.75,0.6046345233917236,0.2891082465648651
p035__s06,p035,s06,alpha_075,0.75,0.5969734191894531,0.48250699043273926
p035__s07,p035,s07,alpha_075,0.75,0.5618948936462402,0.24936094880104065
p035__s08,p035,s08,alpha_075,0.75,0.5482849478721619,0.23624764382839203
p035__s09,p035,s09,alpha_075,0.75,0.6555922031402588,0.28333115577697754
p036__s00,p036,s00,alpha_075,0.75,0.3209031820297241,0.06573422998189926
p036__s01,p036,s01,alpha_075,0.75,0.6121495962142944,0.5303627848625183
p036__s02,p036,s02,alpha_075,0.75,0.46895337104797363,0.14866435527801514
p036__s03,p036,s03,alpha_075,0.75,0.48114949464797974,0.19479823112487793
p036__s04,p036,s04,alpha_075,0.75,0.4413693845272064,0.2704882025718689
p036__s05,p036,s05,alpha_075,0.75,0.5055403113365173,0.264340341091156
p036__s06,p036,s06,alpha_075,0.75,0.5845479965209961,0.47032713890075684
p036__s07,p036,s07,alpha_075,0.75,0.38367360830307007,0.10251008719205856
p036__s08,p036,s08,alpha_075,0.75,0.47408026456832886,0.1894460916519165
p036__s09,p036,s09,alpha_075,0.75,0.5537344813346863,0.3936353921890259
p037__s00,p037,s00,alpha_075,0.75,0.4109323024749756,0.21761325001716614
p037__s01,p037,s01,alpha_075,0.75,0.7413077354431152,0.5901591777801514
p037__s02,p037,s02,alpha_075,0.75,0.5688808560371399,0.41191932559013367
p037__s03,p037,s03,alpha_075,0.75,0.606616735458374,0.2694087028503418
p037__s04,p037,s04,alpha_075,0.75,0.48896604776382446,0.26655086874961853
p037__s05,p037,s05,alpha_075,0.75,0.5693389177322388,0.3789690434932709
p037__s06,p037,s06,alpha_075,0.75,0.6789149045944214,0.5693190693855286
p037__s07,p037,s07,alpha_075,0.75,0.4311862587928772,0.25181180238723755
p037__s08,p037,s08,alpha_075,0.75,0.5649939775466919,0.3841570019721985
p037__s09,p037,s09,alpha_075,0.75,0.5739876627922058,0.5290378928184509
p038__s00,p038,s00,alpha_075,0.75,0.565020740032196,0.15039077401161194
p038__s01,p038,s01,alpha_075,0.75,0.3083333969116211,0.4990208148956299
p038__s02,p038,s02,alpha_075,0.75,0.5521835088729858,0.35778114199638367
p038__s03,p038,s03,alpha_075,0.75,0.6241685152053833,0.24170364439487457
p038__s04,p038,s04,alpha_075,0.75,0.6333423852920532,0.2871549725532532
p038__s05,p038,s05,alpha_075,0.75,0.5920064449310303,0.3824552595615387
p038__s06,p038,s06,alpha_075,0.75,0.48250746726989746,0.5177911520004272
p038__s07,p038,s07,alpha_075,0.75,0.5797480344772339,0.23852421343326569
p038__s08,p038,s08,alpha_075,0.75,0.49300074577331543,0.28751733899116516
p038__s09,p038,s09,alpha_075,0.75,0.6100693941116333,0.42253607511520386
p039__s00,p039,s00,alpha_075,0.75,0.5416025519371033,0.019630219787359238
p039__s01,p039,s01,alpha_075,0.75,0.6433713436126709,0.48087888956069946
p039__s02,p039,s02,alpha_075,0.75,0.6239262223243713,0.2233881950378418
p039__s03,p039,s03,alpha_075,0.75,0.6569584608078003,0.23276552557945251
p039__s04,p039,s04,alpha_075,0.75,0.6837922930717468,0.3689959943294525
p039__s05,p039,s05,alpha_075,0.75,0.5670211315155029,0.15789994597434998
p039__s06,p039,s06,alpha_075,0.75,0.6822354197502136,0.4733988046646118
p039__s07,p039,s07,alpha_075,0.75,0.5392220616340637,0.19080215692520142
p039__s08,p039,s08,alpha_075,0.75,0.506208598613739,0.21248236298561096
p039__s09,p039,s09,alpha_075,0.75,0.5283093452453613,0.42318934202194214
p040__s00,p040,s00,alpha_075,0.75,0.431460440158844,0.17089907824993134
p040__s01,p040,s01,alpha_075,0.75,0.43837863206863403,0.534209132194519
p040__s02,p040,s02,alpha_075,0.75,0.44296661019325256,0.3545371890068054
p040__s03,p040,s03,alpha_075,0.75,0.48433518409729004,0.2754284739494324
p040__s04,p040,s04,alpha_075,0.75,0.47962260246276855,0.392548143863678
p040__s05,p040,s05,alpha_075,0.75,0.4630059003829956,0.37692517042160034
p040__s06,p040,s06,alpha_075,0.75,0.4917893409729004,0.58720862865448
p040__s07,p040,s07,alpha_075,0.75,0.43242624402046204,0.2883778512477875
p040__s08,p040,s08,alpha_075,0.75,0.3966437578201294,0.43510326743125916
p040__s09,p040,s09,alpha_075,0.75,0.5174862742424011,0.5647273063659668
p041__s00,p041,s00,alpha_075,0.75,0.565338134765625,0.17286421358585358
p041__s01,p041,s01,alpha_075,0.75,0.7524976134300232,0.4612506031990051
p041__s02,p041,s02,alpha_075,0.75,0.6735609769821167,0.1829480230808258
p041__s03,p041,s03,alpha_075,0.75,0.6654554605484009,0.1369493007659912
p041__s04,p041,s04,alpha_075,0.75,0.5898796916007996,0.16606156527996063
p041__s05,p041,s05,alpha_075,0.75,0.6986600756645203,0.18167053163051605
p041__s06,p041,s06,alpha_075,0.75,0.7323850393295288,0.26664626598358154
p041__s07,p041,s07,alpha_075,0.75,0.563308596611023,0.26793956756591797
p041__s08,p041,s08,alpha_075,0.75,0.7207321524620056,0.25142011046409607
p041__s09,p041,s09,alpha_075,0.75,0.669391393661499,0.40645310282707214
p042__s00,p042,s00,alpha_075,0.75,0.43657100200653076,0.15003541111946106
p042__s01,p042,s01,alpha_075,0.75,0.6530438661575317,0.5991476774215698
p042__s02,p042,s02,alpha_075,0.75,0.5312862396240234,0.34516146779060364
p042__s03,p042,s03,alpha_075,0.75,0.5413706302642822,0.22400593757629395
p042__s04,p042,s04,alpha_075,0.75,0.5086135864257812,0.16124822199344635
p042__s05,p042,s05,alpha_075,0.75,0.594933807849884,0.37446245551109314
p042__s06,p042,s06,alpha_075,0.75,0.6409831047058105,0.5744360685348511
p042__s07,p042,s07,alpha_075,0.75,0.448808491230011,0.15891540050506592
p042__s08,p042,s08,alpha_075,0.75,0.5594802498817444,0.2285580039024353
p042__s09,p042,s09,alpha_075,0.75,0.6137806177139282,0.38641634583473206
p043__s00,p043,s00,alpha_075,0.75,0.4738447070121765,0.06807053834199905
p043__s01,p043,s01,alpha_075,0.75,0.7092384099960327,0.5147272348403931
p043__s02,p043,s02,alpha_075,0.75,0.5965418815612793,0.2167874127626419
p043__s03,p043,s03,alpha_075,0.75,0.5429677963256836,0.21888884902000427
p043__s04,p043,s04,alpha_075,0.75,0.5399388074874878,0.20089679956436157
p043__s05,p043,s05,alpha_075,0.75,0.5999888777732849,0.21965567767620087
p043__s06,p043,s06,alpha_075,0.75,0.6826692819595337,0.4436420798301697
p043__s07,p043,s07,alpha_075,0.75,0.4783896207809448,0.11493367701768875
p043__s08,p043,s08,alpha_075,0.75,0.592313826084137,0.24678441882133484
p043__s09,p043,s09,alpha_075,0.75,0.6224650144577026,0.36236849427223206
p044__s00,p044,s00,alpha_075,0.75,0.5818623900413513,0.05030552297830582
p044__s01,p044,s01,alpha_075,0.75,0.3214068114757538,0.4814258813858032
p044__s02,p044,s02,alpha_075,0.75,0.5733053684234619,0.297804594039917
p044__s03,p044,s03,alpha_075,0.75,0.6041016578674316,0.2527725100517273
p044__s04,p044,s04,alpha_075,0.75,0.5685902237892151,0.19147229194641113
p044__s05,p044,s05,alpha_075,0.75,0.6361788511276245,0.26253241300582886
p044__s06,p044,s06,alpha_075,0.75,0.5452582836151123,0.5726057291030884
p044__s07,p044,s07,alpha_075,0.75,0.6087182760238647,0.2428112030029297
p044__s08,p044,s08,alpha_075,0.75,0.5465505123138428,0.3220295310020447
p044__s09,p044,s09,alpha_075,0.75,0.6530514359474182,0.4298364520072937
p045__s00,p045,s00,alpha_075,0.75,0.40555909276008606,0.21841660141944885
p045__s01,p045,s01,alpha_075,0.75,0.7075943350791931,0.5283620357513428
p045__s02,p045,s02,alpha_075,0.75,0.5497574210166931,0.2898508906364441
p045__s03,p045,s03,alpha_075,0.75,0.5555524826049805,0.22812014818191528
p045__s04,p045,s04,alpha_075,0.75,0.6101883053779602,0.3058449625968933
p045__s05,p045,s05,alpha_075,0.75,0.5113365650177002,0.3586837947368622
p045__s06,p045,s06,alpha_075,0.75,0.6639965772628784,0.4479904770851135
p045__s07,p045,s07,alpha_075,0.75,0.4282292127609253,0.25092899799346924
p045__s08,p045,s08,alpha_075,0.75,0.5173882246017456,0.26066702604293823
p045__s09,p045,s09,alpha_075,0.75,0.5331808924674988,0.5628632307052612
p046__s00,p046,s00,alpha_075,0.75,0.5169135332107544,0.06578420102596283
p046__s01,p046,s01,alpha_075,0.75,0.6860480904579163,0.4893241226673126
p046__s02,p046,s02,alpha_075,0.75,0.6288378238677979,0.2978662848472595
p046__s03,p046,s03,alpha_075,0.75,0.6837757229804993,0.2569316625595093
p046__s04,p046,s04,alpha_075,0.75,0.7013429403305054,0.24962595105171204
p046__s05,p046,s05,alpha_075,0.75,0.5312914252281189,0.2731434106826782
p046__s06,p046,s06,alpha_075,0.75,0.6900937557220459,0.5326390266418457
p046__s07,p046,s07,alpha_075,0.75,0.5323688387870789,0.17505083978176117
p046__s08,p046,s08,alpha_075,0.75,0.5086629390716553,0.17165040969848633
p046__s09,p046,s09,alpha_075,0.75,0.4446616470813751,0.35147035121917725
p047__s00,p047,s00,alpha_075,0.75,0.6539193391799927,0.20580387115478516
p047__s01,p047,s01,alpha_075,0.75,0.24399083852767944,0.643393874168396
p047__s02,p047,s02,alpha_075,0.75,0.6202201843261719,0.3584620952606201
p047__s03,p047,s03,alpha_075,0.75,0.6585292816162109,0.2933189570903778
p047__s04,p047,s04,alpha_075,0.75,0.6499019861221313,0.3125172555446625
p047__s05,p047,s05,alpha_075,0.75,0.669194221496582,0.4508839249610901
p047__s06,p047,s06,alpha_075,0.75,0.5883638858795166,0.4929480254650116
p047__s07,p047,s07,alpha_075,0.75,0.6317782402038574,0.3332454562187195
p047__s08,p047,s08,alpha_075,0.75,0.583355188369751,0.31809550523757935
p047__s09,p047,s09,alpha_075,0.75,0.7025851011276245,0.48725640773773193
p048__s00,p048,s00,alpha_075,0.75,0.5666860342025757,0.20463120937347412
p048__s01,p048,s01,alpha_075,0.75,0.8655596971511841,0.5437386631965637
p048__s02,p048,s02,alpha_075,0.75,0.7094889879226685,0.32228320837020874
p048__s03,p048,s03,alpha_075,0.75,0.7765255570411682,0.2987491488456726
p048__s04,p048,s04,alpha_075,0.75,0.7293243408203125,0.20283976197242737
p048__s05,p048,s05,alpha_075,0.75,0.6919270753860474,0.4208967089653015
p048__s06,p048,s06,alpha_075,0.75,0.8854503035545349,0.5030131340026855
p048__s07,p048,s07,alpha_075,0.75,0.5673443078994751,0.21109119057655334
p048__s08,p048,s08,alpha_075,0.75,0.7401009798049927,0.17290577292442322
p048__s09,p048,s09,alpha_075,0.75,0.6643115878105164,0.4413359761238098
p049__s00,p049,s00,alpha_075,0.75,0.4832732677459717,0.07980687916278839
p049__s01,p049,s01,alpha_075,0.75,0.6125152707099915,0.3518275022506714
p049__s02,p049,s02,alpha_075,0.75,0.5647594928741455,0.26717609167099
p049__s03,p049,s03,alpha_075,0.75,0.5647227764129639,0.12190082669258118
p049__s04,p049,s04,alpha_075,0.75,0.47223278880119324,0.20712509751319885
p049__s05,p049,s05,alpha_075,0.75,0.6211004257202148,0.23207013309001923
p049__s06,p049,s06,alpha_075,0.75,0.5898218154907227,0.462581604719162
p049__s07,p049,s07,alpha_075,0.75,0.52810138463974,0.1857917606830597
p049__s08,p049,s08,alpha_075,0.75,0.5734790563583374,0.24289876222610474
p049__s09,p049,s09,alpha_075,0.75,0.6100900173187256,0.32979363203048706
p050__s00,p050,s00,alpha_075,0.75,0.5742614269256592,0.06508471816778183
p050__s01,p050,s01,alpha_075,0.75,0.5183004140853882,0.399660587310791
p050__s02,p050,s02,alpha_075,0.75,0.6541684865951538,0.17876577377319336
p050__s03,p050,s03,alpha_075,0.75,0.6668463945388794,0.2027999311685562
p050__s04,p050,s04,alpha_075,0.75,0.619038462638855,0.25607404112815857
p050__s05,p050,s05,alpha_075,0.75,0.5791564583778381,0.1836913377046585
p050__s06,p050,s06,alpha_075,0.75,0.5987693667411804,0.41560304164886475
p050__s07,p050,s07,alpha_075,0.75,0.5819399952888489,0.051288850605487823
p050__s08,p050,s08,alpha_075,0.75,0.5441716313362122,0.2766176462173462
p050__s09,p050,s09,alpha_075,0.75,0.563904345035553,0.3757016658782959
p051__s00,p051,s00,alpha_075,0.75,0.5326777100563049,0.21562695503234863
p051__s01,p051,s01,alpha_075,0.75,0.7417948246002197,0.4676916003227234
p051__s02,p051,s02,alpha_075,0.75,0.5755949020385742,0.3561568856239319
p051__s03,p051,s03,alpha_075,0.75,0.5739033222198486,0.30510368943214417
p051__s04,p051,s04,alpha_075,0.75,0.48937368392944336,0.15300390124320984
p051__s05,p051,s05,alpha_075,0.75,0.5949776768684387,0.41856396198272705
p051__s06,p051,s06,alpha_075,0.75,0.6614062786102295,0.5359587073326111
p051__s07,p051,s07,alpha_075,0.75,0.5305427312850952,0.2022504359483719
p051__s08,p051,s08,alpha_075,0.75,0.6191307902336121,0.23739123344421387
p051__s09,p051,s09,alpha_075,0.75,0.6655928492546082,0.4323582649230957
p052__s00,p052,s00,alpha_075,0.75,0.49221909046173096,0.16548103094100952
p052__s01,p052,s01,alpha_075,0.75,0.7656704783439636,0.5155245661735535
p052__s02,p052,s02,alpha_075,0.75,0.6098261475563049,0.2680547833442688
p052__s03,p052,s03,alpha_075,0.75,0.5574443340301514,0.2438238263130188
p052__s04,p052,s04,alpha_075,0.75,0.5540162324905396,0.23421791195869446
p052__s05,p052,s05,alpha_075,0.75,0.633935809135437,0.36111071705818176
p052__s06,p052,s06,alpha_075,0.75,0.7211768627166748,0.4427914619445801
p052__s07,p052,s07,alpha_075,0.75,0.4775247573852539,0.17717939615249634
p052__s08,p052,s08,alpha_075,0.75,0.6349031925201416,0.2864932417869568
p052__s09,p052,s09,alpha_075,0.75,0.7000304460525513,0.5088440179824829
p053__s00,p053,s00,alpha_075,0.75,0.5026944875717163,0.1412237286567688
p053__s01,p053,s01,alpha_075,0.75,0.7932201027870178,0.5520360469818115
p053__s02,p053,s02,alpha_075,0.75,0.6686569452285767,0.18615201115608215
p053__s03,p053,s03,alpha_075,0.75,0.6984121799468994,0.15038937330245972
p053__s04,p053,s04,alpha_075,0.75,0.6535781025886536,0.2019079029560089
p053__s05,p053,s05,alpha_075,0.75,0.6403284668922424,0.30068501830101013
p053__s06,p053,s06,alpha_075,0.75,0.7865228652954102,0.41909629106521606
p053__s07,p053,s07,alpha_075,0.75,0.5219728350639343,0.17808350920677185
p053__s08,p053,s08,alpha_075,0.75,0.6688411831855774,0.2452307790517807
p053__s09,p053,s09,alpha_075,0.75,0.6011594533920288,0.4915473461151123
p054__s00,p054,s00,alpha_075,0.75,0.5138604044914246,0.10678765177726746
p054__s01,p054,s01,alpha_075,0.75,0.6971707344055176,0.3666181266307831
p054__s02,p054,s02,alpha_075,0.75,0.6616454720497131,0.1558389961719513
p054__s03,p054,s03,alpha_075,0.75,0.6374363899230957,0.1597883403301239
p054__s04,p054,s04,alpha_075,0.75,0.5541103482246399,0.07404102385044098
p054__s05,p054,s05,alpha_075,0.75,0.691617488861084,0.2375960648059845
p054__s06,p054,s06,alpha_075,0.75,0.751300573348999,0.27623802423477173
p054__s07,p054,s07,alpha_075,0.75,0.5055108666419983,0.1336614191532135
p054__s08,p054,s08,alpha_075,0.75,0.7237938046455383,0.24879637360572815
p054__s09,p054,s09,alpha_075,0.75,0.7009429931640625,0.4023870825767517
p055__s00,p055,s00,alpha_075,0.75,0.49860626459121704,0.12317492067813873
p055__s01,p055,s01,alpha_075,0.75,0.6408464908599854,0.4700751304626465
p055__s02,p055,s02,alpha_075,0.75,0.6108476519584656,0.18854224681854248
p055__s03,p055,s03,alpha_075,0.75,0.5992500185966492,0.24168767035007477
p055__s04,p055,s04,alpha_075,0.75,0.5627662539482117,0.17776134610176086
p055__s05,p055,s05,alpha_075,0.75,0.6119193434715271,0.2525549829006195
p055__s06,p055,s06,alpha_075,0.75,0.6806666851043701,0.37241265177726746
p055__s07,p055,s07,alpha_075,0.75,0.5116245150566101,0.19077657163143158
p055__s08,p055,s08,alpha_075,0.75,0.6018092632293701,0.2269311100244522
p055__s09,p055,s09,alpha_075,0.75,0.5958171486854553,0.38778430223464966
p056__s00,p056,s00,alpha_075,0.75,0.5590761303901672,0.20099295675754547
p056__s01,p056,s01,alpha_075,0.75,0.9235824346542358,0.4640865921974182
p056__s02,p056,s02,alpha_075,0.75,0.7068934440612793,0.20519836246967316
p056__s03,p056,s03,alpha_075,0.75,0.7267578840255737,0.2287830114364624
p056__s04,p056,s04,alpha_075,0.75,0.6821161508560181,0.493476539850235
p056__s05,p056,s05,alpha_075,0.75,0.7358965873718262,0.2835499048233032
p056__s06,p056,s06,alpha_075,0.75,0.8466190695762634,0.44123634696006775
p056__s07,p056,s07,alpha_075,0.75,0.5527914762496948,0.13175609707832336
p056__s08,p056,s08,alpha_075,0.75,0.7526640295982361,0.2605963349342346
p056__s09,p056,s09,alpha_075,0.75,0.7427445650100708,0.5007141828536987
p057__s00,p057,s00,alpha_075,0.75,0.47012028098106384,0.18180453777313232
p057__s01,p057,s01,alpha_075,0.75,0.8403983116149902,0.4728882312774658
p057__s02,p057,s02,alpha_075,0.75,0.6397446393966675,0.3022446632385254
p057__s03,p057,s03,alpha_075,0.75,0.708088755607605,0.16859933733940125
p057__s04,p057,s04,alpha_075,0.75,0.6660165786743164,0.15682804584503174
p057__s05,p057,s05,alpha_075,0.75,0.577895998954773,0.3843821883201599
p057__s06,p057,s06,alpha_075,0.75,0.8022868633270264,0.5187954902648926
p057__s07,p057,s07,alpha_075,0.75,0.48388218879699707,0.1781163215637207
p057__s08,p057,s08,alpha_075,0.75,0.6478675603866577,0.2372850924730301
p057__s09,p057,s09,alpha_075,0.75,0.5561000108718872,0.4262195825576782
p058__s00,p058,s00,alpha_075,0.75,0.3795199394226074,0.018879558891057968
p058__s01,p058,s01,alpha_075,0.75,0.6690211296081543,0.39839690923690796
p058__s02,p058,s02,alpha_075,0.75,0.5185180902481079,0.22250083088874817
p058__s03,p058,s03,alpha_075,0.75,0.4959792494773865,0.15525761246681213
p058__s04,p058,s04,alpha_075,0.75,0.4590262174606323,0.29823291301727295
p058__s05,p058,s05,alpha_075,0.75,0.557694673538208,0.15580038726329803
p058__s06,p058,s06,alpha_075,0.75,0.6352739334106445,0.459557443857193
p058__s07,p058,s07,alpha_075,0.75,0.403409868478775,0.15434786677360535
p058__s08,p058,s08,alpha_075,0.75,0.5116001963615417,0.29731839895248413
p058__s09,p058,s09,alpha_075,0.75,0.6064664125442505,0.2713173031806946
p059__s00,p059,s00,alpha_075,0.75,0.343626469373703,0.28799840807914734
p059__s01,p059,s01,alpha_075,0.75,0.6651955246925354,0.6105666756629944
p059__s02,p059,s02,alpha_075,0.75,0.45984533429145813,0.3142410218715668
p059__s03,p059,s03,alpha_075,0.75,0.4766339659690857,0.24751023948192596
p059__s04,p059,s04,alpha_075,0.75,0.4761867821216583,0.2447209358215332
p059__s05,p059,s05,alpha_075,0.75,0.4687279462814331,0.32942602038383484
p059__s06,p059,s06,alpha_075,0.75,0.5949764251708984,0.49337252974510193
p059__s07,p059,s07,alpha_075,0.75,0.41158828139305115,0.14873729646205902
p059__s08,p059,s08,alpha_075,0.75,0.48796138167381287,0.25462251901626587
p059__s09,p059,s09,alpha_075,0.75,0.46224072575569153,0.5187857747077942
p000__s00,p000,s00,alpha_100,1.0,0.40988612174987793,0.2973155379295349
p000__s01,p000,s01,alpha_100,1.0,0.8292064666748047,0.490593820810318
p000__s02,p000,s02,alpha_100,1.0,0.5900348424911499,0.3668592572212219
p000__s03,p000,s03,alpha_100,1.0,0.628975510597229,0.29224151372909546
p000__s04,p000,s04,alpha_100,1.0,0.6151114702224731,0.3694973587989807
p000__s05,p000,s05,alpha_100,1.0,0.5192224383354187,0.4361385107040405
p000__s06,p000,s06,alpha_100,1.0,0.7206685543060303,0.5208410024642944
p000__s07,p000,s07,alpha_100,1.0,0.4573374390602112,0.2665559947490692
p000__s08,p000,s08,alpha_100,1.0,0.5784163475036621,0.3229944109916687
p000__s09,p000,s09,alpha_100,1.0,0.4999138116836548,0.43924546241760254
p001__s00,p001,s00,alpha_100,1.0,0.28870296478271484,0.11652571707963943
p001__s01,p001,s01,alpha_100,1.0,0.5275847911834717,0.4533883035182953
p001__s02,p001,s02,alpha_100,1.0,0.40350016951560974,0.22294588387012482
p001__s03,p001,s03,alpha_100,1.0,0.49372637271881104,0.21217966079711914
p001__s04,p001,s04,alpha_100,1.0,0.43603062629699707,0.24132293462753296
p001__s05,p001,s05,alpha_100,1.0,0.46631860733032227,0.23388534784317017
p001__s06,p001,s06,alpha_100,1.0,0.556578516960144,0.5049881935119629
p001__s07,p001,s07,alpha_100,1.0,0.33372554183006287,0.06548838317394257
p001__s08,p001,s08,alpha_100,1.0,0.4622810184955597,0.22958599030971527
p001__s09,p001,s09,alpha_100,1.0,0.5355114936828613,0.32019078731536865
p002__s00,p002,s00,alpha_100,1.0,0.4794967472553253,0.1334751695394516
p002__s01,p002,s01,alpha_100,1.0,0.37416312098503113,0.5675849318504333
p002__s02,p002,s02,alpha_100,1.0,0.5074153542518616,0.3598821759223938
p002__s03,p002,s03,alpha_100,1.0,0.4757355749607086,0.2595153748989105
p002__s04,p002,s04,alpha_100,1.0,0.42296236753463745,0.21741975843906403
p002__s05,p002,s05,alpha_100,1.0,0.5522873401641846,0.3629976212978363
p002__s06,p002,s06,alpha_100,1.0,0.4577750861644745,0.5747452974319458
p002__s07,p002,s07,alpha_100,1.0,0.46969497203826904,0.1478688269853592
p002__s08,p002,s08,alpha_100,1.0,0.45574331283569336,0.3065953254699707
p002__s09,p002,s09,alpha_100,1.0,0.557703971862793,0.42098480463027954
p003__s00,p003,s00,alpha_100,1.0,0.49559152126312256,0.19017167389392853
p003__s01,p003,s01,alpha_100,1.0,0.809613049030304,0.5247533917427063
p003__s02,p003,s02,alpha_100,1.0,0.6151544451713562,0.3589853346347809
p003__s03,p003,s03,alpha_100,1.0,0.671363353729248,0.1536661684513092
p003__s04,p003,s04,alpha_100,1.0,0.6616976261138916,0.2424602508544922
p003__s05,p003,s05,alpha_100,1.0,0.5475476980209351,0.2211388200521469
p003__s06,p003,s06,alpha_100,1.0,0.7540383338928223,0.5168108940124512
p003__s07,p003,s07,alpha_100,1.0,0.4930722713470459,0.18807381391525269
p003__s08,p003,s08,alpha_100,1.0,0.587155282497406,0.2189439833164215
p003__s09,p003,s09,alpha_100,1.0,0.5253944396972656,0.36844179034233093
p004__s00,p004,s00,alpha_100,1.0,0.5237299203872681,0.1951931118965149
p004__s01,p004,s01,alpha_100,1.0,0.8069014549255371,0.4379326403141022
p004__s02,p004,s02,alpha_100,1.0,0.6869897246360779,0.19525261223316193
p004__s03,p004,s03,alpha_100,1.0,0.675682544708252,0.1491442322731018
p004__s04,p004,s04,alpha_100,1.0,0.6104480028152466,0.19611306488513947
p004__s05,p004,s05,alpha_100,1.0,0.658241868019104,0.28683486580848694
p004__s06,p004,s06,alpha_100,1.0,0.8035045862197876,0.31667590141296387
p004__s07,p004,s07,alpha_100,1.0,0.5506986379623413,0.23709510266780853
p004__s08,p004,s08,alpha_100,1.0,0.732907235622406,0.22080910205841064
p004__s09,p004,s09,alpha_100,1.0,0.6292434930801392,0.42333054542541504
p005__s00,p005,s00,alpha_100,1.0,0.512245774269104,0.14579741656780243
p005__s01,p005,s01,alpha_100,1.0,0.7397034764289856,0.583332359790802
p005__s02,p005,s02,alpha_100,1.0,0.6164934039115906,0.1511390209197998
p005__s03,p005,s03,alpha_100,1.0,0.5711559653282166,0.17698587477207184
p005__s04,p005,s04,alpha_100,1.0,0.5384575128555298,0.3033539056777954
p005__s05,p005,s05,alpha_100,1.0,0.6580188870429993,0.2761625051498413
p005__s06,p005,s06,alpha_100,1.0,0.6931663155555725,0.4696592688560486
p005__s07,p005,s07,alpha_100,1.0,0.5530627369880676,0.23780998587608337
p005__s08,p005,s08,alpha_100,1.0,0.6450210213661194,0.3122522532939911
p005__s09,p005,s09,alpha_100,1.0,0.6455896496772766,0.49537208676338196
p006__s00,p006,s00,alpha_100,1.0,0.4214882254600525,0.2618573009967804
p006__s01,p006,s01,alpha_100,1.0,0.7065954208374023,0.6392807364463806
p006__s02,p006,s02,alpha_100,1.0,0.5434879660606384,0.3068038821220398
p006__s03,p006,s03,alpha_100,1.0,0.550047755241394,0.2546941339969635
p006__s04,p006,s04,alpha_100,1.0,0.5267242789268494,0.29223349690437317
p006__s05,p006,s05,alpha_100,1.0,0.581955075263977,0.32441192865371704
p006__s06,p006,s06,alpha_100,1.0,0.684097409248352,0.49338728189468384
p006__s07,p006,s07,alpha_100,1.0,0.4637196660041809,0.23384499549865723
p006__s08,p006,s08,alpha_100,1.0,0.607082188129425,0.24685138463974
p006__s09,p006,s09,alpha_100,1.0,0.5614962577819824,0.4745747447013855
p007__s00,p007,s00,alpha_100,1.0,0.6365647315979004,0.0689937174320221
p007__s01,p007,s01,alpha_100,1.0,0.17671054601669312,0.5475043654441833
p007__s02,p007,s02,alpha_100,1.0,0.614454984664917,0.31332656741142273
p007__s03,p007,s03,alpha_100,1.0,0.6333513855934143,0.22539715468883514
p007__s04,p007,s04,alpha_100,1.0,0.6173879504203796,0.2975879907608032
p007__s05,p007,s05,alpha_100,1.0,0.6766026020050049,0.23505380749702454
p007__s06,p007,s06,alpha_100,1.0,0.5832538604736328,0.5564678907394409
p007__s07,p007,s07,alpha_100,1.0,0.5614041686058044,0.18008652329444885
p007__s08,p007,s08,alpha_100,1.0,0.5565519332885742,0.26979148387908936
p007__s09,p007,s09,alpha_100,1.0,0.714607298374176,0.44233089685440063
p008__s00,p008,s00,alpha_100,1.0,0.3662976324558258,0.11906036734580994
p008__s01,p008,s01,alpha_100,1.0,0.5752918720245361,0.4913177490234375
p008__s02,p008,s02,alpha_100,1.0,0.5076715350151062,0.28705310821533203
p008__s03,p008,s03,alpha_100,1.0,0.4679347276687622,0.18273389339447021
p008__s04,p008,s04,alpha_100,1.0,0.45904138684272766,0.216395765542984
p008__s05,p008,s05,alpha_100,1.0,0.556861937046051,0.25093477964401245
p008__s06,p008,s06,alpha_100,1.0,0.6410155296325684,0.42060989141464233
p008__s07,p008,s07,alpha_100,1.0,0.39964303374290466,0.09530478715896606
p008__s08,p008,s08,alpha_100,1.0,0.5644799470901489,0.21590304374694824
p008__s09,p008,s09,alpha_100,1.0,0.6227282881736755,0.29086947441101074
p009__s00,p009,s00,alpha_100,1.0,0.44823235273361206,0.24935504794120789
p009__s01,p009,s01,alpha_100,1.0,0.645196795463562,0.4160635769367218
p009__s02,p009,s02,alpha_100,1.0,0.5487856864929199,0.25191518664360046
p009__s03,p009,s03,alpha_100,1.0,0.6023756861686707,0.2645947337150574
p009__s04,p009,s04,alpha_100,1.0,0.5596206188201904,0.13846787810325623
p009__s05,p009,s05,alpha_100,1.0,0.5032427310943604,0.33373671770095825
p009__s06,p009,s06,alpha_100,1.0,0.6143534779548645,0.43530601263046265
p009__s07,p009,s07,alpha_100,1.0,0.46590206027030945,0.1949504315853119
p009__s08,p009,s08,alpha_100,1.0,0.5266484618186951,0.16946595907211304
p009__s09,p009,s09,alpha_100,1.0,0.481193482875824,0.3811519145965576
p010__s00,p010,s00,alpha_100,1.0,0.3300118148326874,0.15483495593070984
p010__s01,p010,s01,alpha_100,1.0,0.5777641534805298,0.5245707035064697
p010__s02,p010,s02,alpha_100,1.0,0.4387017488479614,0.2851177453994751
p010__s03,p010,s03,alpha_100,1.0,0.48238956928253174,0.35989439487457275
p010__s04,p010,s04,alpha_100,1.0,0.4537332057952881,0.3130798935890198
p010__s05,p010,s05,alpha_100,1.0,0.4508017897605896,0.31870102882385254
p010__s06,p010,s06,alpha_100,1.0,0.5326679944992065,0.45483654737472534
p010__s07,p010,s07,alpha_100,1.0,0.36632925271987915,0.19152656197547913
p010__s08,p010,s08,alpha_100,1.0,0.44775599241256714,0.23410539329051971
p010__s09,p010,s09,alpha_100,1.0,0.4461331069469452,0.4237942695617676
p011__s00,p011,s00,alpha_100,1.0,0.22434674203395844,0.07910586148500443
p011__s01,p011,s01,alpha_100,1.0,0.5977995991706848,0.6743651628494263
p011__s02,p011,s02,alpha_100,1.0,0.3284924030303955,0.3637397885322571
p011__s03,p011,s03,alpha_100,1.0,0.4511694014072418,0.29803913831710815
p011__s04,p011,s04,alpha_100,1.0,0.4688110053539276,0.3844243884086609
p011__s05,p011,s05,alpha_100,1.0,0.33053627610206604,0.39804187417030334
p011__s06,p011,s06,alpha_100,1.0,0.5122563242912292,0.5590451955795288
p011__s07,p011,s07,alpha_100,1.0,0.27989456057548523,0.18681344389915466
p011__s08,p011,s08,alpha_100,1.0,0.3209284245967865,0.3857066035270691
p011__s09,p011,s09,alpha_100,1.0,0.3504270315170288,0.6081170439720154
p012__s00,p012,s00,alpha_100,1.0,0.33863264322280884,0.14322812855243683
p012__s01,p012,s01,alpha_100,1.0,0.7340339422225952,0.5503982305526733
p012__s02,p012,s02,alpha_100,1.0,0.5281606316566467,0.2486017644405365
p012__s03,p012,s03,alpha_100,1.0,0.5036192536354065,0.2257668673992157
p012__s04,p012,s04,alpha_100,1.0,0.49667176604270935,0.2278851419687271
p012__s05,p012,s05,alpha_100,1.0,0.4967823326587677,0.30245745182037354
p012__s06,p012,s06,alpha_100,1.0,0.6537122130393982,0.509433925151825
p012__s07,p012,s07,alpha_100,1.0,0.3719388246536255,0.25182703137397766
p012__s08,p012,s08,alpha_100,1.0,0.49532097578048706,0.35506969690322876
p012__s09,p012,s09,alpha_100,1.0,0.4933338165283203,0.5319061279296875
p013__s00,p013,s00,alpha_100,1.0,0.46489593386650085,0.21773795783519745
p013__s01,p013,s01,alpha_100,1.0,0.6526007056236267,0.528728723526001
p013__s02,p013,s02,alpha_100,1.0,0.5315213203430176,0.3111822009086609
p013__s03,p013,s03,alpha_100,1.0,0.5402319431304932,0.23271891474723816
p013__s04,p013,s04,alpha_100,1.0,0.4951585531234741,0.20861542224884033
p013__s05,p013,s05,alpha_100,1.0,0.5701397657394409,0.3338373899459839
p013__s06,p013,s06,alpha_100,1.0,0.600495457649231,0.4364219307899475
p013__s07,p013,s07,alpha_100,1.0,0.5103495121002197,0.26171040534973145
p013__s08,p013,s08,alpha_100,1.0,0.554709792137146,0.2949507534503937
p013__s09,p013,s09,alpha_100,1.0,0.553444504737854,0.45963844656944275
p014__s00,p014,s00,alpha_100,1.0,0.3981377184391022,0.14395126700401306
p014__s01,p014,s01,alpha_100,1.0,0.7181617617607117,0.48464271426200867
p014__s02,p014,s02,alpha_100,1.0,0.5986381769180298,0.2727568745613098
p014__s03,p014,s03,alpha_100,1.0,0.6392650604248047,0.1961497664451599
p014__s04,p014,s04,alpha_100,1.0,0.6339831948280334,0.316200852394104
p014__s05,p014,s05,alpha_100,1.0,0.46593213081359863,0.2077375054359436
p014__s06,p014,s06,alpha_100,1.0,0.7295469045639038,0.5620101690292358
p014__s07,p014,s07,alpha_100,1.0,0.4295161962509155,0.13716661930084229
p014__s08,p014,s08,alpha_100,1.0,0.5516128540039062,0.22144269943237305
p014__s09,p014,s09,alpha_100,1.0,0.43057963252067566,0.5152732133865356
p015__s00,p015,s00,alpha_100,1.0,0.4311547875404358,0.2168458104133606
p015__s01,p015,s01,alpha_100,1.0,0.7765317559242249,0.6132854223251343
p015__s02,p015,s02,alpha_100,1.0,0.5868833065032959,0.2535066604614258
p015__s03,p015,s03,alpha_100,1.0,0.6055095195770264,0.18492376804351807
p015__s04,p015,s04,alpha_100,1.0,0.5726180672645569,0.20016051828861237
p015__s05,p015,s05,alpha_100,1.0,0.5809924602508545,0.2477906048297882
p015__s06,p015,s06,alpha_100,1.0,0.7412209510803223,0.3695646822452545
p015__s07,p015,s07,alpha_100,1.0,0.45803385972976685,0.22190818190574646
p015__s08,p015,s08,alpha_100,1.0,0.6505187153816223,0.2511969208717346
p015__s09,p015,s09,alpha_100,1.0,0.5782548189163208,0.45440346002578735
p016__s00,p016,s00,alpha_100,1.0,0.6301400661468506,0.25497549772262573
p016__s01,p016,s01,alpha_100,1.0,0.6340364217758179,0.49818533658981323
p016__s02,p016,s02,alpha_100,1.0,0.6512532234191895,0.3197375535964966
p016__s03,p016,s03,alpha_100,1.0,0.6043851971626282,0.20989583432674408
p016__s04,p016,s04,alpha_100,1.0,0.4734611511230469,0.18301329016685486
p016__s05,p016,s05,alpha_100,1.0,0.7501927614212036,0.2802427113056183
p016__s06,p016,s06,alpha_100,1.0,0.6722949147224426,0.42499804496765137
p016__s07,p016,s07,alpha_100,1.0,0.6383888721466064,0.25570404529571533
p016__s08,p016,s08,alpha_100,1.0,0.7359540462493896,0.26303133368492126
p016__s09,p016,s09,alpha_100,1.0,0.7276499271392822,0.47018903493881226
p017__s00,p017,s00,alpha_100,1.0,0.5694288015365601,0.19117680191993713
p017__s01,p017,s01,alpha_100,1.0,0.803207516670227,0.5660598278045654
p017__s02,p017,s02,alpha_100,1.0,0.7294856309890747,0.20291301608085632
p017__s03,p017,s03,alpha_100,1.0,0.8146533370018005,0.22795948386192322
p017__s04,p017,s04,alpha_100,1.0,0.8139704465866089,0.2033781260251999
p017__s05,p017,s05,alpha_100,1.0,0.5627961158752441,0.2464384138584137
p017__s06,p017,s06,alpha_100,1.0,0.8280088305473328,0.4078421890735626
p017__s07,p017,s07,alpha_100,1.0,0.5539306402206421,0.2434941828250885
p017__s08,p017,s08,alpha_100,1.0,0.6276518106460571,0.2536614239215851
p017__s09,p017,s09,alpha_100,1.0,0.532882571220398,0.3788038492202759
p018__s00,p018,s00,alpha_100,1.0,0.4302009344100952,0.18530678749084473
p018__s01,p018,s01,alpha_100,1.0,0.7740160822868347,0.5259249210357666
p018__s02,p018,s02,alpha_100,1.0,0.5961468815803528,0.3406919240951538
p018__s03,p018,s03,alpha_100,1.0,0.5446828603744507,0.2707253396511078
p018__s04,p018,s04,alpha_100,1.0,0.5201458930969238,0.3704265058040619
p018__s05,p018,s05,alpha_100,1.0,0.5911589860916138,0.35769689083099365
p018__s06,p018,s06,alpha_100,1.0,0.707802414894104,0.4988628327846527
p018__s07,p018,s07,alpha_100,1.0,0.48321694135665894,0.2280704379081726
p018__s08,p018,s08,alpha_100,1.0,0.6102734804153442,0.26273852586746216
p018__s09,p018,s09,alpha_100,1.0,0.580619215965271,0.380976140499115
p019__s00,p019,s00,alpha_100,1.0,0.45771703124046326,0.12868312001228333
p019__s01,p019,s01,alpha_100,1.0,0.5981444120407104,0.5224374532699585
p019__s02,p019,s02,alpha_100,1.0,0.5445540547370911,0.3633536100387573
p019__s03,p019,s03,alpha_100,1.0,0.510643482208252,0.3190761208534241
p019__s04,p019,s04,alpha_100,1.0,0.426616907119751,0.17186832427978516
p019__s05,p019,s05,alpha_100,1.0,0.6318509578704834,0.27800026535987854
p019__s06,p019,s06,alpha_100,1.0,0.6388553977012634,0.5090054273605347
p019__s07,p019,s07,alpha_100,1.0,0.4865958094596863,0.13696947693824768
p019__s08,p019,s08,alpha_100,1.0,0.6155133247375488,0.23368211090564728
p019__s09,p019,s09,alpha_100,1.0,0.6706280708312988,0.36015158891677856
p020__s00,p020,s00,alpha_100,1.0,0.3941335082054138,0.19022619724273682
p020__s01,p020,s01,alpha_100,1.0,0.8323587775230408,0.4974367022514343
p020__s02,p020,s02,alpha_100,1.0,0.6249111294746399,0.17168380320072174
p020__s03,p020,s03,alpha_100,1.0,0.6489781141281128,0.20366808772087097
p020__s04,p020,s04,alpha_100,1.0,0.6110626459121704,0.25983279943466187
p020__s05,p020,s05,alpha_100,1.0,0.5802716612815857,0.31482017040252686
p020__s06,p020,s06,alpha_100,1.0,0.7107695937156677,0.3725966215133667
p020__s07,p020,s07,alpha_100,1.0,0.3713149428367615,0.17868515849113464
p020__s08,p020,s08,alpha_100,1.0,0.5752553939819336,0.3248429298400879
p020__s09,p020,s09,alpha_100,1.0,0.6043730974197388,0.39202573895454407
p021__s00,p021,s00,alpha_100,1.0,0.5080726742744446,0.2212095558643341
p021__s01,p021,s01,alpha_100,1.0,0.827716588973999,0.5220257639884949
p021__s02,p021,s02,alpha_100,1.0,0.6960471868515015,0.3000948429107666
p021__s03,p021,s03,alpha_100,1.0,0.6668981313705444,0.2822089195251465
p021__s04,p021,s04,alpha_100,1.0,0.6605284214019775,0.27120524644851685
p021__s05,p021,s05,alpha_100,1.0,0.6594246625900269,0.34383559226989746
p021__s06,p021,s06,alpha_100,1.0,0.8230634927749634,0.5100342035293579
p021__s07,p021,s07,alpha_100,1.0,0.5385125279426575,0.18023782968521118
p021__s08,p021,s08,alpha_100,1.0,0.7186475992202759,0.19745202362537384
p021__s09,p021,s09,alpha_100,1.0,0.6542369723320007,0.42691320180892944
p022__s00,p022,s00,alpha_100,1.0,0.4475553035736084,0.11561200767755508
p022__s01,p022,s01,alpha_100,1.0,0.4516509473323822,0.5322926044464111
p022__s02,p022,s02,alpha_100,1.0,0.4531257748603821,0.3084091246128082
p022__s03,p022,s03,alpha_100,1.0,0.4564853608608246,0.19266188144683838
p022__s04,p022,s04,alpha_100,1.0,0.4244377613067627,0.24654456973075867
p022__s05,p022,s05,alpha_100,1.0,0.5131167769432068,0.28464198112487793
p022__s06,p022,s06,alpha_100,1.0,0.4239330291748047,0.514100193977356
p022__s07,p022,s07,alpha_100,1.0,0.4595305919647217,0.17567119002342224
p022__s08,p022,s08,alpha_100,1.0,0.41490229964256287,0.24032625555992126
p022__s09,p022,s09,alpha_100,1.0,0.5075479745864868,0.38506394624710083
p023__s00,p023,s00,alpha_100,1.0,0.39267539978027344,0.1219884529709816
p023__s01,p023,s01,alpha_100,1.0,0.45144855976104736,0.5121952295303345
p023__s02,p023,s02,alpha_100,1.0,0.549038290977478,0.22096958756446838
p023__s03,p023,s03,alpha_100,1.0,0.5721387267112732,0.19282913208007812
p023__s04,p023,s04,alpha_100,1.0,0.6570189595222473,0.3314143717288971
p023__s05,p023,s05,alpha_100,1.0,0.40415269136428833,0.2796867787837982
p023__s06,p023,s06,alpha_100,1.0,0.5910905599594116,0.44578322768211365
p023__s07,p023,s07,alpha_100,1.0,0.38023388385772705,0.13403671979904175
p023__s08,p023,s08,alpha_100,1.0,0.36553955078125,0.2406178116798401
p023__s09,p023,s09,alpha_100,1.0,0.4237733483314514,0.3597128391265869
p024__s00,p024,s00,alpha_100,1.0,0.5717785954475403,0.19435414671897888
p024__s01,p024,s01,alpha_100,1.0,0.363756388425827,0.5222275257110596
p024__s02,p024,s02,alpha_100,1.0,0.5697101354598999,0.28194093704223633
p024__s03,p024,s03,alpha_100,1.0,0.6285744309425354,0.17926326394081116
p024__s04,p024,s04,alpha_100,1.0,0.6664794683456421,0.18084929883480072
p024__s05,p024,s05,alpha_100,1.0,0.6091921329498291,0.19553391635417938
p024__s06,p024,s06,alpha_100,1.0,0.5914290547370911,0.43633928894996643
p024__s07,p024,s07,alpha_100,1.0,0.5155935883522034,0.26314350962638855
p024__s08,p024,s08,alpha_100,1.0,0.503956139087677,0.20039503276348114
p024__s09,p024,s09,alpha_100,1.0,0.6365090608596802,0.3727664351463318
p025__s00,p025,s00,alpha_100,1.0,0.3449411392211914,0.19968491792678833
p025__s01,p025,s01,alpha_100,1.0,0.6469560861587524,0.6539114713668823
p025__s02,p025,s02,alpha_100,1.0,0.4854366183280945,0.29915520548820496
p025__s03,p025,s03,alpha_100,1.0,0.4981030821800232,0.23949062824249268
p025__s04,p025,s04,alpha_100,1.0,0.4802404046058655,0.2818599343299866
p025__s05,p025,s05,alpha_100,1.0,0.4624210596084595,0.2540134787559509
p025__s06,p025,s06,alpha_100,1.0,0.5959962606430054,0.45754629373550415
p025__s07,p025,s07,alpha_100,1.0,0.39168381690979004,0.10762584209442139
p025__s08,p025,s08,alpha_100,1.0,0.48257288336753845,0.22151315212249756
p025__s09,p025,s09,alpha_100,1.0,0.4439921975135803,0.4439326524734497
p026__s00,p026,s00,alpha_100,1.0,0.4997677206993103,0.11918382346630096
p026__s01,p026,s01,alpha_100,1.0,0.6458173990249634,0.45762693881988525
p026__s02,p026,s02,alpha_100,1.0,0.6053577661514282,0.13059863448143005
p026__s03,p026,s03,alpha_100,1.0,0.5311553478240967,0.13523243367671967
p026__s04,p026,s04,alpha_100,1.0,0.5267825722694397,0.17493192851543427
p026__s05,p026,s05,alpha_100,1.0,0.622365415096283,0.17103207111358643
p026__s06,p026,s06,alpha_100,1.0,0.6781991720199585,0.2850611209869385
p026__s07,p026,s07,alpha_100,1.0,0.5116636753082275,0.06288883835077286
p026__s08,p026,s08,alpha_100,1.0,0.6015239953994751,0.205875426530838
p026__s09,p026,s09,alpha_100,1.0,0.6221157908439636,0.2742150127887726
p027__s00,p027,s00,alpha_100,1.0,0.5588549375534058,0.1502452790737152
p027__s01,p027,s01,alpha_100,1.0,0.7751200199127197,0.40661948919296265
p027__s02,p027,s02,alpha_100,1.0,0.6491456031799316,0.19125548005104065
p027__s03,p027,s03,alpha_100,1.0,0.607109785079956,0.2810761332511902
p027__s04,p027,s04,alpha_100,1.0,0.5399373769760132,0.2253756821155548
p027__s05,p027,s05,alpha_100,1.0,0.6684238910675049,0.28017255663871765
p027__s06,p027,s06,alpha_100,1.0,0.7163263559341431,0.48806506395339966
p027__s07,p027,s07,alpha_100,1.0,0.5745733976364136,0.26911935210227966
p027__s08,p027,s08,alpha_100,1.0,0.6793540716171265,0.28172042965888977
p027__s09,p027,s09,alpha_100,1.0,0.6662847995758057,0.40211406350135803
p028__s00,p028,s00,alpha_100,1.0,0.47409141063690186,0.21103692054748535
p028__s01,p028,s01,alpha_100,1.0,0.6214327216148376,0.5337966680526733
p028__s02,p028,s02,alpha_100,1.0,0.5450053215026855,0.36631137132644653
p028__s03,p028,s03,alpha_100,1.0,0.5351147055625916,0.2130836546421051
p028__s04,p028,s04,alpha_100,1.0,0.42838209867477417,0.2253371775150299
p028__s05,p028,s05,alpha_100,1.0,0.6189016103744507,0.23794247210025787
p028__s06,p028,s06,alpha_100,1.0,0.61741042137146,0.46822547912597656
p028__s07,p028,s07,alpha_100,1.0,0.5138324499130249,0.22093036770820618
p028__s08,p028,s08,alpha_100,1.0,0.6311386227607727,0.3029562830924988
p028__s09,p028,s09,alpha_100,1.0,0.629493236541748,0.4466848373413086
p029__s00,p029,s00,alpha_100,1.0,0.44935208559036255,0.1297723948955536
p029__s01,p029,s01,alpha_100,1.0,0.7954461574554443,0.5093958377838135
p029__s02,p029,s02,alpha_100,1.0,0.6111143827438354,0.2849047780036926
p029__s03,p029,s03,alpha_100,1.0,0.5822696685791016,0.2630516588687897
p029__s04,p029,s04,alpha_100,1.0,0.5519648790359497,0.3595072329044342
p029__s05,p029,s05,alpha_100,1.0,0.6029399633407593,0.38712626695632935
p029__s06,p029,s06,alpha_100,1.0,0.7331609725952148,0.4890236556529999
p029__s07,p029,s07,alpha_100,1.0,0.5348213911056519,0.15245676040649414
p029__s08,p029,s08,alpha_100,1.0,0.6602605581283569,0.2769755721092224
p029__s09,p029,s09,alpha_100,1.0,0.588543713092804,0.48343709111213684
p030__s00,p030,s00,alpha_100,1.0,0.29982444643974304,0.2785577178001404
p030__s01,p030,s01,alpha_100,1.0,0.708737313747406,0.6053183674812317
p030__s02,p030,s02,alpha_100,1.0,0.45972806215286255,0.32378774881362915
p030__s03,p030,s03,alpha_100,1.0,0.4058389663696289,0.1940697729587555
p030__s04,p030,s04,alpha_100,1.0,0.44346556067466736,0.30447083711624146
p030__s05,p030,s05,alpha_100,1.0,0.3672181963920593,0.28632470965385437
p030__s06,p030,s06,alpha_100,1.0,0.5522266030311584,0.5914419889450073
p030__s07,p030,s07,alpha_100,1.0,0.3735600411891937,0.25782907009124756
p030__s08,p030,s08,alpha_100,1.0,0.4253309369087219,0.3203742504119873
p030__s09,p030,s09,alpha_100,1.0,0.36500436067581177,0.6089918613433838
p031__s00,p031,s00,alpha_100,1.0,0.47886043787002563,0.31668803095817566
p031__s01,p031,s01,alpha_100,1.0,0.7316763997077942,0.5205807685852051
p031__s02,p031,s02,alpha_100,1.0,0.6084571480751038,0.2876679301261902
p031__s03,p031,s03,alpha_100,1.0,0.6716997027397156,0.29058951139450073
p031__s04,p031,s04,alpha_100,1.0,0.6702284812927246,0.23225700855255127
p031__s05,p031,s05,alpha_100,1.0,0.5075505971908569,0.37007972598075867
p031__s06,p031,s06,alpha_100,1.0,0.7129964828491211,0.47007036209106445
p031__s07,p031,s07,alpha_100,1.0,0.5127938389778137,0.19332417845726013
p031__s08,p031,s08,alpha_100,1.0,0.5766632556915283,0.19272640347480774
p031__s09,p031,s09,alpha_100,1.0,0.45326438546180725,0.44505998492240906
p032__s00,p032,s00,alpha_100,1.0,0.5337474346160889,0.099397674202919
p032__s01,p032,s01,alpha_100,1.0,0.6759245991706848,0.5279200673103333
p032__s02,p032,s02,alpha_100,1.0,0.5919593572616577,0.30676841735839844
p032__s03,p032,s03,alpha_100,1.0,0.5568963289260864,0.23257195949554443
p032__s04,p032,s04,alpha_100,1.0,0.4670526385307312,0.1975846141576767
p032__s05,p032,s05,alpha_100,1.0,0.6381125450134277,0.25295203924179077
p032__s06,p032,s06,alpha_100,1.0,0.5966184139251709,0.5006218552589417
p032__s07,p032,s07,alpha_100,1.0,0.577064573764801,0.09011746942996979
p032__s08,p032,s08,alpha_100,1.0,0.6164180040359497,0.2263207584619522
p032__s09,p032,s09,alpha_100,1.0,0.6404076814651489,0.46054601669311523
p033__s00,p033,s00,alpha_100,1.0,0.4204549193382263,0.1332905888557434
p033__s01,p033,s01,alpha_100,1.0,0.6109929084777832,0.5096695423126221
p033__s02,p033,s02,alpha_100,1.0,0.5507320761680603,0.2354382872581482
p033__s03,p033,s03,alpha_100,1.0,0.5952454805374146,0.25023409724235535
p033__s04,p033,s04,alpha_100,1.0,0.6264775991439819,0.1893722414970398
p033__s05,p033,s05,alpha_100,1.0,0.4019859731197357,0.2542174160480499
p033__s06,p033,s06,alpha_100,1.0,0.6228958368301392,0.563063383102417
p033__s07,p033,s07,alpha_100,1.0,0.40443360805511475,0.22369951009750366
p033__s08,p033,s08,alpha_100,1.0,0.4439510405063629,0.2612033188343048
p033__s09,p033,s09,alpha_100,1.0,0.34102874994277954,0.458324134349823
p034__s00,p034,s00,alpha_100,1.0,0.3347766399383545,0.209936261177063
p034__s01,p034,s01,alpha_100,1.0,0.6331318616867065,0.460945188999176
p034__s02,p034,s02,alpha_100,1.0,0.47223377227783203,0.23462525010108948
p034__s03,p034,s03,alpha_100,1.0,0.40220335125923157,0.2558993399143219
p034__s04,p034,s04,alpha_100,1.0,0.3843836188316345,0.2454744428396225
p034__s05,p034,s05,alpha_100,1.0,0.49631205201148987,0.4152325987815857
p034__s06,p034,s06,alpha_100,1.0,0.5532690286636353,0.4199654459953308
p034__s07,p034,s07,alpha_100,1.0,0.3821732997894287,0.23271456360816956
p034__s08,p034,s08,alpha_100,1.0,0.5030611157417297,0.2842438817024231
p034__s09,p034,s09,alpha_100,1.0,0.532834529876709,0.554111123085022
p035__s00,p035,s00,alpha_100,1.0,0.5009093284606934,0.11287812888622284
p035__s01,p035,s01,alpha_100,1.0,0.7771295309066772,0.4710822105407715
p035__s02,p035,s02,alpha_100,1.0,0.574057936668396,0.15550091862678528
p035__s03,p035,s03,alpha_100,1.0,0.4553031325340271,0.23918581008911133
p035__s04,p035,s04,alpha_100,1.0,0.5074124336242676,0.2882581949234009
p035__s05,p035,s05,alpha_100,1.0,0.5924318432807922,0.2822847366333008
p035__s06,p035,s06,alpha_100,1.0,0.5973910093307495,0.4394151568412781
p035__s07,p035,s07,alpha_100,1.0,0.5129036903381348,0.14433902502059937
p035__s08,p035,s08,alpha_100,1.0,0.5248034596443176,0.22387051582336426
p035__s09,p035,s09,alpha_100,1.0,0.6341010332107544,0.29424750804901123
p036__s00,p036,s00,alpha_100,1.0,0.30370259284973145,0.06461874395608902
p036__s01,p036,s01,alpha_100,1.0,0.6125380992889404,0.5675956606864929
p036__s02,p036,s02,alpha_100,1.0,0.43689727783203125,0.17368532717227936
p036__s03,p036,s03,alpha_100,1.0,0.43837398290634155,0.20233425498008728
p036__s04,p036,s04,alpha_100,1.0,0.4097508192062378,0.24793700873851776
p036__s05,p036,s05,alpha_100,1.0,0.5001288652420044,0.3022857904434204
p036__s06,p036,s06,alpha_100,1.0,0.5579342246055603,0.43144699931144714
p036__s07,p036,s07,alpha_100,1.0,0.3695511817932129,0.09779816120862961
p036__s08,p036,s08,alpha_100,1.0,0.46706047654151917,0.18530353903770447
p036__s09,p036,s09,alpha_100,1.0,0.5489644408226013,0.40074944496154785
p037__s00,p037,s00,alpha_100,1.0,0.3984152674674988,0.21030236780643463
p037__s01,p037,s01,alpha_100,1.0,0.7289720773696899,0.6382936239242554
p037__s02,p037,s02,alpha_100,1.0,0.5506944060325623,0.37427836656570435
p037__s03,p037,s03,alpha_100,1.0,0.5775485634803772,0.2940867245197296
p037__s04,p037,s04,alpha_100,1.0,0.4662548899650574,0.27510493993759155
p037__s05,p037,s05,alpha_100,1.0,0.5634549260139465,0.34844639897346497
p037__s06,p037,s06,alpha_100,1.0,0.6677795052528381,0.568062424659729
p037__s07,p037,s07,alpha_100,1.0,0.4408612847328186,0.3067828416824341
p037__s08,p037,s08,alpha_100,1.0,0.5684988498687744,0.37853169441223145
p037__s09,p037,s09,alpha_100,1.0,0.5705986022949219,0.5384182929992676
p038__s00,p038,s00,alpha_100,1.0,0.5312038660049438,0.13015800714492798
p038__s01,p038,s01,alpha_100,1.0,0.29121002554893494,0.5429712533950806
p038__s02,p038,s02,alpha_100,1.0,0.48921293020248413,0.3180883526802063
p038__s03,p038,s03,alpha_100,1.0,0.569976806640625,0.2757984697818756
p038__s04,p038,s04,alpha_100,1.0,0.5939157605171204,0.2329152226448059
p038__s05,p038,s05,alpha_100,1.0,0.5352804660797119,0.33838027715682983
p038__s06,p038,s06,alpha_100,1.0,0.45370665192604065,0.5304891467094421
p038__s07,p038,s07,alpha_100,1.0,0.5079399347305298,0.20409801602363586
p038__s08,p038,s08,alpha_100,1.0,0.43853533267974854,0.2591036558151245
p038__s09,p038,s09,alpha_100,1.0,0.5668757557868958,0.38273704051971436
p039__s00,p039,s00,alpha_100,1.0,0.5085572600364685,0.05209647864103317
p039__s01,p039,s01,alpha_100,1.0,0.6356614232063293,0.4706966280937195
p039__s02,p039,s02,alpha_100,1.0,0.5956013202667236,0.15618957579135895
p039__s03,p039,s03,alpha_100,1.0,0.6290563941001892,0.20003274083137512
p039__s04,p039,s04,alpha_100,1.0,0.654751181602478,0.4015663266181946
p039__s05,p039,s05,alpha_100,1.0,0.530000627040863,0.1474667191505432
p039__s06,p039,s06,alpha_100,1.0,0.659301221370697,0.46560531854629517
p039__s07,p039,s07,alpha_100,1.0,0.49357014894485474,0.155878484249115
p039__s08,p039,s08,alpha_100,1.0,0.4924101233482361,0.1930844932794571
p039__s09,p039,s09,alpha_100,1.0,0.5128769874572754,0.3767904043197632
p040__s00,p040,s00,alpha_100,1.0,0.40638166666030884,0.20043516159057617
p040__s01,p040,s01,alpha_100,1.0,0.4246060252189636,0.6297348737716675
p040__s02,p040,s02,alpha_100,1.0,0.4189971089363098,0.3527543246746063
p040__s03,p040,s03,alpha_100,1.0,0.4552299380302429,0.28241610527038574
p040__s04,p040,s04,alpha_100,1.0,0.458198219537735,0.3400995135307312
p040__s05,p040,s05,alpha_100,1.0,0.44704926013946533,0.3171784281730652
p040__s06,p040,s06,alpha_100,1.0,0.4782683849334717,0.5646803975105286
p040__s07,p040,s07,alpha_100,1.0,0.3947451710700989,0.2495860755443573
p040__s08,p040,s08,alpha_100,1.0,0.38394492864608765,0.43095993995666504
p040__s09,p040,s09,alpha_100,1.0,0.49998894333839417,0.5609509944915771
p041__s00,p041,s00,alpha_100,1.0,0.5595992207527161,0.18855376541614532
p041__s01,p041,s01,alpha_100,1.0,0.7557722926139832,0.44088882207870483
p041__s02,p041,s02,alpha_100,1.0,0.6580681204795837,0.17546340823173523
p041__s03,p041,s03,alpha_100,1.0,0.6421709656715393,0.13326598703861237
p041__s04,p041,s04,alpha_100,1.0,0.5693366527557373,0.18669980764389038
p041__s05,p041,s05,alpha_100,1.0,0.6972106695175171,0.20526501536369324
p041__s06,p041,s06,alpha_100,1.0,0.7277840375900269,0.2294977903366089
p041__s07,p041,s07,alpha_100,1.0,0.5596408247947693,0.30634766817092896
p041__s08,p041,s08,alpha_100,1.0,0.7189608812332153,0.18378999829292297
p041__s09,p041,s09,alpha_100,1.0,0.6850088238716125,0.3741071820259094
p042__s00,p042,s00,alpha_100,1.0,0.42766809463500977,0.13957563042640686
p042__s01,p042,s01,alpha_100,1.0,0.6421428918838501,0.6098047494888306
p042__s02,p042,s02,alpha_100,1.0,0.520724356174469,0.3537580966949463
p042__s03,p042,s03,alpha_100,1.0,0.5048679709434509,0.2478177845478058
p042__s04,p042,s04,alpha_100,1.0,0.4779946804046631,0.14248093962669373
p042__s05,p042,s05,alpha_100,1.0,0.5893049836158752,0.318389356136322
p042__s06,p042,s06,alpha_100,1.0,0.6282585859298706,0.5712155699729919
p042__s07,p042,s07,alpha_100,1.0,0.43751806020736694,0.1915273368358612
p042__s08,p042,s08,alpha_100,1.0,0.5696587562561035,0.2264474332332611
p042__s09,p042,s09,alpha_100,1.0,0.6049037575721741,0.38618189096450806
p043__s00,p043,s00,alpha_100,1.0,0.44824981689453125,0.04801472648978233
p043__s01,p043,s01,alpha_100,1.0,0.6948885917663574,0.5172843933105469
p043__s02,p043,s02,alpha_100,1.0,0.5802592039108276,0.20127561688423157
p043__s03,p043,s03,alpha_100,1.0,0.5135059952735901,0.24356156587600708
p043__s04,p043,s04,alpha_100,1.0,0.5109597444534302,0.19102147221565247
p043__s05,p043,s05,alpha_100,1.0,0.5907530784606934,0.19383487105369568
p043__s06,p043,s06,alpha_100,1.0,0.6677865982055664,0.44409188628196716
p043__s07,p043,s07,alpha_100,1.0,0.4680756628513336,0.14007112383842468
p043__s08,p043,s08,alpha_100,1.0,0.5927450060844421,0.25016823410987854
p043__s09,p043,s09,alpha_100,1.0,0.6050134301185608,0.3182374835014343
p044__s00,p044,s00,alpha_100,1.0,0.5695326328277588,0.09667567908763885
p044__s01,p044,s01,alpha_100,1.0,0.3065516948699951,0.5036736726760864
p044__s02,p044,s02,alpha_100,1.0,0.5370691418647766,0.2913641035556793
p044__s03,p044,s03,alpha_100,1.0,0.565863847732544,0.24237141013145447
p044__s04,p044,s04,alpha_100,1.0,0.5337453484535217,0.17190557718276978
p044__s05,p044,s05,alpha_100,1.0,0.6093013286590576,0.25145861506462097
p044__s06,p044,s06,alpha_100,1.0,0.5252004265785217,0.5762424468994141
p044__s07,p044,s07,alpha_100,1.0,0.5623252391815186,0.20149555802345276
p044__s08,p044,s08,alpha_100,1.0,0.519050121307373,0.31199637055397034
p044__s09,p044,s09,alpha_100,1.0,0.6261864900588989,0.4348289966583252
p045__s00,p045,s00,alpha_100,1.0,0.3682944178581238,0.26351624727249146
p045__s01,p045,s01,alpha_100,1.0,0.6883978843688965,0.543951153755188
p045__s02,p045,s02,alpha_100,1.0,0.5173082947731018,0.2752459645271301
p045__s03,p045,s03,alpha_100,1.0,0.5169322490692139,0.2055995911359787
p045__s04,p045,s04,alpha_100,1.0,0.5769457221031189,0.31104737520217896
p045__s05,p045,s05,alpha_100,1.0,0.47358059883117676,0.361896276473999
p045__s06,p045,s06,alpha_100,1.0,0.6383422613143921,0.3908664584159851
p045__s07,p045,s07,alpha_100,1.0,0.38575050234794617,0.2752474844455719
p045__s08,p045,s08,alpha_100,1.0,0.4953572452068329,0.26022404432296753
p045__s09,p045,s09,alpha_100,1.0,0.5103327035903931,0.5441203713417053
p046__s00,p046,s00,alpha_100,1.0,0.4782576858997345,0.08843281120061874
p046__s01,p046,s01,alpha_100,1.0,0.6726981401443481,0.526823878288269
p046__s02,p046,s02,alpha_100,1.0,0.5820320844650269,0.28897473216056824
p046__s03,p046,s03,alpha_100,1.0,0.6506223678588867,0.24628764390945435
p046__s04,p046,s04,alpha_100,1.0,0.6734805107116699,0.23756290972232819
p046__s05,p046,s05,alpha_100,1.0,0.47446107864379883,0.23077496886253357
p046__s06,p046,s06,alpha_100,1.0,0.6654122471809387,0.5477569103240967
p046__s07,p046,s07,alpha_100,1.0,0.48088252544403076,0.17505112290382385
p046__s08,p046,s08,alpha_100,1.0,0.49569159746170044,0.16464918851852417
p046__s09,p046,s09,alpha_100,1.0,0.422065794467926,0.3103395700454712
p047__s00,p047,s00,alpha_100,1.0,0.6393778324127197,0.2219773530960083
p047__s01,p047,s01,alpha_100,1.0,0.1833239197731018,0.6637551784515381
p047__s02,p047,s02,alpha_100,1.0,0.5949832201004028,0.4261614680290222
p047__s03,p047,s03,alpha_100,1.0,0.6287720203399658,0.28096431493759155
p047__s04,p047,s04,alpha_100,1.0,0.6221157908439636,0.27817022800445557
p047__s05,p047,s05,alpha_100,1.0,0.6409527659416199,0.4486117362976074
p047__s06,p047,s06,alpha_100,1.0,0.5644515752792358,0.4613279700279236
p047__s07,p047,s07,alpha_100,1.0,0.5771670937538147,0.29938066005706787
p047__s08,p047,s08,alpha_100,1.0,0.5490091443061829,0.3079856336116791
p047__s09,p047,s09,alpha_100,1.0,0.6752872467041016,0.45944806933403015
p048__s00,p048,s00,alpha_100,1.0,0.5637375116348267,0.25822004675865173
p048__s01,p048,s01,alpha_100,1.0,0.8631315231323242,0.5198030471801758
p048__s02,p048,s02,alpha_100,1.0,0.7076951861381531,0.3293641209602356
p048__s03,p048,s03,alpha_100,1.0,0.7505888342857361,0.29448848962783813
p048__s04,p048,s04,alpha_100,1.0,0.7178620100021362,0.20825210213661194
p048__s05,p048,s05,alpha_100,1.0,0.6742314100265503,0.40600255131721497
p048__s06,p048,s06,alpha_100,1.0,0.8742086887359619,0.44514551758766174
p048__s07,p048,s07,alpha_100,1.0,0.5826624631881714,0.24179989099502563
p048__s08,p048,s08,alpha_100,1.0,0.7502687573432922,0.182706817984581
p048__s09,p048,s09,alpha_100,1.0,0.6709924936294556,0.4402422606945038
p049__s00,p049,s00,alpha_100,1.0,0.4768936336040497,0.12495910376310349
p049__s01,p049,s01,alpha_100,1.0,0.6007186770439148,0.36936506628990173
p049__s02,p049,s02,alpha_100,1.0,0.5400446653366089,0.27592650055885315
p049__s03,p049,s03,alpha_100,1.0,0.5335218906402588,0.23228219151496887
p049__s04,p049,s04,alpha_100,1.0,0.4332411587238312,0.21308311820030212
p049__s05,p049,s05,alpha_100,1.0,0.6120888590812683,0.2517740726470947
p049__s06,p049,s06,alpha_100,1.0,0.572715163230896,0.47710052132606506
p049__s07,p049,s07,alpha_100,1.0,0.5101288557052612,0.20446926355361938
p049__s08,p049,s08,alpha_100,1.0,0.5701169371604919,0.2399863302707672
p049__s09,p049,s09,alpha_100,1.0,0.6016180515289307,0.3342147469520569
p050__s00,p050,s00,alpha_100,1.0,0.5459340214729309,0.09223511070013046
p050__s01,p050,s01,alpha_100,1.0,0.5034654140472412,0.4078948497772217
p050__s02,p050,s02,alpha_100,1.0,0.613753080368042,0.16947948932647705
p050__s03,p050,s03,alpha_100,1.0,0.6358935236930847,0.16594554483890533
p050__s04,p050,s04,alpha_100,1.0,0.5829586982727051,0.27232494950294495
p050__s05,p050,s05,alpha_100,1.0,0.5431229472160339,0.18247640132904053
p050__s06,p050,s06,alpha_100,1.0,0.5676091909408569,0.4466162323951721
p050__s07,p050,s07,alpha_100,1.0,0.5197775959968567,0.06020255386829376
p050__s08,p050,s08,alpha_100,1.0,0.512859046459198,0.2695401906967163
p050__s09,p050,s09,alpha_100,1.0,0.5430406332015991,0.38007527589797974
p051__s00,p051,s00,alpha_100,1.0,0.5155669450759888,0.22283828258514404
p051__s01,p051,s01,alpha_100,1.0,0.7254049777984619,0.48571962118148804
p051__s02,p051,s02,alpha_100,1.0,0.5578219890594482,0.33371883630752563
p051__s03,p051,s03,alpha_100,1.0,0.5535652041435242,0.3186483383178711
p051__s04,p051,s04,alpha_100,1.0,0.4621941149234772,0.13822396099567413
p051__s05,p051,s05,alpha_100,1.0,0.5857558250427246,0.4236735701560974
p051__s06,p051,s06,alpha_100,1.0,0.6497294902801514,0.5436657071113586
p051__s07,p051,s07,alpha_100,1.0,0.525269091129303,0.22503243386745453
p051__s08,p051,s08,alpha_100,1.0,0.6212016344070435,0.23897086083889008
p051__s09,p051,s09,alpha_100,1.0,0.6480212211608887,0.3968557119369507
p052__s00,p052,s00,alpha_100,1.0,0.47550344467163086,0.14065082371234894
p052__s01,p052,s01,alpha_100,1.0,0.7488625049591064,0.5271165370941162
p052__s02,p052,s02,alpha_100,1.0,0.6069254279136658,0.2907906770706177
p052__s03,p052,s03,alpha_100,1.0,0.5322725176811218,0.2941519618034363
p052__s04,p052,s04,alpha_100,1.0,0.5186434984207153,0.2240053415298462
p052__s05,p052,s05,alpha_100,1.0,0.642155647277832,0.34618550539016724
p052__s06,p052,s06,alpha_100,1.0,0.714486837387085,0.4679110050201416
p052__s07,p052,s07,alpha_100,1.0,0.4826350808143616,0.13559892773628235
p052__s08,p052,s08,alpha_100,1.0,0.6425590515136719,0.29266276955604553
p052__s09,p052,s09,alpha_100,1.0,0.6862284541130066,0.4935532212257385
p053__s00,p053,s00,alpha_100,1.0,0.4784265458583832,0.1671697348356247
p053__s01,p053,s01,alpha_100,1.0,0.7911057472229004,0.5541900396347046
p053__s02,p053,s02,alpha_100,1.0,0.6387399435043335,0.18929658830165863
p053__s03,p053,s03,alpha_100,1.0,0.6717836856842041,0.1905236840248108
p053__s04,p053,s04,alpha_100,1.0,0.6243577003479004,0.2357574999332428
p053__s05,p053,s05,alpha_100,1.0,0.6189145445823669,0.33392953872680664
p053__s06,p053,s06,alpha_100,1.0,0.7686125040054321,0.4001148045063019
p053__s07,p053,s07,alpha_100,1.0,0.5071871876716614,0.20799091458320618
p053__s08,p053,s08,alpha_100,1.0,0.6666140556335449,0.21821433305740356
p053__s09,p053,s09,alpha_100,1.0,0.5948097705841064,0.516596794128418
p054__s00,p054,s00,alpha_100,1.0,0.49995821714401245,0.11808018386363983
p054__s01,p054,s01,alpha_100,1.0,0.6817215085029602,0.37294793128967285
p054__s02,p054,s02,alpha_100,1.0,0.6497983932495117,0.1719486117362976
p054__s03,p054,s03,alpha_100,1.0,0.592003583908081,0.17154549062252045
p054__s04,p054,s04,alpha_100,1.0,0.5135477781295776,0.09447144716978073
p054__s05,p054,s05,alpha_100,1.0,0.6872353553771973,0.26825273036956787
p054__s06,p054,s06,alpha_100,1.0,0.7349694967269897,0.243480384349823
p054__s07,p054,s07,alpha_100,1.0,0.5289372801780701,0.12716110050678253
p054__s08,p054,s08,alpha_100,1.0,0.7219997644424438,0.2496923804283142
p054__s09,p054,s09,alpha_100,1.0,0.6934370398521423,0.38900554180145264
p055__s00,p055,s00,alpha_100,1.0,0.4833149313926697,0.13517507910728455
p055__s01,p055,s01,alpha_100,1.0,0.6410946846008301,0.4695824384689331
p055__s02,p055,s02,alpha_100,1.0,0.5862306952476501,0.18647320568561554
p055__s03,p055,s03,alpha_100,1.0,0.5681753158569336,0.21935230493545532
p055__s04,p055,s04,alpha_100,1.0,0.5341246128082275,0.17324298620224
p055__s05,p055,s05,alpha_100,1.0,0.594774067401886,0.2650652527809143
p055__s06,p055,s06,alpha_100,1.0,0.6621877551078796,0.3332512676715851
p055__s07,p055,s07,alpha_100,1.0,0.4974038004875183,0.20599521696567535
p055__s08,p055,s08,alpha_100,1.0,0.5973289608955383,0.20995718240737915
p055__s09,p055,s09,alpha_100,1.0,0.5936232805252075,0.34854036569595337
p056__s00,p056,s00,alpha_100,1.0,0.5523879528045654,0.20852231979370117
p056__s01,p056,s01,alpha_100,1.0,0.9080933928489685,0.4606971740722656
p056__s02,p056,s02,alpha_100,1.0,0.7047405242919922,0.21681302785873413
p056__s03,p056,s03,alpha_100,1.0,0.7087475061416626,0.20704373717308044
p056__s04,p056,s04,alpha_100,1.0,0.6659084558486938,0.46766194701194763
p056__s05,p056,s05,alpha_100,1.0,0.7382818460464478,0.2688094973564148
p056__s06,p056,s06,alpha_100,1.0,0.8357566595077515,0.43724459409713745
p056__s07,p056,s07,alpha_100,1.0,0.5991840362548828,0.1462477445602417
p056__s08,p056,s08,alpha_100,1.0,0.7741785645484924,0.26275521516799927
p056__s09,p056,s09,alpha_100,1.0,0.7453018426895142,0.49181801080703735
p057__s00,p057,s00,alpha_100,1.0,0.4411892294883728,0.21348044276237488
p057__s01,p057,s01,alpha_100,1.0,0.8237562775611877,0.5088426470756531
p057__s02,p057,s02,alpha_100,1.0,0.6180284023284912,0.33831456303596497
p057__s03,p057,s03,alpha_100,1.0,0.6760083436965942,0.21740444004535675
p057__s04,p057,s04,alpha_100,1.0,0.6529141068458557,0.14592275023460388
p057__s05,p057,s05,alpha_100,1.0,0.5409215092658997,0.38526850938796997
p057__s06,p057,s06,alpha_100,1.0,0.7830593585968018,0.4705350697040558
p057__s07,p057,s07,alpha_100,1.0,0.46902987360954285,0.2232365608215332
p057__s08,p057,s08,alpha_100,1.0,0.6449323296546936,0.25942155718803406
p057__s09,p057,s09,alpha_100,1.0,0.550243616104126,0.4377226233482361
p058__s00,p058,s00,alpha_100,1.0,0.372691810131073,0.07899333536624908
p058__s01,p058,s01,alpha_100,1.0,0.6638849973678589,0.403805136680603
p058__s02,p058,s02,alpha_100,1.0,0.50787353515625,0.24840399622917175
p058__s03,p058,s03,alpha_100,1.0,0.46496161818504333,0.18433305621147156
p058__s04,p058,s04,alpha_100,1.0,0.4164106249809265,0.28320279717445374
p058__s05,p058,s05,alpha_100,1.0,0.5577791929244995,0.165680930018425
p058__s06,p058,s06,alpha_100,1.0,0.6233079433441162,0.46575242280960083
p058__s07,p058,s07,alpha_100,1.0,0.4131791293621063,0.13341884315013885
p058__s08,p058,s08,alpha_100,1.0,0.514506459236145,0.2841029167175293
p058__s09,p058,s09,alpha_100,1.0,0.5925399661064148,0.2936181426048279
p059__s00,p059,s00,alpha_100,1.0,0.3105827569961548,0.3138410449028015
p059__s01,p059,s01,alpha_100,1.0,0.6538559198379517,0.6292482614517212
p059__s02,p059,s02,alpha_100,1.0,0.41724467277526855,0.35179397463798523
p059__s03,p059,s03,alpha_100,1.0,0.43381205201148987,0.2636195123195648
p059__s04,p059,s04,alpha_100,1.0,0.4474649727344513,0.22155223786830902
p059__s05,p059,s05,alpha_100,1.0,0.4461009204387665,0.35016578435897827
p059__s06,p059,s06,alpha_100,1.0,0.5669463872909546,0.4671952724456787
p059__s07,p059,s07,alpha_100,1.0,0.3755751848220825,0.18438363075256348
p059__s08,p059,s08,alpha_100,1.0,0.47515276074409485,0.26417678594589233
p059__s09,p059,s09,alpha_100,1.0,0.4548501670360565,0.5892719030380249
